Date,Avg_rainfall,Full_reservoir_level,Live_capacity_FRL,Storage,Level
2023-01-01,0.0,0.0,0.0,0.5469481857856973,0.6390109890109876
2023-01-01,0.0,0.0,0.0,0.5469481857856973,0.6390109890109876
2023-01-01,0.0,0.0,0.0,0.5469481857856973,0.6390109890109876
2023-01-01,0.0,0.0,0.0,0.5469481857856973,0.6390109890109876
2023-01-01,0.0,0.0,0.0,0.5469481857856973,0.6390109890109876
2023-01-01,0.0,0.0,0.0,0.5469481857856973,0.6390109890109876
2023-01-01,0.0,0.0,0.0,0.5469481857856973,0.6390109890109876
2023-01-01,0.0,0.0,0.0,0.5469481857856973,0.6390109890109876
2023-01-01,0.0,0.0,0.0,0.5469481857856973,0.6390109890109876
2023-01-01,0.0,0.0,0.0,0.5469481857856973,0.6390109890109876
2023-01-02,0.0,0.0,0.0,0.5436532464083517,0.635989010989011
2023-01-02,0.0,0.0,0.0,0.5436532464083517,0.635989010989011
2023-01-02,0.0,0.0,0.0,0.5436532464083517,0.635989010989011
2023-01-02,0.0,0.0,0.0,0.5436532464083517,0.635989010989011
2023-01-02,0.0,0.0,0.0,0.5436532464083517,0.635989010989011
2023-01-02,0.0,0.0,0.0,0.5436532464083517,0.635989010989011
2023-01-02,0.0,0.0,0.0,0.5436532464083517,0.635989010989011
2023-01-02,0.0,0.0,0.0,0.5436532464083517,0.635989010989011
2023-01-02,0.0,0.0,0.0,0.5436532464083517,0.635989010989011
2023-01-02,0.0,0.0,0.0,0.5436532464083517,0.635989010989011
2023-01-03,0.0,0.0,0.0,0.5401749937132934,0.6329670329670325
2023-01-03,0.0,0.0,0.0,0.5401749937132934,0.6329670329670325
2023-01-03,0.0,0.0,0.0,0.5401749937132934,0.6329670329670325
2023-01-03,0.0,0.0,0.0,0.5401749937132934,0.6329670329670325
2023-01-03,0.0,0.0,0.0,0.5401749937132934,0.6329670329670325
2023-01-03,0.0,0.0,0.0,0.5401749937132934,0.6329670329670325
2023-01-03,0.0,0.0,0.0,0.5401749937132934,0.6329670329670325
2023-01-03,0.0,0.0,0.0,0.5401749937132934,0.6329670329670325
2023-01-03,0.0,0.0,0.0,0.5401749937132934,0.6329670329670325
2023-01-03,0.0,0.0,0.0,0.5401749937132934,0.6329670329670325
2023-01-04,0.0,0.0,0.0,0.5369717109948038,0.629945054945054
2023-01-04,0.0,0.0,0.0,0.5369717109948038,0.629945054945054
2023-01-04,0.0,0.0,0.0,0.5369717109948038,0.629945054945054
2023-01-04,0.0,0.0,0.0,0.5369717109948038,0.629945054945054
2023-01-04,0.0,0.0,0.0,0.5369717109948038,0.629945054945054
2023-01-04,0.0,0.0,0.0,0.5369717109948038,0.629945054945054
2023-01-04,0.0,0.0,0.0,0.5369717109948038,0.629945054945054
2023-01-04,0.0,0.0,0.0,0.5369717109948038,0.629945054945054
2023-01-04,0.0,0.0,0.0,0.5369717109948038,0.629945054945054
2023-01-04,0.0,0.0,0.0,0.5369717109948038,0.629945054945054
2023-01-05,0.0,0.0,0.0,0.5338577347644307,0.6271978021978022
2023-01-05,0.0,0.0,0.0,0.5338577347644307,0.6271978021978022
2023-01-05,0.0,0.0,0.0,0.5338577347644307,0.6271978021978022
2023-01-05,0.0,0.0,0.0,0.5338577347644307,0.6271978021978022
2023-01-05,0.0,0.0,0.0,0.5338577347644307,0.6271978021978022
2023-01-05,0.0,0.0,0.0,0.5338577347644307,0.6271978021978022
2023-01-05,0.0,0.0,0.0,0.5338577347644307,0.6271978021978022
2023-01-05,0.0,0.0,0.0,0.5338577347644307,0.6271978021978022
2023-01-05,0.0,0.0,0.0,0.5338577347644307,0.6271978021978022
2023-01-05,0.0,0.0,0.0,0.5338577347644307,0.6271978021978022
2023-01-06,0.0,0.0,0.0,0.5305627953870848,0.6241758241758237
2023-01-06,0.0,0.0,0.0,0.5305627953870848,0.6241758241758237
2023-01-06,0.0,0.0,0.0,0.5305627953870848,0.6241758241758237
2023-01-06,0.0,0.0,0.0,0.5305627953870848,0.6241758241758237
2023-01-06,0.0,0.0,0.0,0.5305627953870848,0.6241758241758237
2023-01-06,0.0,0.0,0.0,0.5305627953870848,0.6241758241758237
2023-01-06,0.0,0.0,0.0,0.5305627953870848,0.6241758241758237
2023-01-06,0.0,0.0,0.0,0.5305627953870848,0.6241758241758237
2023-01-06,0.0,0.0,0.0,0.5305627953870848,0.6241758241758237
2023-01-06,0.0,0.0,0.0,0.5305627953870848,0.6241758241758237
2023-01-07,0.0,0.0,0.0,0.5271761993508828,0.6208791208791204
2023-01-07,0.0,0.0,0.0,0.5271761993508828,0.6208791208791204
2023-01-07,0.0,0.0,0.0,0.5271761993508828,0.6208791208791204
2023-01-07,0.0,0.0,0.0,0.5271761993508828,0.6208791208791204
2023-01-07,0.0,0.0,0.0,0.5271761993508828,0.6208791208791204
2023-01-07,0.0,0.0,0.0,0.5271761993508828,0.6208791208791204
2023-01-07,0.0,0.0,0.0,0.5271761993508828,0.6208791208791204
2023-01-07,0.0,0.0,0.0,0.5271761993508828,0.6208791208791204
2023-01-07,0.0,0.0,0.0,0.5271761993508828,0.6208791208791204
2023-01-07,0.0,0.0,0.0,0.5271761993508828,0.6208791208791204
2023-01-08,0.003112361889761126,0.0,0.0,0.5239729166323934,0.6181318681318686
2023-01-08,0.0021247285977668024,0.0,0.0,0.5239729166323934,0.6181318681318686
2023-01-08,0.00018641437429597297,0.0,0.0,0.5239729166323934,0.6181318681318686
2023-01-08,0.0,0.0,0.0,0.5239729166323934,0.6181318681318686
2023-01-08,0.0,0.0,0.0,0.5239729166323934,0.6181318681318686
2023-01-08,0.0,0.0,0.0,0.5239729166323934,0.6181318681318686
2023-01-08,0.0006326222772647916,0.0,0.0,0.5239729166323934,0.6181318681318686
2023-01-08,0.0,0.0,0.0,0.5239729166323934,0.6181318681318686
2023-01-08,0.0,0.0,0.0,0.5239729166323934,0.6181318681318686
2023-01-08,0.0029316309005380224,0.0,0.0,0.5239729166323934,0.6181318681318686
2023-01-09,0.001933482619405841,0.0,0.0,0.5203113506196226,0.6148351648351635
2023-01-09,0.002775470326802257,0.0,0.0,0.5203113506196226,0.6148351648351635
2023-01-09,0.0,0.0,0.0,0.5203113506196226,0.6148351648351635
2023-01-09,0.0,0.0,0.0,0.5203113506196226,0.6148351648351635
2023-01-09,0.0,0.0,0.0,0.5203113506196226,0.6148351648351635
2023-01-09,0.0,0.0,0.0,0.5203113506196226,0.6148351648351635
2023-01-09,0.0,0.0,0.0,0.5203113506196226,0.6148351648351635
2023-01-09,0.0024852736168602665,0.0,0.0,0.5203113506196226,0.6148351648351635
2023-01-09,0.0005592431222101356,0.0,0.0,0.5203113506196226,0.6148351648351635
2023-01-09,0.00554757704257746,0.0,0.0,0.5203113506196226,0.6148351648351635
2023-01-10,0.0,0.0,0.0,0.5167414412657079,0.6115384615384603
2023-01-10,0.0,0.0,0.0,0.5167414412657079,0.6115384615384603
2023-01-10,0.0,0.0,0.0,0.5167414412657079,0.6115384615384603
2023-01-10,0.0,0.0,0.0,0.5167414412657079,0.6115384615384603
2023-01-10,0.0,0.0,0.0,0.5167414412657079,0.6115384615384603
2023-01-10,0.0,0.0,0.0,0.5167414412657079,0.6115384615384603
2023-01-10,0.0,0.0,0.0,0.5167414412657079,0.6115384615384603
2023-01-10,0.0,0.0,0.0,0.5167414412657079,0.6115384615384603
2023-01-10,0.0,0.0,0.0,0.5167414412657079,0.6115384615384603
2023-01-10,0.0,0.0,0.0,0.5167414412657079,0.6115384615384603
2023-01-11,0.0039035661978784122,0.0,0.0,0.5134465018883623,0.6085164835164836
2023-01-11,0.0014164966229170517,0.0,0.0,0.5134465018883623,0.6085164835164836
2023-01-11,0.000572594728304841,0.0,0.0,0.5134465018883623,0.6085164835164836
2023-01-11,0.004523292761626348,0.0,0.0,0.5134465018883623,0.6085164835164836
2023-01-11,0.0,0.0,0.0,0.5134465018883623,0.6085164835164836
2023-01-11,0.0,0.0,0.0,0.5134465018883623,0.6085164835164836
2023-01-11,0.004560462417408794,0.0,0.0,0.5134465018883623,0.6085164835164836
2023-01-11,0.00018641437429597297,0.0,0.0,0.5134465018883623,0.6085164835164836
2023-01-11,0.0,0.0,0.0,0.5134465018883623,0.6085164835164836
2023-01-11,5.925994862708235e-05,0.0,0.0,0.5134465018883623,0.6085164835164836
2023-01-12,0.037302041389783595,0.0,0.0,0.5107908089522704,0.6060439560439566
2023-01-12,0.0040381947776129915,0.0,0.0,0.5107908089522704,0.6060439560439566
2023-01-12,0.01870256934293494,0.0,0.0,0.5107908089522704,0.6060439560439566
2023-01-12,0.016813879539272054,0.0,0.0,0.5107908089522704,0.6060439560439566
2023-01-12,0.03617318864836061,0.0,0.0,0.5107908089522704,0.6060439560439566
2023-01-12,0.0021906893667585086,0.0,0.0,0.5107908089522704,0.6060439560439566
2023-01-12,0.041780603508721086,0.0,0.0,0.5107908089522704,0.6060439560439566
2023-01-12,0.023289439662387387,0.0,0.0,0.5107908089522704,0.6060439560439566
2023-01-12,0.0012081591723506204,0.0,0.0,0.5107908089522704,0.6060439560439566
2023-01-12,0.01138075131280433,0.0,0.0,0.5107908089522704,0.6060439560439566
2023-01-13,0.012018109910014507,0.0,0.0,0.5074958695749245,0.6030219780219781
2023-01-13,0.025200749110295132,0.0,0.0,0.5074958695749245,0.6030219780219781
2023-01-13,0.024368029875507905,0.0,0.0,0.5074958695749245,0.6030219780219781
2023-01-13,0.010891206389743797,0.0,0.0,0.5074958695749245,0.6030219780219781
2023-01-13,0.007164446246271508,0.0,0.0,0.5074958695749245,0.6030219780219781
2023-01-13,0.030058018397050232,0.0,0.0,0.5074958695749245,0.6030219780219781
2023-01-13,0.015455991507859103,0.0,0.0,0.5074958695749245,0.6030219780219781
2023-01-13,0.01871241741033612,0.0,0.0,0.5074958695749245,0.6030219780219781
2023-01-13,0.027628052961918243,0.0,0.0,0.5074958695749245,0.6030219780219781
2023-01-13,0.023832597449037655,0.0,0.0,0.5074958695749245,0.6030219780219781
2023-01-14,0.10186332908861179,0.0,0.0,0.5042925868564352,0.6000000000000014
2023-01-14,0.0189365847752143,0.0,0.0,0.5042925868564352,0.6000000000000014
2023-01-14,0.015169705052627491,0.0,0.0,0.5042925868564352,0.6000000000000014
2023-01-14,0.054490893930919305,0.0,0.0,0.5042925868564352,0.6000000000000014
2023-01-14,0.06580691137756998,0.0,0.0,0.5042925868564352,0.6000000000000014
2023-01-14,0.08094473066389561,0.0,0.0,0.5042925868564352,0.6000000000000014
2023-01-14,0.04156053190578524,0.0,0.0,0.5042925868564352,0.6000000000000014
2023-01-14,0.05931907233653921,0.0,0.0,0.5042925868564352,0.6000000000000014
2023-01-14,0.08369714649362166,0.0,0.0,0.5042925868564352,0.6000000000000014
2023-01-14,0.08265970954679329,0.0,0.0,0.5042925868564352,0.6000000000000014
2023-01-15,0.0,0.0,0.0,0.5010893041379456,0.5972527472527478
2023-01-15,0.0,0.0,0.0,0.5010893041379456,0.5972527472527478
2023-01-15,6.822531387243879e-05,0.0,0.0,0.5010893041379456,0.5972527472527478
2023-01-15,7.396817984448496e-05,0.0,0.0,0.5010893041379456,0.5972527472527478
2023-01-15,0.00021126710140261404,0.0,0.0,0.5010893041379456,0.5972527472527478
2023-01-15,0.0,0.0,0.0,0.5010893041379456,0.5972527472527478
2023-01-15,0.0005490114749220637,0.0,0.0,0.5010893041379456,0.5972527472527478
2023-01-15,0.0002240238605496937,0.0,0.0,0.5010893041379456,0.5972527472527478
2023-01-15,0.00012050412387602265,0.0,0.0,0.5010893041379456,0.5972527472527478
2023-01-15,5.1506595322603725e-05,0.0,0.0,0.5010893041379456,0.5972527472527478
2023-01-16,0.0,0.0,0.0,0.4978860214194561,0.5942307692307693
2023-01-16,0.0,0.0,0.0,0.4978860214194561,0.5942307692307693
2023-01-16,0.0,0.0,0.0,0.4978860214194561,0.5942307692307693
2023-01-16,0.0,0.0,0.0,0.4978860214194561,0.5942307692307693
2023-01-16,0.0,0.0,0.0,0.4978860214194561,0.5942307692307693
2023-01-16,0.0,0.0,0.0,0.4978860214194561,0.5942307692307693
2023-01-16,0.0,0.0,0.0,0.4978860214194561,0.5942307692307693
2023-01-16,0.0,0.0,0.0,0.4978860214194561,0.5942307692307693
2023-01-16,0.0,0.0,0.0,0.4978860214194561,0.5942307692307693
2023-01-16,0.0,0.0,0.0,0.4978860214194561,0.5942307692307693
2023-01-17,0.0,0.0,0.0,0.4945910820421103,0.5912087912087909
2023-01-17,0.0,0.0,0.0,0.4945910820421103,0.5912087912087909
2023-01-17,0.0,0.0,0.0,0.4945910820421103,0.5912087912087909
2023-01-17,0.0,0.0,0.0,0.4945910820421103,0.5912087912087909
2023-01-17,0.0,0.0,0.0,0.4945910820421103,0.5912087912087909
2023-01-17,0.0,0.0,0.0,0.4945910820421103,0.5912087912087909
2023-01-17,0.0,0.0,0.0,0.4945910820421103,0.5912087912087909
2023-01-17,0.0,0.0,0.0,0.4945910820421103,0.5912087912087909
2023-01-17,0.0,0.0,0.0,0.4945910820421103,0.5912087912087909
2023-01-17,0.0,0.0,0.0,0.4945910820421103,0.5912087912087909
2023-01-18,0.0,0.0,0.0,0.49102117268819573,0.5879120879120894
2023-01-18,0.0,0.0,0.0,0.49102117268819573,0.5879120879120894
2023-01-18,0.0,0.0,0.0,0.49102117268819573,0.5879120879120894
2023-01-18,0.0,0.0,0.0,0.49102117268819573,0.5879120879120894
2023-01-18,0.0,0.0,0.0,0.49102117268819573,0.5879120879120894
2023-01-18,0.0,0.0,0.0,0.49102117268819573,0.5879120879120894
2023-01-18,0.0,0.0,0.0,0.49102117268819573,0.5879120879120894
2023-01-18,0.0,0.0,0.0,0.49102117268819573,0.5879120879120894
2023-01-18,0.0,0.0,0.0,0.49102117268819573,0.5879120879120894
2023-01-18,0.0,0.0,0.0,0.49102117268819573,0.5879120879120894
2023-01-19,0.003048257168419016,0.0,0.0,0.4872679500165687,0.5846153846153843
2023-01-19,0.0,0.0,0.0,0.4872679500165687,0.5846153846153843
2023-01-19,0.0,0.0,0.0,0.4872679500165687,0.5846153846153843
2023-01-19,0.00012427624907879317,0.0,0.0,0.4872679500165687,0.5846153846153843
2023-01-19,0.0003377436144022515,0.0,0.0,0.4872679500165687,0.5846153846153843
2023-01-19,0.0,0.0,0.0,0.4872679500165687,0.5846153846153843
2023-01-19,0.002308436843285597,0.0,0.0,0.4872679500165687,0.5846153846153843
2023-01-19,0.0026259430072559944,0.0,0.0,0.4872679500165687,0.5846153846153843
2023-01-19,0.0005082858159587355,0.0,0.0,0.4872679500165687,0.5846153846153843
2023-01-19,0.00011707856278554922,0.0,0.0,0.4872679500165687,0.5846153846153843
2023-01-20,0.02517404957101295,0.0,0.0,0.4832397573683728,0.5807692307692296
2023-01-20,0.028208003381338862,0.0,0.0,0.4832397573683728,0.5807692307692296
2023-01-20,0.0421671896908508,0.0,0.0,0.4832397573683728,0.5807692307692296
2023-01-20,0.03910337208388086,0.0,0.0,0.4832397573683728,0.5807692307692296
2023-01-20,0.028413073912075794,0.0,0.0,0.4832397573683728,0.5807692307692296
2023-01-20,0.051049417887385574,0.0,0.0,0.4832397573683728,0.5807692307692296
2023-01-20,0.04295634815168545,0.0,0.0,0.4832397573683728,0.5807692307692296
2023-01-20,0.03304093812929803,0.0,0.0,0.4832397573683728,0.5807692307692296
2023-01-20,0.0034652797533620433,0.0,0.0,0.4832397573683728,0.5807692307692296
2023-01-20,0.03163371612512834,0.0,0.0,0.4832397573683728,0.5807692307692296
2023-01-21,0.016282067171240762,0.0,0.0,0.4796698480144583,0.5774725274725263
2023-01-21,0.054584928344344946,0.0,0.0,0.4796698480144583,0.5774725274725263
2023-01-21,0.06258396297256943,0.0,0.0,0.4796698480144583,0.5774725274725263
2023-01-21,0.08483027204616223,0.0,0.0,0.4796698480144583,0.5774725274725263
2023-01-21,0.0522877280019494,0.0,0.0,0.4796698480144583,0.5774725274725263
2023-01-21,0.036294059784390674,0.0,0.0,0.4796698480144583,0.5774725274725263
2023-01-21,0.0027886621068709348,0.0,0.0,0.4796698480144583,0.5774725274725263
2023-01-21,0.017807594134729997,0.0,0.0,0.4796698480144583,0.5774725274725263
2023-01-21,0.030290524098401415,0.0,0.0,0.4796698480144583,0.5774725274725263
2023-01-21,0.052023932847966844,0.0,0.0,0.4796698480144583,0.5774725274725263
2023-01-22,0.0,0.0,0.0,0.4746357822895833,0.5728021978021989
2023-01-22,0.0,0.0,0.0,0.4746357822895833,0.5728021978021989
2023-01-22,0.0,0.0,0.0,0.4746357822895833,0.5728021978021989
2023-01-22,0.0013706723153362962,0.0,0.0,0.4746357822895833,0.5728021978021989
2023-01-22,0.0006548026908765164,0.0,0.0,0.4746357822895833,0.5728021978021989
2023-01-22,0.0002501108749424967,0.0,0.0,0.4746357822895833,0.5728021978021989
2023-01-22,0.0,0.0,0.0,0.4746357822895833,0.5728021978021989
2023-01-22,0.0,0.0,0.0,0.4746357822895833,0.5728021978021989
2023-01-22,0.0,0.0,0.0,0.4746357822895833,0.5728021978021989
2023-01-22,0.0027511676289060875,0.0,0.0,0.4746357822895833,0.5728021978021989
2023-01-23,0.0,0.0,0.0,0.46896247012345443,0.5678571428571431
2023-01-23,0.0,0.0,0.0,0.46896247012345443,0.5678571428571431
2023-01-23,0.0,0.0,0.0,0.46896247012345443,0.5678571428571431
2023-01-23,0.0,0.0,0.0,0.46896247012345443,0.5678571428571431
2023-01-23,0.0,0.0,0.0,0.46896247012345443,0.5678571428571431
2023-01-23,0.0,0.0,0.0,0.46896247012345443,0.5678571428571431
2023-01-23,0.0,0.0,0.0,0.46896247012345443,0.5678571428571431
2023-01-23,0.0,0.0,0.0,0.46896247012345443,0.5678571428571431
2023-01-23,0.0,0.0,0.0,0.46896247012345443,0.5678571428571431
2023-01-23,0.0,0.0,0.0,0.46896247012345443,0.5678571428571431
2023-01-24,0.0,0.0,0.0,0.46292018115116057,0.562087912087911
2023-01-24,0.0,0.0,0.0,0.46292018115116057,0.562087912087911
2023-01-24,0.0,0.0,0.0,0.46292018115116057,0.562087912087911
2023-01-24,0.0,0.0,0.0,0.46292018115116057,0.562087912087911
2023-01-24,0.0001159979465760608,0.0,0.0,0.46292018115116057,0.562087912087911
2023-01-24,2.8188664922904566e-07,0.0,0.0,0.46292018115116057,0.562087912087911
2023-01-24,0.0001389071221870021,0.0,0.0,0.46292018115116057,0.562087912087911
2023-01-24,0.0,0.0,0.0,0.46292018115116057,0.562087912087911
2023-01-24,0.00033249559524263516,0.0,0.0,0.46292018115116057,0.562087912087911
2023-01-24,0.0,0.0,0.0,0.46292018115116057,0.562087912087911
2023-01-25,0.2979225635386928,0.0,0.0,0.4570612054965793,0.5568681318681303
2023-01-25,0.05376042391665131,0.0,0.0,0.4570612054965793,0.5568681318681303
2023-01-25,0.07041888701834344,0.0,0.0,0.4570612054965793,0.5568681318681303
2023-01-25,0.06479383811489349,0.0,0.0,0.4570612054965793,0.5568681318681303
2023-01-25,0.15531475675384152,0.0,0.0,0.4570612054965793,0.5568681318681303
2023-01-25,0.17600292033604523,0.0,0.0,0.4570612054965793,0.5568681318681303
2023-01-25,0.2700297518814324,0.0,0.0,0.4570612054965793,0.5568681318681303
2023-01-25,0.04421988831662597,0.0,0.0,0.4570612054965793,0.5568681318681303
2023-01-25,0.025536377980751177,0.0,0.0,0.4570612054965793,0.5568681318681303
2023-01-25,0.03276061245005246,0.0,0.0,0.4570612054965793,0.5568681318681303
2023-01-26,0.028145761102530958,0.0,0.0,,
2023-01-26,0.026329645153254224,0.0,0.0,,
2023-01-26,0.026401543236088287,0.0,0.0,,
2023-01-26,0.04845415578849238,0.0,0.0,,
2023-01-26,0.03788595818165347,0.0,0.0,,
2023-01-26,0.08387844161604611,0.0,0.0,,
2023-01-26,0.10687286539564841,0.0,0.0,,
2023-01-26,0.044457139563907636,0.0,0.0,,
2023-01-26,0.09026627577129857,0.0,0.0,,
2023-01-26,0.07191822617294275,0.0,0.0,,
2023-01-27,0.0003583889656160149,0.0,0.0,0.44607885762900673,0.5467032967032974
2023-01-27,0.0,0.0,0.0,0.44607885762900673,0.5467032967032974
2023-01-27,0.0,0.0,0.0,0.44607885762900673,0.5467032967032974
2023-01-27,0.004276771177153874,0.0,0.0,0.44607885762900673,0.5467032967032974
2023-01-27,0.0,0.0,0.0,0.44607885762900673,0.5467032967032974
2023-01-27,1.7868573703412717e-05,0.0,0.0,0.44607885762900673,0.5467032967032974
2023-01-27,0.0,0.0,0.0,0.44607885762900673,0.5467032967032974
2023-01-27,0.0,0.0,0.0,0.44607885762900673,0.5467032967032974
2023-01-27,0.0,0.0,0.0,0.44607885762900673,0.5467032967032974
2023-01-27,0.0,0.0,0.0,0.44607885762900673,0.5467032967032974
2023-01-28,0.0,0.0,0.0,0.44058650860985044,0.5417582417582416
2023-01-28,0.0,0.0,0.0,0.44058650860985044,0.5417582417582416
2023-01-28,0.0,0.0,0.0,0.44058650860985044,0.5417582417582416
2023-01-28,0.0,0.0,0.0,0.44058650860985044,0.5417582417582416
2023-01-28,0.0,0.0,0.0,0.44058650860985044,0.5417582417582416
2023-01-28,0.0,0.0,0.0,0.44058650860985044,0.5417582417582416
2023-01-28,0.0,0.0,0.0,0.44058650860985044,0.5417582417582416
2023-01-28,0.0,0.0,0.0,0.44058650860985044,0.5417582417582416
2023-01-28,0.0,0.0,0.0,0.44058650860985044,0.5417582417582416
2023-01-28,0.0,0.0,0.0,0.44058650860985044,0.5417582417582416
2023-01-29,0.0,0.0,0.0,0.4345442196375566,0.5362637362637361
2023-01-29,0.0,0.0,0.0,0.4345442196375566,0.5362637362637361
2023-01-29,0.0,0.0,0.0,0.4345442196375566,0.5362637362637361
2023-01-29,0.0,0.0,0.0,0.4345442196375566,0.5362637362637361
2023-01-29,0.0,0.0,0.0,0.4345442196375566,0.5362637362637361
2023-01-29,0.0,0.0,0.0,0.4345442196375566,0.5362637362637361
2023-01-29,0.0,0.0,0.0,0.4345442196375566,0.5362637362637361
2023-01-29,0.0,0.0,0.0,0.4345442196375566,0.5362637362637361
2023-01-29,0.0,0.0,0.0,0.4345442196375566,0.5362637362637361
2023-01-29,0.0,0.0,0.0,0.4345442196375566,0.5362637362637361
2023-01-30,0.02315973125942803,0.0,0.0,0.428229310859434,0.5304945054945058
2023-01-30,0.13870734109950136,0.0,0.0,0.428229310859434,0.5304945054945058
2023-01-30,0.08161237352259915,0.0,0.0,0.428229310859434,0.5304945054945058
2023-01-30,0.1945862265334662,0.0,0.0,0.428229310859434,0.5304945054945058
2023-01-30,0.06549433703197928,0.0,0.0,0.428229310859434,0.5304945054945058
2023-01-30,0.10437015782475868,0.0,0.0,0.428229310859434,0.5304945054945058
2023-01-30,0.07002690974244018,0.0,0.0,0.428229310859434,0.5304945054945058
2023-01-30,0.16900449610764015,0.0,0.0,0.428229310859434,0.5304945054945058
2023-01-30,0.1653935916718367,0.0,0.0,0.428229310859434,0.5304945054945058
2023-01-30,0.17082523686390144,0.0,0.0,0.428229310859434,0.5304945054945058
2023-01-31,0.06646556085689242,0.0,0.0,0.42218702188714013,0.5250000000000004
2023-01-31,0.029222853744831925,0.0,0.0,0.42218702188714013,0.5250000000000004
2023-01-31,0.010635031289441287,0.0,0.0,0.42218702188714013,0.5250000000000004
2023-01-31,0.011651665806085227,0.0,0.0,0.42218702188714013,0.5250000000000004
2023-01-31,0.046071252387977116,0.0,0.0,0.42218702188714013,0.5250000000000004
2023-01-31,0.08301071499083702,0.0,0.0,0.42218702188714013,0.5250000000000004
2023-01-31,0.004251505416413053,0.0,0.0,0.42218702188714013,0.5250000000000004
2023-01-31,0.025829346698643053,0.0,0.0,0.42218702188714013,0.5250000000000004
2023-01-31,0.021487397811032073,0.0,0.0,0.42218702188714013,0.5250000000000004
2023-01-31,0.099198417845129,0.0,0.0,0.42218702188714013,0.5250000000000004
2023-02-01,0.0,0.0,0.0,0.4168779861856963,0.5200549450549445
2023-02-01,8.494976917938579e-06,0.0,0.0,0.4168779861856963,0.5200549450549445
2023-02-01,0.0006780911627844437,0.0,0.0,0.4168779861856963,0.5200549450549445
2023-02-01,0.0,0.0,0.0,0.4168779861856963,0.5200549450549445
2023-02-01,0.0008895557756374926,0.0,0.0,0.4168779861856963,0.5200549450549445
2023-02-01,0.0,0.0,0.0,0.4168779861856963,0.5200549450549445
2023-02-01,0.0,0.0,0.0,0.4168779861856963,0.5200549450549445
2023-02-01,0.0,0.0,0.0,0.4168779861856963,0.5200549450549445
2023-02-01,0.0,0.0,0.0,0.4168779861856963,0.5200549450549445
2023-02-01,0.00021104572046077913,0.0,0.0,0.4168779861856963,0.5200549450549445
2023-02-02,0.0,0.0,0.0,0.4112939805076839,0.5151098901098905
2023-02-02,0.0,0.0,0.0,0.4112939805076839,0.5151098901098905
2023-02-02,0.0,0.0,0.0,0.4112939805076839,0.5151098901098905
2023-02-02,0.0,0.0,0.0,0.4112939805076839,0.5151098901098905
2023-02-02,0.0,0.0,0.0,0.4112939805076839,0.5151098901098905
2023-02-02,0.0,0.0,0.0,0.4112939805076839,0.5151098901098905
2023-02-02,0.0,0.0,0.0,0.4112939805076839,0.5151098901098905
2023-02-02,0.0,0.0,0.0,0.4112939805076839,0.5151098901098905
2023-02-02,0.0,0.0,0.0,0.4112939805076839,0.5151098901098905
2023-02-02,0.0,0.0,0.0,0.4112939805076839,0.5151098901098905
2023-02-03,0.0,0.0,0.0,0.405620668341555,0.5093406593406602
2023-02-03,0.0,0.0,0.0,0.405620668341555,0.5093406593406602
2023-02-03,0.0027153364872011137,0.0,0.0,0.405620668341555,0.5093406593406602
2023-02-03,0.0,0.0,0.0,0.405620668341555,0.5093406593406602
2023-02-03,0.001596497465429835,0.0,0.0,0.405620668341555,0.5093406593406602
2023-02-03,5.519974319208551e-05,0.0,0.0,0.405620668341555,0.5093406593406602
2023-02-03,0.0,0.0,0.0,0.405620668341555,0.5093406593406602
2023-02-03,0.0,0.0,0.0,0.405620668341555,0.5093406593406602
2023-02-03,0.0,0.0,0.0,0.405620668341555,0.5093406593406602
2023-02-03,6.628433659738064e-05,0.0,0.0,0.405620668341555,0.5093406593406602
2023-02-04,0.0017580913371442295,0.0,0.0,0.3998580496873098,0.5032967032967033
2023-02-04,0.0,0.0,0.0,0.3998580496873098,0.5032967032967033
2023-02-04,6.74134082065253e-05,0.0,0.0,0.3998580496873098,0.5032967032967033
2023-02-04,0.005937249162185449,0.0,0.0,0.3998580496873098,0.5032967032967033
2023-02-04,6.628433659738064e-05,0.0,0.0,0.3998580496873098,0.5032967032967033
2023-02-04,0.0,0.0,0.0,0.3998580496873098,0.5032967032967033
2023-02-04,0.00018641437429597297,0.0,0.0,0.3998580496873098,0.5032967032967033
2023-02-04,0.004981280681199014,0.0,0.0,0.3998580496873098,0.5032967032967033
2023-02-04,0.0008950888873609337,0.0,0.0,0.3998580496873098,0.5032967032967033
2023-02-04,0.0,0.0,0.0,0.3998580496873098,0.5032967032967033
2023-02-05,0.0,0.0,0.0,0.3942505423018982,0.49725274725274815
2023-02-05,0.0,0.0,0.0,0.3942505423018982,0.49725274725274815
2023-02-05,0.0,0.0,0.0,0.3942505423018982,0.49725274725274815
2023-02-05,0.0,0.0,0.0,0.3942505423018982,0.49725274725274815
2023-02-05,0.0,0.0,0.0,0.3942505423018982,0.49725274725274815
2023-02-05,0.0,0.0,0.0,0.3942505423018982,0.49725274725274815
2023-02-05,0.0,0.0,0.0,0.3942505423018982,0.49725274725274815
2023-02-05,0.0,0.0,0.0,0.3942505423018982,0.49725274725274815
2023-02-05,0.0,0.0,0.0,0.3942505423018982,0.49725274725274815
2023-02-05,0.0,0.0,0.0,0.3942505423018982,0.49725274725274815
2023-02-06,0.00024873631635377564,0.0,0.0,0.3890449141130103,0.4917582417582427
2023-02-06,0.003382639992727945,0.0,0.0,0.3890449141130103,0.4917582417582427
2023-02-06,0.02033665731601076,0.0,0.0,0.3890449141130103,0.4917582417582427
2023-02-06,1.3799935967467182e-05,0.0,0.0,0.3890449141130103,0.4917582417582427
2023-02-06,0.005874027917705376,0.0,0.0,0.3890449141130103,0.4917582417582427
2023-02-06,0.0111806684701173,0.0,0.0,0.3890449141130103,0.4917582417582427
2023-02-06,0.002029737206634196,0.0,0.0,0.3890449141130103,0.4917582417582427
2023-02-06,0.005173479209986998,0.0,0.0,0.3890449141130103,0.4917582417582427
2023-02-06,0.006108933475900089,0.0,0.0,0.3890449141130103,0.4917582417582427
2023-02-06,0.0010539440167255222,0.0,0.0,0.3890449141130103,0.4917582417582427
2023-02-07,0.05695449244595308,0.0,0.0,0.3828005104570847,0.48543956043956094
2023-02-07,0.02523327073824017,0.0,0.0,0.3828005104570847,0.48543956043956094
2023-02-07,0.06677744123041844,0.0,0.0,0.3828005104570847,0.48543956043956094
2023-02-07,0.017373698944625402,0.0,0.0,0.3828005104570847,0.48543956043956094
2023-02-07,0.005283883258529974,0.0,0.0,0.3828005104570847,0.48543956043956094
2023-02-07,0.003597238968636463,0.0,0.0,0.3828005104570847,0.48543956043956094
2023-02-07,0.014697437843043601,0.0,0.0,0.3828005104570847,0.48543956043956094
2023-02-07,0.014617340834932187,0.0,0.0,0.3828005104570847,0.48543956043956094
2023-02-07,0.007183970565740595,0.0,0.0,0.3828005104570847,0.48543956043956094
2023-02-07,0.024753192501422674,0.0,0.0,0.3828005104570847,0.48543956043956094
2023-02-08,0.0,0.0,0.0,0.37639629519084555,0.47857142857142954
2023-02-08,0.0,0.0,0.0,0.37639629519084555,0.47857142857142954
2023-02-08,0.0,0.0,0.0,0.37639629519084555,0.47857142857142954
2023-02-08,0.0,0.0,0.0,0.37639629519084555,0.47857142857142954
2023-02-08,0.0,0.0,0.0,0.37639629519084555,0.47857142857142954
2023-02-08,0.0,0.0,0.0,0.37639629519084555,0.47857142857142954
2023-02-08,0.0,0.0,0.0,0.37639629519084555,0.47857142857142954
2023-02-08,0.0,0.0,0.0,0.37639629519084555,0.47857142857142954
2023-02-08,0.0,0.0,0.0,0.37639629519084555,0.47857142857142954
2023-02-08,0.0,0.0,0.0,0.37639629519084555,0.47857142857142954
2023-02-09,0.0,0.0,0.0,0.37062897619512053,0.4725274725274726
2023-02-09,0.0,0.0,0.0,0.37062897619512053,0.4725274725274726
2023-02-09,0.0,0.0,0.0,0.37062897619512053,0.4725274725274726
2023-02-09,0.002744700281813596,0.0,0.0,0.37062897619512053,0.4725274725274726
2023-02-09,0.0,0.0,0.0,0.37062897619512053,0.4725274725274726
2023-02-09,0.000854620556249907,0.0,0.0,0.37062897619512053,0.4725274725274726
2023-02-09,0.0015865180138195784,0.0,0.0,0.37062897619512053,0.4725274725274726
2023-02-09,0.0,0.0,0.0,0.37062897619512053,0.4725274725274726
2023-02-09,0.002930701257150238,0.0,0.0,0.37062897619512053,0.4725274725274726
2023-02-09,0.00018641437429597297,0.0,0.0,0.37062897619512053,0.4725274725274726
2023-02-10,0.10382884482438992,0.0,0.0,0.3643023165632983,0.4662087912087909
2023-02-10,0.13609696168926608,0.0,0.0,0.3643023165632983,0.4662087912087909
2023-02-10,0.011101670960577896,0.0,0.0,0.3643023165632983,0.4662087912087909
2023-02-10,0.039472844675705526,0.0,0.0,0.3643023165632983,0.4662087912087909
2023-02-10,0.022937807432217693,0.0,0.0,0.3643023165632983,0.4662087912087909
2023-02-10,0.0018743740685705369,0.0,0.0,0.3643023165632983,0.4662087912087909
2023-02-10,0.05111288088764864,0.0,0.0,0.3643023165632983,0.4662087912087909
2023-02-10,0.023350567043388688,0.0,0.0,0.3643023165632983,0.4662087912087909
2023-02-10,0.10820817557628497,0.0,0.0,0.3643023165632983,0.4662087912087909
2023-02-10,0.0008701207012395824,0.0,0.0,0.3643023165632983,0.4662087912087909
2023-02-11,0.09056339661626252,0.0,0.0,0.3581378187125294,0.4596153846153843
2023-02-11,0.035372455435534716,0.0,0.0,0.3581378187125294,0.4596153846153843
2023-02-11,0.034599920870022886,0.0,0.0,0.3581378187125294,0.4596153846153843
2023-02-11,0.06280584560072719,0.0,0.0,0.3581378187125294,0.4596153846153843
2023-02-11,0.0059008073872840435,0.0,0.0,0.3581378187125294,0.4596153846153843
2023-02-11,0.004934957430284092,0.0,0.0,0.3581378187125294,0.4596153846153843
2023-02-11,0.000499165123812317,0.0,0.0,0.3581378187125294,0.4596153846153843
2023-02-11,0.0275052361820757,0.0,0.0,0.3581378187125294,0.4596153846153843
2023-02-11,0.05102052767888171,0.0,0.0,0.3581378187125294,0.4596153846153843
2023-02-11,0.04976517296421049,0.0,0.0,0.3581378187125294,0.4596153846153843
2023-02-12,0.0016326681134905124,0.0,0.0,0.35205322666691735,0.4532967032967026
2023-02-12,0.017288165892835567,0.0,0.0,0.35205322666691735,0.4532967032967026
2023-02-12,0.005420975742232758,0.0,0.0,0.35205322666691735,0.4532967032967026
2023-02-12,0.001375582443975388,0.0,0.0,0.35205322666691735,0.4532967032967026
2023-02-12,0.03657717242348379,0.0,0.0,0.35205322666691735,0.4532967032967026
2023-02-12,0.01568603210217688,0.0,0.0,0.35205322666691735,0.4532967032967026
2023-02-12,0.00036494209769638315,0.0,0.0,0.35205322666691735,0.4532967032967026
2023-02-12,0.006905453298184875,0.0,0.0,0.35205322666691735,0.4532967032967026
2023-02-12,0.01782881480053477,0.0,0.0,0.35205322666691735,0.4532967032967026
2023-02-12,0.019857807117995986,0.0,0.0,0.35205322666691735,0.4532967032967026
2023-02-13,0.0,0.0,0.0,0.34572656703509513,0.446703296703296
2023-02-13,0.0,0.0,0.0,0.34572656703509513,0.446703296703296
2023-02-13,0.0,0.0,0.0,0.34572656703509513,0.446703296703296
2023-02-13,0.0,0.0,0.0,0.34572656703509513,0.446703296703296
2023-02-13,0.0,0.0,0.0,0.34572656703509513,0.446703296703296
2023-02-13,0.0,0.0,0.0,0.34572656703509513,0.446703296703296
2023-02-13,0.0,0.0,0.0,0.34572656703509513,0.446703296703296
2023-02-13,0.0,0.0,0.0,0.34572656703509513,0.446703296703296
2023-02-13,0.0,0.0,0.0,0.34572656703509513,0.446703296703296
2023-02-13,0.0,0.0,0.0,0.34572656703509513,0.446703296703296
2023-02-14,0.0,0.0,0.0,0.3392400957929594,0.4398351648351646
2023-02-14,0.0,0.0,0.0,0.3392400957929594,0.4398351648351646
2023-02-14,0.0,0.0,0.0,0.3392400957929594,0.4398351648351646
2023-02-14,0.0,0.0,0.0,0.3392400957929594,0.4398351648351646
2023-02-14,0.0,0.0,0.0,0.3392400957929594,0.4398351648351646
2023-02-14,0.0,0.0,0.0,0.3392400957929594,0.4398351648351646
2023-02-14,0.0,0.0,0.0,0.3392400957929594,0.4398351648351646
2023-02-14,0.0,0.0,0.0,0.3392400957929594,0.4398351648351646
2023-02-14,0.0,0.0,0.0,0.3392400957929594,0.4398351648351646
2023-02-14,0.0,0.0,0.0,0.3392400957929594,0.4398351648351646
2023-02-15,0.0,0.0,0.0,0.333555032773131,0.43379120879120947
2023-02-15,0.0,0.0,0.0,0.333555032773131,0.43379120879120947
2023-02-15,0.0,0.0,0.0,0.333555032773131,0.43379120879120947
2023-02-15,0.0,0.0,0.0,0.333555032773131,0.43379120879120947
2023-02-15,0.0,0.0,0.0,0.333555032773131,0.43379120879120947
2023-02-15,0.0,0.0,0.0,0.333555032773131,0.43379120879120947
2023-02-15,0.0,0.0,0.0,0.333555032773131,0.43379120879120947
2023-02-15,0.0,0.0,0.0,0.333555032773131,0.43379120879120947
2023-02-15,0.0,0.0,0.0,0.333555032773131,0.43379120879120947
2023-02-15,0.0,0.0,0.0,0.333555032773131,0.43379120879120947
2023-02-16,0.0,0.0,0.0,0.3273106291172054,0.4271978021978029
2023-02-16,0.0,0.0,0.0,0.3273106291172054,0.4271978021978029
2023-02-16,0.0,0.0,0.0,0.3273106291172054,0.4271978021978029
2023-02-16,0.0,0.0,0.0,0.3273106291172054,0.4271978021978029
2023-02-16,0.0,0.0,0.0,0.3273106291172054,0.4271978021978029
2023-02-16,0.0,0.0,0.0,0.3273106291172054,0.4271978021978029
2023-02-16,0.0,0.0,0.0,0.3273106291172054,0.4271978021978029
2023-02-16,0.0,0.0,0.0,0.3273106291172054,0.4271978021978029
2023-02-16,0.0,0.0,0.0,0.3273106291172054,0.4271978021978029
2023-02-16,0.0,0.0,0.0,0.3273106291172054,0.4271978021978029
2023-02-17,0.0,0.0,0.0,0.3207442520699129,0.4203296703296697
2023-02-17,0.0,0.0,0.0,0.3207442520699129,0.4203296703296697
2023-02-17,0.0,0.0,0.0,0.3207442520699129,0.4203296703296697
2023-02-17,0.0,0.0,0.0,0.3207442520699129,0.4203296703296697
2023-02-17,0.0,0.0,0.0,0.3207442520699129,0.4203296703296697
2023-02-17,0.0,0.0,0.0,0.3207442520699129,0.4203296703296697
2023-02-17,0.0,0.0,0.0,0.3207442520699129,0.4203296703296697
2023-02-17,0.0,0.0,0.0,0.3207442520699129,0.4203296703296697
2023-02-17,0.0,0.0,0.0,0.3207442520699129,0.4203296703296697
2023-02-17,0.0,0.0,0.0,0.3207442520699129,0.4203296703296697
2023-02-18,0.0,0.0,0.0,0.31361853438652315,0.41291208791208867
2023-02-18,0.0,0.0,0.0,0.31361853438652315,0.41291208791208867
2023-02-18,0.0,0.0,0.0,0.31361853438652315,0.41291208791208867
2023-02-18,0.0,0.0,0.0,0.31361853438652315,0.41291208791208867
2023-02-18,0.0,0.0,0.0,0.31361853438652315,0.41291208791208867
2023-02-18,0.0,0.0,0.0,0.31361853438652315,0.41291208791208867
2023-02-18,0.0,0.0,0.0,0.31361853438652315,0.41291208791208867
2023-02-18,0.0,0.0,0.0,0.31361853438652315,0.41291208791208867
2023-02-18,0.0,0.0,0.0,0.31361853438652315,0.41291208791208867
2023-02-18,0.0,0.0,0.0,0.31361853438652315,0.41291208791208867
2023-02-19,0.0,0.0,0.0,0.307289524583961,0.4063186813186821
2023-02-19,0.0,0.0,0.0,0.307289524583961,0.4063186813186821
2023-02-19,0.0,0.0,0.0,0.307289524583961,0.4063186813186821
2023-02-19,0.0,0.0,0.0,0.307289524583961,0.4063186813186821
2023-02-19,0.0,0.0,0.0,0.307289524583961,0.4063186813186821
2023-02-19,0.0,0.0,0.0,0.307289524583961,0.4063186813186821
2023-02-19,0.0,0.0,0.0,0.307289524583961,0.4063186813186821
2023-02-19,0.0,0.0,0.0,0.307289524583961,0.4063186813186821
2023-02-19,0.0,0.0,0.0,0.307289524583961,0.4063186813186821
2023-02-19,0.0,0.0,0.0,0.307289524583961,0.4063186813186821
2023-02-20,0.002280104718090117,0.0,0.0,0.3008853093177219,0.3997252747252755
2023-02-20,0.004846999736474208,0.0,0.0,0.3008853093177219,0.3997252747252755
2023-02-20,0.0,0.0,0.0,0.3008853093177219,0.3997252747252755
2023-02-20,0.0,0.0,0.0,0.3008853093177219,0.3997252747252755
2023-02-20,0.0,0.0,0.0,0.3008853093177219,0.3997252747252755
2023-02-20,0.0,0.0,0.0,0.3008853093177219,0.3997252747252755
2023-02-20,0.0,0.0,0.0,0.3008853093177219,0.3997252747252755
2023-02-20,0.0012659661476157596,0.0,0.0,0.3008853093177219,0.3997252747252755
2023-02-20,0.0,0.0,0.0,0.3008853093177219,0.3997252747252755
2023-02-20,0.0,0.0,0.0,0.3008853093177219,0.3997252747252755
2023-02-21,0.0,0.0,0.0,0.29447874388074285,0.39285714285714235
2023-02-21,0.000498948577498138,0.0,0.0,0.29447874388074285,0.39285714285714235
2023-02-21,0.00020400230372678542,0.0,0.0,0.29447874388074285,0.39285714285714235
2023-02-21,0.011326970094642404,0.0,0.0,0.29447874388074285,0.39285714285714235
2023-02-21,9.264808513143003e-06,0.0,0.0,0.29447874388074285,0.39285714285714235
2023-02-21,0.02384543516600057,0.0,0.0,0.29447874388074285,0.39285714285714235
2023-02-21,0.016061445157502494,0.0,0.0,0.29447874388074285,0.39285714285714235
2023-02-21,0.008160561738292427,0.0,0.0,0.29447874388074285,0.39285714285714235
2023-02-21,0.00012050412387602265,0.0,0.0,0.29447874388074285,0.39285714285714235
2023-02-21,0.0,0.0,0.0,0.29447874388074285,0.39285714285714235
2023-02-22,0.04723328184024244,0.0,0.0,0.28823434022481725,0.3865384615384606
2023-02-22,0.027188343636259008,0.0,0.0,0.28823434022481725,0.3865384615384606
2023-02-22,0.0430459149468981,0.0,0.0,0.28823434022481725,0.3865384615384606
2023-02-22,0.03142814682253639,0.0,0.0,0.28823434022481725,0.3865384615384606
2023-02-22,0.014955264431955429,0.0,0.0,0.28823434022481725,0.3865384615384606
2023-02-22,0.01622405262215561,0.0,0.0,0.28823434022481725,0.3865384615384606
2023-02-22,0.07803736193659548,0.0,0.0,0.28823434022481725,0.3865384615384606
2023-02-22,0.0270185005511418,0.0,0.0,0.28823434022481725,0.3865384615384606
2023-02-22,0.035726542607345195,0.0,0.0,0.28823434022481725,0.3865384615384606
2023-02-22,0.060416193543941496,0.0,0.0,0.28823434022481725,0.3865384615384606
2023-02-23,0.0,0.0,0.0,0.28206749220330846,0.37994505494505404
2023-02-23,0.0,0.0,0.0,0.28206749220330846,0.37994505494505404
2023-02-23,0.0,0.0,0.0,0.28206749220330846,0.37994505494505404
2023-02-23,0.0,0.0,0.0,0.28206749220330846,0.37994505494505404
2023-02-23,0.0,0.0,0.0,0.28206749220330846,0.37994505494505404
2023-02-23,0.0,0.0,0.0,0.28206749220330846,0.37994505494505404
2023-02-23,0.0,0.0,0.0,0.28206749220330846,0.37994505494505404
2023-02-23,0.0,0.0,0.0,0.28206749220330846,0.37994505494505404
2023-02-23,0.0,0.0,0.0,0.28206749220330846,0.37994505494505404
2023-02-23,0.0,0.0,0.0,0.28206749220330846,0.37994505494505404
2023-02-24,0.0,0.0,0.0,0.27566092676632964,0.37335164835164925
2023-02-24,0.0,0.0,0.0,0.27566092676632964,0.37335164835164925
2023-02-24,0.0,0.0,0.0,0.27566092676632964,0.37335164835164925
2023-02-24,0.0,0.0,0.0,0.27566092676632964,0.37335164835164925
2023-02-24,0.0,0.0,0.0,0.27566092676632964,0.37335164835164925
2023-02-24,0.0,0.0,0.0,0.27566092676632964,0.37335164835164925
2023-02-24,0.0,0.0,0.0,0.27566092676632964,0.37335164835164925
2023-02-24,0.0,0.0,0.0,0.27566092676632964,0.37335164835164925
2023-02-24,0.0,0.0,0.0,0.27566092676632964,0.37335164835164925
2023-02-24,0.0,0.0,0.0,0.27566092676632964,0.37335164835164925
2023-02-25,0.0,0.0,0.0,0.2705375545533382,0.367857142857142
2023-02-25,0.0,0.0,0.0,0.2705375545533382,0.367857142857142
2023-02-25,0.0,0.0,0.0,0.2705375545533382,0.367857142857142
2023-02-25,0.0,0.0,0.0,0.2705375545533382,0.367857142857142
2023-02-25,0.0,0.0,0.0,0.2705375545533382,0.367857142857142
2023-02-25,0.0,0.0,0.0,0.2705375545533382,0.367857142857142
2023-02-25,0.0,0.0,0.0,0.2705375545533382,0.367857142857142
2023-02-25,0.0,0.0,0.0,0.2705375545533382,0.367857142857142
2023-02-25,0.0,0.0,0.0,0.2705375545533382,0.367857142857142
2023-02-25,0.0,0.0,0.0,0.2705375545533382,0.367857142857142
2023-02-26,0.0,0.0,0.0,0.2640510833112025,0.3612637362637372
2023-02-26,0.0,0.0,0.0,0.2640510833112025,0.3612637362637372
2023-02-26,0.0,0.0,0.0,0.2640510833112025,0.3612637362637372
2023-02-26,0.0,0.0,0.0,0.2640510833112025,0.3612637362637372
2023-02-26,0.0,0.0,0.0,0.2640510833112025,0.3612637362637372
2023-02-26,0.0,0.0,0.0,0.2640510833112025,0.3612637362637372
2023-02-26,0.0,0.0,0.0,0.2640510833112025,0.3612637362637372
2023-02-26,0.0,0.0,0.0,0.2640510833112025,0.3612637362637372
2023-02-26,0.0,0.0,0.0,0.2640510833112025,0.3612637362637372
2023-02-26,0.0,0.0,0.0,0.2640510833112025,0.3612637362637372
2023-02-27,0.001245754796582076,0.0,0.0,0.2568454598226561,0.35357142857142776
2023-02-27,0.0,0.0,0.0,0.2568454598226561,0.35357142857142776
2023-02-27,0.0012611927603842555,0.0,0.0,0.2568454598226561,0.35357142857142776
2023-02-27,0.0,0.0,0.0,0.2568454598226561,0.35357142857142776
2023-02-27,0.0,0.0,0.0,0.2568454598226561,0.35357142857142776
2023-02-27,0.0,0.0,0.0,0.2568454598226561,0.35357142857142776
2023-02-27,0.0,0.0,0.0,0.2568454598226561,0.35357142857142776
2023-02-27,8.021252677104654e-05,0.0,0.0,0.2568454598226561,0.35357142857142776
2023-02-27,2.574508292876443e-05,0.0,0.0,0.2568454598226561,0.35357142857142776
2023-02-27,0.0002814020430431759,0.0,0.0,0.2568454598226561,0.35357142857142776
2023-02-28,0.00013137196085434281,0.0,0.0,0.24982079948108232,0.3461538461538467
2023-02-28,0.0006167079240426293,0.0,0.0,0.24982079948108232,0.3461538461538467
2023-02-28,0.00030302247962021666,0.0,0.0,0.24982079948108232,0.3461538461538467
2023-02-28,0.00016600136377859314,0.0,0.0,0.24982079948108232,0.3461538461538467
2023-02-28,0.0007596566505821399,0.0,0.0,0.24982079948108232,0.3461538461538467
2023-02-28,0.0,0.0,0.0,0.24982079948108232,0.3461538461538467
2023-02-28,0.0,0.0,0.0,0.24982079948108232,0.3461538461538467
2023-02-28,0.0,0.0,0.0,0.24982079948108232,0.3461538461538467
2023-02-28,0.0006850040960832524,0.0,0.0,0.24982079948108232,0.3461538461538467
2023-02-28,0.0,0.0,0.0,0.24982079948108232,0.3461538461538467
2023-03-01,0.021242312854501583,0.0,0.0,0.24407463202201635,0.33901098901099047
2023-03-01,0.009433480969051165,0.0,0.0,0.24407463202201635,0.33901098901099047
2023-03-01,0.023967783371263564,0.0,0.0,0.24407463202201635,0.33901098901099047
2023-03-01,0.026692905102139883,0.0,0.0,0.24407463202201635,0.33901098901099047
2023-03-01,0.024516614791719623,0.0,0.0,0.24407463202201635,0.33901098901099047
2023-03-01,0.015858464174798623,0.0,0.0,0.24407463202201635,0.33901098901099047
2023-03-01,0.002251799361942622,0.0,0.0,0.24407463202201635,0.33901098901099047
2023-03-01,0.006719019801591123,0.0,0.0,0.24407463202201635,0.33901098901099047
2023-03-01,0.0123791781472479,0.0,0.0,0.24407463202201635,0.33901098901099047
2023-03-01,0.01702637663284861,0.0,0.0,0.24407463202201635,0.33901098901099047
2023-03-02,0.004978056157387247,0.0,0.0,0.23832611439221058,0.3321428571428573
2023-03-02,0.03134891648633004,0.0,0.0,0.23832611439221058,0.3321428571428573
2023-03-02,0.010683600558032825,0.0,0.0,0.23832611439221058,0.3321428571428573
2023-03-02,0.0027288153511606955,0.0,0.0,0.23832611439221058,0.3321428571428573
2023-03-02,6.235863114088717e-07,0.0,0.0,0.23832611439221058,0.3321428571428573
2023-03-02,0.010745298486775794,0.0,0.0,0.23832611439221058,0.3321428571428573
2023-03-02,0.0018465958759390508,0.0,0.0,0.23832611439221058,0.3321428571428573
2023-03-02,0.007734494953105231,0.0,0.0,0.23832611439221058,0.3321428571428573
2023-03-02,0.035524390223429986,0.0,0.0,0.23832611439221058,0.3321428571428573
2023-03-02,0.007945508516141484,0.0,0.0,0.23832611439221058,0.3321428571428573
2023-03-03,0.008411887258363582,0.0,0.0,0.23304998108112546,0.3255494505494507
2023-03-03,0.0007957738974590584,0.0,0.0,0.23304998108112546,0.3255494505494507
2023-03-03,0.004776536528834742,0.0,0.0,0.23304998108112546,0.3255494505494507
2023-03-03,1.3799935967467182e-05,0.0,0.0,0.23304998108112546,0.3255494505494507
2023-03-03,0.0,0.0,0.0,0.23304998108112546,0.3255494505494507
2023-03-03,0.0,0.0,0.0,0.23304998108112546,0.3255494505494507
2023-03-03,0.0021818138586225705,0.0,0.0,0.23304998108112546,0.3255494505494507
2023-03-03,0.0016104312249481593,0.0,0.0,0.23304998108112546,0.3255494505494507
2023-03-03,0.007330770897731309,0.0,0.0,0.23304998108112546,0.3255494505494507
2023-03-03,0.0,0.0,0.0,0.23304998108112546,0.3255494505494507
2023-03-04,0.0,0.0,0.0,0.22811462252732656,0.3195054945054938
2023-03-04,0.0,0.0,0.0,0.22811462252732656,0.3195054945054938
2023-03-04,0.0,0.0,0.0,0.22811462252732656,0.3195054945054938
2023-03-04,0.0,0.0,0.0,0.22811462252732656,0.3195054945054938
2023-03-04,0.0,0.0,0.0,0.22811462252732656,0.3195054945054938
2023-03-04,0.0,0.0,0.0,0.22811462252732656,0.3195054945054938
2023-03-04,3.228320753323795e-06,0.0,0.0,0.22811462252732656,0.3195054945054938
2023-03-04,0.0,0.0,0.0,0.22811462252732656,0.3195054945054938
2023-03-04,0.0,0.0,0.0,0.22811462252732656,0.3195054945054938
2023-03-04,0.0,0.0,0.0,0.22811462252732656,0.3195054945054938
2023-03-05,0.0,0.0,0.0,0.22317691380278776,0.31318681318681385
2023-03-05,0.0,0.0,0.0,0.22317691380278776,0.31318681318681385
2023-03-05,0.0,0.0,0.0,0.22317691380278776,0.31318681318681385
2023-03-05,3.884470481401683e-07,0.0,0.0,0.22317691380278776,0.31318681318681385
2023-03-05,0.0,0.0,0.0,0.22317691380278776,0.31318681318681385
2023-03-05,0.0,0.0,0.0,0.22317691380278776,0.31318681318681385
2023-03-05,0.0,0.0,0.0,0.22317691380278776,0.31318681318681385
2023-03-05,0.0,0.0,0.0,0.22317691380278776,0.31318681318681385
2023-03-05,0.0,0.0,0.0,0.22317691380278776,0.31318681318681385
2023-03-05,0.0011369686924794387,0.0,0.0,0.22317691380278776,0.31318681318681385
2023-03-06,0.0,0.0,0.0,0.21749890129517907,0.30631868131868245
2023-03-06,0.0,0.0,0.0,0.21749890129517907,0.30631868131868245
2023-03-06,0.0,0.0,0.0,0.21749890129517907,0.30631868131868245
2023-03-06,0.0,0.0,0.0,0.21749890129517907,0.30631868131868245
2023-03-06,0.0,0.0,0.0,0.21749890129517907,0.30631868131868245
2023-03-06,0.0,0.0,0.0,0.21749890129517907,0.30631868131868245
2023-03-06,0.0,0.0,0.0,0.21749890129517907,0.30631868131868245
2023-03-06,0.0,0.0,0.0,0.21749890129517907,0.30631868131868245
2023-03-06,0.0,0.0,0.0,0.21749890129517907,0.30631868131868245
2023-03-06,0.0,0.0,0.0,0.21749890129517907,0.30631868131868245
2023-03-07,0.0,0.0,0.0,0.21181853861683048,0.29917582417582445
2023-03-07,0.0,0.0,0.0,0.21181853861683048,0.29917582417582445
2023-03-07,0.0,0.0,0.0,0.21181853861683048,0.29917582417582445
2023-03-07,4.894971237550257e-05,0.0,0.0,0.21181853861683048,0.29917582417582445
2023-03-07,0.00036661927971172453,0.0,0.0,0.21181853861683048,0.29917582417582445
2023-03-07,0.00010414841584813985,0.0,0.0,0.21181853861683048,0.29917582417582445
2023-03-07,0.0,0.0,0.0,0.21181853861683048,0.29917582417582445
2023-03-07,5.666265624484243e-06,0.0,0.0,0.21181853861683048,0.29917582417582445
2023-03-07,0.0,0.0,0.0,0.21181853861683048,0.29917582417582445
2023-03-07,0.0,0.0,0.0,0.21181853861683048,0.29917582417582445
2023-03-08,0.012222932944144635,0.0,0.0,0.20593371108411024,0.29203296703296644
2023-03-08,5.924071313950707e-06,0.0,0.0,0.20593371108411024,0.29203296703296644
2023-03-08,0.0003368309406727623,0.0,0.0,0.20593371108411024,0.29203296703296644
2023-03-08,8.900208521778728e-05,0.0,0.0,0.20593371108411024,0.29203296703296644
2023-03-08,0.0021155079475077476,0.0,0.0,0.20593371108411024,0.29203296703296644
2023-03-08,0.004490468235752487,0.0,0.0,0.20593371108411024,0.29203296703296644
2023-03-08,0.003774478689753325,0.0,0.0,0.20593371108411024,0.29203296703296644
2023-03-08,0.0005004265861386073,0.0,0.0,0.20593371108411024,0.29203296703296644
2023-03-08,0.016313139001238208,0.0,0.0,0.20593371108411024,0.29203296703296644
2023-03-08,0.0040792472975306245,0.0,0.0,0.20593371108411024,0.29203296703296644
2023-03-09,0.0,0.0,0.0,0.20032150335721893,0.2848901098901102
2023-03-09,0.01284517474038347,0.0,0.0,0.20032150335721893,0.2848901098901102
2023-03-09,0.021787689808446496,0.0,0.0,0.20032150335721893,0.2848901098901102
2023-03-09,0.029318984939593062,0.0,0.0,0.20032150335721893,0.2848901098901102
2023-03-09,0.0018313477063476467,0.0,0.0,0.20032150335721893,0.2848901098901102
2023-03-09,0.01750402731317825,0.0,0.0,0.20032150335721893,0.2848901098901102
2023-03-09,0.0050722098782806785,0.0,0.0,0.20032150335721893,0.2848901098901102
2023-03-09,0.002280604647598859,0.0,0.0,0.20032150335721893,0.2848901098901102
2023-03-09,0.0005342445944454864,0.0,0.0,0.20032150335721893,0.2848901098901102
2023-03-09,0.008123010464127708,0.0,0.0,0.20032150335721893,0.2848901098901102
2023-03-10,0.0,0.0,0.0,,
2023-03-10,0.0006021604291141089,0.0,0.0,,
2023-03-10,0.0,0.0,0.0,,
2023-03-10,0.00014685130806613785,0.0,0.0,,
2023-03-10,0.0,0.0,0.0,,
2023-03-10,0.0,0.0,0.0,,
2023-03-10,0.0,0.0,0.0,,
2023-03-10,0.0,0.0,0.0,,
2023-03-10,0.0006624655879112168,0.0,0.0,,
2023-03-10,0.0,0.0,0.0,,
2023-03-11,0.0,0.0,0.0,,
2023-03-11,0.0,0.0,0.0,,
2023-03-11,0.0,0.0,0.0,,
2023-03-11,0.0,0.0,0.0,,
2023-03-11,0.0,0.0,0.0,,
2023-03-11,0.0,0.0,0.0,,
2023-03-11,0.0,0.0,0.0,,
2023-03-11,0.0,0.0,0.0,,
2023-03-11,0.0,0.0,0.0,,
2023-03-11,0.0,0.0,0.0,,
2023-03-12,0.0044180843063892725,0.0,0.0,,
2023-03-12,3.0180041479872867e-05,0.0,0.0,,
2023-03-12,0.0,0.0,0.0,,
2023-03-12,0.00014486535241930442,0.0,0.0,,
2023-03-12,0.0,0.0,0.0,,
2023-03-12,0.0,0.0,0.0,,
2023-03-12,0.0,0.0,0.0,,
2023-03-12,0.000818025537275252,0.0,0.0,,
2023-03-12,0.0060030329321578675,0.0,0.0,,
2023-03-12,0.0,0.0,0.0,,
2023-03-13,0.004421730386281335,0.0,0.0,,
2023-03-13,0.0034392163814032637,0.0,0.0,,
2023-03-13,0.0,0.0,0.0,,
2023-03-13,0.0026914566548624065,0.0,0.0,,
2023-03-13,0.00020502692216502715,0.0,0.0,,
2023-03-13,0.00019935694567745356,0.0,0.0,,
2023-03-13,0.00029606643727573325,0.0,0.0,,
2023-03-13,0.0027273862927016273,0.0,0.0,,
2023-03-13,0.0013273143768212905,0.0,0.0,,
2023-03-13,0.0,0.0,0.0,,
2023-03-14,0.0,0.0,0.0,,
2023-03-14,0.001334781046804744,0.0,0.0,,
2023-03-14,0.025808188464127788,0.0,0.0,,
2023-03-14,0.004726851302383658,0.0,0.0,,
2023-03-14,0.008000233801595744,0.0,0.0,,
2023-03-14,0.013881042954577228,0.0,0.0,,
2023-03-14,0.006543077974326015,0.0,0.0,,
2023-03-14,0.003571826944989483,0.0,0.0,,
2023-03-14,0.013340195129027423,0.0,0.0,,
2023-03-14,0.01200898338689911,0.0,0.0,,
2023-03-15,0.0003242645769301676,0.0,0.0,,
2023-03-15,0.00024344348623483758,0.0,0.0,,
2023-03-15,1.5415962281313529e-06,0.0,0.0,,
2023-03-15,0.0,0.0,0.0,,
2023-03-15,2.3876780958683704e-05,0.0,0.0,,
2023-03-15,0.0012115030707307167,0.0,0.0,,
2023-03-15,0.0,0.0,0.0,,
2023-03-15,0.005128937618658516,0.0,0.0,,
2023-03-15,0.0029135872893199404,0.0,0.0,,
2023-03-15,0.0,0.0,0.0,,
2023-03-16,0.0022672819171023627,0.0,0.0,0.1560959903737006,0.2302197802197803
2023-03-16,0.025323876119647502,0.0,0.0,0.1560959903737006,0.2302197802197803
2023-03-16,0.06144969740832088,0.0,0.0,0.1560959903737006,0.2302197802197803
2023-03-16,0.03601061087603447,0.0,0.0,0.1560959903737006,0.2302197802197803
2023-03-16,0.011827463605095428,0.0,0.0,0.1560959903737006,0.2302197802197803
2023-03-16,0.010796770744923061,0.0,0.0,0.1560959903737006,0.2302197802197803
2023-03-16,0.02498725402499384,0.0,0.0,0.1560959903737006,0.2302197802197803
2023-03-16,0.001805399887615444,0.0,0.0,0.1560959903737006,0.2302197802197803
2023-03-16,0.005360662408692322,0.0,0.0,0.1560959903737006,0.2302197802197803
2023-03-16,0.0013827682182286692,0.0,0.0,0.1560959903737006,0.2302197802197803
2023-03-17,0.006392816095700718,0.0,0.0,0.15081985706261558,0.22362637362637372
2023-03-17,0.011408004622660317,0.0,0.0,0.15081985706261558,0.22362637362637372
2023-03-17,0.004651081344991414,0.0,0.0,0.15081985706261558,0.22362637362637372
2023-03-17,0.024829907843717816,0.0,0.0,0.15081985706261558,0.22362637362637372
2023-03-17,0.015238519949105342,0.0,0.0,0.15081985706261558,0.22362637362637372
2023-03-17,0.0032318356286193334,0.0,0.0,0.15081985706261558,0.22362637362637372
2023-03-17,0.0052830821533395534,0.0,0.0,0.15081985706261558,0.22362637362637372
2023-03-17,0.030419750550729537,0.0,0.0,0.15081985706261558,0.22362637362637372
2023-03-17,0.002499811403222049,0.0,0.0,0.15081985706261558,0.22362637362637372
2023-03-17,0.0765752177692484,0.0,0.0,0.15081985706261558,0.22362637362637372
2023-03-18,0.008986048067815113,0.0,0.0,0.14595030328953396,0.21758241758241859
2023-03-18,0.022336108048189415,0.0,0.0,0.14595030328953396,0.21758241758241859
2023-03-18,0.021456306856703498,0.0,0.0,0.14595030328953396,0.21758241758241859
2023-03-18,0.023885150214949094,0.0,0.0,0.14595030328953396,0.21758241758241859
2023-03-18,0.02193721330190652,0.0,0.0,0.14595030328953396,0.21758241758241859
2023-03-18,0.008854300613027607,0.0,0.0,0.14595030328953396,0.21758241758241859
2023-03-18,0.04654467375324907,0.0,0.0,0.14595030328953396,0.21758241758241859
2023-03-18,0.04834773431751749,0.0,0.0,0.14595030328953396,0.21758241758241859
2023-03-18,0.009923740731088157,0.0,0.0,0.14595030328953396,0.21758241758241859
2023-03-18,0.028827899480357345,0.0,0.0,0.14595030328953396,0.21758241758241859
2023-03-19,0.007690547972855816,0.0,0.0,0.142096023276091,0.2129120879120876
2023-03-19,0.019478375235900503,0.0,0.0,0.142096023276091,0.2129120879120876
2023-03-19,0.004715675147921948,0.0,0.0,0.142096023276091,0.2129120879120876
2023-03-19,0.02219547675192137,0.0,0.0,0.142096023276091,0.2129120879120876
2023-03-19,0.012214880899233954,0.0,0.0,0.142096023276091,0.2129120879120876
2023-03-19,0.023083018711633072,0.0,0.0,0.142096023276091,0.2129120879120876
2023-03-19,0.018988573934561954,0.0,0.0,0.142096023276091,0.2129120879120876
2023-03-19,0.013772328333558893,0.0,0.0,0.142096023276091,0.2129120879120876
2023-03-19,0.016041024513112793,0.0,0.0,0.142096023276091,0.2129120879120876
2023-03-19,0.00898837958919957,0.0,0.0,0.142096023276091,0.2129120879120876
2023-03-20,0.0328943840833933,0.0,0.0,0.13871647775210866,0.20879120879120983
2023-03-20,0.024595348525655022,0.0,0.0,0.13871647775210866,0.20879120879120983
2023-03-20,0.04047581618756889,0.0,0.0,0.13871647775210866,0.20879120879120983
2023-03-20,0.009438964803901695,0.0,0.0,0.13871647775210866,0.20879120879120983
2023-03-20,0.018492610838936576,0.0,0.0,0.13871647775210866,0.20879120879120983
2023-03-20,0.02806789252294401,0.0,0.0,0.13871647775210866,0.20879120879120983
2023-03-20,0.10092601888959446,0.0,0.0,0.13871647775210866,0.20879120879120983
2023-03-20,0.0012642582755765489,0.0,0.0,0.13871647775210866,0.20879120879120983
2023-03-20,0.023828200007820714,0.0,0.0,0.13871647775210866,0.20879120879120983
2023-03-20,0.00821658858237227,0.0,0.0,0.13871647775210866,0.20879120879120983
2023-03-21,0.03326229310932478,0.0,0.0,0.13513246737375467,0.20412087912087884
2023-03-21,0.26069153345272145,0.0,0.0,0.13513246737375467,0.20412087912087884
2023-03-21,0.020464285368455255,0.0,0.0,0.13513246737375467,0.20412087912087884
2023-03-21,0.22977889524091613,0.0,0.0,0.13513246737375467,0.20412087912087884
2023-03-21,0.06383496318969029,0.0,0.0,0.13513246737375467,0.20412087912087884
2023-03-21,0.00937608828199693,0.0,0.0,0.13513246737375467,0.20412087912087884
2023-03-21,0.08865339676955596,0.0,0.0,0.13513246737375467,0.20412087912087884
2023-03-21,0.050113977477394704,0.0,0.0,0.13513246737375467,0.20412087912087884
2023-03-21,0.03819672357942782,0.0,0.0,0.13513246737375467,0.20412087912087884
2023-03-21,0.16016117549386805,0.0,0.0,0.13513246737375467,0.20412087912087884
2023-03-22,0.038439476226989754,0.0,0.0,0.13181872663048966,0.2002747252747259
2023-03-22,0.06506059818206164,0.0,0.0,0.13181872663048966,0.2002747252747259
2023-03-22,0.030879808691346947,0.0,0.0,0.13181872663048966,0.2002747252747259
2023-03-22,0.008509031986418522,0.0,0.0,0.13181872663048966,0.2002747252747259
2023-03-22,0.023934907504666914,0.0,0.0,0.13181872663048966,0.2002747252747259
2023-03-22,0.025999021021162572,0.0,0.0,0.13181872663048966,0.2002747252747259
2023-03-22,0.05010509872471053,0.0,0.0,0.13181872663048966,0.2002747252747259
2023-03-22,0.009686302669130719,0.0,0.0,0.13181872663048966,0.2002747252747259
2023-03-22,0.017562258332665857,0.0,0.0,0.13181872663048966,0.2002747252747259
2023-03-22,0.01835777709557909,0.0,0.0,0.13181872663048966,0.2002747252747259
2023-03-23,0.008097129388741808,0.0,0.0,0.1291794848895772,0.1969780219780226
2023-03-23,0.0,0.0,0.0,0.1291794848895772,0.1969780219780226
2023-03-23,0.00328762912278359,0.0,0.0,0.1291794848895772,0.1969780219780226
2023-03-23,0.015110839610430468,0.0,0.0,0.1291794848895772,0.1969780219780226
2023-03-23,0.0035992559389653243,0.0,0.0,0.1291794848895772,0.1969780219780226
2023-03-23,0.0001119715801457392,0.0,0.0,0.1291794848895772,0.1969780219780226
2023-03-23,0.0008166588985833707,0.0,0.0,0.1291794848895772,0.1969780219780226
2023-03-23,0.0007961694666531972,0.0,0.0,0.1291794848895772,0.1969780219780226
2023-03-23,0.0,0.0,0.0,0.1291794848895772,0.1969780219780226
2023-03-23,4.799258894514393e-06,0.0,0.0,0.1291794848895772,0.1969780219780226
2023-03-24,0.0,0.0,0.0,0.12681286295449357,0.19395604395604416
2023-03-24,0.0,0.0,0.0,0.12681286295449357,0.19395604395604416
2023-03-24,0.00758283497105797,0.0,0.0,0.12681286295449357,0.19395604395604416
2023-03-24,0.00018228228385122464,0.0,0.0,0.12681286295449357,0.19395604395604416
2023-03-24,0.002587659746199534,0.0,0.0,0.12681286295449357,0.19395604395604416
2023-03-24,4.7018866603907256e-05,0.0,0.0,0.12681286295449357,0.19395604395604416
2023-03-24,0.00019410686537908758,0.0,0.0,0.12681286295449357,0.19395604395604416
2023-03-24,0.0,0.0,0.0,0.12681286295449357,0.19395604395604416
2023-03-24,0.0001658665662532594,0.0,0.0,0.12681286295449357,0.19395604395604416
2023-03-24,0.0,0.0,0.0,0.12681286295449357,0.19395604395604416
2023-03-25,0.03872027432994573,0.0,0.0,0.12492097550887066,0.19148351648351714
2023-03-25,0.026766243620702023,0.0,0.0,0.12492097550887066,0.19148351648351714
2023-03-25,0.06450244491289062,0.0,0.0,0.12492097550887066,0.19148351648351714
2023-03-25,0.052447387045915825,0.0,0.0,0.12492097550887066,0.19148351648351714
2023-03-25,0.150530942658573,0.0,0.0,0.12492097550887066,0.19148351648351714
2023-03-25,0.03935387683491503,0.0,0.0,0.12492097550887066,0.19148351648351714
2023-03-25,0.11671469695540525,0.0,0.0,0.12492097550887066,0.19148351648351714
2023-03-25,0.018172310568572426,0.0,0.0,0.12492097550887066,0.19148351648351714
2023-03-25,0.09776303986823189,0.0,0.0,0.12492097550887066,0.19148351648351714
2023-03-25,0.02499088162105991,0.0,0.0,0.12492097550887066,0.19148351648351714
2023-03-26,0.13034902791993874,0.0,0.0,0.12410781643286378,0.19065934065934087
2023-03-26,0.060732230243406606,0.0,0.0,0.12410781643286378,0.19065934065934087
2023-03-26,0.09426917534055958,0.0,0.0,0.12410781643286378,0.19065934065934087
2023-03-26,0.11166977896165653,0.0,0.0,0.12410781643286378,0.19065934065934087
2023-03-26,0.07029869142070802,0.0,0.0,0.12410781643286378,0.19065934065934087
2023-03-26,0.11566062945471176,0.0,0.0,0.12410781643286378,0.19065934065934087
2023-03-26,0.10103645730445746,0.0,0.0,0.12410781643286378,0.19065934065934087
2023-03-26,0.049325703732409805,0.0,0.0,0.12410781643286378,0.19065934065934087
2023-03-26,0.028651236598843714,0.0,0.0,0.12410781643286378,0.19065934065934087
2023-03-26,0.05057088687781914,0.0,0.0,0.12410781643286378,0.19065934065934087
2023-03-27,1.3794271055375771e-06,0.0,0.0,0.12302673789250784,0.18928571428571317
2023-03-27,0.0014851996383977728,0.0,0.0,0.12302673789250784,0.18928571428571317
2023-03-27,0.0037120171833208535,0.0,0.0,0.12302673789250784,0.18928571428571317
2023-03-27,0.011386173928241743,0.0,0.0,0.12302673789250784,0.18928571428571317
2023-03-27,0.0011982206358017793,0.0,0.0,0.12302673789250784,0.18928571428571317
2023-03-27,0.0014061731238035667,0.0,0.0,0.12302673789250784,0.18928571428571317
2023-03-27,0.005184877682764727,0.0,0.0,0.12302673789250784,0.18928571428571317
2023-03-27,0.001318948368493057,0.0,0.0,0.12302673789250784,0.18928571428571317
2023-03-27,0.0038772284003080098,0.0,0.0,0.12302673789250784,0.18928571428571317
2023-03-27,0.0111240711948745,0.0,0.0,0.12302673789250784,0.18928571428571317
2023-03-28,0.0018324507903928517,0.0,0.0,0.12221592898724093,0.18818681318681385
2023-03-28,0.0,0.0,0.0,0.12221592898724093,0.18818681318681385
2023-03-28,0.0,0.0,0.0,0.12221592898724093,0.18818681318681385
2023-03-28,1.9242642932654218e-05,0.0,0.0,0.12221592898724093,0.18818681318681385
2023-03-28,0.0027387832323337285,0.0,0.0,0.12221592898724093,0.18818681318681385
2023-03-28,0.000996042235177946,0.0,0.0,0.12221592898724093,0.18818681318681385
2023-03-28,0.0,0.0,0.0,0.12221592898724093,0.18818681318681385
2023-03-28,1.9507035319381312e-05,0.0,0.0,0.12221592898724093,0.18818681318681385
2023-03-28,0.0,0.0,0.0,0.12221592898724093,0.18818681318681385
2023-03-28,5.8026105288924765e-05,0.0,0.0,0.12221592898724093,0.18818681318681385
2023-03-29,3.2191041894197296e-05,0.0,0.0,0.12120065522760226,0.18708791208791276
2023-03-29,0.0025358794599823088,0.0,0.0,0.12120065522760226,0.18708791208791276
2023-03-29,0.0,0.0,0.0,0.12120065522760226,0.18708791208791276
2023-03-29,0.0,0.0,0.0,0.12120065522760226,0.18708791208791276
2023-03-29,0.00019507035048268027,0.0,0.0,0.12120065522760226,0.18708791208791276
2023-03-29,0.0,0.0,0.0,0.12120065522760226,0.18708791208791276
2023-03-29,0.0,0.0,0.0,0.12120065522760226,0.18708791208791276
2023-03-29,0.0,0.0,0.0,0.12120065522760226,0.18708791208791276
2023-03-29,0.0,0.0,0.0,0.12120065522760226,0.18708791208791276
2023-03-29,0.0012905561835715373,0.0,0.0,0.12120065522760226,0.18708791208791276
2023-03-30,0.00011432980415542664,0.0,0.0,0.1198493070521573,0.18543956043956022
2023-03-30,0.007396518966828566,0.0,0.0,0.1198493070521573,0.18543956043956022
2023-03-30,0.0,0.0,0.0,0.1198493070521573,0.18543956043956022
2023-03-30,0.0,0.0,0.0,0.1198493070521573,0.18543956043956022
2023-03-30,3.870701722106432e-05,0.0,0.0,0.1198493070521573,0.18543956043956022
2023-03-30,0.00032452687022228513,0.0,0.0,0.1198493070521573,0.18543956043956022
2023-03-30,0.0027766526423494554,0.0,0.0,0.1198493070521573,0.18543956043956022
2023-03-30,0.0032958138952696747,0.0,0.0,0.1198493070521573,0.18543956043956022
2023-03-30,5.379551735436314e-05,0.0,0.0,0.1198493070521573,0.18543956043956022
2023-03-30,1.9507035319381312e-05,0.0,0.0,0.1198493070521573,0.18543956043956022
2023-03-31,0.009176772698717812,0.0,0.0,0.11829349402234068,0.18351648351648464
2023-03-31,0.04900974333506765,0.0,0.0,0.11829349402234068,0.18351648351648464
2023-03-31,0.0,0.0,0.0,0.11829349402234068,0.18351648351648464
2023-03-31,0.0029733702832522324,0.0,0.0,0.11829349402234068,0.18351648351648464
2023-03-31,0.0843926416192062,0.0,0.0,0.11829349402234068,0.18351648351648464
2023-03-31,0.03088736366428291,0.0,0.0,0.11829349402234068,0.18351648351648464
2023-03-31,0.0,0.0,0.0,0.11829349402234068,0.18351648351648464
2023-03-31,0.035197208011404434,0.0,0.0,0.11829349402234068,0.18351648351648464
2023-03-31,0.009017406430665712,0.0,0.0,0.11829349402234068,0.18351648351648464
2023-03-31,0.0007410783416098564,0.0,0.0,0.11829349402234068,0.18351648351648464
2023-04-01,0.08864371085501058,0.0,0.0,0.11741453016561648,0.18241758241758177
2023-04-01,0.024442634662557097,0.0,0.0,0.11741453016561648,0.18241758241758177
2023-04-01,0.12429294942060676,0.0,0.0,0.11741453016561648,0.18241758241758177
2023-04-01,0.0834868728285628,0.0,0.0,0.11741453016561648,0.18241758241758177
2023-04-01,0.022436987846361105,0.0,0.0,0.11741453016561648,0.18241758241758177
2023-04-01,0.16312829554567987,0.0,0.0,0.11741453016561648,0.18241758241758177
2023-04-01,0.07220171756678406,0.0,0.0,0.11741453016561648,0.18241758241758177
2023-04-01,0.1834033009747613,0.0,0.0,0.11741453016561648,0.18241758241758177
2023-04-01,0.062325999777128875,0.0,0.0,0.11741453016561648,0.18241758241758177
2023-04-01,0.10035229899100065,0.0,0.0,0.11741453016561648,0.18241758241758177
2023-04-02,0.0810452155496451,0.0,0.0,0.11633110145452064,0.18104395604395762
2023-04-02,0.03660368418563804,0.0,0.0,0.11633110145452064,0.18104395604395762
2023-04-02,0.03574856968673851,0.0,0.0,0.11633110145452064,0.18104395604395762
2023-04-02,0.041963464599102426,0.0,0.0,0.11633110145452064,0.18104395604395762
2023-04-02,0.05174955882106751,0.0,0.0,0.11633110145452064,0.18104395604395762
2023-04-02,0.09912947448975443,0.0,0.0,0.11633110145452064,0.18104395604395762
2023-04-02,0.03689392978611651,0.0,0.0,0.11633110145452064,0.18104395604395762
2023-04-02,0.0936720331661627,0.0,0.0,0.11633110145452064,0.18104395604395762
2023-04-02,0.08342650715524712,0.0,0.0,0.11633110145452064,0.18104395604395762
2023-04-02,0.010439157573361172,0.0,0.0,0.11633110145452064,0.18104395604395762
2023-04-03,9.73884060311212e-05,0.0,0.0,0.1153863328170791,0.17967032967032992
2023-04-03,0.0,0.0,0.0,0.1153863328170791,0.17967032967032992
2023-04-03,0.005275455060203062,0.0,0.0,0.1153863328170791,0.17967032967032992
2023-04-03,0.005951020848826395,0.0,0.0,0.1153863328170791,0.17967032967032992
2023-04-03,0.0008228388337378837,0.0,0.0,0.1153863328170791,0.17967032967032992
2023-04-03,0.0,0.0,0.0,0.1153863328170791,0.17967032967032992
2023-04-03,2.4810940416014224e-05,0.0,0.0,0.1153863328170791,0.17967032967032992
2023-04-03,2.75885556664158e-07,0.0,0.0,0.1153863328170791,0.17967032967032992
2023-04-03,0.0024165672192413144,0.0,0.0,0.1153863328170791,0.17967032967032992
2023-04-03,0.011462463127219807,0.0,0.0,0.1153863328170791,0.17967032967032992
2023-04-04,0.09294051784547946,0.0,0.0,0.11545213759779643,0.17994505494505475
2023-04-04,0.05939882780291193,0.0,0.0,0.11545213759779643,0.17994505494505475
2023-04-04,0.07801273310365082,0.0,0.0,0.11545213759779643,0.17994505494505475
2023-04-04,0.042622651692680216,0.0,0.0,0.11545213759779643,0.17994505494505475
2023-04-04,0.022455964009334736,0.0,0.0,0.11545213759779643,0.17994505494505475
2023-04-04,0.007452967989871479,0.0,0.0,0.11545213759779643,0.17994505494505475
2023-04-04,0.028778997088094616,0.0,0.0,0.11545213759779643,0.17994505494505475
2023-04-04,0.05783596813475504,0.0,0.0,0.11545213759779643,0.17994505494505475
2023-04-04,0.03335574888295497,0.0,0.0,0.11545213759779643,0.17994505494505475
2023-04-04,0.010274310013501153,0.0,0.0,0.11545213759779643,0.17994505494505475
2023-04-05,0.015735956366500273,0.0,0.0,0.11579056218434264,0.18021978021977958
2023-04-05,0.013608277891490656,0.0,0.0,0.11579056218434264,0.18021978021977958
2023-04-05,0.013978139848759714,0.0,0.0,0.11579056218434264,0.18021978021977958
2023-04-05,0.021050049419159805,0.0,0.0,0.11579056218434264,0.18021978021977958
2023-04-05,0.033391893542096145,0.0,0.0,0.11579056218434264,0.18021978021977958
2023-04-05,0.013983561210298184,0.0,0.0,0.11579056218434264,0.18021978021977958
2023-04-05,0.024492341963729635,0.0,0.0,0.11579056218434264,0.18021978021977958
2023-04-05,0.002859002932617957,0.0,0.0,0.11579056218434264,0.18021978021977958
2023-04-05,0.007136463197730695,0.0,0.0,0.11579056218434264,0.18021978021977958
2023-04-05,0.03332199409758838,0.0,0.0,0.11579056218434264,0.18021978021977958
2023-04-06,0.0,0.0,0.0,0.1161289867708889,0.18076923076923102
2023-04-06,0.00018212236564668012,0.0,0.0,0.1161289867708889,0.18076923076923102
2023-04-06,0.0,0.0,0.0,0.1161289867708889,0.18076923076923102
2023-04-06,0.0,0.0,0.0,0.1161289867708889,0.18076923076923102
2023-04-06,9.625021010436771e-05,0.0,0.0,0.1161289867708889,0.18076923076923102
2023-04-06,0.0,0.0,0.0,0.1161289867708889,0.18076923076923102
2023-04-06,1.1693906280028606e-05,0.0,0.0,0.1161289867708889,0.18076923076923102
2023-04-06,0.0,0.0,0.0,0.1161289867708889,0.18076923076923102
2023-04-06,0.0,0.0,0.0,0.1161289867708889,0.18076923076923102
2023-04-06,0.0001159979465760608,0.0,0.0,0.1161289867708889,0.18076923076923102
2023-04-07,0.0,0.0,0.0,0.11579056218434264,0.18021978021977958
2023-04-07,0.0,0.0,0.0,0.11579056218434264,0.18021978021977958
2023-04-07,0.002055718263855147,0.0,0.0,0.11579056218434264,0.18021978021977958
2023-04-07,0.0,0.0,0.0,0.11579056218434264,0.18021978021977958
2023-04-07,0.002247598599858333,0.0,0.0,0.11579056218434264,0.18021978021977958
2023-04-07,0.0,0.0,0.0,0.11579056218434264,0.18021978021977958
2023-04-07,4.323843449008239e-07,0.0,0.0,0.11579056218434264,0.18021978021977958
2023-04-07,3.544419865778257e-06,0.0,0.0,0.11579056218434264,0.18021978021977958
2023-04-07,0.00043372333884881024,0.0,0.0,0.11579056218434264,0.18021978021977958
2023-04-07,0.0,0.0,0.0,0.11579056218434264,0.18021978021977958
2023-04-08,0.0,0.0,0.0,0.11552029254925367,0.17994505494505475
2023-04-08,0.0,0.0,0.0,0.11552029254925367,0.17994505494505475
2023-04-08,0.0,0.0,0.0,0.11552029254925367,0.17994505494505475
2023-04-08,0.0,0.0,0.0,0.11552029254925367,0.17994505494505475
2023-04-08,0.0,0.0,0.0,0.11552029254925367,0.17994505494505475
2023-04-08,0.0,0.0,0.0,0.11552029254925367,0.17994505494505475
2023-04-08,0.0,0.0,0.0,0.11552029254925367,0.17994505494505475
2023-04-08,0.0,0.0,0.0,0.11552029254925367,0.17994505494505475
2023-04-08,0.0,0.0,0.0,0.11552029254925367,0.17994505494505475
2023-04-08,0.0,0.0,0.0,0.11552029254925367,0.17994505494505475
2023-04-09,0.0,0.0,0.0,0.11460137578995105,0.17884615384615365
2023-04-09,0.003140419587311632,0.0,0.0,0.11460137578995105,0.17884615384615365
2023-04-09,0.00021457738580206155,0.0,0.0,0.11460137578995105,0.17884615384615365
2023-04-09,0.0,0.0,0.0,0.11460137578995105,0.17884615384615365
2023-04-09,0.0,0.0,0.0,0.11460137578995105,0.17884615384615365
2023-04-09,0.0,0.0,0.0,0.11460137578995105,0.17884615384615365
2023-04-09,0.0,0.0,0.0,0.11460137578995105,0.17884615384615365
2023-04-09,5.076186407311372e-05,0.0,0.0,0.11460137578995105,0.17884615384615365
2023-04-09,1.1276212886262179e-05,0.0,0.0,0.11460137578995105,0.17884615384615365
2023-04-09,0.0,0.0,0.0,0.11460137578995105,0.17884615384615365
2023-04-10,0.001433963400631951,0.0,0.0,0.11323827676080667,0.17664835164835146
2023-04-10,0.0,0.0,0.0,0.11323827676080667,0.17664835164835146
2023-04-10,0.0,0.0,0.0,0.11323827676080667,0.17664835164835146
2023-04-10,0.0,0.0,0.0,0.11323827676080667,0.17664835164835146
2023-04-10,0.0,0.0,0.0,0.11323827676080667,0.17664835164835146
2023-04-10,0.0,0.0,0.0,0.11323827676080667,0.17664835164835146
2023-04-10,0.0,0.0,0.0,0.11323827676080667,0.17664835164835146
2023-04-10,0.0,0.0,0.0,0.11323827676080667,0.17664835164835146
2023-04-10,0.0,0.0,0.0,0.11323827676080667,0.17664835164835146
2023-04-10,0.0,0.0,0.0,0.11323827676080667,0.17664835164835146
2023-04-11,0.0,0.0,0.0,0.1107846985083466,0.17280219780219852
2023-04-11,0.0,0.0,0.0,0.1107846985083466,0.17280219780219852
2023-04-11,0.0,0.0,0.0,0.1107846985083466,0.17280219780219852
2023-04-11,5.852110528036072e-05,0.0,0.0,0.1107846985083466,0.17280219780219852
2023-04-11,0.0,0.0,0.0,0.1107846985083466,0.17280219780219852
2023-04-11,0.001383385968826617,0.0,0.0,0.1107846985083466,0.17280219780219852
2023-04-11,0.0,0.0,0.0,0.1107846985083466,0.17280219780219852
2023-04-11,0.0,0.0,0.0,0.1107846985083466,0.17280219780219852
2023-04-11,9.550712383473482e-06,0.0,0.0,0.1107846985083466,0.17280219780219852
2023-04-11,6.166383556958987e-07,0.0,0.0,0.1107846985083466,0.17280219780219852
2023-04-12,0.0,0.0,0.0,0.10718893727629308,0.16730769230769305
2023-04-12,0.0,0.0,0.0,0.10718893727629308,0.16730769230769305
2023-04-12,0.0,0.0,0.0,0.10718893727629308,0.16730769230769305
2023-04-12,0.0,0.0,0.0,0.10718893727629308,0.16730769230769305
2023-04-12,0.0,0.0,0.0,0.10718893727629308,0.16730769230769305
2023-04-12,0.0,0.0,0.0,0.10718893727629308,0.16730769230769305
2023-04-12,0.0,0.0,0.0,0.10718893727629308,0.16730769230769305
2023-04-12,0.0,0.0,0.0,0.10718893727629308,0.16730769230769305
2023-04-12,0.0,0.0,0.0,0.10718893727629308,0.16730769230769305
2023-04-12,0.0,0.0,0.0,0.10718893727629308,0.16730769230769305
2023-04-13,0.0,0.0,0.0,0.10413606548515747,0.16263736263736384
2023-04-13,0.0,0.0,0.0,0.10413606548515747,0.16263736263736384
2023-04-13,0.0,0.0,0.0,0.10413606548515747,0.16263736263736384
2023-04-13,0.0,0.0,0.0,0.10413606548515747,0.16263736263736384
2023-04-13,0.0,0.0,0.0,0.10413606548515747,0.16263736263736384
2023-04-13,0.0,0.0,0.0,0.10413606548515747,0.16263736263736384
2023-04-13,0.0,0.0,0.0,0.10413606548515747,0.16263736263736384
2023-04-13,0.0,0.0,0.0,0.10413606548515747,0.16263736263736384
2023-04-13,0.0,0.0,0.0,0.10413606548515747,0.16263736263736384
2023-04-13,0.0,0.0,0.0,0.10413606548515747,0.16263736263736384
2023-04-14,0.0,0.0,0.0,0.10086462781521072,0.15769230769230802
2023-04-14,0.0,0.0,0.0,0.10086462781521072,0.15769230769230802
2023-04-14,0.0,0.0,0.0,0.10086462781521072,0.15769230769230802
2023-04-14,0.0,0.0,0.0,0.10086462781521072,0.15769230769230802
2023-04-14,0.0,0.0,0.0,0.10086462781521072,0.15769230769230802
2023-04-14,0.0,0.0,0.0,0.10086462781521072,0.15769230769230802
2023-04-14,0.0,0.0,0.0,0.10086462781521072,0.15769230769230802
2023-04-14,0.0,0.0,0.0,0.10086462781521072,0.15769230769230802
2023-04-14,0.0,0.0,0.0,0.10086462781521072,0.15769230769230802
2023-04-14,0.0,0.0,0.0,0.10086462781521072,0.15769230769230802
2023-04-15,4.387050190283128e-05,0.0,0.0,0.09770364817003951,0.1527472527472522
2023-04-15,0.00040800460745357085,0.0,0.0,0.09770364817003951,0.1527472527472522
2023-04-15,0.003948333836686149,0.0,0.0,0.09770364817003951,0.1527472527472522
2023-04-15,0.0,0.0,0.0,0.09770364817003951,0.1527472527472522
2023-04-15,0.0,0.0,0.0,0.09770364817003951,0.1527472527472522
2023-04-15,0.00019393055837646096,0.0,0.0,0.09770364817003951,0.1527472527472522
2023-04-15,0.0028550981401624905,0.0,0.0,0.09770364817003951,0.1527472527472522
2023-04-15,0.00013330104913406772,0.0,0.0,0.09770364817003951,0.1527472527472522
2023-04-15,7.5347966852908465e-06,0.0,0.0,0.09770364817003951,0.1527472527472522
2023-04-15,0.0,0.0,0.0,0.09770364817003951,0.1527472527472522
2023-04-16,0.0072485276836547425,0.0,0.0,0.09508555796578616,0.14890109890109926
2023-04-16,0.0,0.0,0.0,0.09508555796578616,0.14890109890109926
2023-04-16,0.004221178360365438,0.0,0.0,0.09508555796578616,0.14890109890109926
2023-04-16,0.000357669690548426,0.0,0.0,0.09508555796578616,0.14890109890109926
2023-04-16,0.0005121968453753252,0.0,0.0,0.09508555796578616,0.14890109890109926
2023-04-16,0.0007221763267641229,0.0,0.0,0.09508555796578616,0.14890109890109926
2023-04-16,0.004368164690303153,0.0,0.0,0.09508555796578616,0.14890109890109926
2023-04-16,0.0,0.0,0.0,0.09508555796578616,0.14890109890109926
2023-04-16,0.0,0.0,0.0,0.09508555796578616,0.14890109890109926
2023-04-16,0.0013453441531284358,0.0,0.0,0.09508555796578616,0.14890109890109926
2023-04-17,0.0,0.0,0.0,0.09236171007823712,0.14450549450549488
2023-04-17,0.0,0.0,0.0,0.09236171007823712,0.14450549450549488
2023-04-17,0.0,0.0,0.0,0.09236171007823712,0.14450549450549488
2023-04-17,0.0,0.0,0.0,0.09236171007823712,0.14450549450549488
2023-04-17,0.0,0.0,0.0,0.09236171007823712,0.14450549450549488
2023-04-17,0.0,0.0,0.0,0.09236171007823712,0.14450549450549488
2023-04-17,1.1679460008633979e-05,0.0,0.0,0.09236171007823712,0.14450549450549488
2023-04-17,0.0,0.0,0.0,0.09236171007823712,0.14450549450549488
2023-04-17,0.0,0.0,0.0,0.09236171007823712,0.14450549450549488
2023-04-17,0.0,0.0,0.0,0.09236171007823712,0.14450549450549488
2023-04-18,0.00041836115188758916,0.0,0.0,0.09056382946221037,0.14175824175824303
2023-04-18,0.003733033323296718,0.0,0.0,0.09056382946221037,0.14175824175824303
2023-04-18,0.0,0.0,0.0,0.09056382946221037,0.14175824175824303
2023-04-18,0.0,0.0,0.0,0.09056382946221037,0.14175824175824303
2023-04-18,2.7794426217212225e-05,0.0,0.0,0.09056382946221037,0.14175824175824303
2023-04-18,0.0,0.0,0.0,0.09056382946221037,0.14175824175824303
2023-04-18,0.0006160329055076941,0.0,0.0,0.09056382946221037,0.14175824175824303
2023-04-18,2.5659720199829236e-06,0.0,0.0,0.09056382946221037,0.14175824175824303
2023-04-18,0.0,0.0,0.0,0.09056382946221037,0.14175824175824303
2023-04-18,9.00479325040327e-06,0.0,0.0,0.09056382946221037,0.14175824175824303
2023-04-19,0.11120432962559809,0.0,0.0,0.08783763140392142,0.1376373626373617
2023-04-19,0.0605984811497465,0.0,0.0,0.08783763140392142,0.1376373626373617
2023-04-19,0.14484212625804055,0.0,0.0,0.08783763140392142,0.1376373626373617
2023-04-19,0.14220893843415786,0.0,0.0,0.08783763140392142,0.1376373626373617
2023-04-19,0.027180588884687756,0.0,0.0,0.08783763140392142,0.1376373626373617
2023-04-19,0.06114353800904692,0.0,0.0,0.08783763140392142,0.1376373626373617
2023-04-19,0.07868223075678278,0.0,0.0,0.08783763140392142,0.1376373626373617
2023-04-19,0.028159888241733256,0.0,0.0,0.08783763140392142,0.1376373626373617
2023-04-19,0.1589737106703574,0.0,0.0,0.08783763140392142,0.1376373626373617
2023-04-19,0.12004380379727152,0.0,0.0,0.08783763140392142,0.1376373626373617
2023-04-20,0.26000193459917237,0.0,0.0,0.08680120610762371,0.13598901098901095
2023-04-20,0.16996143996475888,0.0,0.0,0.08680120610762371,0.13598901098901095
2023-04-20,0.14549950023204633,0.0,0.0,0.08680120610762371,0.13598901098901095
2023-04-20,0.12942093278828015,0.0,0.0,0.08680120610762371,0.13598901098901095
2023-04-20,0.12949788658284292,0.0,0.0,0.08680120610762371,0.13598901098901095
2023-04-20,0.21082663222097295,0.0,0.0,0.08680120610762371,0.13598901098901095
2023-04-20,0.1713550845695233,0.0,0.0,0.08680120610762371,0.13598901098901095
2023-04-20,0.17638426622371062,0.0,0.0,0.08680120610762371,0.13598901098901095
2023-04-20,0.08575041504764463,0.0,0.0,0.08680120610762371,0.13598901098901095
2023-04-20,0.1034477537513567,0.0,0.0,0.08680120610762371,0.13598901098901095
2023-04-21,0.18157412361837239,0.0,0.0,0.08794573925795707,0.1379120879120883
2023-04-21,0.10059122319635268,0.0,0.0,0.08794573925795707,0.1379120879120883
2023-04-21,0.14584302901693763,0.0,0.0,0.08794573925795707,0.1379120879120883
2023-04-21,0.07877279459279032,0.0,0.0,0.08794573925795707,0.1379120879120883
2023-04-21,0.04357348409108239,0.0,0.0,0.08794573925795707,0.1379120879120883
2023-04-21,0.12450822852960232,0.0,0.0,0.08794573925795707,0.1379120879120883
2023-04-21,0.1589544073705717,0.0,0.0,0.08794573925795707,0.1379120879120883
2023-04-21,0.10501134542470549,0.0,0.0,0.08794573925795707,0.1379120879120883
2023-04-21,0.1355334251750511,0.0,0.0,0.08794573925795707,0.1379120879120883
2023-04-21,0.11765541836548686,0.0,0.0,0.08794573925795707,0.1379120879120883
2023-04-22,0.021023608395206114,0.0,0.0,0.08930883828710151,0.13983516483516567
2023-04-22,0.0012053530332714973,0.0,0.0,0.08930883828710151,0.13983516483516567
2023-04-22,0.005818046734525003,0.0,0.0,0.08930883828710151,0.13983516483516567
2023-04-22,0.0008567379340616752,0.0,0.0,0.08930883828710151,0.13983516483516567
2023-04-22,0.012608205162860407,0.0,0.0,0.08930883828710151,0.13983516483516567
2023-04-22,0.0017551146237528925,0.0,0.0,0.08930883828710151,0.13983516483516567
2023-04-22,0.005582674919091553,0.0,0.0,0.08930883828710151,0.13983516483516567
2023-04-22,0.003012688656186633,0.0,0.0,0.08930883828710151,0.13983516483516567
2023-04-22,0.0025522426805593204,0.0,0.0,0.08930883828710151,0.13983516483516567
2023-04-22,0.011616296542461654,0.0,0.0,0.08930883828710151,0.13983516483516567
2023-04-23,0.018923093614911672,0.0,0.0,0.08811025120975036,0.13818681318681492
2023-04-23,0.003986284424119474,0.0,0.0,0.08811025120975036,0.13818681318681492
2023-04-23,0.0020010991829636127,0.0,0.0,0.08811025120975036,0.13818681318681492
2023-04-23,0.002143810818901985,0.0,0.0,0.08811025120975036,0.13818681318681492
2023-04-23,0.0008438406609656461,0.0,0.0,0.08811025120975036,0.13818681318681492
2023-04-23,0.003408730210324211,0.0,0.0,0.08811025120975036,0.13818681318681492
2023-04-23,0.010192994031259702,0.0,0.0,0.08811025120975036,0.13818681318681492
2023-04-23,0.0,0.0,0.0,0.08811025120975036,0.13818681318681492
2023-04-23,0.0015646166591455194,0.0,0.0,0.08811025120975036,0.13818681318681492
2023-04-23,0.00044868873186162733,0.0,0.0,0.08811025120975036,0.13818681318681492
2023-04-24,0.0,0.0,0.0,0.0849492715645791,0.1332417582417591
2023-04-24,0.0,0.0,0.0,0.0849492715645791,0.1332417582417591
2023-04-24,5.736011550416549e-08,0.0,0.0,0.0849492715645791,0.1332417582417591
2023-04-24,0.0,0.0,0.0,0.0849492715645791,0.1332417582417591
2023-04-24,0.0,0.0,0.0,0.0849492715645791,0.1332417582417591
2023-04-24,0.0,0.0,0.0,0.0849492715645791,0.1332417582417591
2023-04-24,0.0,0.0,0.0,0.0849492715645791,0.1332417582417591
2023-04-24,0.0,0.0,0.0,0.0849492715645791,0.1332417582417591
2023-04-24,0.0,0.0,0.0,0.0849492715645791,0.1332417582417591
2023-04-24,0.0,0.0,0.0,0.0849492715645791,0.1332417582417591
2023-04-25,0.0,0.0,0.0,0.08031238469474805,0.12609890109890287
2023-04-25,0.0,0.0,0.0,0.08031238469474805,0.12609890109890287
2023-04-25,3.884470481401683e-07,0.0,0.0,0.08031238469474805,0.12609890109890287
2023-04-25,0.0,0.0,0.0,0.08031238469474805,0.12609890109890287
2023-04-25,0.0,0.0,0.0,0.08031238469474805,0.12609890109890287
2023-04-25,0.0,0.0,0.0,0.08031238469474805,0.12609890109890287
2023-04-25,1.0450909479584058e-05,0.0,0.0,0.08031238469474805,0.12609890109890287
2023-04-25,0.0,0.0,0.0,0.08031238469474805,0.12609890109890287
2023-04-25,0.0,0.0,0.0,0.08031238469474805,0.12609890109890287
2023-04-25,0.0,0.0,0.0,0.08031238469474805,0.12609890109890287
2023-04-26,0.001067723249804759,0.0,0.0,0.07568254833713661,0.11895604395604309
2023-04-26,0.023887108619386116,0.0,0.0,0.07568254833713661,0.11895604395604309
2023-04-26,0.003791607712504342,0.0,0.0,0.07568254833713661,0.11895604395604309
2023-04-26,0.00019746509006294971,0.0,0.0,0.07568254833713661,0.11895604395604309
2023-04-26,0.0,0.0,0.0,0.07568254833713661,0.11895604395604309
2023-04-26,0.01360932661189994,0.0,0.0,0.07568254833713661,0.11895604395604309
2023-04-26,0.0,0.0,0.0,0.07568254833713661,0.11895604395604309
2023-04-26,0.05094176032012113,0.0,0.0,0.07568254833713661,0.11895604395604309
2023-04-26,0.006266883256338367,0.0,0.0,0.07568254833713661,0.11895604395604309
2023-04-26,0.0012454642200742773,0.0,0.0,0.07568254833713661,0.11895604395604309
2023-04-27,0.14112609330271877,0.0,0.0,0.07181181712851431,0.11318681318681278
2023-04-27,0.01703434918259963,0.0,0.0,0.07181181712851431,0.11318681318681278
2023-04-27,0.015540814294353595,0.0,0.0,0.07181181712851431,0.11318681318681278
2023-04-27,0.03202873370201059,0.0,0.0,0.07181181712851431,0.11318681318681278
2023-04-27,0.04985653030068079,0.0,0.0,0.07181181712851431,0.11318681318681278
2023-04-27,0.016564956309286154,0.0,0.0,0.07181181712851431,0.11318681318681278
2023-04-27,0.02494632752598672,0.0,0.0,0.07181181712851431,0.11318681318681278
2023-04-27,0.021398515085471383,0.0,0.0,0.07181181712851431,0.11318681318681278
2023-04-27,0.06351173687022994,0.0,0.0,0.07181181712851431,0.11318681318681278
2023-04-27,0.037346305013405384,0.0,0.0,0.07181181712851431,0.11318681318681278
2023-04-28,0.010657830475070261,0.0,0.0,0.0668529568673164,0.1054945054945069
2023-04-28,0.060746452961564196,0.0,0.0,0.0668529568673164,0.1054945054945069
2023-04-28,0.07002010777919786,0.0,0.0,0.0668529568673164,0.1054945054945069
2023-04-28,0.054181328689979665,0.0,0.0,0.0668529568673164,0.1054945054945069
2023-04-28,0.023682361521376,0.0,0.0,0.0668529568673164,0.1054945054945069
2023-04-28,0.03221292049229999,0.0,0.0,0.0668529568673164,0.1054945054945069
2023-04-28,0.01787806696553552,0.0,0.0,0.0668529568673164,0.1054945054945069
2023-04-28,0.020963320315868183,0.0,0.0,0.0668529568673164,0.1054945054945069
2023-04-28,0.07834548235451631,0.0,0.0,0.0668529568673164,0.1054945054945069
2023-04-28,0.040474526442704696,0.0,0.0,0.0668529568673164,0.1054945054945069
2023-04-29,0.0,0.0,0.0,0.06314438743974743,0.09972527472527482
2023-04-29,1.942236596267267e-06,0.0,0.0,0.06314438743974743,0.09972527472527482
2023-04-29,7.876993027008909e-05,0.0,0.0,0.06314438743974743,0.09972527472527482
2023-04-29,0.0,0.0,0.0,0.06314438743974743,0.09972527472527482
2023-04-29,0.0010176130817462325,0.0,0.0,0.06314438743974743,0.09972527472527482
2023-04-29,0.00022792872146126501,0.0,0.0,0.06314438743974743,0.09972527472527482
2023-04-29,0.00043249180268470854,0.0,0.0,0.06314438743974743,0.09972527472527482
2023-04-29,0.0,0.0,0.0,0.06314438743974743,0.09972527472527482
2023-04-29,0.008356093073538233,0.0,0.0,0.06314438743974743,0.09972527472527482
2023-04-29,0.0,0.0,0.0,0.06314438743974743,0.09972527472527482
2023-04-30,0.0029733373090989365,0.0,0.0,0.05905744052305395,0.09340659340659485
2023-04-30,0.03398088196750015,0.0,0.0,0.05905744052305395,0.09340659340659485
2023-04-30,0.007082237182302111,0.0,0.0,0.05905744052305395,0.09340659340659485
2023-04-30,0.004179386810032917,0.0,0.0,0.05905744052305395,0.09340659340659485
2023-04-30,0.0124842141330909,0.0,0.0,0.05905744052305395,0.09340659340659485
2023-04-30,0.01503168991280406,0.0,0.0,0.05905744052305395,0.09340659340659485
2023-04-30,0.0017436585034795778,0.0,0.0,0.05905744052305395,0.09340659340659485
2023-04-30,0.015758311919971933,0.0,0.0,0.05905744052305395,0.09340659340659485
2023-04-30,0.00021091479036645683,0.0,0.0,0.05905744052305395,0.09340659340659485
2023-04-30,0.015239763536254964,0.0,0.0,0.05905744052305395,0.09340659340659485
2023-05-01,0.07188824778281318,0.0,0.0,0.055024547533378265,0.08736263736263794
2023-05-01,0.0247688973477871,0.0,0.0,0.055024547533378265,0.08736263736263794
2023-05-01,0.030046816451581713,0.0,0.0,0.055024547533378265,0.08736263736263794
2023-05-01,0.044988788758341614,0.0,0.0,0.055024547533378265,0.08736263736263794
2023-05-01,0.05501546552801188,0.0,0.0,0.055024547533378265,0.08736263736263794
2023-05-01,0.0042625580848734655,0.0,0.0,0.055024547533378265,0.08736263736263794
2023-05-01,0.006092315949028338,0.0,0.0,0.055024547533378265,0.08736263736263794
2023-05-01,0.027613913989976622,0.0,0.0,0.055024547533378265,0.08736263736263794
2023-05-01,0.0018224139929005382,0.0,0.0,0.055024547533378265,0.08736263736263794
2023-05-01,0.07816047104298207,0.0,0.0,0.055024547533378265,0.08736263736263794
2023-05-02,0.03841107148342309,0.0,0.0,0.051480490057602635,0.08186813186813247
2023-05-02,0.07739931282604834,0.0,0.0,0.051480490057602635,0.08186813186813247
2023-05-02,0.04470896870469491,0.0,0.0,0.051480490057602635,0.08186813186813247
2023-05-02,0.09416355495986388,0.0,0.0,0.051480490057602635,0.08186813186813247
2023-05-02,0.051913280934103,0.0,0.0,0.051480490057602635,0.08186813186813247
2023-05-02,0.022451831859922847,0.0,0.0,0.051480490057602635,0.08186813186813247
2023-05-02,0.07726061516666316,0.0,0.0,0.051480490057602635,0.08186813186813247
2023-05-02,0.053721859589741086,0.0,0.0,0.051480490057602635,0.08186813186813247
2023-05-02,0.016200207798675405,0.0,0.0,0.051480490057602635,0.08186813186813247
2023-05-02,0.05460404261784826,0.0,0.0,0.051480490057602635,0.08186813186813247
2023-05-03,0.005517669140546436,0.0,0.0,0.04908096573216042,0.07802197802197952
2023-05-03,0.07583650371645241,0.0,0.0,0.04908096573216042,0.07802197802197952
2023-05-03,0.08861531384901707,0.0,0.0,0.04908096573216042,0.07802197802197952
2023-05-03,0.1594902598992773,0.0,0.0,0.04908096573216042,0.07802197802197952
2023-05-03,0.05667954193799783,0.0,0.0,0.04908096573216042,0.07802197802197952
2023-05-03,0.1143794145119107,0.0,0.0,0.04908096573216042,0.07802197802197952
2023-05-03,0.14208815229214267,0.0,0.0,0.04908096573216042,0.07802197802197952
2023-05-03,0.05286447058390317,0.0,0.0,0.04908096573216042,0.07802197802197952
2023-05-03,0.1012348605528987,0.0,0.0,0.04908096573216042,0.07802197802197952
2023-05-03,0.20308834877013365,0.0,0.0,0.04908096573216042,0.07802197802197952
2023-05-04,0.01591813418565828,0.0,0.0,0.04788237865480921,0.07637362637362699
2023-05-04,0.0921071310613283,0.0,0.0,0.04788237865480921,0.07637362637362699
2023-05-04,0.09242163452841012,0.0,0.0,0.04788237865480921,0.07637362637362699
2023-05-04,0.014954356377996315,0.0,0.0,0.04788237865480921,0.07637362637362699
2023-05-04,0.10027658425938457,0.0,0.0,0.04788237865480921,0.07637362637362699
2023-05-04,0.07561242101144199,0.0,0.0,0.04788237865480921,0.07637362637362699
2023-05-04,0.0243583587712035,0.0,0.0,0.04788237865480921,0.07637362637362699
2023-05-04,0.03809273585242374,0.0,0.0,0.04788237865480921,0.07637362637362699
2023-05-04,0.025492448426985944,0.0,0.0,0.04788237865480921,0.07637362637362699
2023-05-04,0.0683937215496238,0.0,0.0,0.04788237865480921,0.07637362637362699
2023-05-05,0.002013834520094473,0.0,0.0,0.04701046531030478,0.07500000000000107
2023-05-05,0.0027640360318261733,0.0,0.0,0.04701046531030478,0.07500000000000107
2023-05-05,0.007776610178810957,0.0,0.0,0.04701046531030478,0.07500000000000107
2023-05-05,0.0031885394015880573,0.0,0.0,0.04701046531030478,0.07500000000000107
2023-05-05,0.00038241562613208047,0.0,0.0,0.04701046531030478,0.07500000000000107
2023-05-05,0.01053241869375274,0.0,0.0,0.04701046531030478,0.07500000000000107
2023-05-05,0.0002636402757739804,0.0,0.0,0.04701046531030478,0.07500000000000107
2023-05-05,0.0018562100071421665,0.0,0.0,0.04701046531030478,0.07500000000000107
2023-05-05,0.0008475821801896659,0.0,0.0,0.04701046531030478,0.07500000000000107
2023-05-05,0.00046316472811682753,0.0,0.0,0.04701046531030478,0.07500000000000107
2023-05-06,0.0007299431625322677,0.0,0.0,0.04537474647533135,0.07252747252747227
2023-05-06,0.00012050412387602265,0.0,0.0,0.04537474647533135,0.07252747252747227
2023-05-06,2.6882813896234034e-06,0.0,0.0,0.04537474647533135,0.07252747252747227
2023-05-06,0.00015992812390185068,0.0,0.0,0.04537474647533135,0.07252747252747227
2023-05-06,0.0,0.0,0.0,0.04537474647533135,0.07252747252747227
2023-05-06,0.00011244887915079333,0.0,0.0,0.04537474647533135,0.07252747252747227
2023-05-06,0.0,0.0,0.0,0.04537474647533135,0.07252747252747227
2023-05-06,0.006448752600089497,0.0,0.0,0.04537474647533135,0.07252747252747227
2023-05-06,0.0004521763677276322,0.0,0.0,0.04537474647533135,0.07252747252747227
2023-05-06,2.51624509901973e-06,0.0,0.0,0.04537474647533135,0.07252747252747227
2023-05-07,0.010759352937117446,0.0,0.0,0.04286711429585355,0.06868131868131933
2023-05-07,0.019925427921765534,0.0,0.0,0.04286711429585355,0.06868131868131933
2023-05-07,0.10655591105023618,0.0,0.0,0.04286711429585355,0.06868131868131933
2023-05-07,0.07172066413276906,0.0,0.0,0.04286711429585355,0.06868131868131933
2023-05-07,0.0061757796676694355,0.0,0.0,0.04286711429585355,0.06868131868131933
2023-05-07,0.025517616029128557,0.0,0.0,0.04286711429585355,0.06868131868131933
2023-05-07,0.05082775423539482,0.0,0.0,0.04286711429585355,0.06868131868131933
2023-05-07,0.04603063961313007,0.0,0.0,0.04286711429585355,0.06868131868131933
2023-05-07,0.0005818959710545805,0.0,0.0,0.04286711429585355,0.06868131868131933
2023-05-07,0.0058464534531519514,0.0,0.0,0.04286711429585355,0.06868131868131933
2023-05-08,0.047069210914209944,0.0,0.0,0.03927135306380003,0.06318681318681385
2023-05-08,0.009916852540943311,0.0,0.0,0.03927135306380003,0.06318681318681385
2023-05-08,0.010638910063832569,0.0,0.0,0.03927135306380003,0.06318681318681385
2023-05-08,0.021870716884230767,0.0,0.0,0.03927135306380003,0.06318681318681385
2023-05-08,0.02592407659558995,0.0,0.0,0.03927135306380003,0.06318681318681385
2023-05-08,0.03403166083308737,0.0,0.0,0.03927135306380003,0.06318681318681385
2023-05-08,0.01934249994985796,0.0,0.0,0.03927135306380003,0.06318681318681385
2023-05-08,0.0010848489087176914,0.0,0.0,0.03927135306380003,0.06318681318681385
2023-05-08,0.02772741439488141,0.0,0.0,0.03927135306380003,0.06318681318681385
2023-05-08,0.03200697153689709,0.0,0.0,0.03927135306380003,0.06318681318681385
2023-05-09,0.0856306969584493,0.0,0.0,0.03545467578219558,0.05714285714285694
2023-05-09,0.051165826565166245,0.0,0.0,0.03545467578219558,0.05714285714285694
2023-05-09,0.0440536998921363,0.0,0.0,0.03545467578219558,0.05714285714285694
2023-05-09,0.002985764502258909,0.0,0.0,0.03545467578219558,0.05714285714285694
2023-05-09,0.08324626329830792,0.0,0.0,0.03545467578219558,0.05714285714285694
2023-05-09,0.04720142442493457,0.0,0.0,0.03545467578219558,0.05714285714285694
2023-05-09,0.03992947645070379,0.0,0.0,0.03545467578219558,0.05714285714285694
2023-05-09,0.04879654304276352,0.0,0.0,0.03545467578219558,0.05714285714285694
2023-05-09,0.08996470094444207,0.0,0.0,0.03545467578219558,0.05714285714285694
2023-05-09,0.11165013019712289,0.0,0.0,0.03545467578219558,0.05714285714285694
2023-05-10,0.001273836590681358,0.0,0.0,0.031529890646555425,0.051098901098901806
2023-05-10,0.0031496468446014438,0.0,0.0,0.031529890646555425,0.051098901098901806
2023-05-10,0.005010569451987686,0.0,0.0,0.031529890646555425,0.051098901098901806
2023-05-10,0.0009203684843682575,0.0,0.0,0.031529890646555425,0.051098901098901806
2023-05-10,0.0032756994042015624,0.0,0.0,0.031529890646555425,0.051098901098901806
2023-05-10,0.0008890245250887107,0.0,0.0,0.031529890646555425,0.051098901098901806
2023-05-10,0.0017365737921255697,0.0,0.0,0.031529890646555425,0.051098901098901806
2023-05-10,0.0003835833964515352,0.0,0.0,0.031529890646555425,0.051098901098901806
2023-05-10,0.0,0.0,0.0,0.031529890646555425,0.051098901098901806
2023-05-10,0.0014959816219321119,0.0,0.0,0.031529890646555425,0.051098901098901806
2023-05-11,0.0,0.0,0.0,0.02651697645833967,0.043406593406592364
2023-05-11,0.0,0.0,0.0,0.02651697645833967,0.043406593406592364
2023-05-11,0.0,0.0,0.0,0.02651697645833967,0.043406593406592364
2023-05-11,0.0,0.0,0.0,0.02651697645833967,0.043406593406592364
2023-05-11,0.0,0.0,0.0,0.02651697645833967,0.043406593406592364
2023-05-11,0.0,0.0,0.0,0.02651697645833967,0.043406593406592364
2023-05-11,0.0,0.0,0.0,0.02651697645833967,0.043406593406592364
2023-05-11,0.0,0.0,0.0,0.02651697645833967,0.043406593406592364
2023-05-11,0.0,0.0,0.0,0.02651697645833967,0.043406593406592364
2023-05-11,0.0,0.0,0.0,0.02651697645833967,0.043406593406592364
2023-05-12,0.0,0.0,0.0,0.02199054761328406,0.036538461538460965
2023-05-12,0.0,0.0,0.0,0.02199054761328406,0.036538461538460965
2023-05-12,0.0,0.0,0.0,0.02199054761328406,0.036538461538460965
2023-05-12,0.0,0.0,0.0,0.02199054761328406,0.036538461538460965
2023-05-12,0.0,0.0,0.0,0.02199054761328406,0.036538461538460965
2023-05-12,0.0,0.0,0.0,0.02199054761328406,0.036538461538460965
2023-05-12,0.0,0.0,0.0,0.02199054761328406,0.036538461538460965
2023-05-12,0.0,0.0,0.0,0.02199054761328406,0.036538461538460965
2023-05-12,0.0,0.0,0.0,0.02199054761328406,0.036538461538460965
2023-05-12,0.0,0.0,0.0,0.02199054761328406,0.036538461538460965
2023-05-13,0.0,0.0,0.0,0.017358361084932772,0.029395604395604735
2023-05-13,0.0,0.0,0.0,0.017358361084932772,0.029395604395604735
2023-05-13,0.0,0.0,0.0,0.017358361084932772,0.029395604395604735
2023-05-13,0.0,0.0,0.0,0.017358361084932772,0.029395604395604735
2023-05-13,0.0,0.0,0.0,0.017358361084932772,0.029395604395604735
2023-05-13,0.0,0.0,0.0,0.017358361084932772,0.029395604395604735
2023-05-13,0.0,0.0,0.0,0.017358361084932772,0.029395604395604735
2023-05-13,0.0,0.0,0.0,0.017358361084932772,0.029395604395604735
2023-05-13,0.0,0.0,0.0,0.017358361084932772,0.029395604395604735
2023-05-13,0.0,0.0,0.0,0.017358361084932772,0.029395604395604735
2023-05-14,0.012682048999985613,0.0,0.0,0.014086923414986074,0.02445054945054892
2023-05-14,0.0025475404612429293,0.0,0.0,0.014086923414986074,0.02445054945054892
2023-05-14,0.006448246418708401,0.0,0.0,0.014086923414986074,0.02445054945054892
2023-05-14,0.003031257029534802,0.0,0.0,0.014086923414986074,0.02445054945054892
2023-05-14,0.00010239684712520906,0.0,0.0,0.014086923414986074,0.02445054945054892
2023-05-14,0.004727374370733497,0.0,0.0,0.014086923414986074,0.02445054945054892
2023-05-14,0.0013432685755629587,0.0,0.0,0.014086923414986074,0.02445054945054892
2023-05-14,0.0005042278431416411,0.0,0.0,0.014086923414986074,0.02445054945054892
2023-05-14,0.000985084708502661,0.0,0.0,0.014086923414986074,0.02445054945054892
2023-05-14,0.0007692681628309218,0.0,0.0,0.014086923414986074,0.02445054945054892
2023-05-15,0.0027422945919677428,0.0,0.0,0.010380704158157006,0.018681318681318615
2023-05-15,0.0026232382964012963,0.0,0.0,0.010380704158157006,0.018681318681318615
2023-05-15,0.0004231101958572273,0.0,0.0,0.010380704158157006,0.018681318681318615
2023-05-15,0.0010460205784683092,0.0,0.0,0.010380704158157006,0.018681318681318615
2023-05-15,0.0030170198542612816,0.0,0.0,0.010380704158157006,0.018681318681318615
2023-05-15,0.003818119085611025,0.0,0.0,0.010380704158157006,0.018681318681318615
2023-05-15,0.0008694477018208379,0.0,0.0,0.010380704158157006,0.018681318681318615
2023-05-15,0.0031546683120110956,0.0,0.0,0.010380704158157006,0.018681318681318615
2023-05-15,0.0,0.0,0.0,0.010380704158157006,0.018681318681318615
2023-05-15,0.003425445625358668,0.0,0.0,0.010380704158157006,0.018681318681318615
2023-05-16,3.2085010843975256e-05,0.0,0.0,0.006455919022516909,0.012637362637361704
2023-05-16,0.0021265297883542988,0.0,0.0,0.006455919022516909,0.012637362637361704
2023-05-16,0.0,0.0,0.0,0.006455919022516909,0.012637362637361704
2023-05-16,0.0,0.0,0.0,0.006455919022516909,0.012637362637361704
2023-05-16,0.0005051313552754448,0.0,0.0,0.006455919022516909,0.012637362637361704
2023-05-16,9.68118897304819e-05,0.0,0.0,0.006455919022516909,0.012637362637361704
2023-05-16,0.0015781206654733745,0.0,0.0,0.006455919022516909,0.012637362637361704
2023-05-16,0.00014878581047816545,0.0,0.0,0.006455919022516909,0.012637362637361704
2023-05-16,3.109203945949905e-05,0.0,0.0,0.006455919022516909,0.012637362637361704
2023-05-16,0.00429159590168317,0.0,0.0,0.006455919022516909,0.012637362637361704
2023-05-17,0.0,0.0,0.0,0.003894232916021312,0.007967032967034271
2023-05-17,0.0,0.0,0.0,0.003894232916021312,0.007967032967034271
2023-05-17,0.0,0.0,0.0,0.003894232916021312,0.007967032967034271
2023-05-17,0.0,0.0,0.0,0.003894232916021312,0.007967032967034271
2023-05-17,0.0004388813761868971,0.0,0.0,0.003894232916021312,0.007967032967034271
2023-05-17,0.0025252220469024074,0.0,0.0,0.003894232916021312,0.007967032967034271
2023-05-17,0.002037143858236385,0.0,0.0,0.003894232916021312,0.007967032967034271
2023-05-17,0.0,0.0,0.0,0.003894232916021312,0.007967032967034271
2023-05-17,0.0,0.0,0.0,0.003894232916021312,0.007967032967034271
2023-05-17,0.0,0.0,0.0,0.003894232916021312,0.007967032967034271
2023-05-18,0.000748569788636432,0.0,0.0,0.0015088096150184804,0.0030219780219784553
2023-05-18,0.0027648962410683035,0.0,0.0,0.0015088096150184804,0.0030219780219784553
2023-05-18,3.064241434301781e-05,0.0,0.0,0.0015088096150184804,0.0030219780219784553
2023-05-18,6.416472548992679e-05,0.0,0.0,0.0015088096150184804,0.0030219780219784553
2023-05-18,0.003777648510359781,0.0,0.0,0.0015088096150184804,0.0030219780219784553
2023-05-18,0.0004823282893375783,0.0,0.0,0.0015088096150184804,0.0030219780219784553
2023-05-18,0.0006299576728761361,0.0,0.0,0.0015088096150184804,0.0030219780219784553
2023-05-18,0.006634224965520753,0.0,0.0,0.0015088096150184804,0.0030219780219784553
2023-05-18,0.011189328557736975,0.0,0.0,0.0015088096150184804,0.0030219780219784553
2023-05-18,0.03154409167632006,0.0,0.0,0.0015088096150184804,0.0030219780219784553
2023-05-19,0.0,0.0,0.0,8.460614663652333e-05,0.00027472527472482966
2023-05-19,0.0019221100799693956,0.0,0.0,8.460614663652333e-05,0.00027472527472482966
2023-05-19,0.0010201473301229469,0.0,0.0,8.460614663652333e-05,0.00027472527472482966
2023-05-19,0.0,0.0,0.0,8.460614663652333e-05,0.00027472527472482966
2023-05-19,0.0012977197611023874,0.0,0.0,8.460614663652333e-05,0.00027472527472482966
2023-05-19,0.0039074766830350825,0.0,0.0,8.460614663652333e-05,0.00027472527472482966
2023-05-19,0.003556527889467822,0.0,0.0,8.460614663652333e-05,0.00027472527472482966
2023-05-19,0.0010876287972529884,0.0,0.0,8.460614663652333e-05,0.00027472527472482966
2023-05-19,0.0,0.0,0.0,8.460614663652333e-05,0.00027472527472482966
2023-05-19,0.004384891059669892,0.0,0.0,8.460614663652333e-05,0.00027472527472482966
2023-05-20,0.007844864470626869,0.0,0.0,0.0,0.0
2023-05-20,5.0679812992955584e-05,0.0,0.0,0.0,0.0
2023-05-20,0.0007207853176990473,0.0,0.0,0.0,0.0
2023-05-20,0.0,0.0,0.0,0.0,0.0
2023-05-20,0.0013271519203186147,0.0,0.0,0.0,0.0
2023-05-20,0.0012851822675357361,0.0,0.0,0.0,0.0
2023-05-20,0.010537293627142948,0.0,0.0,0.0,0.0
2023-05-20,0.00024229323118916447,0.0,0.0,0.0,0.0
2023-05-20,0.0018443415384735004,0.0,0.0,0.0,0.0
2023-05-20,0.0,0.0,0.0,0.0,0.0
2023-05-21,0.0,0.0,0.0,0.000126909219954785,0.00027472527472482966
2023-05-21,0.0,0.0,0.0,0.000126909219954785,0.00027472527472482966
2023-05-21,0.0,0.0,0.0,0.000126909219954785,0.00027472527472482966
2023-05-21,0.0,0.0,0.0,0.000126909219954785,0.00027472527472482966
2023-05-21,0.0,0.0,0.0,0.000126909219954785,0.00027472527472482966
2023-05-21,0.0,0.0,0.0,0.000126909219954785,0.00027472527472482966
2023-05-21,0.0,0.0,0.0,0.000126909219954785,0.00027472527472482966
2023-05-21,0.0,0.0,0.0,0.000126909219954785,0.00027472527472482966
2023-05-21,0.0034102645325829045,0.0,0.0,0.000126909219954785,0.00027472527472482966
2023-05-21,0.0,0.0,0.0,0.000126909219954785,0.00027472527472482966
2023-05-22,0.0,0.0,0.0,0.0003783774891245595,0.0008241758241762653
2023-05-22,0.0,0.0,0.0,0.0003783774891245595,0.0008241758241762653
2023-05-22,0.0,0.0,0.0,0.0003783774891245595,0.0008241758241762653
2023-05-22,0.0,0.0,0.0,0.0003783774891245595,0.0008241758241762653
2023-05-22,0.0,0.0,0.0,0.0003783774891245595,0.0008241758241762653
2023-05-22,0.0,0.0,0.0,0.0003783774891245595,0.0008241758241762653
2023-05-22,0.0,0.0,0.0,0.0003783774891245595,0.0008241758241762653
2023-05-22,0.0,0.0,0.0,0.0003783774891245595,0.0008241758241762653
2023-05-22,0.0,0.0,0.0,0.0003783774891245595,0.0008241758241762653
2023-05-22,0.0,0.0,0.0,0.0003783774891245595,0.0008241758241762653
2023-05-23,0.0,0.0,0.0,0.0019271400067214506,0.0038461538461529443
2023-05-23,0.0,0.0,0.0,0.0019271400067214506,0.0038461538461529443
2023-05-23,0.0,0.0,0.0,0.0019271400067214506,0.0038461538461529443
2023-05-23,0.0,0.0,0.0,0.0019271400067214506,0.0038461538461529443
2023-05-23,0.00031693527394820696,0.0,0.0,0.0019271400067214506,0.0038461538461529443
2023-05-23,0.0,0.0,0.0,0.0019271400067214506,0.0038461538461529443
2023-05-23,0.0,0.0,0.0,0.0019271400067214506,0.0038461538461529443
2023-05-23,0.0,0.0,0.0,0.0019271400067214506,0.0038461538461529443
2023-05-23,0.0,0.0,0.0,0.0019271400067214506,0.0038461538461529443
2023-05-23,0.0,0.0,0.0,0.0019271400067214506,0.0038461538461529443
2023-05-24,0.005994635333031875,0.0,0.0,0.003685067720169799,0.007417582417582835
2023-05-24,0.05020418820732637,0.0,0.0,0.003685067720169799,0.007417582417582835
2023-05-24,0.05450661056122267,0.0,0.0,0.003685067720169799,0.007417582417582835
2023-05-24,0.05551995163027996,0.0,0.0,0.003685067720169799,0.007417582417582835
2023-05-24,0.03775277149013639,0.0,0.0,0.003685067720169799,0.007417582417582835
2023-05-24,0.09591907406294903,0.0,0.0,0.003685067720169799,0.007417582417582835
2023-05-24,0.022145240167126934,0.0,0.0,0.003685067720169799,0.007417582417582835
2023-05-24,0.012336935629788137,0.0,0.0,0.003685067720169799,0.007417582417582835
2023-05-24,0.07322067737530695,0.0,0.0,0.003685067720169799,0.007417582417582835
2023-05-24,0.012318460333019646,0.0,0.0,0.003685067720169799,0.007417582417582835
2023-05-25,0.17241363705323567,0.0,0.0,0.0073536842451603635,0.013461538461539746
2023-05-25,0.15488591885266714,0.0,0.0,0.0073536842451603635,0.013461538461539746
2023-05-25,0.173206143015546,0.0,0.0,0.0073536842451603635,0.013461538461539746
2023-05-25,0.1627506647125152,0.0,0.0,0.0073536842451603635,0.013461538461539746
2023-05-25,0.04213448253127361,0.0,0.0,0.0073536842451603635,0.013461538461539746
2023-05-25,0.19898350388614588,0.0,0.0,0.0073536842451603635,0.013461538461539746
2023-05-25,0.16153022206009032,0.0,0.0,0.0073536842451603635,0.013461538461539746
2023-05-25,0.12353050420111972,0.0,0.0,0.0073536842451603635,0.013461538461539746
2023-05-25,0.05155543673199968,0.0,0.0,0.0073536842451603635,0.013461538461539746
2023-05-25,0.25389106888262286,0.0,0.0,0.0073536842451603635,0.013461538461539746
2023-05-26,0.055303121240889715,0.0,0.0,0.011851911041337149,0.020879120879120805
2023-05-26,0.017061054495239217,0.0,0.0,0.011851911041337149,0.020879120879120805
2023-05-26,0.06274092365718764,0.0,0.0,0.011851911041337149,0.020879120879120805
2023-05-26,0.05121175027711075,0.0,0.0,0.011851911041337149,0.020879120879120805
2023-05-26,0.04933906348071424,0.0,0.0,0.011851911041337149,0.020879120879120805
2023-05-26,0.0676480747715814,0.0,0.0,0.011851911041337149,0.020879120879120805
2023-05-26,0.0537563668208857,0.0,0.0,0.011851911041337149,0.020879120879120805
2023-05-26,0.06920531557759392,0.0,0.0,0.011851911041337149,0.020879120879120805
2023-05-26,0.0216342933702086,0.0,0.0,0.011851911041337149,0.020879120879120805
2023-05-26,0.095178950798542,0.0,0.0,0.011851911041337149,0.020879120879120805
2023-05-27,0.0021759336825828215,0.0,0.0,0.015123348711283846,0.02609890109890145
2023-05-27,0.02185998432803721,0.0,0.0,0.015123348711283846,0.02609890109890145
2023-05-27,0.021699895814871487,0.0,0.0,0.015123348711283846,0.02609890109890145
2023-05-27,0.011308199567028792,0.0,0.0,0.015123348711283846,0.02609890109890145
2023-05-27,0.012141870051577056,0.0,0.0,0.015123348711283846,0.02609890109890145
2023-05-27,0.03469683570824554,0.0,0.0,0.015123348711283846,0.02609890109890145
2023-05-27,0.028487145543327593,0.0,0.0,0.015123348711283846,0.02609890109890145
2023-05-27,0.02185173246517982,0.0,0.0,0.015123348711283846,0.02609890109890145
2023-05-27,0.02185841812556733,0.0,0.0,0.015123348711283846,0.02609890109890145
2023-05-27,0.008877648646490913,0.0,0.0,0.015123348711283846,0.02609890109890145
2023-05-28,0.02117230463324381,0.0,0.0,0.017085741279103894,0.029120879120879906
2023-05-28,0.0032536113473637445,0.0,0.0,0.017085741279103894,0.029120879120879906
2023-05-28,0.007389299774473986,0.0,0.0,0.017085741279103894,0.029120879120879906
2023-05-28,0.001110897181022059,0.0,0.0,0.017085741279103894,0.029120879120879906
2023-05-28,0.02800809693512184,0.0,0.0,0.017085741279103894,0.029120879120879906
2023-05-28,4.808106676572451e-05,0.0,0.0,0.017085741279103894,0.029120879120879906
2023-05-28,0.0008245488970502209,0.0,0.0,0.017085741279103894,0.029120879120879906
2023-05-28,0.004763194537094908,0.0,0.0,0.017085741279103894,0.029120879120879906
2023-05-28,0.000244752179884302,0.0,0.0,0.017085741279103894,0.029120879120879906
2023-05-28,0.0024947378441058047,0.0,0.0,0.017085741279103894,0.029120879120879906
2023-05-29,0.0012935238709238315,0.0,0.0,0.017685034817779444,0.02994505494505617
2023-05-29,0.00030379883013436043,0.0,0.0,0.017685034817779444,0.02994505494505617
2023-05-29,0.0,0.0,0.0,0.017685034817779444,0.02994505494505617
2023-05-29,0.0,0.0,0.0,0.017685034817779444,0.02994505494505617
2023-05-29,0.0,0.0,0.0,0.017685034817779444,0.02994505494505617
2023-05-29,0.0,0.0,0.0,0.017685034817779444,0.02994505494505617
2023-05-29,0.0006134389539189094,0.0,0.0,0.017685034817779444,0.02994505494505617
2023-05-29,0.004488050682667062,0.0,0.0,0.017685034817779444,0.02994505494505617
2023-05-29,0.002346260914348879,0.0,0.0,0.017685034817779444,0.02994505494505617
2023-05-29,0.00020382579000027893,0.0,0.0,0.017685034817779444,0.02994505494505617
2023-05-30,0.014149605634999847,0.0,0.0,0.019593373458581753,0.03296703296703285
2023-05-30,0.11008668168243317,0.0,0.0,0.019593373458581753,0.03296703296703285
2023-05-30,0.14195952743070514,0.0,0.0,0.019593373458581753,0.03296703296703285
2023-05-30,0.16544373210427124,0.0,0.0,0.019593373458581753,0.03296703296703285
2023-05-30,0.12627771349269654,0.0,0.0,0.019593373458581753,0.03296703296703285
2023-05-30,0.08304830489118925,0.0,0.0,0.019593373458581753,0.03296703296703285
2023-05-30,0.04196585553699666,0.0,0.0,0.019593373458581753,0.03296703296703285
2023-05-30,0.10906551064481262,0.0,0.0,0.019593373458581753,0.03296703296703285
2023-05-30,0.07236493876616959,0.0,0.0,0.019593373458581753,0.03296703296703285
2023-05-30,0.0778423849283835,0.0,0.0,0.019593373458581753,0.03296703296703285
2023-05-31,0.0511550803740078,0.0,0.0,0.02051934073010403,0.034340659340658775
2023-05-31,0.14934861142882666,0.0,0.0,0.02051934073010403,0.034340659340658775
2023-05-31,0.02685182013466259,0.0,0.0,0.02051934073010403,0.034340659340658775
2023-05-31,0.036661271541519914,0.0,0.0,0.02051934073010403,0.034340659340658775
2023-05-31,0.037777948220663306,0.0,0.0,0.02051934073010403,0.034340659340658775
2023-05-31,0.05788080183302581,0.0,0.0,0.02051934073010403,0.034340659340658775
2023-05-31,0.07380505730525722,0.0,0.0,0.02051934073010403,0.034340659340658775
2023-05-31,0.031002513539358616,0.0,0.0,0.02051934073010403,0.034340659340658775
2023-05-31,0.01863899390521473,0.0,0.0,0.02051934073010403,0.034340659340658775
2023-05-31,0.06126076769037757,0.0,0.0,0.02051934073010403,0.034340659340658775
2023-06-01,0.19037610345780437,0.0,0.0,0.02695175804522193,0.044230769230770406
2023-06-01,0.08395762544412397,0.0,0.0,0.02695175804522193,0.044230769230770406
2023-06-01,0.16631353883057096,0.0,0.0,0.02695175804522193,0.044230769230770406
2023-06-01,0.14075748252038242,0.0,0.0,0.02695175804522193,0.044230769230770406
2023-06-01,0.18636297767639887,0.0,0.0,0.02695175804522193,0.044230769230770406
2023-06-01,0.058474379697330756,0.0,0.0,0.02695175804522193,0.044230769230770406
2023-06-01,0.0890484056301461,0.0,0.0,0.02695175804522193,0.044230769230770406
2023-06-01,0.1519834778085913,0.0,0.0,0.02695175804522193,0.044230769230770406
2023-06-01,0.18466217497506343,0.0,0.0,0.02695175804522193,0.044230769230770406
2023-06-01,0.380681309473954,0.0,0.0,0.02695175804522193,0.044230769230770406
2023-06-02,0.009825219354838852,0.0,0.0,0.03196702240417759,0.051923076923076295
2023-06-02,0.044663479492456706,0.0,0.0,0.03196702240417759,0.051923076923076295
2023-06-02,0.029425438818094483,0.0,0.0,0.03196702240417759,0.051923076923076295
2023-06-02,0.027905712045448068,0.0,0.0,0.03196702240417759,0.051923076923076295
2023-06-02,0.00860997811584432,0.0,0.0,0.03196702240417759,0.051923076923076295
2023-06-02,0.03709484652107909,0.0,0.0,0.03196702240417759,0.051923076923076295
2023-06-02,0.01589499772154702,0.0,0.0,0.03196702240417759,0.051923076923076295
2023-06-02,0.0745580582473698,0.0,0.0,0.03196702240417759,0.051923076923076295
2023-06-02,0.03143814299844742,0.0,0.0,0.03196702240417759,0.051923076923076295
2023-06-02,0.03141182432588593,0.0,0.0,0.03196702240417759,0.051923076923076295
2023-06-03,0.00018350579031760597,0.0,0.0,0.03861565542736678,0.062087912087912756
2023-06-03,0.007437850046835421,0.0,0.0,0.03861565542736678,0.062087912087912756
2023-06-03,0.0005360586100469324,0.0,0.0,0.03861565542736678,0.062087912087912756
2023-06-03,0.002007943187743043,0.0,0.0,0.03861565542736678,0.062087912087912756
2023-06-03,0.0002410082477520453,0.0,0.0,0.03861565542736678,0.062087912087912756
2023-06-03,0.00030876065533243116,0.0,0.0,0.03861565542736678,0.062087912087912756
2023-06-03,2.51624509901973e-06,0.0,0.0,0.03861565542736678,0.062087912087912756
2023-06-03,0.0012561175434102733,0.0,0.0,0.03861565542736678,0.062087912087912756
2023-06-03,0.0053009630525306895,0.0,0.0,0.03861565542736678,0.062087912087912756
2023-06-03,0.00029329694186821934,0.0,0.0,0.03861565542736678,0.062087912087912756
2023-06-04,0.004465664729940533,0.0,0.0,0.042540440563006876,0.06813186813186967
2023-06-04,1.890732053272231e-05,0.0,0.0,0.042540440563006876,0.06813186813186967
2023-06-04,0.0,0.0,0.0,0.042540440563006876,0.06813186813186967
2023-06-04,0.006381507970747454,0.0,0.0,0.042540440563006876,0.06813186813186967
2023-06-04,0.0018078799296019432,0.0,0.0,0.042540440563006876,0.06813186813186967
2023-06-04,7.768947740635492e-07,0.0,0.0,0.042540440563006876,0.06813186813186967
2023-06-04,0.00044683365208645915,0.0,0.0,0.042540440563006876,0.06813186813186967
2023-06-04,9.063710233946914e-06,0.0,0.0,0.042540440563006876,0.06813186813186967
2023-06-04,0.0005609770787362856,0.0,0.0,0.042540440563006876,0.06813186813186967
2023-06-04,0.0,0.0,0.0,0.042540440563006876,0.06813186813186967
2023-06-05,0.003951456451047409,0.0,0.0,0.04461329115560242,0.07115384615384635
2023-06-05,0.0,0.0,0.0,0.04461329115560242,0.07115384615384635
2023-06-05,0.0030115532913603587,0.0,0.0,0.04461329115560242,0.07115384615384635
2023-06-05,0.0050338125002202675,0.0,0.0,0.04461329115560242,0.07115384615384635
2023-06-05,0.0019212706739274116,0.0,0.0,0.04461329115560242,0.07115384615384635
2023-06-05,7.406712467121864e-05,0.0,0.0,0.04461329115560242,0.07115384615384635
2023-06-05,0.0,0.0,0.0,0.04461329115560242,0.07115384615384635
2023-06-05,0.00015399366284903312,0.0,0.0,0.04461329115560242,0.07115384615384635
2023-06-05,6.2906137642241435e-06,0.0,0.0,0.04461329115560242,0.07115384615384635
2023-06-05,0.0,0.0,0.0,0.04461329115560242,0.07115384615384635
2023-06-06,0.042125339756272334,0.0,0.0,0.04701046531030478,0.07500000000000107
2023-06-06,0.011728188733859694,0.0,0.0,0.04701046531030478,0.07500000000000107
2023-06-06,0.0032832762512351498,0.0,0.0,0.04701046531030478,0.07500000000000107
2023-06-06,0.06964374485475561,0.0,0.0,0.04701046531030478,0.07500000000000107
2023-06-06,0.013150214102220732,0.0,0.0,0.04701046531030478,0.07500000000000107
2023-06-06,0.0033389450698885705,0.0,0.0,0.04701046531030478,0.07500000000000107
2023-06-06,0.06510480174595738,0.0,0.0,0.04701046531030478,0.07500000000000107
2023-06-06,0.01626142349076262,0.0,0.0,0.04701046531030478,0.07500000000000107
2023-06-06,0.017895615827541955,0.0,0.0,0.04701046531030478,0.07500000000000107
2023-06-06,0.0560070209359228,0.0,0.0,0.04701046531030478,0.07500000000000107
2023-06-07,0.01953961440165372,0.0,0.0,0.04810094453362035,0.07664835164835182
2023-06-07,0.002645539129723065,0.0,0.0,0.04810094453362035,0.07664835164835182
2023-06-07,0.002385717809227367,0.0,0.0,0.04810094453362035,0.07664835164835182
2023-06-07,0.0031171176132843248,0.0,0.0,0.04810094453362035,0.07664835164835182
2023-06-07,0.0008792540299762177,0.0,0.0,0.04810094453362035,0.07664835164835182
2023-06-07,0.013488287567956822,0.0,0.0,0.04810094453362035,0.07664835164835182
2023-06-07,0.011579070802829494,0.0,0.0,0.04810094453362035,0.07664835164835182
2023-06-07,0.017538729971589905,0.0,0.0,0.04810094453362035,0.07664835164835182
2023-06-07,0.0004820164961818738,0.0,0.0,0.04810094453362035,0.07664835164835182
2023-06-07,0.009319247165432195,0.0,0.0,0.04810094453362035,0.07664835164835182
2023-06-08,0.0,0.0,0.0,0.05082714259190929,0.08076923076923137
2023-06-08,0.012336451937254037,0.0,0.0,0.05082714259190929,0.08076923076923137
2023-06-08,0.00038547009006909135,0.0,0.0,0.05082714259190929,0.08076923076923137
2023-06-08,0.00013645062774487757,0.0,0.0,0.05082714259190929,0.08076923076923137
2023-06-08,0.0,0.0,0.0,0.05082714259190929,0.08076923076923137
2023-06-08,5.839860409807105e-05,0.0,0.0,0.05082714259190929,0.08076923076923137
2023-06-08,6.431597552496462e-05,0.0,0.0,0.05082714259190929,0.08076923076923137
2023-06-08,0.00025055579285456603,0.0,0.0,0.05082714259190929,0.08076923076923137
2023-06-08,0.0007139082682768666,0.0,0.0,0.05082714259190929,0.08076923076923137
2023-06-08,0.003462799596830181,0.0,0.0,0.05082714259190929,0.08076923076923137
2023-06-09,0.0005624627219268622,0.0,0.0,,
2023-06-09,0.0001223205049408808,0.0,0.0,,
2023-06-09,0.004054042869392717,0.0,0.0,,
2023-06-09,0.0,0.0,0.0,,
2023-06-09,0.0014941733593545749,0.0,0.0,,
2023-06-09,0.002208185068872008,0.0,0.0,,
2023-06-09,0.0010279591557851818,0.0,0.0,,
2023-06-09,2.027639178855366e-05,0.0,0.0,,
2023-06-09,0.0040204871618335705,0.0,0.0,,
2023-06-09,0.0032732554975492636,0.0,0.0,,
2023-06-10,0.010224544893353877,0.0,0.0,,
2023-06-10,0.0,0.0,0.0,,
2023-06-10,0.000795192023282123,0.0,0.0,,
2023-06-10,0.0,0.0,0.0,,
2023-06-10,0.0006338752673009237,0.0,0.0,,
2023-06-10,0.0006640836292745543,0.0,0.0,,
2023-06-10,0.0,0.0,0.0,,
2023-06-10,0.0,0.0,0.0,,
2023-06-10,0.0,0.0,0.0,,
2023-06-10,0.01127983917895113,0.0,0.0,,
2023-06-11,0.02283815391874577,0.0,0.0,,
2023-06-11,0.0016935043662684801,0.0,0.0,,
2023-06-11,0.0005177056463704948,0.0,0.0,,
2023-06-11,0.00996190283297309,0.0,0.0,,
2023-06-11,0.0260439370734826,0.0,0.0,,
2023-06-11,0.00011779106883219333,0.0,0.0,,
2023-06-11,0.005679987235145872,0.0,0.0,,
2023-06-11,0.035931284825316184,0.0,0.0,,
2023-06-11,0.0019858423445249184,0.0,0.0,,
2023-06-11,0.006684258136050754,0.0,0.0,,
2023-06-12,0.0017402044422827952,0.0,0.0,,
2023-06-12,0.0043116972742572,0.0,0.0,,
2023-06-12,0.0027866969415463664,0.0,0.0,,
2023-06-12,0.0020780523851438386,0.0,0.0,,
2023-06-12,3.7104835307119745e-07,0.0,0.0,,
2023-06-12,0.0008103435348873532,0.0,0.0,,
2023-06-12,0.00015942121322601866,0.0,0.0,,
2023-06-12,0.00014400968364691594,0.0,0.0,,
2023-06-12,0.0006713375187073585,0.0,0.0,,
2023-06-12,0.0021811419931351407,0.0,0.0,,
2023-06-13,1.3810951300239324e-06,0.0,0.0,,
2023-06-13,0.0,0.0,0.0,,
2023-06-13,0.0,0.0,0.0,,
2023-06-13,3.228320753323795e-06,0.0,0.0,,
2023-06-13,0.0028749350254601447,0.0,0.0,,
2023-06-13,0.0,0.0,0.0,,
2023-06-13,0.0006872166427914764,0.0,0.0,,
2023-06-13,0.0013313465586315767,0.0,0.0,,
2023-06-13,0.0,0.0,0.0,,
2023-06-13,0.00012518042137344597,0.0,0.0,,
2023-06-14,0.013976301030359383,0.0,0.0,,
2023-06-14,0.0004171791962432768,0.0,0.0,,
2023-06-14,0.02793276993278148,0.0,0.0,,
2023-06-14,0.0021038418222060393,0.0,0.0,,
2023-06-14,0.0007943621007828507,0.0,0.0,,
2023-06-14,0.02679629259246423,0.0,0.0,,
2023-06-14,0.04378298486842154,0.0,0.0,,
2023-06-14,0.002252678203445268,0.0,0.0,,
2023-06-14,0.006709013938802418,0.0,0.0,,
2023-06-14,0.06112217567028392,0.0,0.0,,
2023-06-15,0.022191531005093062,0.0,0.0,0.08402330429305682,0.13186813186813318
2023-06-15,0.010455264970086831,0.0,0.0,0.08402330429305682,0.13186813186813318
2023-06-15,0.05892850276350155,0.0,0.0,0.08402330429305682,0.13186813186813318
2023-06-15,0.007313350718967846,0.0,0.0,0.08402330429305682,0.13186813186813318
2023-06-15,0.012499228674197815,0.0,0.0,0.08402330429305682,0.13186813186813318
2023-06-15,0.005919519751609042,0.0,0.0,0.08402330429305682,0.13186813186813318
2023-06-15,0.019783240613498208,0.0,0.0,0.08402330429305682,0.13186813186813318
2023-06-15,0.0020070999664593557,0.0,0.0,0.08402330429305682,0.13186813186813318
2023-06-15,0.040343320477059186,0.0,0.0,0.08402330429305682,0.13186813186813318
2023-06-15,0.030015683144613527,0.0,0.0,0.08402330429305682,0.13186813186813318
2023-06-16,0.00139570455536016,0.0,0.0,0.0907259912432638,0.14203296703296786
2023-06-16,0.00546674725117903,0.0,0.0,0.0907259912432638,0.14203296703296786
2023-06-16,0.003450999322641674,0.0,0.0,0.0907259912432638,0.14203296703296786
2023-06-16,0.001719128879697111,0.0,0.0,0.0907259912432638,0.14203296703296786
2023-06-16,0.002711230839112841,0.0,0.0,0.0907259912432638,0.14203296703296786
2023-06-16,0.001902256394459249,0.0,0.0,0.0907259912432638,0.14203296703296786
2023-06-16,0.00018658091715363802,0.0,0.0,0.0907259912432638,0.14203296703296786
2023-06-16,0.0001982358142986452,0.0,0.0,0.0907259912432638,0.14203296703296786
2023-06-16,0.009357946134655392,0.0,0.0,0.0907259912432638,0.14203296703296786
2023-06-16,0.0010673190964862317,0.0,0.0,0.0907259912432638,0.14203296703296786
2023-06-17,0.002034882307801886,0.0,0.0,0.09623244128685948,0.1505494505494518
2023-06-17,0.0006789661463450433,0.0,0.0,0.09623244128685948,0.1505494505494518
2023-06-17,0.00027380488284670497,0.0,0.0,0.09623244128685948,0.1505494505494518
2023-06-17,0.0,0.0,0.0,0.09623244128685948,0.1505494505494518
2023-06-17,0.0,0.0,0.0,0.09623244128685948,0.1505494505494518
2023-06-17,0.0,0.0,0.0,0.09623244128685948,0.1505494505494518
2023-06-17,0.0,0.0,0.0,0.09623244128685948,0.1505494505494518
2023-06-17,0.0,0.0,0.0,0.09623244128685948,0.1505494505494518
2023-06-17,0.0,0.0,0.0,0.09623244128685948,0.1505494505494518
2023-06-17,0.0,0.0,0.0,0.09623244128685948,0.1505494505494518
2023-06-18,0.00016549201782767805,0.0,0.0,0.09813842975692177,0.15357142857143025
2023-06-18,0.0,0.0,0.0,0.09813842975692177,0.15357142857143025
2023-06-18,0.0,0.0,0.0,0.09813842975692177,0.15357142857143025
2023-06-18,0.0,0.0,0.0,0.09813842975692177,0.15357142857143025
2023-06-18,0.0,0.0,0.0,0.09813842975692177,0.15357142857143025
2023-06-18,1.2398907910942144e-05,0.0,0.0,0.09813842975692177,0.15357142857143025
2023-06-18,0.004122467437974014,0.0,0.0,0.09813842975692177,0.15357142857143025
2023-06-18,0.0003328034498000909,0.0,0.0,0.09813842975692177,0.15357142857143025
2023-06-18,0.0,0.0,0.0,0.09813842975692177,0.15357142857143025
2023-06-18,3.524081286024376e-05,0.0,0.0,0.09813842975692177,0.15357142857143025
2023-06-19,0.04182407012706311,0.0,0.0,0.09966604073785956,0.15576923076923066
2023-06-19,0.006047558724359663,0.0,0.0,0.09966604073785956,0.15576923076923066
2023-06-19,0.05139161952936836,0.0,0.0,0.09966604073785956,0.15576923076923066
2023-06-19,0.015181287631659273,0.0,0.0,0.09966604073785956,0.15576923076923066
2023-06-19,0.023795267555814768,0.0,0.0,0.09966604073785956,0.15576923076923066
2023-06-19,0.007308669786788815,0.0,0.0,0.09966604073785956,0.15576923076923066
2023-06-19,0.025216686881605072,0.0,0.0,0.09966604073785956,0.15576923076923066
2023-06-19,0.007645065085012773,0.0,0.0,0.09966604073785956,0.15576923076923066
2023-06-19,0.09825912973846271,0.0,0.0,0.09966604073785956,0.15576923076923066
2023-06-19,0.028494448961768663,0.0,0.0,0.09966604073785956,0.15576923076923066
2023-06-20,0.0077620690021775445,0.0,0.0,0.1027612156023135,0.16071428571428648
2023-06-20,9.60363478117108e-05,0.0,0.0,0.1027612156023135,0.16071428571428648
2023-06-20,0.00451590390590019,0.0,0.0,0.1027612156023135,0.16071428571428648
2023-06-20,0.025183356753854767,0.0,0.0,0.1027612156023135,0.16071428571428648
2023-06-20,0.01278340952403428,0.0,0.0,0.1027612156023135,0.16071428571428648
2023-06-20,0.0,0.0,0.0,0.1027612156023135,0.16071428571428648
2023-06-20,9.218467864888578e-05,0.0,0.0,0.1027612156023135,0.16071428571428648
2023-06-20,0.0,0.0,0.0,0.1027612156023135,0.16071428571428648
2023-06-20,0.0010798851382818003,0.0,0.0,0.1027612156023135,0.16071428571428648
2023-06-20,0.0,0.0,0.0,0.1027612156023135,0.16071428571428648
2023-06-21,0.0190424056523177,0.0,0.0,0.09877532602743583,0.16538461538461569
2023-06-21,9.00401108857586e-07,0.0,0.0,0.09877532602743583,0.16538461538461569
2023-06-21,0.0004857522129038099,0.0,0.0,0.09877532602743583,0.16538461538461569
2023-06-21,0.00010503033719770428,0.0,0.0,0.09877532602743583,0.16538461538461569
2023-06-21,0.130813538859717,0.0,0.0,0.09877532602743583,0.16538461538461569
2023-06-21,0.007608682349095889,0.0,0.0,0.09877532602743583,0.16538461538461569
2023-06-21,0.004260028018419173,0.0,0.0,0.09877532602743583,0.16538461538461569
2023-06-21,0.0007230247439339191,0.0,0.0,0.09877532602743583,0.16538461538461569
2023-06-21,0.0721233696711092,0.0,0.0,0.09877532602743583,0.16538461538461569
2023-06-21,0.009893628635342004,0.0,0.0,0.09877532602743583,0.16538461538461569
2023-06-22,8.567033406842842e-05,0.0,0.0,0.11029351282370659,0.17225274725274708
2023-06-22,0.0022945615317248327,0.0,0.0,0.11029351282370659,0.17225274725274708
2023-06-22,7.060087489892284e-05,0.0,0.0,0.11029351282370659,0.17225274725274708
2023-06-22,0.0003621129621106377,0.0,0.0,0.11029351282370659,0.17225274725274708
2023-06-22,0.03889018803668478,0.0,0.0,0.11029351282370659,0.17225274725274708
2023-06-22,0.037269160596380774,0.0,0.0,0.11029351282370659,0.17225274725274708
2023-06-22,0.00231967090415608,0.0,0.0,0.11029351282370659,0.17225274725274708
2023-06-22,0.0028204452805168164,0.0,0.0,0.11029351282370659,0.17225274725274708
2023-06-22,0.04311080394949572,0.0,0.0,0.11029351282370659,0.17225274725274708
2023-06-22,0.0009789524025300683,0.0,0.0,0.11029351282370659,0.17225274725274708
2023-06-23,0.00014195282035372368,0.0,0.0,,
2023-06-23,0.006803984682625018,0.0,0.0,,
2023-06-23,0.00011532945577124681,0.0,0.0,,
2023-06-23,0.008553106237410695,0.0,0.0,,
2023-06-23,0.014875623902704343,0.0,0.0,,
2023-06-23,0.06023930656899762,0.0,0.0,,
2023-06-23,0.06136105307131619,0.0,0.0,,
2023-06-23,0.0008180521199328525,0.0,0.0,,
2023-06-23,0.16269757249691144,0.0,0.0,,
2023-06-23,1.77221000066745e-05,0.0,0.0,,
2023-06-24,0.36978502200102253,0.0,0.0,,
2023-06-24,0.18313077249461623,0.0,0.0,,
2023-06-24,0.0006195223361436461,0.0,0.0,,
2023-06-24,0.20798397262751703,0.0,0.0,,
2023-06-24,0.016269885069912754,0.0,0.0,,
2023-06-24,0.0029245748106135187,0.0,0.0,,
2023-06-24,0.05951193053613906,0.0,0.0,,
2023-06-24,0.2082136741194379,0.0,0.0,,
2023-06-24,0.051394409476206535,0.0,0.0,,
2023-06-24,0.16120911516331368,0.0,0.0,,
2023-06-25,0.25609165107216364,0.0,0.0,,
2023-06-25,0.12680618587857911,0.0,0.0,,
2023-06-25,0.04409635685979715,0.0,0.0,,
2023-06-25,0.05959873595578708,0.0,0.0,,
2023-06-25,0.08967204980865232,0.0,0.0,,
2023-06-25,0.01404044958665299,0.0,0.0,,
2023-06-25,0.06407985153283309,0.0,0.0,,
2023-06-25,0.0177291268211087,0.0,0.0,,
2023-06-25,0.2530027838251192,0.0,0.0,,
2023-06-25,0.20450753140047764,0.0,0.0,,
2023-06-26,0.15549455729514816,0.0,0.0,,
2023-06-26,0.05766928997393836,0.0,0.0,,
2023-06-26,0.06652788094521314,0.0,0.0,,
2023-06-26,0.21911772834951468,0.0,0.0,,
2023-06-26,0.048004006324006594,0.0,0.0,,
2023-06-26,0.03767646797773244,0.0,0.0,,
2023-06-26,0.12973436662737392,0.0,0.0,,
2023-06-26,0.11312740592417078,0.0,0.0,,
2023-06-26,0.011271383133223144,0.0,0.0,,
2023-06-26,0.03874021015532563,0.0,0.0,,
2023-06-27,0.027997024234100793,0.0,0.0,,
2023-06-27,0.0189302185628661,0.0,0.0,,
2023-06-27,0.1061964600837266,0.0,0.0,,
2023-06-27,0.07863477664152213,0.0,0.0,,
2023-06-27,0.003063741057456119,0.0,0.0,,
2023-06-27,0.018789240257859975,0.0,0.0,,
2023-06-27,0.010780854036404235,0.0,0.0,,
2023-06-27,0.0346841779501812,0.0,0.0,,
2023-06-27,0.07240636221108375,0.0,0.0,,
2023-06-27,0.05508038086384288,0.0,0.0,,
2023-06-28,0.009083661782541786,0.0,0.0,,
2023-06-28,0.03658021425625285,0.0,0.0,,
2023-06-28,0.026167956603358418,0.0,0.0,,
2023-06-28,0.05745590551031299,0.0,0.0,,
2023-06-28,0.060165789601637897,0.0,0.0,,
2023-06-28,0.010509691839792654,0.0,0.0,,
2023-06-28,0.062054749472766346,0.0,0.0,,
2023-06-28,0.05738809052300858,0.0,0.0,,
2023-06-28,0.016916223356638702,0.0,0.0,,
2023-06-28,0.0275251843017653,0.0,0.0,,
2023-06-29,0.0037414999620985355,0.0,0.0,,
2023-06-29,0.024521079232484914,0.0,0.0,,
2023-06-29,0.021981628162007685,0.0,0.0,,
2023-06-29,0.029253977326966572,0.0,0.0,,
2023-06-29,0.014883037226404477,0.0,0.0,,
2023-06-29,0.0273903730316658,0.0,0.0,,
2023-06-29,0.019771941278037646,0.0,0.0,,
2023-06-29,0.01296314454878224,0.0,0.0,,
2023-06-29,0.00595618981202987,0.0,0.0,,
2023-06-29,0.0095533052153644,0.0,0.0,,
2023-06-30,0.022452249379126328,0.0,0.0,0.1917997842543261,0.2744505494505489
2023-06-30,0.038983225008745646,0.0,0.0,0.1917997842543261,0.2744505494505489
2023-06-30,0.01895077019021722,0.0,0.0,0.1917997842543261,0.2744505494505489
2023-06-30,0.00559094954529814,0.0,0.0,0.1917997842543261,0.2744505494505489
2023-06-30,0.010825858024318276,0.0,0.0,0.1917997842543261,0.2744505494505489
2023-06-30,0.010420874201076095,0.0,0.0,0.1917997842543261,0.2744505494505489
2023-06-30,0.038118243387925486,0.0,0.0,0.1917997842543261,0.2744505494505489
2023-06-30,0.024918918391736794,0.0,0.0,0.1917997842543261,0.2744505494505489
2023-06-30,0.00908642906905381,0.0,0.0,0.1917997842543261,0.2744505494505489
2023-06-30,0.02187351420467251,0.0,0.0,0.1917997842543261,0.2744505494505489
2023-07-01,0.007888685833924566,0.0,0.0,0.21729443644080743,0.30604395604395584
2023-07-01,0.00012865489333389456,0.0,0.0,0.21729443644080743,0.30604395604395584
2023-07-01,0.0010332450989488959,0.0,0.0,0.21729443644080743,0.30604395604395584
2023-07-01,0.2063344150334185,0.0,0.0,0.21729443644080743,0.30604395604395584
2023-07-01,0.0357898911923797,0.0,0.0,0.21729443644080743,0.30604395604395584
2023-07-01,0.033015114724452344,0.0,0.0,0.21729443644080743,0.30604395604395584
2023-07-01,0.003668728852464005,0.0,0.0,0.21729443644080743,0.30604395604395584
2023-07-01,0.0012413308154078798,0.0,0.0,0.21729443644080743,0.30604395604395584
2023-07-01,0.022524450256866165,0.0,0.0,0.21729443644080743,0.30604395604395584
2023-07-01,0.04740712084915697,0.0,0.0,0.21729443644080743,0.30604395604395584
2023-07-02,0.0005813964170377386,0.0,0.0,0.22628853986242098,0.3170329670329668
2023-07-02,0.022859598213699286,0.0,0.0,0.22628853986242098,0.3170329670329668
2023-07-02,0.010471000340418243,0.0,0.0,0.22628853986242098,0.3170329670329668
2023-07-02,0.001336449369515713,0.0,0.0,0.22628853986242098,0.3170329670329668
2023-07-02,0.009689093945779555,0.0,0.0,0.22628853986242098,0.3170329670329668
2023-07-02,0.012199379286843623,0.0,0.0,0.22628853986242098,0.3170329670329668
2023-07-02,6.989897277064079e-05,0.0,0.0,0.22628853986242098,0.3170329670329668
2023-07-02,0.0603197295467784,0.0,0.0,0.22628853986242098,0.3170329670329668
2023-07-02,0.006677578628579253,0.0,0.0,0.22628853986242098,0.3170329670329668
2023-07-02,0.020881500168650695,0.0,0.0,0.22628853986242098,0.3170329670329668
2023-07-03,1.2902338847760366e-05,0.0,0.0,0.23169863290568055,0.32390109890109997
2023-07-03,0.0071963707038280676,0.0,0.0,0.23169863290568055,0.32390109890109997
2023-07-03,0.042668482426323616,0.0,0.0,0.23169863290568055,0.32390109890109997
2023-07-03,0.0196537843845276,0.0,0.0,0.23169863290568055,0.32390109890109997
2023-07-03,0.0002301120862132681,0.0,0.0,0.23169863290568055,0.32390109890109997
2023-07-03,0.004335916648196338,0.0,0.0,0.23169863290568055,0.32390109890109997
2023-07-03,0.0,0.0,0.0,0.23169863290568055,0.32390109890109997
2023-07-03,0.0,0.0,0.0,0.23169863290568055,0.32390109890109997
2023-07-03,0.0005609770787362856,0.0,0.0,0.23169863290568055,0.32390109890109997
2023-07-03,0.0007107788083051581,0.0,0.0,0.23169863290568055,0.32390109890109997
2023-07-04,0.0084544119118968,0.0,0.0,0.23974561751911277,0.3337912087912098
2023-07-04,0.049458053114268374,0.0,0.0,0.23974561751911277,0.3337912087912098
2023-07-04,0.038328974979589606,0.0,0.0,0.23974561751911277,0.3337912087912098
2023-07-04,0.13468122238538835,0.0,0.0,0.23974561751911277,0.3337912087912098
2023-07-04,0.044024699753295385,0.0,0.0,0.23974561751911277,0.3337912087912098
2023-07-04,0.032511510756357755,0.0,0.0,0.23974561751911277,0.3337912087912098
2023-07-04,0.030652038672824927,0.0,0.0,0.23974561751911277,0.3337912087912098
2023-07-04,0.0028350392551069283,0.0,0.0,0.23974561751911277,0.3337912087912098
2023-07-04,0.022260348781471782,0.0,0.0,0.23974561751911277,0.3337912087912098
2023-07-04,0.12955117455037188,0.0,0.0,0.23974561751911277,0.3337912087912098
2023-07-05,0.07501115750098658,0.0,0.0,0.24873972094072633,0.3450549450549456
2023-07-05,0.0015566382621587246,0.0,0.0,0.24873972094072633,0.3450549450549456
2023-07-05,0.02700483852982466,0.0,0.0,0.24873972094072633,0.3450549450549456
2023-07-05,0.009738286497035623,0.0,0.0,0.24873972094072633,0.3450549450549456
2023-07-05,0.0019834683905224316,0.0,0.0,0.24873972094072633,0.3450549450549456
2023-07-05,0.07825804294322901,0.0,0.0,0.24873972094072633,0.3450549450549456
2023-07-05,0.0545401219058372,0.0,0.0,0.24873972094072633,0.3450549450549456
2023-07-05,0.009583673283396429,0.0,0.0,0.24873972094072633,0.3450549450549456
2023-07-05,0.07334947462277121,0.0,0.0,0.24873972094072633,0.3450549450549456
2023-07-05,0.0105002943525045,0.0,0.0,0.24873972094072633,0.3450549450549456
2023-07-06,0.014741218409214161,0.0,0.0,0.2590052667326281,0.35576923076922995
2023-07-06,0.05182499088319474,0.0,0.0,0.2590052667326281,0.35576923076922995
2023-07-06,0.15263341022448162,0.0,0.0,0.2590052667326281,0.35576923076922995
2023-07-06,0.0834802231340637,0.0,0.0,0.2590052667326281,0.35576923076922995
2023-07-06,0.09571407106517583,0.0,0.0,0.2590052667326281,0.35576923076922995
2023-07-06,0.053460117182196495,0.0,0.0,0.2590052667326281,0.35576923076922995
2023-07-06,0.1790017879683953,0.0,0.0,0.2590052667326281,0.35576923076922995
2023-07-06,0.15154730835622804,0.0,0.0,0.2590052667326281,0.35576923076922995
2023-07-06,0.0213895887273277,0.0,0.0,0.2590052667326281,0.35576923076922995
2023-07-06,0.08963740430837677,0.0,0.0,0.2590052667326281,0.35576923076922995
2023-07-07,0.06179281897970246,0.0,0.0,,
2023-07-07,0.008844586991382271,0.0,0.0,,
2023-07-07,0.0887118303513345,0.0,0.0,,
2023-07-07,0.008382292122784955,0.0,0.0,,
2023-07-07,0.049345994892416783,0.0,0.0,,
2023-07-07,0.0672619832471626,0.0,0.0,,
2023-07-07,0.04323702172553176,0.0,0.0,,
2023-07-07,0.03502430305282413,0.0,0.0,,
2023-07-07,0.15546923381303338,0.0,0.0,,
2023-07-07,0.03736170945472765,0.0,0.0,,
2023-07-08,0.006903127179410404,0.0,0.0,,
2023-07-08,0.051667943100044786,0.0,0.0,,
2023-07-08,0.050334952556541836,0.0,0.0,,
2023-07-08,0.07453291568931689,0.0,0.0,,
2023-07-08,0.023882832948701162,0.0,0.0,,
2023-07-08,0.01717494768093801,0.0,0.0,,
2023-07-08,0.014792434377873007,0.0,0.0,,
2023-07-08,0.2104624219447892,0.0,0.0,,
2023-07-08,0.01550622671133135,0.0,0.0,,
2023-07-08,0.018926366893703275,0.0,0.0,,
2023-07-09,0.12443975349124967,0.0,0.0,,
2023-07-09,0.7543868454943308,0.0,0.0,,
2023-07-09,0.653931244787149,0.0,0.0,,
2023-07-09,0.42344996511555016,0.0,0.0,,
2023-07-09,0.8375186957926272,0.0,0.0,,
2023-07-09,0.6595058237003107,0.0,0.0,,
2023-07-09,0.7146296492602754,0.0,0.0,,
2023-07-09,0.6296822933754631,0.0,0.0,,
2023-07-09,0.6297681586725171,0.0,0.0,,
2023-07-09,0.5179623085210694,0.0,0.0,,
2023-07-10,0.1390058968325378,0.0,0.0,,
2023-07-10,0.5889305613817652,0.0,0.0,,
2023-07-10,0.6459969434794627,0.0,0.0,,
2023-07-10,0.3601567801451035,0.0,0.0,,
2023-07-10,0.6399432167041994,0.0,0.0,,
2023-07-10,0.2089590155439429,0.0,0.0,,
2023-07-10,0.5110845011210441,0.0,0.0,,
2023-07-10,0.596425651999413,0.0,0.0,,
2023-07-10,0.699331600963102,0.0,0.0,,
2023-07-10,0.5534441497822712,0.0,0.0,,
2023-07-11,0.1753287948855492,0.0,0.0,,
2023-07-11,0.43197746316868535,0.0,0.0,,
2023-07-11,0.03471453601819971,0.0,0.0,,
2023-07-11,0.38169029871253785,0.0,0.0,,
2023-07-11,0.6647334122799132,0.0,0.0,,
2023-07-11,0.04721072008952848,0.0,0.0,,
2023-07-11,0.032663770476914086,0.0,0.0,,
2023-07-11,0.2174889423349421,0.0,0.0,,
2023-07-11,0.0747268047002602,0.0,0.0,,
2023-07-11,0.3795846948329136,0.0,0.0,,
2023-07-12,0.010762208234457418,0.0,0.0,,
2023-07-12,0.007318387620179034,0.0,0.0,,
2023-07-12,0.0796787369108474,0.0,0.0,,
2023-07-12,0.20478512931068363,0.0,0.0,,
2023-07-12,0.010798175900001568,0.0,0.0,,
2023-07-12,0.02197163850366003,0.0,0.0,,
2023-07-12,0.04727108818524136,0.0,0.0,,
2023-07-12,0.006821821498118218,0.0,0.0,,
2023-07-12,0.039835582099823484,0.0,0.0,,
2023-07-12,0.005067447929996453,0.0,0.0,,
2023-07-13,0.03990986944913837,0.0,0.0,0.5123630731772664,0.6074175824175825
2023-07-13,0.08227953972280276,0.0,0.0,0.5123630731772664,0.6074175824175825
2023-07-13,0.009683262276650987,0.0,0.0,0.5123630731772664,0.6074175824175825
2023-07-13,0.136120901493219,0.0,0.0,0.5123630731772664,0.6074175824175825
2023-07-13,0.28366971812673086,0.0,0.0,0.5123630731772664,0.6074175824175825
2023-07-13,0.06482128172323096,0.0,0.0,0.5123630731772664,0.6074175824175825
2023-07-13,0.07138736735981319,0.0,0.0,0.5123630731772664,0.6074175824175825
2023-07-13,0.02645490793816589,0.0,0.0,0.5123630731772664,0.6074175824175825
2023-07-13,0.09560786068368249,0.0,0.0,0.5123630731772664,0.6074175824175825
2023-07-13,0.01723860731763338,0.0,0.0,0.5123630731772664,0.6074175824175825
2023-07-14,0.15291449776255847,0.0,0.0,0.540722583495691,0.6335164835164839
2023-07-14,0.07547414516501694,0.0,0.0,0.540722583495691,0.6335164835164839
2023-07-14,0.0004664644946763809,0.0,0.0,0.540722583495691,0.6335164835164839
2023-07-14,0.08882499305956477,0.0,0.0,0.540722583495691,0.6335164835164839
2023-07-14,0.0010822125882225002,0.0,0.0,0.540722583495691,0.6335164835164839
2023-07-14,0.001778035220010967,0.0,0.0,0.540722583495691,0.6335164835164839
2023-07-14,0.015217746866256236,0.0,0.0,0.540722583495691,0.6335164835164839
2023-07-14,0.028605055996894863,0.0,0.0,0.540722583495691,0.6335164835164839
2023-07-14,0.03392277803100935,0.0,0.0,0.540722583495691,0.6335164835164839
2023-07-14,0.016387929588321706,0.0,0.0,0.540722583495691,0.6335164835164839
2023-07-15,0.069174400573754,0.0,0.0,0.5597636668303951,0.6508241758241748
2023-07-15,0.02421841391953979,0.0,0.0,0.5597636668303951,0.6508241758241748
2023-07-15,0.042200565580490276,0.0,0.0,0.5597636668303951,0.6508241758241748
2023-07-15,0.07706070936705134,0.0,0.0,0.5597636668303951,0.6508241758241748
2023-07-15,0.0626745050930806,0.0,0.0,0.5597636668303951,0.6508241758241748
2023-07-15,0.2105705990640642,0.0,0.0,0.5597636668303951,0.6508241758241748
2023-07-15,0.019673390751687933,0.0,0.0,0.5597636668303951,0.6508241758241748
2023-07-15,0.05288559310059869,0.0,0.0,0.5597636668303951,0.6508241758241748
2023-07-15,0.008744998362775081,0.0,0.0,0.5597636668303951,0.6508241758241748
2023-07-15,0.1081759716653209,0.0,0.0,0.5597636668303951,0.6508241758241748
2023-07-16,0.16035069544102198,0.0,0.0,0.581639056077424,0.6708791208791212
2023-07-16,0.30618372622090984,0.0,0.0,0.581639056077424,0.6708791208791212
2023-07-16,0.28332645475157886,0.0,0.0,0.581639056077424,0.6708791208791212
2023-07-16,0.1344727011701706,0.0,0.0,0.581639056077424,0.6708791208791212
2023-07-16,0.07632106363141788,0.0,0.0,0.581639056077424,0.6708791208791212
2023-07-16,0.07561090651434227,0.0,0.0,0.581639056077424,0.6708791208791212
2023-07-16,0.21403623033884492,0.0,0.0,0.581639056077424,0.6708791208791212
2023-07-16,0.2292798656683241,0.0,0.0,0.581639056077424,0.6708791208791212
2023-07-16,0.14610975358385447,0.0,0.0,0.581639056077424,0.6708791208791212
2023-07-16,0.1561651259603015,0.0,0.0,0.581639056077424,0.6708791208791212
2023-07-17,0.010295285735908481,0.0,0.0,0.6067811826529197,0.6923076923076916
2023-07-17,0.059687561364610384,0.0,0.0,0.6067811826529197,0.6923076923076916
2023-07-17,0.008510831717060978,0.0,0.0,0.6067811826529197,0.6923076923076916
2023-07-17,0.04453516230189739,0.0,0.0,0.6067811826529197,0.6923076923076916
2023-07-17,0.0760751072964557,0.0,0.0,0.6067811826529197,0.6923076923076916
2023-07-17,0.04749738595831357,0.0,0.0,0.6067811826529197,0.6923076923076916
2023-07-17,0.09765840378058441,0.0,0.0,0.6067811826529197,0.6923076923076916
2023-07-17,0.06437367965747177,0.0,0.0,0.6067811826529197,0.6923076923076916
2023-07-17,0.0647300464338282,0.0,0.0,0.6067811826529197,0.6923076923076916
2023-07-17,0.14153900483357462,0.0,0.0,0.6067811826529197,0.6923076923076916
2023-07-18,0.007112173198780798,0.0,0.0,0.6359162493155128,0.7162087912087909
2023-07-18,0.011960490920634533,0.0,0.0,0.6359162493155128,0.7162087912087909
2023-07-18,0.14479256349549371,0.0,0.0,0.6359162493155128,0.7162087912087909
2023-07-18,0.02775627196880138,0.0,0.0,0.6359162493155128,0.7162087912087909
2023-07-18,0.15615232564341625,0.0,0.0,0.6359162493155128,0.7162087912087909
2023-07-18,0.049483939161194146,0.0,0.0,0.6359162493155128,0.7162087912087909
2023-07-18,0.03764582227004079,0.0,0.0,0.6359162493155128,0.7162087912087909
2023-07-18,0.11624283815019618,0.0,0.0,0.6359162493155128,0.7162087912087909
2023-07-18,0.011045833523694612,0.0,0.0,0.6359162493155128,0.7162087912087909
2023-07-18,0.021437328431967283,0.0,0.0,0.6359162493155128,0.7162087912087909
2023-07-19,0.0764878108271659,0.0,0.0,0.6535472302062746,0.7307692307692317
2023-07-19,0.10102696342487415,0.0,0.0,0.6535472302062746,0.7307692307692317
2023-07-19,0.171773813464893,0.0,0.0,0.6535472302062746,0.7307692307692317
2023-07-19,0.017278507566100287,0.0,0.0,0.6535472302062746,0.7307692307692317
2023-07-19,0.08111934722571171,0.0,0.0,0.6535472302062746,0.7307692307692317
2023-07-19,0.1239513661954828,0.0,0.0,0.6535472302062746,0.7307692307692317
2023-07-19,0.29300798544462275,0.0,0.0,0.6535472302062746,0.7307692307692317
2023-07-19,0.0256983438998711,0.0,0.0,0.6535472302062746,0.7307692307692317
2023-07-19,0.09823940781400911,0.0,0.0,0.6535472302062746,0.7307692307692317
2023-07-19,0.04532444136408798,0.0,0.0,0.6535472302062746,0.7307692307692317
2023-07-20,0.07581595614563383,0.0,0.0,0.6764049908225831,0.7494505494505503
2023-07-20,0.07421669186610687,0.0,0.0,0.6764049908225831,0.7494505494505503
2023-07-20,0.016239533368989742,0.0,0.0,0.6764049908225831,0.7494505494505503
2023-07-20,0.1868563920021422,0.0,0.0,0.6764049908225831,0.7494505494505503
2023-07-20,0.08602924044561559,0.0,0.0,0.6764049908225831,0.7494505494505503
2023-07-20,0.04141692002937263,0.0,0.0,0.6764049908225831,0.7494505494505503
2023-07-20,0.0673029819856601,0.0,0.0,0.6764049908225831,0.7494505494505503
2023-07-20,0.004434381102178094,0.0,0.0,0.6764049908225831,0.7494505494505503
2023-07-20,0.032406210762431116,0.0,0.0,0.6764049908225831,0.7494505494505503
2023-07-20,0.07415774840089533,0.0,0.0,0.6764049908225831,0.7494505494505503
2023-07-21,0.002644858452376087,0.0,0.0,0.6964942503072848,0.7656593406593402
2023-07-21,0.06834673837643943,0.0,0.0,0.6964942503072848,0.7656593406593402
2023-07-21,0.18785731697470626,0.0,0.0,0.6964942503072848,0.7656593406593402
2023-07-21,0.05277177616008906,0.0,0.0,0.6964942503072848,0.7656593406593402
2023-07-21,0.011501244049244595,0.0,0.0,0.6964942503072848,0.7656593406593402
2023-07-21,0.004829291749269588,0.0,0.0,0.6964942503072848,0.7656593406593402
2023-07-21,0.018060409570737106,0.0,0.0,0.6964942503072848,0.7656593406593402
2023-07-21,0.09906848653079331,0.0,0.0,0.6964942503072848,0.7656593406593402
2023-07-21,0.07897589342505029,0.0,0.0,0.6964942503072848,0.7656593406593402
2023-07-21,0.042663486287672615,0.0,0.0,0.6964942503072848,0.7656593406593402
2023-07-22,0.09874894401324974,0.0,0.0,0.7109478003576959,0.7774725274725274
2023-07-22,0.13165435984396903,0.0,0.0,0.7109478003576959,0.7774725274725274
2023-07-22,0.18746007720219396,0.0,0.0,0.7109478003576959,0.7774725274725274
2023-07-22,0.12881574712666344,0.0,0.0,0.7109478003576959,0.7774725274725274
2023-07-22,0.057794055604863545,0.0,0.0,0.7109478003576959,0.7774725274725274
2023-07-22,0.11799048929903568,0.0,0.0,0.7109478003576959,0.7774725274725274
2023-07-22,0.23710255046005624,0.0,0.0,0.7109478003576959,0.7774725274725274
2023-07-22,0.3414074496531423,0.0,0.0,0.7109478003576959,0.7774725274725274
2023-07-22,0.6072808083139852,0.0,0.0,0.7109478003576959,0.7774725274725274
2023-07-22,0.19076008808361763,0.0,0.0,0.7109478003576959,0.7774725274725274
2023-07-23,0.0722734679559116,0.0,0.0,0.7350370504417145,0.7972527472527471
2023-07-23,0.11493836506154147,0.0,0.0,0.7350370504417145,0.7972527472527471
2023-07-23,0.043659803065718684,0.0,0.0,0.7350370504417145,0.7972527472527471
2023-07-23,0.032002989150463866,0.0,0.0,0.7350370504417145,0.7972527472527471
2023-07-23,0.1388322366743463,0.0,0.0,0.7350370504417145,0.7972527472527471
2023-07-23,0.03908099502773678,0.0,0.0,0.7350370504417145,0.7972527472527471
2023-07-23,0.1303025292343282,0.0,0.0,0.7350370504417145,0.7972527472527471
2023-07-23,0.1180855484461227,0.0,0.0,0.7350370504417145,0.7972527472527471
2023-07-23,0.06802939527762103,0.0,0.0,0.7350370504417145,0.7972527472527471
2023-07-23,0.037946745002346176,0.0,0.0,0.7350370504417145,0.7972527472527471
2023-07-24,0.03763986648728367,0.0,0.0,0.7450816801840654,0.8054945054945044
2023-07-24,0.014343248898694825,0.0,0.0,0.7450816801840654,0.8054945054945044
2023-07-24,0.08599363036832769,0.0,0.0,0.7450816801840654,0.8054945054945044
2023-07-24,0.0018604866314680983,0.0,0.0,0.7450816801840654,0.8054945054945044
2023-07-24,0.02224486912451306,0.0,0.0,0.7450816801840654,0.8054945054945044
2023-07-24,0.031028600621529737,0.0,0.0,0.7450816801840654,0.8054945054945044
2023-07-24,0.0024633045130096195,0.0,0.0,0.7450816801840654,0.8054945054945044
2023-07-24,0.013538302105548525,0.0,0.0,0.7450816801840654,0.8054945054945044
2023-07-24,0.0008461569234166378,0.0,0.0,0.7450816801840654,0.8054945054945044
2023-07-24,0.008644113293483345,0.0,0.0,0.7450816801840654,0.8054945054945044
2023-07-25,0.023374352125700965,0.0,0.0,0.7546609761199152,0.8131868131868139
2023-07-25,0.06841938693744684,0.0,0.0,0.7546609761199152,0.8131868131868139
2023-07-25,0.04587609027039192,0.0,0.0,0.7546609761199152,0.8131868131868139
2023-07-25,0.04399829310786181,0.0,0.0,0.7546609761199152,0.8131868131868139
2023-07-25,0.020882456277439582,0.0,0.0,0.7546609761199152,0.8131868131868139
2023-07-25,0.0017296345533824946,0.0,0.0,0.7546609761199152,0.8131868131868139
2023-07-25,0.045105787715488836,0.0,0.0,0.7546609761199152,0.8131868131868139
2023-07-25,0.0035891206060273376,0.0,0.0,0.7546609761199152,0.8131868131868139
2023-07-25,0.2828880986702597,0.0,0.0,0.7546609761199152,0.8131868131868139
2023-07-25,0.16445757150099696,0.0,0.0,0.7546609761199152,0.8131868131868139
2023-07-26,0.1697341379074226,0.0,0.0,0.7626092535622715,0.8197802197802204
2023-07-26,0.010323612657084452,0.0,0.0,0.7626092535622715,0.8197802197802204
2023-07-26,0.1523853717259345,0.0,0.0,0.7626092535622715,0.8197802197802204
2023-07-26,0.01874791394402467,0.0,0.0,0.7626092535622715,0.8197802197802204
2023-07-26,0.015981880589449403,0.0,0.0,0.7626092535622715,0.8197802197802204
2023-07-26,0.0382671154890178,0.0,0.0,0.7626092535622715,0.8197802197802204
2023-07-26,0.08792106851975416,0.0,0.0,0.7626092535622715,0.8197802197802204
2023-07-26,0.4800420063435469,0.0,0.0,0.7626092535622715,0.8197802197802204
2023-07-26,0.027709585175982463,0.0,0.0,0.7626092535622715,0.8197802197802204
2023-07-26,0.021442768452877597,0.0,0.0,0.7626092535622715,0.8197802197802204
2023-07-27,0.12110953403028393,0.0,0.0,0.7723460109376947,0.8277472527472529
2023-07-27,0.08854132561627845,0.0,0.0,0.7723460109376947,0.8277472527472529
2023-07-27,0.03138274421675933,0.0,0.0,0.7723460109376947,0.8277472527472529
2023-07-27,0.0742000187677895,0.0,0.0,0.7723460109376947,0.8277472527472529
2023-07-27,0.03909420834911152,0.0,0.0,0.7723460109376947,0.8277472527472529
2023-07-27,0.005981518030493737,0.0,0.0,0.7723460109376947,0.8277472527472529
2023-07-27,0.02633943227371114,0.0,0.0,0.7723460109376947,0.8277472527472529
2023-07-27,0.0346919806203478,0.0,0.0,0.7723460109376947,0.8277472527472529
2023-07-27,0.1380305156304438,0.0,0.0,0.7723460109376947,0.8277472527472529
2023-07-27,0.01634135194842249,0.0,0.0,0.7723460109376947,0.8277472527472529
2023-07-28,0.18364109459501424,0.0,0.0,0.7777772555176135,0.8321428571428573
2023-07-28,0.15802073032340944,0.0,0.0,0.7777772555176135,0.8321428571428573
2023-07-28,0.10455082560459715,0.0,0.0,0.7777772555176135,0.8321428571428573
2023-07-28,0.036886926246080046,0.0,0.0,0.7777772555176135,0.8321428571428573
2023-07-28,0.015261721163880254,0.0,0.0,0.7777772555176135,0.8321428571428573
2023-07-28,0.1414958193658093,0.0,0.0,0.7777772555176135,0.8321428571428573
2023-07-28,0.06599423466118749,0.0,0.0,0.7777772555176135,0.8321428571428573
2023-07-28,0.09994659287520001,0.0,0.0,0.7777772555176135,0.8321428571428573
2023-07-28,0.04086821491585161,0.0,0.0,0.7777772555176135,0.8321428571428573
2023-07-28,0.02333777559800792,0.0,0.0,0.7777772555176135,0.8321428571428573
2023-07-29,0.05804190476873691,0.0,0.0,0.793154422668807,0.844780219780219
2023-07-29,0.02724429758543211,0.0,0.0,0.793154422668807,0.844780219780219
2023-07-29,0.11848259369688631,0.0,0.0,0.793154422668807,0.844780219780219
2023-07-29,0.05225616200427831,0.0,0.0,0.793154422668807,0.844780219780219
2023-07-29,0.08298247824058409,0.0,0.0,0.793154422668807,0.844780219780219
2023-07-29,0.16783579872715176,0.0,0.0,0.793154422668807,0.844780219780219
2023-07-29,0.04590165540662221,0.0,0.0,0.793154422668807,0.844780219780219
2023-07-29,0.11118320243829845,0.0,0.0,0.793154422668807,0.844780219780219
2023-07-29,0.04336597612584506,0.0,0.0,0.793154422668807,0.844780219780219
2023-07-29,0.08739108258024607,0.0,0.0,0.793154422668807,0.844780219780219
2023-07-30,0.046633570327954135,0.0,0.0,0.8060051562746033,0.8271978021978015
2023-07-30,0.06051249071357797,0.0,0.0,0.8060051562746033,0.8271978021978015
2023-07-30,0.017671566439643124,0.0,0.0,0.8060051562746033,0.8271978021978015
2023-07-30,0.035073502006420426,0.0,0.0,0.8060051562746033,0.8271978021978015
2023-07-30,0.04476304286550582,0.0,0.0,0.8060051562746033,0.8271978021978015
2023-07-30,0.027361640315580357,0.0,0.0,0.8060051562746033,0.8271978021978015
2023-07-30,0.02170434075106927,0.0,0.0,0.8060051562746033,0.8271978021978015
2023-07-30,0.017705984054291343,0.0,0.0,0.8060051562746033,0.8271978021978015
2023-07-30,0.02260949792301944,0.0,0.0,0.8060051562746033,0.8271978021978015
2023-07-30,0.008836978181447942,0.0,0.0,0.8060051562746033,0.8271978021978015
2023-07-31,0.009230556458566786,0.0,0.0,0.8177466092911652,0.8634615384615376
2023-07-31,0.03658974619268577,0.0,0.0,0.8177466092911652,0.8634615384615376
2023-07-31,0.003953048784093491,0.0,0.0,0.8177466092911652,0.8634615384615376
2023-07-31,7.561943665194215e-05,0.0,0.0,0.8177466092911652,0.8634615384615376
2023-07-31,0.0023241551443245814,0.0,0.0,0.8177466092911652,0.8634615384615376
2023-07-31,0.006670308540805449,0.0,0.0,0.8177466092911652,0.8634615384615376
2023-07-31,0.010502115184571717,0.0,0.0,0.8177466092911652,0.8634615384615376
2023-07-31,0.05604178058709146,0.0,0.0,0.8177466092911652,0.8634615384615376
2023-07-31,0.0016840863482490314,0.0,0.0,0.8177466092911652,0.8634615384615376
2023-07-31,6.0276270998801094e-05,0.0,0.0,0.8177466092911652,0.8634615384615376
2023-08-01,0.020230723468034815,0.0,0.0,0.8270250833723072,0.8703296703296708
2023-08-01,0.0006468811355010681,0.0,0.0,0.8270250833723072,0.8703296703296708
2023-08-01,0.029596532537273373,0.0,0.0,0.8270250833723072,0.8703296703296708
2023-08-01,0.011206872179123608,0.0,0.0,0.8270250833723072,0.8703296703296708
2023-08-01,0.0005750658337196808,0.0,0.0,0.8270250833723072,0.8703296703296708
2023-08-01,0.0044309844126191305,0.0,0.0,0.8270250833723072,0.8703296703296708
2023-08-01,0.0004895771882525875,0.0,0.0,0.8270250833723072,0.8703296703296708
2023-08-01,0.007793556328195583,0.0,0.0,0.8270250833723072,0.8703296703296708
2023-08-01,0.03252454743183827,0.0,0.0,0.8270250833723072,0.8703296703296708
2023-08-01,0.0019210816483227994,0.0,0.0,0.8270250833723072,0.8703296703296708
2023-08-02,0.00019857390069851836,0.0,0.0,0.8317207245106357,0.8739010989010989
2023-08-02,0.017433511546839555,0.0,0.0,0.8317207245106357,0.8739010989010989
2023-08-02,0.0011776698400906645,0.0,0.0,0.8317207245106357,0.8739010989010989
2023-08-02,0.0003153539833462262,0.0,0.0,0.8317207245106357,0.8739010989010989
2023-08-02,0.007395222027295576,0.0,0.0,0.8317207245106357,0.8739010989010989
2023-08-02,0.01658334243079514,0.0,0.0,0.8317207245106357,0.8739010989010989
2023-08-02,0.07242010908137014,0.0,0.0,0.8317207245106357,0.8739010989010989
2023-08-02,0.0,0.0,0.0,0.8317207245106357,0.8739010989010989
2023-08-02,0.0,0.0,0.0,0.8317207245106357,0.8739010989010989
2023-08-02,0.0019968041229342965,0.0,0.0,0.8317207245106357,0.8739010989010989
2023-08-03,0.03120992842937183,0.0,0.0,0.8379839295324805,0.8785714285714281
2023-08-03,0.03515395614392885,0.0,0.0,0.8379839295324805,0.8785714285714281
2023-08-03,0.079220680060722,0.0,0.0,0.8379839295324805,0.8785714285714281
2023-08-03,0.015481514728619951,0.0,0.0,0.8379839295324805,0.8785714285714281
2023-08-03,0.014126030708183836,0.0,0.0,0.8379839295324805,0.8785714285714281
2023-08-03,0.06075949147112608,0.0,0.0,0.8379839295324805,0.8785714285714281
2023-08-03,0.024434387393036543,0.0,0.0,0.8379839295324805,0.8785714285714281
2023-08-03,0.05368040298496103,0.0,0.0,0.8379839295324805,0.8785714285714281
2023-08-03,0.04127371710769483,0.0,0.0,0.8379839295324805,0.8785714285714281
2023-08-03,0.0854072894414196,0.0,0.0,0.8379839295324805,0.8785714285714281
2023-08-04,0.032800678602905246,0.0,0.0,0.8487171593016234,0.8868131868131872
2023-08-04,0.18035279704174856,0.0,0.0,0.8487171593016234,0.8868131868131872
2023-08-04,0.013373612924647374,0.0,0.0,0.8487171593016234,0.8868131868131872
2023-08-04,0.03031645499763128,0.0,0.0,0.8487171593016234,0.8868131868131872
2023-08-04,0.026894544292328883,0.0,0.0,0.8487171593016234,0.8868131868131872
2023-08-04,0.04502938518709091,0.0,0.0,0.8487171593016234,0.8868131868131872
2023-08-04,0.0018400185239533615,0.0,0.0,0.8487171593016234,0.8868131868131872
2023-08-04,0.0413591976590748,0.0,0.0,0.8487171593016234,0.8868131868131872
2023-08-04,0.0013638100293880536,0.0,0.0,0.8487171593016234,0.8868131868131872
2023-08-04,0.0002026535361448725,0.0,0.0,0.8487171593016234,0.8868131868131872
2023-08-05,0.010385757880725219,0.0,0.0,0.8540825991008247,0.8906593406593402
2023-08-05,0.06315096774279501,0.0,0.0,0.8540825991008247,0.8906593406593402
2023-08-05,0.11099343041611212,0.0,0.0,0.8540825991008247,0.8906593406593402
2023-08-05,0.05603251739915798,0.0,0.0,0.8540825991008247,0.8906593406593402
2023-08-05,0.005219893508198661,0.0,0.0,0.8540825991008247,0.8906593406593402
2023-08-05,0.04567663556600836,0.0,0.0,0.8540825991008247,0.8906593406593402
2023-08-05,0.006147349227307828,0.0,0.0,0.8540825991008247,0.8906593406593402
2023-08-05,0.08469546846551326,0.0,0.0,0.8540825991008247,0.8906593406593402
2023-08-05,0.06365413819803564,0.0,0.0,0.8540825991008247,0.8906593406593402
2023-08-05,0.029259904343926366,0.0,0.0,0.8540825991008247,0.8906593406593402
2023-08-06,0.010895830349499322,0.0,0.0,0.8583317077985717,0.8939560439560434
2023-08-06,0.00614488683344062,0.0,0.0,0.8583317077985717,0.8939560439560434
2023-08-06,0.01532617978227124,0.0,0.0,0.8583317077985717,0.8939560439560434
2023-08-06,0.013497256383796513,0.0,0.0,0.8583317077985717,0.8939560439560434
2023-08-06,0.0001583277130354408,0.0,0.0,0.8583317077985717,0.8939560439560434
2023-08-06,0.0049050734533226895,0.0,0.0,0.8583317077985717,0.8939560439560434
2023-08-06,0.014303253194629165,0.0,0.0,0.8583317077985717,0.8939560439560434
2023-08-06,0.018073400932343147,0.0,0.0,0.8583317077985717,0.8939560439560434
2023-08-06,6.080472772518036e-05,0.0,0.0,0.8583317077985717,0.8939560439560434
2023-08-06,0.004678396066750952,0.0,0.0,0.8583317077985717,0.8939560439560434
2023-08-07,0.08928409145847528,0.0,0.0,0.8635890397437374,0.8978021978021982
2023-08-07,0.030624093316486356,0.0,0.0,0.8635890397437374,0.8978021978021982
2023-08-07,0.16571444109707098,0.0,0.0,0.8635890397437374,0.8978021978021982
2023-08-07,0.011886658129342342,0.0,0.0,0.8635890397437374,0.8978021978021982
2023-08-07,0.01366346880723418,0.0,0.0,0.8635890397437374,0.8978021978021982
2023-08-07,0.10567084722658457,0.0,0.0,0.8635890397437374,0.8978021978021982
2023-08-07,0.09342923538569442,0.0,0.0,0.8635890397437374,0.8978021978021982
2023-08-07,0.006164658387892189,0.0,0.0,0.8635890397437374,0.8978021978021982
2023-08-07,0.042278074758073096,0.0,0.0,0.8635890397437374,0.8978021978021982
2023-08-07,0.013835638426606964,0.0,0.0,0.8635890397437374,0.8978021978021982
2023-08-08,0.032483221221703794,0.0,0.0,0.8701836188399088,0.9027472527472522
2023-08-08,0.027568465629765997,0.0,0.0,0.8701836188399088,0.9027472527472522
2023-08-08,0.0016450032528456749,0.0,0.0,0.8701836188399088,0.9027472527472522
2023-08-08,0.004929170043443939,0.0,0.0,0.8701836188399088,0.9027472527472522
2023-08-08,0.00048384551248138236,0.0,0.0,0.8701836188399088,0.9027472527472522
2023-08-08,0.002906847806845301,0.0,0.0,0.8701836188399088,0.9027472527472522
2023-08-08,0.02222696999634242,0.0,0.0,0.8701836188399088,0.9027472527472522
2023-08-08,0.003349664772601281,0.0,0.0,0.8701836188399088,0.9027472527472522
2023-08-08,0.047101024977147965,0.0,0.0,0.8701836188399088,0.9027472527472522
2023-08-08,0.03067116074083518,0.0,0.0,0.8701836188399088,0.9027472527472522
2023-08-09,0.011105975756963062,0.0,0.0,0.8736524708520075,0.905494505494504
2023-08-09,0.038417386508905284,0.0,0.0,0.8736524708520075,0.905494505494504
2023-08-09,0.0504991366744042,0.0,0.0,0.8736524708520075,0.905494505494504
2023-08-09,0.026298251499587307,0.0,0.0,0.8736524708520075,0.905494505494504
2023-08-09,0.001144698242715272,0.0,0.0,0.8736524708520075,0.905494505494504
2023-08-09,0.0028610021755268917,0.0,0.0,0.8736524708520075,0.905494505494504
2023-08-09,0.0,0.0,0.0,0.8736524708520075,0.905494505494504
2023-08-09,0.0,0.0,0.0,0.8736524708520075,0.905494505494504
2023-08-09,0.07079896712213674,0.0,0.0,0.8736524708520075,0.905494505494504
2023-08-09,0.0024217044825239334,0.0,0.0,0.8736524708520075,0.905494505494504
2023-08-10,0.00013236717163455367,0.0,0.0,0.8780096874037902,0.9085164835164825
2023-08-10,0.08540090502652545,0.0,0.0,0.8780096874037902,0.9085164835164825
2023-08-10,0.07504771286828774,0.0,0.0,0.8780096874037902,0.9085164835164825
2023-08-10,0.00026690748298356415,0.0,0.0,0.8780096874037902,0.9085164835164825
2023-08-10,0.07223307540096376,0.0,0.0,0.8780096874037902,0.9085164835164825
2023-08-10,0.0025894257835607053,0.0,0.0,0.8780096874037902,0.9085164835164825
2023-08-10,0.007904993577267838,0.0,0.0,0.8780096874037902,0.9085164835164825
2023-08-10,0.1446917939157169,0.0,0.0,0.8780096874037902,0.9085164835164825
2023-08-10,0.009326828754914921,0.0,0.0,0.8780096874037902,0.9085164835164825
2023-08-10,0.00016455540411733447,0.0,0.0,0.8780096874037902,0.9085164835164825
2023-08-11,0.07113349007880267,0.0,0.0,0.8867335211903147,0.9137362637362632
2023-08-11,0.008942335016308148,0.0,0.0,0.8867335211903147,0.9137362637362632
2023-08-11,0.11251946999788963,0.0,0.0,0.8867335211903147,0.9137362637362632
2023-08-11,0.016408753590990227,0.0,0.0,0.8867335211903147,0.9137362637362632
2023-08-11,0.33556865415124093,0.0,0.0,0.8867335211903147,0.9137362637362632
2023-08-11,0.14716035749033027,0.0,0.0,0.8867335211903147,0.9137362637362632
2023-08-11,0.5025860938636434,0.0,0.0,0.8867335211903147,0.9137362637362632
2023-08-11,0.2754096520326848,0.0,0.0,0.8867335211903147,0.9137362637362632
2023-08-11,0.05849632901872278,0.0,0.0,0.8867335211903147,0.9137362637362632
2023-08-11,0.29321275162087473,0.0,0.0,0.8867335211903147,0.9137362637362632
2023-08-12,0.010657319126947735,0.0,0.0,0.9042892966173994,0.928296703296704
2023-08-12,0.23670532830448524,0.0,0.0,0.9042892966173994,0.928296703296704
2023-08-12,0.32336857515693107,0.0,0.0,0.9042892966173994,0.928296703296704
2023-08-12,0.23685450885455087,0.0,0.0,0.9042892966173994,0.928296703296704
2023-08-12,0.04343697710769673,0.0,0.0,0.9042892966173994,0.928296703296704
2023-08-12,0.036772573339006034,0.0,0.0,0.9042892966173994,0.928296703296704
2023-08-12,0.17607130450264702,0.0,0.0,0.9042892966173994,0.928296703296704
2023-08-12,0.06231516311275607,0.0,0.0,0.9042892966173994,0.928296703296704
2023-08-12,0.004302030450153782,0.0,0.0,0.9042892966173994,0.928296703296704
2023-08-12,0.10364828911193896,0.0,0.0,0.9042892966173994,0.928296703296704
2023-08-13,0.0033916238628105737,0.0,0.0,0.9241905424429084,0.9431318681318679
2023-08-13,0.006155565885427369,0.0,0.0,0.9241905424429084,0.9431318681318679
2023-08-13,0.07459798625648154,0.0,0.0,0.9241905424429084,0.9431318681318679
2023-08-13,0.24068955685555277,0.0,0.0,0.9241905424429084,0.9431318681318679
2023-08-13,0.05244108840516501,0.0,0.0,0.9241905424429084,0.9431318681318679
2023-08-13,0.0026678247549451074,0.0,0.0,0.9241905424429084,0.9431318681318679
2023-08-13,0.2819932064220422,0.0,0.0,0.9241905424429084,0.9431318681318679
2023-08-13,0.31286248526182103,0.0,0.0,0.9241905424429084,0.9431318681318679
2023-08-13,0.04672062695981653,0.0,0.0,0.9241905424429084,0.9431318681318679
2023-08-13,0.26946414593782353,0.0,0.0,0.9241905424429084,0.9431318681318679
2023-08-14,0.4472956209176088,0.0,0.0,0.9604184243985328,0.9703296703296687
2023-08-14,0.11667314137665377,0.0,0.0,0.9604184243985328,0.9703296703296687
2023-08-14,1.0,0.0,0.0,0.9604184243985328,0.9703296703296687
2023-08-14,0.21706116032512338,0.0,0.0,0.9604184243985328,0.9703296703296687
2023-08-14,0.2922594338964881,0.0,0.0,0.9604184243985328,0.9703296703296687
2023-08-14,0.31605312086795107,0.0,0.0,0.9604184243985328,0.9703296703296687
2023-08-14,0.21615376809592893,0.0,0.0,0.9604184243985328,0.9703296703296687
2023-08-14,0.553084973173595,0.0,0.0,0.9604184243985328,0.9703296703296687
2023-08-14,0.36499606580309923,0.0,0.0,0.9604184243985328,0.9703296703296687
2023-08-14,0.06929488102876245,0.0,0.0,0.9604184243985328,0.9703296703296687
2023-08-15,0.1419631049413029,0.0,0.0,1.0,1.0
2023-08-15,0.025513457450238076,0.0,0.0,1.0,1.0
2023-08-15,0.2638450465266247,0.0,0.0,1.0,1.0
2023-08-15,0.29364755360765055,0.0,0.0,1.0,1.0
2023-08-15,0.09671682729275737,0.0,0.0,1.0,1.0
2023-08-15,0.13180086129728535,0.0,0.0,1.0,1.0
2023-08-15,0.10882028776482061,0.0,0.0,1.0,1.0
2023-08-15,0.045190060070169624,0.0,0.0,1.0,1.0
2023-08-15,0.11603168334052734,0.0,0.0,1.0,1.0
2023-08-15,0.05442137965298894,0.0,0.0,1.0,1.0
2023-08-16,0.014452800910705648,0.0,0.0,0.9960869657180595,0.9969780219780215
2023-08-16,0.0,0.0,0.0,0.9960869657180595,0.9969780219780215
2023-08-16,0.017413755783381276,0.0,0.0,0.9960869657180595,0.9969780219780215
2023-08-16,0.008632662870655717,0.0,0.0,0.9960869657180595,0.9969780219780215
2023-08-16,0.017269840987350783,0.0,0.0,0.9960869657180595,0.9969780219780215
2023-08-16,0.0,0.0,0.0,0.9960869657180595,0.9969780219780215
2023-08-16,0.0005394209298969654,0.0,0.0,0.9960869657180595,0.9969780219780215
2023-08-16,0.002068509966793539,0.0,0.0,0.9960869657180595,0.9969780219780215
2023-08-16,0.0,0.0,0.0,0.9960869657180595,0.9969780219780215
2023-08-16,1.3794271055375771e-06,0.0,0.0,0.9960869657180595,0.9969780219780215
2023-08-17,0.003019115068561996,0.0,0.0,0.982110500327849,0.986538461538462
2023-08-17,0.014941343769242122,0.0,0.0,0.982110500327849,0.986538461538462
2023-08-17,0.0008577502066786981,0.0,0.0,0.982110500327849,0.986538461538462
2023-08-17,0.00011851549844111454,0.0,0.0,0.982110500327849,0.986538461538462
2023-08-17,0.030052104852387355,0.0,0.0,0.982110500327849,0.986538461538462
2023-08-17,0.010383225351884514,0.0,0.0,0.982110500327849,0.986538461538462
2023-08-17,0.0075192898912478535,0.0,0.0,0.982110500327849,0.986538461538462
2023-08-17,0.017291776103084446,0.0,0.0,0.982110500327849,0.986538461538462
2023-08-17,0.04029461991372596,0.0,0.0,0.982110500327849,0.986538461538462
2023-08-17,0.0056106924939092195,0.0,0.0,0.982110500327849,0.986538461538462
2023-08-18,0.03982045401647279,0.0,0.0,0.9679084185466076,0.9758241758241741
2023-08-18,0.04931127421649398,0.0,0.0,0.9679084185466076,0.9758241758241741
2023-08-18,0.0005277580369433986,0.0,0.0,0.9679084185466076,0.9758241758241741
2023-08-18,0.03209930956874232,0.0,0.0,0.9679084185466076,0.9758241758241741
2023-08-18,0.005318884751560093,0.0,0.0,0.9679084185466076,0.9758241758241741
2023-08-18,0.0001191208964400117,0.0,0.0,0.9679084185466076,0.9758241758241741
2023-08-18,0.009275737840647726,0.0,0.0,0.9679084185466076,0.9758241758241741
2023-08-18,0.001447000929441525,0.0,0.0,0.9679084185466076,0.9758241758241741
2023-08-18,0.025012894881809078,0.0,0.0,0.9679084185466076,0.9758241758241741
2023-08-18,0.1132040562555335,0.0,0.0,0.9679084185466076,0.9758241758241741
2023-08-19,0.0030840198872308885,0.0,0.0,0.9378121320513937,0.9711538461538467
2023-08-19,0.009928726041474547,0.0,0.0,0.9378121320513937,0.9711538461538467
2023-08-19,0.01746443153916392,0.0,0.0,0.9378121320513937,0.9711538461538467
2023-08-19,0.013069857546516994,0.0,0.0,0.9378121320513937,0.9711538461538467
2023-08-19,0.006654924137466084,0.0,0.0,0.9378121320513937,0.9711538461538467
2023-08-19,0.011752046644655954,0.0,0.0,0.9378121320513937,0.9711538461538467
2023-08-19,0.02427638734209516,0.0,0.0,0.9378121320513937,0.9711538461538467
2023-08-19,0.09449476739897295,0.0,0.0,0.9378121320513937,0.9711538461538467
2023-08-19,0.009751388476928673,0.0,0.0,0.9378121320513937,0.9711538461538467
2023-08-19,0.010448001695389881,0.0,0.0,0.9378121320513937,0.9711538461538467
2023-08-20,0.006222662851563133,0.0,0.0,0.9537110371068458,0.9653846153846146
2023-08-20,0.0003680384486359364,0.0,0.0,0.9537110371068458,0.9653846153846146
2023-08-20,0.018991145039434203,0.0,0.0,0.9537110371068458,0.9653846153846146
2023-08-20,0.00037694730912820305,0.0,0.0,0.9537110371068458,0.9653846153846146
2023-08-20,0.0019820747177693304,0.0,0.0,0.9537110371068458,0.9653846153846146
2023-08-20,0.005141002902694257,0.0,0.0,0.9537110371068458,0.9653846153846146
2023-08-20,0.0007975150235760317,0.0,0.0,0.9537110371068458,0.9653846153846146
2023-08-20,0.0015478279235564669,0.0,0.0,0.9537110371068458,0.9653846153846146
2023-08-20,0.018671423858913558,0.0,0.0,0.9537110371068458,0.9653846153846146
2023-08-20,0.01902705343961424,0.0,0.0,0.9537110371068458,0.9653846153846146
2023-08-21,0.00018253139493763912,0.0,0.0,0.9455465439564184,0.9593406593406595
2023-08-21,0.010167308034760285,0.0,0.0,0.9455465439564184,0.9593406593406595
2023-08-21,0.0011119004669114653,0.0,0.0,0.9455465439564184,0.9593406593406595
2023-08-21,0.02013132936185409,0.0,0.0,0.9455465439564184,0.9593406593406595
2023-08-21,0.008792940704261756,0.0,0.0,0.9455465439564184,0.9593406593406595
2023-08-21,0.0011152190636442329,0.0,0.0,0.9455465439564184,0.9593406593406595
2023-08-21,0.008674713580888564,0.0,0.0,0.9455465439564184,0.9593406593406595
2023-08-21,5.2460501993835087e-05,0.0,0.0,0.9455465439564184,0.9593406593406595
2023-08-21,0.013913322697282682,0.0,0.0,0.9455465439564184,0.9593406593406595
2023-08-21,0.0003053204121020051,0.0,0.0,0.9455465439564184,0.9593406593406595
2023-08-22,0.010152692684920995,0.0,0.0,0.9367122521451183,0.9524725274725281
2023-08-22,0.11258242845836254,0.0,0.0,0.9367122521451183,0.9524725274725281
2023-08-22,0.00031390335646976514,0.0,0.0,0.9367122521451183,0.9524725274725281
2023-08-22,0.024634146041846206,0.0,0.0,0.9367122521451183,0.9524725274725281
2023-08-22,0.019975450242341864,0.0,0.0,0.9367122521451183,0.9524725274725281
2023-08-22,0.0006614654191468052,0.0,0.0,0.9367122521451183,0.9524725274725281
2023-08-22,0.2542243030392544,0.0,0.0,0.9367122521451183,0.9524725274725281
2023-08-22,0.03747382921929496,0.0,0.0,0.9367122521451183,0.9524725274725281
2023-08-22,0.0011210401566435514,0.0,0.0,0.9367122521451183,0.9524725274725281
2023-08-22,0.001566756973141204,0.0,0.0,0.9367122521451183,0.9524725274725281
2023-08-23,0.23704932945818646,0.0,0.0,0.9428649991421878,0.9571428571428573
2023-08-23,0.005192502235569736,0.0,0.0,0.9428649991421878,0.9571428571428573
2023-08-23,0.6109432117085277,0.0,0.0,0.9428649991421878,0.9571428571428573
2023-08-23,0.5358805304731145,0.0,0.0,0.9428649991421878,0.9571428571428573
2023-08-23,0.36090455916881015,0.0,0.0,0.9428649991421878,0.9571428571428573
2023-08-23,0.08372401248154963,0.0,0.0,0.9428649991421878,0.9571428571428573
2023-08-23,0.13953671553784577,0.0,0.0,0.9428649991421878,0.9571428571428573
2023-08-23,0.048188784263936184,0.0,0.0,0.9428649991421878,0.9571428571428573
2023-08-23,0.020523639958663454,0.0,0.0,0.9428649991421878,0.9571428571428573
2023-08-23,0.000718298073588131,0.0,0.0,0.9428649991421878,0.9571428571428573
2023-08-24,0.29799016218708474,0.0,0.0,0.9558238406020199,0.9670329670329654
2023-08-24,0.015536093377031717,0.0,0.0,0.9558238406020199,0.9670329670329654
2023-08-24,0.008525412767680792,0.0,0.0,0.9558238406020199,0.9670329670329654
2023-08-24,0.2631305446212432,0.0,0.0,0.9558238406020199,0.9670329670329654
2023-08-24,0.13646209945213142,0.0,0.0,0.9558238406020199,0.9670329670329654
2023-08-24,0.11205823100980344,0.0,0.0,0.9558238406020199,0.9670329670329654
2023-08-24,0.07601120525669437,0.0,0.0,0.9558238406020199,0.9670329670329654
2023-08-24,0.21137173417047936,0.0,0.0,0.9558238406020199,0.9670329670329654
2023-08-24,0.08800247022327186,0.0,0.0,0.9558238406020199,0.9670329670329654
2023-08-24,0.285720364540839,0.0,0.0,0.9558238406020199,0.9670329670329654
2023-08-25,0.0073070426278857,0.0,0.0,0.953708686936106,0.9653846153846146
2023-08-25,0.014110350931664876,0.0,0.0,0.953708686936106,0.9653846153846146
2023-08-25,0.1706595149792861,0.0,0.0,0.953708686936106,0.9653846153846146
2023-08-25,0.0199907358865671,0.0,0.0,0.953708686936106,0.9653846153846146
2023-08-25,0.004138059861114743,0.0,0.0,0.953708686936106,0.9653846153846146
2023-08-25,0.013762088386815384,0.0,0.0,0.953708686936106,0.9653846153846146
2023-08-25,0.07699794677508234,0.0,0.0,0.953708686936106,0.9653846153846146
2023-08-25,0.0017624913058147678,0.0,0.0,0.953708686936106,0.9653846153846146
2023-08-25,0.08866838004181214,0.0,0.0,0.953708686936106,0.9653846153846146
2023-08-25,0.05494297856272246,0.0,0.0,0.953708686936106,0.9653846153846146
2023-08-26,0.03021581060102496,0.0,0.0,0.9573914044855361,0.9681318681318682
2023-08-26,0.000354939894259244,0.0,0.0,0.9573914044855361,0.9681318681318682
2023-08-26,0.01224237815207936,0.0,0.0,0.9573914044855361,0.9681318681318682
2023-08-26,0.021671220758481727,0.0,0.0,0.9573914044855361,0.9681318681318682
2023-08-26,0.0028061980638850004,0.0,0.0,0.9573914044855361,0.9681318681318682
2023-08-26,0.08373045453173929,0.0,0.0,0.9573914044855361,0.9681318681318682
2023-08-26,0.030775038876393823,0.0,0.0,0.9573914044855361,0.9681318681318682
2023-08-26,0.010187624766172305,0.0,0.0,0.9573914044855361,0.9681318681318682
2023-08-26,0.010997603330388656,0.0,0.0,0.9573914044855361,0.9681318681318682
2023-08-26,0.02706976305910716,0.0,0.0,0.9573914044855361,0.9681318681318682
2023-08-27,0.0004949921542286637,0.0,0.0,0.953487770886555,0.9651098901098898
2023-08-27,0.0031367969255073503,0.0,0.0,0.953487770886555,0.9651098901098898
2023-08-27,3.0275718035955097e-05,0.0,0.0,0.953487770886555,0.9651098901098898
2023-08-27,0.0,0.0,0.0,0.953487770886555,0.9651098901098898
2023-08-27,0.00017838684141517643,0.0,0.0,0.953487770886555,0.9651098901098898
2023-08-27,5.7178887795414936e-05,0.0,0.0,0.953487770886555,0.9651098901098898
2023-08-27,5.056055025885601e-05,0.0,0.0,0.953487770886555,0.9651098901098898
2023-08-27,0.0,0.0,0.0,0.953487770886555,0.9651098901098898
2023-08-27,9.984838156782592e-05,0.0,0.0,0.953487770886555,0.9651098901098898
2023-08-27,0.0,0.0,0.0,0.953487770886555,0.9651098901098898
2023-08-28,0.0007120479546597303,0.0,0.0,0.9502445352654871,0.9626373626373628
2023-08-28,0.008897529044115253,0.0,0.0,0.9502445352654871,0.9626373626373628
2023-08-28,0.0005968004286454466,0.0,0.0,0.9502445352654871,0.9626373626373628
2023-08-28,0.0024004844816244977,0.0,0.0,0.9502445352654871,0.9626373626373628
2023-08-28,0.0010062499045293037,0.0,0.0,0.9502445352654871,0.9626373626373628
2023-08-28,0.007085618413659344,0.0,0.0,0.9502445352654871,0.9626373626373628
2023-08-28,0.013235903067871892,0.0,0.0,0.9502445352654871,0.9626373626373628
2023-08-28,0.02096599183567896,0.0,0.0,0.9502445352654871,0.9626373626373628
2023-08-28,0.01290610120136256,0.0,0.0,0.9502445352654871,0.9626373626373628
2023-08-28,0.028439924529913854,0.0,0.0,0.9502445352654871,0.9626373626373628
2023-08-29,0.019962939673035557,0.0,0.0,0.9459930763970004,0.9596153846153843
2023-08-29,0.00013212463368973557,0.0,0.0,0.9459930763970004,0.9596153846153843
2023-08-29,0.006102181631337433,0.0,0.0,0.9459930763970004,0.9596153846153843
2023-08-29,0.002181372627851178,0.0,0.0,0.9459930763970004,0.9596153846153843
2023-08-29,0.0004067049228985691,0.0,0.0,0.9459930763970004,0.9596153846153843
2023-08-29,0.0013268571049546041,0.0,0.0,0.9459930763970004,0.9596153846153843
2023-08-29,0.0009341507444273217,0.0,0.0,0.9459930763970004,0.9596153846153843
2023-08-29,0.0022469745146984797,0.0,0.0,0.9459930763970004,0.9596153846153843
2023-08-29,0.003117992707323588,0.0,0.0,0.9459930763970004,0.9596153846153843
2023-08-29,0.0021060618143628547,0.0,0.0,0.9459930763970004,0.9596153846153843
2023-08-30,0.0,0.0,0.0,0.9416335096744779,0.956318681318681
2023-08-30,0.0,0.0,0.0,0.9416335096744779,0.956318681318681
2023-08-30,0.0,0.0,0.0,0.9416335096744779,0.956318681318681
2023-08-30,0.0,0.0,0.0,0.9416335096744779,0.956318681318681
2023-08-30,0.0052871174373636046,0.0,0.0,0.9416335096744779,0.956318681318681
2023-08-30,0.0014482832444461362,0.0,0.0,0.9416335096744779,0.956318681318681
2023-08-30,0.00013137196085434281,0.0,0.0,0.9416335096744779,0.956318681318681
2023-08-30,0.0,0.0,0.0,0.9416335096744779,0.956318681318681
2023-08-30,0.0,0.0,0.0,0.9416335096744779,0.956318681318681
2023-08-30,7.186069427870559e-05,0.0,0.0,0.9416335096744779,0.956318681318681
2023-08-31,0.0,0.0,0.0,0.9398450297414107,0.9549450549450533
2023-08-31,0.0,0.0,0.0,0.9398450297414107,0.9549450549450533
2023-08-31,0.0,0.0,0.0,0.9398450297414107,0.9549450549450533
2023-08-31,0.0,0.0,0.0,0.9398450297414107,0.9549450549450533
2023-08-31,0.0,0.0,0.0,0.9398450297414107,0.9549450549450533
2023-08-31,0.0,0.0,0.0,0.9398450297414107,0.9549450549450533
2023-08-31,0.0,0.0,0.0,0.9398450297414107,0.9549450549450533
2023-08-31,0.0,0.0,0.0,0.9398450297414107,0.9549450549450533
2023-08-31,0.0,0.0,0.0,0.9398450297414107,0.9549450549450533
2023-08-31,0.0,0.0,0.0,0.9398450297414107,0.9549450549450533
2023-09-01,0.006445742440129964,0.0,0.0,0.9397322215458954,0.9549450549450533
2023-09-01,8.814861042965817e-05,0.0,0.0,0.9397322215458954,0.9549450549450533
2023-09-01,1.8385654516350692e-05,0.0,0.0,0.9397322215458954,0.9549450549450533
2023-09-01,0.0,0.0,0.0,0.9397322215458954,0.9549450549450533
2023-09-01,0.0,0.0,0.0,0.9397322215458954,0.9549450549450533
2023-09-01,0.08495835177605077,0.0,0.0,0.9397322215458954,0.9549450549450533
2023-09-01,0.0,0.0,0.0,0.9397322215458954,0.9549450549450533
2023-09-01,0.006630377954084165,0.0,0.0,0.9397322215458954,0.9549450549450533
2023-09-01,0.0,0.0,0.0,0.9397322215458954,0.9549450549450533
2023-09-01,0.0,0.0,0.0,0.9397322215458954,0.9549450549450533
2023-09-02,0.0,0.0,0.0,0.9408509028180898,0.9557692307692314
2023-09-02,0.0096206223512434,0.0,0.0,0.9408509028180898,0.9557692307692314
2023-09-02,0.009197483139486836,0.0,0.0,0.9408509028180898,0.9557692307692314
2023-09-02,0.00010103259423023651,0.0,0.0,0.9408509028180898,0.9557692307692314
2023-09-02,0.020683261025080907,0.0,0.0,0.9408509028180898,0.9557692307692314
2023-09-02,5.3166300697806714e-05,0.0,0.0,0.9408509028180898,0.9557692307692314
2023-09-02,0.06314731162561134,0.0,0.0,0.9408509028180898,0.9557692307692314
2023-09-02,0.025578943299921587,0.0,0.0,0.9408509028180898,0.9557692307692314
2023-09-02,0.001261896049934774,0.0,0.0,0.9408509028180898,0.9557692307692314
2023-09-02,0.0,0.0,0.0,0.9408509028180898,0.9557692307692314
2023-09-03,0.06104672520769802,0.0,0.0,0.9391728809097981,0.9543956043956037
2023-09-03,9.984838156782592e-05,0.0,0.0,0.9391728809097981,0.9543956043956037
2023-09-03,1.4599908582138576e-05,0.0,0.0,0.9391728809097981,0.9543956043956037
2023-09-03,0.0,0.0,0.0,0.9391728809097981,0.9543956043956037
2023-09-03,0.0,0.0,0.0,0.9391728809097981,0.9543956043956037
2023-09-03,0.0,0.0,0.0,0.9391728809097981,0.9543956043956037
2023-09-03,0.0,0.0,0.0,0.9391728809097981,0.9543956043956037
2023-09-03,0.0014723443865053624,0.0,0.0,0.9391728809097981,0.9543956043956037
2023-09-03,0.03625355269763555,0.0,0.0,0.9391728809097981,0.9543956043956037
2023-09-03,0.0,0.0,0.0,0.9391728809097981,0.9543956043956037
2023-09-04,0.00022160682190172775,0.0,0.0,0.9397322215458954,0.9549450549450533
2023-09-04,0.0,0.0,0.0,0.9397322215458954,0.9549450549450533
2023-09-04,0.0,0.0,0.0,0.9397322215458954,0.9549450549450533
2023-09-04,0.00012432396366139796,0.0,0.0,0.9397322215458954,0.9549450549450533
2023-09-04,0.001290670423254248,0.0,0.0,0.9397322215458954,0.9549450549450533
2023-09-04,0.0,0.0,0.0,0.9397322215458954,0.9549450549450533
2023-09-04,0.00010199583262073976,0.0,0.0,0.9397322215458954,0.9549450549450533
2023-09-04,0.0,0.0,0.0,0.9397322215458954,0.9549450549450533
2023-09-04,1.2471726228177435e-06,0.0,0.0,0.9397322215458954,0.9549450549450533
2023-09-04,0.0003111477908628378,0.0,0.0,0.9397322215458954,0.9549450549450533
2023-09-05,0.009328565457140866,0.0,0.0,0.9409637110136051,0.9557692307692314
2023-09-05,0.018380731897522557,0.0,0.0,0.9409637110136051,0.9557692307692314
2023-09-05,0.0327424827752776,0.0,0.0,0.9409637110136051,0.9557692307692314
2023-09-05,0.010950330921351689,0.0,0.0,0.9409637110136051,0.9557692307692314
2023-09-05,0.05167766762654423,0.0,0.0,0.9409637110136051,0.9557692307692314
2023-09-05,0.057756841636970216,0.0,0.0,0.9409637110136051,0.9557692307692314
2023-09-05,0.01695358850001091,0.0,0.0,0.9409637110136051,0.9557692307692314
2023-09-05,0.007529895531179273,0.0,0.0,0.9409637110136051,0.9557692307692314
2023-09-05,0.11665235285322528,0.0,0.0,0.9409637110136051,0.9557692307692314
2023-09-05,0.004721550473745027,0.0,0.0,0.9409637110136051,0.9557692307692314
2023-09-06,0.0,0.0,0.0,0.9423056585060907,0.9568681318681307
2023-09-06,0.0016350014947121064,0.0,0.0,0.9423056585060907,0.9568681318681307
2023-09-06,0.0,0.0,0.0,0.9423056585060907,0.9568681318681307
2023-09-06,0.00017087908150223858,0.0,0.0,0.9423056585060907,0.9568681318681307
2023-09-06,7.768947740635492e-07,0.0,0.0,0.9423056585060907,0.9568681318681307
2023-09-06,1.3810951300239324e-06,0.0,0.0,0.9423056585060907,0.9568681318681307
2023-09-06,0.007530508924308947,0.0,0.0,0.9423056585060907,0.9568681318681307
2023-09-06,0.0017441286694941023,0.0,0.0,0.9423056585060907,0.9568681318681307
2023-09-06,0.008459301905629992,0.0,0.0,0.9423056585060907,0.9568681318681307
2023-09-06,0.0011092631900641611,0.0,0.0,0.9423056585060907,0.9568681318681307
2023-09-07,0.008688645561225955,0.0,0.0,0.9433115315827696,0.9574175824175821
2023-09-07,0.0,0.0,0.0,0.9433115315827696,0.9574175824175821
2023-09-07,0.0,0.0,0.0,0.9433115315827696,0.9574175824175821
2023-09-07,0.010979499796356743,0.0,0.0,0.9433115315827696,0.9574175824175821
2023-09-07,0.0019328766534246115,0.0,0.0,0.9433115315827696,0.9574175824175821
2023-09-07,0.0004401828419561817,0.0,0.0,0.9433115315827696,0.9574175824175821
2023-09-07,0.00692690215394163,0.0,0.0,0.9433115315827696,0.9574175824175821
2023-09-07,0.024503002317710895,0.0,0.0,0.9433115315827696,0.9574175824175821
2023-09-07,0.0,0.0,0.0,0.9433115315827696,0.9574175824175821
2023-09-07,0.0017398508597253313,0.0,0.0,0.9433115315827696,0.9574175824175821
2023-09-08,0.0004356535034482769,0.0,0.0,0.9434243397782851,0.957692307692307
2023-09-08,0.0,0.0,0.0,0.9434243397782851,0.957692307692307
2023-09-08,0.0001372542807223937,0.0,0.0,0.9434243397782851,0.957692307692307
2023-09-08,0.0027576156537547527,0.0,0.0,0.9434243397782851,0.957692307692307
2023-09-08,0.0,0.0,0.0,0.9434243397782851,0.957692307692307
2023-09-08,0.0,0.0,0.0,0.9434243397782851,0.957692307692307
2023-09-08,0.0030054794360564593,0.0,0.0,0.9434243397782851,0.957692307692307
2023-09-08,0.0,0.0,0.0,0.9434243397782851,0.957692307692307
2023-09-08,0.0,0.0,0.0,0.9434243397782851,0.957692307692307
2023-09-08,0.0,0.0,0.0,0.9434243397782851,0.957692307692307
2023-09-09,0.0013165599560190776,0.0,0.0,0.9464419590083222,0.9598901098901091
2023-09-09,0.009815976269277675,0.0,0.0,0.9464419590083222,0.9598901098901091
2023-09-09,0.001164544347897968,0.0,0.0,0.9464419590083222,0.9598901098901091
2023-09-09,0.013722312638313465,0.0,0.0,0.9464419590083222,0.9598901098901091
2023-09-09,0.0011767520646869334,0.0,0.0,0.9464419590083222,0.9598901098901091
2023-09-09,0.046695253549479177,0.0,0.0,0.9464419590083222,0.9598901098901091
2023-09-09,0.005285498341369588,0.0,0.0,0.9464419590083222,0.9598901098901091
2023-09-09,0.0051484518296687695,0.0,0.0,0.9464419590083222,0.9598901098901091
2023-09-09,0.023818991063555527,0.0,0.0,0.9464419590083222,0.9598901098901091
2023-09-09,0.006403876161487114,0.0,0.0,0.9464419590083222,0.9598901098901091
2023-09-10,0.0009222135376963607,0.0,0.0,0.9458826183722249,0.9593406593406595
2023-09-10,0.0017731555279048232,0.0,0.0,0.9458826183722249,0.9593406593406595
2023-09-10,0.0024150338662126155,0.0,0.0,0.9458826183722249,0.9593406593406595
2023-09-10,3.569562098495221e-05,0.0,0.0,0.9458826183722249,0.9593406593406595
2023-09-10,0.01576354866285224,0.0,0.0,0.9458826183722249,0.9593406593406595
2023-09-10,0.0017507402095428212,0.0,0.0,0.9458826183722249,0.9593406593406595
2023-09-10,0.06923768104835347,0.0,0.0,0.9458826183722249,0.9593406593406595
2023-09-10,8.982234727292963e-05,0.0,0.0,0.9458826183722249,0.9593406593406595
2023-09-10,0.0005935706642138798,0.0,0.0,0.9458826183722249,0.9593406593406595
2023-09-10,9.191309701562202e-07,0.0,0.0,0.9458826183722249,0.9593406593406595
2023-09-11,0.010850015053724162,0.0,0.0,0.9481199809166136,0.9612637362637351
2023-09-11,0.010917036233530004,0.0,0.0,0.9481199809166136,0.9612637362637351
2023-09-11,0.0012916132698590152,0.0,0.0,0.9481199809166136,0.9612637362637351
2023-09-11,0.0,0.0,0.0,0.9481199809166136,0.9612637362637351
2023-09-11,0.016498482291667796,0.0,0.0,0.9481199809166136,0.9612637362637351
2023-09-11,0.06753547129482429,0.0,0.0,0.9481199809166136,0.9612637362637351
2023-09-11,0.014544373332867306,0.0,0.0,0.9481199809166136,0.9612637362637351
2023-09-11,0.009334906847712248,0.0,0.0,0.9481199809166136,0.9612637362637351
2023-09-11,0.0010182352697908736,0.0,0.0,0.9481199809166136,0.9612637362637351
2023-09-11,0.0011016824396770518,0.0,0.0,0.9481199809166136,0.9612637362637351
2023-09-12,0.0008696454748955926,0.0,0.0,0.9491258539932927,0.9618131868131865
2023-09-12,0.0005047002072071238,0.0,0.0,0.9491258539932927,0.9618131868131865
2023-09-12,0.0007061294438792563,0.0,0.0,0.9491258539932927,0.9618131868131865
2023-09-12,0.0,0.0,0.0,0.9491258539932927,0.9618131868131865
2023-09-12,0.0007538467349057815,0.0,0.0,0.9491258539932927,0.9618131868131865
2023-09-12,0.0012464082717775966,0.0,0.0,0.9491258539932927,0.9618131868131865
2023-09-12,0.00016920718212925663,0.0,0.0,0.9491258539932927,0.9618131868131865
2023-09-12,0.002015108813534762,0.0,0.0,0.9491258539932927,0.9618131868131865
2023-09-12,0.016813427864539137,0.0,0.0,0.9491258539932927,0.9618131868131865
2023-09-12,0.0019151436194191503,0.0,0.0,0.9491258539932927,0.9618131868131865
2023-09-13,0.03274361078480045,0.0,0.0,0.9506910677060689,0.9631868131868124
2023-09-13,0.00023012941035218366,0.0,0.0,0.9506910677060689,0.9631868131868124
2023-09-13,0.02768356792581574,0.0,0.0,0.9506910677060689,0.9631868131868124
2023-09-13,0.0017978129409342049,0.0,0.0,0.9506910677060689,0.9631868131868124
2023-09-13,0.00039714780071925347,0.0,0.0,0.9506910677060689,0.9631868131868124
2023-09-13,0.019196947313738704,0.0,0.0,0.9506910677060689,0.9631868131868124
2023-09-13,0.0,0.0,0.0,0.9506910677060689,0.9631868131868124
2023-09-13,0.0,0.0,0.0,0.9506910677060689,0.9631868131868124
2023-09-13,0.0031825307957962573,0.0,0.0,0.9506910677060689,0.9631868131868124
2023-09-13,0.0,0.0,0.0,0.9506910677060689,0.9631868131868124
2023-09-14,0.009768870868057658,0.0,0.0,0.9524795476391361,0.9642857142857135
2023-09-14,0.003427414238566439,0.0,0.0,0.9524795476391361,0.9642857142857135
2023-09-14,1.655312662201735e-06,0.0,0.0,0.9524795476391361,0.9642857142857135
2023-09-14,0.00021922860803174935,0.0,0.0,0.9524795476391361,0.9642857142857135
2023-09-14,0.028574977279938584,0.0,0.0,0.9524795476391361,0.9642857142857135
2023-09-14,0.0015633904822132802,0.0,0.0,0.9524795476391361,0.9642857142857135
2023-09-14,0.0,0.0,0.0,0.9524795476391361,0.9642857142857135
2023-09-14,0.0,0.0,0.0,0.9524795476391361,0.9642857142857135
2023-09-14,7.677367299620643e-05,0.0,0.0,0.9524795476391361,0.9642857142857135
2023-09-14,0.00034349770039760006,0.0,0.0,0.9524795476391361,0.9642857142857135
2023-09-15,0.01820455781563953,0.0,0.0,0.9528156220549424,0.9645604395604401
2023-09-15,0.04391957422686773,0.0,0.0,0.9528156220549424,0.9645604395604401
2023-09-15,0.11941835834142156,0.0,0.0,0.9528156220549424,0.9645604395604401
2023-09-15,0.04931680974112566,0.0,0.0,0.9528156220549424,0.9645604395604401
2023-09-15,0.030033126573374532,0.0,0.0,0.9528156220549424,0.9645604395604401
2023-09-15,0.14980849222949985,0.0,0.0,0.9528156220549424,0.9645604395604401
2023-09-15,0.10076569020530289,0.0,0.0,0.9528156220549424,0.9645604395604401
2023-09-15,0.029837711824296922,0.0,0.0,0.9528156220549424,0.9645604395604401
2023-09-15,0.01974336113637564,0.0,0.0,0.9528156220549424,0.9645604395604401
2023-09-15,0.020265219231765243,0.0,0.0,0.9528156220549424,0.9645604395604401
2023-09-16,0.15207425629312002,0.0,0.0,0.9530388882752332,0.964835164835165
2023-09-16,0.007421436543555213,0.0,0.0,0.9530388882752332,0.964835164835165
2023-09-16,0.06513842672499423,0.0,0.0,0.9530388882752332,0.964835164835165
2023-09-16,0.10324415776511024,0.0,0.0,0.9530388882752332,0.964835164835165
2023-09-16,0.04228001317603875,0.0,0.0,0.9530388882752332,0.964835164835165
2023-09-16,0.012148741870546185,0.0,0.0,0.9530388882752332,0.964835164835165
2023-09-16,0.029907692825103086,0.0,0.0,0.9530388882752332,0.964835164835165
2023-09-16,0.024741853186241527,0.0,0.0,0.9530388882752332,0.964835164835165
2023-09-16,0.2103984101258365,0.0,0.0,0.9530388882752332,0.964835164835165
2023-09-16,0.024382456546089802,0.0,0.0,0.9530388882752332,0.964835164835165
2023-09-17,0.006333262628308911,0.0,0.0,0.9530388882752332,0.964835164835165
2023-09-17,0.01146953626813659,0.0,0.0,0.9530388882752332,0.964835164835165
2023-09-17,0.0,0.0,0.0,0.9530388882752332,0.964835164835165
2023-09-17,0.02875599587155675,0.0,0.0,0.9530388882752332,0.964835164835165
2023-09-17,0.03041396889386866,0.0,0.0,0.9530388882752332,0.964835164835165
2023-09-17,0.02824493029855266,0.0,0.0,0.9530388882752332,0.964835164835165
2023-09-17,0.026515069764113663,0.0,0.0,0.9530388882752332,0.964835164835165
2023-09-17,0.029552159304583787,0.0,0.0,0.9530388882752332,0.964835164835165
2023-09-17,0.0017931765519901262,0.0,0.0,0.9530388882752332,0.964835164835165
2023-09-17,0.010458765811203169,0.0,0.0,0.9530388882752332,0.964835164835165
2023-09-18,0.10434838783734911,0.0,0.0,0.9531516964707487,0.964835164835165
2023-09-18,0.09118030614421063,0.0,0.0,0.9531516964707487,0.964835164835165
2023-09-18,0.035905031130475724,0.0,0.0,0.9531516964707487,0.964835164835165
2023-09-18,0.08030619972200707,0.0,0.0,0.9531516964707487,0.964835164835165
2023-09-18,0.19283823330676148,0.0,0.0,0.9531516964707487,0.964835164835165
2023-09-18,0.034220899775388024,0.0,0.0,0.9531516964707487,0.964835164835165
2023-09-18,0.1741839998459022,0.0,0.0,0.9531516964707487,0.964835164835165
2023-09-18,0.09704192668645938,0.0,0.0,0.9531516964707487,0.964835164835165
2023-09-18,0.11668730469727953,0.0,0.0,0.9531516964707487,0.964835164835165
2023-09-18,0.07458439984527067,0.0,0.0,0.9531516964707487,0.964835164835165
2023-09-19,0.02803064915078157,0.0,0.0,0.957511263193271,0.9681318681318682
2023-09-19,0.043215564678764876,0.0,0.0,0.957511263193271,0.9681318681318682
2023-09-19,0.07634028271867276,0.0,0.0,0.957511263193271,0.9681318681318682
2023-09-19,0.029191168670139326,0.0,0.0,0.957511263193271,0.9681318681318682
2023-09-19,0.029797664466372623,0.0,0.0,0.957511263193271,0.9681318681318682
2023-09-19,0.006708838880954253,0.0,0.0,0.957511263193271,0.9681318681318682
2023-09-19,0.42904602824577437,0.0,0.0,0.957511263193271,0.9681318681318682
2023-09-19,0.018033507981568095,0.0,0.0,0.957511263193271,0.9681318681318682
2023-09-19,0.18574091336786103,0.0,0.0,0.957511263193271,0.9681318681318682
2023-09-19,0.018480433000187188,0.0,0.0,0.957511263193271,0.9681318681318682
2023-09-20,0.017098441935645768,0.0,0.0,0.9594125513218537,0.9695054945054942
2023-09-20,0.01562840666843412,0.0,0.0,0.9594125513218537,0.9695054945054942
2023-09-20,0.009926046538055311,0.0,0.0,0.9594125513218537,0.9695054945054942
2023-09-20,0.003814889256790053,0.0,0.0,0.9594125513218537,0.9695054945054942
2023-09-20,0.015907248670738207,0.0,0.0,0.9594125513218537,0.9695054945054942
2023-09-20,0.017753211913315525,0.0,0.0,0.9594125513218537,0.9695054945054942
2023-09-20,0.001951662418960409,0.0,0.0,0.9594125513218537,0.9695054945054942
2023-09-20,0.03891878014325384,0.0,0.0,0.9594125513218537,0.9695054945054942
2023-09-20,0.012460641348069842,0.0,0.0,0.9594125513218537,0.9695054945054942
2023-09-20,0.013014159474062332,0.0,0.0,0.9594125513218537,0.9695054945054942
2023-09-21,0.010797533938987263,0.0,0.0,0.9613138394504361,0.9711538461538467
2023-09-21,0.01319404321935838,0.0,0.0,0.9613138394504361,0.9711538461538467
2023-09-21,0.005381576826285847,0.0,0.0,0.9613138394504361,0.9711538461538467
2023-09-21,0.006347650641525275,0.0,0.0,0.9613138394504361,0.9711538461538467
2023-09-21,0.0011514197951128043,0.0,0.0,0.9613138394504361,0.9711538461538467
2023-09-21,0.0,0.0,0.0,0.9613138394504361,0.9711538461538467
2023-09-21,0.0,0.0,0.0,0.9613138394504361,0.9711538461538467
2023-09-21,0.0006438492180226264,0.0,0.0,0.9613138394504361,0.9711538461538467
2023-09-21,0.0,0.0,0.0,0.9613138394504361,0.9711538461538467
2023-09-21,0.008459938937804772,0.0,0.0,0.9613138394504361,0.9711538461538467
2023-09-22,0.037293226324321214,0.0,0.0,0.9626557869429213,0.9719780219780212
2023-09-22,0.0005594434579832175,0.0,0.0,0.9626557869429213,0.9719780219780212
2023-09-22,0.0,0.0,0.0,0.9626557869429213,0.9719780219780212
2023-09-22,5.6710720563584966e-05,0.0,0.0,0.9626557869429213,0.9719780219780212
2023-09-22,0.00011882220890050723,0.0,0.0,0.9626557869429213,0.9719780219780212
2023-09-22,0.004840065747839899,0.0,0.0,0.9626557869429213,0.9719780219780212
2023-09-22,0.006947039187401613,0.0,0.0,0.9626557869429213,0.9719780219780212
2023-09-22,3.3677531636006576e-05,0.0,0.0,0.9626557869429213,0.9719780219780212
2023-09-22,0.0003801983850973255,0.0,0.0,0.9626557869429213,0.9719780219780212
2023-09-22,0.00016345697169831808,0.0,0.0,0.9626557869429213,0.9719780219780212
2023-09-23,0.005534438248889216,0.0,0.0,0.9623197125271152,0.9717032967032964
2023-09-23,0.029120325760210734,0.0,0.0,0.9623197125271152,0.9717032967032964
2023-09-23,0.008798783192165965,0.0,0.0,0.9623197125271152,0.9717032967032964
2023-09-23,0.0014245605100560255,0.0,0.0,0.9623197125271152,0.9717032967032964
2023-09-23,0.004801487603641106,0.0,0.0,0.9623197125271152,0.9717032967032964
2023-09-23,3.544419865778257e-06,0.0,0.0,0.9623197125271152,0.9717032967032964
2023-09-23,0.0,0.0,0.0,0.9623197125271152,0.9717032967032964
2023-09-23,0.0,0.0,0.0,0.9623197125271152,0.9717032967032964
2023-09-23,0.006492314935654594,0.0,0.0,0.9623197125271152,0.9717032967032964
2023-09-23,5.8850580444517016e-05,0.0,0.0,0.9623197125271152,0.9717032967032964
2023-09-24,0.0006509894696442128,0.0,0.0,0.9611892804012212,0.9711538461538467
2023-09-24,0.0014991666574161258,0.0,0.0,0.9611892804012212,0.9711538461538467
2023-09-24,0.02292311189384651,0.0,0.0,0.9611892804012212,0.9711538461538467
2023-09-24,0.008825658950338955,0.0,0.0,0.9611892804012212,0.9711538461538467
2023-09-24,0.0,0.0,0.0,0.9611892804012212,0.9711538461538467
2023-09-24,0.00027006331617786044,0.0,0.0,0.9611892804012212,0.9711538461538467
2023-09-24,0.00015750174675678067,0.0,0.0,0.9611892804012212,0.9711538461538467
2023-09-24,0.00018253139493763912,0.0,0.0,0.9611892804012212,0.9711538461538467
2023-09-24,0.0,0.0,0.0,0.9611892804012212,0.9711538461538467
2023-09-24,0.0,0.0,0.0,0.9611892804012212,0.9711538461538467
2023-09-25,3.460082080617246e-05,0.0,0.0,0.9611892804012212,0.9711538461538467
2023-09-25,0.0,0.0,0.0,0.9611892804012212,0.9711538461538467
2023-09-25,0.0,0.0,0.0,0.9611892804012212,0.9711538461538467
2023-09-25,0.0,0.0,0.0,0.9611892804012212,0.9711538461538467
2023-09-25,0.0,0.0,0.0,0.9611892804012212,0.9711538461538467
2023-09-25,0.0,0.0,0.0,0.9611892804012212,0.9711538461538467
2023-09-25,0.0,0.0,0.0,0.9611892804012212,0.9711538461538467
2023-09-25,0.0,0.0,0.0,0.9611892804012212,0.9711538461538467
2023-09-25,0.003090718211997723,0.0,0.0,0.9611892804012212,0.9711538461538467
2023-09-25,0.0,0.0,0.0,0.9611892804012212,0.9711538461538467
2023-09-26,0.0,0.0,0.0,0.9589636687105321,0.9692307692307693
2023-09-26,0.0,0.0,0.0,0.9589636687105321,0.9692307692307693
2023-09-26,0.0,0.0,0.0,0.9589636687105321,0.9692307692307693
2023-09-26,0.0,0.0,0.0,0.9589636687105321,0.9692307692307693
2023-09-26,1.5537888703438858e-06,0.0,0.0,0.9589636687105321,0.9692307692307693
2023-09-26,0.0,0.0,0.0,0.9589636687105321,0.9692307692307693
2023-09-26,0.0,0.0,0.0,0.9589636687105321,0.9692307692307693
2023-09-26,0.0,0.0,0.0,0.9589636687105321,0.9692307692307693
2023-09-26,0.00022322179426267842,0.0,0.0,0.9589636687105321,0.9692307692307693
2023-09-26,0.0,0.0,0.0,0.9589636687105321,0.9692307692307693
2023-09-27,0.0,0.0,0.0,0.9553843586736579,0.9664835164835157
2023-09-27,0.0,0.0,0.0,0.9553843586736579,0.9664835164835157
2023-09-27,0.0,0.0,0.0,0.9553843586736579,0.9664835164835157
2023-09-27,0.0,0.0,0.0,0.9553843586736579,0.9664835164835157
2023-09-27,0.0,0.0,0.0,0.9553843586736579,0.9664835164835157
2023-09-27,0.0,0.0,0.0,0.9553843586736579,0.9664835164835157
2023-09-27,0.0,0.0,0.0,0.9553843586736579,0.9664835164835157
2023-09-27,0.0,0.0,0.0,0.9553843586736579,0.9664835164835157
2023-09-27,0.0,0.0,0.0,0.9553843586736579,0.9664835164835157
2023-09-27,0.0,0.0,0.0,0.9553843586736579,0.9664835164835157
2023-09-28,0.0,0.0,0.0,,
2023-09-28,0.0,0.0,0.0,,
2023-09-28,0.0,0.0,0.0,,
2023-09-28,0.0,0.0,0.0,,
2023-09-28,0.0,0.0,0.0,,
2023-09-28,0.0,0.0,0.0,,
2023-09-28,0.0,0.0,0.0,,
2023-09-28,0.0,0.0,0.0,,
2023-09-28,0.0,0.0,0.0,,
2023-09-28,0.0,0.0,0.0,,
2023-09-29,0.0,0.0,0.0,0.9503549932902629,0.9629120879120876
2023-09-29,0.0,0.0,0.0,0.9503549932902629,0.9629120879120876
2023-09-29,0.0,0.0,0.0,0.9503549932902629,0.9629120879120876
2023-09-29,0.0,0.0,0.0,0.9503549932902629,0.9629120879120876
2023-09-29,0.0,0.0,0.0,0.9503549932902629,0.9629120879120876
2023-09-29,0.0,0.0,0.0,0.9503549932902629,0.9629120879120876
2023-09-29,0.0,0.0,0.0,0.9503549932902629,0.9629120879120876
2023-09-29,0.0,0.0,0.0,0.9503549932902629,0.9629120879120876
2023-09-29,0.0,0.0,0.0,0.9503549932902629,0.9629120879120876
2023-09-29,0.0,0.0,0.0,0.9503549932902629,0.9629120879120876
2023-09-30,0.000734971266795138,0.0,0.0,0.9464419590083222,0.9598901098901091
2023-09-30,0.00011196485179178713,0.0,0.0,0.9464419590083222,0.9598901098901091
2023-09-30,0.0,0.0,0.0,0.9464419590083222,0.9598901098901091
2023-09-30,0.0,0.0,0.0,0.9464419590083222,0.9598901098901091
2023-09-30,0.0017339291531970095,0.0,0.0,0.9464419590083222,0.9598901098901091
2023-09-30,0.0015870708585415155,0.0,0.0,0.9464419590083222,0.9598901098901091
2023-09-30,0.0,0.0,0.0,0.9464419590083222,0.9598901098901091
2023-09-30,0.003337926112973504,0.0,0.0,0.9464419590083222,0.9598901098901091
2023-09-30,0.00019467915909031203,0.0,0.0,0.9464419590083222,0.9598901098901091
2023-09-30,0.0,0.0,0.0,0.9464419590083222,0.9598901098901091
2023-10-01,0.006034047147871106,0.0,0.0,0.9427521909466725,0.9571428571428573
2023-10-01,0.0007153668387725801,0.0,0.0,0.9427521909466725,0.9571428571428573
2023-10-01,0.007793647824862593,0.0,0.0,0.9427521909466725,0.9571428571428573
2023-10-01,0.02353494572359455,0.0,0.0,0.9427521909466725,0.9571428571428573
2023-10-01,0.001736780736284975,0.0,0.0,0.9427521909466725,0.9571428571428573
2023-10-01,0.0002918720449980773,0.0,0.0,0.9427521909466725,0.9571428571428573
2023-10-01,0.04313319645435257,0.0,0.0,0.9427521909466725,0.9571428571428573
2023-10-01,0.0015400525890646186,0.0,0.0,0.9427521909466725,0.9571428571428573
2023-10-01,0.0,0.0,0.0,0.9427521909466725,0.9571428571428573
2023-10-01,0.0,0.0,0.0,0.9427521909466725,0.9571428571428573
2023-10-02,0.0006736341186673508,0.0,0.0,0.9387263484692163,0.9541208791208788
2023-10-02,0.01426085102533366,0.0,0.0,0.9387263484692163,0.9541208791208788
2023-10-02,0.005522534015633768,0.0,0.0,0.9387263484692163,0.9541208791208788
2023-10-02,0.00017876269321787574,0.0,0.0,0.9387263484692163,0.9541208791208788
2023-10-02,0.004973284426657915,0.0,0.0,0.9387263484692163,0.9541208791208788
2023-10-02,0.0005520576732927963,0.0,0.0,0.9387263484692163,0.9541208791208788
2023-10-02,0.010566398086309253,0.0,0.0,0.9387263484692163,0.9541208791208788
2023-10-02,0.002021308870039509,0.0,0.0,0.9387263484692163,0.9541208791208788
2023-10-02,0.0025210268548405607,0.0,0.0,0.9387263484692163,0.9541208791208788
2023-10-02,0.0017826882004103085,0.0,0.0,0.9387263484692163,0.9541208791208788
2023-10-03,0.0,0.0,0.0,0.9339178991353723,0.9505494505494507
2023-10-03,0.005704771163189728,0.0,0.0,0.9339178991353723,0.9505494505494507
2023-10-03,0.011970129037907761,0.0,0.0,0.9339178991353723,0.9505494505494507
2023-10-03,0.012570746651461738,0.0,0.0,0.9339178991353723,0.9505494505494507
2023-10-03,0.012543034636905355,0.0,0.0,0.9339178991353723,0.9505494505494507
2023-10-03,0.028830622635048826,0.0,0.0,0.9339178991353723,0.9505494505494507
2023-10-03,0.028287395059094507,0.0,0.0,0.9339178991353723,0.9505494505494507
2023-10-03,0.0,0.0,0.0,0.9339178991353723,0.9505494505494507
2023-10-03,0.0,0.0,0.0,0.9339178991353723,0.9505494505494507
2023-10-03,0.009047271935323434,0.0,0.0,0.9339178991353723,0.9505494505494507
2023-10-04,0.0038920618851853283,0.0,0.0,0.9287757255564619,0.946703296703296
2023-10-04,0.0,0.0,0.0,0.9287757255564619,0.946703296703296
2023-10-04,0.0,0.0,0.0,0.9287757255564619,0.946703296703296
2023-10-04,0.0,0.0,0.0,0.9287757255564619,0.946703296703296
2023-10-04,0.0002176700706122176,0.0,0.0,0.9287757255564619,0.946703296703296
2023-10-04,0.0,0.0,0.0,0.9287757255564619,0.946703296703296
2023-10-04,0.0,0.0,0.0,0.9287757255564619,0.946703296703296
2023-10-04,0.0006356985034651946,0.0,0.0,0.9287757255564619,0.946703296703296
2023-10-04,0.0012246604078898766,0.0,0.0,0.9287757255564619,0.946703296703296
2023-10-04,0.0010357544462481604,0.0,0.0,0.9287757255564619,0.946703296703296
2023-10-05,0.0,0.0,0.0,0.9201670501361925,0.9401098901098894
2023-10-05,0.0,0.0,0.0,0.9201670501361925,0.9401098901098894
2023-10-05,0.0,0.0,0.0,0.9201670501361925,0.9401098901098894
2023-10-05,0.0,0.0,0.0,0.9201670501361925,0.9401098901098894
2023-10-05,0.0,0.0,0.0,0.9201670501361925,0.9401098901098894
2023-10-05,0.0,0.0,0.0,0.9201670501361925,0.9401098901098894
2023-10-05,0.0,0.0,0.0,0.9201670501361925,0.9401098901098894
2023-10-05,0.0,0.0,0.0,0.9201670501361925,0.9401098901098894
2023-10-05,0.0,0.0,0.0,0.9201670501361925,0.9401098901098894
2023-10-05,0.0,0.0,0.0,0.9201670501361925,0.9401098901098894
2023-10-06,0.0,0.0,0.0,0.9135677706985414,0.9351648351648354
2023-10-06,0.0,0.0,0.0,0.9135677706985414,0.9351648351648354
2023-10-06,0.0,0.0,0.0,0.9135677706985414,0.9351648351648354
2023-10-06,0.0,0.0,0.0,0.9135677706985414,0.9351648351648354
2023-10-06,0.0,0.0,0.0,0.9135677706985414,0.9351648351648354
2023-10-06,0.0,0.0,0.0,0.9135677706985414,0.9351648351648354
2023-10-06,0.0,0.0,0.0,0.9135677706985414,0.9351648351648354
2023-10-06,0.0,0.0,0.0,0.9135677706985414,0.9351648351648354
2023-10-06,0.0,0.0,0.0,0.9135677706985414,0.9351648351648354
2023-10-06,0.0,0.0,0.0,0.9135677706985414,0.9351648351648354
2023-10-07,0.0,0.0,0.0,0.8962282109795279,0.9310439560439558
2023-10-07,0.0,0.0,0.0,0.8962282109795279,0.9310439560439558
2023-10-07,0.0,0.0,0.0,0.8962282109795279,0.9310439560439558
2023-10-07,0.0,0.0,0.0,0.8962282109795279,0.9310439560439558
2023-10-07,0.0,0.0,0.0,0.8962282109795279,0.9310439560439558
2023-10-07,0.0,0.0,0.0,0.8962282109795279,0.9310439560439558
2023-10-07,0.0,0.0,0.0,0.8962282109795279,0.9310439560439558
2023-10-07,0.0,0.0,0.0,0.8962282109795279,0.9310439560439558
2023-10-07,0.0,0.0,0.0,0.8962282109795279,0.9310439560439558
2023-10-07,0.0,0.0,0.0,0.8962282109795279,0.9310439560439558
2023-10-08,0.0,0.0,0.0,0.9019391258774951,0.9266483516483515
2023-10-08,0.0,0.0,0.0,0.9019391258774951,0.9266483516483515
2023-10-08,0.0,0.0,0.0,0.9019391258774951,0.9266483516483515
2023-10-08,0.0,0.0,0.0,0.9019391258774951,0.9266483516483515
2023-10-08,0.0,0.0,0.0,0.9019391258774951,0.9266483516483515
2023-10-08,0.0,0.0,0.0,0.9019391258774951,0.9266483516483515
2023-10-08,0.0,0.0,0.0,0.9019391258774951,0.9266483516483515
2023-10-08,0.0,0.0,0.0,0.9019391258774951,0.9266483516483515
2023-10-08,0.0,0.0,0.0,0.9019391258774951,0.9266483516483515
2023-10-08,0.0,0.0,0.0,0.9019391258774951,0.9266483516483515
2023-10-09,0.0,0.0,0.0,0.8958944867344614,0.9219780219780223
2023-10-09,0.0,0.0,0.0,0.8958944867344614,0.9219780219780223
2023-10-09,0.0,0.0,0.0,0.8958944867344614,0.9219780219780223
2023-10-09,0.0,0.0,0.0,0.8958944867344614,0.9219780219780223
2023-10-09,0.0,0.0,0.0,0.8958944867344614,0.9219780219780223
2023-10-09,0.0,0.0,0.0,0.8958944867344614,0.9219780219780223
2023-10-09,0.0,0.0,0.0,0.8958944867344614,0.9219780219780223
2023-10-09,0.0,0.0,0.0,0.8958944867344614,0.9219780219780223
2023-10-09,0.0,0.0,0.0,0.8958944867344614,0.9219780219780223
2023-10-09,0.0,0.0,0.0,0.8958944867344614,0.9219780219780223
2023-10-10,0.02541993939510847,0.0,0.0,0.8909826298880614,0.9184065934065924
2023-10-10,0.03397638523578704,0.0,0.0,0.8909826298880614,0.9184065934065924
2023-10-10,0.022549496461935343,0.0,0.0,0.8909826298880614,0.9184065934065924
2023-10-10,0.011657821578945992,0.0,0.0,0.8909826298880614,0.9184065934065924
2023-10-10,0.016539784011461445,0.0,0.0,0.8909826298880614,0.9184065934065924
2023-10-10,0.039343791606423255,0.0,0.0,0.8909826298880614,0.9184065934065924
2023-10-10,0.031727914415012486,0.0,0.0,0.8909826298880614,0.9184065934065924
2023-10-10,0.022393619089748244,0.0,0.0,0.8909826298880614,0.9184065934065924
2023-10-10,0.004897522333584288,0.0,0.0,0.8909826298880614,0.9184065934065924
2023-10-10,0.06495938714174496,0.0,0.0,0.8909826298880614,0.9184065934065924
2023-10-11,0.0014422400635770917,0.0,0.0,0.8862869887497329,0.9148351648351642
2023-10-11,0.0,0.0,0.0,0.8862869887497329,0.9148351648351642
2023-10-11,0.0,0.0,0.0,0.8862869887497329,0.9148351648351642
2023-10-11,0.0,0.0,0.0,0.8862869887497329,0.9148351648351642
2023-10-11,0.0,0.0,0.0,0.8862869887497329,0.9148351648351642
2023-10-11,0.0,0.0,0.0,0.8862869887497329,0.9148351648351642
2023-10-11,0.001211634918543509,0.0,0.0,0.8862869887497329,0.9148351648351642
2023-10-11,0.0,0.0,0.0,0.8862869887497329,0.9148351648351642
2023-10-11,8.106624081664971e-06,0.0,0.0,0.8862869887497329,0.9148351648351642
2023-10-11,0.0,0.0,0.0,0.8862869887497329,0.9148351648351642
2023-10-12,0.0,0.0,0.0,0.8820378800519859,0.911538461538461
2023-10-12,0.0,0.0,0.0,0.8820378800519859,0.911538461538461
2023-10-12,0.0,0.0,0.0,0.8820378800519859,0.911538461538461
2023-10-12,0.0,0.0,0.0,0.8820378800519859,0.911538461538461
2023-10-12,0.0,0.0,0.0,0.8820378800519859,0.911538461538461
2023-10-12,0.0,0.0,0.0,0.8820378800519859,0.911538461538461
2023-10-12,0.0,0.0,0.0,0.8820378800519859,0.911538461538461
2023-10-12,0.0,0.0,0.0,0.8820378800519859,0.911538461538461
2023-10-12,0.0,0.0,0.0,0.8820378800519859,0.911538461538461
2023-10-12,0.0,0.0,0.0,0.8820378800519859,0.911538461538461
2023-10-13,0.0,0.0,0.0,,
2023-10-13,0.0,0.0,0.0,,
2023-10-13,0.0,0.0,0.0,,
2023-10-13,0.0,0.0,0.0,,
2023-10-13,0.0,0.0,0.0,,
2023-10-13,0.0,0.0,0.0,,
2023-10-13,0.0,0.0,0.0,,
2023-10-13,0.0,0.0,0.0,,
2023-10-13,0.0,0.0,0.0,,
2023-10-13,0.0,0.0,0.0,,
2023-10-14,0.0,0.0,0.0,,
2023-10-14,0.0,0.0,0.0,,
2023-10-14,0.0,0.0,0.0,,
2023-10-14,0.0,0.0,0.0,,
2023-10-14,0.0,0.0,0.0,,
2023-10-14,0.0,0.0,0.0,,
2023-10-14,0.0,0.0,0.0,,
2023-10-14,0.0,0.0,0.0,,
2023-10-14,0.0,0.0,0.0,,
2023-10-14,1.0164832774534351e-05,0.0,0.0,,
2023-10-15,0.028863473511100645,0.0,0.0,0.8658240521173866,0.8994505494505489
2023-10-15,0.012174331717396838,0.0,0.0,0.8658240521173866,0.8994505494505489
2023-10-15,0.05228239222274163,0.0,0.0,0.8658240521173866,0.8994505494505489
2023-10-15,0.029256445221722334,0.0,0.0,0.8658240521173866,0.8994505494505489
2023-10-15,0.01946942822570233,0.0,0.0,0.8658240521173866,0.8994505494505489
2023-10-15,0.02167913680415744,0.0,0.0,0.8658240521173866,0.8994505494505489
2023-10-15,0.03973849903851858,0.0,0.0,0.8658240521173866,0.8994505494505489
2023-10-15,0.0053985803547639075,0.0,0.0,0.8658240521173866,0.8994505494505489
2023-10-15,0.0392389401714601,0.0,0.0,0.8658240521173866,0.8994505494505489
2023-10-15,0.05132923164849293,0.0,0.0,0.8658240521173866,0.8994505494505489
2023-10-16,0.0021268520763052683,0.0,0.0,0.8602329959271544,0.8953296703296711
2023-10-16,0.0003618241654615556,0.0,0.0,0.8602329959271544,0.8953296703296711
2023-10-16,0.011804659679050665,0.0,0.0,0.8602329959271544,0.8953296703296711
2023-10-16,0.03968552172208061,0.0,0.0,0.8602329959271544,0.8953296703296711
2023-10-16,0.014807091109088564,0.0,0.0,0.8602329959271544,0.8953296703296711
2023-10-16,0.00024223993370623697,0.0,0.0,0.8602329959271544,0.8953296703296711
2023-10-16,0.02302711616486103,0.0,0.0,0.8602329959271544,0.8953296703296711
2023-10-16,0.001793946155172388,0.0,0.0,0.8602329959271544,0.8953296703296711
2023-10-16,0.008885882966285409,0.0,0.0,0.8602329959271544,0.8953296703296711
2023-10-16,0.0007598268073798949,0.0,0.0,0.8602329959271544,0.8953296703296711
2023-10-17,0.07659664368814345,0.0,0.0,0.8575491009421836,0.893406593406592
2023-10-17,0.12440027369407643,0.0,0.0,0.8575491009421836,0.893406593406592
2023-10-17,0.06196725040842292,0.0,0.0,0.8575491009421836,0.893406593406592
2023-10-17,0.03218206512592717,0.0,0.0,0.8575491009421836,0.893406593406592
2023-10-17,0.09248198783963778,0.0,0.0,0.8575491009421836,0.893406593406592
2023-10-17,0.010962407733124312,0.0,0.0,0.8575491009421836,0.893406593406592
2023-10-17,0.07355345980569405,0.0,0.0,0.8575491009421836,0.893406593406592
2023-10-17,0.10796701185794182,0.0,0.0,0.8575491009421836,0.893406593406592
2023-10-17,0.10771293478067365,0.0,0.0,0.8575491009421836,0.893406593406592
2023-10-17,0.10598715815374861,0.0,0.0,0.8575491009421836,0.893406593406592
2023-10-18,0.00686201872407758,0.0,0.0,0.8547547479324373,0.8912087912087898
2023-10-18,0.011816041557662,0.0,0.0,0.8547547479324373,0.8912087912087898
2023-10-18,0.005842446176485814,0.0,0.0,0.8547547479324373,0.8912087912087898
2023-10-18,0.023059331903819934,0.0,0.0,0.8547547479324373,0.8912087912087898
2023-10-18,0.009835438215746619,0.0,0.0,0.8547547479324373,0.8912087912087898
2023-10-18,0.02657915689359249,0.0,0.0,0.8547547479324373,0.8912087912087898
2023-10-18,0.021982787264835418,0.0,0.0,0.8547547479324373,0.8912087912087898
2023-10-18,0.00769256526038722,0.0,0.0,0.8547547479324373,0.8912087912087898
2023-10-18,0.020411767084086974,0.0,0.0,0.8547547479324373,0.8912087912087898
2023-10-18,0.007409032809827795,0.0,0.0,0.8547547479324373,0.8912087912087898
2023-10-19,0.0,0.0,0.0,0.8519603949226913,0.8890109890109894
2023-10-19,0.0,0.0,0.0,0.8519603949226913,0.8890109890109894
2023-10-19,0.0,0.0,0.0,0.8519603949226913,0.8890109890109894
2023-10-19,0.0,0.0,0.0,0.8519603949226913,0.8890109890109894
2023-10-19,0.0,0.0,0.0,0.8519603949226913,0.8890109890109894
2023-10-19,0.0,0.0,0.0,0.8519603949226913,0.8890109890109894
2023-10-19,0.0,0.0,0.0,0.8519603949226913,0.8890109890109894
2023-10-19,0.0,0.0,0.0,0.8519603949226913,0.8890109890109894
2023-10-19,0.0,0.0,0.0,0.8519603949226913,0.8890109890109894
2023-10-19,0.0,0.0,0.0,0.8519603949226913,0.8890109890109894
2023-10-20,0.0,,,,
2023-10-20,0.0,,,,
2023-10-20,0.0,,,,
2023-10-20,0.0,,,,
2023-10-20,0.0,,,,
2023-10-20,0.0,,,,
2023-10-20,0.0,,,,
2023-10-20,0.0,,,,
2023-10-20,0.0,,,,
2023-10-20,0.0,,,,
2023-10-21,0.0,,,,
2023-10-21,0.0,,,,
2023-10-21,0.0,,,,
2023-10-21,0.0,,,,
2023-10-21,0.0,,,,
2023-10-21,0.0,,,,
2023-10-21,0.0,,,,
2023-10-21,0.0,,,,
2023-10-21,0.0,,,,
2023-10-21,0.0,,,,
2023-10-22,0.0,,,,
2023-10-22,0.0,,,,
2023-10-22,0.0,,,,
2023-10-22,0.0,,,,
2023-10-22,0.0,,,,
2023-10-22,0.0,,,,
2023-10-22,0.0,,,,
2023-10-22,0.0,,,,
2023-10-22,0.0,,,,
2023-10-22,0.0,,,,
2023-10-23,0.0,,,,
2023-10-23,0.0,,,,
2023-10-23,0.0,,,,
2023-10-23,0.0,,,,
2023-10-23,0.0,,,,
2023-10-23,0.0,,,,
2023-10-23,0.0,,,,
2023-10-23,0.0,,,,
2023-10-23,0.0,,,,
2023-10-23,0.0,,,,
2023-10-24,0.0034694670614495602,,,,
2023-10-24,0.0005735279198877438,,,,
2023-10-24,4.92235510268645e-05,,,,
2023-10-24,4.008554761941154e-05,,,,
2023-10-24,7.088840409339727e-06,,,,
2023-10-24,0.00041042843138927874,,,,
2023-10-24,0.0006685295008131698,,,,
2023-10-24,0.007072818880291497,,,,
2023-10-24,0.008741853126721317,,,,
2023-10-24,0.0004271956378723642,,,,
2023-10-25,0.0,,,,
2023-10-25,0.0,,,,
2023-10-25,0.0,,,,
2023-10-25,0.0,,,,
2023-10-25,0.0,,,,
2023-10-25,0.0,,,,
2023-10-25,0.0,,,,
2023-10-25,0.0,,,,
2023-10-25,0.0,,,,
2023-10-25,0.0,,,,
2023-10-26,0.0,,,,
2023-10-26,0.0,,,,
2023-10-26,0.0003511266310043811,,,,
2023-10-26,0.00010505783757377472,,,,
2023-10-26,1.6042505083096024e-05,,,,
2023-10-26,0.0,,,,
2023-10-26,0.0009061329533968111,,,,
2023-10-26,0.0,,,,
2023-10-26,0.0,,,,
2023-10-26,0.004145962065101687,,,,
2023-10-27,0.0,,,,
2023-10-27,0.0,,,,
2023-10-27,0.0,,,,
2023-10-27,0.0,,,,
2023-10-27,0.0,,,,
2023-10-27,0.0,,,,
2023-10-27,0.0,,,,
2023-10-27,0.0,,,,
2023-10-27,0.0,,,,
2023-10-27,0.0,,,,
2023-10-28,0.0,,,,
2023-10-28,0.0,,,,
2023-10-28,0.0,,,,
2023-10-28,0.0,,,,
2023-10-28,0.0,,,,
2023-10-28,0.0,,,,
2023-10-28,0.0,,,,
2023-10-28,0.0,,,,
2023-10-28,0.0,,,,
2023-10-28,0.0,,,,
2023-10-29,0.0,0.0,0.0,,
2023-10-29,0.0,0.0,0.0,,
2023-10-29,0.0,0.0,0.0,,
2023-10-29,0.0,0.0,0.0,,
2023-10-29,0.0,0.0,0.0,,
2023-10-29,0.0,0.0,0.0,,
2023-10-29,0.0,0.0,0.0,,
2023-10-29,0.0,0.0,0.0,,
2023-10-29,0.0,0.0,0.0,,
2023-10-29,0.0,0.0,0.0,,
2023-10-30,0.0,0.0,0.0,,
2023-10-30,0.0,0.0,0.0,,
2023-10-30,0.0,0.0,0.0,,
2023-10-30,0.0,0.0,0.0,,
2023-10-30,0.0,0.0,0.0,,
2023-10-30,0.0,0.0,0.0,,
2023-10-30,0.0,0.0,0.0,,
2023-10-30,0.0,0.0,0.0,,
2023-10-30,0.0,0.0,0.0,,
2023-10-30,0.0,0.0,0.0,,
2023-10-31,0.0,0.0,0.0,,
2023-10-31,0.0,0.0,0.0,,
2023-10-31,0.0,0.0,0.0,,
2023-10-31,0.0,0.0,0.0,,
2023-10-31,0.0,0.0,0.0,,
2023-10-31,0.0,0.0,0.0,,
2023-10-31,0.0,0.0,0.0,,
2023-10-31,0.0,0.0,0.0,,
2023-10-31,0.0,0.0,0.0,,
2023-10-31,0.0,0.0,0.0,,
2023-11-01,0.0,0.0,0.0,,
2023-11-01,0.0,0.0,0.0,,
2023-11-01,0.0,0.0,0.0,,
2023-11-01,0.0,0.0,0.0,,
2023-11-01,0.0,0.0,0.0,,
2023-11-01,0.0,0.0,0.0,,
2023-11-01,0.0,0.0,0.0,,
2023-11-01,0.0,0.0,0.0,,
2023-11-01,0.0,0.0,0.0,,
2023-11-01,0.0,0.0,0.0,,
2023-11-02,0.0,0.0,0.0,0.797203766853662,0.8480769230769223
2023-11-02,0.0,0.0,0.0,0.797203766853662,0.8480769230769223
2023-11-02,0.0,0.0,0.0,0.797203766853662,0.8480769230769223
2023-11-02,0.0,0.0,0.0,0.797203766853662,0.8480769230769223
2023-11-02,0.0,0.0,0.0,0.797203766853662,0.8480769230769223
2023-11-02,0.0,0.0,0.0,0.797203766853662,0.8480769230769223
2023-11-02,0.0,0.0,0.0,0.797203766853662,0.8480769230769223
2023-11-02,0.0,0.0,0.0,0.797203766853662,0.8480769230769223
2023-11-02,0.0,0.0,0.0,0.797203766853662,0.8480769230769223
2023-11-02,0.0,0.0,0.0,0.797203766853662,0.8480769230769223
2023-11-03,0.0,0.0,0.0,0.79725547060994,0.8480769230769223
2023-11-03,0.0,0.0,0.0,0.79725547060994,0.8480769230769223
2023-11-03,0.0,0.0,0.0,0.79725547060994,0.8480769230769223
2023-11-03,0.0,0.0,0.0,0.79725547060994,0.8480769230769223
2023-11-03,0.0,0.0,0.0,0.79725547060994,0.8480769230769223
2023-11-03,0.0,0.0,0.0,0.79725547060994,0.8480769230769223
2023-11-03,0.0,0.0,0.0,0.79725547060994,0.8480769230769223
2023-11-03,0.0,0.0,0.0,0.79725547060994,0.8480769230769223
2023-11-03,0.0,0.0,0.0,0.79725547060994,0.8480769230769223
2023-11-03,0.0,0.0,0.0,0.79725547060994,0.8480769230769223
2023-11-04,0.0,0.0,0.0,0.7946914343327045,0.8458791208791201
2023-11-04,0.0,0.0,0.0,0.7946914343327045,0.8458791208791201
2023-11-04,0.0,0.0,0.0,0.7946914343327045,0.8458791208791201
2023-11-04,0.0,0.0,0.0,0.7946914343327045,0.8458791208791201
2023-11-04,0.0,0.0,0.0,0.7946914343327045,0.8458791208791201
2023-11-04,0.0,0.0,0.0,0.7946914343327045,0.8458791208791201
2023-11-04,0.0,0.0,0.0,0.7946914343327045,0.8458791208791201
2023-11-04,0.0,0.0,0.0,0.7946914343327045,0.8458791208791201
2023-11-04,0.0,0.0,0.0,0.7946914343327045,0.8458791208791201
2023-11-04,0.0,0.0,0.0,0.7946914343327045,0.8458791208791201
2023-11-05,0.0,0.0,0.0,0.7919252833718371,0.8436813186813179
2023-11-05,0.0,0.0,0.0,0.7919252833718371,0.8436813186813179
2023-11-05,0.0,0.0,0.0,0.7919252833718371,0.8436813186813179
2023-11-05,0.0,0.0,0.0,0.7919252833718371,0.8436813186813179
2023-11-05,0.0,0.0,0.0,0.7919252833718371,0.8436813186813179
2023-11-05,0.0,0.0,0.0,0.7919252833718371,0.8436813186813179
2023-11-05,0.0,0.0,0.0,0.7919252833718371,0.8436813186813179
2023-11-05,0.0,0.0,0.0,0.7919252833718371,0.8436813186813179
2023-11-05,0.0,0.0,0.0,0.7919252833718371,0.8436813186813179
2023-11-05,0.0,0.0,0.0,0.7919252833718371,0.8436813186813179
2023-11-06,0.0,0.0,0.0,0.7894646546071573,0.8417582417582405
2023-11-06,0.0,0.0,0.0,0.7894646546071573,0.8417582417582405
2023-11-06,0.0,0.0,0.0,0.7894646546071573,0.8417582417582405
2023-11-06,0.0,0.0,0.0,0.7894646546071573,0.8417582417582405
2023-11-06,0.0,0.0,0.0,0.7894646546071573,0.8417582417582405
2023-11-06,0.0,0.0,0.0,0.7894646546071573,0.8417582417582405
2023-11-06,0.0,0.0,0.0,0.7894646546071573,0.8417582417582405
2023-11-06,0.0,0.0,0.0,0.7894646546071573,0.8417582417582405
2023-11-06,0.0,0.0,0.0,0.7894646546071573,0.8417582417582405
2023-11-06,0.0,0.0,0.0,0.7894646546071573,0.8417582417582405
2023-11-07,0.0,0.0,0.0,0.7862872237668066,0.8390109890109887
2023-11-07,0.0,0.0,0.0,0.7862872237668066,0.8390109890109887
2023-11-07,0.0,0.0,0.0,0.7862872237668066,0.8390109890109887
2023-11-07,0.0,0.0,0.0,0.7862872237668066,0.8390109890109887
2023-11-07,0.0,0.0,0.0,0.7862872237668066,0.8390109890109887
2023-11-07,0.0,0.0,0.0,0.7862872237668066,0.8390109890109887
2023-11-07,0.0,0.0,0.0,0.7862872237668066,0.8390109890109887
2023-11-07,0.0,0.0,0.0,0.7862872237668066,0.8390109890109887
2023-11-07,0.0,0.0,0.0,0.7862872237668066,0.8390109890109887
2023-11-07,0.0,0.0,0.0,0.7862872237668066,0.8390109890109887
2023-11-08,0.0,0.0,0.0,0.7830063854139004,0.8365384615384599
2023-11-08,0.0,0.0,0.0,0.7830063854139004,0.8365384615384599
2023-11-08,0.0,0.0,0.0,0.7830063854139004,0.8365384615384599
2023-11-08,0.0,0.0,0.0,0.7830063854139004,0.8365384615384599
2023-11-08,0.0,0.0,0.0,0.7830063854139004,0.8365384615384599
2023-11-08,0.0,0.0,0.0,0.7830063854139004,0.8365384615384599
2023-11-08,0.0,0.0,0.0,0.7830063854139004,0.8365384615384599
2023-11-08,0.0,0.0,0.0,0.7830063854139004,0.8365384615384599
2023-11-08,0.0,0.0,0.0,0.7830063854139004,0.8365384615384599
2023-11-08,0.0,0.0,0.0,0.7830063854139004,0.8365384615384599
2023-11-09,0.0,0.0,0.0,0.7795210822066223,0.8335164835164832
2023-11-09,0.0,0.0,0.0,0.7795210822066223,0.8335164835164832
2023-11-09,0.0,0.0,0.0,0.7795210822066223,0.8335164835164832
2023-11-09,0.0,0.0,0.0,0.7795210822066223,0.8335164835164832
2023-11-09,0.0,0.0,0.0,0.7795210822066223,0.8335164835164832
2023-11-09,0.0,0.0,0.0,0.7795210822066223,0.8335164835164832
2023-11-09,0.0,0.0,0.0,0.7795210822066223,0.8335164835164832
2023-11-09,0.0,0.0,0.0,0.7795210822066223,0.8335164835164832
2023-11-09,0.0,0.0,0.0,0.7795210822066223,0.8335164835164832
2023-11-09,0.0,0.0,0.0,0.7795210822066223,0.8335164835164832
2023-11-10,0.00014685130806613785,0.0,0.0,0.7746562287750207,0.8304945054945048
2023-11-10,0.0,0.0,0.0,0.7746562287750207,0.8304945054945048
2023-11-10,0.0003540273981089565,0.0,0.0,0.7746562287750207,0.8304945054945048
2023-11-10,0.0,0.0,0.0,0.7746562287750207,0.8304945054945048
2023-11-10,0.00648015448136683,0.0,0.0,0.7746562287750207,0.8304945054945048
2023-11-10,0.00010103259423023651,0.0,0.0,0.7746562287750207,0.8304945054945048
2023-11-10,0.00949792561087452,0.0,0.0,0.7746562287750207,0.8304945054945048
2023-11-10,0.000544052633325695,0.0,0.0,0.7746562287750207,0.8304945054945048
2023-11-10,0.011072199866105017,0.0,0.0,0.7746562287750207,0.8304945054945048
2023-11-10,0.003667976330096485,0.0,0.0,0.7746562287750207,0.8304945054945048
2023-11-11,0.12151570670697019,0.0,0.0,0.7727737420123573,0.8282967032967044
2023-11-11,0.11895008446108087,0.0,0.0,0.7727737420123573,0.8282967032967044
2023-11-11,0.02502777343723669,0.0,0.0,0.7727737420123573,0.8282967032967044
2023-11-11,0.08317723043894897,0.0,0.0,0.7727737420123573,0.8282967032967044
2023-11-11,0.025901079737198136,0.0,0.0,0.7727737420123573,0.8282967032967044
2023-11-11,0.04806844346954762,0.0,0.0,0.7727737420123573,0.8282967032967044
2023-11-11,0.04110884003918708,0.0,0.0,0.7727737420123573,0.8282967032967044
2023-11-11,0.010854739754431934,0.0,0.0,0.7727737420123573,0.8282967032967044
2023-11-11,0.07508788344313339,0.0,0.0,0.7727737420123573,0.8282967032967044
2023-11-11,0.06433658048843231,0.0,0.0,0.7727737420123573,0.8282967032967044
2023-11-12,0.0,0.0,0.0,0.7700921971981265,0.8258241758241756
2023-11-12,0.0,0.0,0.0,0.7700921971981265,0.8258241758241756
2023-11-12,0.0,0.0,0.0,0.7700921971981265,0.8258241758241756
2023-11-12,0.0,0.0,0.0,0.7700921971981265,0.8258241758241756
2023-11-12,0.0,0.0,0.0,0.7700921971981265,0.8258241758241756
2023-11-12,0.0,0.0,0.0,0.7700921971981265,0.8258241758241756
2023-11-12,0.0,0.0,0.0,0.7700921971981265,0.8258241758241756
2023-11-12,0.0,0.0,0.0,0.7700921971981265,0.8258241758241756
2023-11-12,0.0,0.0,0.0,0.7700921971981265,0.8258241758241756
2023-11-12,0.0,0.0,0.0,0.7700921971981265,0.8258241758241756
2023-11-13,0.0,0.0,0.0,0.766670348600826,0.8233516483516485
2023-11-13,0.0,0.0,0.0,0.766670348600826,0.8233516483516485
2023-11-13,0.0,0.0,0.0,0.766670348600826,0.8233516483516485
2023-11-13,0.0,0.0,0.0,0.766670348600826,0.8233516483516485
2023-11-13,0.0,0.0,0.0,0.766670348600826,0.8233516483516485
2023-11-13,0.0,0.0,0.0,0.766670348600826,0.8233516483516485
2023-11-13,0.0,0.0,0.0,0.766670348600826,0.8233516483516485
2023-11-13,0.0,0.0,0.0,0.766670348600826,0.8233516483516485
2023-11-13,0.0,0.0,0.0,0.766670348600826,0.8233516483516485
2023-11-13,0.0,0.0,0.0,0.766670348600826,0.8233516483516485
2023-11-14,0.0,0.0,0.0,0.7637467362003849,0.8206043956043949
2023-11-14,0.0,0.0,0.0,0.7637467362003849,0.8206043956043949
2023-11-14,0.0,0.0,0.0,0.7637467362003849,0.8206043956043949
2023-11-14,0.0,0.0,0.0,0.7637467362003849,0.8206043956043949
2023-11-14,0.0,0.0,0.0,0.7637467362003849,0.8206043956043949
2023-11-14,0.0,0.0,0.0,0.7637467362003849,0.8206043956043949
2023-11-14,0.0,0.0,0.0,0.7637467362003849,0.8206043956043949
2023-11-14,0.0,0.0,0.0,0.7637467362003849,0.8206043956043949
2023-11-14,0.0,0.0,0.0,0.7637467362003849,0.8206043956043949
2023-11-14,0.0,0.0,0.0,0.7637467362003849,0.8206043956043949
2023-11-15,0.0,0.0,0.0,0.7609688343858181,0.8178571428571413
2023-11-15,0.0,0.0,0.0,0.7609688343858181,0.8178571428571413
2023-11-15,0.0,0.0,0.0,0.7609688343858181,0.8178571428571413
2023-11-15,0.0,0.0,0.0,0.7609688343858181,0.8178571428571413
2023-11-15,0.0,0.0,0.0,0.7609688343858181,0.8178571428571413
2023-11-15,0.0,0.0,0.0,0.7609688343858181,0.8178571428571413
2023-11-15,0.0,0.0,0.0,0.7609688343858181,0.8178571428571413
2023-11-15,0.0,0.0,0.0,0.7609688343858181,0.8178571428571413
2023-11-15,0.0,0.0,0.0,0.7609688343858181,0.8178571428571413
2023-11-15,0.0,0.0,0.0,0.7609688343858181,0.8178571428571413
2023-11-16,0.0,0.0,0.0,0.7542073931671136,0.812912087912089
2023-11-16,0.0,0.0,0.0,0.7542073931671136,0.812912087912089
2023-11-16,0.0,0.0,0.0,0.7542073931671136,0.812912087912089
2023-11-16,0.0,0.0,0.0,0.7542073931671136,0.812912087912089
2023-11-16,0.0,0.0,0.0,0.7542073931671136,0.812912087912089
2023-11-16,0.0,0.0,0.0,0.7542073931671136,0.812912087912089
2023-11-16,0.0,0.0,0.0,0.7542073931671136,0.812912087912089
2023-11-16,0.0,0.0,0.0,0.7542073931671136,0.812912087912089
2023-11-16,0.0,0.0,0.0,0.7542073931671136,0.812912087912089
2023-11-16,0.0,0.0,0.0,0.7542073931671136,0.812912087912089
2023-11-17,0.0,0.0,0.0,0.7472320864110777,0.8071428571428569
2023-11-17,0.0,0.0,0.0,0.7472320864110777,0.8071428571428569
2023-11-17,0.0,0.0,0.0,0.7472320864110777,0.8071428571428569
2023-11-17,0.0,0.0,0.0,0.7472320864110777,0.8071428571428569
2023-11-17,0.0,0.0,0.0,0.7472320864110777,0.8071428571428569
2023-11-17,0.0,0.0,0.0,0.7472320864110777,0.8071428571428569
2023-11-17,0.0,0.0,0.0,0.7472320864110777,0.8071428571428569
2023-11-17,0.0,0.0,0.0,0.7472320864110777,0.8071428571428569
2023-11-17,0.0,0.0,0.0,0.7472320864110777,0.8071428571428569
2023-11-17,0.0,0.0,0.0,0.7472320864110777,0.8071428571428569
2023-11-18,0.0,0.0,0.0,0.739032340699552,0.8005494505494504
2023-11-18,0.0,0.0,0.0,0.739032340699552,0.8005494505494504
2023-11-18,0.0,0.0,0.0,0.739032340699552,0.8005494505494504
2023-11-18,0.0,0.0,0.0,0.739032340699552,0.8005494505494504
2023-11-18,0.0,0.0,0.0,0.739032340699552,0.8005494505494504
2023-11-18,0.0,0.0,0.0,0.739032340699552,0.8005494505494504
2023-11-18,0.0,0.0,0.0,0.739032340699552,0.8005494505494504
2023-11-18,0.0,0.0,0.0,0.739032340699552,0.8005494505494504
2023-11-18,0.0,0.0,0.0,0.739032340699552,0.8005494505494504
2023-11-18,0.0,0.0,0.0,0.739032340699552,0.8005494505494504
2023-11-19,0.0,0.0,0.0,0.7304236652792828,0.7934065934065924
2023-11-19,0.0,0.0,0.0,0.7304236652792828,0.7934065934065924
2023-11-19,0.0,0.0,0.0,0.7304236652792828,0.7934065934065924
2023-11-19,0.0,0.0,0.0,0.7304236652792828,0.7934065934065924
2023-11-19,0.0,0.0,0.0,0.7304236652792828,0.7934065934065924
2023-11-19,0.0,0.0,0.0,0.7304236652792828,0.7934065934065924
2023-11-19,0.0,0.0,0.0,0.7304236652792828,0.7934065934065924
2023-11-19,0.0,0.0,0.0,0.7304236652792828,0.7934065934065924
2023-11-19,0.0,0.0,0.0,0.7304236652792828,0.7934065934065924
2023-11-19,0.0,0.0,0.0,0.7304236652792828,0.7934065934065924
2023-11-20,0.0,0.0,0.0,0.7213003024669744,0.7859890109890113
2023-11-20,0.0,0.0,0.0,0.7213003024669744,0.7859890109890113
2023-11-20,0.0,0.0,0.0,0.7213003024669744,0.7859890109890113
2023-11-20,0.0,0.0,0.0,0.7213003024669744,0.7859890109890113
2023-11-20,0.0,0.0,0.0,0.7213003024669744,0.7859890109890113
2023-11-20,0.0,0.0,0.0,0.7213003024669744,0.7859890109890113
2023-11-20,0.0,0.0,0.0,0.7213003024669744,0.7859890109890113
2023-11-20,0.0,0.0,0.0,0.7213003024669744,0.7859890109890113
2023-11-20,0.0,0.0,0.0,0.7213003024669744,0.7859890109890113
2023-11-20,0.0,0.0,0.0,0.7213003024669744,0.7859890109890113
2023-11-21,0.0,0.0,0.0,0.7135118366349316,0.7796703296703296
2023-11-21,0.0,0.0,0.0,0.7135118366349316,0.7796703296703296
2023-11-21,0.0,0.0,0.0,0.7135118366349316,0.7796703296703296
2023-11-21,0.0,0.0,0.0,0.7135118366349316,0.7796703296703296
2023-11-21,0.0,0.0,0.0,0.7135118366349316,0.7796703296703296
2023-11-21,0.0,0.0,0.0,0.7135118366349316,0.7796703296703296
2023-11-21,0.0,0.0,0.0,0.7135118366349316,0.7796703296703296
2023-11-21,0.0,0.0,0.0,0.7135118366349316,0.7796703296703296
2023-11-21,0.0,0.0,0.0,0.7135118366349316,0.7796703296703296
2023-11-21,0.0,0.0,0.0,0.7135118366349316,0.7796703296703296
2023-11-22,0.0,0.0,0.0,0.7063344151952642,0.7739010989010993
2023-11-22,0.0,0.0,0.0,0.7063344151952642,0.7739010989010993
2023-11-22,0.0,0.0,0.0,0.7063344151952642,0.7739010989010993
2023-11-22,0.0,0.0,0.0,0.7063344151952642,0.7739010989010993
2023-11-22,0.0,0.0,0.0,0.7063344151952642,0.7739010989010993
2023-11-22,0.0,0.0,0.0,0.7063344151952642,0.7739010989010993
2023-11-22,0.0,0.0,0.0,0.7063344151952642,0.7739010989010993
2023-11-22,0.0,0.0,0.0,0.7063344151952642,0.7739010989010993
2023-11-22,0.0,0.0,0.0,0.7063344151952642,0.7739010989010993
2023-11-22,0.0,0.0,0.0,0.7063344151952642,0.7739010989010993
2023-11-23,0.0,0.0,0.0,0.7018244375453879,0.7700549450549445
2023-11-23,0.0,0.0,0.0,0.7018244375453879,0.7700549450549445
2023-11-23,0.0,0.0,0.0,0.7018244375453879,0.7700549450549445
2023-11-23,0.0,0.0,0.0,0.7018244375453879,0.7700549450549445
2023-11-23,0.0,0.0,0.0,0.7018244375453879,0.7700549450549445
2023-11-23,0.0,0.0,0.0,0.7018244375453879,0.7700549450549445
2023-11-23,0.0,0.0,0.0,0.7018244375453879,0.7700549450549445
2023-11-23,0.0,0.0,0.0,0.7018244375453879,0.7700549450549445
2023-11-23,0.0,0.0,0.0,0.7018244375453879,0.7700549450549445
2023-11-23,0.0,0.0,0.0,0.7018244375453879,0.7700549450549445
2023-11-24,0.0,0.0,0.0,0.6975189247498832,0.7664835164835164
2023-11-24,0.0,0.0,0.0,0.6975189247498832,0.7664835164835164
2023-11-24,0.0,0.0,0.0,0.6975189247498832,0.7664835164835164
2023-11-24,0.0,0.0,0.0,0.6975189247498832,0.7664835164835164
2023-11-24,0.0,0.0,0.0,0.6975189247498832,0.7664835164835164
2023-11-24,0.0,0.0,0.0,0.6975189247498832,0.7664835164835164
2023-11-24,0.0,0.0,0.0,0.6975189247498832,0.7664835164835164
2023-11-24,0.0,0.0,0.0,0.6975189247498832,0.7664835164835164
2023-11-24,0.0,0.0,0.0,0.6975189247498832,0.7664835164835164
2023-11-24,0.0,0.0,0.0,0.6975189247498832,0.7664835164835164
2023-11-25,0.0,0.0,0.0,0.6940359717133451,0.7637362637362628
2023-11-25,0.0,0.0,0.0,0.6940359717133451,0.7637362637362628
2023-11-25,0.0,0.0,0.0,0.6940359717133451,0.7637362637362628
2023-11-25,0.0,0.0,0.0,0.6940359717133451,0.7637362637362628
2023-11-25,0.0,0.0,0.0,0.6940359717133451,0.7637362637362628
2023-11-25,0.0,0.0,0.0,0.6940359717133451,0.7637362637362628
2023-11-25,0.0,0.0,0.0,0.6940359717133451,0.7637362637362628
2023-11-25,0.0,0.0,0.0,0.6940359717133451,0.7637362637362628
2023-11-25,0.0,0.0,0.0,0.6940359717133451,0.7637362637362628
2023-11-25,0.0,0.0,0.0,0.6940359717133451,0.7637362637362628
2023-11-26,0.0,0.0,0.0,0.690550668506067,0.760989010989011
2023-11-26,0.0,0.0,0.0,0.690550668506067,0.760989010989011
2023-11-26,0.0,0.0,0.0,0.690550668506067,0.760989010989011
2023-11-26,0.0,0.0,0.0,0.690550668506067,0.760989010989011
2023-11-26,0.0,0.0,0.0,0.690550668506067,0.760989010989011
2023-11-26,0.0,0.0,0.0,0.690550668506067,0.760989010989011
2023-11-26,0.0,0.0,0.0,0.690550668506067,0.760989010989011
2023-11-26,0.0,0.0,0.0,0.690550668506067,0.760989010989011
2023-11-26,0.0,0.0,0.0,0.690550668506067,0.760989010989011
2023-11-26,0.0,0.0,0.0,0.690550668506067,0.760989010989011
2023-11-27,0.0,0.0,0.0,0.6876787598619041,0.7585164835164839
2023-11-27,0.0,0.0,0.0,0.6876787598619041,0.7585164835164839
2023-11-27,0.0,0.0,0.0,0.6876787598619041,0.7585164835164839
2023-11-27,0.0,0.0,0.0,0.6876787598619041,0.7585164835164839
2023-11-27,0.0,0.0,0.0,0.6876787598619041,0.7585164835164839
2023-11-27,0.0,0.0,0.0,0.6876787598619041,0.7585164835164839
2023-11-27,0.0,0.0,0.0,0.6876787598619041,0.7585164835164839
2023-11-27,0.0,0.0,0.0,0.6876787598619041,0.7585164835164839
2023-11-27,0.0,0.0,0.0,0.6876787598619041,0.7585164835164839
2023-11-27,0.0,0.0,0.0,0.6876787598619041,0.7585164835164839
2023-11-28,0.00042140917688407984,0.0,0.0,0.6836834696040668,0.7552197802197806
2023-11-28,0.000339550055776296,0.0,0.0,0.6836834696040668,0.7552197802197806
2023-11-28,0.0,0.0,0.0,0.6836834696040668,0.7552197802197806
2023-11-28,0.0008299584617718753,0.0,0.0,0.6836834696040668,0.7552197802197806
2023-11-28,0.0,0.0,0.0,0.6836834696040668,0.7552197802197806
2023-11-28,0.0018320517787377758,0.0,0.0,0.6836834696040668,0.7552197802197806
2023-11-28,0.0,0.0,0.0,0.6836834696040668,0.7552197802197806
2023-11-28,0.0,0.0,0.0,0.6836834696040668,0.7552197802197806
2023-11-28,0.0,0.0,0.0,0.6836834696040668,0.7552197802197806
2023-11-28,0.0,0.0,0.0,0.6836834696040668,0.7552197802197806
2023-11-29,0.0,0.0,0.0,0.6813238981812029,0.7532967032967033
2023-11-29,0.0,0.0,0.0,0.6813238981812029,0.7532967032967033
2023-11-29,0.0,0.0,0.0,0.6813238981812029,0.7532967032967033
2023-11-29,0.0,0.0,0.0,0.6813238981812029,0.7532967032967033
2023-11-29,5.736011550416549e-08,0.0,0.0,0.6813238981812029,0.7532967032967033
2023-11-29,0.0,0.0,0.0,0.6813238981812029,0.7532967032967033
2023-11-29,0.0,0.0,0.0,0.6813238981812029,0.7532967032967033
2023-11-29,0.0,0.0,0.0,0.6813238981812029,0.7532967032967033
2023-11-29,0.0,0.0,0.0,0.6813238981812029,0.7532967032967033
2023-11-29,0.0,0.0,0.0,0.6813238981812029,0.7532967032967033
2023-11-30,0.001337920062841968,0.0,0.0,0.678249874853408,0.7508241758241745
2023-11-30,0.05360293464313899,0.0,0.0,0.678249874853408,0.7508241758241745
2023-11-30,0.012369004101366156,0.0,0.0,0.678249874853408,0.7508241758241745
2023-11-30,0.0,0.0,0.0,0.678249874853408,0.7508241758241745
2023-11-30,0.012966167344654207,0.0,0.0,0.678249874853408,0.7508241758241745
2023-11-30,0.005066942276608481,0.0,0.0,0.678249874853408,0.7508241758241745
2023-11-30,0.0009958863104720904,0.0,0.0,0.678249874853408,0.7508241758241745
2023-11-30,0.004562877007903795,0.0,0.0,0.678249874853408,0.7508241758241745
2023-11-30,0.01101498262730208,0.0,0.0,0.678249874853408,0.7508241758241745
2023-11-30,0.008289922935278787,0.0,0.0,0.678249874853408,0.7508241758241745
2023-12-01,0.039099182707198976,0.0,0.0,0.6761981757974718,0.7491758241758237
2023-12-01,0.0005368497328461962,0.0,0.0,0.6761981757974718,0.7491758241758237
2023-12-01,0.01746188082133292,0.0,0.0,0.6761981757974718,0.7491758241758237
2023-12-01,0.026953543182584864,0.0,0.0,0.6761981757974718,0.7491758241758237
2023-12-01,0.00447382363144139,0.0,0.0,0.6761981757974718,0.7491758241758237
2023-12-01,0.015505156932197648,0.0,0.0,0.6761981757974718,0.7491758241758237
2023-12-01,0.02214537014900254,0.0,0.0,0.6761981757974718,0.7491758241758237
2023-12-01,0.010454477974987332,0.0,0.0,0.6761981757974718,0.7491758241758237
2023-12-01,0.029062323975139043,0.0,0.0,0.6761981757974718,0.7491758241758237
2023-12-01,0.0498684169725732,0.0,0.0,0.6761981757974718,0.7491758241758237
2023-12-02,0.01270304877759694,0.0,0.0,0.6736388398617161,0.7469780219780215
2023-12-02,0.0012267106668634449,0.0,0.0,0.6736388398617161,0.7469780219780215
2023-12-02,0.0,0.0,0.0,0.6736388398617161,0.7469780219780215
2023-12-02,0.006208139485716984,0.0,0.0,0.6736388398617161,0.7469780219780215
2023-12-02,0.0038701348831945027,0.0,0.0,0.6736388398617161,0.7469780219780215
2023-12-02,0.0,0.0,0.0,0.6736388398617161,0.7469780219780215
2023-12-02,0.0017112045318548265,0.0,0.0,0.6736388398617161,0.7469780219780215
2023-12-02,0.00040413037759872924,0.0,0.0,0.6736388398617161,0.7469780219780215
2023-12-02,0.009767996464001706,0.0,0.0,0.6736388398617161,0.7469780219780215
2023-12-02,0.00898527985069952,0.0,0.0,0.6736388398617161,0.7469780219780215
2023-12-03,0.0,0.0,0.0,0.6710748035844805,0.7450549450549442
2023-12-03,0.0,0.0,0.0,0.6710748035844805,0.7450549450549442
2023-12-03,0.0,0.0,0.0,0.6710748035844805,0.7450549450549442
2023-12-03,0.0,0.0,0.0,0.6710748035844805,0.7450549450549442
2023-12-03,0.0,0.0,0.0,0.6710748035844805,0.7450549450549442
2023-12-03,0.0,0.0,0.0,0.6710748035844805,0.7450549450549442
2023-12-03,0.0,0.0,0.0,0.6710748035844805,0.7450549450549442
2023-12-03,0.0,0.0,0.0,0.6710748035844805,0.7450549450549442
2023-12-03,0.0,0.0,0.0,0.6710748035844805,0.7450549450549442
2023-12-03,0.0,0.0,0.0,0.6710748035844805,0.7450549450549442
2023-12-04,0.0,0.0,0.0,0.6684097099654289,0.7428571428571438
2023-12-04,0.00010082661794525891,0.0,0.0,0.6684097099654289,0.7428571428571438
2023-12-04,4.7580313750379504e-07,0.0,0.0,0.6684097099654289,0.7428571428571438
2023-12-04,0.001548026261224638,0.0,0.0,0.6684097099654289,0.7428571428571438
2023-12-04,0.0,0.0,0.0,0.6684097099654289,0.7428571428571438
2023-12-04,0.0,0.0,0.0,0.6684097099654289,0.7428571428571438
2023-12-04,6.735506259422994e-05,0.0,0.0,0.6684097099654289,0.7428571428571438
2023-12-04,0.0,0.0,0.0,0.6684097099654289,0.7428571428571438
2023-12-04,0.0,0.0,0.0,0.6684097099654289,0.7428571428571438
2023-12-04,0.0,0.0,0.0,0.6684097099654289,0.7428571428571438
2023-12-05,0.0,0.0,0.0,0.665537801321266,0.740384615384615
2023-12-05,0.029215617111759712,0.0,0.0,0.665537801321266,0.740384615384615
2023-12-05,0.00028985418880655685,0.0,0.0,0.665537801321266,0.740384615384615
2023-12-05,0.011032038262397964,0.0,0.0,0.665537801321266,0.740384615384615
2023-12-05,0.006020748633213231,0.0,0.0,0.665537801321266,0.740384615384615
2023-12-05,0.0013471842233943596,0.0,0.0,0.665537801321266,0.740384615384615
2023-12-05,0.0003582724526484091,0.0,0.0,0.665537801321266,0.740384615384615
2023-12-05,0.012722472835306512,0.0,0.0,0.665537801321266,0.740384615384615
2023-12-05,0.010275519646422954,0.0,0.0,0.665537801321266,0.740384615384615
2023-12-05,0.0,0.0,0.0,0.665537801321266,0.740384615384615
2023-12-06,0.0,0.0,0.0,0.6620548482847279,0.7376373626373631
2023-12-06,0.0,0.0,0.0,0.6620548482847279,0.7376373626373631
2023-12-06,0.0,0.0,0.0,0.6620548482847279,0.7376373626373631
2023-12-06,0.0,0.0,0.0,0.6620548482847279,0.7376373626373631
2023-12-06,0.0,0.0,0.0,0.6620548482847279,0.7376373626373631
2023-12-06,0.0,0.0,0.0,0.6620548482847279,0.7376373626373631
2023-12-06,0.0,0.0,0.0,0.6620548482847279,0.7376373626373631
2023-12-06,0.0,0.0,0.0,0.6620548482847279,0.7376373626373631
2023-12-06,0.0,0.0,0.0,0.6620548482847279,0.7376373626373631
2023-12-06,0.0,0.0,0.0,0.6620548482847279,0.7376373626373631
2023-12-07,0.0,0.0,0.0,0.6566212535340692,0.733241758241757
2023-12-07,0.0,0.0,0.0,0.6566212535340692,0.733241758241757
2023-12-07,0.0,0.0,0.0,0.6566212535340692,0.733241758241757
2023-12-07,0.0,0.0,0.0,0.6566212535340692,0.733241758241757
2023-12-07,0.0,0.0,0.0,0.6566212535340692,0.733241758241757
2023-12-07,0.0,0.0,0.0,0.6566212535340692,0.733241758241757
2023-12-07,0.0,0.0,0.0,0.6566212535340692,0.733241758241757
2023-12-07,0.0,0.0,0.0,0.6566212535340692,0.733241758241757
2023-12-07,0.0,0.0,0.0,0.6566212535340692,0.733241758241757
2023-12-07,0.0,0.0,0.0,0.6566212535340692,0.733241758241757
2023-12-08,0.0,0.0,0.0,0.6513944738085222,0.7288461538461544
2023-12-08,0.0,0.0,0.0,0.6513944738085222,0.7288461538461544
2023-12-08,0.0,0.0,0.0,0.6513944738085222,0.7288461538461544
2023-12-08,0.0,0.0,0.0,0.6513944738085222,0.7288461538461544
2023-12-08,0.0,0.0,0.0,0.6513944738085222,0.7288461538461544
2023-12-08,0.0,0.0,0.0,0.6513944738085222,0.7288461538461544
2023-12-08,0.0,0.0,0.0,0.6513944738085222,0.7288461538461544
2023-12-08,0.0,0.0,0.0,0.6513944738085222,0.7288461538461544
2023-12-08,0.0,0.0,0.0,0.6513944738085222,0.7288461538461544
2023-12-08,0.0,0.0,0.0,0.6513944738085222,0.7288461538461544
2023-12-09,0.0,0.0,0.0,0.6452417268114528,0.7239010989010985
2023-12-09,0.0,0.0,0.0,0.6452417268114528,0.7239010989010985
2023-12-09,0.0,0.0,0.0,0.6452417268114528,0.7239010989010985
2023-12-09,0.0,0.0,0.0,0.6452417268114528,0.7239010989010985
2023-12-09,0.0,0.0,0.0,0.6452417268114528,0.7239010989010985
2023-12-09,0.0,0.0,0.0,0.6452417268114528,0.7239010989010985
2023-12-09,0.0,0.0,0.0,0.6452417268114528,0.7239010989010985
2023-12-09,0.0,0.0,0.0,0.6452417268114528,0.7239010989010985
2023-12-09,0.0,0.0,0.0,0.6452417268114528,0.7239010989010985
2023-12-09,0.0,0.0,0.0,0.6452417268114528,0.7239010989010985
2023-12-10,0.0,0.0,0.0,0.6389926228140475,0.7186813186813197
2023-12-10,0.0,0.0,0.0,0.6389926228140475,0.7186813186813197
2023-12-10,0.0,0.0,0.0,0.6389926228140475,0.7186813186813197
2023-12-10,0.0,0.0,0.0,0.6389926228140475,0.7186813186813197
2023-12-10,0.0,0.0,0.0,0.6389926228140475,0.7186813186813197
2023-12-10,0.0,0.0,0.0,0.6389926228140475,0.7186813186813197
2023-12-10,0.0,0.0,0.0,0.6389926228140475,0.7186813186813197
2023-12-10,0.0,0.0,0.0,0.6389926228140475,0.7186813186813197
2023-12-10,0.0,0.0,0.0,0.6389926228140475,0.7186813186813197
2023-12-10,0.0,0.0,0.0,0.6389926228140475,0.7186813186813197
2023-12-11,0.0,0.0,0.0,0.6327388184751623,0.7137362637362639
2023-12-11,0.0,0.0,0.0,0.6327388184751623,0.7137362637362639
2023-12-11,0.0,0.0,0.0,0.6327388184751623,0.7137362637362639
2023-12-11,0.0,0.0,0.0,0.6327388184751623,0.7137362637362639
2023-12-11,0.0,0.0,0.0,0.6327388184751623,0.7137362637362639
2023-12-11,0.0,0.0,0.0,0.6327388184751623,0.7137362637362639
2023-12-11,0.0,0.0,0.0,0.6327388184751623,0.7137362637362639
2023-12-11,0.0,0.0,0.0,0.6327388184751623,0.7137362637362639
2023-12-11,0.0,0.0,0.0,0.6327388184751623,0.7137362637362639
2023-12-11,0.0,0.0,0.0,0.6327388184751623,0.7137362637362639
2023-12-12,0.0,0.0,0.0,0.6264873643070168,0.7085164835164832
2023-12-12,0.0,0.0,0.0,0.6264873643070168,0.7085164835164832
2023-12-12,0.0,0.0,0.0,0.6264873643070168,0.7085164835164832
2023-12-12,0.0,0.0,0.0,0.6264873643070168,0.7085164835164832
2023-12-12,0.0,0.0,0.0,0.6264873643070168,0.7085164835164832
2023-12-12,0.0,0.0,0.0,0.6264873643070168,0.7085164835164832
2023-12-12,0.0,0.0,0.0,0.6264873643070168,0.7085164835164832
2023-12-12,0.0,0.0,0.0,0.6264873643070168,0.7085164835164832
2023-12-12,0.0,0.0,0.0,0.6264873643070168,0.7085164835164832
2023-12-12,0.0,0.0,0.0,0.6264873643070168,0.7085164835164832
2023-12-13,0.0,0.0,0.0,0.620644839847615,0.703846153846154
2023-12-13,0.0,0.0,0.0,0.620644839847615,0.703846153846154
2023-12-13,0.0,0.0,0.0,0.620644839847615,0.703846153846154
2023-12-13,0.0,0.0,0.0,0.620644839847615,0.703846153846154
2023-12-13,0.0009545293194907992,0.0,0.0,0.620644839847615,0.703846153846154
2023-12-13,0.0,0.0,0.0,0.620644839847615,0.703846153846154
2023-12-13,0.00011616025464421316,0.0,0.0,0.620644839847615,0.703846153846154
2023-12-13,0.0,0.0,0.0,0.620644839847615,0.703846153846154
2023-12-13,0.0,0.0,0.0,0.620644839847615,0.703846153846154
2023-12-13,0.0,0.0,0.0,0.620644839847615,0.703846153846154
2023-12-14,0.0,0.0,0.0,0.6139797556292463,0.6983516483516485
2023-12-14,0.0,0.0,0.0,0.6139797556292463,0.6983516483516485
2023-12-14,0.0,0.0,0.0,0.6139797556292463,0.6983516483516485
2023-12-14,0.0,0.0,0.0,0.6139797556292463,0.6983516483516485
2023-12-14,0.0,0.0,0.0,0.6139797556292463,0.6983516483516485
2023-12-14,0.0,0.0,0.0,0.6139797556292463,0.6983516483516485
2023-12-14,0.0,0.0,0.0,0.6139797556292463,0.6983516483516485
2023-12-14,0.0,0.0,0.0,0.6139797556292463,0.6983516483516485
2023-12-14,0.0,0.0,0.0,0.6139797556292463,0.6983516483516485
2023-12-14,0.0,0.0,0.0,0.6139797556292463,0.6983516483516485
2023-12-15,0.0,0.0,0.0,,
2023-12-15,0.0,0.0,0.0,,
2023-12-15,0.0,0.0,0.0,,
2023-12-15,0.0,0.0,0.0,,
2023-12-15,0.0,0.0,0.0,,
2023-12-15,0.0,0.0,0.0,,
2023-12-15,0.0,0.0,0.0,,
2023-12-15,0.0,0.0,0.0,,
2023-12-15,0.0,0.0,0.0,,
2023-12-15,0.0,0.0,0.0,,
2023-12-16,0.0,0.0,0.0,,
2023-12-16,0.0,0.0,0.0,,
2023-12-16,0.0,0.0,0.0,,
2023-12-16,0.0,0.0,0.0,,
2023-12-16,0.0,0.0,0.0,,
2023-12-16,0.0,0.0,0.0,,
2023-12-16,0.0,0.0,0.0,,
2023-12-16,0.0,0.0,0.0,,
2023-12-16,0.0,0.0,0.0,,
2023-12-16,0.0,0.0,0.0,,
2023-12-17,0.0,0.0,0.0,,
2023-12-17,0.0,0.0,0.0,,
2023-12-17,0.0,0.0,0.0,,
2023-12-17,0.0,0.0,0.0,,
2023-12-17,0.0,0.0,0.0,,
2023-12-17,0.0,0.0,0.0,,
2023-12-17,0.0,0.0,0.0,,
2023-12-17,0.0,0.0,0.0,,
2023-12-17,0.0,0.0,0.0,,
2023-12-17,0.0,0.0,0.0,,
2023-12-18,0.0,0.0,0.0,0.5894204713972471,0.6780219780219774
2023-12-18,0.0,0.0,0.0,0.5894204713972471,0.6780219780219774
2023-12-18,0.0,0.0,0.0,0.5894204713972471,0.6780219780219774
2023-12-18,0.0,0.0,0.0,0.5894204713972471,0.6780219780219774
2023-12-18,0.0,0.0,0.0,0.5894204713972471,0.6780219780219774
2023-12-18,0.0,0.0,0.0,0.5894204713972471,0.6780219780219774
2023-12-18,0.0,0.0,0.0,0.5894204713972471,0.6780219780219774
2023-12-18,0.0,0.0,0.0,0.5894204713972471,0.6780219780219774
2023-12-18,0.0,0.0,0.0,0.5894204713972471,0.6780219780219774
2023-12-18,0.0,0.0,0.0,0.5894204713972471,0.6780219780219774
2023-12-19,0.0,0.0,0.0,0.583653152401522,0.6728021978021985
2023-12-19,0.0,0.0,0.0,0.583653152401522,0.6728021978021985
2023-12-19,0.0,0.0,0.0,0.583653152401522,0.6728021978021985
2023-12-19,0.0,0.0,0.0,0.583653152401522,0.6728021978021985
2023-12-19,0.0,0.0,0.0,0.583653152401522,0.6728021978021985
2023-12-19,0.0,0.0,0.0,0.583653152401522,0.6728021978021985
2023-12-19,0.0,0.0,0.0,0.583653152401522,0.6728021978021985
2023-12-19,0.0,0.0,0.0,0.583653152401522,0.6728021978021985
2023-12-19,0.0,0.0,0.0,0.583653152401522,0.6728021978021985
2023-12-19,0.0,0.0,0.0,0.583653152401522,0.6728021978021985
2023-12-20,0.0,0.0,0.0,0.5773358934526593,0.6667582417582416
2023-12-20,0.0,0.0,0.0,0.5773358934526593,0.6667582417582416
2023-12-20,0.0,0.0,0.0,0.5773358934526593,0.6667582417582416
2023-12-20,0.0,0.0,0.0,0.5773358934526593,0.6667582417582416
2023-12-20,0.0,0.0,0.0,0.5773358934526593,0.6667582417582416
2023-12-20,0.0,0.0,0.0,0.5773358934526593,0.6667582417582416
2023-12-20,0.0,0.0,0.0,0.5773358934526593,0.6667582417582416
2023-12-20,0.0,0.0,0.0,0.5773358934526593,0.6667582417582416
2023-12-20,0.0,0.0,0.0,0.5773358934526593,0.6667582417582416
2023-12-20,0.0,0.0,0.0,0.5773358934526593,0.6667582417582416
2023-12-21,0.0,0.0,0.0,0.5709293280156804,0.6609890109890113
2023-12-21,0.0,0.0,0.0,0.5709293280156804,0.6609890109890113
2023-12-21,0.0,0.0,0.0,0.5709293280156804,0.6609890109890113
2023-12-21,0.0,0.0,0.0,0.5709293280156804,0.6609890109890113
2023-12-21,0.0,0.0,0.0,0.5709293280156804,0.6609890109890113
2023-12-21,0.0,0.0,0.0,0.5709293280156804,0.6609890109890113
2023-12-21,0.0,0.0,0.0,0.5709293280156804,0.6609890109890113
2023-12-21,0.0,0.0,0.0,0.5709293280156804,0.6609890109890113
2023-12-21,0.0,0.0,0.0,0.5709293280156804,0.6609890109890113
2023-12-21,0.0,0.0,0.0,0.5709293280156804,0.6609890109890113
2023-12-22,0.0,0.0,0.0,0.5648893892141265,0.6554945054945058
2023-12-22,0.0,0.0,0.0,0.5648893892141265,0.6554945054945058
2023-12-22,0.0,0.0,0.0,0.5648893892141265,0.6554945054945058
2023-12-22,0.0,0.0,0.0,0.5648893892141265,0.6554945054945058
2023-12-22,0.0,0.0,0.0,0.5648893892141265,0.6554945054945058
2023-12-22,0.0,0.0,0.0,0.5648893892141265,0.6554945054945058
2023-12-22,0.0,0.0,0.0,0.5648893892141265,0.6554945054945058
2023-12-22,0.0,0.0,0.0,0.5648893892141265,0.6554945054945058
2023-12-22,0.0,0.0,0.0,0.5648893892141265,0.6554945054945058
2023-12-22,0.0,0.0,0.0,0.5648893892141265,0.6554945054945058
2023-12-23,0.0,0.0,0.0,0.559030413559545,0.6502747252747252
2023-12-23,0.0,0.0,0.0,0.559030413559545,0.6502747252747252
2023-12-23,0.0,0.0,0.0,0.559030413559545,0.6502747252747252
2023-12-23,0.0,0.0,0.0,0.559030413559545,0.6502747252747252
2023-12-23,7.768947740635492e-07,0.0,0.0,0.559030413559545,0.6502747252747252
2023-12-23,9.768321529508281e-05,0.0,0.0,0.559030413559545,0.6502747252747252
2023-12-23,0.0,0.0,0.0,0.559030413559545,0.6502747252747252
2023-12-23,0.0,0.0,0.0,0.559030413559545,0.6502747252747252
2023-12-23,0.0,0.0,0.0,0.559030413559545,0.6502747252747252
2023-12-23,0.0,0.0,0.0,0.559030413559545,0.6502747252747252
2023-12-24,0.00038881854315237657,0.0,0.0,0.5530797812461075,0.6447802197802197
2023-12-24,0.0,0.0,0.0,0.5530797812461075,0.6447802197802197
2023-12-24,0.0,0.0,0.0,0.5530797812461075,0.6447802197802197
2023-12-24,0.0021406361067340834,0.0,0.0,0.5530797812461075,0.6447802197802197
2023-12-24,0.0,0.0,0.0,0.5530797812461075,0.6447802197802197
2023-12-24,0.004892750803478787,0.0,0.0,0.5530797812461075,0.6447802197802197
2023-12-24,0.0015164993289445681,0.0,0.0,0.5530797812461075,0.6447802197802197
2023-12-24,0.0,0.0,0.0,0.5530797812461075,0.6447802197802197
2023-12-24,0.0,0.0,0.0,0.5530797812461075,0.6447802197802197
2023-12-24,0.0,0.0,0.0,0.5530797812461075,0.6447802197802197
2023-12-25,0.0,0.0,0.0,0.5474041189092387,0.6395604395604408
2023-12-25,0.0,0.0,0.0,0.5474041189092387,0.6395604395604408
2023-12-25,0.0,0.0,0.0,0.5474041189092387,0.6395604395604408
2023-12-25,0.0,0.0,0.0,0.5474041189092387,0.6395604395604408
2023-12-25,0.0,0.0,0.0,0.5474041189092387,0.6395604395604408
2023-12-25,0.0,0.0,0.0,0.5474041189092387,0.6395604395604408
2023-12-25,0.0,0.0,0.0,0.5474041189092387,0.6395604395604408
2023-12-25,0.0,0.0,0.0,0.5474041189092387,0.6395604395604408
2023-12-25,0.0,0.0,0.0,0.5474041189092387,0.6395604395604408
2023-12-25,0.0,0.0,0.0,0.5474041189092387,0.6395604395604408
2023-12-26,0.0,0.0,0.0,0.5411808667899722,0.6337912087912088
2023-12-26,0.0,0.0,0.0,0.5411808667899722,0.6337912087912088
2023-12-26,0.0,0.0,0.0,0.5411808667899722,0.6337912087912088
2023-12-26,0.0,0.0,0.0,0.5411808667899722,0.6337912087912088
2023-12-26,0.0,0.0,0.0,0.5411808667899722,0.6337912087912088
2023-12-26,0.0,0.0,0.0,0.5411808667899722,0.6337912087912088
2023-12-26,0.0,0.0,0.0,0.5411808667899722,0.6337912087912088
2023-12-26,0.0,0.0,0.0,0.5411808667899722,0.6337912087912088
2023-12-26,0.0,0.0,0.0,0.5411808667899722,0.6337912087912088
2023-12-26,0.0,0.0,0.0,0.5411808667899722,0.6337912087912088
2023-12-27,0.0,0.0,0.0,0.5355851102582603,0.6285714285714281
2023-12-27,0.0,0.0,0.0,0.5355851102582603,0.6285714285714281
2023-12-27,0.0,0.0,0.0,0.5355851102582603,0.6285714285714281
2023-12-27,0.0,0.0,0.0,0.5355851102582603,0.6285714285714281
2023-12-27,0.0,0.0,0.0,0.5355851102582603,0.6285714285714281
2023-12-27,0.0,0.0,0.0,0.5355851102582603,0.6285714285714281
2023-12-27,0.0,0.0,0.0,0.5355851102582603,0.6285714285714281
2023-12-27,0.0,0.0,0.0,0.5355851102582603,0.6285714285714281
2023-12-27,0.0,0.0,0.0,0.5355851102582603,0.6285714285714281
2023-12-27,0.0,0.0,0.0,0.5355851102582603,0.6285714285714281
2023-12-28,0.0,0.0,0.0,0.5301045120928036,0.6236263736263723
2023-12-28,0.0,0.0,0.0,0.5301045120928036,0.6236263736263723
2023-12-28,0.0,0.0,0.0,0.5301045120928036,0.6236263736263723
2023-12-28,0.0,0.0,0.0,0.5301045120928036,0.6236263736263723
2023-12-28,0.0,0.0,0.0,0.5301045120928036,0.6236263736263723
2023-12-28,0.0,0.0,0.0,0.5301045120928036,0.6236263736263723
2023-12-28,0.0,0.0,0.0,0.5301045120928036,0.6236263736263723
2023-12-28,0.0,0.0,0.0,0.5301045120928036,0.6236263736263723
2023-12-28,0.0,0.0,0.0,0.5301045120928036,0.6236263736263723
2023-12-28,0.0,0.0,0.0,0.5301045120928036,0.6236263736263723
2023-12-29,0.0,0.0,0.0,0.5251621030267848,0.6192307692307697
2023-12-29,0.0,0.0,0.0,0.5251621030267848,0.6192307692307697
2023-12-29,0.0,0.0,0.0,0.5251621030267848,0.6192307692307697
2023-12-29,0.0,0.0,0.0,0.5251621030267848,0.6192307692307697
2023-12-29,0.0,0.0,0.0,0.5251621030267848,0.6192307692307697
2023-12-29,0.0,0.0,0.0,0.5251621030267848,0.6192307692307697
2023-12-29,0.0,0.0,0.0,0.5251621030267848,0.6192307692307697
2023-12-29,0.0,0.0,0.0,0.5251621030267848,0.6192307692307697
2023-12-29,0.0,0.0,0.0,0.5251621030267848,0.6192307692307697
2023-12-29,0.0,0.0,0.0,0.5251621030267848,0.6192307692307697
2023-12-30,0.0,0.0,0.0,0.5196697540076287,0.614010989010989
2023-12-30,0.0,0.0,0.0,0.5196697540076287,0.614010989010989
2023-12-30,0.0,0.0,0.0,0.5196697540076287,0.614010989010989
2023-12-30,0.0,0.0,0.0,0.5196697540076287,0.614010989010989
2023-12-30,0.0,0.0,0.0,0.5196697540076287,0.614010989010989
2023-12-30,0.0,0.0,0.0,0.5196697540076287,0.614010989010989
2023-12-30,0.0,0.0,0.0,0.5196697540076287,0.614010989010989
2023-12-30,0.0,0.0,0.0,0.5196697540076287,0.614010989010989
2023-12-30,0.0,0.0,0.0,0.5196697540076287,0.614010989010989
2023-12-30,0.0,0.0,0.0,0.5196697540076287,0.614010989010989
2023-12-31,0.0,0.0,0.0,0.5139964418414997,0.609065934065935
2023-12-31,0.0,0.0,0.0,0.5139964418414997,0.609065934065935
2023-12-31,0.0,0.0,0.0,0.5139964418414997,0.609065934065935
2023-12-31,0.0,0.0,0.0,0.5139964418414997,0.609065934065935
2023-12-31,0.0,0.0,0.0,0.5139964418414997,0.609065934065935
2023-12-31,0.0,0.0,0.0,0.5139964418414997,0.609065934065935
2023-12-31,0.0,0.0,0.0,0.5139964418414997,0.609065934065935
2023-12-31,0.0,0.0,0.0,0.5139964418414997,0.609065934065935
2023-12-31,0.0,0.0,0.0,0.5139964418414997,0.609065934065935
2023-12-31,0.0,0.0,0.0,0.5139964418414997,0.609065934065935
