Date,Avg_rainfall,Full_reservoir_level,Live_capacity_FRL,Storage,Level,Storage_shift,delta_storage,predicted_inflow,estimated_outflow
2022-01-06,0.3174580150726528,0.0,0.0,0.3931014594157609,0.4879518072289155,0.3931014594157609,0.0,0.0,0.0
2022-01-06,0.3901055887378782,0.0,0.0,0.3931014594157609,0.4879518072289155,0.3931014594157609,0.0,0.0,0.0
2022-01-06,0.0943250028573576,0.0,0.0,0.3931014594157609,0.4879518072289155,0.3931014594157609,0.0,0.0,0.0
2022-01-06,0.4364837647112041,0.0,0.0,0.3931014594157609,0.4879518072289155,0.3931014594157609,0.0,0.0,0.0
2022-01-06,0.1600412469102963,0.0,0.0,0.3931014594157609,0.4879518072289155,0.3931014594157609,0.0,0.0,0.0
2022-01-06,0.5750496177699731,0.0,0.0,0.3931014594157609,0.4879518072289155,0.3931014594157609,0.0,8.986020432766195e-05,8.986020432766195e-05
2022-01-06,0.5307294078622817,0.0,0.0,0.3931014594157609,0.4879518072289155,0.3931014594157609,0.0,0.0003148711960401482,0.0003148711960401482
2022-01-06,0.4014444726937834,0.0,0.0,0.3931014594157609,0.4879518072289155,0.3931014594157609,0.0,0.0,0.0
2022-01-06,0.1748941786264972,0.0,0.0,0.3931014594157609,0.4879518072289155,0.3931014594157609,0.0,0.0,0.0
2022-01-06,0.377349762799141,0.0,0.0,0.3931014594157609,0.4879518072289155,0.3931014594157609,0.0,0.0,0.0
2022-01-06,0.2266492478848141,0.0,0.0,0.3931014594157609,0.4879518072289155,0.3931014594157609,0.0,0.0,0.0
2022-01-07,0.0006897506772886,0.0,0.0,0.3931014594157609,0.4879518072289155,0.3931014594157609,0.0,0.0,0.0
2022-01-07,0.0050830046865733,0.0,0.0,0.3931014594157609,0.4879518072289155,0.3931014594157609,0.0,0.0,0.0
2022-01-07,0.0,0.0,0.0,0.3931014594157609,0.4879518072289155,0.3931014594157609,0.0,0.0,0.0
2022-01-07,0.0015069887730112,0.0,0.0,0.3931014594157609,0.4879518072289155,0.3931014594157609,0.0,0.0,0.0
2022-01-07,0.1892671836532277,0.0,0.0,0.3931014594157609,0.4879518072289155,0.3931014594157609,0.0,0.0,0.0
2022-01-07,0.0115162646579199,0.0,0.0,0.3931014594157609,0.4879518072289155,0.3931014594157609,0.0,0.0007675761028351469,0.0007675761028351469
2022-01-07,0.0127566947183823,0.0,0.0,0.3931014594157609,0.4879518072289155,0.3931014594157609,0.0,0.00019010934981065903,0.00019010934981065903
2022-01-07,0.0085947469169291,0.0,0.0,0.3931014594157609,0.4879518072289155,0.3931014594157609,0.0,0.0,0.0
2022-01-07,0.0,0.0,0.0,0.3931014594157609,0.4879518072289155,0.3931014594157609,0.0,0.0,0.0
2022-01-07,0.0066125159232701,0.0,0.0,0.3931014594157609,0.4879518072289155,0.3931014594157609,0.0,0.0,0.0
2022-01-07,0.0105049022296498,0.0,0.0,0.3931014594157609,0.4879518072289155,0.3931014594157609,0.0,0.0,0.0
2022-01-07,7.105704518770177e-05,0.0,0.0,0.3931014594157609,0.4879518072289155,0.3931014594157609,0.0,0.0,0.0
2022-01-08,0.0653794999113597,0.0,0.0,0.3931014594157609,0.4879518072289155,0.3931014594157609,0.0,0.0003923923166747778,0.0003923923166747778
2022-01-08,0.2559842892518223,0.0,0.0,0.3931014594157609,0.4879518072289155,0.3931014594157609,0.0,0.00026075178585780427,0.00026075178585780427
2022-01-08,0.0016495951684905,0.0,0.0,0.3931014594157609,0.4879518072289155,0.3931014594157609,0.0,0.0,0.0
2022-01-08,0.0536893342462459,0.0,0.0,0.3931014594157609,0.4879518072289155,0.3931014594157609,0.0,0.00013000950251272842,0.00013000950251272842
2022-01-08,0.1919887779064823,0.0,0.0,0.3931014594157609,0.4879518072289155,0.3931014594157609,0.0,0.0,0.0
2022-01-08,0.0625383952943457,0.0,0.0,0.3931014594157609,0.4879518072289155,0.3931014594157609,0.0,0.0004940361095483647,0.0004940361095483647
2022-01-08,0.2961141276121307,0.0,0.0,0.3931014594157609,0.4879518072289155,0.3931014594157609,0.0,0.0,0.0
2022-01-08,0.178034313027079,0.0,0.0,0.3931014594157609,0.4879518072289155,0.3931014594157609,0.0,0.0002758210691035967,0.0002758210691035967
2022-01-08,0.2850247630853956,0.0,0.0,0.3931014594157609,0.4879518072289155,0.3931014594157609,0.0,0.0,0.0
2022-01-08,0.2724455126951543,0.0,0.0,0.3931014594157609,0.4879518072289155,0.3931014594157609,0.0,0.0,0.0
2022-01-08,0.0485600292549172,0.0,0.0,0.3931014594157609,0.4879518072289155,0.3931014594157609,0.0,0.0010511386468610997,0.0010511386468610997
2022-01-08,0.2652699167613264,0.0,0.0,0.3931014594157609,0.4879518072289155,0.3931014594157609,0.0,0.0,0.0
2022-01-09,0.1731449003794268,0.0,0.0,0.3931014594157609,0.4879518072289155,0.3931014594157609,0.0,0.0,0.0
2022-01-09,0.2018207907100932,0.0,0.0,0.3931014594157609,0.4879518072289155,0.3931014594157609,0.0,0.0,0.0
2022-01-09,0.5376852550150562,0.0,0.0,0.3931014594157609,0.4879518072289155,0.3931014594157609,0.0,0.0003148711960401482,0.0003148711960401482
2022-01-09,0.3789448549100563,0.0,0.0,0.3931014594157609,0.4879518072289155,0.3931014594157609,0.0,0.0,0.0
2022-01-09,0.4870661728185673,0.0,0.0,0.3931014594157609,0.4879518072289155,0.3931014594157609,0.0,0.0005909522841487699,0.0005909522841487699
2022-01-09,0.1829247291698085,0.0,0.0,0.3931014594157609,0.4879518072289155,0.3931014594157609,0.0,0.0,0.0
2022-01-09,0.1876604966357498,0.0,0.0,0.3931014594157609,0.4879518072289155,0.3931014594157609,0.0,0.0,0.0
2022-01-09,0.4506317686182623,0.0,0.0,0.3931014594157609,0.4879518072289155,0.3931014594157609,0.0,0.0,0.0
2022-01-09,0.40601668117784,0.0,0.0,0.3931014594157609,0.4879518072289155,0.3931014594157609,0.0,0.00043039054854554504,0.00043039054854554504
2022-01-09,0.3896896286822912,0.0,0.0,0.3931014594157609,0.4879518072289155,0.3931014594157609,0.0,0.0,0.0
2022-01-09,0.1761314751979405,0.0,0.0,0.3931014594157609,0.4879518072289155,0.3931014594157609,0.0,0.0,0.0
2022-01-09,0.3446574105260699,0.0,0.0,0.3931014594157609,0.4879518072289155,0.3931014594157609,0.0,0.0,0.0
2022-01-10,0.4134651987772303,0.0,0.0,0.3931014594157609,0.4879518072289155,0.3931014594157609,0.0,0.0006886248776728721,0.0006886248776728721
2022-01-10,0.4915910102837492,0.0,0.0,0.3931014594157609,0.4879518072289155,0.3931014594157609,0.0,0.00011819045682975399,0.00011819045682975399
2022-01-10,0.279822397260832,0.0,0.0,0.3931014594157609,0.4879518072289155,0.3931014594157609,0.0,0.0,0.0
2022-01-10,0.1995413230247676,0.0,0.0,0.3931014594157609,0.4879518072289155,0.3931014594157609,0.0,0.0,0.0
2022-01-10,0.6630474806512162,0.0,0.0,0.3931014594157609,0.4879518072289155,0.3931014594157609,0.0,0.0,0.0
2022-01-10,0.4653752172565897,0.0,0.0,0.3931014594157609,0.4879518072289155,0.3931014594157609,0.0,0.00011819045682975399,0.00011819045682975399
2022-01-10,0.2730108476574832,0.0,0.0,0.3931014594157609,0.4879518072289155,0.3931014594157609,0.0,0.0,0.0
2022-01-10,0.3671205465992503,0.0,0.0,0.3931014594157609,0.4879518072289155,0.3931014594157609,0.0,0.0,0.0
2022-01-10,0.1281022173832098,0.0,0.0,0.3931014594157609,0.4879518072289155,0.3931014594157609,0.0,0.0010270159746221413,0.0010270159746221413
2022-01-10,0.5730770168622076,0.0,0.0,0.3931014594157609,0.4879518072289155,0.3931014594157609,0.0,8.986020432766195e-05,8.986020432766195e-05
2022-01-10,0.0818053983739291,0.0,0.0,0.3931014594157609,0.4879518072289155,0.3931014594157609,0.0,0.0,0.0
2022-01-10,0.2654372786869926,0.0,0.0,0.3931014594157609,0.4879518072289155,0.3931014594157609,0.0,0.0,0.0
2022-01-11,0.0,0.0,0.0,0.3931014594157609,0.4879518072289155,0.3931014594157609,0.0,0.0,0.0
2022-01-11,0.0008311187396717,0.0,0.0,0.3931014594157609,0.4879518072289155,0.3931014594157609,0.0,0.0,0.0
2022-01-11,0.0,0.0,0.0,0.3931014594157609,0.4879518072289155,0.3931014594157609,0.0,0.0,0.0
2022-01-11,0.0038979962598835,0.0,0.0,0.3931014594157609,0.4879518072289155,0.3931014594157609,0.0,0.0,0.0
2022-01-11,0.0,0.0,0.0,0.3931014594157609,0.4879518072289155,0.3931014594157609,0.0,0.0,0.0
2022-01-11,0.0099945970967781,0.0,0.0,0.3931014594157609,0.4879518072289155,0.3931014594157609,0.0,0.0,0.0
2022-01-11,0.0028461110363052,0.0,0.0,0.3931014594157609,0.4879518072289155,0.3931014594157609,0.0,0.0,0.0
2022-01-11,0.0,0.0,0.0,0.3931014594157609,0.4879518072289155,0.3931014594157609,0.0,0.0,0.0
2022-01-11,0.0863998645931144,0.0,0.0,0.3931014594157609,0.4879518072289155,0.3931014594157609,0.0,0.0,0.0
2022-01-11,0.0339158130048555,0.0,0.0,0.3931014594157609,0.4879518072289155,0.3931014594157609,0.0,9.455236546380307e-05,9.455236546380307e-05
2022-01-11,0.0187843939317895,0.0,0.0,0.3931014594157609,0.4879518072289155,0.3931014594157609,0.0,0.00176440623478298,0.00176440623478298
2022-01-11,0.0006844734656072,0.0,0.0,0.3931014594157609,0.4879518072289155,0.3931014594157609,0.0,0.0,0.0
2022-01-12,0.0,0.0,0.0,0.3931014594157609,0.4879518072289155,0.3931014594157609,0.0,0.0,0.0
2022-01-12,0.0,0.0,0.0,0.3931014594157609,0.4879518072289155,0.3931014594157609,0.0,0.0,0.0
2022-01-12,0.0,0.0,0.0,0.3931014594157609,0.4879518072289155,0.3931014594157609,0.0,0.0,0.0
2022-01-12,0.0011413645095566,0.0,0.0,0.3931014594157609,0.4879518072289155,0.3931014594157609,0.0,0.0,0.0
2022-01-12,0.0,0.0,0.0,0.3931014594157609,0.4879518072289155,0.3931014594157609,0.0,0.0,0.0
2022-01-12,0.0135351670680793,0.0,0.0,0.3931014594157609,0.4879518072289155,0.3931014594157609,0.0,0.00019010934981065903,0.00019010934981065903
2022-01-12,0.1401916681295864,0.0,0.0,0.3931014594157609,0.4879518072289155,0.3931014594157609,0.0,0.00014655616646889414,0.00014655616646889414
2022-01-12,1.0494352332100285e-05,0.0,0.0,0.3931014594157609,0.4879518072289155,0.3931014594157609,0.0,0.004107094736742573,0.004107094736742573
2022-01-12,0.096730809173568,0.0,0.0,0.3931014594157609,0.4879518072289155,0.3931014594157609,0.0,0.0,0.0
2022-01-12,0.0,0.0,0.0,0.3931014594157609,0.4879518072289155,0.3931014594157609,0.0,0.0,0.0
2022-01-12,0.0759551189811953,0.0,0.0,0.3931014594157609,0.4879518072289155,0.3931014594157609,0.0,0.0,0.0
2022-01-12,0.0043374531148851,0.0,0.0,0.3931014594157609,0.4879518072289155,0.3931014594157609,0.0,0.0,0.0
2022-01-13,3.454241848966447e-07,0.0,0.0,0.493799728634711,0.4748083242059131,0.3931014594157609,0.10069826921895009,0.0669643490306019,0.033733920188348185
2022-01-13,0.0,0.0,0.0,0.493799728634711,0.4748083242059131,0.493799728634711,0.0,0.0,0.0
2022-01-13,0.0,0.0,0.0,0.493799728634711,0.4748083242059131,0.493799728634711,0.0,0.0,0.0
2022-01-13,0.0,0.0,0.0,0.493799728634711,0.4748083242059131,0.493799728634711,0.0,0.0,0.0
2022-01-13,0.0,0.0,0.0,0.493799728634711,0.4748083242059131,0.493799728634711,0.0,0.0,0.0
2022-01-13,0.0,0.0,0.0,0.493799728634711,0.4748083242059131,0.493799728634711,0.0,0.0,0.0
2022-01-13,0.0,0.0,0.0,0.493799728634711,0.4748083242059131,0.493799728634711,0.0,0.0,0.0
2022-01-13,0.0,0.0,0.0,0.493799728634711,0.4748083242059131,0.493799728634711,0.0,0.0,0.0
2022-01-13,0.0003806958770449,0.0,0.0,0.493799728634711,0.4748083242059131,0.493799728634711,0.0,0.005034913460947504,0.005034913460947504
2022-01-13,3.013006576288251e-07,0.0,0.0,0.493799728634711,0.4748083242059131,0.493799728634711,0.0,0.022657110574263773,0.022657110574263773
2022-01-13,0.0,0.0,0.0,0.493799728634711,0.4748083242059131,0.493799728634711,0.0,0.0,0.0
2022-01-13,0.0,0.0,0.0,0.493799728634711,0.4748083242059131,0.493799728634711,0.0,0.0,0.0
2022-01-14,0.0,0.0,0.0,0.493799728634711,0.4748083242059131,0.493799728634711,0.0,0.0,0.0
2022-01-14,0.0,0.0,0.0,0.493799728634711,0.4748083242059131,0.493799728634711,0.0,0.0,0.0
2022-01-14,0.0,0.0,0.0,0.493799728634711,0.4748083242059131,0.493799728634711,0.0,0.0,0.0
2022-01-14,0.0,0.0,0.0,0.493799728634711,0.4748083242059131,0.493799728634711,0.0,0.0,0.0
2022-01-14,0.0,0.0,0.0,0.493799728634711,0.4748083242059131,0.493799728634711,0.0,0.0,0.0
2022-01-14,0.0,0.0,0.0,0.493799728634711,0.4748083242059131,0.493799728634711,0.0,0.0,0.0
2022-01-14,0.0,0.0,0.0,0.493799728634711,0.4748083242059131,0.493799728634711,0.0,0.0,0.0
2022-01-14,0.0,0.0,0.0,0.493799728634711,0.4748083242059131,0.493799728634711,0.0,0.0,0.0
2022-01-14,0.0,0.0,0.0,0.493799728634711,0.4748083242059131,0.493799728634711,0.0,0.0,0.0
2022-01-14,0.0,0.0,0.0,0.493799728634711,0.4748083242059131,0.493799728634711,0.0,0.0,0.0
2022-01-14,0.0,0.0,0.0,0.493799728634711,0.4748083242059131,0.493799728634711,0.0,0.0,0.0
2022-01-14,0.0,0.0,0.0,0.493799728634711,0.4748083242059131,0.493799728634711,0.0,0.0,0.0
2022-01-15,0.0,0.0,0.0,0.493799728634711,0.4748083242059131,0.493799728634711,0.0,0.0,0.0
2022-01-15,0.0,0.0,0.0,0.493799728634711,0.4748083242059131,0.493799728634711,0.0,0.0,0.0
2022-01-15,0.0,0.0,0.0,0.493799728634711,0.4748083242059131,0.493799728634711,0.0,0.0,0.0
2022-01-15,0.0,0.0,0.0,0.493799728634711,0.4748083242059131,0.493799728634711,0.0,0.0,0.0
2022-01-15,0.0,0.0,0.0,0.493799728634711,0.4748083242059131,0.493799728634711,0.0,0.0,0.0
2022-01-15,0.0,0.0,0.0,0.493799728634711,0.4748083242059131,0.493799728634711,0.0,0.0,0.0
2022-01-15,0.0,0.0,0.0,0.493799728634711,0.4748083242059131,0.493799728634711,0.0,0.0,0.0
2022-01-15,0.0,0.0,0.0,0.493799728634711,0.4748083242059131,0.493799728634711,0.0,0.0,0.0
2022-01-15,0.0,0.0,0.0,0.493799728634711,0.4748083242059131,0.493799728634711,0.0,0.0,0.0
2022-01-15,0.0,0.0,0.0,0.493799728634711,0.4748083242059131,0.493799728634711,0.0,0.0,0.0
2022-01-15,0.0,0.0,0.0,0.493799728634711,0.4748083242059131,0.493799728634711,0.0,0.0,0.0
2022-01-15,0.0,0.0,0.0,0.493799728634711,0.4748083242059131,0.493799728634711,0.0,0.0,0.0
2022-01-16,0.0,0.0,0.0,0.493799728634711,0.4748083242059131,0.493799728634711,0.0,0.0,0.0
2022-01-16,0.0,0.0,0.0,0.493799728634711,0.4748083242059131,0.493799728634711,0.0,0.0,0.0
2022-01-16,0.0,0.0,0.0,0.493799728634711,0.4748083242059131,0.493799728634711,0.0,0.0,0.0
2022-01-16,0.0,0.0,0.0,0.493799728634711,0.4748083242059131,0.493799728634711,0.0,0.0,0.0
2022-01-16,0.0,0.0,0.0,0.493799728634711,0.4748083242059131,0.493799728634711,0.0,0.0,0.0
2022-01-16,0.0,0.0,0.0,0.493799728634711,0.4748083242059131,0.493799728634711,0.0,0.0,0.0
2022-01-16,0.0,0.0,0.0,0.493799728634711,0.4748083242059131,0.493799728634711,0.0,0.0,0.0
2022-01-16,0.0,0.0,0.0,0.493799728634711,0.4748083242059131,0.493799728634711,0.0,0.0,0.0
2022-01-16,0.0,0.0,0.0,0.493799728634711,0.4748083242059131,0.493799728634711,0.0,0.0,0.0
2022-01-16,0.0,0.0,0.0,0.493799728634711,0.4748083242059131,0.493799728634711,0.0,0.0,0.0
2022-01-16,0.0,0.0,0.0,0.493799728634711,0.4748083242059131,0.493799728634711,0.0,0.0,0.0
2022-01-16,0.0,0.0,0.0,0.493799728634711,0.4748083242059131,0.493799728634711,0.0,0.0,0.0
2022-01-17,0.0,0.0,0.0,0.493799728634711,0.4748083242059131,0.493799728634711,0.0,0.0,0.0
2022-01-17,0.0,0.0,0.0,0.493799728634711,0.4748083242059131,0.493799728634711,0.0,0.0,0.0
2022-01-17,0.0,0.0,0.0,0.493799728634711,0.4748083242059131,0.493799728634711,0.0,0.0,0.0
2022-01-17,0.0,0.0,0.0,0.493799728634711,0.4748083242059131,0.493799728634711,0.0,0.0,0.0
2022-01-17,0.0,0.0,0.0,0.493799728634711,0.4748083242059131,0.493799728634711,0.0,0.0,0.0
2022-01-17,0.0,0.0,0.0,0.493799728634711,0.4748083242059131,0.493799728634711,0.0,0.0,0.0
2022-01-17,0.0,0.0,0.0,0.493799728634711,0.4748083242059131,0.493799728634711,0.0,0.0,0.0
2022-01-17,0.0,0.0,0.0,0.493799728634711,0.4748083242059131,0.493799728634711,0.0,0.0,0.0
2022-01-17,0.0,0.0,0.0,0.493799728634711,0.4748083242059131,0.493799728634711,0.0,0.0,0.0
2022-01-17,0.0,0.0,0.0,0.493799728634711,0.4748083242059131,0.493799728634711,0.0,0.0,0.0
2022-01-17,0.0,0.0,0.0,0.493799728634711,0.4748083242059131,0.493799728634711,0.0,0.0,0.0
2022-01-17,0.0,0.0,0.0,0.493799728634711,0.4748083242059131,0.493799728634711,0.0,0.0,0.0
2022-01-18,0.0008317289428403,0.0,0.0,0.493799728634711,0.4748083242059131,0.493799728634711,0.0,0.0010069826921895008,0.0010069826921895008
2022-01-18,0.0,0.0,0.0,0.493799728634711,0.4748083242059131,0.493799728634711,0.0,0.0,0.0
2022-01-18,0.0,0.0,0.0,0.493799728634711,0.4748083242059131,0.493799728634711,0.0,0.0,0.0
2022-01-18,0.006719642464406,0.0,0.0,0.493799728634711,0.4748083242059131,0.493799728634711,0.0,0.0,0.0
2022-01-18,0.0,0.0,0.0,0.493799728634711,0.4748083242059131,0.493799728634711,0.0,0.0,0.0
2022-01-18,0.0,0.0,0.0,0.493799728634711,0.4748083242059131,0.493799728634711,0.0,0.0,0.0
2022-01-18,0.0,0.0,0.0,0.493799728634711,0.4748083242059131,0.493799728634711,0.0,0.0,0.0
2022-01-18,0.0,0.0,0.0,0.493799728634711,0.4748083242059131,0.493799728634711,0.0,0.0,0.0
2022-01-18,0.0,0.0,0.0,0.493799728634711,0.4748083242059131,0.493799728634711,0.0,0.0,0.0
2022-01-18,0.0010189012102516,0.0,0.0,0.493799728634711,0.4748083242059131,0.493799728634711,0.0,0.0010069826921895008,0.0010069826921895008
2022-01-18,0.0,0.0,0.0,0.493799728634711,0.4748083242059131,0.493799728634711,0.0,0.0,0.0
2022-01-18,0.0023429413459489,0.0,0.0,0.493799728634711,0.4748083242059131,0.493799728634711,0.0,0.0,0.0
2022-01-19,0.0,0.0,0.0,0.493799728634711,0.4748083242059131,0.493799728634711,0.0,0.0,0.0
2022-01-19,0.0,0.0,0.0,0.493799728634711,0.4748083242059131,0.493799728634711,0.0,0.0,0.0
2022-01-19,0.0,0.0,0.0,0.493799728634711,0.4748083242059131,0.493799728634711,0.0,0.0,0.0
2022-01-19,0.0,0.0,0.0,0.493799728634711,0.4748083242059131,0.493799728634711,0.0,0.0,0.0
2022-01-19,0.0,0.0,0.0,0.493799728634711,0.4748083242059131,0.493799728634711,0.0,0.0,0.0
2022-01-19,0.0,0.0,0.0,0.493799728634711,0.4748083242059131,0.493799728634711,0.0,0.0,0.0
2022-01-19,0.0,0.0,0.0,0.493799728634711,0.4748083242059131,0.493799728634711,0.0,0.0,0.0
2022-01-19,3.8151407852120194e-05,0.0,0.0,0.493799728634711,0.4748083242059131,0.493799728634711,0.0,0.014586758886740445,0.014586758886740445
2022-01-19,0.0,0.0,0.0,0.493799728634711,0.4748083242059131,0.493799728634711,0.0,0.0,0.0
2022-01-19,0.0,0.0,0.0,0.493799728634711,0.4748083242059131,0.493799728634711,0.0,0.0,0.0
2022-01-19,0.0,0.0,0.0,0.493799728634711,0.4748083242059131,0.493799728634711,0.0,0.0,0.0
2022-01-19,0.0,0.0,0.0,0.493799728634711,0.4748083242059131,0.493799728634711,0.0,0.0,0.0
2022-01-20,0.0701275187915225,0.0,0.0,0.490963157670797,0.4575575027382257,0.493799728634711,-0.002836570963913987,0.0,0.002836570963913987
2022-01-20,0.0389263840804375,0.0,0.0,0.490963157670797,0.4575575027382257,0.490963157670797,0.0,2.711289079674644e-05,2.711289079674644e-05
2022-01-20,0.0174215698711733,0.0,0.0,0.490963157670797,0.4575575027382257,0.490963157670797,0.0,0.00019010934981065903,0.00019010934981065903
2022-01-20,0.0040150055256233,0.0,0.0,0.490963157670797,0.4575575027382257,0.490963157670797,0.0,0.0,0.0
2022-01-20,0.0094247741035698,0.0,0.0,0.490963157670797,0.4575575027382257,0.490963157670797,0.0,0.0,0.0
2022-01-20,0.0223026998393876,0.0,0.0,0.490963157670797,0.4575575027382257,0.490963157670797,0.0,0.0005881748084132697,0.0005881748084132697
2022-01-20,0.0382825760551988,0.0,0.0,0.490963157670797,0.4575575027382257,0.490963157670797,0.0,0.0,0.0
2022-01-20,0.010525319257288,0.0,0.0,0.490963157670797,0.4575575027382257,0.490963157670797,0.0,0.0,0.0
2022-01-20,0.0458130150594019,0.0,0.0,0.490963157670797,0.4575575027382257,0.490963157670797,0.0,0.0004706580371874498,0.0004706580371874498
2022-01-20,0.0219991695694991,0.0,0.0,0.490963157670797,0.4575575027382257,0.490963157670797,0.0,0.0005058551552313462,0.0005058551552313462
2022-01-20,0.0649226059678642,0.0,0.0,0.490963157670797,0.4575575027382257,0.490963157670797,0.0,6.145903755147453e-05,6.145903755147453e-05
2022-01-20,0.0674342571249904,0.0,0.0,0.490963157670797,0.4575575027382257,0.490963157670797,0.0,0.0,0.0
2022-01-21,7.184516702503749e-05,0.0,0.0,0.3621355597263654,0.4556407447973711,0.490963157670797,-0.1288275979444316,0.0,0.1288275979444316
2022-01-21,0.000892183810402,0.0,0.0,0.3621355597263654,0.4556407447973711,0.3621355597263654,0.0,0.0,0.0
2022-01-21,0.0024657825947818,0.0,0.0,0.3621355597263654,0.4556407447973711,0.3621355597263654,0.0,0.0,0.0
2022-01-21,0.0012621739708126,0.0,0.0,0.3621355597263654,0.4556407447973711,0.3621355597263654,0.0,0.0,0.0
2022-01-21,0.0010567900452963,0.0,0.0,0.3621355597263654,0.4556407447973711,0.3621355597263654,0.0,0.0,0.0
2022-01-21,0.0010623163027723,0.0,0.0,0.3621355597263654,0.4556407447973711,0.3621355597263654,0.0,0.0,0.0
2022-01-21,0.0033819320107723,0.0,0.0,0.3621355597263654,0.4556407447973711,0.3621355597263654,0.0,0.0,0.0
2022-01-21,0.0095587386919193,0.0,0.0,0.3621355597263654,0.4556407447973711,0.3621355597263654,0.0,0.0,0.0
2022-01-21,0.0074011789167577,0.0,0.0,0.3621355597263654,0.4556407447973711,0.3621355597263654,0.0,0.0,0.0
2022-01-21,0.0017994468866748,0.0,0.0,0.3621355597263654,0.4556407447973711,0.3621355597263654,0.0,0.0,0.0
2022-01-21,0.0015614656968516,0.0,0.0,0.3621355597263654,0.4556407447973711,0.3621355597263654,0.0,0.0,0.0
2022-01-21,0.0030134251194611,0.0,0.0,0.3621355597263654,0.4556407447973711,0.3621355597263654,0.0,0.0,0.0
2022-01-22,0.0252361463633685,0.0,0.0,0.3604808933307488,0.4539978094194961,0.3621355597263654,-0.0016546663956166219,0.0,0.0016546663956166219
2022-01-22,0.0318993198275319,0.0,0.0,0.3604808933307488,0.4539978094194961,0.3604808933307488,0.0,0.0,0.0
2022-01-22,0.0155386283490176,0.0,0.0,0.3604808933307488,0.4539978094194961,0.3604808933307488,0.0,0.0,0.0
2022-01-22,0.0,0.0,0.0,0.3604808933307488,0.4539978094194961,0.3604808933307488,0.0,0.0,0.0
2022-01-22,0.0047282805984412,0.0,0.0,0.3604808933307488,0.4539978094194961,0.3604808933307488,0.0,0.0,0.0
2022-01-22,0.0089359082270026,0.0,0.0,0.3604808933307488,0.4539978094194961,0.3604808933307488,0.0,0.0,0.0
2022-01-22,0.0064633469725467,0.0,0.0,0.3604808933307488,0.4539978094194961,0.3604808933307488,0.0,1.8697730270464397e-05,1.8697730270464397e-05
2022-01-22,0.0413313555669052,0.0,0.0,0.3604808933307488,0.4539978094194961,0.3604808933307488,0.0,0.0,0.0
2022-01-22,0.0363935824491893,0.0,0.0,0.3604808933307488,0.4539978094194961,0.3604808933307488,0.0,0.0,0.0
2022-01-22,0.0086514363961342,0.0,0.0,0.3604808933307488,0.4539978094194961,0.3604808933307488,0.0,0.0,0.0
2022-01-22,0.0290316386393269,0.0,0.0,0.3604808933307488,0.4539978094194961,0.3604808933307488,0.0,0.0,0.0
2022-01-22,0.0406553130483942,0.0,0.0,0.3604808933307488,0.4539978094194961,0.3604808933307488,0.0,0.0,0.0
2022-01-23,0.275288452699622,0.0,0.0,0.3590626078487918,0.4526286966045987,0.3604808933307488,-0.0014182854819569934,0.0,0.0014182854819569934
2022-01-23,0.1026913937411287,0.0,0.0,0.3590626078487918,0.4526286966045987,0.3590626078487918,0.0,4.727618273189238e-06,4.727618273189238e-06
2022-01-23,0.4099780932208859,0.0,0.0,0.3590626078487918,0.4526286966045987,0.3590626078487918,0.0,0.0013630669005261743,0.0013630669005261743
2022-01-23,0.3646387309392189,0.0,0.0,0.3590626078487918,0.4526286966045987,0.3590626078487918,0.0,0.0,0.0
2022-01-23,0.3671119161633839,0.0,0.0,0.3590626078487918,0.4526286966045987,0.3590626078487918,0.0,0.0,0.0
2022-01-23,0.0842333977149637,0.0,0.0,0.3590626078487918,0.4526286966045987,0.3590626078487918,0.0,3.900285075381038e-05,3.900285075381038e-05
2022-01-23,0.1432239832874742,0.0,0.0,0.3590626078487918,0.4526286966045987,0.3590626078487918,0.0,0.0,0.0
2022-01-23,0.1793519149224186,0.0,0.0,0.3590626078487918,0.4526286966045987,0.3590626078487918,0.0,0.0,0.0
2022-01-23,0.2907936541989866,0.0,0.0,0.3590626078487918,0.4526286966045987,0.3590626078487918,0.0,0.0,0.0
2022-01-23,0.3421425705490214,0.0,0.0,0.3590626078487918,0.4526286966045987,0.3590626078487918,0.0,0.0,0.0
2022-01-23,0.2417232765449275,0.0,0.0,0.3590626078487918,0.4526286966045987,0.3590626078487918,0.0,0.0,0.0
2022-01-23,0.1737208979812208,0.0,0.0,0.3590626078487918,0.4526286966045987,0.3590626078487918,0.0,0.0,0.0
2022-01-24,0.0888171701434736,0.0,0.0,0.3595353696761107,0.4531763417305594,0.3590626078487918,0.0004727618273189238,0.0002954761420743274,0.00017728568524459642
2022-01-24,0.3698893946288644,0.0,0.0,0.3595353696761107,0.4531763417305594,0.3595353696761107,0.0,0.0,0.0
2022-01-24,0.2374475718607495,0.0,0.0,0.3595353696761107,0.4531763417305594,0.3595353696761107,0.0,0.0,0.0
2022-01-24,0.3416578917556642,0.0,0.0,0.3595353696761107,0.4531763417305594,0.3595353696761107,0.0,0.0,0.0
2022-01-24,0.3436078841462593,0.0,0.0,0.3595353696761107,0.4531763417305594,0.3595353696761107,0.0,0.0,0.0
2022-01-24,0.375107153639285,0.0,0.0,0.3595353696761107,0.4531763417305594,0.3595353696761107,0.0,0.0,0.0
2022-01-24,0.3425049954029071,0.0,0.0,0.3595353696761107,0.4531763417305594,0.3595353696761107,0.0,0.0,0.0
2022-01-24,0.1723182929930703,0.0,0.0,0.3595353696761107,0.4531763417305594,0.3595353696761107,0.0,0.0,0.0
2022-01-24,0.2920728934608456,0.0,0.0,0.3595353696761107,0.4531763417305594,0.3595353696761107,0.0,0.0,0.0
2022-01-24,0.211410861354838,0.0,0.0,0.3595353696761107,0.4531763417305594,0.3595353696761107,0.0,0.0,0.0
2022-01-24,0.2873238275419875,0.0,0.0,0.3595353696761107,0.4531763417305594,0.3595353696761107,0.0,0.0,0.0
2022-01-24,0.2466139585634256,0.0,0.0,0.3595353696761107,0.4531763417305594,0.3595353696761107,0.0,0.0,0.0
2022-01-25,0.0381982594866521,0.0,0.0,0.3592989887624513,0.4526286966045987,0.3595353696761107,-0.0002363809136594064,0.0,0.0002363809136594064
2022-01-25,0.0341321601393046,0.0,0.0,0.3592989887624513,0.4526286966045987,0.3592989887624513,0.0,0.0023656529077216203,0.0023656529077216203
2022-01-25,0.0172546404947482,0.0,0.0,0.3592989887624513,0.4526286966045987,0.3592989887624513,0.0,0.0,0.0
2022-01-25,0.0141735801096389,0.0,0.0,0.3592989887624513,0.4526286966045987,0.3592989887624513,0.0,0.0,0.0
2022-01-25,0.0292106368216042,0.0,0.0,0.3592989887624513,0.4526286966045987,0.3592989887624513,0.0,0.0,0.0
2022-01-25,0.0292783606620816,0.0,0.0,0.3592989887624513,0.4526286966045987,0.3592989887624513,0.0,0.0,0.0
2022-01-25,0.0138398743519678,0.0,0.0,0.3592989887624513,0.4526286966045987,0.3592989887624513,0.0,0.0,0.0
2022-01-25,0.0251877172497032,0.0,0.0,0.3592989887624513,0.4526286966045987,0.3592989887624513,0.0,0.0,0.0
2022-01-25,0.026144269987097,0.0,0.0,0.3592989887624513,0.4526286966045987,0.3592989887624513,0.0,3.8128241373274996e-05,3.8128241373274996e-05
2022-01-25,0.0303063065903005,0.0,0.0,0.3592989887624513,0.4526286966045987,0.3592989887624513,0.0,0.0,0.0
2022-01-25,0.0111373217707931,0.0,0.0,0.3592989887624513,0.4526286966045987,0.3592989887624513,0.0,0.0,0.0
2022-01-25,0.0354546182574486,0.0,0.0,0.3592989887624513,0.4526286966045987,0.3592989887624513,0.0,0.0,0.0
2022-01-26,0.0737041324654186,0.0,0.0,0.3578807032804943,0.4512595837897049,0.3592989887624513,-0.0014182854819569934,0.0,0.0014182854819569934
2022-01-26,0.0133590696799451,0.0,0.0,0.3578807032804943,0.4512595837897049,0.3578807032804943,0.0,0.0,0.0
2022-01-26,0.0630607310851286,0.0,0.0,0.3578807032804943,0.4512595837897049,0.3578807032804943,0.0,0.0,0.0
2022-01-26,0.0276570420308272,0.0,0.0,0.3578807032804943,0.4512595837897049,0.3578807032804943,0.0,0.005900067604941305,0.005900067604941305
2022-01-26,0.0893006606146011,0.0,0.0,0.3578807032804943,0.4512595837897049,0.3578807032804943,0.0,1.1819045682970874e-05,1.1819045682970874e-05
2022-01-26,0.006063839849088,0.0,0.0,0.3578807032804943,0.4512595837897049,0.3578807032804943,0.0,0.0,0.0
2022-01-26,0.0070910824861025,0.0,0.0,0.3578807032804943,0.4512595837897049,0.3578807032804943,0.0,0.0,0.0
2022-01-26,0.0415413219098291,0.0,0.0,0.3578807032804943,0.4512595837897049,0.3578807032804943,0.0,0.0,0.0
2022-01-26,1.7397995048755794e-05,0.0,0.0,0.3578807032804943,0.4512595837897049,0.3578807032804943,0.0,0.0,0.0
2022-01-26,0.0615346249744916,0.0,0.0,0.3578807032804943,0.4512595837897049,0.3578807032804943,0.0,0.0,0.0
2022-01-26,0.0503901672569141,0.0,0.0,0.3578807032804943,0.4512595837897049,0.3578807032804943,0.0,0.0,0.0
2022-01-26,0.0979530649926765,0.0,0.0,0.3578807032804943,0.4512595837897049,0.3578807032804943,0.0,7.792296818785751e-05,7.792296818785751e-05
2022-01-27,0.0061928442343895,0.0,0.0,0.3566987987121967,0.450164293537787,0.3578807032804943,-0.0011819045682976426,0.0,0.0011819045682976426
2022-01-27,0.0087231920428258,0.0,0.0,0.3566987987121967,0.450164293537787,0.3566987987121967,0.0,0.0,0.0
2022-01-27,0.0165733246348194,0.0,0.0,0.3566987987121967,0.450164293537787,0.3566987987121967,0.0,0.0,0.0
2022-01-27,0.0231612256054604,0.0,0.0,0.3566987987121967,0.450164293537787,0.3566987987121967,0.0,6.145903755147064e-05,6.145903755147064e-05
2022-01-27,0.0093446763493525,0.0,0.0,0.3566987987121967,0.450164293537787,0.3566987987121967,0.0,0.0,0.0
2022-01-27,0.0082832988061395,0.0,0.0,0.3566987987121967,0.450164293537787,0.3566987987121967,0.0,0.0,0.0
2022-01-27,0.0150864428271169,0.0,0.0,0.3566987987121967,0.450164293537787,0.3566987987121967,0.0,0.0,0.0
2022-01-27,0.0136481512848079,0.0,0.0,0.3566987987121967,0.450164293537787,0.3566987987121967,0.0,0.0,0.0
2022-01-27,0.0043666993359699,0.0,0.0,0.3566987987121967,0.450164293537787,0.3566987987121967,0.0,0.0,0.0
2022-01-27,0.0064043106889934,0.0,0.0,0.3566987987121967,0.450164293537787,0.3566987987121967,0.0,0.0,0.0
2022-01-27,0.0156970750151457,0.0,0.0,0.3566987987121967,0.450164293537787,0.3566987987121967,0.0,0.0,0.0
2022-01-27,0.009417124558928,0.0,0.0,0.3566987987121967,0.450164293537787,0.3566987987121967,0.0,0.0,0.0
2022-01-28,0.0,0.0,0.0,0.3550441323165803,0.4482475355969324,0.3566987987121967,-0.0016546663956163998,0.0,0.0016546663956163998
2022-01-28,0.0,0.0,0.0,0.3550441323165803,0.4482475355969324,0.3550441323165803,0.0,0.0,0.0
2022-01-28,0.0,0.0,0.0,0.3550441323165803,0.4482475355969324,0.3550441323165803,0.0,0.0,0.0
2022-01-28,0.0,0.0,0.0,0.3550441323165803,0.4482475355969324,0.3550441323165803,0.0,0.0,0.0
2022-01-28,0.0,0.0,0.0,0.3550441323165803,0.4482475355969324,0.3550441323165803,0.0,0.0,0.0
2022-01-28,0.0,0.0,0.0,0.3550441323165803,0.4482475355969324,0.3550441323165803,0.0,0.0,0.0
2022-01-28,0.0,0.0,0.0,0.3550441323165803,0.4482475355969324,0.3550441323165803,0.0,0.0,0.0
2022-01-28,0.0,0.0,0.0,0.3550441323165803,0.4482475355969324,0.3550441323165803,0.0,0.0,0.0
2022-01-28,0.0,0.0,0.0,0.3550441323165803,0.4482475355969324,0.3550441323165803,0.0,0.0,0.0
2022-01-28,0.0,0.0,0.0,0.3550441323165803,0.4482475355969324,0.3550441323165803,0.0,0.0,0.0
2022-01-28,0.0,0.0,0.0,0.3550441323165803,0.4482475355969324,0.3550441323165803,0.0,0.0,0.0
2022-01-28,0.0,0.0,0.0,0.3550441323165803,0.4482475355969324,0.3550441323165803,0.0,0.0,0.0
2022-01-29,0.0,0.0,0.0,0.3529167040936446,0.4460569550931001,0.3550441323165803,-0.0021274282229356567,0.0,0.0021274282229356567
2022-01-29,0.0,0.0,0.0,0.3529167040936446,0.4460569550931001,0.3529167040936446,0.0,0.0,0.0
2022-01-29,0.0,0.0,0.0,0.3529167040936446,0.4460569550931001,0.3529167040936446,0.0,0.0,0.0
2022-01-29,0.0,0.0,0.0,0.3529167040936446,0.4460569550931001,0.3529167040936446,0.0,0.0,0.0
2022-01-29,0.0,0.0,0.0,0.3529167040936446,0.4460569550931001,0.3529167040936446,0.0,0.0,0.0
2022-01-29,0.0,0.0,0.0,0.3529167040936446,0.4460569550931001,0.3529167040936446,0.0,0.0,0.0
2022-01-29,0.0,0.0,0.0,0.3529167040936446,0.4460569550931001,0.3529167040936446,0.0,0.0,0.0
2022-01-29,0.0,0.0,0.0,0.3529167040936446,0.4460569550931001,0.3529167040936446,0.0,0.0,0.0
2022-01-29,0.0,0.0,0.0,0.3529167040936446,0.4460569550931001,0.3529167040936446,0.0,0.0,0.0
2022-01-29,0.0,0.0,0.0,0.3529167040936446,0.4460569550931001,0.3529167040936446,0.0,0.0,0.0
2022-01-29,0.0,0.0,0.0,0.3529167040936446,0.4460569550931001,0.3529167040936446,0.0,0.0,0.0
2022-01-29,0.0,0.0,0.0,0.3529167040936446,0.4460569550931001,0.3529167040936446,0.0,0.0,0.0
2022-01-30,0.0,0.0,0.0,0.35031651404339,0.4435925520262866,0.3529167040936446,-0.002600190050254636,0.0,0.002600190050254636
2022-01-30,0.0,0.0,0.0,0.35031651404339,0.4435925520262866,0.35031651404339,0.0,0.0,0.0
2022-01-30,0.0,0.0,0.0,0.35031651404339,0.4435925520262866,0.35031651404339,0.0,0.0,0.0
2022-01-30,0.0,0.0,0.0,0.35031651404339,0.4435925520262866,0.35031651404339,0.0,0.0,0.0
2022-01-30,0.0,0.0,0.0,0.35031651404339,0.4435925520262866,0.35031651404339,0.0,0.0,0.0
2022-01-30,0.0,0.0,0.0,0.35031651404339,0.4435925520262866,0.35031651404339,0.0,0.0,0.0
2022-01-30,0.0,0.0,0.0,0.35031651404339,0.4435925520262866,0.35031651404339,0.0,0.0,0.0
2022-01-30,0.0,0.0,0.0,0.35031651404339,0.4435925520262866,0.35031651404339,0.0,0.0,0.0
2022-01-30,0.0,0.0,0.0,0.35031651404339,0.4435925520262866,0.35031651404339,0.0,0.0,0.0
2022-01-30,0.0,0.0,0.0,0.35031651404339,0.4435925520262866,0.35031651404339,0.0,0.0,0.0
2022-01-30,0.0,0.0,0.0,0.35031651404339,0.4435925520262866,0.35031651404339,0.0,0.0,0.0
2022-01-30,0.0,0.0,0.0,0.35031651404339,0.4435925520262866,0.35031651404339,0.0,0.0,0.0
2022-01-31,0.0,0.0,0.0,0.3477163239931354,0.4408543263964937,0.35031651404339,-0.0026001900502545805,0.0,0.0026001900502545805
2022-01-31,0.0,0.0,0.0,0.3477163239931354,0.4408543263964937,0.3477163239931354,0.0,0.0,0.0
2022-01-31,0.0,0.0,0.0,0.3477163239931354,0.4408543263964937,0.3477163239931354,0.0,0.0,0.0
2022-01-31,0.0,0.0,0.0,0.3477163239931354,0.4408543263964937,0.3477163239931354,0.0,0.0,0.0
2022-01-31,0.0,0.0,0.0,0.3477163239931354,0.4408543263964937,0.3477163239931354,0.0,0.0,0.0
2022-01-31,0.0,0.0,0.0,0.3477163239931354,0.4408543263964937,0.3477163239931354,0.0,0.0,0.0
2022-01-31,0.0,0.0,0.0,0.3477163239931354,0.4408543263964937,0.3477163239931354,0.0,0.0,0.0
2022-01-31,0.0,0.0,0.0,0.3477163239931354,0.4408543263964937,0.3477163239931354,0.0,0.0,0.0
2022-01-31,0.0,0.0,0.0,0.3477163239931354,0.4408543263964937,0.3477163239931354,0.0,0.0,0.0
2022-01-31,0.0,0.0,0.0,0.3477163239931354,0.4408543263964937,0.3477163239931354,0.0,0.0,0.0
2022-01-31,0.0,0.0,0.0,0.3477163239931354,0.4408543263964937,0.3477163239931354,0.0,0.0,0.0
2022-01-31,0.0,0.0,0.0,0.3477163239931354,0.4408543263964937,0.3477163239931354,0.0,0.0,0.0
2022-02-01,0.0,0.0,0.0,0.3444069912019024,0.4375684556407453,0.3477163239931354,-0.0033093327912330217,0.0,0.0033093327912330217
2022-02-01,0.0,0.0,0.0,0.3444069912019024,0.4375684556407453,0.3444069912019024,0.0,0.0,0.0
2022-02-01,0.0,0.0,0.0,0.3444069912019024,0.4375684556407453,0.3444069912019024,0.0,0.0,0.0
2022-02-01,0.0,0.0,0.0,0.3444069912019024,0.4375684556407453,0.3444069912019024,0.0,0.0,0.0
2022-02-01,0.0,0.0,0.0,0.3444069912019024,0.4375684556407453,0.3444069912019024,0.0,0.0,0.0
2022-02-01,0.0,0.0,0.0,0.3444069912019024,0.4375684556407453,0.3444069912019024,0.0,0.0,0.0
2022-02-01,0.0,0.0,0.0,0.3444069912019024,0.4375684556407453,0.3444069912019024,0.0,0.0,0.0
2022-02-01,0.0,0.0,0.0,0.3444069912019024,0.4375684556407453,0.3444069912019024,0.0,0.0,0.0
2022-02-01,0.0,0.0,0.0,0.3444069912019024,0.4375684556407453,0.3444069912019024,0.0,0.0,0.0
2022-02-01,0.0,0.0,0.0,0.3444069912019024,0.4375684556407453,0.3444069912019024,0.0,0.0,0.0
2022-02-01,0.0,0.0,0.0,0.3444069912019024,0.4375684556407453,0.3444069912019024,0.0,0.0,0.0
2022-02-01,0.0,0.0,0.0,0.3444069912019024,0.4375684556407453,0.3444069912019024,0.0,0.0,0.0
2022-02-02,0.0,0.0,0.0,0.3413340393243287,0.4340087623220139,0.3444069912019024,-0.003072951877573671,0.0,0.003072951877573671
2022-02-02,0.0,0.0,0.0,0.3413340393243287,0.4340087623220139,0.3413340393243287,0.0,0.0,0.0
2022-02-02,0.0,0.0,0.0,0.3413340393243287,0.4340087623220139,0.3413340393243287,0.0,0.0,0.0
2022-02-02,0.0,0.0,0.0,0.3413340393243287,0.4340087623220139,0.3413340393243287,0.0,0.0,0.0
2022-02-02,0.0,0.0,0.0,0.3413340393243287,0.4340087623220139,0.3413340393243287,0.0,0.0,0.0
2022-02-02,0.0,0.0,0.0,0.3413340393243287,0.4340087623220139,0.3413340393243287,0.0,0.0,0.0
2022-02-02,0.0,0.0,0.0,0.3413340393243287,0.4340087623220139,0.3413340393243287,0.0,0.0,0.0
2022-02-02,0.0,0.0,0.0,0.3413340393243287,0.4340087623220139,0.3413340393243287,0.0,0.0,0.0
2022-02-02,0.0,0.0,0.0,0.3413340393243287,0.4340087623220139,0.3413340393243287,0.0,0.0,0.0
2022-02-02,0.0,0.0,0.0,0.3413340393243287,0.4340087623220139,0.3413340393243287,0.0,0.0,0.0
2022-02-02,0.0,0.0,0.0,0.3413340393243287,0.4340087623220139,0.3413340393243287,0.0,0.0,0.0
2022-02-02,0.0,0.0,0.0,0.3413340393243287,0.4340087623220139,0.3413340393243287,0.0,0.0,0.0
2022-02-03,0.0721249798022347,0.0,0.0,0.3377883256194361,0.4307228915662655,0.3413340393243287,-0.0035457137048925946,0.0,0.0035457137048925946
2022-02-03,0.1102970293968142,0.0,0.0,0.3377883256194361,0.4307228915662655,0.3377883256194361,0.0,0.0,0.0
2022-02-03,0.0666160131389133,0.0,0.0,0.3377883256194361,0.4307228915662655,0.3377883256194361,0.0,0.0,0.0
2022-02-03,0.0180509607734049,0.0,0.0,0.3377883256194361,0.4307228915662655,0.3377883256194361,0.0,0.0,0.0
2022-02-03,0.0670438819706225,0.0,0.0,0.3377883256194361,0.4307228915662655,0.3377883256194361,0.0,0.00013747913938436828,0.00013747913938436828
2022-02-03,0.1220805019504362,0.0,0.0,0.3377883256194361,0.4307228915662655,0.3377883256194361,0.0,0.0,0.0
2022-02-03,0.0338978599106202,0.0,0.0,0.3377883256194361,0.4307228915662655,0.3377883256194361,0.0,0.0,0.0
2022-02-03,0.080235831282303,0.0,0.0,0.3377883256194361,0.4307228915662655,0.3377883256194361,0.0,0.0,0.0
2022-02-03,0.0922331768255264,0.0,0.0,0.3377883256194361,0.4307228915662655,0.3377883256194361,0.0,0.0,0.0
2022-02-03,0.0769454429586758,0.0,0.0,0.3377883256194361,0.4307228915662655,0.3377883256194361,0.0,0.0,0.0
2022-02-03,0.0707292454145823,0.0,0.0,0.3377883256194361,0.4307228915662655,0.3377883256194361,0.0,0.0,0.0
2022-02-03,0.0454376502625618,0.0,0.0,0.3377883256194361,0.4307228915662655,0.3377883256194361,0.0,0.0,0.0
2022-02-04,0.067009456164312,0.0,0.0,0.3377883256194361,0.4307228915662655,0.3377883256194361,0.0,0.00013747913938436828,0.00013747913938436828
2022-02-04,0.3245616959603953,0.0,0.0,0.3377883256194361,0.4307228915662655,0.3377883256194361,0.0,0.0,0.0
2022-02-04,0.0725251404455591,0.0,0.0,0.3377883256194361,0.4307228915662655,0.3377883256194361,0.0,0.0,0.0
2022-02-04,0.2896466065034775,0.0,0.0,0.3377883256194361,0.4307228915662655,0.3377883256194361,0.0,0.0,0.0
2022-02-04,0.1233559106850058,0.0,0.0,0.3377883256194361,0.4307228915662655,0.3377883256194361,0.0,0.0,0.0
2022-02-04,0.3550351776573477,0.0,0.0,0.3377883256194361,0.4307228915662655,0.3377883256194361,0.0,0.0,0.0
2022-02-04,0.2318731268284668,0.0,0.0,0.3377883256194361,0.4307228915662655,0.3377883256194361,0.0,0.0,0.0
2022-02-04,0.3612241127741423,0.0,0.0,0.3377883256194361,0.4307228915662655,0.3377883256194361,0.0,0.0,0.0
2022-02-04,0.2459275796548101,0.0,0.0,0.3377883256194361,0.4307228915662655,0.3377883256194361,0.0,0.0,0.0
2022-02-04,0.3995266970335892,0.0,0.0,0.3377883256194361,0.4307228915662655,0.3377883256194361,0.0,0.0,0.0
2022-02-04,0.2361574269018237,0.0,0.0,0.3377883256194361,0.4307228915662655,0.3377883256194361,0.0,0.00017019425783484587,0.00017019425783484587
2022-02-04,0.2095163464836145,0.0,0.0,0.3377883256194361,0.4307228915662655,0.3377883256194361,0.0,0.0,0.0
2022-02-05,0.1828905402438059,0.0,0.0,0.3377883256194361,0.4307228915662655,0.3377883256194361,0.0,0.0,0.0
2022-02-05,0.1665282053151815,0.0,0.0,0.3377883256194361,0.4307228915662655,0.3377883256194361,0.0,0.00021994062111448969,0.00021994062111448969
2022-02-05,0.0113518934249318,0.0,0.0,0.3377883256194361,0.4307228915662655,0.3377883256194361,0.0,0.0,0.0
2022-02-05,0.0481173833782857,0.0,0.0,0.3377883256194361,0.4307228915662655,0.3377883256194361,0.0,0.00035617876070214577,0.00035617876070214577
2022-02-05,0.0629110079807229,0.0,0.0,0.3377883256194361,0.4307228915662655,0.3377883256194361,0.0,0.0,0.0
2022-02-05,0.1479333387881947,0.0,0.0,0.3377883256194361,0.4307228915662655,0.3377883256194361,0.0,0.0,0.0
2022-02-05,0.1944359792897082,0.0,0.0,0.3377883256194361,0.4307228915662655,0.3377883256194361,0.0,3.0729518775736016e-05,3.0729518775736016e-05
2022-02-05,0.1369998431428776,0.0,0.0,0.3377883256194361,0.4307228915662655,0.3377883256194361,0.0,0.0,0.0
2022-02-05,0.0435663130011565,0.0,0.0,0.3377883256194361,0.4307228915662655,0.3377883256194361,0.0,0.0,0.0
2022-02-05,0.0151415052323439,0.0,0.0,0.3377883256194361,0.4307228915662655,0.3377883256194361,0.0,0.0,0.0
2022-02-05,0.2436485156367254,0.0,0.0,0.3377883256194361,0.4307228915662655,0.3377883256194361,0.0,0.0,0.0
2022-02-05,0.0470576705905431,0.0,0.0,0.3377883256194361,0.4307228915662655,0.3377883256194361,0.0,7.091427409785245e-05,7.091427409785245e-05
2022-02-06,0.0,0.0,0.0,0.3377883256194361,0.4307228915662655,0.3377883256194361,0.0,0.0,0.0
2022-02-06,0.0,0.0,0.0,0.3377883256194361,0.4307228915662655,0.3377883256194361,0.0,0.0,0.0
2022-02-06,0.0,0.0,0.0,0.3377883256194361,0.4307228915662655,0.3377883256194361,0.0,0.0,0.0
2022-02-06,0.0,0.0,0.0,0.3377883256194361,0.4307228915662655,0.3377883256194361,0.0,0.0,0.0
2022-02-06,0.0030442037758614,0.0,0.0,0.3377883256194361,0.4307228915662655,0.3377883256194361,0.0,0.0,0.0
2022-02-06,0.0201887746902049,0.0,0.0,0.3377883256194361,0.4307228915662655,0.3377883256194361,0.0,9.455236546380307e-05,9.455236546380307e-05
2022-02-06,0.0,0.0,0.0,0.3377883256194361,0.4307228915662655,0.3377883256194361,0.0,0.0,0.0
2022-02-06,0.0024141464444807,0.0,0.0,0.3377883256194361,0.4307228915662655,0.3377883256194361,0.0,0.0,0.0
2022-02-06,0.0062490765182118,0.0,0.0,0.3377883256194361,0.4307228915662655,0.3377883256194361,0.0,0.0,0.0
2022-02-06,0.0,0.0,0.0,0.3377883256194361,0.4307228915662655,0.3377883256194361,0.0,0.0,0.0
2022-02-06,0.0,0.0,0.0,0.3377883256194361,0.4307228915662655,0.3377883256194361,0.0,0.0,0.0
2022-02-06,0.0,0.0,0.0,0.3377883256194361,0.4307228915662655,0.3377883256194361,0.0,0.0,0.0
2022-02-07,0.0,0.0,0.0,0.3377883256194361,0.4307228915662655,0.3377883256194361,0.0,0.0,0.0
2022-02-07,0.0,0.0,0.0,0.3377883256194361,0.4307228915662655,0.3377883256194361,0.0,0.0,0.0
2022-02-07,0.0,0.0,0.0,0.3377883256194361,0.4307228915662655,0.3377883256194361,0.0,0.0,0.0
2022-02-07,0.0003522123248256,0.0,0.0,0.3377883256194361,0.4307228915662655,0.3377883256194361,0.0,0.0,0.0
2022-02-07,0.0010734683351884,0.0,0.0,0.3377883256194361,0.4307228915662655,0.3377883256194361,0.0,0.0,0.0
2022-02-07,0.0,0.0,0.0,0.3377883256194361,0.4307228915662655,0.3377883256194361,0.0,0.0,0.0
2022-02-07,0.0,0.0,0.0,0.3377883256194361,0.4307228915662655,0.3377883256194361,0.0,0.0,0.0
2022-02-07,0.0034354311698552,0.0,0.0,0.3377883256194361,0.4307228915662655,0.3377883256194361,0.0,0.0,0.0
2022-02-07,0.0,0.0,0.0,0.3377883256194361,0.4307228915662655,0.3377883256194361,0.0,0.0,0.0
2022-02-07,0.0,0.0,0.0,0.3377883256194361,0.4307228915662655,0.3377883256194361,0.0,0.0,0.0
2022-02-07,0.0,0.0,0.0,0.3377883256194361,0.4307228915662655,0.3377883256194361,0.0,0.0,0.0
2022-02-07,0.0005205158717772,0.0,0.0,0.3377883256194361,0.4307228915662655,0.3377883256194361,0.0,0.0,0.0
2022-02-08,0.0,0.0,0.0,0.3377883256194361,0.4307228915662655,0.3377883256194361,0.0,0.0,0.0
2022-02-08,0.0,0.0,0.0,0.3377883256194361,0.4307228915662655,0.3377883256194361,0.0,0.0,0.0
2022-02-08,0.0,0.0,0.0,0.3377883256194361,0.4307228915662655,0.3377883256194361,0.0,0.0,0.0
2022-02-08,0.0,0.0,0.0,0.3377883256194361,0.4307228915662655,0.3377883256194361,0.0,0.0,0.0
2022-02-08,0.0,0.0,0.0,0.3377883256194361,0.4307228915662655,0.3377883256194361,0.0,0.0,0.0
2022-02-08,0.0,0.0,0.0,0.3377883256194361,0.4307228915662655,0.3377883256194361,0.0,0.0,0.0
2022-02-08,0.0,0.0,0.0,0.3377883256194361,0.4307228915662655,0.3377883256194361,0.0,0.0,0.0
2022-02-08,0.0,0.0,0.0,0.3377883256194361,0.4307228915662655,0.3377883256194361,0.0,0.0,0.0
2022-02-08,0.0,0.0,0.0,0.3377883256194361,0.4307228915662655,0.3377883256194361,0.0,0.0,0.0
2022-02-08,0.0,0.0,0.0,0.3377883256194361,0.4307228915662655,0.3377883256194361,0.0,0.0,0.0
2022-02-08,0.0,0.0,0.0,0.3377883256194361,0.4307228915662655,0.3377883256194361,0.0,0.0,0.0
2022-02-08,0.0,0.0,0.0,0.3377883256194361,0.4307228915662655,0.3377883256194361,0.0,0.0,0.0
2022-02-09,0.0,0.0,0.0,0.3377883256194361,0.4307228915662655,0.3377883256194361,0.0,0.0,0.0
2022-02-09,0.0004357192014336,0.0,0.0,0.3377883256194361,0.4307228915662655,0.3377883256194361,0.0,0.0,0.0
2022-02-09,0.0,0.0,0.0,0.3377883256194361,0.4307228915662655,0.3377883256194361,0.0,0.0,0.0
2022-02-09,0.0359469146248003,0.0,0.0,0.3377883256194361,0.4307228915662655,0.3377883256194361,0.0,0.0,0.0
2022-02-09,0.0,0.0,0.0,0.3377883256194361,0.4307228915662655,0.3377883256194361,0.0,0.0,0.0
2022-02-09,0.0,0.0,0.0,0.3377883256194361,0.4307228915662655,0.3377883256194361,0.0,0.0,0.0
2022-02-09,0.0,0.0,0.0,0.3377883256194361,0.4307228915662655,0.3377883256194361,0.0,0.0,0.0
2022-02-09,0.0005075944985244,0.0,0.0,0.3377883256194361,0.4307228915662655,0.3377883256194361,0.0,0.0,0.0
2022-02-09,0.0,0.0,0.0,0.3377883256194361,0.4307228915662655,0.3377883256194361,0.0,0.0,0.0
2022-02-09,0.017037358029768,0.0,0.0,0.3377883256194361,0.4307228915662655,0.3377883256194361,0.0,0.0,0.0
2022-02-09,0.0,0.0,0.0,0.3377883256194361,0.4307228915662655,0.3377883256194361,0.0,0.0,0.0
2022-02-09,0.0089039049284064,0.0,0.0,0.3377883256194361,0.4307228915662655,0.3377883256194361,0.0,0.0,0.0
2022-02-10,0.0054758000668388,0.0,0.0,0.3219508044042491,0.4140197152245353,0.3377883256194361,-0.015837521215187,0.0,0.015837521215187
2022-02-10,0.0002112132233775,0.0,0.0,0.3219508044042491,0.4140197152245353,0.3219508044042491,0.0,0.0,0.0
2022-02-10,0.0018525443325586,0.0,0.0,0.3219508044042491,0.4140197152245353,0.3219508044042491,0.0,0.0,0.0
2022-02-10,0.0004604914733475,0.0,0.0,0.3219508044042491,0.4140197152245353,0.3219508044042491,0.0,0.0,0.0
2022-02-10,0.0092245407930318,0.0,0.0,0.3219508044042491,0.4140197152245353,0.3219508044042491,0.0,0.0,0.0
2022-02-10,0.0094069534555567,0.0,0.0,0.3219508044042491,0.4140197152245353,0.3219508044042491,0.0,0.0,0.0
2022-02-10,0.0062601002520174,0.0,0.0,0.3219508044042491,0.4140197152245353,0.3219508044042491,0.0,0.0,0.0
2022-02-10,0.0,0.0,0.0,0.3219508044042491,0.4140197152245353,0.3219508044042491,0.0,0.0,0.0
2022-02-10,0.0030639253284628,0.0,0.0,0.3219508044042491,0.4140197152245353,0.3219508044042491,0.0,0.0,0.0
2022-02-10,0.0440947289131432,0.0,0.0,0.3219508044042491,0.4140197152245353,0.3219508044042491,0.0,9.86535743157954e-05,9.86535743157954e-05
2022-02-10,0.008051604538189,0.0,0.0,0.3219508044042491,0.4140197152245353,0.3219508044042491,0.0,0.0,0.0
2022-02-10,0.0027640200206536,0.0,0.0,0.3219508044042491,0.4140197152245353,0.3219508044042491,0.0,0.0,0.0
2022-02-11,0.0,0.0,0.0,0.3179323288720376,0.4101861993428262,0.3219508044042491,-0.004018475532211518,0.0,0.004018475532211518
2022-02-11,0.0,0.0,0.0,0.3179323288720376,0.4101861993428262,0.3179323288720376,0.0,0.0,0.0
2022-02-11,0.0,0.0,0.0,0.3179323288720376,0.4101861993428262,0.3179323288720376,0.0,0.0,0.0
2022-02-11,0.0,0.0,0.0,0.3179323288720376,0.4101861993428262,0.3179323288720376,0.0,0.0,0.0
2022-02-11,0.0,0.0,0.0,0.3179323288720376,0.4101861993428262,0.3179323288720376,0.0,0.0,0.0
2022-02-11,0.0,0.0,0.0,0.3179323288720376,0.4101861993428262,0.3179323288720376,0.0,0.0,0.0
2022-02-11,0.0,0.0,0.0,0.3179323288720376,0.4101861993428262,0.3179323288720376,0.0,0.0,0.0
2022-02-11,0.0,0.0,0.0,0.3179323288720376,0.4101861993428262,0.3179323288720376,0.0,0.0,0.0
2022-02-11,0.0,0.0,0.0,0.3179323288720376,0.4101861993428262,0.3179323288720376,0.0,0.0,0.0
2022-02-11,0.0,0.0,0.0,0.3179323288720376,0.4101861993428262,0.3179323288720376,0.0,0.0,0.0
2022-02-11,0.0,0.0,0.0,0.3179323288720376,0.4101861993428262,0.3179323288720376,0.0,0.0,0.0
2022-02-11,0.0,0.0,0.0,0.3179323288720376,0.4101861993428262,0.3179323288720376,0.0,0.0,0.0
2022-02-12,0.0,0.0,0.0,0.3139138533398259,0.4058050383351581,0.3179323288720376,-0.004018475532211685,0.0,0.004018475532211685
2022-02-12,0.0,0.0,0.0,0.3139138533398259,0.4058050383351581,0.3139138533398259,0.0,0.0,0.0
2022-02-12,0.0,0.0,0.0,0.3139138533398259,0.4058050383351581,0.3139138533398259,0.0,0.0,0.0
2022-02-12,0.0,0.0,0.0,0.3139138533398259,0.4058050383351581,0.3139138533398259,0.0,0.0,0.0
2022-02-12,0.0,0.0,0.0,0.3139138533398259,0.4058050383351581,0.3139138533398259,0.0,0.0,0.0
2022-02-12,0.0,0.0,0.0,0.3139138533398259,0.4058050383351581,0.3139138533398259,0.0,0.0,0.0
2022-02-12,0.0,0.0,0.0,0.3139138533398259,0.4058050383351581,0.3139138533398259,0.0,0.0,0.0
2022-02-12,0.0,0.0,0.0,0.3139138533398259,0.4058050383351581,0.3139138533398259,0.0,0.0,0.0
2022-02-12,0.0,0.0,0.0,0.3139138533398259,0.4058050383351581,0.3139138533398259,0.0,0.0,0.0
2022-02-12,0.0,0.0,0.0,0.3139138533398259,0.4058050383351581,0.3139138533398259,0.0,0.0,0.0
2022-02-12,0.0,0.0,0.0,0.3139138533398259,0.4058050383351581,0.3139138533398259,0.0,0.0,0.0
2022-02-12,0.0,0.0,0.0,0.3139138533398259,0.4058050383351581,0.3139138533398259,0.0,0.0,0.0
2022-02-13,0.0,0.0,0.0,0.3101317587212738,0.4016976998904713,0.3139138533398259,-0.003782094618552112,0.0,0.003782094618552112
2022-02-13,0.0,0.0,0.0,0.3101317587212738,0.4016976998904713,0.3101317587212738,0.0,0.0,0.0
2022-02-13,0.0,0.0,0.0,0.3101317587212738,0.4016976998904713,0.3101317587212738,0.0,0.0,0.0
2022-02-13,0.0,0.0,0.0,0.3101317587212738,0.4016976998904713,0.3101317587212738,0.0,0.0,0.0
2022-02-13,0.0,0.0,0.0,0.3101317587212738,0.4016976998904713,0.3101317587212738,0.0,0.0,0.0
2022-02-13,0.0,0.0,0.0,0.3101317587212738,0.4016976998904713,0.3101317587212738,0.0,0.0,0.0
2022-02-13,0.0,0.0,0.0,0.3101317587212738,0.4016976998904713,0.3101317587212738,0.0,0.0,0.0
2022-02-13,0.0,0.0,0.0,0.3101317587212738,0.4016976998904713,0.3101317587212738,0.0,0.0,0.0
2022-02-13,0.0,0.0,0.0,0.3101317587212738,0.4016976998904713,0.3101317587212738,0.0,0.0,0.0
2022-02-13,0.0,0.0,0.0,0.3101317587212738,0.4016976998904713,0.3101317587212738,0.0,0.0,0.0
2022-02-13,0.0,0.0,0.0,0.3101317587212738,0.4016976998904713,0.3101317587212738,0.0,0.0,0.0
2022-02-13,0.0,0.0,0.0,0.3101317587212738,0.4016976998904713,0.3101317587212738,0.0,0.0,0.0
2022-02-14,0.0,0.0,0.0,0.3058769022754026,0.3975903614457827,0.3101317587212738,-0.004254856445871202,0.0,0.004254856445871202
2022-02-14,0.0,0.0,0.0,0.3058769022754026,0.3975903614457827,0.3058769022754026,0.0,0.0,0.0
2022-02-14,0.0,0.0,0.0,0.3058769022754026,0.3975903614457827,0.3058769022754026,0.0,0.0,0.0
2022-02-14,0.0,0.0,0.0,0.3058769022754026,0.3975903614457827,0.3058769022754026,0.0,0.0,0.0
2022-02-14,0.0,0.0,0.0,0.3058769022754026,0.3975903614457827,0.3058769022754026,0.0,0.0,0.0
2022-02-14,0.0,0.0,0.0,0.3058769022754026,0.3975903614457827,0.3058769022754026,0.0,0.0,0.0
2022-02-14,0.0,0.0,0.0,0.3058769022754026,0.3975903614457827,0.3058769022754026,0.0,0.0,0.0
2022-02-14,0.0,0.0,0.0,0.3058769022754026,0.3975903614457827,0.3058769022754026,0.0,0.0,0.0
2022-02-14,0.0,0.0,0.0,0.3058769022754026,0.3975903614457827,0.3058769022754026,0.0,0.0,0.0
2022-02-14,0.0,0.0,0.0,0.3058769022754026,0.3975903614457827,0.3058769022754026,0.0,0.0,0.0
2022-02-14,0.0,0.0,0.0,0.3058769022754026,0.3975903614457827,0.3058769022754026,0.0,0.0,0.0
2022-02-14,0.0,0.0,0.0,0.3058769022754026,0.3975903614457827,0.3058769022754026,0.0,0.0,0.0
2022-02-15,0.0,0.0,0.0,0.3018584267431911,0.3934830230010959,0.3058769022754026,-0.004018475532211518,0.0,0.004018475532211518
2022-02-15,0.0,0.0,0.0,0.3018584267431911,0.3934830230010959,0.3018584267431911,0.0,0.0,0.0
2022-02-15,0.0,0.0,0.0,0.3018584267431911,0.3934830230010959,0.3018584267431911,0.0,0.0,0.0
2022-02-15,0.0,0.0,0.0,0.3018584267431911,0.3934830230010959,0.3018584267431911,0.0,0.0,0.0
2022-02-15,0.0,0.0,0.0,0.3018584267431911,0.3934830230010959,0.3018584267431911,0.0,0.0,0.0
2022-02-15,0.0,0.0,0.0,0.3018584267431911,0.3934830230010959,0.3018584267431911,0.0,0.0,0.0
2022-02-15,0.0,0.0,0.0,0.3018584267431911,0.3934830230010959,0.3018584267431911,0.0,0.0,0.0
2022-02-15,0.0,0.0,0.0,0.3018584267431911,0.3934830230010959,0.3018584267431911,0.0,0.0,0.0
2022-02-15,0.0,0.0,0.0,0.3018584267431911,0.3934830230010959,0.3018584267431911,0.0,0.0,0.0
2022-02-15,0.0,0.0,0.0,0.3018584267431911,0.3934830230010959,0.3018584267431911,0.0,0.0,0.0
2022-02-15,0.0,0.0,0.0,0.3018584267431911,0.3934830230010959,0.3018584267431911,0.0,0.0,0.0
2022-02-15,0.0,0.0,0.0,0.3018584267431911,0.3934830230010959,0.3018584267431911,0.0,0.0,0.0
2022-02-16,0.0,0.0,0.0,0.2978399512109794,0.3891018619934279,0.3018584267431911,-0.004018475532211685,0.0,0.004018475532211685
2022-02-16,0.0022967194550049,0.0,0.0,0.2978399512109794,0.3891018619934279,0.2978399512109794,0.0,0.0,0.0
2022-02-16,0.0,0.0,0.0,0.2978399512109794,0.3891018619934279,0.2978399512109794,0.0,0.0,0.0
2022-02-16,8.567910306881828e-05,0.0,0.0,0.2978399512109794,0.3891018619934279,0.2978399512109794,0.0,0.0,0.0
2022-02-16,0.0,0.0,0.0,0.2978399512109794,0.3891018619934279,0.2978399512109794,0.0,0.0,0.0
2022-02-16,0.0,0.0,0.0,0.2978399512109794,0.3891018619934279,0.2978399512109794,0.0,0.0,0.0
2022-02-16,0.0,0.0,0.0,0.2978399512109794,0.3891018619934279,0.2978399512109794,0.0,0.0,0.0
2022-02-16,0.0009190604593986,0.0,0.0,0.2978399512109794,0.3891018619934279,0.2978399512109794,0.0,0.0,0.0
2022-02-16,0.0,0.0,0.0,0.2978399512109794,0.3891018619934279,0.2978399512109794,0.0,0.0,0.0
2022-02-16,0.0,0.0,0.0,0.2978399512109794,0.3891018619934279,0.2978399512109794,0.0,0.0,0.0
2022-02-16,0.0,0.0,0.0,0.2978399512109794,0.3891018619934279,0.2978399512109794,0.0,0.0,0.0
2022-02-16,0.0,0.0,0.0,0.2978399512109794,0.3891018619934279,0.2978399512109794,0.0,0.0,0.0
2022-02-17,0.0,0.0,0.0,0.2935850947651083,0.3847207009857616,0.2978399512109794,-0.004254856445871091,0.0,0.004254856445871091
2022-02-17,0.0,0.0,0.0,0.2935850947651083,0.3847207009857616,0.2935850947651083,0.0,0.0,0.0
2022-02-17,0.0,0.0,0.0,0.2935850947651083,0.3847207009857616,0.2935850947651083,0.0,0.0,0.0
2022-02-17,0.0,0.0,0.0,0.2935850947651083,0.3847207009857616,0.2935850947651083,0.0,0.0,0.0
2022-02-17,0.0,0.0,0.0,0.2935850947651083,0.3847207009857616,0.2935850947651083,0.0,0.0,0.0
2022-02-17,0.0,0.0,0.0,0.2935850947651083,0.3847207009857616,0.2935850947651083,0.0,0.0,0.0
2022-02-17,0.0,0.0,0.0,0.2935850947651083,0.3847207009857616,0.2935850947651083,0.0,0.0,0.0
2022-02-17,0.0,0.0,0.0,0.2935850947651083,0.3847207009857616,0.2935850947651083,0.0,0.0,0.0
2022-02-17,0.0,0.0,0.0,0.2935850947651083,0.3847207009857616,0.2935850947651083,0.0,0.0,0.0
2022-02-17,0.0,0.0,0.0,0.2935850947651083,0.3847207009857616,0.2935850947651083,0.0,0.0,0.0
2022-02-17,0.0,0.0,0.0,0.2935850947651083,0.3847207009857616,0.2935850947651083,0.0,0.0,0.0
2022-02-17,0.0,0.0,0.0,0.2935850947651083,0.3847207009857616,0.2935850947651083,0.0,0.0,0.0
2022-02-18,0.0,0.0,0.0,0.2895666192328966,0.3800657174151141,0.2935850947651083,-0.004018475532211685,0.0,0.004018475532211685
2022-02-18,0.0,0.0,0.0,0.2895666192328966,0.3800657174151141,0.2895666192328966,0.0,0.0,0.0
2022-02-18,0.0,0.0,0.0,0.2895666192328966,0.3800657174151141,0.2895666192328966,0.0,0.0,0.0
2022-02-18,0.0,0.0,0.0,0.2895666192328966,0.3800657174151141,0.2895666192328966,0.0,0.0,0.0
2022-02-18,0.0,0.0,0.0,0.2895666192328966,0.3800657174151141,0.2895666192328966,0.0,0.0,0.0
2022-02-18,0.0,0.0,0.0,0.2895666192328966,0.3800657174151141,0.2895666192328966,0.0,0.0,0.0
2022-02-18,0.0,0.0,0.0,0.2895666192328966,0.3800657174151141,0.2895666192328966,0.0,0.0,0.0
2022-02-18,0.0,0.0,0.0,0.2895666192328966,0.3800657174151141,0.2895666192328966,0.0,0.0,0.0
2022-02-18,0.0,0.0,0.0,0.2895666192328966,0.3800657174151141,0.2895666192328966,0.0,0.0,0.0
2022-02-18,0.0,0.0,0.0,0.2895666192328966,0.3800657174151141,0.2895666192328966,0.0,0.0,0.0
2022-02-18,0.0,0.0,0.0,0.2895666192328966,0.3800657174151141,0.2895666192328966,0.0,0.0,0.0
2022-02-18,0.0,0.0,0.0,0.2895666192328966,0.3800657174151141,0.2895666192328966,0.0,0.0,0.0
2022-02-19,0.0,0.0,0.0,0.285548143700685,0.3751369112814888,0.2895666192328966,-0.0040184755322116295,0.0,0.0040184755322116295
2022-02-19,0.0,0.0,0.0,0.285548143700685,0.3751369112814888,0.285548143700685,0.0,0.0,0.0
2022-02-19,0.0,0.0,0.0,0.285548143700685,0.3751369112814888,0.285548143700685,0.0,0.0,0.0
2022-02-19,0.0,0.0,0.0,0.285548143700685,0.3751369112814888,0.285548143700685,0.0,0.0,0.0
2022-02-19,0.0050568493816072,0.0,0.0,0.285548143700685,0.3751369112814888,0.285548143700685,0.0,0.0,0.0
2022-02-19,0.0,0.0,0.0,0.285548143700685,0.3751369112814888,0.285548143700685,0.0,0.0,0.0
2022-02-19,0.0,0.0,0.0,0.285548143700685,0.3751369112814888,0.285548143700685,0.0,0.0,0.0
2022-02-19,0.0018631807626485,0.0,0.0,0.285548143700685,0.3751369112814888,0.285548143700685,0.0,0.0,0.0
2022-02-19,0.0,0.0,0.0,0.285548143700685,0.3751369112814888,0.285548143700685,0.0,0.0,0.0
2022-02-19,0.0,0.0,0.0,0.285548143700685,0.3751369112814888,0.285548143700685,0.0,0.0,0.0
2022-02-19,0.0001738168825374,0.0,0.0,0.285548143700685,0.3751369112814888,0.285548143700685,0.0,0.0,0.0
2022-02-19,0.0008925218722612,0.0,0.0,0.285548143700685,0.3751369112814888,0.285548143700685,0.0,0.0,0.0
2022-02-20,0.0007763878912352,0.0,0.0,0.2810569063411543,0.3696604600219064,0.285548143700685,-0.004491237359530664,0.0,0.004491237359530664
2022-02-20,0.0,0.0,0.0,0.2810569063411543,0.3696604600219064,0.2810569063411543,0.0,0.0,0.0
2022-02-20,0.0058361412060594,0.0,0.0,0.2810569063411543,0.3696604600219064,0.2810569063411543,0.0,0.0,0.0
2022-02-20,0.0038049815573728,0.0,0.0,0.2810569063411543,0.3696604600219064,0.2810569063411543,0.0,0.0,0.0
2022-02-20,0.0027649534223561,0.0,0.0,0.2810569063411543,0.3696604600219064,0.2810569063411543,0.0,0.0,0.0
2022-02-20,0.0,0.0,0.0,0.2810569063411543,0.3696604600219064,0.2810569063411543,0.0,0.0,0.0
2022-02-20,0.0004997143769358,0.0,0.0,0.2810569063411543,0.3696604600219064,0.2810569063411543,0.0,0.0,0.0
2022-02-20,0.00138091030705,0.0,0.0,0.2810569063411543,0.3696604600219064,0.2810569063411543,0.0,0.0,0.0
2022-02-20,0.0,0.0,0.0,0.2810569063411543,0.3696604600219064,0.2810569063411543,0.0,0.0,0.0
2022-02-20,0.0,0.0,0.0,0.2810569063411543,0.3696604600219064,0.2810569063411543,0.0,0.0,0.0
2022-02-20,0.0,0.0,0.0,0.2810569063411543,0.3696604600219064,0.2810569063411543,0.0,0.0,0.0
2022-02-20,0.0052028311638888,0.0,0.0,0.2810569063411543,0.3696604600219064,0.2810569063411543,0.0,0.0,0.0
2022-02-21,0.0,0.0,0.0,0.2763292880679642,0.3639101861993428,0.2810569063411543,-0.004727618273190126,0.0,0.004727618273190126
2022-02-21,0.0,0.0,0.0,0.2763292880679642,0.3639101861993428,0.2763292880679642,0.0,0.0,0.0
2022-02-21,0.0,0.0,0.0,0.2763292880679642,0.3639101861993428,0.2763292880679642,0.0,0.0,0.0
2022-02-21,0.0008206014431054,0.0,0.0,0.2763292880679642,0.3639101861993428,0.2763292880679642,0.0,0.0,0.0
2022-02-21,0.0,0.0,0.0,0.2763292880679642,0.3639101861993428,0.2763292880679642,0.0,0.0,0.0
2022-02-21,0.0004200207816216,0.0,0.0,0.2763292880679642,0.3639101861993428,0.2763292880679642,0.0,0.0,0.0
2022-02-21,0.0,0.0,0.0,0.2763292880679642,0.3639101861993428,0.2763292880679642,0.0,0.0,0.0
2022-02-21,0.0,0.0,0.0,0.2763292880679642,0.3639101861993428,0.2763292880679642,0.0,0.0,0.0
2022-02-21,0.0002443873208597,0.0,0.0,0.2763292880679642,0.3639101861993428,0.2763292880679642,0.0,0.0,0.0
2022-02-21,0.0,0.0,0.0,0.2763292880679642,0.3639101861993428,0.2763292880679642,0.0,0.0,0.0
2022-02-21,8.808543635861816e-05,0.0,0.0,0.2763292880679642,0.3639101861993428,0.2763292880679642,0.0,0.0,0.0
2022-02-21,0.0,0.0,0.0,0.2763292880679642,0.3639101861993428,0.2763292880679642,0.0,0.0,0.0
2022-02-22,0.0,0.0,0.0,0.2713652888811145,0.3576122672508219,0.2763292880679642,-0.004963999186849699,0.0,0.004963999186849699
2022-02-22,0.0008317289428403,0.0,0.0,0.2713652888811145,0.3576122672508219,0.2713652888811145,0.0,0.0,0.0
2022-02-22,0.0,0.0,0.0,0.2713652888811145,0.3576122672508219,0.2713652888811145,0.0,0.0,0.0
2022-02-22,0.0,0.0,0.0,0.2713652888811145,0.3576122672508219,0.2713652888811145,0.0,0.0,0.0
2022-02-22,0.0,0.0,0.0,0.2713652888811145,0.3576122672508219,0.2713652888811145,0.0,0.0,0.0
2022-02-22,0.0,0.0,0.0,0.2713652888811145,0.3576122672508219,0.2713652888811145,0.0,0.0,0.0
2022-02-22,0.0,0.0,0.0,0.2713652888811145,0.3576122672508219,0.2713652888811145,0.0,0.0,0.0
2022-02-22,0.0021181644998623,0.0,0.0,0.2713652888811145,0.3576122672508219,0.2713652888811145,0.0,0.0,0.0
2022-02-22,0.006719642464406,0.0,0.0,0.2713652888811145,0.3576122672508219,0.2713652888811145,0.0,0.0,0.0
2022-02-22,0.0,0.0,0.0,0.2713652888811145,0.3576122672508219,0.2713652888811145,0.0,0.0,0.0
2022-02-22,0.0010189012102516,0.0,0.0,0.2713652888811145,0.3576122672508219,0.2713652888811145,0.0,0.0,0.0
2022-02-22,0.0,0.0,0.0,0.2713652888811145,0.3576122672508219,0.2713652888811145,0.0,0.0,0.0
2022-02-23,0.0759494533311933,0.0,0.0,0.2659285278669459,0.3507667031763422,0.2713652888811145,-0.005436761014168623,0.0,0.005436761014168623
2022-02-23,0.0891519377149182,0.0,0.0,0.2659285278669459,0.3507667031763422,0.2659285278669459,0.0,0.0,0.0
2022-02-23,0.082013337694617,0.0,0.0,0.2659285278669459,0.3507667031763422,0.2659285278669459,0.0,0.0,0.0
2022-02-23,0.0979977056476839,0.0,0.0,0.2659285278669459,0.3507667031763422,0.2659285278669459,0.0,0.00031150276802049986,0.00031150276802049986
2022-02-23,0.030328567187155,0.0,0.0,0.2659285278669459,0.3507667031763422,0.2659285278669459,0.0,0.0,0.0
2022-02-23,0.1392972213243245,0.0,0.0,0.2659285278669459,0.3507667031763422,0.2659285278669459,0.0,0.0008196508181143453,0.0008196508181143453
2022-02-23,0.0117248739754592,0.0,0.0,0.2659285278669459,0.3507667031763422,0.2659285278669459,0.0,0.00016466294445521167,0.00016466294445521167
2022-02-23,0.0837457929266259,0.0,0.0,0.2659285278669459,0.3507667031763422,0.2659285278669459,0.0,0.0,0.0
2022-02-23,0.0105203766784374,0.0,0.0,0.2659285278669459,0.3507667031763422,0.2659285278669459,0.0,0.0,0.0
2022-02-23,0.0715419762793879,0.0,0.0,0.2659285278669459,0.3507667031763422,0.2659285278669459,0.0,3.902648884518439e-05,3.902648884518439e-05
2022-02-23,0.1420168310273898,0.0,0.0,0.2659285278669459,0.3507667031763422,0.2659285278669459,0.0,8.196508181143453e-05,8.196508181143453e-05
2022-02-23,0.1856097781746371,0.0,0.0,0.2659285278669459,0.3507667031763422,0.2659285278669459,0.0,0.0,0.0
2022-02-24,0.062405625735002,0.0,0.0,0.2659285278669459,0.3507667031763422,0.2659285278669459,0.0,0.0,0.0
2022-02-24,0.0022620438338898,0.0,0.0,0.2659285278669459,0.3507667031763422,0.2659285278669459,0.0,0.0,0.0
2022-02-24,0.1192815873803319,0.0,0.0,0.2659285278669459,0.3507667031763422,0.2659285278669459,0.0,0.0,0.0
2022-02-24,0.0002707567131801,0.0,0.0,0.2659285278669459,0.3507667031763422,0.2659285278669459,0.0,0.0,0.0
2022-02-24,0.0032388220019596,0.0,0.0,0.2659285278669459,0.3507667031763422,0.2659285278669459,0.0,0.0,0.0
2022-02-24,0.0402079200727446,0.0,0.0,0.2659285278669459,0.3507667031763422,0.2659285278669459,0.0,0.0,0.0
2022-02-24,0.0726490726044802,0.0,0.0,0.2659285278669459,0.3507667031763422,0.2659285278669459,0.0,0.0,0.0
2022-02-24,0.0013841099939667,0.0,0.0,0.2659285278669459,0.3507667031763422,0.2659285278669459,0.0,0.0,0.0
2022-02-24,0.0971401881294227,0.0,0.0,0.2659285278669459,0.3507667031763422,0.2659285278669459,0.0,8.501439559764249e-05,8.501439559764249e-05
2022-02-24,0.0105444617831444,0.0,0.0,0.2659285278669459,0.3507667031763422,0.2659285278669459,0.0,0.0,0.0
2022-02-24,0.0180717712946592,0.0,0.0,0.2659285278669459,0.3507667031763422,0.2659285278669459,0.0,0.0,0.0
2022-02-24,0.0318789568070911,0.0,0.0,0.2659285278669459,0.3507667031763422,0.2659285278669459,0.0,0.0,0.0
2022-02-25,0.1291459227351688,0.0,0.0,0.2659285278669459,0.3507667031763422,0.2659285278669459,0.0,0.0,0.0
2022-02-25,0.1613019379019642,0.0,0.0,0.2659285278669459,0.3507667031763422,0.2659285278669459,0.0,0.0,0.0
2022-02-25,0.1843562717538807,0.0,0.0,0.2659285278669459,0.3507667031763422,0.2659285278669459,0.0,0.0,0.0
2022-02-25,0.1362103581406838,0.0,0.0,0.2659285278669459,0.3507667031763422,0.2659285278669459,0.0,0.0003278603272457381,0.0003278603272457381
2022-02-25,0.1882281187095978,0.0,0.0,0.2659285278669459,0.3507667031763422,0.2659285278669459,0.0,0.0,0.0
2022-02-25,0.0133582709432477,0.0,0.0,0.2659285278669459,0.3507667031763422,0.2659285278669459,0.0,0.0,0.0
2022-02-25,0.0188651956831877,0.0,0.0,0.2659285278669459,0.3507667031763422,0.2659285278669459,0.0,9.455236546380307e-05,9.455236546380307e-05
2022-02-25,0.0811698624132684,0.0,0.0,0.2659285278669459,0.3507667031763422,0.2659285278669459,0.0,0.0,0.0
2022-02-25,0.0890134711148345,0.0,0.0,0.2659285278669459,0.3507667031763422,0.2659285278669459,0.0,0.0,0.0
2022-02-25,0.1606457006572959,0.0,0.0,0.2659285278669459,0.3507667031763422,0.2659285278669459,0.0,0.0,0.0
2022-02-25,0.1833204159774226,0.0,0.0,0.2659285278669459,0.3507667031763422,0.2659285278669459,0.0,0.0,0.0
2022-02-25,0.209320829587333,0.0,0.0,0.2659285278669459,0.3507667031763422,0.2659285278669459,0.0,0.0,0.0
2022-02-26,0.093720299585508,0.0,0.0,0.2659285278669459,0.3507667031763422,0.2659285278669459,0.0,0.0,0.0
2022-02-26,0.044006636971716,0.0,0.0,0.2659285278669459,0.3507667031763422,0.2659285278669459,0.0,0.0,0.0
2022-02-26,0.1020107197524545,0.0,0.0,0.2659285278669459,0.3507667031763422,0.2659285278669459,0.0,0.00048153155921578484,0.00048153155921578484
2022-02-26,0.0270812410560775,0.0,0.0,0.2659285278669459,0.3507667031763422,0.2659285278669459,0.0,0.0,0.0
2022-02-26,0.0671294293460523,0.0,0.0,0.2659285278669459,0.3507667031763422,0.2659285278669459,0.0,4.272585014395536e-05,4.272585014395536e-05
2022-02-26,0.0176590287140739,0.0,0.0,0.2659285278669459,0.3507667031763422,0.2659285278669459,0.0,0.00030794523526992356,0.00030794523526992356
2022-02-26,0.0414599161199492,0.0,0.0,0.2659285278669459,0.3507667031763422,0.2659285278669459,0.0,0.0,0.0
2022-02-26,0.0940966250902107,0.0,0.0,0.2659285278669459,0.3507667031763422,0.2659285278669459,0.0,0.0,0.0
2022-02-26,0.0337251487258559,0.0,0.0,0.2659285278669459,0.3507667031763422,0.2659285278669459,0.0,0.00029358509476511195,0.00029358509476511195
2022-02-26,0.0266728453867246,0.0,0.0,0.2659285278669459,0.3507667031763422,0.2659285278669459,0.0,0.00017728568524463098,0.00017728568524463098
2022-02-26,0.0136882048453139,0.0,0.0,0.2659285278669459,0.3507667031763422,0.2659285278669459,0.0,0.0,0.0
2022-02-26,0.0596631546113147,0.0,0.0,0.2659285278669459,0.3507667031763422,0.2659285278669459,0.0,0.0,0.0
2022-02-27,0.050692089715896,0.0,0.0,0.2659285278669459,0.3507667031763422,0.2659285278669459,0.0,6.462654179450897e-05,6.462654179450897e-05
2022-02-27,0.1480496684507608,0.0,0.0,0.2659285278669459,0.3507667031763422,0.2659285278669459,0.0,0.0,0.0
2022-02-27,0.2198962868877109,0.0,0.0,0.2659285278669459,0.3507667031763422,0.2659285278669459,0.0,0.0,0.0
2022-02-27,0.0384261523614477,0.0,0.0,0.2659285278669459,0.3507667031763422,0.2659285278669459,0.0,0.0,0.0
2022-02-27,0.0172218385477017,0.0,0.0,0.2659285278669459,0.3507667031763422,0.2659285278669459,0.0,0.0,0.0
2022-02-27,0.071311844967627,0.0,0.0,0.2659285278669459,0.3507667031763422,0.2659285278669459,0.0,0.00014069391981013784,0.00014069391981013784
2022-02-27,0.2018091433595667,0.0,0.0,0.2659285278669459,0.3507667031763422,0.2659285278669459,0.0,3.0729518775736016e-05,3.0729518775736016e-05
2022-02-27,0.064308031796516,0.0,0.0,0.2659285278669459,0.3507667031763422,0.2659285278669459,0.0,0.0,0.0
2022-02-27,0.1166384053121261,0.0,0.0,0.2659285278669459,0.3507667031763422,0.2659285278669459,0.0,3.709998439885953e-05,3.709998439885953e-05
2022-02-27,0.1044470004618278,0.0,0.0,0.2659285278669459,0.3507667031763422,0.2659285278669459,0.0,8.501439559764249e-05,8.501439559764249e-05
2022-02-27,0.1787241654658282,0.0,0.0,0.2659285278669459,0.3507667031763422,0.2659285278669459,0.0,0.0,0.0
2022-02-27,0.0673811201570328,0.0,0.0,0.2659285278669459,0.3507667031763422,0.2659285278669459,0.0,8.393886244049048e-05,8.393886244049048e-05
2022-02-28,0.0,0.0,0.0,0.2659285278669459,0.3507667031763422,0.2659285278669459,0.0,0.0,0.0
2022-02-28,0.0,0.0,0.0,0.2659285278669459,0.3507667031763422,0.2659285278669459,0.0,0.0,0.0
2022-02-28,0.0,0.0,0.0,0.2659285278669459,0.3507667031763422,0.2659285278669459,0.0,0.0,0.0
2022-02-28,0.0,0.0,0.0,0.2659285278669459,0.3507667031763422,0.2659285278669459,0.0,0.0,0.0
2022-02-28,0.0,0.0,0.0,0.2659285278669459,0.3507667031763422,0.2659285278669459,0.0,0.0,0.0
2022-02-28,0.0,0.0,0.0,0.2659285278669459,0.3507667031763422,0.2659285278669459,0.0,0.0,0.0
2022-02-28,0.0,0.0,0.0,0.2659285278669459,0.3507667031763422,0.2659285278669459,0.0,0.0,0.0
2022-02-28,0.0,0.0,0.0,0.2659285278669459,0.3507667031763422,0.2659285278669459,0.0,0.0,0.0
2022-02-28,0.0,0.0,0.0,0.2659285278669459,0.3507667031763422,0.2659285278669459,0.0,0.0,0.0
2022-02-28,0.0,0.0,0.0,0.2659285278669459,0.3507667031763422,0.2659285278669459,0.0,0.0,0.0
2022-02-28,0.0,0.0,0.0,0.2659285278669459,0.3507667031763422,0.2659285278669459,0.0,0.0,0.0
2022-02-28,0.0,0.0,0.0,0.2659285278669459,0.3507667031763422,0.2659285278669459,0.0,0.0,0.0
2022-03-01,0.0,0.0,0.0,0.2659285278669459,0.3507667031763422,0.2659285278669459,0.0,0.0,0.0
2022-03-01,0.0,0.0,0.0,0.2659285278669459,0.3507667031763422,0.2659285278669459,0.0,0.0,0.0
2022-03-01,0.0,0.0,0.0,0.2659285278669459,0.3507667031763422,0.2659285278669459,0.0,0.0,0.0
2022-03-01,0.0,0.0,0.0,0.2659285278669459,0.3507667031763422,0.2659285278669459,0.0,0.0,0.0
2022-03-01,0.0,0.0,0.0,0.2659285278669459,0.3507667031763422,0.2659285278669459,0.0,0.0,0.0
2022-03-01,0.0,0.0,0.0,0.2659285278669459,0.3507667031763422,0.2659285278669459,0.0,0.0,0.0
2022-03-01,0.0,0.0,0.0,0.2659285278669459,0.3507667031763422,0.2659285278669459,0.0,0.0,0.0
2022-03-01,0.0,0.0,0.0,0.2659285278669459,0.3507667031763422,0.2659285278669459,0.0,0.0,0.0
2022-03-01,0.0,0.0,0.0,0.2659285278669459,0.3507667031763422,0.2659285278669459,0.0,0.0,0.0
2022-03-01,0.0,0.0,0.0,0.2659285278669459,0.3507667031763422,0.2659285278669459,0.0,0.0,0.0
2022-03-01,0.0,0.0,0.0,0.2659285278669459,0.3507667031763422,0.2659285278669459,0.0,0.0,0.0
2022-03-01,0.0,0.0,0.0,0.2659285278669459,0.3507667031763422,0.2659285278669459,0.0,0.0,0.0
2022-03-02,0.0010454533874354,0.0,0.0,0.2659285278669459,0.3507667031763422,0.2659285278669459,0.0,0.0,0.0
2022-03-02,0.0123631578989713,0.0,0.0,0.2659285278669459,0.3507667031763422,0.2659285278669459,0.0,0.0,0.0
2022-03-02,0.0,0.0,0.0,0.2659285278669459,0.3507667031763422,0.2659285278669459,0.0,0.0,0.0
2022-03-02,0.0014098515211009,0.0,0.0,0.2659285278669459,0.3507667031763422,0.2659285278669459,0.0,0.0,0.0
2022-03-02,0.0003920053926332,0.0,0.0,0.2659285278669459,0.3507667031763422,0.2659285278669459,0.0,0.0,0.0
2022-03-02,0.0,0.0,0.0,0.2659285278669459,0.3507667031763422,0.2659285278669459,0.0,0.0,0.0
2022-03-02,0.0001257399754735,0.0,0.0,0.2659285278669459,0.3507667031763422,0.2659285278669459,0.0,0.0,0.0
2022-03-02,0.0107135716434333,0.0,0.0,0.2659285278669459,0.3507667031763422,0.2659285278669459,0.0,0.0,0.0
2022-03-02,0.0009190604593986,0.0,0.0,0.2659285278669459,0.3507667031763422,0.2659285278669459,0.0,0.0,0.0
2022-03-02,4.789678221893236e-05,0.0,0.0,0.2659285278669459,0.3507667031763422,0.2659285278669459,0.0,0.0,0.0
2022-03-02,1.1971418924195736e-05,0.0,0.0,0.2659285278669459,0.3507667031763422,0.2659285278669459,0.0,0.0,0.0
2022-03-02,0.000759490017458,0.0,0.0,0.2659285278669459,0.3507667031763422,0.2659285278669459,0.0,0.0,0.0
2022-03-03,0.0,0.0,0.0,0.2257437725448296,0.3017524644030658,0.2659285278669459,-0.04018475532211627,0.0,0.04018475532211627
2022-03-03,0.0,0.0,0.0,0.2257437725448296,0.3017524644030658,0.2257437725448296,0.0,0.0,0.0
2022-03-03,0.0,0.0,0.0,0.2257437725448296,0.3017524644030658,0.2257437725448296,0.0,0.0,0.0
2022-03-03,0.0002792846816094,0.0,0.0,0.2257437725448296,0.3017524644030658,0.2257437725448296,0.0,0.0,0.0
2022-03-03,0.0,0.0,0.0,0.2257437725448296,0.3017524644030658,0.2257437725448296,0.0,0.0,0.0
2022-03-03,0.0,0.0,0.0,0.2257437725448296,0.3017524644030658,0.2257437725448296,0.0,0.0,0.0
2022-03-03,0.0,0.0,0.0,0.2257437725448296,0.3017524644030658,0.2257437725448296,0.0,0.0,0.0
2022-03-03,0.0,0.0,0.0,0.2257437725448296,0.3017524644030658,0.2257437725448296,0.0,0.0,0.0
2022-03-03,0.0,0.0,0.0,0.2257437725448296,0.3017524644030658,0.2257437725448296,0.0,0.0,0.0
2022-03-03,0.0,0.0,0.0,0.2257437725448296,0.3017524644030658,0.2257437725448296,0.0,0.0,0.0
2022-03-03,0.0,0.0,0.0,0.2257437725448296,0.3017524644030658,0.2257437725448296,0.0,0.0,0.0
2022-03-03,0.0,0.0,0.0,0.2257437725448296,0.3017524644030658,0.2257437725448296,0.0,0.0,0.0
2022-03-04,0.0913908419986837,0.0,0.0,0.2193614878760229,0.2940854326396493,0.2257437725448296,-0.00638228466880672,0.0,0.00638228466880672
2022-03-04,0.0954444099869392,0.0,0.0,0.2193614878760229,0.2940854326396493,0.2193614878760229,0.0,0.0,0.0
2022-03-04,0.0160214543828581,0.0,0.0,0.2193614878760229,0.2940854326396493,0.2193614878760229,0.0,0.0,0.0
2022-03-04,0.0687617020211526,0.0,0.0,0.2193614878760229,0.2940854326396493,0.2193614878760229,0.0,0.0,0.0
2022-03-04,0.0120038524271828,0.0,0.0,0.2193614878760229,0.2940854326396493,0.2193614878760229,0.0,0.0005806460763132089,0.0005806460763132089
2022-03-04,0.0376395706495279,0.0,0.0,0.2193614878760229,0.2940854326396493,0.2193614878760229,0.0,0.0,0.0
2022-03-04,0.0512208923642958,0.0,0.0,0.2193614878760229,0.2940854326396493,0.2193614878760229,0.0,0.0001619682020394933,0.0001619682020394933
2022-03-04,0.0818772584547064,0.0,0.0,0.2193614878760229,0.2940854326396493,0.2193614878760229,0.0,0.0,0.0
2022-03-04,0.018451425163091,0.0,0.0,0.2193614878760229,0.2940854326396493,0.2193614878760229,0.0,0.0,0.0
2022-03-04,0.0015659995405591,0.0,0.0,0.2193614878760229,0.2940854326396493,0.2193614878760229,0.0,0.0,0.0
2022-03-04,0.1222194146898075,0.0,0.0,0.2193614878760229,0.2940854326396493,0.2193614878760229,0.0,0.0,0.0
2022-03-04,0.1187591175296664,0.0,0.0,0.2193614878760229,0.2940854326396493,0.2193614878760229,0.0,0.0,0.0
2022-03-05,0.0076892823912681,0.0,0.0,0.2141611077755137,0.287513691128149,0.2193614878760229,-0.005200380100509189,0.0,0.005200380100509189
2022-03-05,0.0,0.0,0.0,0.2141611077755137,0.287513691128149,0.2141611077755137,0.0,0.0,0.0
2022-03-05,0.0031879726750035,0.0,0.0,0.2141611077755137,0.287513691128149,0.2141611077755137,0.0,0.0,0.0
2022-03-05,0.0,0.0,0.0,0.2141611077755137,0.287513691128149,0.2141611077755137,0.0,0.0,0.0
2022-03-05,0.0,0.0,0.0,0.2141611077755137,0.287513691128149,0.2141611077755137,0.0,0.0,0.0
2022-03-05,0.0006734136513631,0.0,0.0,0.2141611077755137,0.287513691128149,0.2141611077755137,0.0,0.0,0.0
2022-03-05,0.0001847590760646,0.0,0.0,0.2141611077755137,0.287513691128149,0.2141611077755137,0.0,0.0,0.0
2022-03-05,0.0,0.0,0.0,0.2141611077755137,0.287513691128149,0.2141611077755137,0.0,0.0,0.0
2022-03-05,0.0,0.0,0.0,0.2141611077755137,0.287513691128149,0.2141611077755137,0.0,0.0,0.0
2022-03-05,0.0002020848219891,0.0,0.0,0.2141611077755137,0.287513691128149,0.2141611077755137,0.0,0.0,0.0
2022-03-05,8.26463543657582e-05,0.0,0.0,0.2141611077755137,0.287513691128149,0.2141611077755137,0.0,0.0,0.0
2022-03-05,0.0037211079638264,0.0,0.0,0.2141611077755137,0.287513691128149,0.2141611077755137,0.0,0.0,0.0
2022-03-06,0.0,0.0,0.0,0.2084879658476855,0.2806681270536693,0.2141611077755137,-0.005673141927828196,0.0,0.005673141927828196
2022-03-06,0.0,0.0,0.0,0.2084879658476855,0.2806681270536693,0.2084879658476855,0.0,0.0,0.0
2022-03-06,0.0,0.0,0.0,0.2084879658476855,0.2806681270536693,0.2084879658476855,0.0,0.0,0.0
2022-03-06,0.0,0.0,0.0,0.2084879658476855,0.2806681270536693,0.2084879658476855,0.0,0.0,0.0
2022-03-06,0.0,0.0,0.0,0.2084879658476855,0.2806681270536693,0.2084879658476855,0.0,0.0,0.0
2022-03-06,0.0,0.0,0.0,0.2084879658476855,0.2806681270536693,0.2084879658476855,0.0,0.0,0.0
2022-03-06,0.0,0.0,0.0,0.2084879658476855,0.2806681270536693,0.2084879658476855,0.0,0.0,0.0
2022-03-06,0.0,0.0,0.0,0.2084879658476855,0.2806681270536693,0.2084879658476855,0.0,0.0,0.0
2022-03-06,0.0,0.0,0.0,0.2084879658476855,0.2806681270536693,0.2084879658476855,0.0,0.0,0.0
2022-03-06,0.0,0.0,0.0,0.2084879658476855,0.2806681270536693,0.2084879658476855,0.0,0.0,0.0
2022-03-06,0.0,0.0,0.0,0.2084879658476855,0.2806681270536693,0.2084879658476855,0.0,0.0,0.0
2022-03-06,0.0,0.0,0.0,0.2084879658476855,0.2806681270536693,0.2084879658476855,0.0,0.0,0.0
2022-03-07,0.0,0.0,0.0,0.2030512048335169,0.2738225629791895,0.2084879658476855,-0.005436761014168595,0.0,0.005436761014168595
2022-03-07,0.0,0.0,0.0,0.2030512048335169,0.2738225629791895,0.2030512048335169,0.0,0.0,0.0
2022-03-07,0.0,0.0,0.0,0.2030512048335169,0.2738225629791895,0.2030512048335169,0.0,0.0,0.0
2022-03-07,9.23602371408232e-05,0.0,0.0,0.2030512048335169,0.2738225629791895,0.2030512048335169,0.0,2.01224431538648e-05,2.01224431538648e-05
2022-03-07,0.0,0.0,0.0,0.2030512048335169,0.2738225629791895,0.2030512048335169,0.0,0.0,0.0
2022-03-07,0.0,0.0,0.0,0.2030512048335169,0.2738225629791895,0.2030512048335169,0.0,0.0,0.0
2022-03-07,0.0,0.0,0.0,0.2030512048335169,0.2738225629791895,0.2030512048335169,0.0,0.0,0.0
2022-03-07,0.0,0.0,0.0,0.2030512048335169,0.2738225629791895,0.2030512048335169,0.0,0.0,0.0
2022-03-07,0.0,0.0,0.0,0.2030512048335169,0.2738225629791895,0.2030512048335169,0.0,0.0,0.0
2022-03-07,0.0,0.0,0.0,0.2030512048335169,0.2738225629791895,0.2030512048335169,0.0,0.0,0.0
2022-03-07,0.0,0.0,0.0,0.2030512048335169,0.2738225629791895,0.2030512048335169,0.0,0.0,0.0
2022-03-07,0.0,0.0,0.0,0.2030512048335169,0.2738225629791895,0.2030512048335169,0.0,0.0,0.0
2022-03-08,0.0,0.0,0.0,0.1973780629056887,0.2667031763417302,0.2030512048335169,-0.005673141927828196,0.0,0.005673141927828196
2022-03-08,0.0,0.0,0.0,0.1973780629056887,0.2667031763417302,0.1973780629056887,0.0,0.0,0.0
2022-03-08,0.0,0.0,0.0,0.1973780629056887,0.2667031763417302,0.1973780629056887,0.0,0.0,0.0
2022-03-08,0.0,0.0,0.0,0.1973780629056887,0.2667031763417302,0.1973780629056887,0.0,0.0,0.0
2022-03-08,0.0,0.0,0.0,0.1973780629056887,0.2667031763417302,0.1973780629056887,0.0,0.0,0.0
2022-03-08,0.0,0.0,0.0,0.1973780629056887,0.2667031763417302,0.1973780629056887,0.0,0.0,0.0
2022-03-08,0.0,0.0,0.0,0.1973780629056887,0.2667031763417302,0.1973780629056887,0.0,0.0,0.0
2022-03-08,0.0,0.0,0.0,0.1973780629056887,0.2667031763417302,0.1973780629056887,0.0,0.0,0.0
2022-03-08,0.0,0.0,0.0,0.1973780629056887,0.2667031763417302,0.1973780629056887,0.0,0.0,0.0
2022-03-08,0.0,0.0,0.0,0.1973780629056887,0.2667031763417302,0.1973780629056887,0.0,0.0,0.0
2022-03-08,0.0,0.0,0.0,0.1973780629056887,0.2667031763417302,0.1973780629056887,0.0,0.0,0.0
2022-03-08,0.0,0.0,0.0,0.1973780629056887,0.2667031763417302,0.1973780629056887,0.0,0.0,0.0
2022-03-09,0.0,0.0,0.0,0.191468540064201,0.2598576122672504,0.1973780629056887,-0.005909522841487713,0.0,0.005909522841487713
2022-03-09,0.0,0.0,0.0,0.191468540064201,0.2598576122672504,0.191468540064201,0.0,0.0,0.0
2022-03-09,0.0,0.0,0.0,0.191468540064201,0.2598576122672504,0.191468540064201,0.0,0.0,0.0
2022-03-09,0.0,0.0,0.0,0.191468540064201,0.2598576122672504,0.191468540064201,0.0,0.0,0.0
2022-03-09,0.0,0.0,0.0,0.191468540064201,0.2598576122672504,0.191468540064201,0.0,0.0,0.0
2022-03-09,0.0,0.0,0.0,0.191468540064201,0.2598576122672504,0.191468540064201,0.0,0.0,0.0
2022-03-09,0.0,0.0,0.0,0.191468540064201,0.2598576122672504,0.191468540064201,0.0,0.0,0.0
2022-03-09,0.0,0.0,0.0,0.191468540064201,0.2598576122672504,0.191468540064201,0.0,0.0,0.0
2022-03-09,0.0,0.0,0.0,0.191468540064201,0.2598576122672504,0.191468540064201,0.0,0.0,0.0
2022-03-09,0.0,0.0,0.0,0.191468540064201,0.2598576122672504,0.191468540064201,0.0,0.0,0.0
2022-03-09,0.0,0.0,0.0,0.191468540064201,0.2598576122672504,0.191468540064201,0.0,0.0,0.0
2022-03-09,0.0,0.0,0.0,0.191468540064201,0.2598576122672504,0.191468540064201,0.0,0.0,0.0
2022-03-10,0.0,0.0,0.0,0.1857953981363728,0.252738225629793,0.191468540064201,-0.005673141927828196,0.0,0.005673141927828196
2022-03-10,0.0,0.0,0.0,0.1857953981363728,0.252738225629793,0.1857953981363728,0.0,0.0,0.0
2022-03-10,0.0,0.0,0.0,0.1857953981363728,0.252738225629793,0.1857953981363728,0.0,0.0,0.0
2022-03-10,0.0,0.0,0.0,0.1857953981363728,0.252738225629793,0.1857953981363728,0.0,0.0,0.0
2022-03-10,0.0,0.0,0.0,0.1857953981363728,0.252738225629793,0.1857953981363728,0.0,0.0,0.0
2022-03-10,0.0,0.0,0.0,0.1857953981363728,0.252738225629793,0.1857953981363728,0.0,0.0,0.0
2022-03-10,0.0,0.0,0.0,0.1857953981363728,0.252738225629793,0.1857953981363728,0.0,0.0,0.0
2022-03-10,0.0,0.0,0.0,0.1857953981363728,0.252738225629793,0.1857953981363728,0.0,0.0,0.0
2022-03-10,0.0,0.0,0.0,0.1857953981363728,0.252738225629793,0.1857953981363728,0.0,0.0,0.0
2022-03-10,0.0,0.0,0.0,0.1857953981363728,0.252738225629793,0.1857953981363728,0.0,0.0,0.0
2022-03-10,0.0,0.0,0.0,0.1857953981363728,0.252738225629793,0.1857953981363728,0.0,0.0,0.0
2022-03-10,0.0,0.0,0.0,0.1857953981363728,0.252738225629793,0.1857953981363728,0.0,0.0,0.0
2022-03-11,0.0,0.0,0.0,0.1857953981363728,0.252738225629793,0.1857953981363728,0.0,0.0,0.0
2022-03-11,0.0,0.0,0.0,0.1857953981363728,0.252738225629793,0.1857953981363728,0.0,0.0,0.0
2022-03-11,0.0,0.0,0.0,0.1857953981363728,0.252738225629793,0.1857953981363728,0.0,0.0,0.0
2022-03-11,0.0,0.0,0.0,0.1857953981363728,0.252738225629793,0.1857953981363728,0.0,0.0,0.0
2022-03-11,0.0,0.0,0.0,0.1857953981363728,0.252738225629793,0.1857953981363728,0.0,0.0,0.0
2022-03-11,0.0,0.0,0.0,0.1857953981363728,0.252738225629793,0.1857953981363728,0.0,0.0,0.0
2022-03-11,0.0,0.0,0.0,0.1857953981363728,0.252738225629793,0.1857953981363728,0.0,0.0,0.0
2022-03-11,0.0,0.0,0.0,0.1857953981363728,0.252738225629793,0.1857953981363728,0.0,0.0,0.0
2022-03-11,0.0,0.0,0.0,0.1857953981363728,0.252738225629793,0.1857953981363728,0.0,0.0,0.0
2022-03-11,0.0,0.0,0.0,0.1857953981363728,0.252738225629793,0.1857953981363728,0.0,0.0,0.0
2022-03-11,0.0,0.0,0.0,0.1857953981363728,0.252738225629793,0.1857953981363728,0.0,0.0,0.0
2022-03-11,0.0,0.0,0.0,0.1857953981363728,0.252738225629793,0.1857953981363728,0.0,0.0,0.0
2022-03-12,0.0,0.0,0.0,0.1857953981363728,0.252738225629793,0.1857953981363728,0.0,0.0,0.0
2022-03-12,0.0,0.0,0.0,0.1857953981363728,0.252738225629793,0.1857953981363728,0.0,0.0,0.0
2022-03-12,0.0,0.0,0.0,0.1857953981363728,0.252738225629793,0.1857953981363728,0.0,0.0,0.0
2022-03-12,0.0,0.0,0.0,0.1857953981363728,0.252738225629793,0.1857953981363728,0.0,0.0,0.0
2022-03-12,0.0,0.0,0.0,0.1857953981363728,0.252738225629793,0.1857953981363728,0.0,0.0,0.0
2022-03-12,0.0,0.0,0.0,0.1857953981363728,0.252738225629793,0.1857953981363728,0.0,0.0,0.0
2022-03-12,0.0,0.0,0.0,0.1857953981363728,0.252738225629793,0.1857953981363728,0.0,0.0,0.0
2022-03-12,0.0,0.0,0.0,0.1857953981363728,0.252738225629793,0.1857953981363728,0.0,0.0,0.0
2022-03-12,0.0,0.0,0.0,0.1857953981363728,0.252738225629793,0.1857953981363728,0.0,0.0,0.0
2022-03-12,0.0,0.0,0.0,0.1857953981363728,0.252738225629793,0.1857953981363728,0.0,0.0,0.0
2022-03-12,0.0,0.0,0.0,0.1857953981363728,0.252738225629793,0.1857953981363728,0.0,0.0,0.0
2022-03-12,0.0,0.0,0.0,0.1857953981363728,0.252738225629793,0.1857953981363728,0.0,0.0,0.0
2022-03-13,0.0,0.0,0.0,0.1857953981363728,0.252738225629793,0.1857953981363728,0.0,0.0,0.0
2022-03-13,0.0,0.0,0.0,0.1857953981363728,0.252738225629793,0.1857953981363728,0.0,0.0,0.0
2022-03-13,0.0,0.0,0.0,0.1857953981363728,0.252738225629793,0.1857953981363728,0.0,0.0,0.0
2022-03-13,0.0,0.0,0.0,0.1857953981363728,0.252738225629793,0.1857953981363728,0.0,0.0,0.0
2022-03-13,0.0,0.0,0.0,0.1857953981363728,0.252738225629793,0.1857953981363728,0.0,0.0,0.0
2022-03-13,0.0,0.0,0.0,0.1857953981363728,0.252738225629793,0.1857953981363728,0.0,0.0,0.0
2022-03-13,0.0,0.0,0.0,0.1857953981363728,0.252738225629793,0.1857953981363728,0.0,0.0,0.0
2022-03-13,0.0,0.0,0.0,0.1857953981363728,0.252738225629793,0.1857953981363728,0.0,0.0,0.0
2022-03-13,0.0,0.0,0.0,0.1857953981363728,0.252738225629793,0.1857953981363728,0.0,0.0,0.0
2022-03-13,0.0,0.0,0.0,0.1857953981363728,0.252738225629793,0.1857953981363728,0.0,0.0,0.0
2022-03-13,0.0,0.0,0.0,0.1857953981363728,0.252738225629793,0.1857953981363728,0.0,0.0,0.0
2022-03-13,0.0,0.0,0.0,0.1857953981363728,0.252738225629793,0.1857953981363728,0.0,0.0,0.0
2022-03-14,0.0,0.0,0.0,0.1857953981363728,0.252738225629793,0.1857953981363728,0.0,0.0,0.0
2022-03-14,0.0,0.0,0.0,0.1857953981363728,0.252738225629793,0.1857953981363728,0.0,0.0,0.0
2022-03-14,0.0,0.0,0.0,0.1857953981363728,0.252738225629793,0.1857953981363728,0.0,0.0,0.0
2022-03-14,0.0,0.0,0.0,0.1857953981363728,0.252738225629793,0.1857953981363728,0.0,0.0,0.0
2022-03-14,0.0,0.0,0.0,0.1857953981363728,0.252738225629793,0.1857953981363728,0.0,0.0,0.0
2022-03-14,0.0,0.0,0.0,0.1857953981363728,0.252738225629793,0.1857953981363728,0.0,0.0,0.0
2022-03-14,0.0,0.0,0.0,0.1857953981363728,0.252738225629793,0.1857953981363728,0.0,0.0,0.0
2022-03-14,0.0,0.0,0.0,0.1857953981363728,0.252738225629793,0.1857953981363728,0.0,0.0,0.0
2022-03-14,0.0,0.0,0.0,0.1857953981363728,0.252738225629793,0.1857953981363728,0.0,0.0,0.0
2022-03-14,0.0,0.0,0.0,0.1857953981363728,0.252738225629793,0.1857953981363728,0.0,0.0,0.0
2022-03-14,0.0,0.0,0.0,0.1857953981363728,0.252738225629793,0.1857953981363728,0.0,0.0,0.0
2022-03-14,0.0,0.0,0.0,0.1857953981363728,0.252738225629793,0.1857953981363728,0.0,0.0,0.0
2022-03-15,0.0,0.0,0.0,0.1857953981363728,0.252738225629793,0.1857953981363728,0.0,0.0,0.0
2022-03-15,0.0,0.0,0.0,0.1857953981363728,0.252738225629793,0.1857953981363728,0.0,0.0,0.0
2022-03-15,0.0,0.0,0.0,0.1857953981363728,0.252738225629793,0.1857953981363728,0.0,0.0,0.0
2022-03-15,0.0,0.0,0.0,0.1857953981363728,0.252738225629793,0.1857953981363728,0.0,0.0,0.0
2022-03-15,0.0,0.0,0.0,0.1857953981363728,0.252738225629793,0.1857953981363728,0.0,0.0,0.0
2022-03-15,0.0,0.0,0.0,0.1857953981363728,0.252738225629793,0.1857953981363728,0.0,0.0,0.0
2022-03-15,0.0,0.0,0.0,0.1857953981363728,0.252738225629793,0.1857953981363728,0.0,0.0,0.0
2022-03-15,0.0,0.0,0.0,0.1857953981363728,0.252738225629793,0.1857953981363728,0.0,0.0,0.0
2022-03-15,0.0,0.0,0.0,0.1857953981363728,0.252738225629793,0.1857953981363728,0.0,0.0,0.0
2022-03-15,0.0,0.0,0.0,0.1857953981363728,0.252738225629793,0.1857953981363728,0.0,0.0,0.0
2022-03-15,0.0,0.0,0.0,0.1857953981363728,0.252738225629793,0.1857953981363728,0.0,0.0,0.0
2022-03-15,0.0,0.0,0.0,0.1857953981363728,0.252738225629793,0.1857953981363728,0.0,0.0,0.0
2022-03-16,0.0,0.0,0.0,0.1857953981363728,0.252738225629793,0.1857953981363728,0.0,0.0,0.0
2022-03-16,0.0,0.0,0.0,0.1857953981363728,0.252738225629793,0.1857953981363728,0.0,0.0,0.0
2022-03-16,0.0,0.0,0.0,0.1857953981363728,0.252738225629793,0.1857953981363728,0.0,0.0,0.0
2022-03-16,0.0,0.0,0.0,0.1857953981363728,0.252738225629793,0.1857953981363728,0.0,0.0,0.0
2022-03-16,0.0,0.0,0.0,0.1857953981363728,0.252738225629793,0.1857953981363728,0.0,0.0,0.0
2022-03-16,0.0,0.0,0.0,0.1857953981363728,0.252738225629793,0.1857953981363728,0.0,0.0,0.0
2022-03-16,0.0,0.0,0.0,0.1857953981363728,0.252738225629793,0.1857953981363728,0.0,0.0,0.0
2022-03-16,0.0,0.0,0.0,0.1857953981363728,0.252738225629793,0.1857953981363728,0.0,0.0,0.0
2022-03-16,0.0,0.0,0.0,0.1857953981363728,0.252738225629793,0.1857953981363728,0.0,0.0,0.0
2022-03-16,0.0,0.0,0.0,0.1857953981363728,0.252738225629793,0.1857953981363728,0.0,0.0,0.0
2022-03-16,0.0,0.0,0.0,0.1857953981363728,0.252738225629793,0.1857953981363728,0.0,0.0,0.0
2022-03-16,0.0,0.0,0.0,0.1857953981363728,0.252738225629793,0.1857953981363728,0.0,0.0,0.0
2022-03-17,0.0,0.0,0.0,0.1463197855552351,0.2015334063526843,0.1857953981363728,-0.039475612581137715,0.0,0.039475612581137715
2022-03-17,0.0,0.0,0.0,0.1463197855552351,0.2015334063526843,0.1463197855552351,0.0,0.0,0.0
2022-03-17,0.0,0.0,0.0,0.1463197855552351,0.2015334063526843,0.1463197855552351,0.0,0.0,0.0
2022-03-17,0.0,0.0,0.0,0.1463197855552351,0.2015334063526843,0.1463197855552351,0.0,0.0,0.0
2022-03-17,0.0,0.0,0.0,0.1463197855552351,0.2015334063526843,0.1463197855552351,0.0,0.0,0.0
2022-03-17,0.0,0.0,0.0,0.1463197855552351,0.2015334063526843,0.1463197855552351,0.0,0.0,0.0
2022-03-17,0.0,0.0,0.0,0.1463197855552351,0.2015334063526843,0.1463197855552351,0.0,0.0,0.0
2022-03-17,0.0,0.0,0.0,0.1463197855552351,0.2015334063526843,0.1463197855552351,0.0,0.0,0.0
2022-03-17,0.0,0.0,0.0,0.1463197855552351,0.2015334063526843,0.1463197855552351,0.0,0.0,0.0
2022-03-17,0.0,0.0,0.0,0.1463197855552351,0.2015334063526843,0.1463197855552351,0.0,0.0,0.0
2022-03-17,0.0,0.0,0.0,0.1463197855552351,0.2015334063526843,0.1463197855552351,0.0,0.0,0.0
2022-03-17,0.0,0.0,0.0,0.1463197855552351,0.2015334063526843,0.1463197855552351,0.0,0.0,0.0
2022-03-18,0.0,0.0,0.0,0.1463197855552351,0.2015334063526843,0.1463197855552351,0.0,0.0,0.0
2022-03-18,0.0,0.0,0.0,0.1463197855552351,0.2015334063526843,0.1463197855552351,0.0,0.0,0.0
2022-03-18,0.0,0.0,0.0,0.1463197855552351,0.2015334063526843,0.1463197855552351,0.0,0.0,0.0
2022-03-18,0.0,0.0,0.0,0.1463197855552351,0.2015334063526843,0.1463197855552351,0.0,0.0,0.0
2022-03-18,0.0,0.0,0.0,0.1463197855552351,0.2015334063526843,0.1463197855552351,0.0,0.0,0.0
2022-03-18,0.0,0.0,0.0,0.1463197855552351,0.2015334063526843,0.1463197855552351,0.0,0.0,0.0
2022-03-18,0.0,0.0,0.0,0.1463197855552351,0.2015334063526843,0.1463197855552351,0.0,0.0,0.0
2022-03-18,0.0,0.0,0.0,0.1463197855552351,0.2015334063526843,0.1463197855552351,0.0,0.0,0.0
2022-03-18,0.0,0.0,0.0,0.1463197855552351,0.2015334063526843,0.1463197855552351,0.0,0.0,0.0
2022-03-18,0.0,0.0,0.0,0.1463197855552351,0.2015334063526843,0.1463197855552351,0.0,0.0,0.0
2022-03-18,0.0,0.0,0.0,0.1463197855552351,0.2015334063526843,0.1463197855552351,0.0,0.0,0.0
2022-03-18,0.0,0.0,0.0,0.1463197855552351,0.2015334063526843,0.1463197855552351,0.0,0.0,0.0
2022-03-19,0.0,0.0,0.0,0.1463197855552351,0.2015334063526843,0.1463197855552351,0.0,0.0,0.0
2022-03-19,0.0,0.0,0.0,0.1463197855552351,0.2015334063526843,0.1463197855552351,0.0,0.0,0.0
2022-03-19,0.0,0.0,0.0,0.1463197855552351,0.2015334063526843,0.1463197855552351,0.0,0.0,0.0
2022-03-19,0.0,0.0,0.0,0.1463197855552351,0.2015334063526843,0.1463197855552351,0.0,0.0,0.0
2022-03-19,0.0015177716427848,0.0,0.0,0.1463197855552351,0.2015334063526843,0.1463197855552351,0.0,0.0,0.0
2022-03-19,0.0,0.0,0.0,0.1463197855552351,0.2015334063526843,0.1463197855552351,0.0,0.0,0.0
2022-03-19,0.0,0.0,0.0,0.1463197855552351,0.2015334063526843,0.1463197855552351,0.0,0.0,0.0
2022-03-19,0.0,0.0,0.0,0.1463197855552351,0.2015334063526843,0.1463197855552351,0.0,0.0,0.0
2022-03-19,6.892992557845264e-05,0.0,0.0,0.1463197855552351,0.2015334063526843,0.1463197855552351,0.0,0.0,0.0
2022-03-19,0.0,0.0,0.0,0.1463197855552351,0.2015334063526843,0.1463197855552351,0.0,0.0,0.0
2022-03-19,0.0,0.0,0.0,0.1463197855552351,0.2015334063526843,0.1463197855552351,0.0,0.0,0.0
2022-03-19,0.0,0.0,0.0,0.1463197855552351,0.2015334063526843,0.1463197855552351,0.0,0.0,0.0
2022-03-20,0.0,0.0,0.0,0.1463197855552351,0.2015334063526843,0.1463197855552351,0.0,0.0,0.0
2022-03-20,0.0007215785029202,0.0,0.0,0.1463197855552351,0.2015334063526843,0.1463197855552351,0.0,2.245618679765346e-05,2.245618679765346e-05
2022-03-20,0.0017770245833962,0.0,0.0,0.1463197855552351,0.2015334063526843,0.1463197855552351,0.0,0.0,0.0
2022-03-20,0.0173160542043776,0.0,0.0,0.1463197855552351,0.2015334063526843,0.1463197855552351,0.0,0.0,0.0
2022-03-20,0.004462011298411,0.0,0.0,0.1463197855552351,0.2015334063526843,0.1463197855552351,0.0,0.0,0.0
2022-03-20,0.0296427035404842,0.0,0.0,0.1463197855552351,0.2015334063526843,0.1463197855552351,0.0,0.0,0.0
2022-03-20,9.599305320800356e-05,0.0,0.0,0.1463197855552351,0.2015334063526843,0.1463197855552351,0.0,0.0,0.0
2022-03-20,0.0053958498869101,0.0,0.0,0.1463197855552351,0.2015334063526843,0.1463197855552351,0.0,0.0,0.0
2022-03-20,0.0006577962549539,0.0,0.0,0.1463197855552351,0.2015334063526843,0.1463197855552351,0.0,0.0,0.0
2022-03-20,0.0012392973212704,0.0,0.0,0.1463197855552351,0.2015334063526843,0.1463197855552351,0.0,0.0,0.0
2022-03-20,0.0,0.0,0.0,0.1463197855552351,0.2015334063526843,0.1463197855552351,0.0,0.0,0.0
2022-03-20,5.116712981296861e-05,0.0,0.0,0.1463197855552351,0.2015334063526843,0.1463197855552351,0.0,0.0,0.0
2022-03-21,0.0121103997902931,0.0,0.0,0.1463197855552351,0.2015334063526843,0.1463197855552351,0.0,0.0,0.0
2022-03-21,0.0,0.0,0.0,0.1463197855552351,0.2015334063526843,0.1463197855552351,0.0,0.0,0.0
2022-03-21,0.00128393469853,0.0,0.0,0.1463197855552351,0.2015334063526843,0.1463197855552351,0.0,0.0,0.0
2022-03-21,0.0,0.0,0.0,0.1463197855552351,0.2015334063526843,0.1463197855552351,0.0,0.0,0.0
2022-03-21,0.0,0.0,0.0,0.1463197855552351,0.2015334063526843,0.1463197855552351,0.0,0.0,0.0
2022-03-21,0.0,0.0,0.0,0.1463197855552351,0.2015334063526843,0.1463197855552351,0.0,0.0,0.0
2022-03-21,0.0,0.0,0.0,0.1463197855552351,0.2015334063526843,0.1463197855552351,0.0,0.0,0.0
2022-03-21,0.0020093595249626,0.0,0.0,0.1463197855552351,0.2015334063526843,0.1463197855552351,0.0,0.0,0.0
2022-03-21,0.0038292789088527,0.0,0.0,0.1463197855552351,0.2015334063526843,0.1463197855552351,0.0,0.0,0.0
2022-03-21,3.87079694183544e-05,0.0,0.0,0.1463197855552351,0.2015334063526843,0.1463197855552351,0.0,0.0,0.0
2022-03-21,0.0,0.0,0.0,0.1463197855552351,0.2015334063526843,0.1463197855552351,0.0,0.0,0.0
2022-03-21,0.0057011804471381,0.0,0.0,0.1463197855552351,0.2015334063526843,0.1463197855552351,0.0,0.0,0.0
2022-03-22,0.0,0.0,0.0,0.1463197855552351,0.2015334063526843,0.1463197855552351,0.0,0.0,0.0
2022-03-22,0.0,0.0,0.0,0.1463197855552351,0.2015334063526843,0.1463197855552351,0.0,0.0,0.0
2022-03-22,0.0,0.0,0.0,0.1463197855552351,0.2015334063526843,0.1463197855552351,0.0,0.0,0.0
2022-03-22,0.0,0.0,0.0,0.1463197855552351,0.2015334063526843,0.1463197855552351,0.0,0.0,0.0
2022-03-22,0.0,0.0,0.0,0.1463197855552351,0.2015334063526843,0.1463197855552351,0.0,0.0,0.0
2022-03-22,0.0,0.0,0.0,0.1463197855552351,0.2015334063526843,0.1463197855552351,0.0,0.0,0.0
2022-03-22,0.0,0.0,0.0,0.1463197855552351,0.2015334063526843,0.1463197855552351,0.0,0.0,0.0
2022-03-22,0.0,0.0,0.0,0.1463197855552351,0.2015334063526843,0.1463197855552351,0.0,0.0,0.0
2022-03-22,0.0,0.0,0.0,0.1463197855552351,0.2015334063526843,0.1463197855552351,0.0,0.0,0.0
2022-03-22,0.0,0.0,0.0,0.1463197855552351,0.2015334063526843,0.1463197855552351,0.0,0.0,0.0
2022-03-22,0.0,0.0,0.0,0.1463197855552351,0.2015334063526843,0.1463197855552351,0.0,0.0,0.0
2022-03-22,0.0,0.0,0.0,0.1463197855552351,0.2015334063526843,0.1463197855552351,0.0,0.0,0.0
2022-03-23,0.0,0.0,0.0,0.1463197855552351,0.2015334063526843,0.1463197855552351,0.0,0.0,0.0
2022-03-23,0.0,0.0,0.0,0.1463197855552351,0.2015334063526843,0.1463197855552351,0.0,0.0,0.0
2022-03-23,0.0,0.0,0.0,0.1463197855552351,0.2015334063526843,0.1463197855552351,0.0,0.0,0.0
2022-03-23,0.0,0.0,0.0,0.1463197855552351,0.2015334063526843,0.1463197855552351,0.0,0.0,0.0
2022-03-23,0.0,0.0,0.0,0.1463197855552351,0.2015334063526843,0.1463197855552351,0.0,0.0,0.0
2022-03-23,0.0,0.0,0.0,0.1463197855552351,0.2015334063526843,0.1463197855552351,0.0,0.0,0.0
2022-03-23,0.0,0.0,0.0,0.1463197855552351,0.2015334063526843,0.1463197855552351,0.0,0.0,0.0
2022-03-23,0.0,0.0,0.0,0.1463197855552351,0.2015334063526843,0.1463197855552351,0.0,0.0,0.0
2022-03-23,0.0,0.0,0.0,0.1463197855552351,0.2015334063526843,0.1463197855552351,0.0,0.0,0.0
2022-03-23,0.0,0.0,0.0,0.1463197855552351,0.2015334063526843,0.1463197855552351,0.0,0.0,0.0
2022-03-23,0.0,0.0,0.0,0.1463197855552351,0.2015334063526843,0.1463197855552351,0.0,0.0,0.0
2022-03-23,0.0,0.0,0.0,0.1463197855552351,0.2015334063526843,0.1463197855552351,0.0,0.0,0.0
2022-03-24,0.0,0.0,0.0,0.1198451232253703,0.1610076670317628,0.1463197855552351,-0.026474662329864784,0.0,0.026474662329864784
2022-03-24,0.0,0.0,0.0,0.1198451232253703,0.1610076670317628,0.1198451232253703,0.0,0.0,0.0
2022-03-24,0.0,0.0,0.0,0.1198451232253703,0.1610076670317628,0.1198451232253703,0.0,0.0,0.0
2022-03-24,6.0046573653788775e-06,0.0,0.0,0.1198451232253703,0.1610076670317628,0.1198451232253703,0.0,0.0,0.0
2022-03-24,0.0,0.0,0.0,0.1198451232253703,0.1610076670317628,0.1198451232253703,0.0,0.0,0.0
2022-03-24,0.0,0.0,0.0,0.1198451232253703,0.1610076670317628,0.1198451232253703,0.0,0.0,0.0
2022-03-24,0.0,0.0,0.0,0.1198451232253703,0.1610076670317628,0.1198451232253703,0.0,0.0,0.0
2022-03-24,0.0,0.0,0.0,0.1198451232253703,0.1610076670317628,0.1198451232253703,0.0,0.0,0.0
2022-03-24,0.0,0.0,0.0,0.1198451232253703,0.1610076670317628,0.1198451232253703,0.0,0.0,0.0
2022-03-24,0.0,0.0,0.0,0.1198451232253703,0.1610076670317628,0.1198451232253703,0.0,0.0,0.0
2022-03-24,0.0,0.0,0.0,0.1198451232253703,0.1610076670317628,0.1198451232253703,0.0,0.0,0.0
2022-03-24,0.0,0.0,0.0,0.1198451232253703,0.1610076670317628,0.1198451232253703,0.0,0.0,0.0
2022-03-25,0.0,0.0,0.0,0.1162994095204776,0.1558050383351581,0.1198451232253703,-0.0035457137048927057,0.0,0.0035457137048927057
2022-03-25,0.000273142447086,0.0,0.0,0.1162994095204776,0.1558050383351581,0.1162994095204776,0.0,0.0,0.0
2022-03-25,0.0003756010720253,0.0,0.0,0.1162994095204776,0.1558050383351581,0.1162994095204776,0.0,0.0,0.0
2022-03-25,0.0025314816822332,0.0,0.0,0.1162994095204776,0.1558050383351581,0.1162994095204776,0.0,0.0,0.0
2022-03-25,0.0,0.0,0.0,0.1162994095204776,0.1558050383351581,0.1162994095204776,0.0,0.0,0.0
2022-03-25,0.0011712467649836,0.0,0.0,0.1162994095204776,0.1558050383351581,0.1162994095204776,0.0,0.0,0.0
2022-03-25,1.0604522476326992e-07,0.0,0.0,0.1162994095204776,0.1558050383351581,0.1162994095204776,0.0,0.0,0.0
2022-03-25,9.796959812877074e-05,0.0,0.0,0.1162994095204776,0.1558050383351581,0.1162994095204776,0.0,0.0,0.0
2022-03-25,0.0001651505805468,0.0,0.0,0.1162994095204776,0.1558050383351581,0.1162994095204776,0.0,0.0,0.0
2022-03-25,0.0015009975544116,0.0,0.0,0.1162994095204776,0.1558050383351581,0.1162994095204776,0.0,0.0,0.0
2022-03-25,0.0001879199468841,0.0,0.0,0.1162994095204776,0.1558050383351581,0.1162994095204776,0.0,0.0,0.0
2022-03-25,0.0,0.0,0.0,0.1162994095204776,0.1558050383351581,0.1162994095204776,0.0,0.0,0.0
2022-03-26,0.0,0.0,0.0,0.112753695815585,0.1503285870755757,0.1162994095204776,-0.0035457137048925946,0.0,0.0035457137048925946
2022-03-26,0.0,0.0,0.0,0.112753695815585,0.1503285870755757,0.112753695815585,0.0,0.0,0.0
2022-03-26,0.0,0.0,0.0,0.112753695815585,0.1503285870755757,0.112753695815585,0.0,0.0,0.0
2022-03-26,0.0,0.0,0.0,0.112753695815585,0.1503285870755757,0.112753695815585,0.0,0.0,0.0
2022-03-26,0.0,0.0,0.0,0.112753695815585,0.1503285870755757,0.112753695815585,0.0,0.0,0.0
2022-03-26,0.0,0.0,0.0,0.112753695815585,0.1503285870755757,0.112753695815585,0.0,0.0,0.0
2022-03-26,0.0,0.0,0.0,0.112753695815585,0.1503285870755757,0.112753695815585,0.0,0.0,0.0
2022-03-26,0.0,0.0,0.0,0.112753695815585,0.1503285870755757,0.112753695815585,0.0,0.0,0.0
2022-03-26,0.0,0.0,0.0,0.112753695815585,0.1503285870755757,0.112753695815585,0.0,0.0,0.0
2022-03-26,0.0,0.0,0.0,0.112753695815585,0.1503285870755757,0.112753695815585,0.0,0.0,0.0
2022-03-26,0.0,0.0,0.0,0.112753695815585,0.1503285870755757,0.112753695815585,0.0,0.0,0.0
2022-03-26,0.0,0.0,0.0,0.112753695815585,0.1503285870755757,0.112753695815585,0.0,0.0,0.0
2022-03-27,0.0,0.0,0.0,0.1096807439380115,0.1453997809419487,0.112753695815585,-0.0030729518775735043,0.0,0.0030729518775735043
2022-03-27,0.0,0.0,0.0,0.1096807439380115,0.1453997809419487,0.1096807439380115,0.0,0.0,0.0
2022-03-27,0.0,0.0,0.0,0.1096807439380115,0.1453997809419487,0.1096807439380115,0.0,0.0,0.0
2022-03-27,0.0,0.0,0.0,0.1096807439380115,0.1453997809419487,0.1096807439380115,0.0,0.0,0.0
2022-03-27,0.0,0.0,0.0,0.1096807439380115,0.1453997809419487,0.1096807439380115,0.0,0.0,0.0
2022-03-27,0.0,0.0,0.0,0.1096807439380115,0.1453997809419487,0.1096807439380115,0.0,0.0,0.0
2022-03-27,0.0,0.0,0.0,0.1096807439380115,0.1453997809419487,0.1096807439380115,0.0,0.0,0.0
2022-03-27,0.0,0.0,0.0,0.1096807439380115,0.1453997809419487,0.1096807439380115,0.0,0.0,0.0
2022-03-27,0.0,0.0,0.0,0.1096807439380115,0.1453997809419487,0.1096807439380115,0.0,0.0,0.0
2022-03-27,0.0,0.0,0.0,0.1096807439380115,0.1453997809419487,0.1096807439380115,0.0,0.0,0.0
2022-03-27,0.0,0.0,0.0,0.1096807439380115,0.1453997809419487,0.1096807439380115,0.0,0.0,0.0
2022-03-27,0.0,0.0,0.0,0.1096807439380115,0.1453997809419487,0.1096807439380115,0.0,0.0,0.0
2022-03-28,0.0,0.0,0.0,0.1073169348014164,0.1421139101861985,0.1096807439380115,-0.0023638091365951047,0.0,0.0023638091365951047
2022-03-28,0.0,0.0,0.0,0.1073169348014164,0.1421139101861985,0.1073169348014164,0.0,0.0,0.0
2022-03-28,0.0,0.0,0.0,0.1073169348014164,0.1421139101861985,0.1073169348014164,0.0,0.0,0.0
2022-03-28,0.0,0.0,0.0,0.1073169348014164,0.1421139101861985,0.1073169348014164,0.0,0.0,0.0
2022-03-28,0.0,0.0,0.0,0.1073169348014164,0.1421139101861985,0.1073169348014164,0.0,0.0,0.0
2022-03-28,0.0,0.0,0.0,0.1073169348014164,0.1421139101861985,0.1073169348014164,0.0,0.0,0.0
2022-03-28,0.0,0.0,0.0,0.1073169348014164,0.1421139101861985,0.1073169348014164,0.0,0.0,0.0
2022-03-28,0.0,0.0,0.0,0.1073169348014164,0.1421139101861985,0.1073169348014164,0.0,0.0,0.0
2022-03-28,0.0,0.0,0.0,0.1073169348014164,0.1421139101861985,0.1073169348014164,0.0,0.0,0.0
2022-03-28,0.0,0.0,0.0,0.1073169348014164,0.1421139101861985,0.1073169348014164,0.0,0.0,0.0
2022-03-28,0.0,0.0,0.0,0.1073169348014164,0.1421139101861985,0.1073169348014164,0.0,0.0,0.0
2022-03-28,0.0,0.0,0.0,0.1073169348014164,0.1421139101861985,0.1073169348014164,0.0,0.0,0.0
2022-03-29,0.0,0.0,0.0,0.1049531256648213,0.1382803943044912,0.1073169348014164,-0.002363809136595091,0.0,0.002363809136595091
2022-03-29,0.0,0.0,0.0,0.1049531256648213,0.1382803943044912,0.1049531256648213,0.0,0.0,0.0
2022-03-29,0.0,0.0,0.0,0.1049531256648213,0.1382803943044912,0.1049531256648213,0.0,0.0,0.0
2022-03-29,0.0,0.0,0.0,0.1049531256648213,0.1382803943044912,0.1049531256648213,0.0,0.0,0.0
2022-03-29,0.0,0.0,0.0,0.1049531256648213,0.1382803943044912,0.1049531256648213,0.0,0.0,0.0
2022-03-29,0.0,0.0,0.0,0.1049531256648213,0.1382803943044912,0.1049531256648213,0.0,0.0,0.0
2022-03-29,0.0,0.0,0.0,0.1049531256648213,0.1382803943044912,0.1049531256648213,0.0,0.0,0.0
2022-03-29,0.0,0.0,0.0,0.1049531256648213,0.1382803943044912,0.1049531256648213,0.0,0.0,0.0
2022-03-29,0.0,0.0,0.0,0.1049531256648213,0.1382803943044912,0.1049531256648213,0.0,0.0,0.0
2022-03-29,0.0,0.0,0.0,0.1049531256648213,0.1382803943044912,0.1049531256648213,0.0,0.0,0.0
2022-03-29,0.0,0.0,0.0,0.1049531256648213,0.1382803943044912,0.1049531256648213,0.0,0.0,0.0
2022-03-29,0.0,0.0,0.0,0.1049531256648213,0.1382803943044912,0.1049531256648213,0.0,0.0,0.0
2022-03-30,0.0,0.0,0.0,0.1037712210965237,0.1366374589266161,0.1049531256648213,-0.001181904568297601,0.0,0.001181904568297601
2022-03-30,0.0,0.0,0.0,0.1037712210965237,0.1366374589266161,0.1037712210965237,0.0,0.0,0.0
2022-03-30,0.0,0.0,0.0,0.1037712210965237,0.1366374589266161,0.1037712210965237,0.0,0.0,0.0
2022-03-30,0.0,0.0,0.0,0.1037712210965237,0.1366374589266161,0.1037712210965237,0.0,0.0,0.0
2022-03-30,0.0,0.0,0.0,0.1037712210965237,0.1366374589266161,0.1037712210965237,0.0,0.0,0.0
2022-03-30,0.0,0.0,0.0,0.1037712210965237,0.1366374589266161,0.1037712210965237,0.0,0.0,0.0
2022-03-30,0.0,0.0,0.0,0.1037712210965237,0.1366374589266161,0.1037712210965237,0.0,0.0,0.0
2022-03-30,0.0,0.0,0.0,0.1037712210965237,0.1366374589266161,0.1037712210965237,0.0,0.0,0.0
2022-03-30,0.0,0.0,0.0,0.1037712210965237,0.1366374589266161,0.1037712210965237,0.0,0.0,0.0
2022-03-30,0.0,0.0,0.0,0.1037712210965237,0.1366374589266161,0.1037712210965237,0.0,0.0,0.0
2022-03-30,0.0,0.0,0.0,0.1037712210965237,0.1366374589266161,0.1037712210965237,0.0,0.0,0.0
2022-03-30,0.0,0.0,0.0,0.1037712210965237,0.1366374589266161,0.1037712210965237,0.0,0.0,0.0
2022-03-31,0.0,0.0,0.0,0.1030620783555452,0.1355421686746982,0.1037712210965237,-0.0007091427409784967,0.0,0.0007091427409784967
2022-03-31,0.0,0.0,0.0,0.1030620783555452,0.1355421686746982,0.1030620783555452,0.0,0.0,0.0
2022-03-31,0.0,0.0,0.0,0.1030620783555452,0.1355421686746982,0.1030620783555452,0.0,0.0,0.0
2022-03-31,0.0,0.0,0.0,0.1030620783555452,0.1355421686746982,0.1030620783555452,0.0,0.0,0.0
2022-03-31,0.0,0.0,0.0,0.1030620783555452,0.1355421686746982,0.1030620783555452,0.0,0.0,0.0
2022-03-31,0.0,0.0,0.0,0.1030620783555452,0.1355421686746982,0.1030620783555452,0.0,0.0,0.0
2022-03-31,0.0,0.0,0.0,0.1030620783555452,0.1355421686746982,0.1030620783555452,0.0,0.0,0.0
2022-03-31,0.0,0.0,0.0,0.1030620783555452,0.1355421686746982,0.1030620783555452,0.0,0.0,0.0
2022-03-31,0.0,0.0,0.0,0.1030620783555452,0.1355421686746982,0.1030620783555452,0.0,0.0,0.0
2022-03-31,0.0,0.0,0.0,0.1030620783555452,0.1355421686746982,0.1030620783555452,0.0,0.0,0.0
2022-03-31,0.0,0.0,0.0,0.1030620783555452,0.1355421686746982,0.1030620783555452,0.0,0.0,0.0
2022-03-31,0.0,0.0,0.0,0.1030620783555452,0.1355421686746982,0.1030620783555452,0.0,0.0,0.0
2022-04-01,0.0,0.0,0.0,0.1030620783555452,0.1355421686746982,0.1030620783555452,0.0,0.0,0.0
2022-04-01,0.0,0.0,0.0,0.1030620783555452,0.1355421686746982,0.1030620783555452,0.0,0.0,0.0
2022-04-01,0.0,0.0,0.0,0.1030620783555452,0.1355421686746982,0.1030620783555452,0.0,0.0,0.0
2022-04-01,0.0,0.0,0.0,0.1030620783555452,0.1355421686746982,0.1030620783555452,0.0,0.0,0.0
2022-04-01,0.0,0.0,0.0,0.1030620783555452,0.1355421686746982,0.1030620783555452,0.0,0.0,0.0
2022-04-01,0.0,0.0,0.0,0.1030620783555452,0.1355421686746982,0.1030620783555452,0.0,0.0,0.0
2022-04-01,0.0,0.0,0.0,0.1030620783555452,0.1355421686746982,0.1030620783555452,0.0,0.0,0.0
2022-04-01,0.0,0.0,0.0,0.1030620783555452,0.1355421686746982,0.1030620783555452,0.0,0.0,0.0
2022-04-01,0.0,0.0,0.0,0.1030620783555452,0.1355421686746982,0.1030620783555452,0.0,0.0,0.0
2022-04-01,0.0,0.0,0.0,0.1030620783555452,0.1355421686746982,0.1030620783555452,0.0,0.0,0.0
2022-04-01,0.0,0.0,0.0,0.1030620783555452,0.1355421686746982,0.1030620783555452,0.0,0.0,0.0
2022-04-01,0.0,0.0,0.0,0.1030620783555452,0.1355421686746982,0.1030620783555452,0.0,0.0,0.0
2022-04-02,0.0,0.0,0.0,0.1035348401828643,0.1360898138006554,0.1030620783555452,0.00047276182731909033,3.780025423369852e-05,0.00043496157308539184
2022-04-02,0.0,0.0,0.0,0.1035348401828643,0.1360898138006554,0.1035348401828643,0.0,3.780025423369852e-05,3.780025423369852e-05
2022-04-02,0.0,0.0,0.0,0.1035348401828643,0.1360898138006554,0.1035348401828643,0.0,3.780025423369852e-05,3.780025423369852e-05
2022-04-02,0.0,0.0,0.0,0.1035348401828643,0.1360898138006554,0.1035348401828643,0.0,3.780025423369852e-05,3.780025423369852e-05
2022-04-02,0.0,0.0,0.0,0.1035348401828643,0.1360898138006554,0.1035348401828643,0.0,3.780025423369852e-05,3.780025423369852e-05
2022-04-02,0.0,0.0,0.0,0.1035348401828643,0.1360898138006554,0.1035348401828643,0.0,3.780025423369852e-05,3.780025423369852e-05
2022-04-02,0.0,0.0,0.0,0.1035348401828643,0.1360898138006554,0.1035348401828643,0.0,3.780025423369852e-05,3.780025423369852e-05
2022-04-02,0.0,0.0,0.0,0.1035348401828643,0.1360898138006554,0.1035348401828643,0.0,3.780025423369852e-05,3.780025423369852e-05
2022-04-02,0.0,0.0,0.0,0.1035348401828643,0.1360898138006554,0.1035348401828643,0.0,3.780025423369852e-05,3.780025423369852e-05
2022-04-02,0.0,0.0,0.0,0.1035348401828643,0.1360898138006554,0.1035348401828643,0.0,3.780025423369852e-05,3.780025423369852e-05
2022-04-02,0.0,0.0,0.0,0.1035348401828643,0.1360898138006554,0.1035348401828643,0.0,3.780025423369852e-05,3.780025423369852e-05
2022-04-02,0.0,0.0,0.0,0.1035348401828643,0.1360898138006554,0.1035348401828643,0.0,3.780025423369852e-05,3.780025423369852e-05
2022-04-03,0.0,0.0,0.0,0.1037712210965237,0.1366374589266161,0.1035348401828643,0.0002363809136594064,0.0,0.0002363809136594064
2022-04-03,0.0,0.0,0.0,0.1037712210965237,0.1366374589266161,0.1037712210965237,0.0,0.0,0.0
2022-04-03,0.0,0.0,0.0,0.1037712210965237,0.1366374589266161,0.1037712210965237,0.0,0.0,0.0
2022-04-03,0.0,0.0,0.0,0.1037712210965237,0.1366374589266161,0.1037712210965237,0.0,0.0,0.0
2022-04-03,0.0,0.0,0.0,0.1037712210965237,0.1366374589266161,0.1037712210965237,0.0,0.0,0.0
2022-04-03,0.0,0.0,0.0,0.1037712210965237,0.1366374589266161,0.1037712210965237,0.0,0.0,0.0
2022-04-03,0.0,0.0,0.0,0.1037712210965237,0.1366374589266161,0.1037712210965237,0.0,0.0,0.0
2022-04-03,0.0,0.0,0.0,0.1037712210965237,0.1366374589266161,0.1037712210965237,0.0,0.0,0.0
2022-04-03,0.0,0.0,0.0,0.1037712210965237,0.1366374589266161,0.1037712210965237,0.0,0.0,0.0
2022-04-03,0.0,0.0,0.0,0.1037712210965237,0.1366374589266161,0.1037712210965237,0.0,0.0,0.0
2022-04-03,0.0,0.0,0.0,0.1037712210965237,0.1366374589266161,0.1037712210965237,0.0,0.0,0.0
2022-04-03,0.0,0.0,0.0,0.1037712210965237,0.1366374589266161,0.1037712210965237,0.0,0.0,0.0
2022-04-04,0.0,0.0,0.0,0.1047167447511618,0.1380065717415117,0.1037712210965237,0.0009455236546380974,7.59033537640809e-05,0.0008696203008740164
2022-04-04,0.0,0.0,0.0,0.1047167447511618,0.1380065717415117,0.1047167447511618,0.0,7.59033537640809e-05,7.59033537640809e-05
2022-04-04,0.0,0.0,0.0,0.1047167447511618,0.1380065717415117,0.1047167447511618,0.0,7.59033537640809e-05,7.59033537640809e-05
2022-04-04,0.0,0.0,0.0,0.1047167447511618,0.1380065717415117,0.1047167447511618,0.0,7.59033537640809e-05,7.59033537640809e-05
2022-04-04,0.0,0.0,0.0,0.1047167447511618,0.1380065717415117,0.1047167447511618,0.0,7.59033537640809e-05,7.59033537640809e-05
2022-04-04,0.0,0.0,0.0,0.1047167447511618,0.1380065717415117,0.1047167447511618,0.0,7.59033537640809e-05,7.59033537640809e-05
2022-04-04,0.0,0.0,0.0,0.1047167447511618,0.1380065717415117,0.1047167447511618,0.0,7.59033537640809e-05,7.59033537640809e-05
2022-04-04,0.0,0.0,0.0,0.1047167447511618,0.1380065717415117,0.1047167447511618,0.0,7.59033537640809e-05,7.59033537640809e-05
2022-04-04,0.0,0.0,0.0,0.1047167447511618,0.1380065717415117,0.1047167447511618,0.0,7.59033537640809e-05,7.59033537640809e-05
2022-04-04,0.0,0.0,0.0,0.1047167447511618,0.1380065717415117,0.1047167447511618,0.0,7.59033537640809e-05,7.59033537640809e-05
2022-04-04,0.0,0.0,0.0,0.1047167447511618,0.1380065717415117,0.1047167447511618,0.0,7.59033537640809e-05,7.59033537640809e-05
2022-04-04,0.0,0.0,0.0,0.1047167447511618,0.1380065717415117,0.1047167447511618,0.0,7.59033537640809e-05,7.59033537640809e-05
2022-04-05,0.0,0.0,0.0,0.1051895065784808,0.1385542168674689,0.1047167447511618,0.0004727618273189932,4.133731445333141e-05,0.0004314245128656618
2022-04-05,0.0,0.0,0.0,0.1051895065784808,0.1385542168674689,0.1051895065784808,0.0,4.133731445333141e-05,4.133731445333141e-05
2022-04-05,0.0,0.0,0.0,0.1051895065784808,0.1385542168674689,0.1051895065784808,0.0,4.133731445333141e-05,4.133731445333141e-05
2022-04-05,0.0,0.0,0.0,0.1051895065784808,0.1385542168674689,0.1051895065784808,0.0,4.133731445333141e-05,4.133731445333141e-05
2022-04-05,0.0,0.0,0.0,0.1051895065784808,0.1385542168674689,0.1051895065784808,0.0,4.133731445333141e-05,4.133731445333141e-05
2022-04-05,0.0,0.0,0.0,0.1051895065784808,0.1385542168674689,0.1051895065784808,0.0,4.133731445333141e-05,4.133731445333141e-05
2022-04-05,0.0,0.0,0.0,0.1051895065784808,0.1385542168674689,0.1051895065784808,0.0,4.133731445333141e-05,4.133731445333141e-05
2022-04-05,0.0,0.0,0.0,0.1051895065784808,0.1385542168674689,0.1051895065784808,0.0,4.133731445333141e-05,4.133731445333141e-05
2022-04-05,0.0,0.0,0.0,0.1051895065784808,0.1385542168674689,0.1051895065784808,0.0,4.133731445333141e-05,4.133731445333141e-05
2022-04-05,0.0,0.0,0.0,0.1051895065784808,0.1385542168674689,0.1051895065784808,0.0,4.133731445333141e-05,4.133731445333141e-05
2022-04-05,0.0,0.0,0.0,0.1051895065784808,0.1385542168674689,0.1051895065784808,0.0,4.133731445333141e-05,4.133731445333141e-05
2022-04-05,0.0,0.0,0.0,0.1051895065784808,0.1385542168674689,0.1051895065784808,0.0,4.133731445333141e-05,4.133731445333141e-05
2022-04-06,0.0,0.0,0.0,0.1056622684057998,0.1393756845564073,0.1051895065784808,0.00047276182731900707,5.955474519962353e-06,0.0004668063527990447
2022-04-06,0.0,0.0,0.0,0.1056622684057998,0.1393756845564073,0.1056622684057998,0.0,5.955474519962353e-06,5.955474519962353e-06
2022-04-06,0.0,0.0,0.0,0.1056622684057998,0.1393756845564073,0.1056622684057998,0.0,5.955474519962353e-06,5.955474519962353e-06
2022-04-06,0.0,0.0,0.0,0.1056622684057998,0.1393756845564073,0.1056622684057998,0.0,5.955474519962353e-06,5.955474519962353e-06
2022-04-06,0.0,0.0,0.0,0.1056622684057998,0.1393756845564073,0.1056622684057998,0.0,5.955474519962353e-06,5.955474519962353e-06
2022-04-06,0.0,0.0,0.0,0.1056622684057998,0.1393756845564073,0.1056622684057998,0.0,5.955474519962353e-06,5.955474519962353e-06
2022-04-06,0.0,0.0,0.0,0.1056622684057998,0.1393756845564073,0.1056622684057998,0.0,5.955474519962353e-06,5.955474519962353e-06
2022-04-06,0.0,0.0,0.0,0.1056622684057998,0.1393756845564073,0.1056622684057998,0.0,5.955474519962353e-06,5.955474519962353e-06
2022-04-06,0.0,0.0,0.0,0.1056622684057998,0.1393756845564073,0.1056622684057998,0.0,5.955474519962353e-06,5.955474519962353e-06
2022-04-06,0.0,0.0,0.0,0.1056622684057998,0.1393756845564073,0.1056622684057998,0.0,5.955474519962353e-06,5.955474519962353e-06
2022-04-06,0.0,0.0,0.0,0.1056622684057998,0.1393756845564073,0.1056622684057998,0.0,5.955474519962353e-06,5.955474519962353e-06
2022-04-06,0.0,0.0,0.0,0.1056622684057998,0.1393756845564073,0.1056622684057998,0.0,5.955474519962353e-06,5.955474519962353e-06
2022-04-07,0.0,0.0,0.0,0.1056622684057998,0.1393756845564073,0.1056622684057998,0.0,5.955474519962353e-06,5.955474519962353e-06
2022-04-07,0.0,0.0,0.0,0.1056622684057998,0.1393756845564073,0.1056622684057998,0.0,5.955474519962353e-06,5.955474519962353e-06
2022-04-07,0.0,0.0,0.0,0.1056622684057998,0.1393756845564073,0.1056622684057998,0.0,5.955474519962353e-06,5.955474519962353e-06
2022-04-07,0.0,0.0,0.0,0.1056622684057998,0.1393756845564073,0.1056622684057998,0.0,5.955474519962353e-06,5.955474519962353e-06
2022-04-07,0.0,0.0,0.0,0.1056622684057998,0.1393756845564073,0.1056622684057998,0.0,5.955474519962353e-06,5.955474519962353e-06
2022-04-07,0.0,0.0,0.0,0.1056622684057998,0.1393756845564073,0.1056622684057998,0.0,5.955474519962353e-06,5.955474519962353e-06
2022-04-07,0.0,0.0,0.0,0.1056622684057998,0.1393756845564073,0.1056622684057998,0.0,5.955474519962353e-06,5.955474519962353e-06
2022-04-07,0.0,0.0,0.0,0.1056622684057998,0.1393756845564073,0.1056622684057998,0.0,5.955474519962353e-06,5.955474519962353e-06
2022-04-07,0.0,0.0,0.0,0.1056622684057998,0.1393756845564073,0.1056622684057998,0.0,5.955474519962353e-06,5.955474519962353e-06
2022-04-07,0.0,0.0,0.0,0.1056622684057998,0.1393756845564073,0.1056622684057998,0.0,5.955474519962353e-06,5.955474519962353e-06
2022-04-07,0.0,0.0,0.0,0.1056622684057998,0.1393756845564073,0.1056622684057998,0.0,5.955474519962353e-06,5.955474519962353e-06
2022-04-07,0.0,0.0,0.0,0.1056622684057998,0.1393756845564073,0.1056622684057998,0.0,5.955474519962353e-06,5.955474519962353e-06
2022-04-08,0.0,0.0,0.0,0.1056622684057998,0.1393756845564073,0.1056622684057998,0.0,5.955474519962353e-06,5.955474519962353e-06
2022-04-08,0.0,0.0,0.0,0.1056622684057998,0.1393756845564073,0.1056622684057998,0.0,5.955474519962353e-06,5.955474519962353e-06
2022-04-08,0.0,0.0,0.0,0.1056622684057998,0.1393756845564073,0.1056622684057998,0.0,5.955474519962353e-06,5.955474519962353e-06
2022-04-08,0.0,0.0,0.0,0.1056622684057998,0.1393756845564073,0.1056622684057998,0.0,5.955474519962353e-06,5.955474519962353e-06
2022-04-08,0.0,0.0,0.0,0.1056622684057998,0.1393756845564073,0.1056622684057998,0.0,5.955474519962353e-06,5.955474519962353e-06
2022-04-08,0.0,0.0,0.0,0.1056622684057998,0.1393756845564073,0.1056622684057998,0.0,5.955474519962353e-06,5.955474519962353e-06
2022-04-08,0.0,0.0,0.0,0.1056622684057998,0.1393756845564073,0.1056622684057998,0.0,5.955474519962353e-06,5.955474519962353e-06
2022-04-08,0.0,0.0,0.0,0.1056622684057998,0.1393756845564073,0.1056622684057998,0.0,5.955474519962353e-06,5.955474519962353e-06
2022-04-08,0.0,0.0,0.0,0.1056622684057998,0.1393756845564073,0.1056622684057998,0.0,5.955474519962353e-06,5.955474519962353e-06
2022-04-08,0.0,0.0,0.0,0.1056622684057998,0.1393756845564073,0.1056622684057998,0.0,5.955474519962353e-06,5.955474519962353e-06
2022-04-08,0.0,0.0,0.0,0.1056622684057998,0.1393756845564073,0.1056622684057998,0.0,5.955474519962353e-06,5.955474519962353e-06
2022-04-08,0.0,0.0,0.0,0.1056622684057998,0.1393756845564073,0.1056622684057998,0.0,5.955474519962353e-06,5.955474519962353e-06
2022-04-09,0.0005893793095034,0.0,0.0,0.1056622684057998,0.1393756845564073,0.1056622684057998,0.0,0.0,0.0
2022-04-09,0.0,0.0,0.0,0.1056622684057998,0.1393756845564073,0.1056622684057998,0.0,5.955474519962353e-06,5.955474519962353e-06
2022-04-09,0.0,0.0,0.0,0.1056622684057998,0.1393756845564073,0.1056622684057998,0.0,5.955474519962353e-06,5.955474519962353e-06
2022-04-09,0.0,0.0,0.0,0.1056622684057998,0.1393756845564073,0.1056622684057998,0.0,5.955474519962353e-06,5.955474519962353e-06
2022-04-09,0.0,0.0,0.0,0.1056622684057998,0.1393756845564073,0.1056622684057998,0.0,5.955474519962353e-06,5.955474519962353e-06
2022-04-09,0.0,0.0,0.0,0.1056622684057998,0.1393756845564073,0.1056622684057998,0.0,5.955474519962353e-06,5.955474519962353e-06
2022-04-09,0.0,0.0,0.0,0.1056622684057998,0.1393756845564073,0.1056622684057998,0.0,5.955474519962353e-06,5.955474519962353e-06
2022-04-09,0.0,0.0,0.0,0.1056622684057998,0.1393756845564073,0.1056622684057998,0.0,5.955474519962353e-06,5.955474519962353e-06
2022-04-09,0.0,0.0,0.0,0.1056622684057998,0.1393756845564073,0.1056622684057998,0.0,5.955474519962353e-06,5.955474519962353e-06
2022-04-09,0.0,0.0,0.0,0.1056622684057998,0.1393756845564073,0.1056622684057998,0.0,5.955474519962353e-06,5.955474519962353e-06
2022-04-09,0.0,0.0,0.0,0.1056622684057998,0.1393756845564073,0.1056622684057998,0.0,5.955474519962353e-06,5.955474519962353e-06
2022-04-09,0.0,0.0,0.0,0.1056622684057998,0.1393756845564073,0.1056622684057998,0.0,5.955474519962353e-06,5.955474519962353e-06
2022-04-10,0.0,0.0,0.0,0.1056622684057998,0.1393756845564073,0.1056622684057998,0.0,5.955474519962353e-06,5.955474519962353e-06
2022-04-10,1.1984265173991708e-05,0.0,0.0,0.1056622684057998,0.1393756845564073,0.1056622684057998,0.0,1.817023718879805e-05,1.817023718879805e-05
2022-04-10,0.0,0.0,0.0,0.1056622684057998,0.1393756845564073,0.1056622684057998,0.0,5.955474519962353e-06,5.955474519962353e-06
2022-04-10,0.0009010886567878,0.0,0.0,0.1056622684057998,0.1393756845564073,0.1056622684057998,0.0,0.0,0.0
2022-04-10,0.0023611290134618,0.0,0.0,0.1056622684057998,0.1393756845564073,0.1056622684057998,0.0,0.0,0.0
2022-04-10,0.0004261010919261,0.0,0.0,0.1056622684057998,0.1393756845564073,0.1056622684057998,0.0,0.0,0.0
2022-04-10,0.0,0.0,0.0,0.1056622684057998,0.1393756845564073,0.1056622684057998,0.0,5.955474519962353e-06,5.955474519962353e-06
2022-04-10,0.0007092128465833,0.0,0.0,0.1056622684057998,0.1393756845564073,0.1056622684057998,0.0,4.491237359530692e-05,4.491237359530692e-05
2022-04-10,0.0,0.0,0.0,0.1056622684057998,0.1393756845564073,0.1056622684057998,0.0,5.955474519962353e-06,5.955474519962353e-06
2022-04-10,5.042480819693689e-05,0.0,0.0,0.1056622684057998,0.1393756845564073,0.1056622684057998,0.0,0.0,0.0
2022-04-10,0.0,0.0,0.0,0.1056622684057998,0.1393756845564073,0.1056622684057998,0.0,5.955474519962353e-06,5.955474519962353e-06
2022-04-10,0.0005943069493884,0.0,0.0,0.1056622684057998,0.1393756845564073,0.1056622684057998,0.0,0.0,0.0
2022-04-11,0.0,0.0,0.0,0.1056622684057998,0.1393756845564073,0.1056622684057998,0.0,5.955474519962353e-06,5.955474519962353e-06
2022-04-11,0.0,0.0,0.0,0.1056622684057998,0.1393756845564073,0.1056622684057998,0.0,5.955474519962353e-06,5.955474519962353e-06
2022-04-11,0.0,0.0,0.0,0.1056622684057998,0.1393756845564073,0.1056622684057998,0.0,5.955474519962353e-06,5.955474519962353e-06
2022-04-11,0.0,0.0,0.0,0.1056622684057998,0.1393756845564073,0.1056622684057998,0.0,5.955474519962353e-06,5.955474519962353e-06
2022-04-11,0.0,0.0,0.0,0.1056622684057998,0.1393756845564073,0.1056622684057998,0.0,5.955474519962353e-06,5.955474519962353e-06
2022-04-11,0.0,0.0,0.0,0.1056622684057998,0.1393756845564073,0.1056622684057998,0.0,5.955474519962353e-06,5.955474519962353e-06
2022-04-11,0.0,0.0,0.0,0.1056622684057998,0.1393756845564073,0.1056622684057998,0.0,5.955474519962353e-06,5.955474519962353e-06
2022-04-11,0.0,0.0,0.0,0.1056622684057998,0.1393756845564073,0.1056622684057998,0.0,5.955474519962353e-06,5.955474519962353e-06
2022-04-11,0.0,0.0,0.0,0.1056622684057998,0.1393756845564073,0.1056622684057998,0.0,5.955474519962353e-06,5.955474519962353e-06
2022-04-11,0.0,0.0,0.0,0.1056622684057998,0.1393756845564073,0.1056622684057998,0.0,5.955474519962353e-06,5.955474519962353e-06
2022-04-11,0.0,0.0,0.0,0.1056622684057998,0.1393756845564073,0.1056622684057998,0.0,5.955474519962353e-06,5.955474519962353e-06
2022-04-11,0.0,0.0,0.0,0.1056622684057998,0.1393756845564073,0.1056622684057998,0.0,5.955474519962353e-06,5.955474519962353e-06
2022-04-12,0.0,0.0,0.0,0.1056622684057998,0.1393756845564073,0.1056622684057998,0.0,5.955474519962353e-06,5.955474519962353e-06
2022-04-12,0.0,0.0,0.0,0.1056622684057998,0.1393756845564073,0.1056622684057998,0.0,5.955474519962353e-06,5.955474519962353e-06
2022-04-12,0.0,0.0,0.0,0.1056622684057998,0.1393756845564073,0.1056622684057998,0.0,5.955474519962353e-06,5.955474519962353e-06
2022-04-12,0.0,0.0,0.0,0.1056622684057998,0.1393756845564073,0.1056622684057998,0.0,5.955474519962353e-06,5.955474519962353e-06
2022-04-12,0.0,0.0,0.0,0.1056622684057998,0.1393756845564073,0.1056622684057998,0.0,5.955474519962353e-06,5.955474519962353e-06
2022-04-12,0.0,0.0,0.0,0.1056622684057998,0.1393756845564073,0.1056622684057998,0.0,5.955474519962353e-06,5.955474519962353e-06
2022-04-12,0.0,0.0,0.0,0.1056622684057998,0.1393756845564073,0.1056622684057998,0.0,5.955474519962353e-06,5.955474519962353e-06
2022-04-12,0.0,0.0,0.0,0.1056622684057998,0.1393756845564073,0.1056622684057998,0.0,5.955474519962353e-06,5.955474519962353e-06
2022-04-12,0.0,0.0,0.0,0.1056622684057998,0.1393756845564073,0.1056622684057998,0.0,5.955474519962353e-06,5.955474519962353e-06
2022-04-12,0.0,0.0,0.0,0.1056622684057998,0.1393756845564073,0.1056622684057998,0.0,5.955474519962353e-06,5.955474519962353e-06
2022-04-12,0.0,0.0,0.0,0.1056622684057998,0.1393756845564073,0.1056622684057998,0.0,5.955474519962353e-06,5.955474519962353e-06
2022-04-12,0.0,0.0,0.0,0.1056622684057998,0.1393756845564073,0.1056622684057998,0.0,5.955474519962353e-06,5.955474519962353e-06
2022-04-13,0.0,0.0,0.0,0.1115717912472875,0.1484118291347211,0.1056622684057998,0.005909522841487699,0.0001749381250577834,0.005734584716429916
2022-04-13,0.0009446986114117,0.0,0.0,0.1115717912472875,0.1484118291347211,0.1115717912472875,0.0,0.0,0.0
2022-04-13,0.0003008367302564,0.0,0.0,0.1115717912472875,0.1484118291347211,0.1115717912472875,0.0,0.0,0.0
2022-04-13,0.0,0.0,0.0,0.1115717912472875,0.1484118291347211,0.1115717912472875,0.0,0.0001749381250577834,0.0001749381250577834
2022-04-13,0.0,0.0,0.0,0.1115717912472875,0.1484118291347211,0.1115717912472875,0.0,0.0001749381250577834,0.0001749381250577834
2022-04-13,0.0,0.0,0.0,0.1115717912472875,0.1484118291347211,0.1115717912472875,0.0,0.0001749381250577834,0.0001749381250577834
2022-04-13,0.0,0.0,0.0,0.1115717912472875,0.1484118291347211,0.1115717912472875,0.0,0.0001749381250577834,0.0001749381250577834
2022-04-13,0.0020454705978802,0.0,0.0,0.1115717912472875,0.1484118291347211,0.1115717912472875,0.0,0.0,0.0
2022-04-13,0.0004298027533026,0.0,0.0,0.1115717912472875,0.1484118291347211,0.1115717912472875,0.0,0.0,0.0
2022-04-13,0.0,0.0,0.0,0.1115717912472875,0.1484118291347211,0.1115717912472875,0.0,0.0001749381250577834,0.0001749381250577834
2022-04-13,0.0002859655131201,0.0,0.0,0.1115717912472875,0.1484118291347211,0.1115717912472875,0.0,0.0,0.0
2022-04-13,0.000975624325225,0.0,0.0,0.1115717912472875,0.1484118291347211,0.1115717912472875,0.0,0.0,0.0
2022-04-14,0.0686181699014646,0.0,0.0,0.1115717912472875,0.1484118291347211,0.1115717912472875,0.0,0.0,0.0
2022-04-14,0.0020178116639586,0.0,0.0,0.1115717912472875,0.1484118291347211,0.1115717912472875,0.0,0.0,0.0
2022-04-14,0.0458059741925155,0.0,0.0,0.1115717912472875,0.1484118291347211,0.1115717912472875,0.0,0.00020728242318802367,0.00020728242318802367
2022-04-14,0.0020327242941769,0.0,0.0,0.1115717912472875,0.1484118291347211,0.1115717912472875,0.0,0.0,0.0
2022-04-14,0.0050728000115011,0.0,0.0,0.1115717912472875,0.1484118291347211,0.1115717912472875,0.0,0.0,0.0
2022-04-14,0.0277765987747172,0.0,0.0,0.1115717912472875,0.1484118291347211,0.1115717912472875,0.0,0.0,0.0
2022-04-14,0.002152173527941,0.0,0.0,0.1115717912472875,0.1484118291347211,0.1115717912472875,0.0,0.0,0.0
2022-04-14,0.140523588750198,0.0,0.0,0.1115717912472875,0.1484118291347211,0.1115717912472875,0.0,8.5097128917423e-05,8.5097128917423e-05
2022-04-14,0.0679029445813482,0.0,0.0,0.1115717912472875,0.1484118291347211,0.1115717912472875,0.0,0.0,0.0
2022-04-14,0.0150465339917804,0.0,0.0,0.1115717912472875,0.1484118291347211,0.1115717912472875,0.0,0.0,0.0
2022-04-14,0.0208642585166137,0.0,0.0,0.1115717912472875,0.1484118291347211,0.1115717912472875,0.0,9.455236546380418e-05,9.455236546380418e-05
2022-04-14,0.0316064321146002,0.0,0.0,0.1115717912472875,0.1484118291347211,0.1115717912472875,0.0,0.0,0.0
2022-04-15,0.0033046512033896,0.0,0.0,0.1115717912472875,0.1484118291347211,0.1115717912472875,0.0,0.0,0.0
2022-04-15,0.0175824358303014,0.0,0.0,0.1115717912472875,0.1484118291347211,0.1115717912472875,0.0,0.0012317809410796942,0.0012317809410796942
2022-04-15,0.0106690455457094,0.0,0.0,0.1115717912472875,0.1484118291347211,0.1115717912472875,0.0,0.0,0.0
2022-04-15,0.0042395106212088,0.0,0.0,0.1115717912472875,0.1484118291347211,0.1115717912472875,0.0,0.0,0.0
2022-04-15,0.0018700338524097,0.0,0.0,0.1115717912472875,0.1484118291347211,0.1115717912472875,0.0,0.0,0.0
2022-04-15,0.0100524672837528,0.0,0.0,0.1115717912472875,0.1484118291347211,0.1115717912472875,0.0,0.0,0.0
2022-04-15,0.0038886776482725,0.0,0.0,0.1115717912472875,0.1484118291347211,0.1115717912472875,0.0,0.0,0.0
2022-04-15,0.013356636280023,0.0,0.0,0.1115717912472875,0.1484118291347211,0.1115717912472875,0.0,0.0,0.0
2022-04-15,0.0038308109407531,0.0,0.0,0.1115717912472875,0.1484118291347211,0.1115717912472875,0.0,0.0,0.0
2022-04-15,0.0016936097358594,0.0,0.0,0.1115717912472875,0.1484118291347211,0.1115717912472875,0.0,0.0,0.0
2022-04-15,0.0018039017492684,0.0,0.0,0.1115717912472875,0.1484118291347211,0.1115717912472875,0.0,0.0,0.0
2022-04-15,0.0155628358776027,0.0,0.0,0.1115717912472875,0.1484118291347211,0.1115717912472875,0.0,0.00012291807510294406,0.00012291807510294406
2022-04-16,0.009844746097177,0.0,0.0,0.1115717912472875,0.1484118291347211,0.1115717912472875,0.0,0.0,0.0
2022-04-16,0.0234409852327174,0.0,0.0,0.1115717912472875,0.1484118291347211,0.1115717912472875,0.0,0.00039002850753818786,0.00039002850753818786
2022-04-16,0.0034150136253414,0.0,0.0,0.1115717912472875,0.1484118291347211,0.1115717912472875,0.0,0.0,0.0
2022-04-16,0.0015386661248082,0.0,0.0,0.1115717912472875,0.1484118291347211,0.1115717912472875,0.0,0.0,0.0
2022-04-16,0.0,0.0,0.0,0.1115717912472875,0.1484118291347211,0.1115717912472875,0.0,0.0001749381250577834,0.0001749381250577834
2022-04-16,0.0003146005603187,0.0,0.0,0.1115717912472875,0.1484118291347211,0.1115717912472875,0.0,0.0,0.0
2022-04-16,0.0024133666682934,0.0,0.0,0.1115717912472875,0.1484118291347211,0.1115717912472875,0.0,0.0,0.0
2022-04-16,0.0,0.0,0.0,0.1115717912472875,0.1484118291347211,0.1115717912472875,0.0,0.0001749381250577834,0.0001749381250577834
2022-04-16,6.263997809248214e-05,0.0,0.0,0.1115717912472875,0.1484118291347211,0.1115717912472875,0.0,0.0,0.0
2022-04-16,0.0011449283290339,0.0,0.0,0.1115717912472875,0.1484118291347211,0.1115717912472875,0.0,0.0,0.0
2022-04-16,0.0003192806672156,0.0,0.0,0.1115717912472875,0.1484118291347211,0.1115717912472875,0.0,0.0,0.0
2022-04-16,2.1095735734630223e-05,0.0,0.0,0.1115717912472875,0.1484118291347211,0.1115717912472875,0.0,8.125793283659559e-06,8.125793283659559e-06
2022-04-17,0.0062375991567258,0.0,0.0,0.1115717912472875,0.1484118291347211,0.1115717912472875,0.0,0.0,0.0
2022-04-17,0.0130201145210215,0.0,0.0,0.1115717912472875,0.1484118291347211,0.1115717912472875,0.0,0.0,0.0
2022-04-17,0.0004950416701847,0.0,0.0,0.1115717912472875,0.1484118291347211,0.1115717912472875,0.0,0.0,0.0
2022-04-17,0.0099411715987723,0.0,0.0,0.1115717912472875,0.1484118291347211,0.1115717912472875,0.0,0.0,0.0
2022-04-17,0.0077830000193883,0.0,0.0,0.1115717912472875,0.1484118291347211,0.1115717912472875,0.0,0.0,0.0
2022-04-17,0.0159492651909943,0.0,0.0,0.1115717912472875,0.1484118291347211,0.1115717912472875,0.0,0.0,0.0
2022-04-17,0.0072257127219844,0.0,0.0,0.1115717912472875,0.1484118291347211,0.1115717912472875,0.0,0.0,0.0
2022-04-17,0.0153902423891957,0.0,0.0,0.1115717912472875,0.1484118291347211,0.1115717912472875,0.0,0.0004916723004117763,0.0004916723004117763
2022-04-17,0.0275083483409194,0.0,0.0,0.1115717912472875,0.1484118291347211,0.1115717912472875,0.0,0.020650236617294565,0.020650236617294565
2022-04-17,0.0354201837272864,0.0,0.0,0.1115717912472875,0.1484118291347211,0.1115717912472875,0.0,4.7276182731900154e-05,4.7276182731900154e-05
2022-04-17,5.799331682918597e-07,0.0,0.0,0.1115717912472875,0.1484118291347211,0.1115717912472875,0.0,1.829465569659809e-05,1.829465569659809e-05
2022-04-17,0.0123444482249174,0.0,0.0,0.1115717912472875,0.1484118291347211,0.1115717912472875,0.0,0.0,0.0
2022-04-18,0.0,0.0,0.0,0.1115717912472875,0.1484118291347211,0.1115717912472875,0.0,0.0001749381250577834,0.0001749381250577834
2022-04-18,0.0,0.0,0.0,0.1115717912472875,0.1484118291347211,0.1115717912472875,0.0,0.0001749381250577834,0.0001749381250577834
2022-04-18,0.0,0.0,0.0,0.1115717912472875,0.1484118291347211,0.1115717912472875,0.0,0.0001749381250577834,0.0001749381250577834
2022-04-18,0.0,0.0,0.0,0.1115717912472875,0.1484118291347211,0.1115717912472875,0.0,0.0001749381250577834,0.0001749381250577834
2022-04-18,0.0,0.0,0.0,0.1115717912472875,0.1484118291347211,0.1115717912472875,0.0,0.0001749381250577834,0.0001749381250577834
2022-04-18,0.0,0.0,0.0,0.1115717912472875,0.1484118291347211,0.1115717912472875,0.0,0.0001749381250577834,0.0001749381250577834
2022-04-18,0.0,0.0,0.0,0.1115717912472875,0.1484118291347211,0.1115717912472875,0.0,0.0001749381250577834,0.0001749381250577834
2022-04-18,0.0,0.0,0.0,0.1115717912472875,0.1484118291347211,0.1115717912472875,0.0,0.0001749381250577834,0.0001749381250577834
2022-04-18,0.0,0.0,0.0,0.1115717912472875,0.1484118291347211,0.1115717912472875,0.0,0.0001749381250577834,0.0001749381250577834
2022-04-18,0.0,0.0,0.0,0.1115717912472875,0.1484118291347211,0.1115717912472875,0.0,0.0001749381250577834,0.0001749381250577834
2022-04-18,0.0,0.0,0.0,0.1115717912472875,0.1484118291347211,0.1115717912472875,0.0,0.0001749381250577834,0.0001749381250577834
2022-04-18,0.0,0.0,0.0,0.1115717912472875,0.1484118291347211,0.1115717912472875,0.0,0.0001749381250577834,0.0001749381250577834
2022-04-19,0.0,0.0,0.0,0.1115717912472875,0.1484118291347211,0.1115717912472875,0.0,0.0001749381250577834,0.0001749381250577834
2022-04-19,0.0,0.0,0.0,0.1115717912472875,0.1484118291347211,0.1115717912472875,0.0,0.0001749381250577834,0.0001749381250577834
2022-04-19,0.0,0.0,0.0,0.1115717912472875,0.1484118291347211,0.1115717912472875,0.0,0.0001749381250577834,0.0001749381250577834
2022-04-19,0.0,0.0,0.0,0.1115717912472875,0.1484118291347211,0.1115717912472875,0.0,0.0001749381250577834,0.0001749381250577834
2022-04-19,0.0,0.0,0.0,0.1115717912472875,0.1484118291347211,0.1115717912472875,0.0,0.0001749381250577834,0.0001749381250577834
2022-04-19,2.1750591912895048e-05,0.0,0.0,0.1115717912472875,0.1484118291347211,0.1115717912472875,0.0,8.125793283659559e-06,8.125793283659559e-06
2022-04-19,0.0,0.0,0.0,0.1115717912472875,0.1484118291347211,0.1115717912472875,0.0,0.0001749381250577834,0.0001749381250577834
2022-04-19,0.0,0.0,0.0,0.1115717912472875,0.1484118291347211,0.1115717912472875,0.0,0.0001749381250577834,0.0001749381250577834
2022-04-19,0.0,0.0,0.0,0.1115717912472875,0.1484118291347211,0.1115717912472875,0.0,0.0001749381250577834,0.0001749381250577834
2022-04-19,0.0002157554001282,0.0,0.0,0.1115717912472875,0.1484118291347211,0.1115717912472875,0.0,0.0,0.0
2022-04-19,0.0,0.0,0.0,0.1115717912472875,0.1484118291347211,0.1115717912472875,0.0,0.0001749381250577834,0.0001749381250577834
2022-04-19,0.0016959207245101,0.0,0.0,0.1115717912472875,0.1484118291347211,0.1115717912472875,0.0,0.0,0.0
2022-04-20,0.0,0.0,0.0,0.1115717912472875,0.1484118291347211,0.1115717912472875,0.0,0.0001749381250577834,0.0001749381250577834
2022-04-20,0.0005100614701474,0.0,0.0,0.1115717912472875,0.1484118291347211,0.1115717912472875,0.0,0.0,0.0
2022-04-20,0.0062875532677406,0.0,0.0,0.1115717912472875,0.1484118291347211,0.1115717912472875,0.0,0.0,0.0
2022-04-20,0.0007422238256885,0.0,0.0,0.1115717912472875,0.1484118291347211,0.1115717912472875,0.0,0.0002245618679765346,0.0002245618679765346
2022-04-20,0.0050543224145939,0.0,0.0,0.1115717912472875,0.1484118291347211,0.1115717912472875,0.0,0.0,0.0
2022-04-20,8.678956618292853e-05,0.0,0.0,0.1115717912472875,0.1484118291347211,0.1115717912472875,0.0,0.0,0.0
2022-04-20,1.0604522476326992e-07,0.0,0.0,0.1115717912472875,0.1484118291347211,0.1115717912472875,0.0,6.801770110512035e-05,6.801770110512035e-05
2022-04-20,0.0,0.0,0.0,0.1115717912472875,0.1484118291347211,0.1115717912472875,0.0,0.0001749381250577834,0.0001749381250577834
2022-04-20,0.0051265747283151,0.0,0.0,0.1115717912472875,0.1484118291347211,0.1115717912472875,0.0,0.000710761950237092,0.000710761950237092
2022-04-20,0.0,0.0,0.0,0.1115717912472875,0.1484118291347211,0.1115717912472875,0.0,0.0001749381250577834,0.0001749381250577834
2022-04-20,0.0,0.0,0.0,0.1115717912472875,0.1484118291347211,0.1115717912472875,0.0,0.0001749381250577834,0.0001749381250577834
2022-04-20,0.0036327426204175,0.0,0.0,0.1115717912472875,0.1484118291347211,0.1115717912472875,0.0,0.0,0.0
2022-04-21,0.0,0.0,0.0,0.0995163646506526,0.1303395399780935,0.1115717912472875,-0.012055426596634902,0.0,0.012055426596634902
2022-04-21,0.0,0.0,0.0,0.0995163646506526,0.1303395399780935,0.0995163646506526,0.0,0.0,0.0
2022-04-21,0.0,0.0,0.0,0.0995163646506526,0.1303395399780935,0.0995163646506526,0.0,0.0,0.0
2022-04-21,0.0,0.0,0.0,0.0995163646506526,0.1303395399780935,0.0995163646506526,0.0,0.0,0.0
2022-04-21,0.0,0.0,0.0,0.0995163646506526,0.1303395399780935,0.0995163646506526,0.0,0.0,0.0
2022-04-21,0.0,0.0,0.0,0.0995163646506526,0.1303395399780935,0.0995163646506526,0.0,0.0,0.0
2022-04-21,0.0,0.0,0.0,0.0995163646506526,0.1303395399780935,0.0995163646506526,0.0,0.0,0.0
2022-04-21,0.0,0.0,0.0,0.0995163646506526,0.1303395399780935,0.0995163646506526,0.0,0.0,0.0
2022-04-21,0.0,0.0,0.0,0.0995163646506526,0.1303395399780935,0.0995163646506526,0.0,0.0,0.0
2022-04-21,4.096859421439386e-05,0.0,0.0,0.0995163646506526,0.1303395399780935,0.0995163646506526,0.0,1.2207205367049808e-05,1.2207205367049808e-05
2022-04-21,0.0,0.0,0.0,0.0995163646506526,0.1303395399780935,0.0995163646506526,0.0,0.0,0.0
2022-04-21,0.0,0.0,0.0,0.0995163646506526,0.1303395399780935,0.0995163646506526,0.0,0.0,0.0
2022-04-22,0.0479582092790804,0.0,0.0,0.0995163646506526,0.1303395399780935,0.0995163646506526,0.0,1.418285481957049e-05,1.418285481957049e-05
2022-04-22,0.0326297060924713,0.0,0.0,0.0995163646506526,0.1303395399780935,0.0995163646506526,0.0,0.0,0.0
2022-04-22,0.0502749375182425,0.0,0.0,0.0995163646506526,0.1303395399780935,0.0995163646506526,0.0,0.0,0.0
2022-04-22,0.0258189091986775,0.0,0.0,0.0995163646506526,0.1303395399780935,0.0995163646506526,0.0,2.3638091365951046e-05,2.3638091365951046e-05
2022-04-22,0.0469335479944783,0.0,0.0,0.0995163646506526,0.1303395399780935,0.0995163646506526,0.0,0.0,0.0
2022-04-22,0.0363291389282232,0.0,0.0,0.0995163646506526,0.1303395399780935,0.0995163646506526,0.0,0.0,0.0
2022-04-22,0.0038892920999065,0.0,0.0,0.0995163646506526,0.1303395399780935,0.0995163646506526,0.0,0.0,0.0
2022-04-22,0.0003131999030691,0.0,0.0,0.0995163646506526,0.1303395399780935,0.0995163646506526,0.0,0.0,0.0
2022-04-22,0.0030045177265175,0.0,0.0,0.0995163646506526,0.1303395399780935,0.0995163646506526,0.0,0.0,0.0
2022-04-22,0.0130836878756031,0.0,0.0,0.0995163646506526,0.1303395399780935,0.0995163646506526,0.0,0.0,0.0
2022-04-22,0.012560255728628,0.0,0.0,0.0995163646506526,0.1303395399780935,0.0995163646506526,0.0,0.0,0.0
2022-04-22,0.0069100848903105,0.0,0.0,0.0995163646506526,0.1303395399780935,0.0995163646506526,0.0,0.0,0.0
2022-04-23,0.0,0.0,0.0,0.0995163646506526,0.1303395399780935,0.0995163646506526,0.0,0.0,0.0
2022-04-23,0.0,0.0,0.0,0.0995163646506526,0.1303395399780935,0.0995163646506526,0.0,0.0,0.0
2022-04-23,0.0073691736262994,0.0,0.0,0.0995163646506526,0.1303395399780935,0.0995163646506526,0.0,0.0,0.0
2022-04-23,0.0029160817350381,0.0,0.0,0.0995163646506526,0.1303395399780935,0.0995163646506526,0.0,0.0,0.0
2022-04-23,0.0042387784984309,0.0,0.0,0.0995163646506526,0.1303395399780935,0.0995163646506526,0.0,0.0,0.0
2022-04-23,0.0024418031344058,0.0,0.0,0.0995163646506526,0.1303395399780935,0.0995163646506526,0.0,0.0,0.0
2022-04-23,0.0076079718325668,0.0,0.0,0.0995163646506526,0.1303395399780935,0.0995163646506526,0.0,0.0,0.0
2022-04-23,0.0001931603343303,0.0,0.0,0.0995163646506526,0.1303395399780935,0.0995163646506526,0.0,0.0,0.0
2022-04-23,5.799331682918597e-07,0.0,0.0,0.0995163646506526,0.1303395399780935,0.0995163646506526,0.0,0.0,0.0
2022-04-23,0.0011559775158113,0.0,0.0,0.0995163646506526,0.1303395399780935,0.0995163646506526,0.0,0.0,0.0
2022-04-23,0.0,0.0,0.0,0.0995163646506526,0.1303395399780935,0.0995163646506526,0.0,0.0,0.0
2022-04-23,0.0025710008942172,0.0,0.0,0.0995163646506526,0.1303395399780935,0.0995163646506526,0.0,0.0,0.0
2022-04-24,0.0,0.0,0.0,0.0995163646506526,0.1303395399780935,0.0995163646506526,0.0,0.0,0.0
2022-04-24,0.0,0.0,0.0,0.0995163646506526,0.1303395399780935,0.0995163646506526,0.0,0.0,0.0
2022-04-24,0.0001978800767615,0.0,0.0,0.0995163646506526,0.1303395399780935,0.0995163646506526,0.0,0.0,0.0
2022-04-24,0.0003008367302564,0.0,0.0,0.0995163646506526,0.1303395399780935,0.0995163646506526,0.0,0.0,0.0
2022-04-24,0.0,0.0,0.0,0.0995163646506526,0.1303395399780935,0.0995163646506526,0.0,0.0,0.0
2022-04-24,0.0,0.0,0.0,0.0995163646506526,0.1303395399780935,0.0995163646506526,0.0,0.0,0.0
2022-04-24,0.0010346627645278,0.0,0.0,0.0995163646506526,0.1303395399780935,0.0995163646506526,0.0,0.0,0.0
2022-04-24,0.0,0.0,0.0,0.0995163646506526,0.1303395399780935,0.0995163646506526,0.0,0.0,0.0
2022-04-24,0.0017475029432542,0.0,0.0,0.0995163646506526,0.1303395399780935,0.0995163646506526,0.0,0.0,0.0
2022-04-24,0.0,0.0,0.0,0.0995163646506526,0.1303395399780935,0.0995163646506526,0.0,0.0,0.0
2022-04-24,0.0,0.0,0.0,0.0995163646506526,0.1303395399780935,0.0995163646506526,0.0,0.0,0.0
2022-04-24,0.0,0.0,0.0,0.0995163646506526,0.1303395399780935,0.0995163646506526,0.0,0.0,0.0
2022-04-25,0.0,0.0,0.0,0.0995163646506526,0.1303395399780935,0.0995163646506526,0.0,0.0,0.0
2022-04-25,0.0,0.0,0.0,0.0995163646506526,0.1303395399780935,0.0995163646506526,0.0,0.0,0.0
2022-04-25,0.0,0.0,0.0,0.0995163646506526,0.1303395399780935,0.0995163646506526,0.0,0.0,0.0
2022-04-25,0.0,0.0,0.0,0.0995163646506526,0.1303395399780935,0.0995163646506526,0.0,0.0,0.0
2022-04-25,0.0,0.0,0.0,0.0995163646506526,0.1303395399780935,0.0995163646506526,0.0,0.0,0.0
2022-04-25,0.0,0.0,0.0,0.0995163646506526,0.1303395399780935,0.0995163646506526,0.0,0.0,0.0
2022-04-25,0.0,0.0,0.0,0.0995163646506526,0.1303395399780935,0.0995163646506526,0.0,0.0,0.0
2022-04-25,0.0,0.0,0.0,0.0995163646506526,0.1303395399780935,0.0995163646506526,0.0,0.0,0.0
2022-04-25,0.0,0.0,0.0,0.0995163646506526,0.1303395399780935,0.0995163646506526,0.0,0.0,0.0
2022-04-25,0.0,0.0,0.0,0.0995163646506526,0.1303395399780935,0.0995163646506526,0.0,0.0,0.0
2022-04-25,0.0,0.0,0.0,0.0995163646506526,0.1303395399780935,0.0995163646506526,0.0,0.0,0.0
2022-04-25,0.0,0.0,0.0,0.0995163646506526,0.1303395399780935,0.0995163646506526,0.0,0.0,0.0
2022-04-26,0.0044415026703302,0.0,0.0,0.0995163646506526,0.1303395399780935,0.0995163646506526,0.0,0.0,0.0
2022-04-26,0.0003592662648828,0.0,0.0,0.0995163646506526,0.1303395399780935,0.0995163646506526,0.0,0.0,0.0
2022-04-26,0.0008461538694083,0.0,0.0,0.0995163646506526,0.1303395399780935,0.0995163646506526,0.0,0.0,0.0
2022-04-26,0.0006041293508271,0.0,0.0,0.0995163646506526,0.1303395399780935,0.0995163646506526,0.0,0.0,0.0
2022-04-26,2.319737715856269e-06,0.0,0.0,0.0995163646506526,0.1303395399780935,0.0995163646506526,0.0,0.0,0.0
2022-04-26,0.0004409402627748,0.0,0.0,0.0995163646506526,0.1303395399780935,0.0995163646506526,0.0,0.0,0.0
2022-04-26,0.002257243332797,0.0,0.0,0.0995163646506526,0.1303395399780935,0.0995163646506526,0.0,0.0,0.0
2022-04-26,0.0059674728426831,0.0,0.0,0.0995163646506526,0.1303395399780935,0.0995163646506526,0.0,0.0,0.0
2022-04-26,0.0003131999030691,0.0,0.0,0.0995163646506526,0.1303395399780935,0.0995163646506526,0.0,0.0,0.0
2022-04-26,0.0001676387314629,0.0,0.0,0.0995163646506526,0.1303395399780935,0.0995163646506526,0.0,0.0,0.0
2022-04-26,0.0,0.0,0.0,0.0995163646506526,0.1303395399780935,0.0995163646506526,0.0,0.0,0.0
2022-04-26,0.0066683049925644,0.0,0.0,0.0995163646506526,0.1303395399780935,0.0995163646506526,0.0,0.0,0.0
2022-04-27,0.0,0.0,0.0,0.0768237969393399,0.0955640744797374,0.0995163646506526,-0.0226925677113127,0.0,0.0226925677113127
2022-04-27,0.0,0.0,0.0,0.0768237969393399,0.0955640744797374,0.0768237969393399,0.0,0.0,0.0
2022-04-27,0.0,0.0,0.0,0.0768237969393399,0.0955640744797374,0.0768237969393399,0.0,0.0,0.0
2022-04-27,0.0,0.0,0.0,0.0768237969393399,0.0955640744797374,0.0768237969393399,0.0,0.0,0.0
2022-04-27,0.0,0.0,0.0,0.0768237969393399,0.0955640744797374,0.0768237969393399,0.0,0.0,0.0
2022-04-27,0.0,0.0,0.0,0.0768237969393399,0.0955640744797374,0.0768237969393399,0.0,0.0,0.0
2022-04-27,0.0,0.0,0.0,0.0768237969393399,0.0955640744797374,0.0768237969393399,0.0,0.0,0.0
2022-04-27,0.0,0.0,0.0,0.0768237969393399,0.0955640744797374,0.0768237969393399,0.0,0.0,0.0
2022-04-27,0.0,0.0,0.0,0.0768237969393399,0.0955640744797374,0.0768237969393399,0.0,0.0,0.0
2022-04-27,0.0,0.0,0.0,0.0768237969393399,0.0955640744797374,0.0768237969393399,0.0,0.0,0.0
2022-04-27,0.0,0.0,0.0,0.0768237969393399,0.0955640744797374,0.0768237969393399,0.0,0.0,0.0
2022-04-27,0.0,0.0,0.0,0.0768237969393399,0.0955640744797374,0.0768237969393399,0.0,0.0,0.0
2022-04-28,0.0,0.0,0.0,0.0768237969393399,0.0955640744797374,0.0768237969393399,0.0,0.0,0.0
2022-04-28,0.0,0.0,0.0,0.0768237969393399,0.0955640744797374,0.0768237969393399,0.0,0.0,0.0
2022-04-28,0.0,0.0,0.0,0.0768237969393399,0.0955640744797374,0.0768237969393399,0.0,0.0,0.0
2022-04-28,0.0,0.0,0.0,0.0768237969393399,0.0955640744797374,0.0768237969393399,0.0,0.0,0.0
2022-04-28,0.0,0.0,0.0,0.0768237969393399,0.0955640744797374,0.0768237969393399,0.0,0.0,0.0
2022-04-28,0.0,0.0,0.0,0.0768237969393399,0.0955640744797374,0.0768237969393399,0.0,0.0,0.0
2022-04-28,0.0,0.0,0.0,0.0768237969393399,0.0955640744797374,0.0768237969393399,0.0,0.0,0.0
2022-04-28,0.0,0.0,0.0,0.0768237969393399,0.0955640744797374,0.0768237969393399,0.0,0.0,0.0
2022-04-28,0.0,0.0,0.0,0.0768237969393399,0.0955640744797374,0.0768237969393399,0.0,0.0,0.0
2022-04-28,0.0,0.0,0.0,0.0768237969393399,0.0955640744797374,0.0768237969393399,0.0,0.0,0.0
2022-04-28,0.0,0.0,0.0,0.0768237969393399,0.0955640744797374,0.0768237969393399,0.0,0.0,0.0
2022-04-28,0.0,0.0,0.0,0.0768237969393399,0.0955640744797374,0.0768237969393399,0.0,0.0,0.0
2022-04-29,0.0087435477261543,0.0,0.0,0.0768237969393399,0.0955640744797374,0.0768237969393399,0.0,0.0,0.0
2022-04-29,0.017651755669187,0.0,0.0,0.0768237969393399,0.0955640744797374,0.0768237969393399,0.0,0.00010264841175664119,0.00010264841175664119
2022-04-29,4.789678221893236e-05,0.0,0.0,0.0768237969393399,0.0955640744797374,0.0768237969393399,0.0,0.0,0.0
2022-04-29,0.0031945652720663,0.0,0.0,0.0768237969393399,0.0955640744797374,0.0768237969393399,0.0,0.0,0.0
2022-04-29,0.0,0.0,0.0,0.0768237969393399,0.0955640744797374,0.0768237969393399,0.0,0.0,0.0
2022-04-29,0.0018255209539238,0.0,0.0,0.0768237969393399,0.0955640744797374,0.0768237969393399,0.0,0.0,0.0
2022-04-29,0.0079820839876813,0.0,0.0,0.0768237969393399,0.0955640744797374,0.0768237969393399,0.0,0.0,0.0
2022-04-29,0.0015183758451537,0.0,0.0,0.0768237969393399,0.0955640744797374,0.0768237969393399,0.0,0.0,0.0
2022-04-29,0.0153500895759669,0.0,0.0,0.0768237969393399,0.0955640744797374,0.0768237969393399,0.0,9.218855632720805e-05,9.218855632720805e-05
2022-04-29,0.0,0.0,0.0,0.0768237969393399,0.0955640744797374,0.0768237969393399,0.0,0.0,0.0
2022-04-29,0.0016131865012915,0.0,0.0,0.0768237969393399,0.0955640744797374,0.0768237969393399,0.0,0.0,0.0
2022-04-29,0.0,0.0,0.0,0.0768237969393399,0.0955640744797374,0.0768237969393399,0.0,0.0,0.0
2022-04-30,0.0,0.0,0.0,0.0768237969393399,0.0955640744797374,0.0768237969393399,0.0,0.0,0.0
2022-04-30,0.0,0.0,0.0,0.0768237969393399,0.0955640744797374,0.0768237969393399,0.0,0.0,0.0
2022-04-30,0.0,0.0,0.0,0.0768237969393399,0.0955640744797374,0.0768237969393399,0.0,0.0,0.0
2022-04-30,0.0007993156232153,0.0,0.0,0.0768237969393399,0.0955640744797374,0.0768237969393399,0.0,0.0,0.0
2022-04-30,8.886314504351867e-06,0.0,0.0,0.0768237969393399,0.0955640744797374,0.0768237969393399,0.0,0.0,0.0
2022-04-30,0.0008093101694439,0.0,0.0,0.0768237969393399,0.0955640744797374,0.0768237969393399,0.0,0.0,0.0
2022-04-30,0.0,0.0,0.0,0.0768237969393399,0.0955640744797374,0.0768237969393399,0.0,0.0,0.0
2022-04-30,0.0,0.0,0.0,0.0768237969393399,0.0955640744797374,0.0768237969393399,0.0,0.0,0.0
2022-04-30,0.0,0.0,0.0,0.0768237969393399,0.0955640744797374,0.0768237969393399,0.0,0.0,0.0
2022-04-30,0.0049262755980812,0.0,0.0,0.0768237969393399,0.0955640744797374,0.0768237969393399,0.0,0.0,0.0
2022-04-30,0.0017158722237222,0.0,0.0,0.0768237969393399,0.0955640744797374,0.0768237969393399,0.0,0.0,0.0
2022-04-30,0.0,0.0,0.0,0.0768237969393399,0.0955640744797374,0.0768237969393399,0.0,0.0,0.0
2022-05-01,3.1813693496201736e-07,0.0,0.0,0.0768237969393399,0.0955640744797374,0.0768237969393399,0.0,0.0,0.0
2022-05-01,0.0,0.0,0.0,0.0768237969393399,0.0955640744797374,0.0768237969393399,0.0,0.0,0.0
2022-05-01,0.0209837323208791,0.0,0.0,0.0768237969393399,0.0955640744797374,0.0768237969393399,0.0,8.155141521253056e-05,8.155141521253056e-05
2022-05-01,0.0023770625612473,0.0,0.0,0.0768237969393399,0.0955640744797374,0.0768237969393399,0.0,0.0,0.0
2022-05-01,0.0180951224864339,0.0,0.0,0.0768237969393399,0.0955640744797374,0.0768237969393399,0.0,0.0,0.0
2022-05-01,0.0026774227574092,0.0,0.0,0.0768237969393399,0.0955640744797374,0.0768237969393399,0.0,0.0,0.0
2022-05-01,0.0062552672886152,0.0,0.0,0.0768237969393399,0.0955640744797374,0.0768237969393399,0.0,0.0,0.0
2022-05-01,0.00970744667785,0.0,0.0,0.0768237969393399,0.0955640744797374,0.0768237969393399,0.0,0.0,0.0
2022-05-01,4.789678221893236e-05,0.0,0.0,0.0768237969393399,0.0955640744797374,0.0768237969393399,0.0,0.0,0.0
2022-05-01,0.0051462330455986,0.0,0.0,0.0768237969393399,0.0955640744797374,0.0768237969393399,0.0,0.0005815325047394389,0.0005815325047394389
2022-05-01,0.0022772616602428,0.0,0.0,0.0768237969393399,0.0955640744797374,0.0768237969393399,0.0,0.0,0.0
2022-05-01,0.0001451318118657,0.0,0.0,0.0768237969393399,0.0955640744797374,0.0768237969393399,0.0,0.0,0.0
2022-05-02,0.1026949510429307,0.0,0.0,0.0768237969393399,0.0955640744797374,0.0768237969393399,0.0,0.0,0.0
2022-05-02,0.0037697969524606,0.0,0.0,0.0768237969393399,0.0955640744797374,0.0768237969393399,0.0,0.0,0.0
2022-05-02,0.0002882727071475,0.0,0.0,0.0768237969393399,0.0955640744797374,0.0768237969393399,0.0,0.0,0.0
2022-05-02,0.0008414907941929,0.0,0.0,0.0768237969393399,0.0955640744797374,0.0768237969393399,0.0,0.0,0.0
2022-05-02,0.0001494935990302,0.0,0.0,0.0768237969393399,0.0955640744797374,0.0768237969393399,0.0,0.0,0.0
2022-05-02,0.0007115009414267,0.0,0.0,0.0768237969393399,0.0955640744797374,0.0768237969393399,0.0,6.736856039296038e-05,6.736856039296038e-05
2022-05-02,0.0,0.0,0.0,0.0768237969393399,0.0955640744797374,0.0768237969393399,0.0,0.0,0.0
2022-05-02,0.0084664938418365,0.0,0.0,0.0768237969393399,0.0955640744797374,0.0768237969393399,0.0,0.0,0.0
2022-05-02,0.0011573529974369,0.0,0.0,0.0768237969393399,0.0955640744797374,0.0768237969393399,0.0,0.0,0.0
2022-05-02,0.0158469516316061,0.0,0.0,0.0768237969393399,0.0955640744797374,0.0768237969393399,0.0,0.0,0.0
2022-05-02,0.0102067944639146,0.0,0.0,0.0768237969393399,0.0955640744797374,0.0768237969393399,0.0,0.0,0.0
2022-05-02,0.0091156310310582,0.0,0.0,0.0768237969393399,0.0955640744797374,0.0768237969393399,0.0,0.0,0.0
2022-05-03,0.0,0.0,0.0,0.0768237969393399,0.0955640744797374,0.0768237969393399,0.0,0.0,0.0
2022-05-03,0.0001321954366136,0.0,0.0,0.0768237969393399,0.0955640744797374,0.0768237969393399,0.0,0.0,0.0
2022-05-03,0.0,0.0,0.0,0.0768237969393399,0.0955640744797374,0.0768237969393399,0.0,0.0,0.0
2022-05-03,0.0,0.0,0.0,0.0768237969393399,0.0955640744797374,0.0768237969393399,0.0,0.0,0.0
2022-05-03,0.0,0.0,0.0,0.0768237969393399,0.0955640744797374,0.0768237969393399,0.0,0.0,0.0
2022-05-03,0.0002140473531743,0.0,0.0,0.0768237969393399,0.0955640744797374,0.0768237969393399,0.0,0.0,0.0
2022-05-03,0.0,0.0,0.0,0.0768237969393399,0.0955640744797374,0.0768237969393399,0.0,0.0,0.0
2022-05-03,5.453642756858346e-07,0.0,0.0,0.0768237969393399,0.0955640744797374,0.0768237969393399,0.0,0.0,0.0
2022-05-03,0.0,0.0,0.0,0.0768237969393399,0.0955640744797374,0.0768237969393399,0.0,0.0,0.0
2022-05-03,0.0,0.0,0.0,0.0768237969393399,0.0955640744797374,0.0768237969393399,0.0,0.0,0.0
2022-05-03,0.0,0.0,0.0,0.0768237969393399,0.0955640744797374,0.0768237969393399,0.0,0.0,0.0
2022-05-03,0.0,0.0,0.0,0.0768237969393399,0.0955640744797374,0.0768237969393399,0.0,0.0,0.0
2022-05-04,0.0738528671019597,0.0,0.0,0.0768237969393399,0.0955640744797374,0.0768237969393399,0.0,7.0914274097855225e-06,7.0914274097855225e-06
2022-05-04,0.0564170968299386,0.0,0.0,0.0768237969393399,0.0955640744797374,0.0768237969393399,0.0,3.427523248062803e-05,3.427523248062803e-05
2022-05-04,0.1302630948946338,0.0,0.0,0.0768237969393399,0.0955640744797374,0.0768237969393399,0.0,8.5097128917423e-05,8.5097128917423e-05
2022-05-04,0.0192819857023226,0.0,0.0,0.0768237969393399,0.0955640744797374,0.0768237969393399,0.0,4.6094278163604e-05,4.6094278163604e-05
2022-05-04,0.1127042197167942,0.0,0.0,0.0768237969393399,0.0955640744797374,0.0768237969393399,0.0,0.0,0.0
2022-05-04,0.1158126408490278,0.0,0.0,0.0768237969393399,0.0955640744797374,0.0768237969393399,0.0,0.0,0.0
2022-05-04,0.0090051527659372,0.0,0.0,0.0768237969393399,0.0955640744797374,0.0768237969393399,0.0,0.0,0.0
2022-05-04,0.1155817619586478,0.0,0.0,0.0768237969393399,0.0955640744797374,0.0768237969393399,0.0,0.0,0.0
2022-05-04,0.0077215382025075,0.0,0.0,0.0768237969393399,0.0955640744797374,0.0768237969393399,0.0,0.0,0.0
2022-05-04,0.0026625907471786,0.0,0.0,0.0768237969393399,0.0955640744797374,0.0768237969393399,0.0,0.0,0.0
2022-05-04,0.0423379205701226,0.0,0.0,0.0768237969393399,0.0955640744797374,0.0768237969393399,0.0,0.00019501425376908986,0.00019501425376908986
2022-05-04,0.1060708011549515,0.0,0.0,0.0768237969393399,0.0955640744797374,0.0768237969393399,0.0,0.0,0.0
2022-05-05,0.045804135981156,0.0,0.0,0.0765874160256804,0.0503833515881702,0.0768237969393399,-0.00023638091365950353,0.0,0.00023638091365950353
2022-05-05,0.0985921684413707,0.0,0.0,0.0765874160256804,0.0503833515881702,0.0765874160256804,0.0,1.631028304250659e-05,1.631028304250659e-05
2022-05-05,0.041192387572271,0.0,0.0,0.0765874160256804,0.0503833515881702,0.0765874160256804,0.0,0.0,0.0
2022-05-05,0.0163425531158914,0.0,0.0,0.0765874160256804,0.0503833515881702,0.0765874160256804,0.0,0.0,0.0
2022-05-05,0.0604699349898396,0.0,0.0,0.0765874160256804,0.0503833515881702,0.0765874160256804,0.0,0.0,0.0
2022-05-05,0.0045087881876877,0.0,0.0,0.0765874160256804,0.0503833515881702,0.0765874160256804,0.0,0.0,0.0
2022-05-05,0.0113377006763643,0.0,0.0,0.0765874160256804,0.0503833515881702,0.0765874160256804,0.0,0.0,0.0
2022-05-05,0.0525940792008857,0.0,0.0,0.0765874160256804,0.0503833515881702,0.0765874160256804,0.0,4.7276182731899964e-05,4.7276182731899964e-05
2022-05-05,0.06265045934643,0.0,0.0,0.0765874160256804,0.0503833515881702,0.0765874160256804,0.0,0.0,0.0
2022-05-05,0.0042747295542253,0.0,0.0,0.0765874160256804,0.0503833515881702,0.0765874160256804,0.0,0.0,0.0
2022-05-05,0.0001026711490599,0.0,0.0,0.0765874160256804,0.0503833515881702,0.0765874160256804,0.0,0.0,0.0
2022-05-05,0.0074628786603043,0.0,0.0,0.0765874160256804,0.0503833515881702,0.0765874160256804,0.0,0.0,0.0
2022-05-06,0.0,0.0,0.0,0.0765874160256804,0.0503833515881702,0.0765874160256804,0.0,0.0,0.0
2022-05-06,0.0,0.0,0.0,0.0765874160256804,0.0503833515881702,0.0765874160256804,0.0,0.0,0.0
2022-05-06,0.0,0.0,0.0,0.0765874160256804,0.0503833515881702,0.0765874160256804,0.0,0.0,0.0
2022-05-06,0.0,0.0,0.0,0.0765874160256804,0.0503833515881702,0.0765874160256804,0.0,0.0,0.0
2022-05-06,0.014888636386219,0.0,0.0,0.0765874160256804,0.0503833515881702,0.0765874160256804,0.0,0.0,0.0
2022-05-06,0.0155037793980807,0.0,0.0,0.0765874160256804,0.0503833515881702,0.0765874160256804,0.0,0.0003687542253088322,0.0003687542253088322
2022-05-06,0.0,0.0,0.0,0.0765874160256804,0.0503833515881702,0.0765874160256804,0.0,0.0,0.0
2022-05-06,0.0026464770115145,0.0,0.0,0.0765874160256804,0.0503833515881702,0.0765874160256804,0.0,0.0,0.0
2022-05-06,0.0,0.0,0.0,0.0765874160256804,0.0503833515881702,0.0765874160256804,0.0,0.0,0.0
2022-05-06,0.0,0.0,0.0,0.0765874160256804,0.0503833515881702,0.0765874160256804,0.0,0.0,0.0
2022-05-06,0.0,0.0,0.0,0.0765874160256804,0.0503833515881702,0.0765874160256804,0.0,0.0,0.0
2022-05-06,0.0,0.0,0.0,0.0765874160256804,0.0503833515881702,0.0765874160256804,0.0,0.0,0.0
2022-05-07,0.0132610792681181,0.0,0.0,0.0765874160256804,0.0503833515881702,0.0765874160256804,0.0,0.0,0.0
2022-05-07,0.0139050865930261,0.0,0.0,0.0765874160256804,0.0503833515881702,0.0765874160256804,0.0,0.0,0.0
2022-05-07,0.025262384254971,0.0,0.0,0.0765874160256804,0.0503833515881702,0.0765874160256804,0.0,0.0,0.0
2022-05-07,0.063639637133346,0.0,0.0,0.0765874160256804,0.0503833515881702,0.0765874160256804,0.0,0.0,0.0
2022-05-07,0.0106698683738527,0.0,0.0,0.0765874160256804,0.0503833515881702,0.0765874160256804,0.0,0.0,0.0
2022-05-07,0.0065971759377802,0.0,0.0,0.0765874160256804,0.0503833515881702,0.0765874160256804,0.0,0.0,0.0
2022-05-07,0.0002678570410353,0.0,0.0,0.0765874160256804,0.0503833515881702,0.0765874160256804,0.0,0.0,0.0
2022-05-07,0.0057739382021675,0.0,0.0,0.0765874160256804,0.0503833515881702,0.0765874160256804,0.0,0.0,0.0
2022-05-07,0.0003113290781196,0.0,0.0,0.0765874160256804,0.0503833515881702,0.0765874160256804,0.0,0.0,0.0
2022-05-07,0.0172725008413291,0.0,0.0,0.0765874160256804,0.0503833515881702,0.0765874160256804,0.0,0.0,0.0
2022-05-07,0.0114313372936885,0.0,0.0,0.0765874160256804,0.0503833515881702,0.0765874160256804,0.0,0.00020097105279331173,0.00020097105279331173
2022-05-07,0.0002379604391586,0.0,0.0,0.0765874160256804,0.0503833515881702,0.0765874160256804,0.0,0.0,0.0
2022-05-08,0.0,0.0,0.0,0.0765874160256804,0.0503833515881702,0.0765874160256804,0.0,0.0,0.0
2022-05-08,0.0,0.0,0.0,0.0765874160256804,0.0503833515881702,0.0765874160256804,0.0,0.0,0.0
2022-05-08,0.0001010424109945,0.0,0.0,0.0765874160256804,0.0503833515881702,0.0765874160256804,0.0,0.0,0.0
2022-05-08,0.0001910060976619,0.0,0.0,0.0765874160256804,0.0503833515881702,0.0765874160256804,0.0,0.0,0.0
2022-05-08,0.0001846730603999,0.0,0.0,0.0765874160256804,0.0503833515881702,0.0765874160256804,0.0,0.0,0.0
2022-05-08,0.0002114819230519,0.0,0.0,0.0765874160256804,0.0503833515881702,0.0765874160256804,0.0,0.0,0.0
2022-05-08,0.0,0.0,0.0,0.0765874160256804,0.0503833515881702,0.0765874160256804,0.0,0.0,0.0
2022-05-08,0.0,0.0,0.0,0.0765874160256804,0.0503833515881702,0.0765874160256804,0.0,0.0,0.0
2022-05-08,0.0,0.0,0.0,0.0765874160256804,0.0503833515881702,0.0765874160256804,0.0,0.0,0.0
2022-05-08,6.639361698404385e-05,0.0,0.0,0.0765874160256804,0.0503833515881702,0.0765874160256804,0.0,0.0,0.0
2022-05-08,0.0072907060725272,0.0,0.0,0.0765874160256804,0.0503833515881702,0.0765874160256804,0.0,0.0,0.0
2022-05-08,0.0,0.0,0.0,0.0765874160256804,0.0503833515881702,0.0765874160256804,0.0,0.0,0.0
2022-05-09,0.0,0.0,0.0,0.0765874160256804,0.0503833515881702,0.0765874160256804,0.0,0.0,0.0
2022-05-09,0.0,0.0,0.0,0.0765874160256804,0.0503833515881702,0.0765874160256804,0.0,0.0,0.0
2022-05-09,0.0017324257448859,0.0,0.0,0.0765874160256804,0.0503833515881702,0.0765874160256804,0.0,0.0,0.0
2022-05-09,0.0022928391437699,0.0,0.0,0.0765874160256804,0.0503833515881702,0.0765874160256804,0.0,0.0,0.0
2022-05-09,0.0,0.0,0.0,0.0765874160256804,0.0503833515881702,0.0765874160256804,0.0,0.0,0.0
2022-05-09,0.0017688430602962,0.0,0.0,0.0765874160256804,0.0503833515881702,0.0765874160256804,0.0,0.0,0.0
2022-05-09,0.0028715452745886,0.0,0.0,0.0765874160256804,0.0503833515881702,0.0765874160256804,0.0,0.0,0.0
2022-05-09,1.686650825273179e-05,0.0,0.0,0.0765874160256804,0.0503833515881702,0.0765874160256804,0.0,0.0,0.0
2022-05-09,0.0,0.0,0.0,0.0765874160256804,0.0503833515881702,0.0765874160256804,0.0,0.0,0.0
2022-05-09,0.0,0.0,0.0,0.0765874160256804,0.0503833515881702,0.0765874160256804,0.0,0.0,0.0
2022-05-09,0.0,0.0,0.0,0.0765874160256804,0.0503833515881702,0.0765874160256804,0.0,0.0,0.0
2022-05-09,0.0,0.0,0.0,0.0765874160256804,0.0503833515881702,0.0765874160256804,0.0,0.0,0.0
2022-05-10,0.0254640721164954,0.0,0.0,0.0765874160256804,0.0503833515881702,0.0765874160256804,0.0,0.0,0.0
2022-05-10,0.0289353752475707,0.0,0.0,0.0765874160256804,0.0503833515881702,0.0765874160256804,0.0,0.0,0.0
2022-05-10,0.0098743250600843,0.0,0.0,0.0765874160256804,0.0503833515881702,0.0765874160256804,0.0,0.0,0.0
2022-05-10,0.0487794781976929,0.0,0.0,0.0765874160256804,0.0503833515881702,0.0765874160256804,0.0,8.471891945556732e-05,8.471891945556732e-05
2022-05-10,0.2460938180694049,0.0,0.0,0.0765874160256804,0.0503833515881702,0.0765874160256804,0.0,0.0,0.0
2022-05-10,0.0106347951997568,0.0,0.0,0.0765874160256804,0.0503833515881702,0.0765874160256804,0.0,0.0,0.0
2022-05-10,0.0029975237440304,0.0,0.0,0.0765874160256804,0.0503833515881702,0.0765874160256804,0.0,0.0,0.0
2022-05-10,0.0638595640473825,0.0,0.0,0.0765874160256804,0.0503833515881702,0.0765874160256804,0.0,0.0,0.0
2022-05-10,0.0012446212786772,0.0,0.0,0.0765874160256804,0.0503833515881702,0.0765874160256804,0.0,0.0,0.0
2022-05-10,0.0157490339353521,0.0,0.0,0.0765874160256804,0.0503833515881702,0.0765874160256804,0.0,0.0,0.0
2022-05-10,0.0216616297924765,0.0,0.0,0.0765874160256804,0.0503833515881702,0.0765874160256804,0.0,0.000138282834490812,0.000138282834490812
2022-05-10,0.0593697512960568,0.0,0.0,0.0765874160256804,0.0503833515881702,0.0765874160256804,0.0,0.0,0.0
2022-05-11,0.0001118229989514,0.0,0.0,0.0765874160256804,0.0503833515881702,0.0765874160256804,0.0,0.0,0.0
2022-05-11,0.0,0.0,0.0,0.0765874160256804,0.0503833515881702,0.0765874160256804,0.0,0.0,0.0
2022-05-11,0.1185975862633874,0.0,0.0,0.0765874160256804,0.0503833515881702,0.0765874160256804,0.0,0.0,0.0
2022-05-11,0.0068854081899566,0.0,0.0,0.0765874160256804,0.0503833515881702,0.0765874160256804,0.0,0.0,0.0
2022-05-11,0.0010476083679004,0.0,0.0,0.0765874160256804,0.0503833515881702,0.0765874160256804,0.0,0.0,0.0
2022-05-11,0.0,0.0,0.0,0.0765874160256804,0.0503833515881702,0.0765874160256804,0.0,0.0,0.0
2022-05-11,0.0025164178217769,0.0,0.0,0.0765874160256804,0.0503833515881702,0.0765874160256804,0.0,0.0,0.0
2022-05-11,0.0136561210654039,0.0,0.0,0.0765874160256804,0.0503833515881702,0.0765874160256804,0.0,0.0,0.0
2022-05-11,0.0197023210846936,0.0,0.0,0.0765874160256804,0.0503833515881702,0.0765874160256804,0.0,0.0,0.0
2022-05-11,0.0851542878257575,0.0,0.0,0.0765874160256804,0.0503833515881702,0.0765874160256804,0.0,0.0,0.0
2022-05-11,0.0022790677622811,0.0,0.0,0.0765874160256804,0.0503833515881702,0.0765874160256804,0.0,0.0,0.0
2022-05-11,0.0063850877322502,0.0,0.0,0.0765874160256804,0.0503833515881702,0.0765874160256804,0.0,0.0,0.0
2022-05-12,0.0387293219530177,0.0,0.0,0.0323841851713525,0.0213581599123759,0.0765874160256804,-0.044203230854327896,0.0,0.044203230854327896
2022-05-12,0.0081976309734802,0.0,0.0,0.0323841851713525,0.0213581599123759,0.0323841851713525,0.0,0.0,0.0
2022-05-12,0.0628731850284078,0.0,0.0,0.0323841851713525,0.0213581599123759,0.0323841851713525,0.0,0.0,0.0
2022-05-12,0.0058158812959984,0.0,0.0,0.0323841851713525,0.0213581599123759,0.0323841851713525,0.0,0.0,0.0
2022-05-12,0.0,0.0,0.0,0.0323841851713525,0.0213581599123759,0.0323841851713525,0.0,0.0,0.0
2022-05-12,0.0113034950842751,0.0,0.0,0.0323841851713525,0.0213581599123759,0.0323841851713525,0.0,0.0,0.0
2022-05-12,0.0041001713081826,0.0,0.0,0.0323841851713525,0.0213581599123759,0.0323841851713525,0.0,0.0,0.0
2022-05-12,0.0109785437874021,0.0,0.0,0.0323841851713525,0.0213581599123759,0.0323841851713525,0.0,0.0,0.0
2022-05-12,0.016774151684147,0.0,0.0,0.0323841851713525,0.0213581599123759,0.0323841851713525,0.0,0.0,0.0
2022-05-12,0.0130170460700815,0.0,0.0,0.0323841851713525,0.0213581599123759,0.0323841851713525,0.0,0.0,0.0
2022-05-12,0.0026870140272054,0.0,0.0,0.0323841851713525,0.0213581599123759,0.0323841851713525,0.0,0.0,0.0
2022-05-12,0.0489097106163985,0.0,0.0,0.0323841851713525,0.0213581599123759,0.0323841851713525,0.0,0.00013159325463424587,0.00013159325463424587
2022-05-13,0.0369220994040535,0.0,0.0,0.0323841851713525,0.0213581599123759,0.0323841851713525,0.0,0.0,0.0
2022-05-13,0.0161229927801194,0.0,0.0,0.0323841851713525,0.0213581599123759,0.0323841851713525,0.0,0.0,0.0
2022-05-13,0.0273336417893983,0.0,0.0,0.0323841851713525,0.0213581599123759,0.0323841851713525,0.0,0.0005387357403213831,0.0005387357403213831
2022-05-13,0.08689336768851,0.0,0.0,0.0323841851713525,0.0213581599123759,0.0323841851713525,0.0,0.0,0.0
2022-05-13,0.0394074361341675,0.0,0.0,0.0323841851713525,0.0213581599123759,0.0323841851713525,0.0,0.0,0.0
2022-05-13,0.0747916155044387,0.0,0.0,0.0323841851713525,0.0213581599123759,0.0323841851713525,0.0,0.0,0.0
2022-05-13,0.018727082260423,0.0,0.0,0.0323841851713525,0.0213581599123759,0.0323841851713525,0.0,0.000524765628324107,0.000524765628324107
2022-05-13,0.037703826973278,0.0,0.0,0.0323841851713525,0.0213581599123759,0.0323841851713525,0.0,0.0,0.0
2022-05-13,0.0428361411261328,0.0,0.0,0.0323841851713525,0.0213581599123759,0.0323841851713525,0.0,0.0,0.0
2022-05-13,0.0073410735327454,0.0,0.0,0.0323841851713525,0.0213581599123759,0.0323841851713525,0.0,0.0,0.0
2022-05-13,0.012084203072245,0.0,0.0,0.0323841851713525,0.0213581599123759,0.0323841851713525,0.0,0.0,0.0
2022-05-13,0.012565229496509,0.0,0.0,0.0323841851713525,0.0213581599123759,0.0323841851713525,0.0,0.0,0.0
2022-05-14,0.0,0.0,0.0,0.0323841851713525,0.0213581599123759,0.0323841851713525,0.0,0.0,0.0
2022-05-14,0.0,0.0,0.0,0.0323841851713525,0.0213581599123759,0.0323841851713525,0.0,0.0,0.0
2022-05-14,0.0,0.0,0.0,0.0323841851713525,0.0213581599123759,0.0323841851713525,0.0,0.0,0.0
2022-05-14,0.0,0.0,0.0,0.0323841851713525,0.0213581599123759,0.0323841851713525,0.0,0.0,0.0
2022-05-14,0.0,0.0,0.0,0.0323841851713525,0.0213581599123759,0.0323841851713525,0.0,0.0,0.0
2022-05-14,0.0,0.0,0.0,0.0323841851713525,0.0213581599123759,0.0323841851713525,0.0,0.0,0.0
2022-05-14,0.0,0.0,0.0,0.0323841851713525,0.0213581599123759,0.0323841851713525,0.0,0.0,0.0
2022-05-14,0.0,0.0,0.0,0.0323841851713525,0.0213581599123759,0.0323841851713525,0.0,0.0,0.0
2022-05-14,0.0,0.0,0.0,0.0323841851713525,0.0213581599123759,0.0323841851713525,0.0,0.0,0.0
2022-05-14,0.0,0.0,0.0,0.0323841851713525,0.0213581599123759,0.0323841851713525,0.0,0.0,0.0
2022-05-14,0.000389548594635,0.0,0.0,0.0323841851713525,0.0213581599123759,0.0323841851713525,0.0,0.0,0.0
2022-05-14,0.0,0.0,0.0,0.0323841851713525,0.0213581599123759,0.0323841851713525,0.0,0.0,0.0
2022-05-15,0.0,0.0,0.0,0.0323841851713525,0.0213581599123759,0.0323841851713525,0.0,0.0,0.0
2022-05-15,0.0004570194434137,0.0,0.0,0.0323841851713525,0.0213581599123759,0.0323841851713525,0.0,0.0,0.0
2022-05-15,0.0,0.0,0.0,0.0323841851713525,0.0213581599123759,0.0323841851713525,0.0,0.0,0.0
2022-05-15,0.0,0.0,0.0,0.0323841851713525,0.0213581599123759,0.0323841851713525,0.0,0.0,0.0
2022-05-15,0.0,0.0,0.0,0.0323841851713525,0.0213581599123759,0.0323841851713525,0.0,0.0,0.0
2022-05-15,0.0,0.0,0.0,0.0323841851713525,0.0213581599123759,0.0323841851713525,0.0,0.0,0.0
2022-05-15,0.0,0.0,0.0,0.0323841851713525,0.0213581599123759,0.0323841851713525,0.0,0.0,0.0
2022-05-15,0.0,0.0,0.0,0.0323841851713525,0.0213581599123759,0.0323841851713525,0.0,0.0,0.0
2022-05-15,0.0,0.0,0.0,0.0323841851713525,0.0213581599123759,0.0323841851713525,0.0,0.0,0.0
2022-05-15,0.0,0.0,0.0,0.0323841851713525,0.0213581599123759,0.0323841851713525,0.0,0.0,0.0
2022-05-15,0.0,0.0,0.0,0.0323841851713525,0.0213581599123759,0.0323841851713525,0.0,0.0,0.0
2022-05-15,0.0,0.0,0.0,0.0323841851713525,0.0213581599123759,0.0323841851713525,0.0,0.0,0.0
2022-05-16,0.0007540286593872,0.0,0.0,0.0323841851713525,0.0213581599123759,0.0323841851713525,0.0,2.245618679765346e-05,2.245618679765346e-05
2022-05-16,0.0,0.0,0.0,0.0323841851713525,0.0213581599123759,0.0323841851713525,0.0,0.0,0.0
2022-05-16,0.0002778666649036,0.0,0.0,0.0323841851713525,0.0213581599123759,0.0323841851713525,0.0,0.0,0.0
2022-05-16,0.0,0.0,0.0,0.0323841851713525,0.0213581599123759,0.0323841851713525,0.0,0.0,0.0
2022-05-16,0.0078089958493202,0.0,0.0,0.0323841851713525,0.0213581599123759,0.0323841851713525,0.0,0.0,0.0
2022-05-16,0.0,0.0,0.0,0.0323841851713525,0.0213581599123759,0.0323841851713525,0.0,0.0,0.0
2022-05-16,0.000427191106937,0.0,0.0,0.0323841851713525,0.0213581599123759,0.0323841851713525,0.0,0.0,0.0
2022-05-16,0.0003737221157401,0.0,0.0,0.0323841851713525,0.0213581599123759,0.0323841851713525,0.0,0.0,0.0
2022-05-16,0.0,0.0,0.0,0.0323841851713525,0.0213581599123759,0.0323841851713525,0.0,0.0,0.0
2022-05-16,1.2902652270544103e-05,0.0,0.0,0.0323841851713525,0.0213581599123759,0.0323841851713525,0.0,2.363809136596007e-06,2.363809136596007e-06
2022-05-16,0.0,0.0,0.0,0.0323841851713525,0.0213581599123759,0.0323841851713525,0.0,0.0,0.0
2022-05-16,0.0037378250067822,0.0,0.0,0.0323841851713525,0.0213581599123759,0.0323841851713525,0.0,0.0,0.0
2022-05-17,0.0937191524116192,0.0,0.0,0.0323841851713525,0.0213581599123759,0.0323841851713525,0.0,0.0,0.0
2022-05-17,0.0155430637090122,0.0,0.0,0.0323841851713525,0.0213581599123759,0.0323841851713525,0.0,0.0,0.0
2022-05-17,0.1186058241763552,0.0,0.0,0.0323841851713525,0.0213581599123759,0.0323841851713525,0.0,0.0,0.0
2022-05-17,0.0766968577254318,0.0,0.0,0.0323841851713525,0.0213581599123759,0.0323841851713525,0.0,0.0,0.0
2022-05-17,0.0318024664916094,0.0,0.0,0.0323841851713525,0.0213581599123759,0.0323841851713525,0.0,0.0,0.0
2022-05-17,0.0917598494525017,0.0,0.0,0.0323841851713525,0.0213581599123759,0.0323841851713525,0.0,0.0,0.0
2022-05-17,0.0076037872328811,0.0,0.0,0.0323841851713525,0.0213581599123759,0.0323841851713525,0.0,0.0,0.0
2022-05-17,0.0004552329196148,0.0,0.0,0.0323841851713525,0.0213581599123759,0.0323841851713525,0.0,0.0,0.0
2022-05-17,0.0345177098690902,0.0,0.0,0.0323841851713525,0.0213581599123759,0.0323841851713525,0.0,6.356282768304154e-05,6.356282768304154e-05
2022-05-17,0.0927976489333695,0.0,0.0,0.0323841851713525,0.0213581599123759,0.0323841851713525,0.0,0.0,0.0
2022-05-17,0.0215430107113611,0.0,0.0,0.0323841851713525,0.0213581599123759,0.0323841851713525,0.0,0.000138282834490812,0.000138282834490812
2022-05-17,0.0028157425900345,0.0,0.0,0.0323841851713525,0.0213581599123759,0.0323841851713525,0.0,0.0,0.0
2022-05-18,0.0040872192123481,0.0,0.0,0.0323841851713525,0.0213581599123759,0.0323841851713525,0.0,0.0,0.0
2022-05-18,0.0101409264968142,0.0,0.0,0.0323841851713525,0.0213581599123759,0.0323841851713525,0.0,0.0,0.0
2022-05-18,0.0095578311718172,0.0,0.0,0.0323841851713525,0.0213581599123759,0.0323841851713525,0.0,0.0,0.0
2022-05-18,0.0,0.0,0.0,0.0323841851713525,0.0213581599123759,0.0323841851713525,0.0,0.0,0.0
2022-05-18,0.0008522430044184,0.0,0.0,0.0323841851713525,0.0213581599123759,0.0323841851713525,0.0,0.0,0.0
2022-05-18,0.010825061686248,0.0,0.0,0.0323841851713525,0.0213581599123759,0.0323841851713525,0.0,0.0,0.0
2022-05-18,0.0012347207659885,0.0,0.0,0.0323841851713525,0.0213581599123759,0.0323841851713525,0.0,0.0,0.0
2022-05-18,0.0018581648631024,0.0,0.0,0.0323841851713525,0.0213581599123759,0.0323841851713525,0.0,0.0,0.0
2022-05-18,0.0135861027889018,0.0,0.0,0.0323841851713525,0.0213581599123759,0.0323841851713525,0.0,0.0,0.0
2022-05-18,0.0001573355348576,0.0,0.0,0.0323841851713525,0.0213581599123759,0.0323841851713525,0.0,0.0,0.0
2022-05-18,0.0130328391537696,0.0,0.0,0.0323841851713525,0.0213581599123759,0.0323841851713525,0.0,0.0,0.0
2022-05-18,0.0061329263249412,0.0,0.0,0.0323841851713525,0.0213581599123759,0.0323841851713525,0.0,0.0,0.0
2022-05-19,0.0,0.0,0.0,0.0437304690270088,0.0435377875136904,0.0323841851713525,0.011346283855656301,0.0023039755622027897,0.009042308293453512
2022-05-19,0.0099764794217862,0.0,0.0,0.0437304690270088,0.0435377875136904,0.0437304690270088,0.0,0.0,0.0
2022-05-19,0.0,0.0,0.0,0.0437304690270088,0.0435377875136904,0.0437304690270088,0.0,0.0023039755622027897,0.0023039755622027897
2022-05-19,0.0,0.0,0.0,0.0437304690270088,0.0435377875136904,0.0437304690270088,0.0,0.0023039755622027897,0.0023039755622027897
2022-05-19,0.0,0.0,0.0,0.0437304690270088,0.0435377875136904,0.0437304690270088,0.0,0.0023039755622027897,0.0023039755622027897
2022-05-19,0.0138333503102596,0.0,0.0,0.0437304690270088,0.0435377875136904,0.0437304690270088,0.0,0.0,0.0
2022-05-19,0.0062993670774254,0.0,0.0,0.0437304690270088,0.0435377875136904,0.0437304690270088,0.0,1.1346283855656302e-05,1.1346283855656302e-05
2022-05-19,0.0,0.0,0.0,0.0437304690270088,0.0435377875136904,0.0437304690270088,0.0,0.0023039755622027897,0.0023039755622027897
2022-05-19,0.006718644402826,0.0,0.0,0.0437304690270088,0.0435377875136904,0.0437304690270088,0.0,1.1346283855656302e-05,1.1346283855656302e-05
2022-05-19,1.7981787134675276e-05,0.0,0.0,0.0437304690270088,0.0435377875136904,0.0437304690270088,0.0,0.0009535759551124267,0.0009535759551124267
2022-05-19,0.000348034974005,0.0,0.0,0.0437304690270088,0.0435377875136904,0.0437304690270088,0.0,0.000263801099644009,0.000263801099644009
2022-05-19,0.0298621367878909,0.0,0.0,0.0437304690270088,0.0435377875136904,0.0437304690270088,0.0,2.630919569030301e-05,2.630919569030301e-05
2022-05-20,4.639462824990463e-06,0.0,0.0,0.0439668499406684,0.0446330777656083,0.0437304690270088,0.00023638091365960068,0.0001437161981638215,9.266471549577917e-05
2022-05-20,0.0163116219433674,0.0,0.0,0.0439668499406684,0.0446330777656083,0.0439668499406684,0.0,0.0,0.0
2022-05-20,0.0001197419492439,0.0,0.0,0.0439668499406684,0.0446330777656083,0.0439668499406684,0.0,4.72761827319812e-06,4.72761827319812e-06
2022-05-20,0.0015262136333696,0.0,0.0,0.0439668499406684,0.0446330777656083,0.0439668499406684,0.0,0.0,0.0
2022-05-20,0.0037673167942063,0.0,0.0,0.0439668499406684,0.0446330777656083,0.0439668499406684,0.0,0.0,0.0
2022-05-20,0.0065818065029875,0.0,0.0,0.0439668499406684,0.0446330777656083,0.0439668499406684,0.0,0.0,0.0
2022-05-20,0.000893451454127,0.0,0.0,0.0439668499406684,0.0446330777656083,0.0439668499406684,0.0,0.0,0.0
2022-05-20,0.0012501746027855,0.0,0.0,0.0439668499406684,0.0446330777656083,0.0439668499406684,0.0,0.0,0.0
2022-05-20,0.002088446510024,0.0,0.0,0.0439668499406684,0.0446330777656083,0.0439668499406684,0.0,0.0,0.0
2022-05-20,0.0,0.0,0.0,0.0439668499406684,0.0446330777656083,0.0439668499406684,0.0,2.533241767477801e-05,2.533241767477801e-05
2022-05-20,0.0086987819998572,0.0,0.0,0.0439668499406684,0.0446330777656083,0.0439668499406684,0.0,0.0,0.0
2022-05-20,0.0051665392853632,0.0,0.0,0.0439668499406684,0.0446330777656083,0.0439668499406684,0.0,6.461472274882654e-05,6.461472274882654e-05
2022-05-21,0.0226641091713832,0.0,0.0,0.0439668499406684,0.0440854326396493,0.0439668499406684,0.0,4.6094278163604e-05,4.6094278163604e-05
2022-05-21,0.0191011848974623,0.0,0.0,0.0439668499406684,0.0440854326396493,0.0439668499406684,0.0,0.0,0.0
2022-05-21,0.0009049554788302,0.0,0.0,0.0439668499406684,0.0440854326396493,0.0439668499406684,0.0,0.00012823664566028066,0.00012823664566028066
2022-05-21,0.0097308732704293,0.0,0.0,0.0439668499406684,0.0440854326396493,0.0439668499406684,0.0,0.0,0.0
2022-05-21,0.0110556885934671,0.0,0.0,0.0439668499406684,0.0440854326396493,0.0439668499406684,0.0,0.0,0.0
2022-05-21,0.0231873321350188,0.0,0.0,0.0439668499406684,0.0440854326396493,0.0439668499406684,0.0,0.0,0.0
2022-05-21,0.0380805015833285,0.0,0.0,0.0439668499406684,0.0440854326396493,0.0439668499406684,0.0,0.0,0.0
2022-05-21,0.0075709017284807,0.0,0.0,0.0439668499406684,0.0440854326396493,0.0439668499406684,0.0,0.0,0.0
2022-05-21,0.0046578570662513,0.0,0.0,0.0439668499406684,0.0440854326396493,0.0439668499406684,0.0,0.0,0.0
2022-05-21,0.0365761976891313,0.0,0.0,0.0439668499406684,0.0440854326396493,0.0439668499406684,0.0,2.2267082066726e-05,2.2267082066726e-05
2022-05-21,0.0413409853250238,0.0,0.0,0.0439668499406684,0.0440854326396493,0.0439668499406684,0.0,0.0,0.0
2022-05-21,0.0093358567370146,0.0,0.0,0.0439668499406684,0.0440854326396493,0.0439668499406684,0.0,0.0,0.0
2022-05-22,0.0127490874566864,0.0,0.0,0.0439668499406684,0.0443592552026288,0.0439668499406684,0.0,0.0,0.0
2022-05-22,0.0068357303426494,0.0,0.0,0.0439668499406684,0.0443592552026288,0.0439668499406684,0.0,0.0,0.0
2022-05-22,0.0002691674467615,0.0,0.0,0.0439668499406684,0.0443592552026288,0.0439668499406684,0.0,1.1819045682980035e-06,1.1819045682980035e-06
2022-05-22,0.0110612731318193,0.0,0.0,0.0439668499406684,0.0443592552026288,0.0439668499406684,0.0,0.0,0.0
2022-05-22,0.0095738824033532,0.0,0.0,0.0439668499406684,0.0443592552026288,0.0439668499406684,0.0,0.0,0.0
2022-05-22,0.0,0.0,0.0,0.0439668499406684,0.0443592552026288,0.0439668499406684,0.0,1.1149562855201972e-05,1.1149562855201972e-05
2022-05-22,0.0127318938166025,0.0,0.0,0.0439668499406684,0.0443592552026288,0.0439668499406684,0.0,0.0,0.0
2022-05-22,0.0024695089275133,0.0,0.0,0.0439668499406684,0.0443592552026288,0.0439668499406684,0.0,0.0,0.0
2022-05-22,0.0167124979551361,0.0,0.0,0.0439668499406684,0.0443592552026288,0.0439668499406684,0.0,0.0,0.0
2022-05-22,0.0033050764281252,0.0,0.0,0.0439668499406684,0.0443592552026288,0.0439668499406684,0.0,0.0,0.0
2022-05-22,0.0073965163332044,0.0,0.0,0.0439668499406684,0.0443592552026288,0.0439668499406684,0.0,0.0,0.0
2022-05-22,0.0035549458577203,0.0,0.0,0.0439668499406684,0.0443592552026288,0.0439668499406684,0.0,0.0,0.0
2022-05-23,0.0267577653003833,0.0,0.0,0.0557858956236438,0.04709748083242,0.0439668499406684,0.011819045682975399,0.007413212747549941,0.004405832935425458
2022-05-23,0.0674596010235035,0.0,0.0,0.0557858956236438,0.04709748083242,0.0557858956236438,0.0,0.0,0.0
2022-05-23,0.0614963851052707,0.0,0.0,0.0557858956236438,0.04709748083242,0.0557858956236438,0.0,0.0,0.0
2022-05-23,0.0474190559193398,0.0,0.0,0.0557858956236438,0.04709748083242,0.0557858956236438,0.0,0.0,0.0
2022-05-23,0.0564532235856185,0.0,0.0,0.0557858956236438,0.04709748083242,0.0557858956236438,0.0,8.2733319780825e-06,8.2733319780825e-06
2022-05-23,0.1276163722159261,0.0,0.0,0.0557858956236438,0.04709748083242,0.0557858956236438,0.0,8.5097128917423e-05,8.5097128917423e-05
2022-05-23,0.0234405661852756,0.0,0.0,0.0557858956236438,0.04709748083242,0.0557858956236438,0.0,0.0013828283449081214,0.0013828283449081214
2022-05-23,0.1117268083004678,0.0,0.0,0.0557858956236438,0.04709748083242,0.0557858956236438,0.0,0.0,0.0
2022-05-23,0.257691503153609,0.0,0.0,0.0557858956236438,0.04709748083242,0.0557858956236438,0.0,0.0,0.0
2022-05-23,0.0160950126899529,0.0,0.0,0.0557858956236438,0.04709748083242,0.0557858956236438,0.0,0.0,0.0
2022-05-23,0.2247556099371782,0.0,0.0,0.0557858956236438,0.04709748083242,0.0557858956236438,0.0,0.0,0.0
2022-05-23,0.1601801693316301,0.0,0.0,0.0557858956236438,0.04709748083242,0.0557858956236438,0.0,0.00017109250530675281,0.00017109250530675281
2022-05-24,0.2196692906282028,0.0,0.0,0.0557858956236438,0.04709748083242,0.0557858956236438,0.0,0.0,0.0
2022-05-24,0.0882519820998837,0.0,0.0,0.0557858956236438,0.04709748083242,0.0557858956236438,0.0,0.0,0.0
2022-05-24,0.14110355910832,0.0,0.0,0.0557858956236438,0.04709748083242,0.0557858956236438,0.0,0.0,0.0
2022-05-24,0.1665944678852896,0.0,0.0,0.0557858956236438,0.04709748083242,0.0557858956236438,0.0,1.4738349966670478e-05,1.4738349966670478e-05
2022-05-24,0.1024407771867565,0.0,0.0,0.0557858956236438,0.04709748083242,0.0557858956236438,0.0,0.0,0.0
2022-05-24,0.1001717034538284,0.0,0.0,0.0557858956236438,0.04709748083242,0.0557858956236438,0.0,0.0005100863735858549,0.0005100863735858549
2022-05-24,0.1183706340895864,0.0,0.0,0.0557858956236438,0.04709748083242,0.0557858956236438,0.0,0.0,0.0
2022-05-24,0.044162631907748,0.0,0.0,0.0557858956236438,0.04709748083242,0.0557858956236438,0.0,0.0,0.0
2022-05-24,0.1205493520037569,0.0,0.0,0.0557858956236438,0.04709748083242,0.0557858956236438,0.0,0.0,0.0
2022-05-24,0.0806919879342646,0.0,0.0,0.0557858956236438,0.04709748083242,0.0557858956236438,0.0,3.2124166166327476e-05,3.2124166166327476e-05
2022-05-24,0.1556765240183933,0.0,0.0,0.0557858956236438,0.04709748083242,0.0557858956236438,0.0,0.0,0.0
2022-05-24,0.0106294721374273,0.0,0.0,0.0557858956236438,0.04709748083242,0.0557858956236438,0.0,0.0,0.0
2022-05-25,0.0682235169837347,0.0,0.0,0.0557858956236438,0.04709748083242,0.0557858956236438,0.0,0.0,0.0
2022-05-25,0.0185093410242197,0.0,0.0,0.0557858956236438,0.04709748083242,0.0557858956236438,0.0,0.0,0.0
2022-05-25,0.1950402739398752,0.0,0.0,0.0557858956236438,0.04709748083242,0.0557858956236438,0.0,3.0729518775736016e-05,3.0729518775736016e-05
2022-05-25,0.070848121672828,0.0,0.0,0.0557858956236438,0.04709748083242,0.0557858956236438,0.0,0.0,0.0
2022-05-25,0.0968212323626483,0.0,0.0,0.0557858956236438,0.04709748083242,0.0557858956236438,0.0,0.0,0.0
2022-05-25,0.1554627629260572,0.0,0.0,0.0557858956236438,0.04709748083242,0.0557858956236438,0.0,0.0,0.0
2022-05-25,0.1756649615564906,0.0,0.0,0.0557858956236438,0.04709748083242,0.0557858956236438,0.0,0.0,0.0
2022-05-25,0.2516373994507671,0.0,0.0,0.0557858956236438,0.04709748083242,0.0557858956236438,0.0,0.0,0.0
2022-05-25,0.3392495232366522,0.0,0.0,0.0557858956236438,0.04709748083242,0.0557858956236438,0.0,0.0,0.0
2022-05-25,0.0595332841946335,0.0,0.0,0.0557858956236438,0.04709748083242,0.0557858956236438,0.0,0.0,0.0
2022-05-25,0.2488314244985705,0.0,0.0,0.0557858956236438,0.04709748083242,0.0557858956236438,0.0,8.434070999371268e-05,8.434070999371268e-05
2022-05-25,0.0778890353050119,0.0,0.0,0.0557858956236438,0.04709748083242,0.0557858956236438,0.0,0.0005483919006443801,0.0005483919006443801
2022-05-26,0.0,0.0,0.0,0.0463306590772635,0.0503833515881702,0.0557858956236438,-0.009455236546380301,0.0,0.009455236546380301
2022-05-26,0.0413424919921994,0.0,0.0,0.0463306590772635,0.0503833515881702,0.0463306590772635,0.0,0.0,0.0
2022-05-26,0.0,0.0,0.0,0.0463306590772635,0.0503833515881702,0.0463306590772635,0.0,0.0,0.0
2022-05-26,0.0,0.0,0.0,0.0463306590772635,0.0503833515881702,0.0463306590772635,0.0,0.0,0.0
2022-05-26,0.0,0.0,0.0,0.0463306590772635,0.0503833515881702,0.0463306590772635,0.0,0.0,0.0
2022-05-26,0.0,0.0,0.0,0.0463306590772635,0.0503833515881702,0.0463306590772635,0.0,0.0,0.0
2022-05-26,0.0,0.0,0.0,0.0463306590772635,0.0503833515881702,0.0463306590772635,0.0,0.0,0.0
2022-05-26,0.0,0.0,0.0,0.0463306590772635,0.0503833515881702,0.0463306590772635,0.0,0.0,0.0
2022-05-26,0.0,0.0,0.0,0.0463306590772635,0.0503833515881702,0.0463306590772635,0.0,0.0,0.0
2022-05-26,6.600739744650758e-05,0.0,0.0,0.0463306590772635,0.0503833515881702,0.0463306590772635,0.0,0.0,0.0
2022-05-26,0.0,0.0,0.0,0.0463306590772635,0.0503833515881702,0.0463306590772635,0.0,0.0,0.0
2022-05-26,0.0,0.0,0.0,0.0463306590772635,0.0503833515881702,0.0463306590772635,0.0,0.0,0.0
2022-05-27,0.0,0.0,0.0,0.0463306590772635,0.0503833515881702,0.0463306590772635,0.0,0.0,0.0
2022-05-27,0.0006055633024296,0.0,0.0,0.0463306590772635,0.0503833515881702,0.0463306590772635,0.0,0.0,0.0
2022-05-27,0.0,0.0,0.0,0.0463306590772635,0.0503833515881702,0.0463306590772635,0.0,0.0,0.0
2022-05-27,0.0,0.0,0.0,0.0463306590772635,0.0503833515881702,0.0463306590772635,0.0,0.0,0.0
2022-05-27,0.0,0.0,0.0,0.0463306590772635,0.0503833515881702,0.0463306590772635,0.0,0.0,0.0
2022-05-27,0.0,0.0,0.0,0.0463306590772635,0.0503833515881702,0.0463306590772635,0.0,0.0,0.0
2022-05-27,0.0,0.0,0.0,0.0463306590772635,0.0503833515881702,0.0463306590772635,0.0,0.0,0.0
2022-05-27,0.0,0.0,0.0,0.0463306590772635,0.0503833515881702,0.0463306590772635,0.0,0.0,0.0
2022-05-27,0.0,0.0,0.0,0.0463306590772635,0.0503833515881702,0.0463306590772635,0.0,0.0,0.0
2022-05-27,0.0002537972429588,0.0,0.0,0.0463306590772635,0.0503833515881702,0.0463306590772635,0.0,0.0,0.0
2022-05-27,0.0,0.0,0.0,0.0463306590772635,0.0503833515881702,0.0463306590772635,0.0,0.0,0.0
2022-05-27,0.0,0.0,0.0,0.0463306590772635,0.0503833515881702,0.0463306590772635,0.0,0.0,0.0
2022-05-28,0.0054492798098753,0.0,0.0,0.0463306590772635,0.0503833515881702,0.0463306590772635,0.0,0.0,0.0
2022-05-28,0.0061304471247978,0.0,0.0,0.0463306590772635,0.0503833515881702,0.0463306590772635,0.0,0.0,0.0
2022-05-28,0.0005343935531466,0.0,0.0,0.0463306590772635,0.0503833515881702,0.0463306590772635,0.0,0.0,0.0
2022-05-28,0.0253518595824385,0.0,0.0,0.0463306590772635,0.0503833515881702,0.0463306590772635,0.0,0.0,0.0
2022-05-28,0.0013462881888633,0.0,0.0,0.0463306590772635,0.0503833515881702,0.0463306590772635,0.0,0.0,0.0
2022-05-28,0.0004263179023324,0.0,0.0,0.0463306590772635,0.0503833515881702,0.0463306590772635,0.0,0.0,0.0
2022-05-28,0.0144529017289441,0.0,0.0,0.0463306590772635,0.0503833515881702,0.0463306590772635,0.0,0.0,0.0
2022-05-28,0.0,0.0,0.0,0.0463306590772635,0.0503833515881702,0.0463306590772635,0.0,0.0,0.0
2022-05-28,0.0125494704887907,0.0,0.0,0.0463306590772635,0.0503833515881702,0.0463306590772635,0.0,0.0,0.0
2022-05-28,0.0,0.0,0.0,0.0463306590772635,0.0503833515881702,0.0463306590772635,0.0,0.0,0.0
2022-05-28,0.0,0.0,0.0,0.0463306590772635,0.0503833515881702,0.0463306590772635,0.0,0.0,0.0
2022-05-28,0.0199347628430162,0.0,0.0,0.0463306590772635,0.0503833515881702,0.0463306590772635,0.0,0.0,0.0
2022-05-29,0.0262930498565569,0.0,0.0,0.0463306590772635,0.0503833515881702,0.0463306590772635,0.0,0.000138022815485786,0.000138022815485786
2022-05-29,0.025805075388701,0.0,0.0,0.0463306590772635,0.0503833515881702,0.0463306590772635,0.0,5.261839138060602e-05,5.261839138060602e-05
2022-05-29,0.043082408386602,0.0,0.0,0.0463306590772635,0.0503833515881702,0.0463306590772635,0.0,0.0,0.0
2022-05-29,0.0112197747758623,0.0,0.0,0.0463306590772635,0.0503833515881702,0.0463306590772635,0.0,0.0,0.0
2022-05-29,0.0876242559531225,0.0,0.0,0.0463306590772635,0.0503833515881702,0.0463306590772635,0.0,0.0,0.0
2022-05-29,0.0759976040001881,0.0,0.0,0.0463306590772635,0.0503833515881702,0.0463306590772635,0.0,0.0,0.0
2022-05-29,0.0392723376468075,0.0,0.0,0.0463306590772635,0.0503833515881702,0.0463306590772635,0.0,0.0,0.0
2022-05-29,0.0113045471530525,0.0,0.0,0.0463306590772635,0.0503833515881702,0.0463306590772635,0.0,0.0,0.0
2022-05-29,0.0332763533784425,0.0,0.0,0.0463306590772635,0.0503833515881702,0.0463306590772635,0.0,4.893084912751866e-05,4.893084912751866e-05
2022-05-29,0.0273288319089043,0.0,0.0,0.0463306590772635,0.0503833515881702,0.0463306590772635,0.0,0.000321785337764688,0.000321785337764688
2022-05-29,0.0775120751148863,0.0,0.0,0.0463306590772635,0.0503833515881702,0.0463306590772635,0.0,0.0007067316556592043,0.0007067316556592043
2022-05-29,0.0679914703705089,0.0,0.0,0.0463306590772635,0.0503833515881702,0.0463306590772635,0.0,0.0,0.0
2022-05-30,0.0,0.0,0.0,0.0463306590772635,0.0503833515881702,0.0463306590772635,0.0,0.0,0.0
2022-05-30,0.0,0.0,0.0,0.0463306590772635,0.0503833515881702,0.0463306590772635,0.0,0.0,0.0
2022-05-30,0.0057829822393718,0.0,0.0,0.0463306590772635,0.0503833515881702,0.0463306590772635,0.0,0.0,0.0
2022-05-30,0.0,0.0,0.0,0.0463306590772635,0.0503833515881702,0.0463306590772635,0.0,0.0,0.0
2022-05-30,0.0,0.0,0.0,0.0463306590772635,0.0503833515881702,0.0463306590772635,0.0,0.0,0.0
2022-05-30,0.0,0.0,0.0,0.0463306590772635,0.0503833515881702,0.0463306590772635,0.0,0.0,0.0
2022-05-30,0.0001268986214794,0.0,0.0,0.0463306590772635,0.0503833515881702,0.0463306590772635,0.0,0.0,0.0
2022-05-30,0.0,0.0,0.0,0.0463306590772635,0.0503833515881702,0.0463306590772635,0.0,0.0,0.0
2022-05-30,0.0,0.0,0.0,0.0463306590772635,0.0503833515881702,0.0463306590772635,0.0,0.0,0.0
2022-05-30,9.969010052416378e-05,0.0,0.0,0.0463306590772635,0.0503833515881702,0.0463306590772635,0.0,0.0,0.0
2022-05-30,0.0014358049798398,0.0,0.0,0.0463306590772635,0.0503833515881702,0.0463306590772635,0.0,0.0,0.0
2022-05-30,0.0,0.0,0.0,0.0463306590772635,0.0503833515881702,0.0463306590772635,0.0,0.0,0.0
2022-05-31,0.0393413158687383,0.0,0.0,0.0463306590772635,0.0503833515881702,0.0463306590772635,0.0,0.0,0.0
2022-05-31,0.0031116713847126,0.0,0.0,0.0463306590772635,0.0503833515881702,0.0463306590772635,0.0,0.0,0.0
2022-05-31,0.0159958453019462,0.0,0.0,0.0463306590772635,0.0503833515881702,0.0463306590772635,0.0,0.0,0.0
2022-05-31,0.0761251304112135,0.0,0.0,0.0463306590772635,0.0503833515881702,0.0463306590772635,0.0,0.0,0.0
2022-05-31,0.0622529677478767,0.0,0.0,0.0463306590772635,0.0503833515881702,0.0463306590772635,0.0,0.0,0.0
2022-05-31,0.035574627040572,0.0,0.0,0.0463306590772635,0.0503833515881702,0.0463306590772635,0.0,5.909522841487519e-05,5.909522841487519e-05
2022-05-31,0.0030712349328438,0.0,0.0,0.0463306590772635,0.0503833515881702,0.0463306590772635,0.0,0.0,0.0
2022-05-31,0.0163116678066223,0.0,0.0,0.0463306590772635,0.0503833515881702,0.0463306590772635,0.0,0.0,0.0
2022-05-31,0.0002505599249766,0.0,0.0,0.0463306590772635,0.0503833515881702,0.0463306590772635,0.0,0.0,0.0
2022-05-31,0.0261876180622831,0.0,0.0,0.0463306590772635,0.0503833515881702,0.0463306590772635,0.0,0.000138022815485786,0.000138022815485786
2022-05-31,0.0160261022039399,0.0,0.0,0.0463306590772635,0.0503833515881702,0.0463306590772635,0.0,0.0,0.0
2022-05-31,0.0237389517275251,0.0,0.0,0.0463306590772635,0.0503833515881702,0.0463306590772635,0.0,0.0,0.0
2022-06-01,0.0009404238106295,0.0,0.0,0.0463306590772635,0.0503833515881702,0.0463306590772635,0.0,0.0,0.0
2022-06-01,0.0,0.0,0.0,0.0463306590772635,0.0503833515881702,0.0463306590772635,0.0,0.0,0.0
2022-06-01,0.0002912186333556,0.0,0.0,0.0463306590772635,0.0503833515881702,0.0463306590772635,0.0,0.0,0.0
2022-06-01,0.0,0.0,0.0,0.0463306590772635,0.0503833515881702,0.0463306590772635,0.0,0.0,0.0
2022-06-01,0.0109085904355188,0.0,0.0,0.0463306590772635,0.0503833515881702,0.0463306590772635,0.0,0.0,0.0
2022-06-01,9.23602371408232e-05,0.0,0.0,0.0463306590772635,0.0503833515881702,0.0463306590772635,0.0,0.0,0.0
2022-06-01,0.001336264142905,0.0,0.0,0.0463306590772635,0.0503833515881702,0.0463306590772635,0.0,0.0,0.0
2022-06-01,0.0,0.0,0.0,0.0463306590772635,0.0503833515881702,0.0463306590772635,0.0,0.0,0.0
2022-06-01,0.0034417054976125,0.0,0.0,0.0463306590772635,0.0503833515881702,0.0463306590772635,0.0,0.0,0.0
2022-06-01,0.0,0.0,0.0,0.0463306590772635,0.0503833515881702,0.0463306590772635,0.0,0.0,0.0
2022-06-01,0.0,0.0,0.0,0.0463306590772635,0.0503833515881702,0.0463306590772635,0.0,0.0,0.0
2022-06-01,5.274077650289228e-05,0.0,0.0,0.0463306590772635,0.0503833515881702,0.0463306590772635,0.0,0.0,0.0
2022-06-02,0.0,0.0,0.0,0.0522401819187511,0.0580503833515884,0.0463306590772635,0.005909522841487602,8.1634692469846e-05,0.005827888149017756
2022-06-02,0.0,0.0,0.0,0.0522401819187511,0.0580503833515884,0.0522401819187511,0.0,8.1634692469846e-05,8.1634692469846e-05
2022-06-02,0.0,0.0,0.0,0.0522401819187511,0.0580503833515884,0.0522401819187511,0.0,8.1634692469846e-05,8.1634692469846e-05
2022-06-02,0.0,0.0,0.0,0.0522401819187511,0.0580503833515884,0.0522401819187511,0.0,8.1634692469846e-05,8.1634692469846e-05
2022-06-02,0.0,0.0,0.0,0.0522401819187511,0.0580503833515884,0.0522401819187511,0.0,8.1634692469846e-05,8.1634692469846e-05
2022-06-02,0.0,0.0,0.0,0.0522401819187511,0.0580503833515884,0.0522401819187511,0.0,8.1634692469846e-05,8.1634692469846e-05
2022-06-02,0.0,0.0,0.0,0.0522401819187511,0.0580503833515884,0.0522401819187511,0.0,8.1634692469846e-05,8.1634692469846e-05
2022-06-02,0.0,0.0,0.0,0.0522401819187511,0.0580503833515884,0.0522401819187511,0.0,8.1634692469846e-05,8.1634692469846e-05
2022-06-02,9.089446617170832e-08,0.0,0.0,0.0522401819187511,0.0580503833515884,0.0522401819187511,0.0,3.0492540654430187e-05,3.0492540654430187e-05
2022-06-02,0.0,0.0,0.0,0.0522401819187511,0.0580503833515884,0.0522401819187511,0.0,8.1634692469846e-05,8.1634692469846e-05
2022-06-02,0.0,0.0,0.0,0.0522401819187511,0.0580503833515884,0.0522401819187511,0.0,8.1634692469846e-05,8.1634692469846e-05
2022-06-02,0.0,0.0,0.0,0.0522401819187511,0.0580503833515884,0.0522401819187511,0.0,8.1634692469846e-05,8.1634692469846e-05
2022-06-03,0.0,0.0,0.0,0.0522401819187511,0.0580503833515884,0.0522401819187511,0.0,8.1634692469846e-05,8.1634692469846e-05
2022-06-03,0.0,0.0,0.0,0.0522401819187511,0.0580503833515884,0.0522401819187511,0.0,8.1634692469846e-05,8.1634692469846e-05
2022-06-03,0.0006403122316336,0.0,0.0,0.0522401819187511,0.0580503833515884,0.0522401819187511,0.0,7.5607323559515924e-06,7.5607323559515924e-06
2022-06-03,0.0,0.0,0.0,0.0522401819187511,0.0580503833515884,0.0522401819187511,0.0,8.1634692469846e-05,8.1634692469846e-05
2022-06-03,0.0,0.0,0.0,0.0522401819187511,0.0580503833515884,0.0522401819187511,0.0,8.1634692469846e-05,8.1634692469846e-05
2022-06-03,0.0,0.0,0.0,0.0522401819187511,0.0580503833515884,0.0522401819187511,0.0,8.1634692469846e-05,8.1634692469846e-05
2022-06-03,0.0,0.0,0.0,0.0522401819187511,0.0580503833515884,0.0522401819187511,0.0,8.1634692469846e-05,8.1634692469846e-05
2022-06-03,0.0,0.0,0.0,0.0522401819187511,0.0580503833515884,0.0522401819187511,0.0,8.1634692469846e-05,8.1634692469846e-05
2022-06-03,0.0,0.0,0.0,0.0522401819187511,0.0580503833515884,0.0522401819187511,0.0,8.1634692469846e-05,8.1634692469846e-05
2022-06-03,0.0,0.0,0.0,0.0522401819187511,0.0580503833515884,0.0522401819187511,0.0,8.1634692469846e-05,8.1634692469846e-05
2022-06-03,0.0,0.0,0.0,0.0522401819187511,0.0580503833515884,0.0522401819187511,0.0,8.1634692469846e-05,8.1634692469846e-05
2022-06-03,0.0,0.0,0.0,0.0522401819187511,0.0580503833515884,0.0522401819187511,0.0,8.1634692469846e-05,8.1634692469846e-05
2022-06-04,0.0,0.0,0.0,0.0522401819187511,0.0580503833515884,0.0522401819187511,0.0,8.1634692469846e-05,8.1634692469846e-05
2022-06-04,0.0,0.0,0.0,0.0522401819187511,0.0580503833515884,0.0522401819187511,0.0,8.1634692469846e-05,8.1634692469846e-05
2022-06-04,0.0,0.0,0.0,0.0522401819187511,0.0580503833515884,0.0522401819187511,0.0,8.1634692469846e-05,8.1634692469846e-05
2022-06-04,0.0,0.0,0.0,0.0522401819187511,0.0580503833515884,0.0522401819187511,0.0,8.1634692469846e-05,8.1634692469846e-05
2022-06-04,0.0,0.0,0.0,0.0522401819187511,0.0580503833515884,0.0522401819187511,0.0,8.1634692469846e-05,8.1634692469846e-05
2022-06-04,0.0,0.0,0.0,0.0522401819187511,0.0580503833515884,0.0522401819187511,0.0,8.1634692469846e-05,8.1634692469846e-05
2022-06-04,0.0,0.0,0.0,0.0522401819187511,0.0580503833515884,0.0522401819187511,0.0,8.1634692469846e-05,8.1634692469846e-05
2022-06-04,0.0,0.0,0.0,0.0522401819187511,0.0580503833515884,0.0522401819187511,0.0,8.1634692469846e-05,8.1634692469846e-05
2022-06-04,0.0,0.0,0.0,0.0522401819187511,0.0580503833515884,0.0522401819187511,0.0,8.1634692469846e-05,8.1634692469846e-05
2022-06-04,0.0,0.0,0.0,0.0522401819187511,0.0580503833515884,0.0522401819187511,0.0,8.1634692469846e-05,8.1634692469846e-05
2022-06-04,0.0,0.0,0.0,0.0522401819187511,0.0580503833515884,0.0522401819187511,0.0,8.1634692469846e-05,8.1634692469846e-05
2022-06-04,0.0,0.0,0.0,0.0522401819187511,0.0580503833515884,0.0522401819187511,0.0,8.1634692469846e-05,8.1634692469846e-05
2022-06-05,0.0,0.0,0.0,0.0522401819187511,0.0580503833515884,0.0522401819187511,0.0,8.1634692469846e-05,8.1634692469846e-05
2022-06-05,0.0,0.0,0.0,0.0522401819187511,0.0580503833515884,0.0522401819187511,0.0,8.1634692469846e-05,8.1634692469846e-05
2022-06-05,0.0,0.0,0.0,0.0522401819187511,0.0580503833515884,0.0522401819187511,0.0,8.1634692469846e-05,8.1634692469846e-05
2022-06-05,0.0,0.0,0.0,0.0522401819187511,0.0580503833515884,0.0522401819187511,0.0,8.1634692469846e-05,8.1634692469846e-05
2022-06-05,0.0,0.0,0.0,0.0522401819187511,0.0580503833515884,0.0522401819187511,0.0,8.1634692469846e-05,8.1634692469846e-05
2022-06-05,0.0,0.0,0.0,0.0522401819187511,0.0580503833515884,0.0522401819187511,0.0,8.1634692469846e-05,8.1634692469846e-05
2022-06-05,0.0,0.0,0.0,0.0522401819187511,0.0580503833515884,0.0522401819187511,0.0,8.1634692469846e-05,8.1634692469846e-05
2022-06-05,0.0,0.0,0.0,0.0522401819187511,0.0580503833515884,0.0522401819187511,0.0,8.1634692469846e-05,8.1634692469846e-05
2022-06-05,0.0,0.0,0.0,0.0522401819187511,0.0580503833515884,0.0522401819187511,0.0,8.1634692469846e-05,8.1634692469846e-05
2022-06-05,0.0,0.0,0.0,0.0522401819187511,0.0580503833515884,0.0522401819187511,0.0,8.1634692469846e-05,8.1634692469846e-05
2022-06-05,0.0,0.0,0.0,0.0522401819187511,0.0580503833515884,0.0522401819187511,0.0,8.1634692469846e-05,8.1634692469846e-05
2022-06-05,0.0,0.0,0.0,0.0522401819187511,0.0580503833515884,0.0522401819187511,0.0,8.1634692469846e-05,8.1634692469846e-05
2022-06-06,0.0,0.0,0.0,0.0522401819187511,0.0580503833515884,0.0522401819187511,0.0,8.1634692469846e-05,8.1634692469846e-05
2022-06-06,0.0,0.0,0.0,0.0522401819187511,0.0580503833515884,0.0522401819187511,0.0,8.1634692469846e-05,8.1634692469846e-05
2022-06-06,0.0,0.0,0.0,0.0522401819187511,0.0580503833515884,0.0522401819187511,0.0,8.1634692469846e-05,8.1634692469846e-05
2022-06-06,0.0,0.0,0.0,0.0522401819187511,0.0580503833515884,0.0522401819187511,0.0,8.1634692469846e-05,8.1634692469846e-05
2022-06-06,0.0,0.0,0.0,0.0522401819187511,0.0580503833515884,0.0522401819187511,0.0,8.1634692469846e-05,8.1634692469846e-05
2022-06-06,0.0,0.0,0.0,0.0522401819187511,0.0580503833515884,0.0522401819187511,0.0,8.1634692469846e-05,8.1634692469846e-05
2022-06-06,0.0,0.0,0.0,0.0522401819187511,0.0580503833515884,0.0522401819187511,0.0,8.1634692469846e-05,8.1634692469846e-05
2022-06-06,0.0,0.0,0.0,0.0522401819187511,0.0580503833515884,0.0522401819187511,0.0,8.1634692469846e-05,8.1634692469846e-05
2022-06-06,0.0,0.0,0.0,0.0522401819187511,0.0580503833515884,0.0522401819187511,0.0,8.1634692469846e-05,8.1634692469846e-05
2022-06-06,0.0,0.0,0.0,0.0522401819187511,0.0580503833515884,0.0522401819187511,0.0,8.1634692469846e-05,8.1634692469846e-05
2022-06-06,0.0,0.0,0.0,0.0522401819187511,0.0580503833515884,0.0522401819187511,0.0,8.1634692469846e-05,8.1634692469846e-05
2022-06-06,0.0,0.0,0.0,0.0522401819187511,0.0580503833515884,0.0522401819187511,0.0,8.1634692469846e-05,8.1634692469846e-05
2022-06-07,0.0,0.0,0.0,0.0522401819187511,0.0580503833515884,0.0522401819187511,0.0,8.1634692469846e-05,8.1634692469846e-05
2022-06-07,0.0,0.0,0.0,0.0522401819187511,0.0580503833515884,0.0522401819187511,0.0,8.1634692469846e-05,8.1634692469846e-05
2022-06-07,0.0,0.0,0.0,0.0522401819187511,0.0580503833515884,0.0522401819187511,0.0,8.1634692469846e-05,8.1634692469846e-05
2022-06-07,0.0,0.0,0.0,0.0522401819187511,0.0580503833515884,0.0522401819187511,0.0,8.1634692469846e-05,8.1634692469846e-05
2022-06-07,0.0,0.0,0.0,0.0522401819187511,0.0580503833515884,0.0522401819187511,0.0,8.1634692469846e-05,8.1634692469846e-05
2022-06-07,0.0,0.0,0.0,0.0522401819187511,0.0580503833515884,0.0522401819187511,0.0,8.1634692469846e-05,8.1634692469846e-05
2022-06-07,0.0,0.0,0.0,0.0522401819187511,0.0580503833515884,0.0522401819187511,0.0,8.1634692469846e-05,8.1634692469846e-05
2022-06-07,0.0,0.0,0.0,0.0522401819187511,0.0580503833515884,0.0522401819187511,0.0,8.1634692469846e-05,8.1634692469846e-05
2022-06-07,0.0,0.0,0.0,0.0522401819187511,0.0580503833515884,0.0522401819187511,0.0,8.1634692469846e-05,8.1634692469846e-05
2022-06-07,0.0,0.0,0.0,0.0522401819187511,0.0580503833515884,0.0522401819187511,0.0,8.1634692469846e-05,8.1634692469846e-05
2022-06-07,0.0,0.0,0.0,0.0522401819187511,0.0580503833515884,0.0522401819187511,0.0,8.1634692469846e-05,8.1634692469846e-05
2022-06-07,0.0,0.0,0.0,0.0522401819187511,0.0580503833515884,0.0522401819187511,0.0,8.1634692469846e-05,8.1634692469846e-05
2022-06-08,0.0,0.0,0.0,0.0522401819187511,0.0580503833515884,0.0522401819187511,0.0,8.1634692469846e-05,8.1634692469846e-05
2022-06-08,0.0,0.0,0.0,0.0522401819187511,0.0580503833515884,0.0522401819187511,0.0,8.1634692469846e-05,8.1634692469846e-05
2022-06-08,0.0,0.0,0.0,0.0522401819187511,0.0580503833515884,0.0522401819187511,0.0,8.1634692469846e-05,8.1634692469846e-05
2022-06-08,0.0020123579581682,0.0,0.0,0.0522401819187511,0.0580503833515884,0.0522401819187511,0.0,1.3424902995619305e-06,1.3424902995619305e-06
2022-06-08,0.0,0.0,0.0,0.0522401819187511,0.0580503833515884,0.0522401819187511,0.0,8.1634692469846e-05,8.1634692469846e-05
2022-06-08,0.0,0.0,0.0,0.0522401819187511,0.0580503833515884,0.0522401819187511,0.0,8.1634692469846e-05,8.1634692469846e-05
2022-06-08,0.0,0.0,0.0,0.0522401819187511,0.0580503833515884,0.0522401819187511,0.0,8.1634692469846e-05,8.1634692469846e-05
2022-06-08,0.0,0.0,0.0,0.0522401819187511,0.0580503833515884,0.0522401819187511,0.0,8.1634692469846e-05,8.1634692469846e-05
2022-06-08,0.0,0.0,0.0,0.0522401819187511,0.0580503833515884,0.0522401819187511,0.0,8.1634692469846e-05,8.1634692469846e-05
2022-06-08,0.0,0.0,0.0,0.0522401819187511,0.0580503833515884,0.0522401819187511,0.0,8.1634692469846e-05,8.1634692469846e-05
2022-06-08,0.0,0.0,0.0,0.0522401819187511,0.0580503833515884,0.0522401819187511,0.0,8.1634692469846e-05,8.1634692469846e-05
2022-06-08,0.0,0.0,0.0,0.0522401819187511,0.0580503833515884,0.0522401819187511,0.0,8.1634692469846e-05,8.1634692469846e-05
2022-06-09,0.0,0.0,0.0,0.0742236068890853,0.0917305585980265,0.0522401819187511,0.021983424970334203,0.002706704624167501,0.019276720346166704
2022-06-09,0.0,0.0,0.0,0.0742236068890853,0.0917305585980265,0.0742236068890853,0.0,0.002706704624167501,0.002706704624167501
2022-06-09,0.0024742961033009,0.0,0.0,0.0742236068890853,0.0917305585980265,0.0742236068890853,0.0,0.00023364099478162732,0.00023364099478162732
2022-06-09,0.0010473816360039,0.0,0.0,0.0742236068890853,0.0917305585980265,0.0742236068890853,0.0,0.0008453659699918976,0.0008453659699918976
2022-06-09,0.0,0.0,0.0,0.0742236068890853,0.0917305585980265,0.0742236068890853,0.0,0.002706704624167501,0.002706704624167501
2022-06-09,0.0,0.0,0.0,0.0742236068890853,0.0917305585980265,0.0742236068890853,0.0,0.002706704624167501,0.002706704624167501
2022-06-09,0.0152985334279241,0.0,0.0,0.0742236068890853,0.0917305585980265,0.0742236068890853,0.0,3.0729518775736016e-05,3.0729518775736016e-05
2022-06-09,0.0,0.0,0.0,0.0742236068890853,0.0917305585980265,0.0742236068890853,0.0,0.002706704624167501,0.002706704624167501
2022-06-09,0.0099345401856122,0.0,0.0,0.0742236068890853,0.0917305585980265,0.0742236068890853,0.0,0.0,0.0
2022-06-09,0.0,0.0,0.0,0.0742236068890853,0.0917305585980265,0.0742236068890853,0.0,0.002706704624167501,0.002706704624167501
2022-06-09,0.0,0.0,0.0,0.0742236068890853,0.0917305585980265,0.0742236068890853,0.0,0.002706704624167501,0.002706704624167501
2022-06-09,0.0,0.0,0.0,0.0742236068890853,0.0917305585980265,0.0742236068890853,0.0,0.002706704624167501,0.002706704624167501
2022-06-10,0.0007494491919526,0.0,0.0,0.078714844248616,0.0983023001095286,0.0742236068890853,0.004491237359530692,0.0026498300421231168,0.0018414073174075752
2022-06-10,0.0019007609094965,0.0,0.0,0.078714844248616,0.0983023001095286,0.078714844248616,0.0,0.00017964949438122767,0.00017964949438122767
2022-06-10,0.0006391326962893,0.0,0.0,0.078714844248616,0.0983023001095286,0.078714844248616,0.0,0.00015719330758357422,0.00015719330758357422
2022-06-10,0.0018216675832539,0.0,0.0,0.078714844248616,0.0983023001095286,0.078714844248616,0.0,0.00017964949438122767,0.00017964949438122767
2022-06-10,4.021166140747546e-07,0.0,0.0,0.078714844248616,0.0983023001095286,0.078714844248616,0.0,0.0,0.0
2022-06-10,0.0006810694363323,0.0,0.0,0.078714844248616,0.0983023001095286,0.078714844248616,0.0,0.00015719330758357422,0.00015719330758357422
2022-06-10,0.0,0.0,0.0,0.078714844248616,0.0983023001095286,0.078714844248616,0.0,0.0,0.0
2022-06-10,0.0,0.0,0.0,0.078714844248616,0.0983023001095286,0.078714844248616,0.0,0.0,0.0
2022-06-10,0.0038156095661724,0.0,0.0,0.078714844248616,0.0983023001095286,0.078714844248616,0.0,4.491237359530692e-05,4.491237359530692e-05
2022-06-10,9.104748656427312e-05,0.0,0.0,0.078714844248616,0.0983023001095286,0.078714844248616,0.0,0.0,0.0
2022-06-10,0.0,0.0,0.0,0.078714844248616,0.0983023001095286,0.078714844248616,0.0,0.0,0.0
2022-06-10,0.0014583888886887,0.0,0.0,0.078714844248616,0.0983023001095286,0.078714844248616,0.0,0.00017964949438122767,0.00017964949438122767
2022-06-11,0.034989348016997,0.0,0.0,0.081078653385211,0.1021358159912377,0.078714844248616,0.0023638091365950076,0.0016783044869824555,0.0006855046496125521
2022-06-11,0.0013323748935041,0.0,0.0,0.081078653385211,0.1021358159912377,0.081078653385211,0.0,0.0,0.0
2022-06-11,0.0034906618117884,0.0,0.0,0.081078653385211,0.1021358159912377,0.081078653385211,0.0,0.0,0.0
2022-06-11,0.0072793287958077,0.0,0.0,0.081078653385211,0.1021358159912377,0.081078653385211,0.0,0.0,0.0
2022-06-11,0.0216276093805278,0.0,0.0,0.081078653385211,0.1021358159912377,0.081078653385211,0.0,3.5457137048925596e-05,3.5457137048925596e-05
2022-06-11,7.42317834015097e-07,0.0,0.0,0.081078653385211,0.1021358159912377,0.081078653385211,0.0,7.091427409784898e-06,7.091427409784898e-06
2022-06-11,0.0053830876609168,0.0,0.0,0.081078653385211,0.1021358159912377,0.081078653385211,0.0,0.0,0.0
2022-06-11,0.0056426434149925,0.0,0.0,0.081078653385211,0.1021358159912377,0.081078653385211,0.0,0.0,0.0
2022-06-11,0.0001199913228133,0.0,0.0,0.081078653385211,0.1021358159912377,0.081078653385211,0.0,0.0,0.0
2022-06-11,0.0,0.0,0.0,0.081078653385211,0.1021358159912377,0.081078653385211,0.0,0.0,0.0
2022-06-11,0.0156110661076206,0.0,0.0,0.081078653385211,0.1021358159912377,0.081078653385211,0.0,0.00012291807510294406,0.00012291807510294406
2022-06-11,0.0002628452512805,0.0,0.0,0.081078653385211,0.1021358159912377,0.081078653385211,0.0,0.0,0.0
2022-06-12,0.0483014242493936,0.0,0.0,0.0839152243491251,0.1062431544359245,0.081078653385211,0.002836570963914098,0.0017870397072658817,0.0010495312566482162
2022-06-12,0.0299259031135674,0.0,0.0,0.0839152243491251,0.1062431544359245,0.0839152243491251,0.0,0.0,0.0
2022-06-12,0.0024905654185222,0.0,0.0,0.0839152243491251,0.1062431544359245,0.0839152243491251,0.0,0.0,0.0
2022-06-12,0.0369538450968908,0.0,0.0,0.0839152243491251,0.1062431544359245,0.0839152243491251,0.0,0.00011582664769315715,0.00011582664769315715
2022-06-12,0.008636685611014,0.0,0.0,0.0839152243491251,0.1062431544359245,0.0839152243491251,0.0,0.0,0.0
2022-06-12,0.0146248348142151,0.0,0.0,0.0839152243491251,0.1062431544359245,0.0839152243491251,0.0,0.0,0.0
2022-06-12,0.0472294752259229,0.0,0.0,0.0839152243491251,0.1062431544359245,0.0839152243491251,0.0,0.00034038851566969174,0.00034038851566969174
2022-06-12,0.0065409125027476,0.0,0.0,0.0839152243491251,0.1062431544359245,0.0839152243491251,0.0,0.0,0.0
2022-06-12,0.0320864263004606,0.0,0.0,0.0839152243491251,0.1062431544359245,0.0839152243491251,0.0,0.0,0.0
2022-06-12,0.0073235185209732,0.0,0.0,0.0839152243491251,0.1062431544359245,0.0839152243491251,0.0,0.0,0.0
2022-06-12,0.0017085103518715,0.0,0.0,0.0839152243491251,0.1062431544359245,0.0839152243491251,0.0,0.0,0.0
2022-06-12,0.094891696799113,0.0,0.0,0.0839152243491251,0.1062431544359245,0.0839152243491251,0.0,9.927998373699343e-05,9.927998373699343e-05
2022-06-13,0.0211502007955451,0.0,0.0,0.0862790334857202,0.1100766703176336,0.0839152243491251,0.0023638091365951047,0.0014773807103719454,0.0008864284262231593
2022-06-13,0.0019713712480941,0.0,0.0,0.0862790334857202,0.1100766703176336,0.0862790334857202,0.0,0.0,0.0
2022-06-13,0.00887329551725,0.0,0.0,0.0862790334857202,0.1100766703176336,0.0862790334857202,0.0,0.0,0.0
2022-06-13,0.0006308937873904,0.0,0.0,0.0862790334857202,0.1100766703176336,0.0862790334857202,0.0,1.654666395616476e-05,1.654666395616476e-05
2022-06-13,0.0322591115784111,0.0,0.0,0.0862790334857202,0.1100766703176336,0.0862790334857202,0.0,0.0,0.0
2022-06-13,0.0046228404585174,0.0,0.0,0.0862790334857202,0.1100766703176336,0.0862790334857202,0.0,0.0,0.0
2022-06-13,0.0029513008823688,0.0,0.0,0.0862790334857202,0.1100766703176336,0.0862790334857202,0.0,0.0,0.0
2022-06-13,0.0024775297779404,0.0,0.0,0.0862790334857202,0.1100766703176336,0.0862790334857202,0.0,0.0,0.0
2022-06-13,0.012255483557941,0.0,0.0,0.0862790334857202,0.1100766703176336,0.0862790334857202,0.0,0.0,0.0
2022-06-13,0.0031946242967391,0.0,0.0,0.0862790334857202,0.1100766703176336,0.0862790334857202,0.0,0.0,0.0
2022-06-13,0.0278817912177656,0.0,0.0,0.0862790334857202,0.1100766703176336,0.0862790334857202,0.0,0.0,0.0
2022-06-13,0.0050972548965801,0.0,0.0,0.0862790334857202,0.1100766703176336,0.0862790334857202,0.0,6.461472274882654e-05,6.461472274882654e-05
2022-06-14,1.6918044532580605e-05,0.0,0.0,0.0867517953130392,0.1106243154435926,0.0862790334857202,0.0004727618273189932,0.00028129328725480095,0.00019146854006419224
2022-06-14,0.0,0.0,0.0,0.0867517953130392,0.1106243154435926,0.0867517953130392,0.0,0.0,0.0
2022-06-14,0.0,0.0,0.0,0.0867517953130392,0.1106243154435926,0.0867517953130392,0.0,0.0,0.0
2022-06-14,0.0,0.0,0.0,0.0867517953130392,0.1106243154435926,0.0867517953130392,0.0,0.0,0.0
2022-06-14,0.0,0.0,0.0,0.0867517953130392,0.1106243154435926,0.0867517953130392,0.0,0.0,0.0
2022-06-14,0.0,0.0,0.0,0.0867517953130392,0.1106243154435926,0.0867517953130392,0.0,0.0,0.0
2022-06-14,0.0,0.0,0.0,0.0867517953130392,0.1106243154435926,0.0867517953130392,0.0,0.0,0.0
2022-06-14,0.0,0.0,0.0,0.0867517953130392,0.1106243154435926,0.0867517953130392,0.0,0.0,0.0
2022-06-14,0.0,0.0,0.0,0.0867517953130392,0.1106243154435926,0.0867517953130392,0.0,0.0,0.0
2022-06-14,0.0,0.0,0.0,0.0867517953130392,0.1106243154435926,0.0867517953130392,0.0,0.0,0.0
2022-06-14,0.0,0.0,0.0,0.0867517953130392,0.1106243154435926,0.0867517953130392,0.0,0.0,0.0
2022-06-14,0.0,0.0,0.0,0.0867517953130392,0.1106243154435926,0.0867517953130392,0.0,0.0,0.0
2022-06-15,0.0001225788020926,0.0,0.0,0.0853335098310822,0.1087075575027363,0.0867517953130392,-0.0014182854819569934,0.0,0.0014182854819569934
2022-06-15,0.0,0.0,0.0,0.0853335098310822,0.1087075575027363,0.0853335098310822,0.0,0.0,0.0
2022-06-15,0.0,0.0,0.0,0.0853335098310822,0.1087075575027363,0.0853335098310822,0.0,0.0,0.0
2022-06-15,0.0,0.0,0.0,0.0853335098310822,0.1087075575027363,0.0853335098310822,0.0,0.0,0.0
2022-06-15,0.0137374398562947,0.0,0.0,0.0853335098310822,0.1087075575027363,0.0853335098310822,0.0,0.0,0.0
2022-06-15,0.0,0.0,0.0,0.0853335098310822,0.1087075575027363,0.0853335098310822,0.0,0.0,0.0
2022-06-15,7.689234384870469e-05,0.0,0.0,0.0853335098310822,0.1087075575027363,0.0853335098310822,0.0,0.0,0.0
2022-06-15,0.0,0.0,0.0,0.0853335098310822,0.1087075575027363,0.0853335098310822,0.0,0.0,0.0
2022-06-15,0.0151896174760499,0.0,0.0,0.0853335098310822,0.1087075575027363,0.0853335098310822,0.0,0.0,0.0
2022-06-15,0.0,0.0,0.0,0.0853335098310822,0.1087075575027363,0.0853335098310822,0.0,0.0,0.0
2022-06-15,0.0,0.0,0.0,0.0853335098310822,0.1087075575027363,0.0853335098310822,0.0,0.0,0.0
2022-06-15,0.0,0.0,0.0,0.0853335098310822,0.1087075575027363,0.0853335098310822,0.0,0.0,0.0
2022-06-16,0.1051169160629827,0.0,0.0,0.0853335098310822,0.1087075575027363,0.0853335098310822,0.0,0.0,0.0
2022-06-16,0.0941764583175787,0.0,0.0,0.0853335098310822,0.1087075575027363,0.0853335098310822,0.0,0.0,0.0
2022-06-16,0.1578970565386833,0.0,0.0,0.0853335098310822,0.1087075575027363,0.0853335098310822,0.0,0.000372299939013723,0.000372299939013723
2022-06-16,0.1385377103166742,0.0,0.0,0.0853335098310822,0.1087075575027363,0.0853335098310822,0.0,8.196508181143453e-05,8.196508181143453e-05
2022-06-16,0.0937322161021576,0.0,0.0,0.0853335098310822,0.1087075575027363,0.0853335098310822,0.0,0.0,0.0
2022-06-16,0.0446315530170927,0.0,0.0,0.0853335098310822,0.1087075575027363,0.0853335098310822,0.0,0.0,0.0
2022-06-16,0.1413950436678711,0.0,0.0,0.0853335098310822,0.1087075575027363,0.0853335098310822,0.0,0.0,0.0
2022-06-16,0.0884306441869505,0.0,0.0,0.0853335098310822,0.1087075575027363,0.0853335098310822,0.0,0.0,0.0
2022-06-16,0.0290497650129571,0.0,0.0,0.0853335098310822,0.1087075575027363,0.0853335098310822,0.0,0.0,0.0
2022-06-16,0.1159543863440632,0.0,0.0,0.0853335098310822,0.1087075575027363,0.0853335098310822,0.0,0.0,0.0
2022-06-16,0.2055499238988792,0.0,0.0,0.0853335098310822,0.1087075575027363,0.0853335098310822,0.0,3.0729518775736016e-05,3.0729518775736016e-05
2022-06-16,0.046062579393716,0.0,0.0,0.0853335098310822,0.1087075575027363,0.0853335098310822,0.0,0.0,0.0
2022-06-17,0.0196283901607145,0.0,0.0,0.0853335098310822,0.1087075575027363,0.0853335098310822,0.0,0.0,0.0
2022-06-17,0.1411842053179812,0.0,0.0,0.0853335098310822,0.1087075575027363,0.0853335098310822,0.0,0.0,0.0
2022-06-17,0.0346287729978685,0.0,0.0,0.0853335098310822,0.1087075575027363,0.0853335098310822,0.0,0.00018910473092760061,0.00018910473092760061
2022-06-17,0.0557611404000045,0.0,0.0,0.0853335098310822,0.1087075575027363,0.0853335098310822,0.0,0.0,0.0
2022-06-17,0.071589968670987,0.0,0.0,0.0853335098310822,0.1087075575027363,0.0853335098310822,0.0,0.0,0.0
2022-06-17,0.1267449728938973,0.0,0.0,0.0853335098310822,0.1087075575027363,0.0853335098310822,0.0,0.000340388515669692,0.000340388515669692
2022-06-17,0.0552359186531904,0.0,0.0,0.0853335098310822,0.1087075575027363,0.0853335098310822,0.0,0.0,0.0
2022-06-17,0.1291497201319927,0.0,0.0,0.0853335098310822,0.1087075575027363,0.0853335098310822,0.0,0.0003829370801284035,0.0003829370801284035
2022-06-17,0.0719572412129263,0.0,0.0,0.0853335098310822,0.1087075575027363,0.0853335098310822,0.0,0.0,0.0
2022-06-17,0.0316287636620865,0.0,0.0,0.0853335098310822,0.1087075575027363,0.0853335098310822,0.0,0.0,0.0
2022-06-17,0.0778270355088732,0.0,0.0,0.0853335098310822,0.1087075575027363,0.0853335098310822,0.0,0.0003655276258373839,0.0003655276258373839
2022-06-17,0.0480502718589062,0.0,0.0,0.0853335098310822,0.1087075575027363,0.0853335098310822,0.0,4.254856445871147e-05,4.254856445871147e-05
2022-06-18,0.0997370777090408,0.0,0.0,0.0853335098310822,0.1087075575027363,0.0853335098310822,0.0,0.00034005758239056996,0.00034005758239056996
2022-06-18,0.1031682504038189,0.0,0.0,0.0853335098310822,0.1087075575027363,0.0853335098310822,0.0,0.0,0.0
2022-06-18,0.176928987782551,0.0,0.0,0.0853335098310822,0.1087075575027363,0.0853335098310822,0.0,0.0,0.0
2022-06-18,0.0105302318699602,0.0,0.0,0.0853335098310822,0.1087075575027363,0.0853335098310822,0.0,0.0,0.0
2022-06-18,0.0862246759731477,0.0,0.0,0.0853335098310822,0.1087075575027363,0.0853335098310822,0.0,0.0,0.0
2022-06-18,0.0864203212688935,0.0,0.0,0.0853335098310822,0.1087075575027363,0.0853335098310822,0.0,0.0,0.0
2022-06-18,0.0318992537809149,0.0,0.0,0.0853335098310822,0.1087075575027363,0.0853335098310822,0.0,0.0,0.0
2022-06-18,0.0481727429239521,0.0,0.0,0.0853335098310822,0.1087075575027363,0.0853335098310822,0.0,7.091427409785245e-05,7.091427409785245e-05
2022-06-18,0.180429386496989,0.0,0.0,0.0853335098310822,0.1087075575027363,0.0853335098310822,0.0,0.0,0.0
2022-06-18,0.1680039238704853,0.0,0.0,0.0853335098310822,0.1087075575027363,0.0853335098310822,0.0,0.0005462526533757574,0.0005462526533757574
2022-06-18,0.0442704494611411,0.0,0.0,0.0853335098310822,0.1087075575027363,0.0853335098310822,0.0,0.0,0.0
2022-06-18,0.1235007279213356,0.0,0.0,0.0853335098310822,0.1087075575027363,0.0853335098310822,0.0,0.0,0.0
2022-06-19,0.1385360906050219,0.0,0.0,0.0853335098310822,0.1087075575027363,0.0853335098310822,0.0,8.196508181143453e-05,8.196508181143453e-05
2022-06-19,0.074608022827514,0.0,0.0,0.0853335098310822,0.1087075575027363,0.0853335098310822,0.0,0.0,0.0
2022-06-19,0.0572165068522888,0.0,0.0,0.0853335098310822,0.1087075575027363,0.0853335098310822,0.0,0.0,0.0
2022-06-19,0.0104405596507073,0.0,0.0,0.0853335098310822,0.1087075575027363,0.0853335098310822,0.0,0.0,0.0
2022-06-19,0.0317973614877516,0.0,0.0,0.0853335098310822,0.1087075575027363,0.0853335098310822,0.0,0.0,0.0
2022-06-19,0.0519374145631256,0.0,0.0,0.0853335098310822,0.1087075575027363,0.0853335098310822,0.0,8.2733319780825e-06,8.2733319780825e-06
2022-06-19,0.0877638977014113,0.0,0.0,0.0853335098310822,0.1087075575027363,0.0853335098310822,0.0,0.0,0.0
2022-06-19,0.0531862553621088,0.0,0.0,0.0853335098310822,0.1087075575027363,0.0853335098310822,0.0,0.00010755331571507251,0.00010755331571507251
2022-06-19,0.0916144078556543,0.0,0.0,0.0853335098310822,0.1087075575027363,0.0853335098310822,0.0,0.0,0.0
2022-06-19,0.1233591714767045,0.0,0.0,0.0853335098310822,0.1087075575027363,0.0853335098310822,0.0,0.0,0.0
2022-06-19,0.0473638048419101,0.0,0.0,0.0853335098310822,0.1087075575027363,0.0853335098310822,0.0,0.0,0.0
2022-06-19,0.2209579595921079,0.0,0.0,0.0853335098310822,0.1087075575027363,0.0853335098310822,0.0,0.0,0.0
2022-06-20,0.0484794732211389,0.0,0.0,0.0853335098310822,0.1087075575027363,0.0853335098310822,0.0,9.927998373699343e-05,9.927998373699343e-05
2022-06-20,0.0203211700063971,0.0,0.0,0.0853335098310822,0.1087075575027363,0.0853335098310822,0.0,0.0,0.0
2022-06-20,0.0086987801214556,0.0,0.0,0.0853335098310822,0.1087075575027363,0.0853335098310822,0.0,0.0,0.0
2022-06-20,0.0056025425540653,0.0,0.0,0.0853335098310822,0.1087075575027363,0.0853335098310822,0.0,0.0,0.0
2022-06-20,0.0066760141796083,0.0,0.0,0.0853335098310822,0.1087075575027363,0.0853335098310822,0.0,0.0,0.0
2022-06-20,0.0001915871288757,0.0,0.0,0.0853335098310822,0.1087075575027363,0.0853335098310822,0.0,0.0,0.0
2022-06-20,0.0102126062384322,0.0,0.0,0.0853335098310822,0.1087075575027363,0.0853335098310822,0.0,0.0,0.0
2022-06-20,0.0,0.0,0.0,0.0853335098310822,0.1087075575027363,0.0853335098310822,0.0,0.0,0.0
2022-06-20,0.0336252084323254,0.0,0.0,0.0853335098310822,0.1087075575027363,0.0853335098310822,0.0,7.256894049346874e-05,7.256894049346874e-05
2022-06-20,0.0,0.0,0.0,0.0853335098310822,0.1087075575027363,0.0853335098310822,0.0,0.0,0.0
2022-06-20,0.0089827734389742,0.0,0.0,0.0853335098310822,0.1087075575027363,0.0853335098310822,0.0,0.0,0.0
2022-06-20,0.0003715149308389,0.0,0.0,0.0853335098310822,0.1087075575027363,0.0853335098310822,0.0,0.0,0.0
2022-06-21,0.1960261517534003,0.0,0.0,0.0853335098310822,0.1087075575027363,0.0853335098310822,0.0,6.145903755147203e-05,6.145903755147203e-05
2022-06-21,0.0686078093190604,0.0,0.0,0.0853335098310822,0.1087075575027363,0.0853335098310822,0.0,0.0,0.0
2022-06-21,0.0648558226518873,0.0,0.0,0.0853335098310822,0.1087075575027363,0.0853335098310822,0.0,0.0001524656893103804,0.0001524656893103804
2022-06-21,0.0092532505098452,0.0,0.0,0.0853335098310822,0.1087075575027363,0.0853335098310822,0.0,0.0,0.0
2022-06-21,0.028099617133321,0.0,0.0,0.0853335098310822,0.1087075575027363,0.0853335098310822,0.0,0.0,0.0
2022-06-21,0.0456258099514797,0.0,0.0,0.0853335098310822,0.1087075575027363,0.0853335098310822,0.0,0.0002822860870921858,0.0002822860870921858
2022-06-21,0.1377083910983319,0.0,0.0,0.0853335098310822,0.1087075575027363,0.0853335098310822,0.0,0.0,0.0
2022-06-21,0.0253682120642053,0.0,0.0,0.0853335098310822,0.1087075575027363,0.0853335098310822,0.0,0.0,0.0
2022-06-21,0.0378113593374043,0.0,0.0,0.0853335098310822,0.1087075575027363,0.0853335098310822,0.0,5.3989400679832975e-05,5.3989400679832975e-05
2022-06-21,0.1226189867757051,0.0,0.0,0.0853335098310822,0.1087075575027363,0.0853335098310822,0.0,0.0,0.0
2022-06-21,0.1107151232409663,0.0,0.0,0.0853335098310822,0.1087075575027363,0.0853335098310822,0.0,0.0,0.0
2022-06-21,0.1131574895806809,0.0,0.0,0.0853335098310822,0.1087075575027363,0.0853335098310822,0.0,0.0,0.0
2022-06-22,0.0199637080912182,0.0,0.0,0.0853335098310822,0.1087075575027363,0.0853335098310822,0.0,0.0,0.0
2022-06-22,0.0276246789489897,0.0,0.0,0.0853335098310822,0.1087075575027363,0.0853335098310822,0.0,0.005900067604941305,0.005900067604941305
2022-06-22,0.0111940307778107,0.0,0.0,0.0853335098310822,0.1087075575027363,0.0853335098310822,0.0,0.0,0.0
2022-06-22,0.0040404312921896,0.0,0.0,0.0853335098310822,0.1087075575027363,0.0853335098310822,0.0,0.0,0.0
2022-06-22,0.024280532032546,0.0,0.0,0.0853335098310822,0.1087075575027363,0.0853335098310822,0.0,0.0,0.0
2022-06-22,0.0145400314875222,0.0,0.0,0.0853335098310822,0.1087075575027363,0.0853335098310822,0.0,0.0,0.0
2022-06-22,0.0144754564280179,0.0,0.0,0.0853335098310822,0.1087075575027363,0.0853335098310822,0.0,0.0,0.0
2022-06-22,0.0084737275033236,0.0,0.0,0.0853335098310822,0.1087075575027363,0.0853335098310822,0.0,0.0,0.0
2022-06-22,0.0214089291704509,0.0,0.0,0.0853335098310822,0.1087075575027363,0.0853335098310822,0.0,8.273331978082867e-05,8.273331978082867e-05
2022-06-22,0.0076244965221572,0.0,0.0,0.0853335098310822,0.1087075575027363,0.0853335098310822,0.0,0.0,0.0
2022-06-22,0.0009139224259289,0.0,0.0,0.0853335098310822,0.1087075575027363,0.0853335098310822,0.0,0.0,0.0
2022-06-22,0.0508780598441102,0.0,0.0,0.0853335098310822,0.1087075575027363,0.0853335098310822,0.0,8.2733319780825e-06,8.2733319780825e-06
2022-06-23,0.0415547385885856,0.0,0.0,0.0579133238465793,0.0668127053669227,0.0853335098310822,-0.027420185984502903,0.0,0.027420185984502903
2022-06-23,0.0158655355283938,0.0,0.0,0.0579133238465793,0.0668127053669227,0.0579133238465793,0.0,0.0,0.0
2022-06-23,0.0002709660856204,0.0,0.0,0.0579133238465793,0.0668127053669227,0.0579133238465793,0.0,0.0,0.0
2022-06-23,0.0216977504717163,0.0,0.0,0.0579133238465793,0.0668127053669227,0.0579133238465793,0.0,0.000138282834490812,0.000138282834490812
2022-06-23,0.0038726677163579,0.0,0.0,0.0579133238465793,0.0668127053669227,0.0579133238465793,0.0,0.0,0.0
2022-06-23,0.0004550194247764,0.0,0.0,0.0579133238465793,0.0668127053669227,0.0579133238465793,0.0,0.0,0.0
2022-06-23,0.0010966330483301,0.0,0.0,0.0579133238465793,0.0668127053669227,0.0579133238465793,0.0,0.0,0.0
2022-06-23,0.0086551128062463,0.0,0.0,0.0579133238465793,0.0668127053669227,0.0579133238465793,0.0,0.0,0.0
2022-06-23,0.0209978975867925,0.0,0.0,0.0579133238465793,0.0668127053669227,0.0579133238465793,0.0,2.3638091365951046e-05,2.3638091365951046e-05
2022-06-23,0.0,0.0,0.0,0.0579133238465793,0.0668127053669227,0.0579133238465793,0.0,0.0,0.0
2022-06-23,0.018394882010109,0.0,0.0,0.0579133238465793,0.0668127053669227,0.0579133238465793,0.0,0.0,0.0
2022-06-23,0.0083667632611277,0.0,0.0,0.0579133238465793,0.0668127053669227,0.0579133238465793,0.0,0.0,0.0
2022-06-24,0.0,0.0,0.0,0.0579133238465793,0.0668127053669227,0.0579133238465793,0.0,0.0,0.0
2022-06-24,0.0,0.0,0.0,0.0579133238465793,0.0668127053669227,0.0579133238465793,0.0,0.0,0.0
2022-06-24,0.0,0.0,0.0,0.0579133238465793,0.0668127053669227,0.0579133238465793,0.0,0.0,0.0
2022-06-24,0.0,0.0,0.0,0.0579133238465793,0.0668127053669227,0.0579133238465793,0.0,0.0,0.0
2022-06-24,0.0,0.0,0.0,0.0579133238465793,0.0668127053669227,0.0579133238465793,0.0,0.0,0.0
2022-06-24,0.0,0.0,0.0,0.0579133238465793,0.0668127053669227,0.0579133238465793,0.0,0.0,0.0
2022-06-24,0.0,0.0,0.0,0.0579133238465793,0.0668127053669227,0.0579133238465793,0.0,0.0,0.0
2022-06-24,0.0,0.0,0.0,0.0579133238465793,0.0668127053669227,0.0579133238465793,0.0,0.0,0.0
2022-06-24,0.0,0.0,0.0,0.0579133238465793,0.0668127053669227,0.0579133238465793,0.0,0.0,0.0
2022-06-24,0.0,0.0,0.0,0.0579133238465793,0.0668127053669227,0.0579133238465793,0.0,0.0,0.0
2022-06-24,0.0,0.0,0.0,0.0579133238465793,0.0668127053669227,0.0579133238465793,0.0,0.0,0.0
2022-06-24,0.0,0.0,0.0,0.0579133238465793,0.0668127053669227,0.0579133238465793,0.0,0.0,0.0
2022-06-25,0.0003890965175813,0.0,0.0,0.0579133238465793,0.0668127053669227,0.0579133238465793,0.0,0.0,0.0
2022-06-25,8.754257829928114e-05,0.0,0.0,0.0579133238465793,0.0668127053669227,0.0579133238465793,0.0,0.0,0.0
2022-06-25,0.0003724116974071,0.0,0.0,0.0579133238465793,0.0668127053669227,0.0579133238465793,0.0,0.0,0.0
2022-06-25,0.0,0.0,0.0,0.0579133238465793,0.0668127053669227,0.0579133238465793,0.0,0.0,0.0
2022-06-25,0.0,0.0,0.0,0.0579133238465793,0.0668127053669227,0.0579133238465793,0.0,0.0,0.0
2022-06-25,0.0,0.0,0.0,0.0579133238465793,0.0668127053669227,0.0579133238465793,0.0,0.0,0.0
2022-06-25,0.0017436874179639,0.0,0.0,0.0579133238465793,0.0668127053669227,0.0579133238465793,0.0,0.0,0.0
2022-06-25,0.0,0.0,0.0,0.0579133238465793,0.0668127053669227,0.0579133238465793,0.0,0.0,0.0
2022-06-25,0.0,0.0,0.0,0.0579133238465793,0.0668127053669227,0.0579133238465793,0.0,0.0,0.0
2022-06-25,0.0,0.0,0.0,0.0579133238465793,0.0668127053669227,0.0579133238465793,0.0,0.0,0.0
2022-06-25,0.0,0.0,0.0,0.0579133238465793,0.0668127053669227,0.0579133238465793,0.0,0.0,0.0
2022-06-25,2.568821330644149e-06,0.0,0.0,0.0579133238465793,0.0668127053669227,0.0579133238465793,0.0,3.54571370489401e-06,3.54571370489401e-06
2022-06-26,0.0,0.0,0.0,0.0579133238465793,0.0668127053669227,0.0579133238465793,0.0,0.0,0.0
2022-06-26,0.0,0.0,0.0,0.0579133238465793,0.0668127053669227,0.0579133238465793,0.0,0.0,0.0
2022-06-26,0.0,0.0,0.0,0.0579133238465793,0.0668127053669227,0.0579133238465793,0.0,0.0,0.0
2022-06-26,0.0,0.0,0.0,0.0579133238465793,0.0668127053669227,0.0579133238465793,0.0,0.0,0.0
2022-06-26,0.0,0.0,0.0,0.0579133238465793,0.0668127053669227,0.0579133238465793,0.0,0.0,0.0
2022-06-26,0.0,0.0,0.0,0.0579133238465793,0.0668127053669227,0.0579133238465793,0.0,0.0,0.0
2022-06-26,0.0,0.0,0.0,0.0579133238465793,0.0668127053669227,0.0579133238465793,0.0,0.0,0.0
2022-06-26,0.0,0.0,0.0,0.0579133238465793,0.0668127053669227,0.0579133238465793,0.0,0.0,0.0
2022-06-26,0.0,0.0,0.0,0.0579133238465793,0.0668127053669227,0.0579133238465793,0.0,0.0,0.0
2022-06-26,0.0061958340193837,0.0,0.0,0.0579133238465793,0.0668127053669227,0.0579133238465793,0.0,0.0,0.0
2022-06-26,0.0,0.0,0.0,0.0579133238465793,0.0668127053669227,0.0579133238465793,0.0,0.0,0.0
2022-06-26,0.0,0.0,0.0,0.0579133238465793,0.0668127053669227,0.0579133238465793,0.0,0.0,0.0
2022-06-27,0.0265954730419328,0.0,0.0,0.0579133238465793,0.0668127053669227,0.0579133238465793,0.0,0.0009718328503283349,0.0009718328503283349
2022-06-27,0.0025711755225314,0.0,0.0,0.0579133238465793,0.0668127053669227,0.0579133238465793,0.0,0.0,0.0
2022-06-27,0.002857724121761,0.0,0.0,0.0579133238465793,0.0668127053669227,0.0579133238465793,0.0,0.0,0.0
2022-06-27,0.0,0.0,0.0,0.0579133238465793,0.0668127053669227,0.0579133238465793,0.0,0.0,0.0
2022-06-27,0.0147452846309037,0.0,0.0,0.0579133238465793,0.0668127053669227,0.0579133238465793,0.0,0.0,0.0
2022-06-27,0.0,0.0,0.0,0.0579133238465793,0.0668127053669227,0.0579133238465793,0.0,0.0,0.0
2022-06-27,0.0,0.0,0.0,0.0579133238465793,0.0668127053669227,0.0579133238465793,0.0,0.0,0.0
2022-06-27,0.0,0.0,0.0,0.0579133238465793,0.0668127053669227,0.0579133238465793,0.0,0.0,0.0
2022-06-27,0.0012902245199488,0.0,0.0,0.0579133238465793,0.0668127053669227,0.0579133238465793,0.0,0.0,0.0
2022-06-27,4.6461948145793245e-06,0.0,0.0,0.0579133238465793,0.0668127053669227,0.0579133238465793,0.0,2.363809136596007e-06,2.363809136596007e-06
2022-06-27,0.0285873426562361,0.0,0.0,0.0579133238465793,0.0668127053669227,0.0579133238465793,0.0,0.0,0.0
2022-06-27,0.0,0.0,0.0,0.0579133238465793,0.0668127053669227,0.0579133238465793,0.0,0.0,0.0
2022-06-28,0.075347239332258,0.0,0.0,0.0579133238465793,0.0668127053669227,0.0579133238465793,0.0,0.0,0.0
2022-06-28,0.0121278183595123,0.0,0.0,0.0579133238465793,0.0668127053669227,0.0579133238465793,0.0,0.0,0.0
2022-06-28,0.0034121609888766,0.0,0.0,0.0579133238465793,0.0668127053669227,0.0579133238465793,0.0,0.0,0.0
2022-06-28,0.0013880032396986,0.0,0.0,0.0579133238465793,0.0668127053669227,0.0579133238465793,0.0,0.0,0.0
2022-06-28,0.0907213018509256,0.0,0.0,0.0579133238465793,0.0668127053669227,0.0579133238465793,0.0,0.0,0.0
2022-06-28,0.0074527861220249,0.0,0.0,0.0579133238465793,0.0668127053669227,0.0579133238465793,0.0,0.0,0.0
2022-06-28,0.0416206336727451,0.0,0.0,0.0579133238465793,0.0668127053669227,0.0579133238465793,0.0,0.0,0.0
2022-06-28,0.02218357514047,0.0,0.0,0.0579133238465793,0.0668127053669227,0.0579133238465793,0.0,0.0007836027287812679,0.0007836027287812679
2022-06-28,0.0724839335716908,0.0,0.0,0.0579133238465793,0.0668127053669227,0.0579133238465793,0.0,0.0,0.0
2022-06-28,0.2690323236280923,0.0,0.0,0.0579133238465793,0.0668127053669227,0.0579133238465793,0.0,0.0,0.0
2022-06-28,0.0349517503089852,0.0,0.0,0.0579133238465793,0.0668127053669227,0.0579133238465793,0.0,0.0,0.0
2022-06-28,0.1221227986376079,0.0,0.0,0.0579133238465793,0.0668127053669227,0.0579133238465793,0.0,0.0,0.0
2022-06-29,0.0088386389196784,0.0,0.0,0.0579133238465793,0.0668127053669227,0.0579133238465793,0.0,0.0,0.0
2022-06-29,0.0014274412643924,0.0,0.0,0.0579133238465793,0.0668127053669227,0.0579133238465793,0.0,0.0,0.0
2022-06-29,0.2120975434551195,0.0,0.0,0.0579133238465793,0.0668127053669227,0.0579133238465793,0.0,0.0,0.0
2022-06-29,0.022336664517018,0.0,0.0,0.0579133238465793,0.0668127053669227,0.0579133238465793,0.0,0.00025748972924930186,0.00025748972924930186
2022-06-29,0.4086543481959457,0.0,0.0,0.0579133238465793,0.0668127053669227,0.0579133238465793,0.0,0.00025823432912732704,0.00025823432912732704
2022-06-29,0.1429604814907147,0.0,0.0,0.0579133238465793,0.0668127053669227,0.0579133238465793,0.0,0.0,0.0
2022-06-29,0.4496570040084492,0.0,0.0,0.0579133238465793,0.0668127053669227,0.0579133238465793,0.0,0.00011819045682975399,0.00011819045682975399
2022-06-29,0.1192992910253574,0.0,0.0,0.0579133238465793,0.0668127053669227,0.0579133238465793,0.0,0.0,0.0
2022-06-29,0.1182470376098541,0.0,0.0,0.0579133238465793,0.0668127053669227,0.0579133238465793,0.0,0.0,0.0
2022-06-29,0.2300835902751172,0.0,0.0,0.0579133238465793,0.0668127053669227,0.0579133238465793,0.0,0.0,0.0
2022-06-29,0.2321091609730989,0.0,0.0,0.0579133238465793,0.0668127053669227,0.0579133238465793,0.0,0.0,0.0
2022-06-29,0.0236784241065703,0.0,0.0,0.0579133238465793,0.0668127053669227,0.0579133238465793,0.0,0.0,0.0
2022-06-30,0.0752642564792666,0.0,0.0,0.0215106631430151,0.0,0.0579133238465793,-0.0364026607035642,0.0,0.0364026607035642
2022-06-30,0.1917670556691549,0.0,0.0,0.0215106631430151,0.0,0.0215106631430151,0.0,6.145903755147203e-05,6.145903755147203e-05
2022-06-30,0.0770006735880023,0.0,0.0,0.0215106631430151,0.0,0.0215106631430151,0.0,0.0,0.0
2022-06-30,0.0685047657674303,0.0,0.0,0.0215106631430151,0.0,0.0215106631430151,0.0,0.0,0.0
2022-06-30,0.3482320633378076,0.0,0.0,0.0215106631430151,0.0,0.0215106631430151,0.0,0.0,0.0
2022-06-30,0.2051397456642382,0.0,0.0,0.0215106631430151,0.0,0.0215106631430151,0.0,0.0,0.0
2022-06-30,0.1285163657267672,0.0,0.0,0.0215106631430151,0.0,0.0215106631430151,0.0,0.0,0.0
2022-06-30,0.0557344639709679,0.0,0.0,0.0215106631430151,0.0,0.0215106631430151,0.0,0.0,0.0
2022-06-30,0.254553502062537,0.0,0.0,0.0215106631430151,0.0,0.0215106631430151,0.0,0.0,0.0
2022-06-30,0.209840926840297,0.0,0.0,0.0215106631430151,0.0,0.0215106631430151,0.0,0.0,0.0
2022-06-30,0.0468392202514365,0.0,0.0,0.0215106631430151,0.0,0.0215106631430151,0.0,0.0,0.0
2022-06-30,0.1657701429459651,0.0,0.0,0.0215106631430151,0.0,0.0215106631430151,0.0,4.421504990001143e-05,4.421504990001143e-05
2022-07-01,0.0376797723011981,0.0,0.0,0.0259640795563603,0.0084884994523548,0.0215106631430151,0.0044534164133452,0.0033313162162034848,0.0011221001971417153
2022-07-01,0.1303682108779128,0.0,0.0,0.0259640795563603,0.0084884994523548,0.0259640795563603,0.0,0.0,0.0
2022-07-01,0.1154688173396332,0.0,0.0,0.0259640795563603,0.0084884994523548,0.0259640795563603,0.0,0.0,0.0
2022-07-01,0.0249682456652546,0.0,0.0,0.0259640795563603,0.0084884994523548,0.0259640795563603,0.0,0.0002550077296558761,0.0002550077296558761
2022-07-01,0.1047010628493654,0.0,0.0,0.0259640795563603,0.0084884994523548,0.0259640795563603,0.0,0.0,0.0
2022-07-01,0.023705608699967,0.0,0.0,0.0259640795563603,0.0084884994523548,0.0259640795563603,0.0,0.00012346175120436103,0.00012346175120436103
2022-07-01,0.0848370916548237,0.0,0.0,0.0259640795563603,0.0084884994523548,0.0259640795563603,0.0,0.0,0.0
2022-07-01,0.2671155479330933,0.0,0.0,0.0259640795563603,0.0084884994523548,0.0259640795563603,0.0,0.0,0.0
2022-07-01,0.129142736386164,0.0,0.0,0.0259640795563603,0.0084884994523548,0.0259640795563603,0.0,0.0,0.0
2022-07-01,0.2590626260050538,0.0,0.0,0.0259640795563603,0.0084884994523548,0.0259640795563603,0.0,0.0,0.0
2022-07-01,0.1759421996376247,0.0,0.0,0.0259640795563603,0.0084884994523548,0.0259640795563603,0.0,0.0,0.0
2022-07-01,0.0295112374153494,0.0,0.0,0.0259640795563603,0.0084884994523548,0.0259640795563603,0.0,0.0004820279591344752,0.0004820279591344752
2022-07-02,0.0388182496444782,0.0,0.0,0.0318594195430284,0.0202628696604598,0.0259640795563603,0.005895339986668101,0.0,0.005895339986668101
2022-07-02,0.0191235675273865,0.0,0.0,0.0318594195430284,0.0202628696604598,0.0318594195430284,0.0,0.0,0.0
2022-07-02,0.2520444800877267,0.0,0.0,0.0318594195430284,0.0202628696604598,0.0318594195430284,0.0,0.0,0.0
2022-07-02,0.1398217881645335,0.0,0.0,0.0318594195430284,0.0202628696604598,0.0318594195430284,0.0,1.4738349966670478e-05,1.4738349966670478e-05
2022-07-02,0.0045482547035734,0.0,0.0,0.0318594195430284,0.0202628696604598,0.0318594195430284,0.0,0.0,0.0
2022-07-02,0.1342497929965519,0.0,0.0,0.0318594195430284,0.0202628696604598,0.0318594195430284,0.0,0.0,0.0
2022-07-02,0.0,0.0,0.0,0.0318594195430284,0.0202628696604598,0.0318594195430284,0.0,0.0,0.0
2022-07-02,0.0457279755331642,0.0,0.0,0.0318594195430284,0.0202628696604598,0.0318594195430284,0.0,0.0004945797856497876,0.0004945797856497876
2022-07-02,0.0221776290917555,0.0,0.0,0.0318594195430284,0.0202628696604598,0.0318594195430284,0.0,0.00037527833852583404,0.00037527833852583404
2022-07-02,0.0583567217548593,0.0,0.0,0.0318594195430284,0.0202628696604598,0.0318594195430284,0.0,0.00011790679973336202,0.00011790679973336202
2022-07-02,0.0830405157852144,0.0,0.0,0.0318594195430284,0.0202628696604598,0.0318594195430284,0.0,0.0,0.0
2022-07-02,0.1429482025434121,0.0,0.0,0.0318594195430284,0.0202628696604598,0.0318594195430284,0.0,1.4738349966670478e-05,1.4738349966670478e-05
2022-07-03,0.0260775648832238,0.0,0.0,0.037121258681089,0.0306681270536692,0.0318594195430284,0.005261839138060602,0.003801477853472167,0.0014603612845884351
2022-07-03,0.0994714434348151,0.0,0.0,0.037121258681089,0.0306681270536692,0.037121258681089,0.0,0.00022264718257589098,0.00022264718257589098
2022-07-03,0.2558383534588628,0.0,0.0,0.037121258681089,0.0306681270536692,0.037121258681089,0.0,0.0,0.0
2022-07-03,0.3425167341521686,0.0,0.0,0.037121258681089,0.0306681270536692,0.037121258681089,0.0,0.0,0.0
2022-07-03,0.1783443249296627,0.0,0.0,0.037121258681089,0.0306681270536692,0.037121258681089,0.0,2.9476699933340955e-05,2.9476699933340955e-05
2022-07-03,0.2479120361761508,0.0,0.0,0.037121258681089,0.0306681270536692,0.037121258681089,0.0,0.0,0.0
2022-07-03,0.3793587806189018,0.0,0.0,0.037121258681089,0.0306681270536692,0.037121258681089,0.0,0.0,0.0
2022-07-03,0.3833874930174171,0.0,0.0,0.037121258681089,0.0306681270536692,0.037121258681089,0.0,0.0,0.0
2022-07-03,0.0961855783022152,0.0,0.0,0.037121258681089,0.0306681270536692,0.037121258681089,0.0,5.261839138060602e-05,5.261839138060602e-05
2022-07-03,0.3549815965671781,0.0,0.0,0.037121258681089,0.0306681270536692,0.037121258681089,0.0,0.0,0.0
2022-07-03,0.3325727064626896,0.0,0.0,0.037121258681089,0.0306681270536692,0.037121258681089,0.0,0.0,0.0
2022-07-03,0.1668620258948773,0.0,0.0,0.037121258681089,0.0306681270536692,0.037121258681089,0.0,0.0003796513854285387,0.0003796513854285387
2022-07-04,0.162831409629194,0.0,0.0,0.0400689286744231,0.0366922234392106,0.037121258681089,0.0029476699933340955,0.001930723845633826,0.0010169461477002695
2022-07-04,0.0859127882155325,0.0,0.0,0.0400689286744231,0.0366922234392106,0.0400689286744231,0.0,0.0,0.0
2022-07-04,0.1174633142326374,0.0,0.0,0.0400689286744231,0.0366922234392106,0.0400689286744231,0.0,0.0,0.0
2022-07-04,0.1350304171119998,0.0,0.0,0.0400689286744231,0.0366922234392106,0.0400689286744231,0.0,2.9476699933340955e-05,2.9476699933340955e-05
2022-07-04,0.0268331629408357,0.0,0.0,0.0400689286744231,0.0366922234392106,0.0400689286744231,0.0,0.002469849614462732,0.002469849614462732
2022-07-04,0.2303265200445906,0.0,0.0,0.0400689286744231,0.0366922234392106,0.0400689286744231,0.0,4.421504990001143e-05,4.421504990001143e-05
2022-07-04,0.1076722918328701,0.0,0.0,0.0400689286744231,0.0366922234392106,0.0400689286744231,0.0,0.0,0.0
2022-07-04,0.1096617047626356,0.0,0.0,0.0400689286744231,0.0366922234392106,0.0400689286744231,0.0,0.0,0.0
2022-07-04,0.0933046729525065,0.0,0.0,0.0400689286744231,0.0366922234392106,0.0400689286744231,0.0,0.0,0.0
2022-07-04,0.1872817941083861,0.0,0.0,0.0400689286744231,0.0366922234392106,0.0400689286744231,0.0,0.00029476699933340955,0.00029476699933340955
2022-07-04,0.1253071046853157,0.0,0.0,0.0400689286744231,0.0366922234392106,0.0400689286744231,0.0,0.0,0.0
2022-07-04,0.2507081636395318,0.0,0.0,0.0400689286744231,0.0366922234392106,0.0400689286744231,0.0,0.00029723717988114947,0.00029723717988114947
2022-07-05,0.0,0.0,0.0,0.0437328328361454,0.0438116100766698,0.0400689286744231,0.0036639041617223048,0.0023871151755243845,0.0012767889861979203
2022-07-05,0.0054269882130912,0.0,0.0,0.0437328328361454,0.0438116100766698,0.0437328328361454,0.0,5.4958562425834574e-05,5.4958562425834574e-05
2022-07-05,0.000588404305618,0.0,0.0,0.0437328328361454,0.0438116100766698,0.0437328328361454,0.0,0.0003994837440845614,0.0003994837440845614
2022-07-05,0.0257517237786933,0.0,0.0,0.0437328328361454,0.0438116100766698,0.0437328328361454,0.0,0.000604307805770531,0.000604307805770531
2022-07-05,0.0324087016818989,0.0,0.0,0.0437328328361454,0.0438116100766698,0.0437328328361454,0.0,0.0,0.0
2022-07-05,0.0082875278193071,0.0,0.0,0.0437328328361454,0.0438116100766698,0.0437328328361454,0.0,5.4958562425834574e-05,5.4958562425834574e-05
2022-07-05,0.1054327190524531,0.0,0.0,0.0437328328361454,0.0438116100766698,0.0437328328361454,0.0,0.0,0.0
2022-07-05,0.1927862249361381,0.0,0.0,0.0437328328361454,0.0438116100766698,0.0437328328361454,0.0,0.0002605745001725586,0.0002605745001725586
2022-07-05,0.0515249067449188,0.0,0.0,0.0437328328361454,0.0438116100766698,0.0437328328361454,0.0,4.018475532211499e-05,4.018475532211499e-05
2022-07-05,0.0328303438896871,0.0,0.0,0.0437328328361454,0.0438116100766698,0.0437328328361454,0.0,0.0,0.0
2022-07-05,0.0696040078021076,0.0,0.0,0.0437328328361454,0.0438116100766698,0.0437328328361454,0.0,8.393886244049048e-05,8.393886244049048e-05
2022-07-05,0.0108880347969714,0.0,0.0,0.0437328328361454,0.0438116100766698,0.0437328328361454,0.0,5.4958562425834574e-05,5.4958562425834574e-05
2022-07-06,0.0777092771264942,0.0,0.0,0.0501576660694109,0.0550383351588159,0.0437328328361454,0.006424833233265495,0.003985677680441413,0.002439155552824082
2022-07-06,0.332979722427165,0.0,0.0,0.0501576660694109,0.0550383351588159,0.0501576660694109,0.0,0.0,0.0
2022-07-06,0.2630880065729916,0.0,0.0,0.0501576660694109,0.0550383351588159,0.0501576660694109,0.0,0.0,0.0
2022-07-06,0.457635491436996,0.0,0.0,0.0501576660694109,0.0550383351588159,0.0501576660694109,0.0,0.00011819045682975399,0.00011819045682975399
2022-07-06,0.3190654687049002,0.0,0.0,0.0501576660694109,0.0550383351588159,0.0501576660694109,0.0,0.0,0.0
2022-07-06,0.0308737271204827,0.0,0.0,0.0501576660694109,0.0550383351588159,0.0501576660694109,0.0,0.00018425892219758912,0.00018425892219758912
2022-07-06,0.357147936697345,0.0,0.0,0.0501576660694109,0.0550383351588159,0.0501576660694109,0.0,0.0,0.0
2022-07-06,0.2516210705939975,0.0,0.0,0.0501576660694109,0.0550383351588159,0.0501576660694109,0.0,0.0,0.0
2022-07-06,0.1858970563753002,0.0,0.0,0.0501576660694109,0.0550383351588159,0.0501576660694109,0.0,6.424833233265495e-05,6.424833233265495e-05
2022-07-06,0.5557635369000511,0.0,0.0,0.0501576660694109,0.0550383351588159,0.0501576660694109,0.0,0.0003594408173106478,0.0003594408173106478
2022-07-06,0.6206130810513562,0.0,0.0,0.0501576660694109,0.0550383351588159,0.0501576660694109,0.0,0.0,0.0
2022-07-06,0.3561667977506484,0.0,0.0,0.0501576660694109,0.0550383351588159,0.0501576660694109,0.0,0.0,0.0
2022-07-07,0.0036540901376054,0.0,0.0,0.0,0.0736582694414007,0.0501576660694109,-0.0501576660694109,0.0,0.0501576660694109
2022-07-07,0.0095142968701325,0.0,0.0,0.0,0.0736582694414007,0.0,0.0,0.0,0.0
2022-07-07,0.0125120829852628,0.0,0.0,0.0,0.0736582694414007,0.0,0.0,0.0,0.0
2022-07-07,0.0160101497712847,0.0,0.0,0.0,0.0736582694414007,0.0,0.0,0.0,0.0
2022-07-07,0.0008573473779401,0.0,0.0,0.0,0.0736582694414007,0.0,0.0,0.0,0.0
2022-07-07,0.0,0.0,0.0,0.0,0.0736582694414007,0.0,0.0,0.0,0.0
2022-07-07,0.009739344067374,0.0,0.0,0.0,0.0736582694414007,0.0,0.0,0.0,0.0
2022-07-07,0.0020039440679669,0.0,0.0,0.0,0.0736582694414007,0.0,0.0,0.0,0.0
2022-07-07,1.2758532223765333e-05,0.0,0.0,0.0,0.0736582694414007,0.0,0.0,2.363809136594966e-06,2.363809136594966e-06
2022-07-07,0.0080800006880042,0.0,0.0,0.0,0.0736582694414007,0.0,0.0,0.0,0.0
2022-07-07,0.0571434935842163,0.0,0.0,0.0,0.0736582694414007,0.0,0.0,9.927998373699e-05,9.927998373699e-05
2022-07-07,0.0002688376801255,0.0,0.0,0.0,0.0736582694414007,0.0,0.0,0.0,0.0
2022-07-08,0.053702677503453,0.0,0.0,0.0016546663956165,0.0772179627601303,0.0,0.0016546663956165,0.001058986493194562,0.000595679902421938
2022-07-08,0.1978410368949636,0.0,0.0,0.0016546663956165,0.0772179627601303,0.0016546663956165,0.0,3.0729518775736016e-05,3.0729518775736016e-05
2022-07-08,0.2190574547629569,0.0,0.0,0.0016546663956165,0.0772179627601303,0.0016546663956165,0.0,0.0,0.0
2022-07-08,0.0928711672519418,0.0,0.0,0.0016546663956165,0.0772179627601303,0.0016546663956165,0.0,8.2733319780825e-06,8.2733319780825e-06
2022-07-08,0.2955641870963311,0.0,0.0,0.0016546663956165,0.0772179627601303,0.0016546663956165,0.0,0.0,0.0
2022-07-08,0.2328947218809119,0.0,0.0,0.0016546663956165,0.0772179627601303,0.0016546663956165,0.0,5.673141927828196e-05,5.673141927828196e-05
2022-07-08,0.3504936816696138,0.0,0.0,0.0016546663956165,0.0772179627601303,0.0016546663956165,0.0,0.0,0.0
2022-07-08,0.1051884297236441,0.0,0.0,0.0016546663956165,0.0772179627601303,0.0016546663956165,0.0,0.0,0.0
2022-07-08,0.2276407887639632,0.0,0.0,0.0016546663956165,0.0772179627601303,0.0016546663956165,0.0,0.0,0.0
2022-07-08,0.3866243376171989,0.0,0.0,0.0016546663956165,0.0772179627601303,0.0016546663956165,0.0,0.0,0.0
2022-07-08,0.3576130841483235,0.0,0.0,0.0016546663956165,0.0772179627601303,0.0016546663956165,0.0,0.0,0.0
2022-07-08,0.101802529885772,0.0,0.0,0.0016546663956165,0.0772179627601303,0.0016546663956165,0.0,7.073698841260745e-05,7.073698841260745e-05
2022-07-09,0.0220700956434511,0.0,0.0,0.0108735220283373,0.094742606790799,0.0016546663956165,0.009218855632720799,0.006268821830250161,0.002950033802470638
2022-07-09,8.092527206114963e-05,0.0,0.0,0.0108735220283373,0.094742606790799,0.0108735220283373,0.0,0.00030333569922054405,0.00030333569922054405
2022-07-09,0.0086484125099568,0.0,0.0,0.0108735220283373,0.094742606790799,0.0108735220283373,0.0,4.6094278163604e-05,4.6094278163604e-05
2022-07-09,0.0096597480228752,0.0,0.0,0.0108735220283373,0.094742606790799,0.0108735220283373,0.0,4.6094278163604e-05,4.6094278163604e-05
2022-07-09,0.1163156368691807,0.0,0.0,0.0108735220283373,0.094742606790799,0.0108735220283373,0.0,0.0,0.0
2022-07-09,0.0120937859711776,0.0,0.0,0.0108735220283373,0.094742606790799,0.0108735220283373,0.0,9.2188556327208e-05,9.2188556327208e-05
2022-07-09,0.0575762292157697,0.0,0.0,0.0108735220283373,0.094742606790799,0.0108735220283373,0.0,5.43676101416865e-05,5.43676101416865e-05
2022-07-09,0.1339192302459751,0.0,0.0,0.0108735220283373,0.094742606790799,0.0108735220283373,0.0,0.0,0.0
2022-07-09,0.0587209367506732,0.0,0.0,0.0108735220283373,0.094742606790799,0.0108735220283373,0.0,5.43676101416865e-05,5.43676101416865e-05
2022-07-09,0.0012213679150659,0.0,0.0,0.0108735220283373,0.094742606790799,0.0108735220283373,0.0,3.4021967215993405e-05,3.4021967215993405e-05
2022-07-09,0.0093399158493888,0.0,0.0,0.0108735220283373,0.094742606790799,0.0108735220283373,0.0,4.6094278163604e-05,4.6094278163604e-05
2022-07-09,0.0841665743978576,0.0,0.0,0.0108735220283373,0.094742606790799,0.0108735220283373,0.0,0.0,0.0
2022-07-10,0.1593061450379306,0.0,0.0,0.0215106631430151,0.1144578313253017,0.0108735220283373,0.0106371411146778,0.007169433111292832,0.0034677080033849676
2022-07-10,0.1008449890461087,0.0,0.0,0.0215106631430151,0.1144578313253017,0.0215106631430151,0.0,0.0008349328441824284,0.0008349328441824284
2022-07-10,0.3975620568926133,0.0,0.0,0.0215106631430151,0.1144578313253017,0.0215106631430151,0.0,0.0,0.0
2022-07-10,0.3665206601415919,0.0,0.0,0.0215106631430151,0.1144578313253017,0.0215106631430151,0.0,0.0,0.0
2022-07-10,0.0387268060042794,0.0,0.0,0.0215106631430151,0.1144578313253017,0.0215106631430151,0.0,0.0,0.0
2022-07-10,0.1772308147708265,0.0,0.0,0.0215106631430151,0.1144578313253017,0.0215106631430151,0.0,0.0003084770923256565,0.0003084770923256565
2022-07-10,0.1827663610057388,0.0,0.0,0.0215106631430151,0.1144578313253017,0.0215106631430151,0.0,0.0003084770923256565,0.0003084770923256565
2022-07-10,0.3082510303125377,0.0,0.0,0.0215106631430151,0.1144578313253017,0.0215106631430151,0.0,0.0,0.0
2022-07-10,0.0870170608491939,0.0,0.0,0.0215106631430151,0.1144578313253017,0.0215106631430151,0.0,0.0,0.0
2022-07-10,0.1360395835753514,0.0,0.0,0.0215106631430151,0.1144578313253017,0.0215106631430151,0.0,0.0011275369581558495,0.0011275369581558495
2022-07-10,0.0514111729829224,0.0,0.0,0.0215106631430151,0.1144578313253017,0.0215106631430151,0.0,0.0,0.0
2022-07-10,0.0851018615995771,0.0,0.0,0.0215106631430151,0.1144578313253017,0.0215106631430151,0.0,0.0,0.0
2022-07-11,0.128760684504879,0.0,0.0,0.0300203760347574,0.1303395399780935,0.0215106631430151,0.0085097128917423,0.0055313133796324986,0.002978399512109802
2022-07-11,0.004384213892771,0.0,0.0,0.0300203760347574,0.1303395399780935,0.0300203760347574,0.0,0.0,0.0
2022-07-11,0.0403459684448234,0.0,0.0,0.0300203760347574,0.1303395399780935,0.0300203760347574,0.0,0.0,0.0
2022-07-11,0.3192995201903513,0.0,0.0,0.0300203760347574,0.1303395399780935,0.0300203760347574,0.0,0.00022692567711312796,0.00022692567711312796
2022-07-11,0.0821186665802185,0.0,0.0,0.0300203760347574,0.1303395399780935,0.0300203760347574,0.0,0.00021274282229355752,0.00021274282229355752
2022-07-11,0.5184483534722235,0.0,0.0,0.0300203760347574,0.1303395399780935,0.0300203760347574,0.0,0.00021414928872983161,0.00021414928872983161
2022-07-11,0.1807264756269737,0.0,0.0,0.0300203760347574,0.1303395399780935,0.0300203760347574,0.0,0.0004893084912751814,0.0004893084912751814
2022-07-11,0.0280529613190031,0.0,0.0,0.0300203760347574,0.1303395399780935,0.0300203760347574,0.0,0.0,0.0
2022-07-11,0.0525775844900805,0.0,0.0,0.0300203760347574,0.1303395399780935,0.0300203760347574,0.0,4.25485644587115e-05,4.25485644587115e-05
2022-07-11,0.045905651030768,0.0,0.0,0.0300203760347574,0.1303395399780935,0.0300203760347574,0.0,0.0,0.0
2022-07-11,0.015253815329823,0.0,0.0,0.0300203760347574,0.1303395399780935,0.0300203760347574,0.0,0.00012291807510294406,0.00012291807510294406
2022-07-11,0.0642963477226081,0.0,0.0,0.0300203760347574,0.1303395399780935,0.0300203760347574,0.0,4.25485644587115e-05,4.25485644587115e-05
2022-07-12,0.0154576366773513,0.0,0.0,0.0361662797899046,0.1421139101861985,0.0300203760347574,0.006145903755147203,0.0035338946592096522,0.0026120090959375506
2022-07-12,0.0143070113580043,0.0,0.0,0.0361662797899046,0.1421139101861985,0.0361662797899046,0.0,0.0,0.0
2022-07-12,0.0052389303360608,0.0,0.0,0.0361662797899046,0.1421139101861985,0.0361662797899046,0.0,6.107796286642099e-05,6.107796286642099e-05
2022-07-12,0.0143134399290062,0.0,0.0,0.0361662797899046,0.1421139101861985,0.0361662797899046,0.0,0.0,0.0
2022-07-12,0.0216844915660866,0.0,0.0,0.0361662797899046,0.1421139101861985,0.0361662797899046,0.0,0.00024819995934248425,0.00024819995934248425
2022-07-12,0.0093927697586156,0.0,0.0,0.0361662797899046,0.1421139101861985,0.0361662797899046,0.0,0.0,0.0
2022-07-12,0.0595412701496538,0.0,0.0,0.0361662797899046,0.1421139101861985,0.0361662797899046,0.0,0.0,0.0
2022-07-12,0.082662613356074,0.0,0.0,0.0361662797899046,0.1421139101861985,0.0361662797899046,0.0,0.0,0.0
2022-07-12,0.033620656308871,0.0,0.0,0.0361662797899046,0.1421139101861985,0.0361662797899046,0.0,7.966036790325467e-05,7.966036790325467e-05
2022-07-12,0.0356788180434388,0.0,0.0,0.0361662797899046,0.1421139101861985,0.0361662797899046,0.0,5.436761014168609e-05,5.436761014168609e-05
2022-07-12,0.1024016703154382,0.0,0.0,0.0361662797899046,0.1421139101861985,0.0361662797899046,0.0,0.00011328555287131895,0.00011328555287131895
2022-07-12,0.0132824539275787,0.0,0.0,0.0361662797899046,0.1421139101861985,0.0361662797899046,0.0,0.0,0.0
2022-07-13,0.2365016673155174,0.0,0.0,0.0418394217177328,0.1527929901423874,0.0361662797899046,0.005673141927828196,0.003801005091644891,0.0018721368361833048
2022-07-13,0.0816176830845712,0.0,0.0,0.0418394217177328,0.1527929901423874,0.0418394217177328,0.0,0.0,0.0
2022-07-13,0.0446765690624634,0.0,0.0,0.0418394217177328,0.1527929901423874,0.0418394217177328,0.0,0.0,0.0
2022-07-13,0.085239601157392,0.0,0.0,0.0418394217177328,0.1527929901423874,0.0418394217177328,0.0,0.0,0.0
2022-07-13,0.1213732879752785,0.0,0.0,0.0418394217177328,0.1527929901423874,0.0418394217177328,0.0,0.000170194257834846,0.000170194257834846
2022-07-13,0.2766511888031382,0.0,0.0,0.0418394217177328,0.1527929901423874,0.0418394217177328,0.0,0.0006807770313393835,0.0006807770313393835
2022-07-13,0.5040305242366122,0.0,0.0,0.0418394217177328,0.1527929901423874,0.0418394217177328,0.0,0.0007327808323444749,0.0007327808323444749
2022-07-13,0.0302022396501856,0.0,0.0,0.0418394217177328,0.1527929901423874,0.0418394217177328,0.0,0.0,0.0
2022-07-13,0.1365674978784733,0.0,0.0,0.0418394217177328,0.1527929901423874,0.0418394217177328,0.0,0.0,0.0
2022-07-13,0.0261846887769481,0.0,0.0,0.0418394217177328,0.1527929901423874,0.0418394217177328,0.0,2.630919569030301e-05,2.630919569030301e-05
2022-07-13,0.0201063660355839,0.0,0.0,0.0418394217177328,0.1527929901423874,0.0418394217177328,0.0,0.0,0.0
2022-07-13,0.1373649876449169,0.0,0.0,0.0418394217177328,0.1527929901423874,0.0418394217177328,0.0,0.0,0.0
2022-07-14,0.1937553931698868,0.0,0.0,0.04798532547288,0.164293537787513,0.0418394217177328,0.006145903755147203,0.0034109765841067075,0.0027349271710404954
2022-07-14,0.0406654360823342,0.0,0.0,0.04798532547288,0.164293537787513,0.04798532547288,0.0,0.0,0.0
2022-07-14,0.0892674945728143,0.0,0.0,0.04798532547288,0.164293537787513,0.04798532547288,0.0,0.0,0.0
2022-07-14,0.1590200986400816,0.0,0.0,0.04798532547288,0.164293537787513,0.04798532547288,0.0,0.0014891997560548922,0.0014891997560548922
2022-07-14,0.1380058401502319,0.0,0.0,0.04798532547288,0.164293537787513,0.04798532547288,0.0,0.0,0.0
2022-07-14,0.0562161544038905,0.0,0.0,0.04798532547288,0.164293537787513,0.04798532547288,0.0,0.0,0.0
2022-07-14,0.1544585891028496,0.0,0.0,0.04798532547288,0.164293537787513,0.04798532547288,0.0,0.0,0.0
2022-07-14,0.0752455681105729,0.0,0.0,0.04798532547288,0.164293537787513,0.04798532547288,0.0,0.0,0.0
2022-07-14,0.0426679292174439,0.0,0.0,0.04798532547288,0.164293537787513,0.04798532547288,0.0,0.0,0.0
2022-07-14,0.1515755849356227,0.0,0.0,0.04798532547288,0.164293537787513,0.04798532547288,0.0,0.0,0.0
2022-07-14,0.0643664777450947,0.0,0.0,0.04798532547288,0.164293537787513,0.04798532547288,0.0,0.0,0.0
2022-07-14,0.0728667879716897,0.0,0.0,0.04798532547288,0.164293537787513,0.04798532547288,0.0,0.0,0.0
2022-07-15,0.2092324091903689,0.0,0.0,0.04798532547288,0.164293537787513,0.04798532547288,0.0,0.0002765656689816241,0.0002765656689816241
2022-07-15,0.3866731557617008,0.0,0.0,0.04798532547288,0.164293537787513,0.04798532547288,0.0,0.0,0.0
2022-07-15,0.3749402387479836,0.0,0.0,0.04798532547288,0.164293537787513,0.04798532547288,0.0,0.0,0.0
2022-07-15,0.633736989740847,0.0,0.0,0.04798532547288,0.164293537787513,0.04798532547288,0.0,0.0,0.0
2022-07-15,0.3082842534375621,0.0,0.0,0.04798532547288,0.164293537787513,0.04798532547288,0.0,0.0,0.0
2022-07-15,0.0810946897775916,0.0,0.0,0.04798532547288,0.164293537787513,0.04798532547288,0.0,0.0,0.0
2022-07-15,0.1495627037858816,0.0,0.0,0.04798532547288,0.164293537787513,0.04798532547288,0.0,0.0,0.0
2022-07-15,0.4574859454570356,0.0,0.0,0.04798532547288,0.164293537787513,0.04798532547288,0.0,0.00023638091365950798,0.00023638091365950798
2022-07-15,0.1158797788551303,0.0,0.0,0.04798532547288,0.164293537787513,0.04798532547288,0.0,0.0,0.0
2022-07-15,0.3886606518898014,0.0,0.0,0.04798532547288,0.164293537787513,0.04798532547288,0.0,0.0,0.0
2022-07-15,0.3562111597970979,0.0,0.0,0.04798532547288,0.164293537787513,0.04798532547288,0.0,0.0,0.0
2022-07-15,0.1127569306153658,0.0,0.0,0.04798532547288,0.164293537787513,0.04798532547288,0.0,0.0,0.0
2022-07-16,0.1436764720766813,0.0,0.0,0.04798532547288,0.164293537787513,0.04798532547288,0.0,0.0,0.0
2022-07-16,0.0299755496709903,0.0,0.0,0.04798532547288,0.164293537787513,0.04798532547288,0.0,0.0,0.0
2022-07-16,0.2282434086111023,0.0,0.0,0.04798532547288,0.164293537787513,0.04798532547288,0.0,0.00011346283855656391,0.00011346283855656391
2022-07-16,0.0691839967654822,0.0,0.0,0.04798532547288,0.164293537787513,0.04798532547288,0.0,0.0,0.0
2022-07-16,0.1878553326429719,0.0,0.0,0.04798532547288,0.164293537787513,0.04798532547288,0.0,0.0006453198942904564,0.0006453198942904564
2022-07-16,0.0315278341316814,0.0,0.0,0.04798532547288,0.164293537787513,0.04798532547288,0.0,0.0,0.0
2022-07-16,0.1338811254199611,0.0,0.0,0.04798532547288,0.164293537787513,0.04798532547288,0.0,0.0,0.0
2022-07-16,0.0484263214150694,0.0,0.0,0.04798532547288,0.164293537787513,0.04798532547288,0.0,0.00011346283855656391,0.00011346283855656391
2022-07-16,0.0751416297464165,0.0,0.0,0.04798532547288,0.164293537787513,0.04798532547288,0.0,0.0,0.0
2022-07-16,0.0497272186346476,0.0,0.0,0.04798532547288,0.164293537787513,0.04798532547288,0.0,0.00033731556379211535,0.00033731556379211535
2022-07-16,0.0710823716763316,0.0,0.0,0.04798532547288,0.164293537787513,0.04798532547288,0.0,0.0,0.0
2022-07-16,0.0302171034923895,0.0,0.0,0.04798532547288,0.164293537787513,0.04798532547288,0.0,0.0,0.0
2022-07-17,0.1598763956133316,0.0,0.0,0.04798532547288,0.164293537787513,0.04798532547288,0.0,0.000638228466880668,0.000638228466880668
2022-07-17,0.127611625658997,0.0,0.0,0.04798532547288,0.164293537787513,0.04798532547288,0.0,0.0002978399512109805,0.0002978399512109805
2022-07-17,0.0815259652481672,0.0,0.0,0.04798532547288,0.164293537787513,0.04798532547288,0.0,0.0,0.0
2022-07-17,0.2579786261655233,0.0,0.0,0.04798532547288,0.164293537787513,0.04798532547288,0.0,0.0,0.0
2022-07-17,0.1450284583022157,0.0,0.0,0.04798532547288,0.164293537787513,0.04798532547288,0.0,0.0,0.0
2022-07-17,0.2755023157803397,0.0,0.0,0.04798532547288,0.164293537787513,0.04798532547288,0.0,0.0,0.0
2022-07-17,0.318687874812676,0.0,0.0,0.04798532547288,0.164293537787513,0.04798532547288,0.0,0.0,0.0
2022-07-17,0.0448931851361146,0.0,0.0,0.04798532547288,0.164293537787513,0.04798532547288,0.0,0.0,0.0
2022-07-17,0.1039051132461579,0.0,0.0,0.04798532547288,0.164293537787513,0.04798532547288,0.0,0.0,0.0
2022-07-17,0.2079037343067606,0.0,0.0,0.04798532547288,0.164293537787513,0.04798532547288,0.0,0.0002765656689816241,0.0002765656689816241
2022-07-17,0.060842321776364,0.0,0.0,0.04798532547288,0.164293537787513,0.04798532547288,0.0,0.0,0.0
2022-07-17,0.3946800587418081,0.0,0.0,0.04798532547288,0.164293537787513,0.04798532547288,0.0,0.0,0.0
2022-07-18,0.0026237786714494,0.0,0.0,0.04798532547288,0.164293537787513,0.04798532547288,0.0,0.0,0.0
2022-07-18,0.0030873207572252,0.0,0.0,0.04798532547288,0.164293537787513,0.04798532547288,0.0,0.0,0.0
2022-07-18,0.0061948677519567,0.0,0.0,0.04798532547288,0.164293537787513,0.04798532547288,0.0,0.0,0.0
2022-07-18,0.1055329973448092,0.0,0.0,0.04798532547288,0.164293537787513,0.04798532547288,0.0,6.656486528651751e-05,6.656486528651751e-05
2022-07-18,0.0830729238856565,0.0,0.0,0.04798532547288,0.164293537787513,0.04798532547288,0.0,0.0,0.0
2022-07-18,0.0069917903419741,0.0,0.0,0.04798532547288,0.164293537787513,0.04798532547288,0.0,0.0,0.0
2022-07-18,0.0599853146664594,0.0,0.0,0.04798532547288,0.164293537787513,0.04798532547288,0.0,0.0,0.0
2022-07-18,0.0273028191985716,0.0,0.0,0.04798532547288,0.164293537787513,0.04798532547288,0.0,0.0,0.0
2022-07-18,0.0079746232791295,0.0,0.0,0.04798532547288,0.164293537787513,0.04798532547288,0.0,0.0,0.0
2022-07-18,0.0216465340117999,0.0,0.0,0.04798532547288,0.164293537787513,0.04798532547288,0.0,3.545713704892657e-05,3.545713704892657e-05
2022-07-18,0.2377256339172386,0.0,0.0,0.04798532547288,0.164293537787513,0.04798532547288,0.0,0.00036875422530883273,0.00036875422530883273
2022-07-18,0.0536066705072104,0.0,0.0,0.04798532547288,0.164293537787513,0.04798532547288,0.0,9.100665175890751e-05,9.100665175890751e-05
2022-07-19,0.0017848031956586,0.0,0.0,0.04798532547288,0.164293537787513,0.04798532547288,0.0,0.0,0.0
2022-07-19,0.0,0.0,0.0,0.04798532547288,0.164293537787513,0.04798532547288,0.0,0.0,0.0
2022-07-19,0.0,0.0,0.0,0.04798532547288,0.164293537787513,0.04798532547288,0.0,0.0,0.0
2022-07-19,0.0,0.0,0.0,0.04798532547288,0.164293537787513,0.04798532547288,0.0,0.0,0.0
2022-07-19,0.0,0.0,0.0,0.04798532547288,0.164293537787513,0.04798532547288,0.0,0.0,0.0
2022-07-19,0.0026519321796848,0.0,0.0,0.04798532547288,0.164293537787513,0.04798532547288,0.0,0.0,0.0
2022-07-19,0.0014756709397145,0.0,0.0,0.04798532547288,0.164293537787513,0.04798532547288,0.0,0.0,0.0
2022-07-19,0.0,0.0,0.0,0.04798532547288,0.164293537787513,0.04798532547288,0.0,0.0,0.0
2022-07-19,0.0,0.0,0.0,0.04798532547288,0.164293537787513,0.04798532547288,0.0,0.0,0.0
2022-07-19,5.711940624811954e-05,0.0,0.0,0.04798532547288,0.164293537787513,0.04798532547288,0.0,0.0,0.0
2022-07-19,0.0019662923023308,0.0,0.0,0.04798532547288,0.164293537787513,0.04798532547288,0.0,0.0,0.0
2022-07-19,3.853958143157832e-05,0.0,0.0,0.04798532547288,0.164293537787513,0.04798532547288,0.0,0.0,0.0
2022-07-20,0.0209967694112339,0.0,0.0,0.04798532547288,0.164293537787513,0.04798532547288,0.0,2.3638091365951046e-05,2.3638091365951046e-05
2022-07-20,0.1354684793987986,0.0,0.0,0.04798532547288,0.164293537787513,0.04798532547288,0.0,0.0,0.0
2022-07-20,0.3915225913590434,0.0,0.0,0.04798532547288,0.164293537787513,0.04798532547288,0.0,0.0,0.0
2022-07-20,0.1462323063404438,0.0,0.0,0.04798532547288,0.164293537787513,0.04798532547288,0.0,0.0,0.0
2022-07-20,0.0589150922470376,0.0,0.0,0.04798532547288,0.164293537787513,0.04798532547288,0.0,0.0,0.0
2022-07-20,0.2392288358830726,0.0,0.0,0.04798532547288,0.164293537787513,0.04798532547288,0.0,0.0001418285481957049,0.0001418285481957049
2022-07-20,0.4106736493189042,0.0,0.0,0.04798532547288,0.164293537787513,0.04798532547288,0.0,0.0006886248776728721,0.0006886248776728721
2022-07-20,0.0937428679376618,0.0,0.0,0.04798532547288,0.164293537787513,0.04798532547288,0.0,0.0,0.0
2022-07-20,0.1788637660027426,0.0,0.0,0.04798532547288,0.164293537787513,0.04798532547288,0.0,9.218855632720805e-05,9.218855632720805e-05
2022-07-20,0.1753806039551309,0.0,0.0,0.04798532547288,0.164293537787513,0.04798532547288,0.0,6.145903755147203e-05,6.145903755147203e-05
2022-07-20,0.029315111690032,0.0,0.0,0.04798532547288,0.164293537787513,0.04798532547288,0.0,0.0,0.0
2022-07-20,0.1551335912011944,0.0,0.0,0.04798532547288,0.164293537787513,0.04798532547288,0.0,0.0,0.0
2022-07-21,0.0275584325280926,0.0,0.0,0.1954870155964126,0.2647864184008757,0.04798532547288,0.1475016901235326,0.09808484183753052,0.04941684828600207
2022-07-21,0.1944568062249147,0.0,0.0,0.1954870155964126,0.2647864184008757,0.1954870155964126,0.0,0.0005531313379632482,0.0005531313379632482
2022-07-21,0.055207823249337,0.0,0.0,0.1954870155964126,0.2647864184008757,0.1954870155964126,0.0,0.0,0.0
2022-07-21,0.1659161150462841,0.0,0.0,0.1954870155964126,0.2647864184008757,0.1954870155964126,0.0,5.3185705573388994e-05,5.3185705573388994e-05
2022-07-21,0.0407072617193356,0.0,0.0,0.1954870155964126,0.2647864184008757,0.1954870155964126,0.0,0.0,0.0
2022-07-21,0.0574422222562273,0.0,0.0,0.1954870155964126,0.2647864184008757,0.1954870155964126,0.0,0.0,0.0
2022-07-21,0.4497048329034698,0.0,0.0,0.1954870155964126,0.2647864184008757,0.1954870155964126,0.0,0.00011819045682975399,0.00011819045682975399
2022-07-21,0.1130076474057852,0.0,0.0,0.1954870155964126,0.2647864184008757,0.1954870155964126,0.0,0.0,0.0
2022-07-21,0.0309928643504821,0.0,0.0,0.1954870155964126,0.2647864184008757,0.1954870155964126,0.0,0.007418578594289983,0.007418578594289983
2022-07-21,0.0662988998571772,0.0,0.0,0.1954870155964126,0.2647864184008757,0.1954870155964126,0.0,0.0,0.0
2022-07-21,0.0172970773686694,0.0,0.0,0.1954870155964126,0.2647864184008757,0.1954870155964126,0.0,0.006688717066229203,0.006688717066229203
2022-07-21,0.1316986941958029,0.0,0.0,0.1954870155964126,0.2647864184008757,0.1954870155964126,0.0,0.0,0.0
2022-07-22,0.0051394663749173,0.0,0.0,0.2084099601461779,0.2803943044906898,0.1954870155964126,0.012922944549765308,0.00778630118575423,0.005136643364011078
2022-07-22,0.010912647505604,0.0,0.0,0.2084099601461779,0.2803943044906898,0.2084099601461779,0.0,0.0001158384667388418,0.0001158384667388418
2022-07-22,0.0032852643214391,0.0,0.0,0.2084099601461779,0.2803943044906898,0.2084099601461779,0.0,0.0005560007175385688,0.0005560007175385688
2022-07-22,0.137834225851142,0.0,0.0,0.2084099601461779,0.2803943044906898,0.2084099601461779,0.0,0.0,0.0
2022-07-22,0.0157020276793739,0.0,0.0,0.2084099601461779,0.2803943044906898,0.2084099601461779,0.0,3.86128222462806e-05,3.86128222462806e-05
2022-07-22,0.0254739928377596,0.0,0.0,0.2084099601461779,0.2803943044906898,0.2084099601461779,0.0,0.0029334871385144857,0.0029334871385144857
2022-07-22,0.0581390099301387,0.0,0.0,0.2084099601461779,0.2803943044906898,0.2084099601461779,0.0,0.0,0.0
2022-07-22,0.0454250938034862,0.0,0.0,0.2084099601461779,0.2803943044906898,0.2084099601461779,0.0,0.0,0.0
2022-07-22,0.039123698695287,0.0,0.0,0.2084099601461779,0.2803943044906898,0.2084099601461779,0.0,0.0,0.0
2022-07-22,0.0927735991148776,0.0,0.0,0.2084099601461779,0.2803943044906898,0.2084099601461779,0.0,0.0,0.0
2022-07-22,0.0023088294848383,0.0,0.0,0.2084099601461779,0.2803943044906898,0.2084099601461779,0.0,0.0004913859947897422,0.0004913859947897422
2022-07-22,0.0107032425778344,0.0,0.0,0.2084099601461779,0.2803943044906898,0.2084099601461779,0.0,0.0001158384667388418,0.0001158384667388418
2022-07-23,0.0491592622305301,0.0,0.0,0.2213352685050797,0.2962760131434834,0.2084099601461779,0.012925308358901794,0.008207570807902654,0.00471773755099914
2022-07-23,0.1854177540967742,0.0,0.0,0.2213352685050797,0.2962760131434834,0.2213352685050797,0.0,0.0,0.0
2022-07-23,0.0257756019314507,0.0,0.0,0.2213352685050797,0.2962760131434834,0.2213352685050797,0.0,0.0007292351186395799,0.0007292351186395799
2022-07-23,0.0073315067956304,0.0,0.0,0.2213352685050797,0.2962760131434834,0.2213352685050797,0.0,0.0,0.0
2022-07-23,0.138718646278202,0.0,0.0,0.2213352685050797,0.2962760131434834,0.2213352685050797,0.0,0.0005737555726800416,0.0005737555726800416
2022-07-23,0.0681506547567994,0.0,0.0,0.2213352685050797,0.2962760131434834,0.2213352685050797,0.0,0.0002585061671780359,0.0002585061671780359
2022-07-23,0.0168861212236359,0.0,0.0,0.2213352685050797,0.2962760131434834,0.2213352685050797,0.0,0.0,0.0
2022-07-23,0.0547410855990425,0.0,0.0,0.2213352685050797,0.2962760131434834,0.2213352685050797,0.0,0.0007108919597395986,0.0007108919597395986
2022-07-23,0.1874203329071672,0.0,0.0,0.2213352685050797,0.2962760131434834,0.2213352685050797,0.0,0.0,0.0
2022-07-23,0.1630996860958728,0.0,0.0,0.2213352685050797,0.2962760131434834,0.2213352685050797,0.0,5.895339986668191e-05,5.895339986668191e-05
2022-07-23,0.0562244745505064,0.0,0.0,0.2213352685050797,0.2962760131434834,0.2213352685050797,0.0,0.0007108919597395986,0.0007108919597395986
2022-07-23,0.0289471809259197,0.0,0.0,0.2213352685050797,0.2962760131434834,0.2213352685050797,0.0,0.0009960146177956989,0.0009960146177956989
2022-07-24,0.1012263210961698,0.0,0.0,0.2354826661876012,0.3135268346111708,0.2213352685050797,0.01414739768252149,0.009260482311616216,0.004886915370905274
2022-07-24,0.2099743555042844,0.0,0.0,0.2354826661876012,0.3135268346111708,0.2354826661876012,0.0,0.0,0.0
2022-07-24,0.2974454449907534,0.0,0.0,0.2354826661876012,0.3135268346111708,0.2354826661876012,0.0,0.0,0.0
2022-07-24,0.0676874521574424,0.0,0.0,0.2354826661876012,0.3135268346111708,0.2354826661876012,0.0,0.0002829479536504298,0.0002829479536504298
2022-07-24,0.0730538664955156,0.0,0.0,0.2354826661876012,0.3135268346111708,0.2354826661876012,0.0,0.0005601754891903015,0.0005601754891903015
2022-07-24,0.1469784132508463,0.0,0.0,0.2354826661876012,0.3135268346111708,0.2354826661876012,0.0,0.0,0.0
2022-07-24,0.1272192690430867,0.0,0.0,0.2354826661876012,0.3135268346111708,0.2354826661876012,0.0,7.073698841260745e-05,7.073698841260745e-05
2022-07-24,0.1449649610165951,0.0,0.0,0.2354826661876012,0.3135268346111708,0.2354826661876012,0.0,0.0,0.0
2022-07-24,0.1584231499268686,0.0,0.0,0.2354826661876012,0.3135268346111708,0.2354826661876012,0.0,0.00010637141114677799,0.00010637141114677799
2022-07-24,0.320175226851112,0.0,0.0,0.2354826661876012,0.3135268346111708,0.2354826661876012,0.0,0.0,0.0
2022-07-24,0.2662828032162282,0.0,0.0,0.2354826661876012,0.3135268346111708,0.2354826661876012,0.0,0.0,0.0
2022-07-24,0.1442723857780118,0.0,0.0,0.2354826661876012,0.3135268346111708,0.2354826661876012,0.0,0.0,0.0
2022-07-25,0.1001676558766049,0.0,0.0,0.2524855453071297,0.3346111719605691,0.2354826661876012,0.017002879119528497,0.011277709752603797,0.005725169366924699
2022-07-25,0.0366925838550257,0.0,0.0,0.2524855453071297,0.3346111719605691,0.2524855453071297,0.0,0.00014964093739215146,0.00014964093739215146
2022-07-25,0.0284970406051482,0.0,0.0,0.2524855453071297,0.3346111719605691,0.2524855453071297,0.0,8.501439559764249e-05,8.501439559764249e-05
2022-07-25,0.1159602859874337,0.0,0.0,0.2524855453071297,0.3346111719605691,0.2524855453071297,0.0,0.0,0.0
2022-07-25,0.0434680833893849,0.0,0.0,0.2524855453071297,0.3346111719605691,0.2524855453071297,0.0,0.0004489228121764544,0.0004489228121764544
2022-07-25,0.0171010700204723,0.0,0.0,0.2524855453071297,0.3346111719605691,0.2524855453071297,0.0,0.0,0.0
2022-07-25,0.2210717976621228,0.0,0.0,0.2524855453071297,0.3346111719605691,0.2524855453071297,0.0,0.0,0.0
2022-07-25,0.1217382468811553,0.0,0.0,0.2524855453071297,0.3346111719605691,0.2524855453071297,0.0,0.0,0.0
2022-07-25,0.1644454094279468,0.0,0.0,0.2524855453071297,0.3346111719605691,0.2524855453071297,0.0,0.0,0.0
2022-07-25,0.1189154853347173,0.0,0.0,0.2524855453071297,0.3346111719605691,0.2524855453071297,0.0,0.0,0.0
2022-07-25,0.1099695530743631,0.0,0.0,0.2524855453071297,0.3346111719605691,0.2524855453071297,0.0,0.0005379911404433573,0.0005379911404433573
2022-07-25,0.1868248241337498,0.0,0.0,0.2524855453071297,0.3346111719605691,0.2524855453071297,0.0,0.0,0.0
2022-07-26,0.1387207205882524,0.0,0.0,0.2688785616694166,0.3546002190580495,0.2524855453071297,0.016393016362286905,0.010245635226429342,0.006147381135857563
2022-07-26,0.0899823986862589,0.0,0.0,0.2688785616694166,0.3546002190580495,0.2688785616694166,0.0,0.0,0.0
2022-07-26,0.0636424231180712,0.0,0.0,0.2688785616694166,0.3546002190580495,0.2688785616694166,0.0,0.0,0.0
2022-07-26,0.0104090867925491,0.0,0.0,0.2688785616694166,0.3546002190580495,0.2688785616694166,0.0,0.0,0.0
2022-07-26,0.0885566243961199,0.0,0.0,0.2688785616694166,0.3546002190580495,0.2688785616694166,0.0,2.363809136594619e-06,2.363809136594619e-06
2022-07-26,0.1500085981248377,0.0,0.0,0.2688785616694166,0.3546002190580495,0.2688785616694166,0.0,0.0024465779135129616,0.0024465779135129616
2022-07-26,0.0722562670631967,0.0,0.0,0.2688785616694166,0.3546002190580495,0.2688785616694166,0.0,9.939817419382157e-05,9.939817419382157e-05
2022-07-26,0.06345191168297,0.0,0.0,0.2688785616694166,0.3546002190580495,0.2688785616694166,0.0,0.0,0.0
2022-07-26,0.0667392710399108,0.0,0.0,0.2688785616694166,0.3546002190580495,0.2688785616694166,0.0,8.393886244049048e-05,8.393886244049048e-05
2022-07-26,0.0529161966327031,0.0,0.0,0.2688785616694166,0.3546002190580495,0.2688785616694166,0.0,0.0,0.0
2022-07-26,0.0518507890986439,0.0,0.0,0.2688785616694166,0.3546002190580495,0.2688785616694166,0.0,0.0,0.0
2022-07-26,0.1183929052130538,0.0,0.0,0.2688785616694166,0.3546002190580495,0.2688785616694166,0.0,0.0011475111453600833,0.0011475111453600833
2022-07-27,0.07029060821083,0.0,0.0,0.2856663341575147,0.3751369112814888,0.2688785616694166,0.016787772488098096,0.010743016125905837,0.006044756362192259
2022-07-27,0.0783284378250414,0.0,0.0,0.2856663341575147,0.3751369112814888,0.2856663341575147,0.0,0.0031471400273256345,0.0031471400273256345
2022-07-27,0.0614651643311272,0.0,0.0,0.2856663341575147,0.3751369112814888,0.2856663341575147,0.0,0.0010912052117263763,0.0010912052117263763
2022-07-27,0.0766144657495041,0.0,0.0,0.2856663341575147,0.3751369112814888,0.2856663341575147,0.0,0.0008531459935798941,0.0008531459935798941
2022-07-27,0.013909618734826,0.0,0.0,0.2856663341575147,0.3751369112814888,0.2856663341575147,0.0,0.0,0.0
2022-07-27,0.0868257756387052,0.0,0.0,0.2856663341575147,0.3751369112814888,0.2856663341575147,0.0,2.363809136594619e-06,2.363809136594619e-06
2022-07-27,0.0711090582789929,0.0,0.0,0.2856663341575147,0.3751369112814888,0.2856663341575147,0.0,0.0030785541052273037,0.0030785541052273037
2022-07-27,0.1355472704032391,0.0,0.0,0.2856663341575147,0.3751369112814888,0.2856663341575147,0.0,0.001548685012977318,0.001548685012977318
2022-07-27,0.0260128511497767,0.0,0.0,0.2856663341575147,0.3751369112814888,0.2856663341575147,0.0,7.892758707090903e-05,7.892758707090903e-05
2022-07-27,0.1218709095859228,0.0,0.0,0.2856663341575147,0.3751369112814888,0.2856663341575147,0.0,0.0,0.0
2022-07-27,0.0824475566204832,0.0,0.0,0.2856663341575147,0.3751369112814888,0.2856663341575147,0.0,0.0003946142972631816,0.0003946142972631816
2022-07-27,0.1265354682091359,0.0,0.0,0.2856663341575147,0.3751369112814888,0.2856663341575147,0.0,0.0,0.0
2022-07-28,0.1690422996046193,0.0,0.0,0.300329042231814,0.3915662650602414,0.2856663341575147,0.014662708074299313,0.009164192546437095,0.005498515527862218
2022-07-28,0.0614696023385334,0.0,0.0,0.300329042231814,0.3915662650602414,0.300329042231814,0.0,0.0012761378195278955,0.0012761378195278955
2022-07-28,0.1574174639273479,0.0,0.0,0.300329042231814,0.3915662650602414,0.300329042231814,0.0,0.0005865083229719725,0.0005865083229719725
2022-07-28,0.2516185961465883,0.0,0.0,0.300329042231814,0.3915662650602414,0.300329042231814,0.0,0.0001764110758640916,0.0001764110758640916
2022-07-28,0.2889556042056076,0.0,0.0,0.300329042231814,0.3915662650602414,0.300329042231814,0.0,0.0,0.0
2022-07-28,0.1045241950770517,0.0,0.0,0.300329042231814,0.3915662650602414,0.300329042231814,0.0,0.0,0.0
2022-07-28,0.1775177466648342,0.0,0.0,0.300329042231814,0.3915662650602414,0.300329042231814,0.0,0.0008064489440864622,0.0008064489440864622
2022-07-28,0.1093591734367976,0.0,0.0,0.300329042231814,0.3915662650602414,0.300329042231814,0.0,0.0,0.0
2022-07-28,0.2913366292487044,0.0,0.0,0.300329042231814,0.3915662650602414,0.300329042231814,0.0,0.0,0.0
2022-07-28,0.1492838911251601,0.0,0.0,0.300329042231814,0.3915662650602414,0.300329042231814,0.0,0.0003665677018574828,0.0003665677018574828
2022-07-28,0.2027891662331578,0.0,0.0,0.300329042231814,0.3915662650602414,0.300329042231814,0.0,0.00014662708074299313,0.00014662708074299313
2022-07-28,0.1745381300005034,0.0,0.0,0.300329042231814,0.3915662650602414,0.300329042231814,0.0,0.0008064489440864622,0.0008064489440864622
2022-07-29,0.0780836961922576,0.0,0.0,0.3200597570949731,0.4121029572836807,0.300329042231814,0.019730714863159082,0.012202526439205193,0.007528188423953889
2022-07-29,0.0435326632142302,0.0,0.0,0.3200597570949731,0.4121029572836807,0.3200597570949731,0.0,0.0005772067340194675,0.0005772067340194675
2022-07-29,0.3027345043434912,0.0,0.0,0.3200597570949731,0.4121029572836807,0.3200597570949731,0.0,0.0,0.0
2022-07-29,0.2162273376858493,0.0,0.0,0.3200597570949731,0.4121029572836807,0.3200597570949731,0.0,0.0,0.0
2022-07-29,0.0939467664257226,0.0,0.0,0.3200597570949731,0.4121029572836807,0.3200597570949731,0.0,0.0003946142972631816,0.0003946142972631816
2022-07-29,0.2026136376729304,0.0,0.0,0.3200597570949731,0.4121029572836807,0.3200597570949731,0.0,0.0,0.0
2022-07-29,0.2535961512439955,0.0,0.0,0.3200597570949731,0.4121029572836807,0.3200597570949731,0.0,0.0,0.0
2022-07-29,0.1325619710067978,0.0,0.0,0.3200597570949731,0.4121029572836807,0.3200597570949731,0.0,0.000684878240191372,0.000684878240191372
2022-07-29,0.0352037661338676,0.0,0.0,0.3200597570949731,0.4121029572836807,0.3200597570949731,0.0,0.0002535067108541361,0.0002535067108541361
2022-07-29,0.0234016355685387,0.0,0.0,0.3200597570949731,0.4121029572836807,0.3200597570949731,0.0,0.0002836570963914092,0.0002836570963914092
2022-07-29,0.1557419361390301,0.0,0.0,0.3200597570949731,0.4121029572836807,0.3200597570949731,0.0,0.0002452806550587885,0.0002452806550587885
2022-07-29,0.0856577899175547,0.0,0.0,0.3200597570949731,0.4121029572836807,0.3200597570949731,0.0,0.0018767817211367075,0.0018767817211367075
2022-07-30,0.4765172115702465,0.0,0.0,0.3436978484609239,0.4364731653888274,0.3200597570949731,0.023638091365950797,0.015601140301527556,0.008036951064423242
2022-07-30,0.0573856373119616,0.0,0.0,0.3436978484609239,0.4364731653888274,0.3436978484609239,0.0,0.0,0.0
2022-07-30,0.2331099056418344,0.0,0.0,0.3436978484609239,0.4364731653888274,0.3436978484609239,0.0,0.0,0.0
2022-07-30,0.2046400778565336,0.0,0.0,0.3436978484609239,0.4364731653888274,0.3436978484609239,0.0,0.0,0.0
2022-07-30,0.1287747375961794,0.0,0.0,0.3436978484609239,0.4364731653888274,0.3436978484609239,0.0,0.0002978399512109805,0.0002978399512109805
2022-07-30,0.1232794972957422,0.0,0.0,0.3436978484609239,0.4364731653888274,0.3436978484609239,0.0,0.0,0.0
2022-07-30,0.0889441435480283,0.0,0.0,0.3436978484609239,0.4364731653888274,0.3436978484609239,0.0,3.545713704891929e-05,3.545713704891929e-05
2022-07-30,0.142405611116247,0.0,0.0,0.3436978484609239,0.4364731653888274,0.3436978484609239,0.0,0.0,0.0
2022-07-30,0.1242817185898346,0.0,0.0,0.3436978484609239,0.4364731653888274,0.3436978484609239,0.0,0.0,0.0
2022-07-30,0.1825264940393939,0.0,0.0,0.3436978484609239,0.4364731653888274,0.3436978484609239,0.0,0.0,0.0
2022-07-30,0.433338230851557,0.0,0.0,0.3436978484609239,0.4364731653888274,0.3436978484609239,0.0,0.0008273331978082779,0.0008273331978082779
2022-07-30,0.2457682356043845,0.0,0.0,0.3436978484609239,0.4364731653888274,0.3436978484609239,0.0,0.0,0.0
2022-07-31,0.023439685630952,0.0,0.0,0.3626083215536845,0.4561883899233283,0.3436978484609239,0.018910473092760616,0.011193818166345949,0.007716654926414667
2022-07-31,0.0795687526348506,0.0,0.0,0.3626083215536845,0.4561883899233283,0.3626083215536845,0.0,0.0002806668778336155,0.0002806668778336155
2022-07-31,0.0847285441848291,0.0,0.0,0.3626083215536845,0.4561883899233283,0.3626083215536845,0.0,0.0001843771126544147,0.0001843771126544147
2022-07-31,0.468344969917299,0.0,0.0,0.3626083215536845,0.4561883899233283,0.3626083215536845,0.0,0.00177285685244631,0.00177285685244631
2022-07-31,0.3359735163590087,0.0,0.0,0.3626083215536845,0.4561883899233283,0.3626083215536845,0.0,0.0,0.0
2022-07-31,0.1695380075148524,0.0,0.0,0.3626083215536845,0.4561883899233283,0.3626083215536845,0.0,0.0007331354037149656,0.0007331354037149656
2022-07-31,0.1369651440228325,0.0,0.0,0.3626083215536845,0.4561883899233283,0.3626083215536845,0.0,0.0004396684994066824,0.0004396684994066824
2022-07-31,0.1854237044695943,0.0,0.0,0.3626083215536845,0.4561883899233283,0.3626083215536845,0.0,0.0,0.0
2022-07-31,0.1529063294647943,0.0,0.0,0.3626083215536845,0.4561883899233283,0.3626083215536845,0.0,0.00014655616646889414,0.00014655616646889414
2022-07-31,0.3134493800136494,0.0,0.0,0.3626083215536845,0.4561883899233283,0.3626083215536845,0.0,0.0,0.0
2022-07-31,0.1675632865346353,0.0,0.0,0.3626083215536845,0.4561883899233283,0.3626083215536845,0.0,0.00014662708074299313,0.00014662708074299313
2022-07-31,0.0960962776534887,0.0,0.0,0.3626083215536845,0.4561883899233283,0.3626083215536845,0.0,8.7460938054017e-05,8.7460938054017e-05
2022-08-01,0.1315995138354792,0.0,0.0,0.3919195548474633,0.4865826944140199,0.3626083215536845,0.029311233293778827,0.019345413973894027,0.0099658193198848
2022-08-01,0.1871407110209556,0.0,0.0,0.3919195548474633,0.4865826944140199,0.3919195548474633,0.0,0.0008793369988133648,0.0008793369988133648
2022-08-01,0.3728738777400511,0.0,0.0,0.3919195548474633,0.4865826944140199,0.3919195548474633,0.0,0.0,0.0
2022-08-01,0.3352292322545513,0.0,0.0,0.3919195548474633,0.4865826944140199,0.3919195548474633,0.0,0.0,0.0
2022-08-01,0.2442522537001127,0.0,0.0,0.3919195548474633,0.4865826944140199,0.3919195548474633,0.0,8.434070999371268e-05,8.434070999371268e-05
2022-08-01,0.1760982818247803,0.0,0.0,0.3919195548474633,0.4865826944140199,0.3919195548474633,0.0,0.0008793369988133648,0.0008793369988133648
2022-08-01,0.0514500672292661,0.0,0.0,0.3919195548474633,0.4865826944140199,0.3919195548474633,0.0,0.0005862246658755766,0.0005862246658755766
2022-08-01,0.1233996116475563,0.0,0.0,0.3919195548474633,0.4865826944140199,0.3919195548474633,0.0,0.00425012882759793,0.00425012882759793
2022-08-01,0.3684988438101618,0.0,0.0,0.3919195548474633,0.4865826944140199,0.3919195548474633,0.0,0.0,0.0
2022-08-01,0.3684287274911821,0.0,0.0,0.3919195548474633,0.4865826944140199,0.3919195548474633,0.0,0.0,0.0
2022-08-01,0.3741292660922792,0.0,0.0,0.3919195548474633,0.4865826944140199,0.3919195548474633,0.0,0.0,0.0
2022-08-01,0.3809558301755539,0.0,0.0,0.3919195548474633,0.4865826944140199,0.3919195548474633,0.0,0.0,0.0
2022-08-02,0.0186878074801733,0.0,0.0,0.4094117424582669,0.5046549835706458,0.3919195548474633,0.017492187610803567,0.011297648482670952,0.0061945391281326145
2022-08-02,5.5017916104851984e-05,0.0,0.0,0.4094117424582669,0.5046549835706458,0.4094117424582669,0.0,0.0,0.0
2022-08-02,0.0027458388203891,0.0,0.0,0.4094117424582669,0.5046549835706458,0.4094117424582669,0.0,0.0,0.0
2022-08-02,0.0014087879549929,0.0,0.0,0.4094117424582669,0.5046549835706458,0.4094117424582669,0.0,0.0,0.0
2022-08-02,0.0064948958996659,0.0,0.0,0.4094117424582669,0.5046549835706458,0.4094117424582669,0.0,0.00039111585974101995,0.00039111585974101995
2022-08-02,0.0003970790687867,0.0,0.0,0.4094117424582669,0.5046549835706458,0.4094117424582669,0.0,0.0,0.0
2022-08-02,0.0,0.0,0.0,0.4094117424582669,0.5046549835706458,0.4094117424582669,0.0,0.0,0.0
2022-08-02,0.0,0.0,0.0,0.4094117424582669,0.5046549835706458,0.4094117424582669,0.0,0.0,0.0
2022-08-02,0.0001494278045477,0.0,0.0,0.4094117424582669,0.5046549835706458,0.4094117424582669,0.0,0.0,0.0
2022-08-02,0.0274042467197121,0.0,0.0,0.4094117424582669,0.5046549835706458,0.4094117424582669,0.0,0.0018697730270467062,0.0018697730270467062
2022-08-02,0.0011187161551445,0.0,0.0,0.4094117424582669,0.5046549835706458,0.4094117424582669,0.0,0.0,0.0
2022-08-02,0.0026563712712691,0.0,0.0,0.4094117424582669,0.5046549835706458,0.4094117424582669,0.0,0.0,0.0
2022-08-03,0.0477087447017581,0.0,0.0,0.4235945972778374,0.5194414019715214,0.4094117424582669,0.01418285481957049,0.009382502139247323,0.004800352680323167
2022-08-03,0.0011697866922529,0.0,0.0,0.4235945972778374,0.5194414019715214,0.4235945972778374,0.0,0.0,0.0
2022-08-03,0.0060303522350345,0.0,0.0,0.4235945972778374,0.5194414019715214,0.4235945972778374,0.0,0.0,0.0
2022-08-03,0.0,0.0,0.0,0.4235945972778374,0.5194414019715214,0.4235945972778374,0.0,0.0,0.0
2022-08-03,0.0,0.0,0.0,0.4235945972778374,0.5194414019715214,0.4235945972778374,0.0,0.0,0.0
2022-08-03,0.0,0.0,0.0,0.4235945972778374,0.5194414019715214,0.4235945972778374,0.0,0.0,0.0
2022-08-03,0.0,0.0,0.0,0.4235945972778374,0.5194414019715214,0.4235945972778374,0.0,0.0,0.0
2022-08-03,5.711940624811954e-05,0.0,0.0,0.4235945972778374,0.5194414019715214,0.4235945972778374,0.0,0.0,0.0
2022-08-03,0.0028596030528328,0.0,0.0,0.4235945972778374,0.5194414019715214,0.4235945972778374,0.0,0.0,0.0
2022-08-03,0.0,0.0,0.0,0.4235945972778374,0.5194414019715214,0.4235945972778374,0.0,0.0,0.0
2022-08-03,2.0525760616106607e-06,0.0,0.0,0.4235945972778374,0.5194414019715214,0.4235945972778374,0.0,0.0116705275549231,0.0116705275549231
2022-08-03,0.0,0.0,0.0,0.4235945972778374,0.5194414019715214,0.4235945972778374,0.0,0.0,0.0
2022-08-04,0.0648038886173503,0.0,0.0,0.4337589765651961,0.5301204819277103,0.4235945972778374,0.010164379287358694,0.006860956018967118,0.0033034232683915752
2022-08-04,0.0726144182761187,0.0,0.0,0.4337589765651961,0.5301204819277103,0.4337589765651961,0.0,0.0017255806697143836,0.0017255806697143836
2022-08-04,0.1788359926376047,0.0,0.0,0.4337589765651961,0.5301204819277103,0.4337589765651961,0.0,9.194035636786557e-05,9.194035636786557e-05
2022-08-04,0.0973076271325877,0.0,0.0,0.4337589765651961,0.5301204819277103,0.4337589765651961,0.0,0.0007200635391895898,0.0007200635391895898
2022-08-04,0.1257244681590244,0.0,0.0,0.4337589765651961,0.5301204819277103,0.4337589765651961,0.0,0.0007322135181516926,0.0007322135181516926
2022-08-04,0.1401419545296154,0.0,0.0,0.4337589765651961,0.5301204819277103,0.4337589765651961,0.0,0.001588621568340076,0.001588621568340076
2022-08-04,0.6684983670743597,0.0,0.0,0.4337589765651961,0.5301204819277103,0.4337589765651961,0.0,0.0,0.0
2022-08-04,0.0587157004225915,0.0,0.0,0.4337589765651961,0.5301204819277103,0.4337589765651961,0.0,0.0021947967833285025,0.0021947967833285025
2022-08-04,0.1986961819920175,0.0,0.0,0.4337589765651961,0.5301204819277103,0.4337589765651961,0.0,0.0,0.0
2022-08-04,0.3488858538698552,0.0,0.0,0.4337589765651961,0.5301204819277103,0.4337589765651961,0.0,0.0,0.0
2022-08-04,0.0377757244708064,0.0,0.0,0.4337589765651961,0.5301204819277103,0.4337589765651961,0.0,0.0009478874637746207,0.0009478874637746207
2022-08-04,0.2474508727014829,0.0,0.0,0.4337589765651961,0.5301204819277103,0.4337589765651961,0.0,0.001955295641608724,0.001955295641608724
2022-08-05,0.1053210915333342,0.0,0.0,0.4470719496224996,0.5438116100766699,0.4337589765651961,0.013312973057303501,0.008586867621960788,0.004726105435342713
2022-08-05,0.0423523034910927,0.0,0.0,0.4470719496224996,0.5438116100766699,0.4470719496224996,0.0,0.00032578017520553336,0.00032578017520553336
2022-08-05,0.1889875675661083,0.0,0.0,0.4470719496224996,0.5438116100766699,0.4470719496224996,0.0,6.656486528651751e-05,6.656486528651751e-05
2022-08-05,0.3931804141408098,0.0,0.0,0.4470719496224996,0.5438116100766699,0.4470719496224996,0.0,8.607810970910901e-05,8.607810970910901e-05
2022-08-05,0.0295474446145229,0.0,0.0,0.4470719496224996,0.5438116100766699,0.4470719496224996,0.0,6.656486528651751e-05,6.656486528651751e-05
2022-08-05,0.2679210425898537,0.0,0.0,0.4470719496224996,0.5438116100766699,0.4470719496224996,0.0,0.00025302212998113804,0.00025302212998113804
2022-08-05,0.1684046983729278,0.0,0.0,0.4470719496224996,0.5438116100766699,0.4470719496224996,0.0,0.0005718172491880327,0.0005718172491880327
2022-08-05,0.0900218840491941,0.0,0.0,0.4470719496224996,0.5438116100766699,0.4470719496224996,0.0,0.00026625946114607003,0.00026625946114607003
2022-08-05,0.0182319642439293,0.0,0.0,0.4470719496224996,0.5438116100766699,0.4470719496224996,0.0,0.0025248436340256164,0.0025248436340256164
2022-08-05,0.3888599298755472,0.0,0.0,0.4470719496224996,0.5438116100766699,0.4470719496224996,0.0,8.607810970910901e-05,8.607810970910901e-05
2022-08-05,0.0869994208429015,0.0,0.0,0.4470719496224996,0.5438116100766699,0.4470719496224996,0.0,0.00019969459585955252,0.00019969459585955252
2022-08-05,0.3106912400077,0.0,0.0,0.4470719496224996,0.5438116100766699,0.4470719496224996,0.0,0.0,0.0
2022-08-06,0.2509601740309169,0.0,0.0,0.4639400916212421,0.559967141292443,0.4470719496224996,0.016868141998742536,0.011639703483781998,0.005228438514960538
2022-08-06,0.2865293470001036,0.0,0.0,0.4639400916212421,0.559967141292443,0.4639400916212421,0.0,0.00016868141998742535,0.00016868141998742535
2022-08-06,0.1539704456040641,0.0,0.0,0.4639400916212421,0.559967141292443,0.4639400916212421,0.0,0.0006836608784860237,0.0006836608784860237
2022-08-06,0.0518774543329113,0.0,0.0,0.4639400916212421,0.559967141292443,0.4639400916212421,0.0,0.00036520851160393777,0.00036520851160393777
2022-08-06,0.3117055386676089,0.0,0.0,0.4639400916212421,0.559967141292443,0.4639400916212421,0.0,8.434070999371268e-05,8.434070999371268e-05
2022-08-06,0.1799492361642689,0.0,0.0,0.4639400916212421,0.559967141292443,0.4639400916212421,0.0,0.00034496248634900364,0.00034496248634900364
2022-08-06,0.0920591283575043,0.0,0.0,0.4639400916212421,0.559967141292443,0.4639400916212421,0.0,0.0,0.0
2022-08-06,0.3609905081969889,0.0,0.0,0.4639400916212421,0.559967141292443,0.4639400916212421,0.0,0.00017041881970282169,0.00017041881970282169
2022-08-06,0.1284921025773243,0.0,0.0,0.4639400916212421,0.559967141292443,0.4639400916212421,0.0,0.00041347749417321,0.00041347749417321
2022-08-06,0.0236062300737252,0.0,0.0,0.4639400916212421,0.559967141292443,0.4639400916212421,0.0,0.00018910473092760614,0.00018910473092760614
2022-08-06,0.3042212871884254,0.0,0.0,0.4639400916212421,0.559967141292443,0.4639400916212421,0.0,0.00016868141998742535,0.00016868141998742535
2022-08-06,0.0883909220445612,0.0,0.0,0.4639400916212421,0.559967141292443,0.4639400916212421,0.0,2.363809136594619e-06,2.363809136594619e-06
2022-08-07,0.1461385254391855,0.0,0.0,0.4810635250067367,0.5753012048192776,0.4639400916212421,0.017123433385494602,0.010787763032861587,0.006335670352633015
2022-08-07,0.0825209952141451,0.0,0.0,0.4810635250067367,0.5753012048192776,0.4810635250067367,0.0,0.0,0.0
2022-08-07,0.1720553036595631,0.0,0.0,0.4810635250067367,0.5753012048192776,0.4810635250067367,0.0,0.00034246866770989206,0.00034246866770989206
2022-08-07,0.1596903918755963,0.0,0.0,0.4810635250067367,0.5753012048192776,0.4810635250067367,0.0,0.0005993201684923111,0.0005993201684923111
2022-08-07,0.1115634389236832,0.0,0.0,0.4810635250067367,0.5753012048192776,0.4810635250067367,0.0,0.00035187662807354303,0.00035187662807354303
2022-08-07,0.2670276915608747,0.0,0.0,0.4810635250067367,0.5753012048192776,0.4810635250067367,0.0,0.001843274726625483,0.001843274726625483
2022-08-07,0.2826158930709795,0.0,0.0,0.4810635250067367,0.5753012048192776,0.4810635250067367,0.0,0.0004538986304089887,0.0004538986304089887
2022-08-07,0.0281418348898058,0.0,0.0,0.4810635250067367,0.5753012048192776,0.4810635250067367,0.0,0.0,0.0
2022-08-07,0.0904573159812518,0.0,0.0,0.4810635250067367,0.5753012048192776,0.4810635250067367,0.0,0.0,0.0
2022-08-07,0.0453492293991489,0.0,0.0,0.4810635250067367,0.5753012048192776,0.4810635250067367,0.0,0.0004985746230906357,0.0004985746230906357
2022-08-07,0.1776817768859901,0.0,0.0,0.4810635250067367,0.5753012048192776,0.4810635250067367,0.0,0.0006309361156942738,0.0006309361156942738
2022-08-07,0.108282720346697,0.0,0.0,0.4810635250067367,0.5753012048192776,0.4810635250067367,0.0,0.0015309919015899026,0.0015309919015899026
2022-08-08,0.2520717417460155,0.0,0.0,0.4994775981808125,0.5920043811610078,0.4810635250067367,0.018414073174075785,0.012828013974839719,0.005586059199236066
2022-08-08,0.0776878897216376,0.0,0.0,0.4994775981808125,0.5920043811610078,0.4994775981808125,0.0,0.00013077774048212288,0.00013077774048212288
2022-08-08,0.0894879785526859,0.0,0.0,0.4994775981808125,0.5920043811610078,0.4994775981808125,0.0,0.0,0.0
2022-08-08,0.1220899616816943,0.0,0.0,0.4994775981808125,0.5920043811610078,0.4994775981808125,0.0,0.00017768753279785192,0.00017768753279785192
2022-08-08,0.0254053929057382,0.0,0.0,0.4994775981808125,0.5920043811610078,0.4994775981808125,0.0,0.0,0.0
2022-08-08,0.059317423881364,0.0,0.0,0.4994775981808125,0.5920043811610078,0.4994775981808125,0.0,0.0,0.0
2022-08-08,0.0805462891981071,0.0,0.0,0.4994775981808125,0.5920043811610078,0.4994775981808125,0.0,0.0,0.0
2022-08-08,0.0202918756780609,0.0,0.0,0.4994775981808125,0.5920043811610078,0.4994775981808125,0.0,0.00165389815764716,0.00165389815764716
2022-08-08,0.0122641312650166,0.0,0.0,0.4994775981808125,0.5920043811610078,0.4994775981808125,0.0,0.0019107496584295763,0.0019107496584295763
2022-08-08,0.0316464905034806,0.0,0.0,0.4994775981808125,0.5920043811610078,0.4994775981808125,0.0,4.893084912751866e-05,4.893084912751866e-05
2022-08-08,0.0555539404257462,0.0,0.0,0.4994775981808125,0.5920043811610078,0.4994775981808125,0.0,0.0,0.0
2022-08-08,0.0579031241161986,0.0,0.0,0.4994775981808125,0.5920043811610078,0.4994775981808125,0.0,0.0,0.0
2022-08-09,0.0176238127562439,0.0,0.0,0.5200072805321407,0.6106243154435926,0.4994775981808125,0.020529682351328238,0.012112512587283622,0.008417169764044616
2022-08-09,0.040539475098416,0.0,0.0,0.5200072805321407,0.6106243154435926,0.5200072805321407,0.0,0.0,0.0
2022-08-09,0.1125587966014015,0.0,0.0,0.5200072805321407,0.6106243154435926,0.5200072805321407,0.0,9.207036587037892e-05,9.207036587037892e-05
2022-08-09,0.0668005818408679,0.0,0.0,0.5200072805321407,0.6106243154435926,0.5200072805321407,0.0,4.272585014395536e-05,4.272585014395536e-05
2022-08-09,0.0291454867821127,0.0,0.0,0.5200072805321407,0.6106243154435926,0.5200072805321407,0.0,0.0,0.0
2022-08-09,0.0963130466718921,0.0,0.0,0.5200072805321407,0.6106243154435926,0.5200072805321407,0.0,0.0,0.0
2022-08-09,0.03600585377356,0.0,0.0,0.5200072805321407,0.6106243154435926,0.5200072805321407,0.0,0.0,0.0
2022-08-09,0.0286842184447306,0.0,0.0,0.5200072805321407,0.6106243154435926,0.5200072805321407,0.0,0.00010264841175664119,0.00010264841175664119
2022-08-09,0.0915889473953889,0.0,0.0,0.5200072805321407,0.6106243154435926,0.5200072805321407,0.0,0.0,0.0
2022-08-09,0.0658601663128547,0.0,0.0,0.5200072805321407,0.6106243154435926,0.5200072805321407,0.0,0.00010164379287358694,0.00010164379287358694
2022-08-09,0.0789727216531846,0.0,0.0,0.5200072805321407,0.6106243154435926,0.5200072805321407,0.0,9.86535743157954e-05,9.86535743157954e-05
2022-08-09,0.0338385779724806,0.0,0.0,0.5200072805321407,0.6106243154435926,0.5200072805321407,0.0,0.0005871701895302239,0.0005871701895302239
2022-08-10,4.5114768611252175e-05,0.0,0.0,0.5380525994809076,0.6270536692223434,0.5200072805321407,0.01804531894876682,0.010466284990284756,0.0075790339584820635
2022-08-10,0.0013846012274992,0.0,0.0,0.5380525994809076,0.6270536692223434,0.5380525994809076,0.0,0.0,0.0
2022-08-10,0.0017936697806429,0.0,0.0,0.5380525994809076,0.6270536692223434,0.5380525994809076,0.0,0.0,0.0
2022-08-10,0.0084007425373422,0.0,0.0,0.5380525994809076,0.6270536692223434,0.5380525994809076,0.0,0.0,0.0
2022-08-10,0.0261890432270004,0.0,0.0,0.5380525994809076,0.6270536692223434,0.5380525994809076,0.0,0.0,0.0
2022-08-10,0.0263421582582279,0.0,0.0,0.5380525994809076,0.6270536692223434,0.5380525994809076,0.0,0.0,0.0
2022-08-10,0.1119010813698503,0.0,0.0,0.5380525994809076,0.6270536692223434,0.5380525994809076,0.0,0.0,0.0
2022-08-10,0.0751041084351405,0.0,0.0,0.5380525994809076,0.6270536692223434,0.5380525994809076,0.0,0.0,0.0
2022-08-10,0.0678637565857733,0.0,0.0,0.5380525994809076,0.6270536692223434,0.5380525994809076,0.0,0.0,0.0
2022-08-10,0.0016988042726574,0.0,0.0,0.5380525994809076,0.6270536692223434,0.5380525994809076,0.0,0.0,0.0
2022-08-10,0.0014191359306749,0.0,0.0,0.5380525994809076,0.6270536692223434,0.5380525994809076,0.0,0.0,0.0
2022-08-10,0.01697259176411,0.0,0.0,0.5380525994809076,0.6270536692223434,0.5380525994809076,0.0,0.001129132529323053,0.001129132529323053
2022-08-11,0.4104999309578998,0.0,0.0,0.5552682214227294,0.6426615553121575,0.5380525994809076,0.0172156219418218,0.009898982616547536,0.007316639325274266
2022-08-11,0.1799076125499889,0.0,0.0,0.5552682214227294,0.6426615553121575,0.5552682214227294,0.0,0.0002758210691035967,0.0002758210691035967
2022-08-11,0.5145509020118344,0.0,0.0,0.5552682214227294,0.6426615553121575,0.5552682214227294,0.0,0.00014327047176902806,0.00014327047176902806
2022-08-11,0.3043182714577634,0.0,0.0,0.5552682214227294,0.6426615553121575,0.5552682214227294,0.0,0.0,0.0
2022-08-11,0.5035771030542404,0.0,0.0,0.5552682214227294,0.6426615553121575,0.5552682214227294,0.0,5.341026744136612e-05,5.341026744136612e-05
2022-08-11,0.1578715720500057,0.0,0.0,0.5552682214227294,0.6426615553121575,0.5552682214227294,0.0,0.0,0.0
2022-08-11,1.0,0.0,0.0,0.5552682214227294,0.6426615553121575,0.5552682214227294,0.0,0.0,0.0
2022-08-11,0.6070844604019167,0.0,0.0,0.5552682214227294,0.6426615553121575,0.5552682214227294,0.0,8.986020432766195e-05,8.986020432766195e-05
2022-08-11,0.4467984649503529,0.0,0.0,0.5552682214227294,0.6426615553121575,0.5552682214227294,0.0,0.00034431243883643604,0.00034431243883643604
2022-08-11,0.8358488571830321,0.0,0.0,0.5552682214227294,0.6426615553121575,0.5552682214227294,0.0,0.0,0.0
2022-08-11,0.6964256128875369,0.0,0.0,0.5552682214227294,0.6426615553121575,0.5552682214227294,0.0,0.0,0.0
2022-08-11,0.3260798336141423,0.0,0.0,0.5552682214227294,0.6426615553121575,0.5552682214227294,0.0,0.00014844721377816673,0.00014844721377816673
2022-08-12,0.0415183733263307,0.0,0.0,0.5552682214227294,0.6426615553121575,0.5552682214227294,0.0,0.0,0.0
2022-08-12,0.1116332983428803,0.0,0.0,0.5552682214227294,0.6426615553121575,0.5552682214227294,0.0,0.0,0.0
2022-08-12,0.2036876932040197,0.0,0.0,0.5552682214227294,0.6426615553121575,0.5552682214227294,0.0,0.0,0.0
2022-08-12,0.0203968920178086,0.0,0.0,0.5552682214227294,0.6426615553121575,0.5552682214227294,0.0,0.00010264841175664119,0.00010264841175664119
2022-08-12,0.19998450225399,0.0,0.0,0.5552682214227294,0.6426615553121575,0.5552682214227294,0.0,0.0,0.0
2022-08-12,0.1187285016512616,0.0,0.0,0.5552682214227294,0.6426615553121575,0.5552682214227294,0.0,0.0,0.0
2022-08-12,0.1622169660634865,0.0,0.0,0.5552682214227294,0.6426615553121575,0.5552682214227294,0.0,0.0,0.0
2022-08-12,0.0498379532322485,0.0,0.0,0.5552682214227294,0.6426615553121575,0.5552682214227294,0.0,0.0,0.0
2022-08-12,0.0662557907802281,0.0,0.0,0.5552682214227294,0.6426615553121575,0.5552682214227294,0.0,0.0,0.0
2022-08-12,0.0341567120078965,0.0,0.0,0.5552682214227294,0.6426615553121575,0.5552682214227294,0.0,0.0023691986214265117,0.0023691986214265117
2022-08-12,0.0116740695032203,0.0,0.0,0.5552682214227294,0.6426615553121575,0.5552682214227294,0.0,0.0008200763037589232,0.0008200763037589232
2022-08-12,0.1199348733535419,0.0,0.0,0.5552682214227294,0.6426615553121575,0.5552682214227294,0.0,0.0,0.0
2022-08-13,0.0,0.0,0.0,0.5552682214227294,0.6426615553121575,0.5552682214227294,0.0,0.0,0.0
2022-08-13,0.0,0.0,0.0,0.5552682214227294,0.6426615553121575,0.5552682214227294,0.0,0.0,0.0
2022-08-13,0.0,0.0,0.0,0.5552682214227294,0.6426615553121575,0.5552682214227294,0.0,0.0,0.0
2022-08-13,0.0,0.0,0.0,0.5552682214227294,0.6426615553121575,0.5552682214227294,0.0,0.0,0.0
2022-08-13,0.0,0.0,0.0,0.5552682214227294,0.6426615553121575,0.5552682214227294,0.0,0.0,0.0
2022-08-13,0.0,0.0,0.0,0.5552682214227294,0.6426615553121575,0.5552682214227294,0.0,0.0,0.0
2022-08-13,0.0,0.0,0.0,0.5552682214227294,0.6426615553121575,0.5552682214227294,0.0,0.0,0.0
2022-08-13,0.0,0.0,0.0,0.5552682214227294,0.6426615553121575,0.5552682214227294,0.0,0.0,0.0
2022-08-13,0.0,0.0,0.0,0.5552682214227294,0.6426615553121575,0.5552682214227294,0.0,0.0,0.0
2022-08-13,0.0,0.0,0.0,0.5552682214227294,0.6426615553121575,0.5552682214227294,0.0,0.0,0.0
2022-08-13,0.0,0.0,0.0,0.5552682214227294,0.6426615553121575,0.5552682214227294,0.0,0.0,0.0
2022-08-13,0.0,0.0,0.0,0.5552682214227294,0.6426615553121575,0.5552682214227294,0.0,0.0,0.0
2022-08-14,0.0006559267411035,0.0,0.0,0.5552682214227294,0.6426615553121575,0.5552682214227294,0.0,0.0,0.0
2022-08-14,0.0,0.0,0.0,0.5552682214227294,0.6426615553121575,0.5552682214227294,0.0,0.0,0.0
2022-08-14,0.0003046363836835,0.0,0.0,0.5552682214227294,0.6426615553121575,0.5552682214227294,0.0,9.978820270135913e-05,9.978820270135913e-05
2022-08-14,0.0005694664625012,0.0,0.0,0.5552682214227294,0.6426615553121575,0.5552682214227294,0.0,0.0,0.0
2022-08-14,0.0036510507451598,0.0,0.0,0.5552682214227294,0.6426615553121575,0.5552682214227294,0.0,0.0,0.0
2022-08-14,0.0017638156382061,0.0,0.0,0.5552682214227294,0.6426615553121575,0.5552682214227294,0.0,0.0,0.0
2022-08-14,2.3948384806105137e-05,0.0,0.0,0.5552682214227294,0.6426615553121575,0.5552682214227294,0.0,0.0011729457316698433,0.0011729457316698433
2022-08-14,0.0,0.0,0.0,0.5552682214227294,0.6426615553121575,0.5552682214227294,0.0,0.0,0.0
2022-08-14,4.523479721214272e-05,0.0,0.0,0.5552682214227294,0.6426615553121575,0.5552682214227294,0.0,0.002706797842315023,0.002706797842315023
2022-08-14,0.0,0.0,0.0,0.5552682214227294,0.6426615553121575,0.5552682214227294,0.0,0.0,0.0
2022-08-14,0.0508945055525867,0.0,0.0,0.5552682214227294,0.6426615553121575,0.5552682214227294,0.0,0.0,0.0
2022-08-14,0.0,0.0,0.0,0.5552682214227294,0.6426615553121575,0.5552682214227294,0.0,0.0,0.0
2022-08-15,0.2213345029661815,0.0,0.0,0.5552682214227294,0.6426615553121575,0.5552682214227294,0.0,0.0,0.0
2022-08-15,0.4759056132156445,0.0,0.0,0.5552682214227294,0.6426615553121575,0.5552682214227294,0.0,0.0016546663956165557,0.0016546663956165557
2022-08-15,0.1013519663195202,0.0,0.0,0.5552682214227294,0.6426615553121575,0.5552682214227294,0.0,0.0,0.0
2022-08-15,0.3245951656729035,0.0,0.0,0.5552682214227294,0.6426615553121575,0.5552682214227294,0.0,7.422360688908336e-05,7.422360688908336e-05
2022-08-15,0.4509311649044542,0.0,0.0,0.5552682214227294,0.6426615553121575,0.5552682214227294,0.0,0.00034431243883643604,0.00034431243883643604
2022-08-15,0.5787641537613339,0.0,0.0,0.5552682214227294,0.6426615553121575,0.5552682214227294,0.0,8.986020432766195e-05,8.986020432766195e-05
2022-08-15,0.7309882741169068,0.0,0.0,0.5552682214227294,0.6426615553121575,0.5552682214227294,0.0,0.0,0.0
2022-08-15,0.2731549137474915,0.0,0.0,0.5552682214227294,0.6426615553121575,0.5552682214227294,0.0,0.00042463467329795,0.00042463467329795
2022-08-15,0.1470733527098635,0.0,0.0,0.5552682214227294,0.6426615553121575,0.5552682214227294,0.0,0.00034246866770989206,0.00034246866770989206
2022-08-15,0.1955640363451485,0.0,0.0,0.5552682214227294,0.6426615553121575,0.5552682214227294,0.0,0.0,0.0
2022-08-15,0.9242208329883996,0.0,0.0,0.5552682214227294,0.6426615553121575,0.5552682214227294,0.0,0.0,0.0
2022-08-15,0.3257061176756959,0.0,0.0,0.5552682214227294,0.6426615553121575,0.5552682214227294,0.0,7.422360688908336e-05,7.422360688908336e-05
2022-08-16,0.0999863582534342,0.0,0.0,0.5552682214227294,0.6426615553121575,0.5552682214227294,0.0,0.0,0.0
2022-08-16,0.0383840070179745,0.0,0.0,0.5552682214227294,0.6426615553121575,0.5552682214227294,0.0,0.0,0.0
2022-08-16,0.1795742954827729,0.0,0.0,0.5552682214227294,0.6426615553121575,0.5552682214227294,0.0,0.0002758210691035967,0.0002758210691035967
2022-08-16,0.2140210164712217,0.0,0.0,0.5552682214227294,0.6426615553121575,0.5552682214227294,0.0,0.0,0.0
2022-08-16,0.1316090442652346,0.0,0.0,0.5552682214227294,0.6426615553121575,0.5552682214227294,0.0,0.0008793369988133648,0.0008793369988133648
2022-08-16,0.2270492391316139,0.0,0.0,0.5552682214227294,0.6426615553121575,0.5552682214227294,0.0,0.0,0.0
2022-08-16,0.1143195813062725,0.0,0.0,0.5552682214227294,0.6426615553121575,0.5552682214227294,0.0,0.0,0.0
2022-08-16,0.0227365245530545,0.0,0.0,0.5552682214227294,0.6426615553121575,0.5552682214227294,0.0,0.0,0.0
2022-08-16,0.1985854966110596,0.0,0.0,0.5552682214227294,0.6426615553121575,0.5552682214227294,0.0,0.0,0.0
2022-08-16,0.0554689756573704,0.0,0.0,0.5552682214227294,0.6426615553121575,0.5552682214227294,0.0,0.0,0.0
2022-08-16,0.0426274731116954,0.0,0.0,0.5552682214227294,0.6426615553121575,0.5552682214227294,0.0,0.0,0.0
2022-08-16,0.1229222919147508,0.0,0.0,0.5552682214227294,0.6426615553121575,0.5552682214227294,0.0,0.0,0.0
2022-08-17,0.0578407524847923,0.0,0.0,0.5552682214227294,0.6426615553121575,0.5552682214227294,0.0,0.0,0.0
2022-08-17,0.0667010148575915,0.0,0.0,0.5552682214227294,0.6426615553121575,0.5552682214227294,0.0,8.545170028791071e-05,8.545170028791071e-05
2022-08-17,0.1940787412194864,0.0,0.0,0.5552682214227294,0.6426615553121575,0.5552682214227294,0.0,0.0,0.0
2022-08-17,0.0529487552195866,0.0,0.0,0.5552682214227294,0.6426615553121575,0.5552682214227294,0.0,0.0,0.0
2022-08-17,0.0246012424659326,0.0,0.0,0.5552682214227294,0.6426615553121575,0.5552682214227294,0.0,0.0,0.0
2022-08-17,0.074598349223216,0.0,0.0,0.5552682214227294,0.6426615553121575,0.5552682214227294,0.0,0.0,0.0
2022-08-17,0.0916648838345362,0.0,0.0,0.5552682214227294,0.6426615553121575,0.5552682214227294,0.0,0.0,0.0
2022-08-17,0.2692955572798733,0.0,0.0,0.5552682214227294,0.6426615553121575,0.5552682214227294,0.0,0.0003184760049734625,0.0003184760049734625
2022-08-17,0.1018526870280459,0.0,0.0,0.5552682214227294,0.6426615553121575,0.5552682214227294,0.0,0.0,0.0
2022-08-17,0.0671640193549178,0.0,0.0,0.5552682214227294,0.6426615553121575,0.5552682214227294,0.0,0.00025635510086373213,0.00025635510086373213
2022-08-17,0.0965914579597962,0.0,0.0,0.5552682214227294,0.6426615553121575,0.5552682214227294,0.0,0.0,0.0
2022-08-17,0.323895560169687,0.0,0.0,0.5552682214227294,0.6426615553121575,0.5552682214227294,0.0,7.422360688908336e-05,7.422360688908336e-05
2022-08-18,0.0340615438881543,0.0,0.0,0.7921880835653805,0.7773822562979191,0.5552682214227294,0.23691986214265115,0.14925951314987063,0.08766034899278052
2022-08-18,0.0135227459799854,0.0,0.0,0.7921880835653805,0.7773822562979191,0.7921880835653805,0.0,0.00032932588891042335,0.00032932588891042335
2022-08-18,0.0013923710150561,0.0,0.0,0.7921880835653805,0.7773822562979191,0.7921880835653805,0.0,0.0,0.0
2022-08-18,0.0020204876676404,0.0,0.0,0.7921880835653805,0.7773822562979191,0.7921880835653805,0.0,0.0,0.0
2022-08-18,0.0005170424172838,0.0,0.0,0.7921880835653805,0.7773822562979191,0.7921880835653805,0.0,9.561607957525032e-06,9.561607957525032e-06
2022-08-18,0.1850175379460525,0.0,0.0,0.7921880835653805,0.7773822562979191,0.7921880835653805,0.0,0.0023691986214265117,0.0023691986214265117
2022-08-18,0.0247056469762445,0.0,0.0,0.7921880835653805,0.7773822562979191,0.7921880835653805,0.0,0.004738397242853023,0.004738397242853023
2022-08-18,0.0216594710173881,0.0,0.0,0.7921880835653805,0.7773822562979191,0.7921880835653805,0.0,0.0,0.0
2022-08-18,0.1795187832949156,0.0,0.0,0.7921880835653805,0.7773822562979191,0.7921880835653805,0.0,0.002645019690530108,0.002645019690530108
2022-08-18,0.1264844261127924,0.0,0.0,0.7921880835653805,0.7773822562979191,0.7921880835653805,0.0,0.002372567049446159,0.002372567049446159
2022-08-18,0.0075051235842751,0.0,0.0,0.7921880835653805,0.7773822562979191,0.7921880835653805,0.0,0.0,0.0
2022-08-18,0.0288866559397698,0.0,0.0,0.7921880835653805,0.7773822562979191,0.7921880835653805,0.0,0.0106613937964193,0.0106613937964193
2022-08-19,0.0119638991027241,0.0,0.0,0.8086543780109017,0.7938116100766699,0.7921880835653805,0.016466294445521168,0.009958869721023172,0.006507424724497996
2022-08-19,0.0405306404462587,0.0,0.0,0.8086543780109017,0.7938116100766699,0.8086543780109017,0.0,0.0038505032549651817,0.0038505032549651817
2022-08-19,0.0044935299189703,0.0,0.0,0.8086543780109017,0.7938116100766699,0.8086543780109017,0.0,0.0002422431603182651,0.0002422431603182651
2022-08-19,0.3963140294793386,0.0,0.0,0.8086543780109017,0.7938116100766699,0.8086543780109017,0.0,0.0002451388265105925,0.0002451388265105925
2022-08-19,0.0773899795032373,0.0,0.0,0.8086543780109017,0.7938116100766699,0.8086543780109017,0.0,0.0012669307829408615,0.0012669307829408615
2022-08-19,9.020700901015362e-05,0.0,0.0,0.8086543780109017,0.7938116100766699,0.8086543780109017,0.0,0.00020537137441681915,0.00020537137441681915
2022-08-19,0.0582194077369482,0.0,0.0,0.8086543780109017,0.7938116100766699,0.8086543780109017,0.0,0.0012669307829408615,0.0012669307829408615
2022-08-19,0.3845079450677647,0.0,0.0,0.8086543780109017,0.7938116100766699,0.8086543780109017,0.0,0.00017593831403677095,0.00017593831403677095
2022-08-19,0.0294370000723835,0.0,0.0,0.8086543780109017,0.7938116100766699,0.8086543780109017,0.0,0.0027808559825645406,0.0027808559825645406
2022-08-19,0.0052561564510608,0.0,0.0,0.8086543780109017,0.7938116100766699,0.8086543780109017,0.0,0.00024699441668281754,0.00024699441668281754
2022-08-19,0.002361945992086,0.0,0.0,0.8086543780109017,0.7938116100766699,0.8086543780109017,0.0,0.00016466294445521167,0.00016466294445521167
2022-08-19,0.149604723881571,0.0,0.0,0.8086543780109017,0.7938116100766699,0.8086543780109017,0.0,0.0003986327727954037,0.0003986327727954037
2022-08-20,0.5603309927759521,0.0,0.0,0.8266264188764341,0.811610076670318,0.8086543780109017,0.01797204086553239,0.011052805132302432,0.006919235733229959
2022-08-20,0.8141196505570645,0.0,0.0,0.8266264188764341,0.811610076670318,0.8266264188764341,0.0,0.0,0.0
2022-08-20,0.1004429547413223,0.0,0.0,0.8266264188764341,0.811610076670318,0.8266264188764341,0.0,0.00034005758239056996,0.00034005758239056996
2022-08-20,0.2465016568746302,0.0,0.0,0.8266264188764341,0.811610076670318,0.8266264188764341,0.0,0.0002684814417344705,0.0002684814417344705
2022-08-20,0.2564461406753139,0.0,0.0,0.8266264188764341,0.811610076670318,0.8266264188764341,0.0,0.0002740009360684198,0.0002740009360684198
2022-08-20,0.9522898517288396,0.0,0.0,0.8266264188764341,0.811610076670318,0.8266264188764341,0.0,0.0,0.0
2022-08-20,0.5683931052565198,0.0,0.0,0.8266264188764341,0.811610076670318,0.8266264188764341,0.0,0.003863988786089464,0.003863988786089464
2022-08-20,0.9739746119693872,0.0,0.0,0.8266264188764341,0.811610076670318,0.8266264188764341,0.0,0.0,0.0
2022-08-20,0.7332572530094649,0.0,0.0,0.8266264188764341,0.811610076670318,0.8266264188764341,0.0,0.0008087418389489576,0.0008087418389489576
2022-08-20,0.2071689932387807,0.0,0.0,0.8266264188764341,0.811610076670318,0.8266264188764341,0.0,9.194035636786557e-05,9.194035636786557e-05
2022-08-20,0.238522117415126,0.0,0.0,0.8266264188764341,0.811610076670318,0.8266264188764341,0.0,0.0,0.0
2022-08-20,0.3107851152072394,0.0,0.0,0.8266264188764341,0.811610076670318,0.8266264188764341,0.0,0.0003226599471452296,0.0003226599471452296
2022-08-21,0.1777761284935569,0.0,0.0,0.8450144901500072,0.8299561883899234,0.8266264188764341,0.018388071273573114,0.011492544545983197,0.006895526727589918
2022-08-21,0.1906345348255618,0.0,0.0,0.8450144901500072,0.8299561883899234,0.8450144901500072,0.0,0.0034017931856110263,0.0034017931856110263
2022-08-21,0.2370738336084052,0.0,0.0,0.8450144901500072,0.8299561883899234,0.8450144901500072,0.0,9.194035636786557e-05,9.194035636786557e-05
2022-08-21,0.0632925505630428,0.0,0.0,0.8450144901500072,0.8299561883899234,0.8450144901500072,0.0,0.0,0.0
2022-08-21,0.0963515137772785,0.0,0.0,0.8450144901500072,0.8299561883899234,0.8450144901500072,0.0,0.0,0.0
2022-08-21,0.2152509200826376,0.0,0.0,0.8450144901500072,0.8299561883899234,0.8450144901500072,0.0,9.194035636786557e-05,9.194035636786557e-05
2022-08-21,0.0906213628180673,0.0,0.0,0.8450144901500072,0.8299561883899234,0.8450144901500072,0.0,0.0,0.0
2022-08-21,0.1010450216576312,0.0,0.0,0.8450144901500072,0.8299561883899234,0.8450144901500072,0.0,0.0003536849420630372,0.0003536849420630372
2022-08-21,0.2341277283848326,0.0,0.0,0.8450144901500072,0.8299561883899234,0.8450144901500072,0.0,9.194035636786557e-05,9.194035636786557e-05
2022-08-21,0.0229858936848839,0.0,0.0,0.8450144901500072,0.8299561883899234,0.8450144901500072,0.0,0.0,0.0
2022-08-21,0.0999663404050439,0.0,0.0,0.8450144901500072,0.8299561883899234,0.8450144901500072,0.0,0.0,0.0
2022-08-21,0.0385341419083501,0.0,0.0,0.8450144901500072,0.8299561883899234,0.8450144901500072,0.0,0.0009289533525905047,0.0009289533525905047
2022-08-22,0.0457339600828079,0.0,0.0,0.8593060801898611,0.8441949616648401,0.8450144901500072,0.014291590039853919,0.009287890678555115,0.005003699361298804
2022-08-22,0.0293170099598154,0.0,0.0,0.8593060801898611,0.8441949616648401,0.8593060801898611,0.0,0.00035728975099634795,0.00035728975099634795
2022-08-22,0.03061740887349,0.0,0.0,0.8593060801898611,0.8441949616648401,0.8593060801898611,0.0,0.00034714900980035155,0.00034714900980035155
2022-08-22,0.0127109667209891,0.0,0.0,0.8593060801898611,0.8441949616648401,0.8593060801898611,0.0,0.0,0.0
2022-08-22,0.0101001255593967,0.0,0.0,0.8593060801898611,0.8441949616648401,0.8593060801898611,0.0,0.0006489365222694409,0.0006489365222694409
2022-08-22,0.0285676340381315,0.0,0.0,0.8593060801898611,0.8441949616648401,0.8593060801898611,0.0,0.0002858318007970784,0.0002858318007970784
2022-08-22,0.0060660329774941,0.0,0.0,0.8593060801898611,0.8441949616648401,0.8593060801898611,0.0,0.00010121830722900071,0.00010121830722900071
2022-08-22,8.699003827738935e-06,0.0,0.0,0.8593060801898611,0.8441949616648401,0.8593060801898611,0.0,0.0038617106715280393,0.0038617106715280393
2022-08-22,0.0471848858424542,0.0,0.0,0.8593060801898611,0.8441949616648401,0.8593060801898611,0.0,0.0022841014925091057,0.0022841014925091057
2022-08-22,0.0125923746308657,0.0,0.0,0.8593060801898611,0.8441949616648401,0.8593060801898611,0.0,0.0,0.0
2022-08-22,0.1506119572301593,0.0,0.0,0.8593060801898611,0.8441949616648401,0.8593060801898611,0.0,0.0013687873186367578,0.0013687873186367578
2022-08-22,0.000809357343798,0.0,0.0,0.8593060801898611,0.8441949616648401,0.8593060801898611,0.0,4.211216892580083e-06,4.211216892580083e-06
2022-08-23,0.0,0.0,0.0,0.8702552441105693,0.8551478641840085,0.8593060801898611,0.010949163920708216,0.0018668236371322741,0.009082340283575942
2022-08-23,0.0,0.0,0.0,0.8702552441105693,0.8551478641840085,0.8702552441105693,0.0,0.0018668236371322741,0.0018668236371322741
2022-08-23,0.0,0.0,0.0,0.8702552441105693,0.8551478641840085,0.8702552441105693,0.0,0.0018668236371322741,0.0018668236371322741
2022-08-23,0.0067895544914544,0.0,0.0,0.8702552441105693,0.8551478641840085,0.8702552441105693,0.0,0.00034170042974050074,0.00034170042974050074
2022-08-23,0.0,0.0,0.0,0.8702552441105693,0.8551478641840085,0.8702552441105693,0.0,0.0018668236371322741,0.0018668236371322741
2022-08-23,0.0186250154271924,0.0,0.0,0.8702552441105693,0.8551478641840085,0.8702552441105693,0.0,0.0002623828141620535,0.0002623828141620535
2022-08-23,0.0029763902889833,0.0,0.0,0.8702552441105693,0.8551478641840085,0.8702552441105693,0.0,0.0,0.0
2022-08-23,0.0,0.0,0.0,0.8702552441105693,0.8551478641840085,0.8702552441105693,0.0,0.0018668236371322741,0.0018668236371322741
2022-08-23,0.0,0.0,0.0,0.8702552441105693,0.8551478641840085,0.8702552441105693,0.0,0.0018668236371322741,0.0018668236371322741
2022-08-23,0.001504341096634,0.0,0.0,0.8702552441105693,0.8551478641840085,0.8702552441105693,0.0,0.0,0.0
2022-08-23,2.5657200770133257e-06,0.0,0.0,0.8702552441105693,0.8551478641840085,0.8702552441105693,0.0,0.0014558535965971484,0.0014558535965971484
2022-08-23,0.016426143789381,0.0,0.0,0.8702552441105693,0.8551478641840085,0.8702552441105693,0.0,0.0,0.0
2022-08-24,0.2710077925651302,0.0,0.0,0.8808711109430181,0.8658269441401973,0.8702552441105693,0.01061586683244875,0.006475678767793738,0.004140188064655013
2022-08-24,0.2155752032988808,0.0,0.0,0.8808711109430181,0.8658269441401973,0.8808711109430181,0.0,0.00015923800248673125,0.00015923800248673125
2022-08-24,0.0217437854806123,0.0,0.0,0.8808711109430181,0.8658269441401973,0.8808711109430181,0.0,0.0,0.0
2022-08-24,0.2815046003084894,0.0,0.0,0.8808711109430181,0.8658269441401973,0.8808711109430181,0.0,0.0016985386931918,0.0016985386931918
2022-08-24,0.1462054073775492,0.0,0.0,0.8808711109430181,0.8658269441401973,0.8808711109430181,0.0,7.324262609739896e-05,7.324262609739896e-05
2022-08-24,0.1181653584810262,0.0,0.0,0.8808711109430181,0.8658269441401973,0.8808711109430181,0.0,0.0001112999531965786,0.0001112999531965786
2022-08-24,0.2527254942057625,0.0,0.0,0.8808711109430181,0.8658269441401973,0.8808711109430181,0.0,0.001528297159174212,0.001528297159174212
2022-08-24,0.1126834096367751,0.0,0.0,0.8808711109430181,0.8658269441401973,0.8808711109430181,0.0,0.0,0.0
2022-08-24,0.0891864513396547,0.0,0.0,0.8808711109430181,0.8658269441401973,0.8808711109430181,0.0,0.0,0.0
2022-08-24,0.0893697337147222,0.0,0.0,0.8808711109430181,0.8658269441401973,0.8808711109430181,0.0,0.0,0.0
2022-08-24,0.1683824200258086,0.0,0.0,0.8808711109430181,0.8658269441401973,0.8808711109430181,0.0,0.001287164989150118,0.001287164989150118
2022-08-24,0.2317877846148321,0.0,0.0,0.8808711109430181,0.8658269441401973,0.8808711109430181,0.0,0.00015923800248673125,0.00015923800248673125
2022-08-25,0.0502691174358951,0.0,0.0,0.8304817915782206,0.8734939759036138,0.8808711109430181,-0.050389319364797514,0.0,0.050389319364797514
2022-08-25,0.0779909318340339,0.0,0.0,0.8304817915782206,0.8734939759036138,0.8304817915782206,0.0,0.0001973071486315908,0.0001973071486315908
2022-08-25,0.0388698549965573,0.0,0.0,0.8304817915782206,0.8734939759036138,0.8304817915782206,0.0,0.0,0.0
2022-08-25,0.0625398093651476,0.0,0.0,0.8304817915782206,0.8734939759036138,0.8304817915782206,0.0,0.0,0.0
2022-08-25,0.0782100716221642,0.0,0.0,0.8304817915782206,0.8734939759036138,0.8304817915782206,0.0,0.0004932678715789771,0.0004932678715789771
2022-08-25,0.0652374242462732,0.0,0.0,0.8304817915782206,0.8734939759036138,0.8304817915782206,0.0,0.000349902847444481,0.000349902847444481
2022-08-25,0.1101272758625094,0.0,0.0,0.8304817915782206,0.8734939759036138,0.8304817915782206,0.0,0.0,0.0
2022-08-25,0.0688078407833712,0.0,0.0,0.8304817915782206,0.8734939759036138,0.8304817915782206,0.0,0.00012817755043186606,0.00012817755043186606
2022-08-25,0.0341555157686454,0.0,0.0,0.8304817915782206,0.8734939759036138,0.8304817915782206,0.0,0.0005004183942171669,0.0005004183942171669
2022-08-25,0.0523045103588213,0.0,0.0,0.8304817915782206,0.8734939759036138,0.8304817915782206,0.0,0.0,0.0
2022-08-25,0.1083458077499627,0.0,0.0,0.8304817915782206,0.8734939759036138,0.8304817915782206,0.0,0.0,0.0
2022-08-25,0.029416018049282,0.0,0.0,0.8304817915782206,0.8734939759036138,0.8304817915782206,0.0,0.0,0.0
2022-08-26,0.0499224214470552,0.0,0.0,0.8379041522671293,0.8795180722891569,0.8304817915782206,0.00742236068890878,0.0037346884263178494,0.0036876722625909307
2022-08-26,0.0024722334292549,0.0,0.0,0.8379041522671293,0.8795180722891569,0.8379041522671293,0.0,0.0,0.0
2022-08-26,5.6393460764065215e-05,0.0,0.0,0.8379041522671293,0.8795180722891569,0.8379041522671293,0.0,0.0,0.0
2022-08-26,0.0274676021671026,0.0,0.0,0.8379041522671293,0.8795180722891569,0.8379041522671293,0.0,0.0022496371552975327,0.0022496371552975327
2022-08-26,0.0048790073996317,0.0,0.0,0.8379041522671293,0.8795180722891569,0.8379041522671293,0.0,0.0,0.0
2022-08-26,0.0405640656822514,0.0,0.0,0.8379041522671293,0.8795180722891569,0.8379041522671293,0.0,0.0002226708206672634,0.0002226708206672634
2022-08-26,0.0053842049442675,0.0,0.0,0.8379041522671293,0.8795180722891569,0.8379041522671293,0.0,0.0,0.0
2022-08-26,0.0375658726977728,0.0,0.0,0.8379041522671293,0.8795180722891569,0.8379041522671293,0.0,0.00011015350576533467,0.00011015350576533467
2022-08-26,0.1025960205100183,0.0,0.0,0.8379041522671293,0.8795180722891569,0.8379041522671293,0.0,0.0001484472137781756,0.0001484472137781756
2022-08-26,0.0007417985883462,0.0,0.0,0.8379041522671293,0.8795180722891569,0.8379041522671293,0.0,0.0,0.0
2022-08-26,0.0126968847981153,0.0,0.0,0.8379041522671293,0.8795180722891569,0.8379041522671293,0.0,0.000590763179417838,0.000590763179417838
2022-08-26,0.0845653924252809,0.0,0.0,0.8379041522671293,0.8795180722891569,0.8379041522671293,0.0,0.0002226708206672634,0.0002226708206672634
2022-08-27,0.0115002304202452,0.0,0.0,0.8458134576381764,0.8858159912376777,0.8379041522671293,0.00790930537104706,0.005141048491180589,0.0027682568798664707
2022-08-27,0.0017875453089909,0.0,0.0,0.8458134576381764,0.8858159912376777,0.8458134576381764,0.0,0.0,0.0
2022-08-27,0.0011149406561968,0.0,0.0,0.8458134576381764,0.8858159912376777,0.8458134576381764,0.0,0.0,0.0
2022-08-27,0.00071963545406,0.0,0.0,0.8458134576381764,0.8858159912376777,0.8458134576381764,0.0,0.0,0.0
2022-08-27,0.1286559523962872,0.0,0.0,0.8458134576381764,0.8858159912376777,0.8458134576381764,0.0,8.734274759718781e-05,8.734274759718781e-05
2022-08-27,0.0793274536835517,0.0,0.0,0.8458134576381764,0.8858159912376777,0.8458134576381764,0.0,0.0,0.0
2022-08-27,0.0504179060796336,0.0,0.0,0.8458134576381764,0.8858159912376777,0.8458134576381764,0.0,0.0,0.0
2022-08-27,0.0355790335059596,0.0,0.0,0.8458134576381764,0.8858159912376777,0.8458134576381764,0.0,0.0002817660490821372,0.0002817660490821372
2022-08-27,0.0211758496758786,0.0,0.0,0.8458134576381764,0.8858159912376777,0.8458134576381764,0.0,8.68227095871374e-05,8.68227095871374e-05
2022-08-27,0.0006633704684006,0.0,0.0,0.8458134576381764,0.8858159912376777,0.8458134576381764,0.0,0.0,0.0
2022-08-27,0.0,0.0,0.0,0.8458134576381764,0.8858159912376777,0.8458134576381764,0.0,8.244459737914222e-05,8.244459737914222e-05
2022-08-27,0.0140310198169423,0.0,0.0,0.8458134576381764,0.8858159912376777,0.8458134576381764,0.0,0.0005931979028285294,0.0005931979028285294
2022-08-28,0.0064887403776574,0.0,0.0,0.8559352883610765,0.8932092004381165,0.8458134576381764,0.010121830722900071,0.006022489280125542,0.004099341442774529
2022-08-28,0.0181250330439519,0.0,0.0,0.8559352883610765,0.8932092004381165,0.8559352883610765,0.0,3.95465268552353e-05,3.95465268552353e-05
2022-08-28,0.0101902960719465,0.0,0.0,0.8559352883610765,0.8932092004381165,0.8559352883610765,0.0,0.0006310897632881496,0.0006310897632881496
2022-08-28,0.0006762929762585,0.0,0.0,0.8559352883610765,0.8932092004381165,0.8559352883610765,0.0,0.0,0.0
2022-08-28,0.0,0.0,0.0,0.8559352883610765,0.8932092004381165,0.8559352883610765,0.0,6.843227450442635e-06,6.843227450442635e-06
2022-08-28,0.0111613671769323,0.0,0.0,0.8559352883610765,0.8932092004381165,0.8559352883610765,0.0,0.0010439763051772078,0.0010439763051772078
2022-08-28,0.0019123644138436,0.0,0.0,0.8559352883610765,0.8932092004381165,0.8559352883610765,0.0,0.0,0.0
2022-08-28,0.0057998753352014,0.0,0.0,0.8559352883610765,0.8932092004381165,0.8559352883610765,0.0,0.00040487322891600284,0.00040487322891600284
2022-08-28,0.0264187237728067,0.0,0.0,0.8559352883610765,0.8932092004381165,0.8559352883610765,0.0,0.00020753062314736613,0.00020753062314736613
2022-08-28,0.0055014550362192,0.0,0.0,0.8559352883610765,0.8932092004381165,0.8559352883610765,0.0,0.0002530457680725018,0.0002530457680725018
2022-08-28,0.0008089361406067,0.0,0.0,0.8559352883610765,0.8932092004381165,0.8559352883610765,0.0,0.0,0.0
2022-08-28,0.0033803504344542,0.0,0.0,0.8559352883610765,0.8932092004381165,0.8559352883610765,0.0,0.0,0.0
2022-08-29,0.0337844615126445,0.0,0.0,0.8657214581865802,0.9006024096385534,0.8559352883610765,0.009786169825503732,0.005785659242730178,0.004000510582773554
2022-08-29,0.1640333524135147,0.0,0.0,0.8657214581865802,0.9006024096385534,0.8657214581865802,0.0,0.0,0.0
2022-08-29,0.1843559161182509,0.0,0.0,0.8657214581865802,0.9006024096385534,0.8657214581865802,0.0,0.0,0.0
2022-08-29,0.2200597557315328,0.0,0.0,0.8657214581865802,0.9006024096385534,0.8657214581865802,0.0,0.0,0.0
2022-08-29,0.0473822379749086,0.0,0.0,0.8657214581865802,0.9006024096385534,0.8657214581865802,0.0,0.0005939779598436168,0.0005939779598436168
2022-08-29,0.187382632882999,0.0,0.0,0.8657214581865802,0.9006024096385534,0.8657214581865802,0.0,0.0,0.0
2022-08-29,0.1928432635459044,0.0,0.0,0.8657214581865802,0.9006024096385534,0.8657214581865802,0.0,0.0,0.0
2022-08-29,0.0215177124870021,0.0,0.0,0.8657214581865802,0.9006024096385534,0.8657214581865802,0.0,9.786169825503732e-05,9.786169825503732e-05
2022-08-29,0.1020961147000077,0.0,0.0,0.8657214581865802,0.9006024096385534,0.8657214581865802,0.0,0.0,0.0
2022-08-29,0.0387659716103159,0.0,0.0,0.8657214581865802,0.9006024096385534,0.8657214581865802,0.0,0.00026829233700354714,0.00026829233700354714
2022-08-29,0.0177495231185272,0.0,0.0,0.8657214581865802,0.9006024096385534,0.8657214581865802,0.0,0.00020051011001167852,0.00020051011001167852
2022-08-29,0.0555201527591006,0.0,0.0,0.8657214581865802,0.9006024096385534,0.8657214581865802,0.0,0.0005447989107567485,0.0005447989107567485
2022-08-30,0.0671200071071858,0.0,0.0,0.8742666282153713,0.906900328587076,0.8657214581865802,0.008545170028791071,0.00542618296828233,0.0031189870605087414
2022-08-30,0.0852479374658255,0.0,0.0,0.8742666282153713,0.906900328587076,0.8742666282153713,0.0,0.0,0.0
2022-08-30,0.085129147840974,0.0,0.0,0.8742666282153713,0.906900328587076,0.8742666282153713,0.0,0.0,0.0
2022-08-30,0.0873253766055693,0.0,0.0,0.8742666282153713,0.906900328587076,0.8742666282153713,0.0,0.0,0.0
2022-08-30,0.0366265906527482,0.0,0.0,0.8742666282153713,0.906900328587076,0.8742666282153713,0.0,0.0003907731074162124,0.0003907731074162124
2022-08-30,0.0153923076728332,0.0,0.0,0.8742666282153713,0.906900328587076,0.8742666282153713,0.0,3.655630829744294e-05,3.655630829744294e-05
2022-08-30,0.0170834050402634,0.0,0.0,0.8742666282153713,0.906900328587076,0.8742666282153713,0.0,3.655630829744294e-05,3.655630829744294e-05
2022-08-30,0.0339480485444858,0.0,0.0,0.8742666282153713,0.906900328587076,0.8742666282153713,0.0,0.0015528571361034217,0.0015528571361034217
2022-08-30,0.020880925460456,0.0,0.0,0.8742666282153713,0.906900328587076,0.8742666282153713,0.0,0.00014622523318977176,0.00014622523318977176
2022-08-30,0.0233863800354799,0.0,0.0,0.8742666282153713,0.906900328587076,0.8742666282153713,0.0,0.0008105619719841362,0.0008105619719841362
2022-08-30,0.0972412028182354,0.0,0.0,0.8742666282153713,0.906900328587076,0.8742666282153713,0.0,0.0,0.0
2022-08-30,0.0745548869941614,0.0,0.0,0.8742666282153713,0.906900328587076,0.8742666282153713,0.0,0.0008545170028791072,0.0008545170028791072
2022-08-31,0.0223057606380473,0.0,0.0,0.8815778898748599,0.9123767798466584,0.8742666282153713,0.007311261659488588,0.004679207462072696,0.002632054197415892
2022-08-31,0.0034550647653567,0.0,0.0,0.8815778898748599,0.9123767798466584,0.8815778898748599,0.0,0.0,0.0
2022-08-31,0.0168741288271262,0.0,0.0,0.8815778898748599,0.9123767798466584,0.8815778898748599,0.0,0.0002924504663795435,0.0002924504663795435
2022-08-31,0.004615352607693,0.0,0.0,0.8815778898748599,0.9123767798466584,0.8815778898748599,0.0,0.0,0.0
2022-08-31,0.002977453640777,0.0,0.0,0.8815778898748599,0.9123767798466584,0.8815778898748599,0.0,0.0,0.0
2022-08-31,0.0082386365432105,0.0,0.0,0.8815778898748599,0.9123767798466584,0.8815778898748599,0.0,0.0005671605451889367,0.0005671605451889367
2022-08-31,0.0022960019560247,0.0,0.0,0.8815778898748599,0.9123767798466584,0.8815778898748599,0.0,0.0,0.0
2022-08-31,1.026187177028718e-06,0.0,0.0,0.8815778898748599,0.9123767798466584,0.8815778898748599,0.0,0.0020139653843790017,0.0020139653843790017
2022-08-31,0.00127597004887,0.0,0.0,0.8815778898748599,0.9123767798466584,0.8815778898748599,0.0,0.0,0.0
2022-08-31,0.0,0.0,0.0,0.8815778898748599,0.9123767798466584,0.8815778898748599,0.0,0.0,0.0
2022-08-31,0.0168356083953054,0.0,0.0,0.8815778898748599,0.9123767798466584,0.8815778898748599,0.0,0.0002924504663795435,0.0002924504663795435
2022-08-31,0.000314359318085,0.0,0.0,0.8815778898748599,0.9123767798466584,0.8815778898748599,0.0,0.00013386251140535044,0.00013386251140535044
2022-09-01,0.1166059100992345,0.0,0.0,0.8889978867546318,0.9178532311062426,0.8815778898748599,0.007419996879771906,0.00474879800305402,0.0026711988767178863
2022-09-01,0.0060401699719861,0.0,0.0,0.8889978867546318,0.9178532311062426,0.8889978867546318,0.0,0.0,0.0
2022-09-01,0.0260454791618787,0.0,0.0,0.8889978867546318,0.9178532311062426,0.8889978867546318,0.0,0.0,0.0
2022-09-01,0.0030050545081368,0.0,0.0,0.8889978867546318,0.9178532311062426,0.8889978867546318,0.0,0.0,0.0
2022-09-01,0.0019174602778279,0.0,0.0,0.8889978867546318,0.9178532311062426,0.8889978867546318,0.0,0.0,0.0
2022-09-01,0.0108530096418799,0.0,0.0,0.8889978867546318,0.9178532311062426,0.8889978867546318,0.0,1.1251731490192762e-05,1.1251731490192762e-05
2022-09-01,0.003398933562232,0.0,0.0,0.8889978867546318,0.9178532311062426,0.8889978867546318,0.0,0.0,0.0
2022-09-01,0.01271837870456,0.0,0.0,0.8889978867546318,0.9178532311062426,0.8889978867546318,0.0,0.0,0.0
2022-09-01,0.0006741388026236,0.0,0.0,0.8889978867546318,0.9178532311062426,0.8889978867546318,0.0,0.0,0.0
2022-09-01,0.0085352728775584,0.0,0.0,0.8889978867546318,0.9178532311062426,0.8889978867546318,0.0,0.0,0.0
2022-09-01,0.0011778426271875,0.0,0.0,0.8889978867546318,0.9178532311062426,0.8889978867546318,0.0,0.0,0.0
2022-09-01,0.0973139422935178,0.0,0.0,0.8889978867546318,0.9178532311062426,0.8889978867546318,0.0,0.00019572339651007908,0.00019572339651007908
2022-09-02,0.0273536969788994,0.0,0.0,0.8889978867546318,0.9178532311062426,0.8889978867546318,0.0,0.0,0.0
2022-09-02,0.0791816830386514,0.0,0.0,0.8889978867546318,0.9178532311062426,0.8889978867546318,0.0,0.0,0.0
2022-09-02,0.0064843175865648,0.0,0.0,0.8889978867546318,0.9178532311062426,0.8889978867546318,0.0,0.0003542640753015025,0.0003542640753015025
2022-09-02,0.0055661833430371,0.0,0.0,0.8889978867546318,0.9178532311062426,0.8889978867546318,0.0,0.0,0.0
2022-09-02,0.003065172322377,0.0,0.0,0.8889978867546318,0.9178532311062426,0.8889978867546318,0.0,0.0,0.0
2022-09-02,0.0027148280742354,0.0,0.0,0.8889978867546318,0.9178532311062426,0.8889978867546318,0.0,0.0,0.0
2022-09-02,0.0915385910669063,0.0,0.0,0.8889978867546318,0.9178532311062426,0.8889978867546318,0.0,0.0,0.0
2022-09-02,0.0,0.0,0.0,0.8889978867546318,0.9178532311062426,0.8889978867546318,0.0,0.0,0.0
2022-09-02,0.0550761534373936,0.0,0.0,0.8889978867546318,0.9178532311062426,0.8889978867546318,0.0,4.272585014395536e-05,4.272585014395536e-05
2022-09-02,5.274077650289228e-05,0.0,0.0,0.8889978867546318,0.9178532311062426,0.8889978867546318,0.0,9.561607957525032e-06,9.561607957525032e-06
2022-09-02,0.0555950891069855,0.0,0.0,0.8889978867546318,0.9178532311062426,0.8889978867546318,0.0,4.272585014395536e-05,4.272585014395536e-05
2022-09-02,0.0211456439571766,0.0,0.0,0.8889978867546318,0.9178532311062426,0.8889978867546318,0.0,4.727618273190209e-05,4.727618273190209e-05
2022-09-03,0.0071029376458357,0.0,0.0,0.8889978867546318,0.9178532311062426,0.8889978867546318,0.0,9.561607957528362e-06,9.561607957528362e-06
2022-09-03,0.0616887345878438,0.0,0.0,0.8889978867546318,0.9178532311062426,0.8889978867546318,0.0,8.545170028791071e-05,8.545170028791071e-05
2022-09-03,0.0027781040236365,0.0,0.0,0.8889978867546318,0.9178532311062426,0.8889978867546318,0.0,0.0,0.0
2022-09-03,0.2931653519066206,0.0,0.0,0.8889978867546318,0.9178532311062426,0.8889978867546318,0.0,0.0,0.0
2022-09-03,0.0465918521972089,0.0,0.0,0.8889978867546318,0.9178532311062426,0.8889978867546318,0.0,0.0001429159003985392,0.0001429159003985392
2022-09-03,0.0030277288450031,0.0,0.0,0.8889978867546318,0.9178532311062426,0.8889978867546318,0.0,0.0,0.0
2022-09-03,0.1041693768545258,0.0,0.0,0.8889978867546318,0.9178532311062426,0.8889978867546318,0.0,0.00020800338497468097,0.00020800338497468097
2022-09-03,0.2959866803334998,0.0,0.0,0.8889978867546318,0.9178532311062426,0.8889978867546318,0.0,0.0,0.0
2022-09-03,0.0005435969267112,0.0,0.0,0.8889978867546318,0.9178532311062426,0.8889978867546318,0.0,2.8129328725501335e-06,2.8129328725501335e-06
2022-09-03,0.2306371999773772,0.0,0.0,0.8889978867546318,0.9178532311062426,0.8889978867546318,0.0,3.709998439885953e-05,3.709998439885953e-05
2022-09-03,0.0228868047485087,0.0,0.0,0.8889978867546318,0.9178532311062426,0.8889978867546318,0.0,7.311261659488588e-05,7.311261659488588e-05
2022-09-03,0.0289829405486393,0.0,0.0,0.8889978867546318,0.9178532311062426,0.8889978867546318,0.0,0.0,0.0
2022-09-04,0.1282725862642258,0.0,0.0,0.8889978867546318,0.9178532311062426,0.8889978867546318,0.0,0.0006632612056372017,0.0006632612056372017
2022-09-04,0.460949911627143,0.0,0.0,0.8889978867546318,0.9178532311062426,0.8889978867546318,0.0,0.0,0.0
2022-09-04,0.6199881899168622,0.0,0.0,0.8889978867546318,0.9178532311062426,0.8889978867546318,0.0,0.00026114181436534214,0.00026114181436534214
2022-09-04,0.3698895235956312,0.0,0.0,0.8889978867546318,0.9178532311062426,0.8889978867546318,0.0,0.0,0.0
2022-09-04,0.0113259662512084,0.0,0.0,0.8889978867546318,0.9178532311062426,0.8889978867546318,0.0,0.00023727916113141178,0.00023727916113141178
2022-09-04,0.003072786795118,0.0,0.0,0.8889978867546318,0.9178532311062426,0.8889978867546318,0.0,0.0,0.0
2022-09-04,0.3822540255350633,0.0,0.0,0.8889978867546318,0.9178532311062426,0.8889978867546318,0.0,0.0,0.0
2022-09-04,0.2020028581249272,0.0,0.0,0.8889978867546318,0.9178532311062426,0.8889978867546318,0.0,7.419996879771906e-05,7.419996879771906e-05
2022-09-04,0.0691488470937968,0.0,0.0,0.8889978867546318,0.9178532311062426,0.8889978867546318,0.0,4.272585014395536e-05,4.272585014395536e-05
2022-09-04,0.2666309641944205,0.0,0.0,0.8889978867546318,0.9178532311062426,0.8889978867546318,0.0,0.0003184760049734625,0.0003184760049734625
2022-09-04,0.1018154420182976,0.0,0.0,0.8889978867546318,0.9178532311062426,0.8889978867546318,0.0,0.0001112999531965786,0.0001112999531965786
2022-09-04,0.013824437471212,0.0,0.0,0.8889978867546318,0.9178532311062426,0.8889978867546318,0.0,0.0,0.0
2022-09-05,0.0819867316236964,0.0,0.0,0.8889978867546318,0.9178532311062426,0.8889978867546318,0.0,0.0,0.0
2022-09-05,0.0098609128062872,0.0,0.0,0.8889978867546318,0.9178532311062426,0.8889978867546318,0.0,0.0,0.0
2022-09-05,0.0010800095598588,0.0,0.0,0.8889978867546318,0.9178532311062426,0.8889978867546318,0.0,0.0,0.0
2022-09-05,0.0006692755956952,0.0,0.0,0.8889978867546318,0.9178532311062426,0.8889978867546318,0.0,0.0,0.0
2022-09-05,0.0028313427152345,0.0,0.0,0.8889978867546318,0.9178532311062426,0.8889978867546318,0.0,0.0,0.0
2022-09-05,0.0039185366190838,0.0,0.0,0.8889978867546318,0.9178532311062426,0.8889978867546318,0.0,0.0,0.0
2022-09-05,0.0712756298262186,0.0,0.0,0.8889978867546318,0.9178532311062426,0.8889978867546318,0.0,0.0,0.0
2022-09-05,0.0050738779492723,0.0,0.0,0.8889978867546318,0.9178532311062426,0.8889978867546318,0.0,0.0,0.0
2022-09-05,0.0,0.0,0.0,0.8889978867546318,0.9178532311062426,0.8889978867546318,0.0,0.0,0.0
2022-09-05,0.0252027455087764,0.0,0.0,0.8889978867546318,0.9178532311062426,0.8889978867546318,0.0,0.0,0.0
2022-09-05,0.0105658629167214,0.0,0.0,0.8889978867546318,0.9178532311062426,0.8889978867546318,0.0,0.0,0.0
2022-09-05,0.0079408426596415,0.0,0.0,0.8889978867546318,0.9178532311062426,0.8889978867546318,0.0,0.0,0.0
2022-09-06,0.0067035492020586,0.0,0.0,0.8889978867546318,0.9178532311062426,0.8889978867546318,0.0,6.017076157202872e-05,6.017076157202872e-05
2022-09-06,0.0007293820512789,0.0,0.0,0.8889978867546318,0.9178532311062426,0.8889978867546318,0.0,0.0,0.0
2022-09-06,0.0367176973530861,0.0,0.0,0.8889978867546318,0.9178532311062426,0.8889978867546318,0.0,0.0,0.0
2022-09-06,0.0189478860476202,0.0,0.0,0.8889978867546318,0.9178532311062426,0.8889978867546318,0.0,0.0,0.0
2022-09-06,0.000362829542271,0.0,0.0,0.8889978867546318,0.9178532311062426,0.8889978867546318,0.0,0.00011473929549030037,0.00011473929549030037
2022-09-06,0.0178677734025949,0.0,0.0,0.8889978867546318,0.9178532311062426,0.8889978867546318,0.0,0.0,0.0
2022-09-06,0.0607156895223153,0.0,0.0,0.8889978867546318,0.9178532311062426,0.8889978867546318,0.0,4.272585014395536e-05,4.272585014395536e-05
2022-09-06,0.0891091163611872,0.0,0.0,0.8889978867546318,0.9178532311062426,0.8889978867546318,0.0,0.0,0.0
2022-09-06,0.0151230012621741,0.0,0.0,0.8889978867546318,0.9178532311062426,0.8889978867546318,0.0,0.0,0.0
2022-09-06,0.0148105973853571,0.0,0.0,0.8889978867546318,0.9178532311062426,0.8889978867546318,0.0,0.0,0.0
2022-09-06,0.0028669454977247,0.0,0.0,0.8889978867546318,0.9178532311062426,0.8889978867546318,0.0,0.0,0.0
2022-09-06,0.0071540289588221,0.0,0.0,0.8889978867546318,0.9178532311062426,0.8889978867546318,0.0,0.0,0.0
2022-09-07,0.0296603857666889,0.0,0.0,0.8889978867546318,0.9178532311062426,0.8889978867546318,0.0,1.0128922150309805e-05,1.0128922150309805e-05
2022-09-07,0.0032305267536198,0.0,0.0,0.8889978867546318,0.9178532311062426,0.8889978867546318,0.0,0.0,0.0
2022-09-07,0.0093337402574788,0.0,0.0,0.8889978867546318,0.9178532311062426,0.8889978867546318,0.0,0.0,0.0
2022-09-07,0.0001933566966334,0.0,0.0,0.8889978867546318,0.9178532311062426,0.8889978867546318,0.0,3.824643183010013e-05,3.824643183010013e-05
2022-09-07,0.0460744857997745,0.0,0.0,0.8889978867546318,0.9178532311062426,0.8889978867546318,0.0,0.0007145795019926959,0.0007145795019926959
2022-09-07,0.0004503093895213,0.0,0.0,0.8889978867546318,0.9178532311062426,0.8889978867546318,0.0,3.824643183010013e-05,3.824643183010013e-05
2022-09-07,0.0,0.0,0.0,0.8889978867546318,0.9178532311062426,0.8889978867546318,0.0,0.0,0.0
2022-09-07,0.0201987066062383,0.0,0.0,0.8889978867546318,0.9178532311062426,0.8889978867546318,0.0,0.0,0.0
2022-09-07,0.0033987334179123,0.0,0.0,0.8889978867546318,0.9178532311062426,0.8889978867546318,0.0,0.0,0.0
2022-09-07,0.0039057744435174,0.0,0.0,0.8889978867546318,0.9178532311062426,0.8889978867546318,0.0,0.0,0.0
2022-09-07,0.0163220401006713,0.0,0.0,0.8889978867546318,0.9178532311062426,0.8889978867546318,0.0,0.0,0.0
2022-09-07,1.0752210225453422e-05,0.0,0.0,0.8889978867546318,0.9178532311062426,0.8889978867546318,0.0,0.00031197552984781773,0.00031197552984781773
2022-09-08,0.0,0.0,0.0,0.9322981425187804,0.9498904709748076,0.8889978867546318,0.04330025576414864,0.003968331817229052,0.03933192394691959
2022-09-08,0.0,0.0,0.0,0.9322981425187804,0.9498904709748076,0.9322981425187804,0.0,0.003968331817229052,0.003968331817229052
2022-09-08,0.0,0.0,0.0,0.9322981425187804,0.9498904709748076,0.9322981425187804,0.0,0.003968331817229052,0.003968331817229052
2022-09-08,0.0,0.0,0.0,0.9322981425187804,0.9498904709748076,0.9322981425187804,0.0,0.003968331817229052,0.003968331817229052
2022-09-08,0.0,0.0,0.0,0.9322981425187804,0.9498904709748076,0.9322981425187804,0.0,0.003968331817229052,0.003968331817229052
2022-09-08,0.0,0.0,0.0,0.9322981425187804,0.9498904709748076,0.9322981425187804,0.0,0.003968331817229052,0.003968331817229052
2022-09-08,0.0,0.0,0.0,0.9322981425187804,0.9498904709748076,0.9322981425187804,0.0,0.003968331817229052,0.003968331817229052
2022-09-08,0.0,0.0,0.0,0.9322981425187804,0.9498904709748076,0.9322981425187804,0.0,0.003968331817229052,0.003968331817229052
2022-09-08,0.0048221477170718,0.0,0.0,0.9322981425187804,0.9498904709748076,0.9322981425187804,0.0,0.00022385797256910595,0.00022385797256910595
2022-09-08,0.0,0.0,0.0,0.9322981425187804,0.9498904709748076,0.9322981425187804,0.0,0.003968331817229052,0.003968331817229052
2022-09-08,0.0,0.0,0.0,0.9322981425187804,0.9498904709748076,0.9322981425187804,0.0,0.003968331817229052,0.003968331817229052
2022-09-08,0.0,0.0,0.0,0.9322981425187804,0.9498904709748076,0.9322981425187804,0.0,0.003968331817229052,0.003968331817229052
2022-09-09,0.0,0.0,0.0,0.934321563139706,0.9512595837897048,0.9322981425187804,0.0020234206209256422,0.00025159799236880984,0.0017718226285568324
2022-09-09,0.0,0.0,0.0,0.934321563139706,0.9512595837897048,0.934321563139706,0.0,0.00025159799236880984,0.00025159799236880984
2022-09-09,0.0,0.0,0.0,0.934321563139706,0.9512595837897048,0.934321563139706,0.0,0.00025159799236880984,0.00025159799236880984
2022-09-09,0.0,0.0,0.0,0.934321563139706,0.9512595837897048,0.934321563139706,0.0,0.00025159799236880984,0.00025159799236880984
2022-09-09,0.0007131617635998,0.0,0.0,0.934321563139706,0.9512595837897048,0.934321563139706,0.0,3.187051126281794e-05,3.187051126281794e-05
2022-09-09,0.0,0.0,0.0,0.934321563139706,0.9512595837897048,0.934321563139706,0.0,0.00025159799236880984,0.00025159799236880984
2022-09-09,0.0,0.0,0.0,0.934321563139706,0.9512595837897048,0.934321563139706,0.0,0.00025159799236880984,0.00025159799236880984
2022-09-09,0.0,0.0,0.0,0.934321563139706,0.9512595837897048,0.934321563139706,0.0,0.00025159799236880984,0.00025159799236880984
2022-09-09,1.2622959534554436e-05,0.0,0.0,0.934321563139706,0.9512595837897048,0.934321563139706,0.0,0.000380927995069239,0.000380927995069239
2022-09-09,0.001176041933433,0.0,0.0,0.934321563139706,0.9512595837897048,0.934321563139706,0.0,3.18568739024285e-06,3.18568739024285e-06
2022-09-09,0.0044414518526335,0.0,0.0,0.934321563139706,0.9512595837897048,0.934321563139706,0.0,0.00012705474109198312,0.00012705474109198312
2022-09-09,0.0,0.0,0.0,0.934321563139706,0.9512595837897048,0.934321563139706,0.0,0.00025159799236880984,0.00025159799236880984
2022-09-10,0.0003325368245799,0.0,0.0,0.936233884731211,0.95290251916758,0.934321563139706,0.0019123215915050062,0.0012284125130597823,0.000683909078445224
2022-09-10,0.0284874852266898,0.0,0.0,0.936233884731211,0.95290251916758,0.936233884731211,0.0,0.0,0.0
2022-09-10,0.0,0.0,0.0,0.936233884731211,0.95290251916758,0.936233884731211,0.0,2.5446405355442693e-05,2.5446405355442693e-05
2022-09-10,0.0157759759628094,0.0,0.0,0.936233884731211,0.95290251916758,0.936233884731211,0.0,0.0,0.0
2022-09-10,0.0047333253043473,0.0,0.0,0.936233884731211,0.95290251916758,0.936233884731211,0.0,7.88330347054278e-06,7.88330347054278e-06
2022-09-10,0.010558910044755,0.0,0.0,0.936233884731211,0.95290251916758,0.936233884731211,0.0,3.375519447057829e-05,3.375519447057829e-05
2022-09-10,0.0042927494766942,0.0,0.0,0.936233884731211,0.95290251916758,0.936233884731211,0.0,1.4088302454103307e-05,1.4088302454103307e-05
2022-09-10,0.0180895102258998,0.0,0.0,0.936233884731211,0.95290251916758,0.936233884731211,0.0,0.0,0.0
2022-09-10,0.078621847456267,0.0,0.0,0.936233884731211,0.95290251916758,0.936233884731211,0.0,0.0,0.0
2022-09-10,0.006357792161879,0.0,0.0,0.936233884731211,0.95290251916758,0.936233884731211,0.0,1.7444911428071142e-05,1.7444911428071142e-05
2022-09-10,0.011584945525097,0.0,0.0,0.936233884731211,0.95290251916758,0.936233884731211,0.0,0.00011863958056570589,0.00011863958056570589
2022-09-10,0.0519687555549708,0.0,0.0,0.936233884731211,0.95290251916758,0.936233884731211,0.0,0.0,0.0
2022-09-11,0.024110396577596,0.0,0.0,0.936233884731211,0.9542716319824738,0.936233884731211,0.0,0.0,0.0
2022-09-11,0.0274550084299499,0.0,0.0,0.936233884731211,0.9542716319824738,0.936233884731211,0.0,0.000737508450617663,0.000737508450617663
2022-09-11,0.0,0.0,0.0,0.936233884731211,0.9542716319824738,0.936233884731211,0.0,0.0,0.0
2022-09-11,0.0128298128113488,0.0,0.0,0.936233884731211,0.9542716319824738,0.936233884731211,0.0,0.0,0.0
2022-09-11,0.0004026267450835,0.0,0.0,0.936233884731211,0.9542716319824738,0.936233884731211,0.0,1.9158673052095955e-05,1.9158673052095955e-05
2022-09-11,0.0100145251348804,0.0,0.0,0.936233884731211,0.9542716319824738,0.936233884731211,0.0,1.1251731490192762e-05,1.1251731490192762e-05
2022-09-11,0.0779998725213306,0.0,0.0,0.936233884731211,0.9542716319824738,0.936233884731211,0.0,0.00020855888012178247,0.00020855888012178247
2022-09-11,0.0281445875675712,0.0,0.0,0.936233884731211,0.9542716319824738,0.936233884731211,0.0,0.0,0.0
2022-09-11,0.0047689301165198,0.0,0.0,0.936233884731211,0.9542716319824738,0.936233884731211,0.0,0.0,0.0
2022-09-11,0.1181662634923906,0.0,0.0,0.936233884731211,0.9542716319824738,0.936233884731211,0.0,0.00015402580334053395,0.00015402580334053395
2022-09-11,0.1343106693446528,0.0,0.0,0.936233884731211,0.9542716319824738,0.936233884731211,0.0,5.625865745095826e-06,5.625865745095826e-06
2022-09-11,0.0686940904813555,0.0,0.0,0.936233884731211,0.9542716319824738,0.936233884731211,0.0,2.812932872547913e-06,2.812932872547913e-06
2022-09-12,0.098511919835117,0.0,0.0,0.9394959413397124,0.9550930996714122,0.936233884731211,0.003262056608501318,0.0021203367955258566,0.0011417198129754615
2022-09-12,0.16097336726561,0.0,0.0,0.9394959413397124,0.9550930996714122,0.9394959413397124,0.0,0.0001467925473825593,0.0001467925473825593
2022-09-12,0.0349803579617767,0.0,0.0,0.9394959413397124,0.9550930996714122,0.9394959413397124,0.0,0.0,0.0
2022-09-12,0.0470670761759298,0.0,0.0,0.9394959413397124,0.9550930996714122,0.9394959413397124,0.0,0.00015922618344104577,0.00015922618344104577
2022-09-12,0.01543004227724,0.0,0.0,0.9394959413397124,0.9550930996714122,0.9394959413397124,0.0,0.00015364759387868007,0.00015364759387868007
2022-09-12,0.0150084352295997,0.0,0.0,0.9394959413397124,0.9550930996714122,0.9394959413397124,0.0,0.0,0.0
2022-09-12,0.030213507840939,0.0,0.0,0.9394959413397124,0.9550930996714122,0.9394959413397124,0.0,1.68539591439143e-05,1.68539591439143e-05
2022-09-12,0.2803601637172568,0.0,0.0,0.9394959413397124,0.9550930996714122,0.9394959413397124,0.0,0.00020885435626386006,0.00020885435626386006
2022-09-12,0.0050670603474338,0.0,0.0,0.9394959413397124,0.9550930996714122,0.9394959413397124,0.0,0.0,0.0
2022-09-12,0.0960545259296989,0.0,0.0,0.9394959413397124,0.9550930996714122,0.9394959413397124,0.0,0.00039144679302015816,0.00039144679302015816
2022-09-12,0.0523166508843155,0.0,0.0,0.9394959413397124,0.9550930996714122,0.9394959413397124,0.0,1.631028304250659e-05,1.631028304250659e-05
2022-09-12,0.1093893575601848,0.0,0.0,0.9394959413397124,0.9550930996714122,0.9394959413397124,0.0,0.0003520893708958439,0.0003520893708958439
2022-09-13,0.006977102691318,0.0,0.0,0.941408262931218,0.9567360350492872,0.9394959413397124,0.0019123215915056724,0.001243009034478687,0.0006693125570269853
2022-09-13,0.0,0.0,0.0,0.941408262931218,0.9567360350492872,0.941408262931218,0.0,0.0,0.0
2022-09-13,0.0128944226780128,0.0,0.0,0.941408262931218,0.9567360350492872,0.941408262931218,0.0,1.7527644747872828e-05,1.7527644747872828e-05
2022-09-13,0.0366425468800267,0.0,0.0,0.941408262931218,0.9567360350492872,0.941408262931218,0.0,9.561607957528362e-06,9.561607957528362e-06
2022-09-13,0.0003871470014727,0.0,0.0,0.941408262931218,0.9567360350492872,0.941408262931218,0.0,4.7808039787631815e-05,4.7808039787631815e-05
2022-09-13,0.0020432083089969,0.0,0.0,0.941408262931218,0.9567360350492872,0.941408262931218,0.0,1.576660694109222e-05,1.576660694109222e-05
2022-09-13,0.000541809961677,0.0,0.0,0.941408262931218,0.9567360350492872,0.941408262931218,0.0,2.1936148787606857e-05,2.1936148787606857e-05
2022-09-13,0.0032044101638972,0.0,0.0,0.941408262931218,0.9567360350492872,0.941408262931218,0.0,4.217035499685773e-05,4.217035499685773e-05
2022-09-13,0.0,0.0,0.0,0.941408262931218,0.9567360350492872,0.941408262931218,0.0,0.0,0.0
2022-09-13,0.0,0.0,0.0,0.941408262931218,0.9567360350492872,0.941408262931218,0.0,0.0,0.0
2022-09-13,0.0223963767982224,0.0,0.0,0.941408262931218,0.9567360350492872,0.941408262931218,0.0,0.00042124260718692905,0.00042124260718692905
2022-09-13,0.0,0.0,0.0,0.941408262931218,0.9567360350492872,0.941408262931218,0.0,0.0,0.0
2022-09-14,0.0030765380009122,0.0,0.0,0.940845676356708,0.95618838992333,0.941408262931218,-0.0005625865745100267,0.0,0.0005625865745100267
2022-09-14,0.0037572844782383,0.0,0.0,0.940845676356708,0.95618838992333,0.940845676356708,0.0,0.0,0.0
2022-09-14,0.0036798353711158,0.0,0.0,0.940845676356708,0.95618838992333,0.940845676356708,0.0,0.0,0.0
2022-09-14,4.0215443424098413e-07,0.0,0.0,0.940845676356708,0.95618838992333,0.940845676356708,0.0,0.0020139653843790017,0.0020139653843790017
2022-09-14,0.0207981356668064,0.0,0.0,0.940845676356708,0.95618838992333,0.940845676356708,0.0,0.0,0.0
2022-09-14,0.0017566035720338,0.0,0.0,0.940845676356708,0.95618838992333,0.940845676356708,0.0,0.0,0.0
2022-09-14,0.0,0.0,0.0,0.940845676356708,0.95618838992333,0.940845676356708,0.0,0.0,0.0
2022-09-14,0.0155714075913577,0.0,0.0,0.940845676356708,0.95618838992333,0.940845676356708,0.0,0.0,0.0
2022-09-14,0.0052703309829149,0.0,0.0,0.940845676356708,0.95618838992333,0.940845676356708,0.0,6.748675084978228e-06,6.748675084978228e-06
2022-09-14,0.0043562010251271,0.0,0.0,0.940845676356708,0.95618838992333,0.940845676356708,0.0,0.00012648742689920554,0.00012648742689920554
2022-09-14,0.0032604655628021,0.0,0.0,0.940845676356708,0.95618838992333,0.940845676356708,0.0,0.0,0.0
2022-09-14,0.0289208769877003,0.0,0.0,0.940845676356708,0.95618838992333,0.940845676356708,0.0,0.0,0.0
2022-09-15,0.1497346365307712,0.0,0.0,0.9385953300586696,0.951807228915662,0.940845676356708,-0.0022503462980384414,0.0,0.0022503462980384414
2022-09-15,0.105372234130466,0.0,0.0,0.9385953300586696,0.951807228915662,0.9385953300586696,0.0,0.00015563319355341775,0.00015563319355341775
2022-09-15,0.0388707205867018,0.0,0.0,0.9385953300586696,0.951807228915662,0.9385953300586696,0.0,0.0,0.0
2022-09-15,0.1913266560960831,0.0,0.0,0.9385953300586696,0.951807228915662,0.9385953300586696,0.0,0.0,0.0
2022-09-15,0.0073349009412352,0.0,0.0,0.9385953300586696,0.951807228915662,0.9385953300586696,0.0,1.9123215915056724e-05,1.9123215915056724e-05
2022-09-15,0.0643613348076101,0.0,0.0,0.9385953300586696,0.951807228915662,0.9385953300586696,0.0,0.00010164379287358694,0.00010164379287358694
2022-09-15,0.0489367628266068,0.0,0.0,0.9385953300586696,0.951807228915662,0.9385953300586696,0.0,6.462654179450897e-05,6.462654179450897e-05
2022-09-15,0.0268575741940495,0.0,0.0,0.9385953300586696,0.951807228915662,0.9385953300586696,0.0,0.0,0.0
2022-09-15,0.0892896951238516,0.0,0.0,0.9385953300586696,0.951807228915662,0.9385953300586696,0.0,0.0,0.0
2022-09-15,0.0216523524174533,0.0,0.0,0.9385953300586696,0.951807228915662,0.9385953300586696,0.0,0.0,0.0
2022-09-15,0.0662769108217229,0.0,0.0,0.9385953300586696,0.951807228915662,0.9385953300586696,0.0,4.272585014395536e-05,4.272585014395536e-05
2022-09-15,0.0410524285758212,0.0,0.0,0.9385953300586696,0.951807228915662,0.9385953300586696,0.0,0.0,0.0
2022-09-16,0.4007457978187905,0.0,0.0,0.9369075703351408,0.9531763417305594,0.9385953300586696,-0.0016877597235287478,0.0,0.0016877597235287478
2022-09-16,0.0236627643641816,0.0,0.0,0.9369075703351408,0.9531763417305594,0.9369075703351408,0.0,0.0,0.0
2022-09-16,0.134194282195434,0.0,0.0,0.9369075703351408,0.9531763417305594,0.9369075703351408,0.0,0.0,0.0
2022-09-16,0.0733689786240095,0.0,0.0,0.9369075703351408,0.9531763417305594,0.9369075703351408,0.0,0.0,0.0
2022-09-16,0.0134274296051915,0.0,0.0,0.9369075703351408,0.9531763417305594,0.9369075703351408,0.0,0.0,0.0
2022-09-16,0.0240506445347901,0.0,0.0,0.9369075703351408,0.9531763417305594,0.9369075703351408,0.0,0.0,0.0
2022-09-16,0.0049215406645499,0.0,0.0,0.9369075703351408,0.9531763417305594,0.9369075703351408,0.0,0.0,0.0
2022-09-16,0.0238530453231897,0.0,0.0,0.9369075703351408,0.9531763417305594,0.9369075703351408,0.0,0.0,0.0
2022-09-16,0.0735906699370477,0.0,0.0,0.9369075703351408,0.9531763417305594,0.9369075703351408,0.0,0.0,0.0
2022-09-16,0.0944779405876458,0.0,0.0,0.9369075703351408,0.9531763417305594,0.9369075703351408,0.0,3.543349895756109e-05,3.543349895756109e-05
2022-09-16,0.045392227839505,0.0,0.0,0.9369075703351408,0.9531763417305594,0.9369075703351408,0.0,0.0,0.0
2022-09-16,0.0152139811388879,0.0,0.0,0.9369075703351408,0.9531763417305594,0.9369075703351408,0.0,0.0,0.0
2022-09-17,0.1041769225197777,0.0,0.0,0.9374701569096504,0.9537239868565166,0.9369075703351408,0.0005625865745095826,0.0003263002132155579,0.0002362863612940247
2022-09-17,0.044816692727917,0.0,0.0,0.9374701569096504,0.9537239868565166,0.9374701569096504,0.0,2.812932872547913e-06,2.812932872547913e-06
2022-09-17,0.0,0.0,0.0,0.9374701569096504,0.9537239868565166,0.9374701569096504,0.0,0.0,0.0
2022-09-17,0.0340041724987453,0.0,0.0,0.9374701569096504,0.9537239868565166,0.9374701569096504,0.0,0.007104215617214202,0.007104215617214202
2022-09-17,0.0043992818756254,0.0,0.0,0.9374701569096504,0.9537239868565166,0.9374701569096504,0.0,0.0003361809354065648,0.0003361809354065648
2022-09-17,0.169364988196587,0.0,0.0,0.9374701569096504,0.9537239868565166,0.9374701569096504,0.0,0.0,0.0
2022-09-17,0.1923281120360782,0.0,0.0,0.9374701569096504,0.9537239868565166,0.9374701569096504,0.0,0.0,0.0
2022-09-17,0.0466068247093571,0.0,0.0,0.9374701569096504,0.9537239868565166,0.9374701569096504,0.0,0.0001457288332710871,0.0001457288332710871
2022-09-17,0.1178765822613989,0.0,0.0,0.9374701569096504,0.9537239868565166,0.9374701569096504,0.0,0.0001877809978111089,0.0001877809978111089
2022-09-17,0.0172755351280522,0.0,0.0,0.9374701569096504,0.9537239868565166,0.9374701569096504,0.0,0.0,0.0
2022-09-17,0.0052927574464118,0.0,0.0,0.9374701569096504,0.9537239868565166,0.9374701569096504,0.0,0.0,0.0
2022-09-17,0.0279427110464509,0.0,0.0,0.9374701569096504,0.9537239868565166,0.9374701569096504,0.0,0.0,0.0
2022-09-18,0.0305546637427287,0.0,0.0,0.9371321322031172,0.9534501642935372,0.9374701569096504,-0.00033802470653321315,0.0,0.00033802470653321315
2022-09-18,0.0310664965203615,0.0,0.0,0.9371321322031172,0.9534501642935372,0.9371321322031172,0.0,0.00023971388454210318,0.00023971388454210318
2022-09-18,0.0026156715280097,0.0,0.0,0.9371321322031172,0.9534501642935372,0.9371321322031172,0.0,0.0,0.0
2022-09-18,0.0636352565999858,0.0,0.0,0.9371321322031172,0.9534501642935372,0.9371321322031172,0.0,0.0,0.0
2022-09-18,0.0,0.0,0.0,0.9371321322031172,0.9534501642935372,0.9371321322031172,0.0,0.0,0.0
2022-09-18,0.000262353614333,0.0,0.0,0.9371321322031172,0.9534501642935372,0.9371321322031172,0.0,0.00015751242181697879,0.00015751242181697879
2022-09-18,0.0508996891341432,0.0,0.0,0.9371321322031172,0.9534501642935372,0.9371321322031172,0.0,1.0105284058941622e-05,1.0105284058941622e-05
2022-09-18,0.100025118641603,0.0,0.0,0.9371321322031172,0.9534501642935372,0.9371321322031172,0.0,0.00031552124355272104,0.00031552124355272104
2022-09-18,0.0054786541782901,0.0,0.0,0.9371321322031172,0.9534501642935372,0.9371321322031172,0.0,0.0,0.0
2022-09-18,0.04395718160784,0.0,0.0,0.9371321322031172,0.9534501642935372,0.9371321322031172,0.0,0.0,0.0
2022-09-18,0.0421477406665987,0.0,0.0,0.9371321322031172,0.9534501642935372,0.9371321322031172,0.0,0.0,0.0
2022-09-18,0.0146887001152666,0.0,0.0,0.9371321322031172,0.9534501642935372,0.9371321322031172,0.0,0.0,0.0
2022-09-19,0.0024678943341901,0.0,0.0,0.9367964713057207,0.9531763417305594,0.9371321322031172,-0.00033566089739645033,0.0,0.00033566089739645033
2022-09-19,0.0,0.0,0.0,0.9367964713057207,0.9531763417305594,0.9367964713057207,0.0,0.0,0.0
2022-09-19,0.0,0.0,0.0,0.9367964713057207,0.9531763417305594,0.9367964713057207,0.0,0.0,0.0
2022-09-19,0.0013298490863091,0.0,0.0,0.9367964713057207,0.9531763417305594,0.9367964713057207,0.0,0.0,0.0
2022-09-19,0.0276702131684578,0.0,0.0,0.9367964713057207,0.9531763417305594,0.9367964713057207,0.0,0.0007324380800196648,0.0007324380800196648
2022-09-19,0.0,0.0,0.0,0.9367964713057207,0.9531763417305594,0.9367964713057207,0.0,0.0,0.0
2022-09-19,0.0,0.0,0.0,0.9367964713057207,0.9531763417305594,0.9367964713057207,0.0,0.0,0.0
2022-09-19,0.0091952360641498,0.0,0.0,0.9367964713057207,0.9531763417305594,0.9367964713057207,0.0,0.0,0.0
2022-09-19,0.0,0.0,0.0,0.9367964713057207,0.9531763417305594,0.9367964713057207,0.0,0.0,0.0
2022-09-19,0.0126904055354839,0.0,0.0,0.9367964713057207,0.9531763417305594,0.9367964713057207,0.0,0.0,0.0
2022-09-19,0.0144010872565592,0.0,0.0,0.9367964713057207,0.9531763417305594,0.9367964713057207,0.0,0.0,0.0
2022-09-19,0.0,0.0,0.0,0.9367964713057207,0.9531763417305594,0.9367964713057207,0.0,0.0,0.0
2022-09-20,0.0437781196859759,0.0,0.0,0.9353332734501684,0.9520810514786416,0.9367964713057207,-0.0014631978555523784,0.0,0.0014631978555523784
2022-09-20,0.1513771224787281,0.0,0.0,0.9353332734501684,0.9520810514786416,0.9353332734501684,0.0,0.0,0.0
2022-09-20,0.0448606797622049,0.0,0.0,0.9353332734501684,0.9520810514786416,0.9353332734501684,0.0,0.0,0.0
2022-09-20,0.0615839617217196,0.0,0.0,0.9353332734501684,0.9520810514786416,0.9353332734501684,0.0,0.0,0.0
2022-09-20,0.1150314522928124,0.0,0.0,0.9353332734501684,0.9520810514786416,0.9353332734501684,0.0,0.0005193997815840334,0.0005193997815840334
2022-09-20,0.0441149582392964,0.0,0.0,0.9353332734501684,0.9520810514786416,0.9353332734501684,0.0,0.0,0.0
2022-09-20,0.0166436229948659,0.0,0.0,0.9353332734501684,0.9520810514786416,0.9353332734501684,0.0,0.0,0.0
2022-09-20,0.0864394398924048,0.0,0.0,0.9353332734501684,0.9520810514786416,0.9353332734501684,0.0,0.0,0.0
2022-09-20,0.0085889437780161,0.0,0.0,0.9353332734501684,0.9520810514786416,0.9353332734501684,0.0,0.0,0.0
2022-09-20,0.0445830054632735,0.0,0.0,0.9353332734501684,0.9520810514786416,0.9353332734501684,0.0,0.0,0.0
2022-09-20,0.0289594839394547,0.0,0.0,0.9353332734501684,0.9520810514786416,0.9353332734501684,0.0,0.0,0.0
2022-09-20,0.1636474349330394,0.0,0.0,0.9353332734501684,0.9520810514786416,0.9353332734501684,0.0,0.0,0.0
2022-09-21,0.0128323266043376,0.0,0.0,0.9325227043867568,0.950164293537787,0.9353332734501684,-0.0028105690634115943,0.0,0.0028105690634115943
2022-09-21,0.053557093185905,0.0,0.0,0.9325227043867568,0.950164293537787,0.9325227043867568,0.0,0.0,0.0
2022-09-21,0.039162072964772,0.0,0.0,0.9325227043867568,0.950164293537787,0.9325227043867568,0.0,2.363809136595174e-05,2.363809136595174e-05
2022-09-21,0.1080213715637539,0.0,0.0,0.9325227043867568,0.950164293537787,0.9325227043867568,0.0,2.812932872547913e-06,2.812932872547913e-06
2022-09-21,0.0334339105142608,0.0,0.0,0.9325227043867568,0.950164293537787,0.9325227043867568,0.0,0.0005164922963460383,0.0005164922963460383
2022-09-21,0.1486186676829285,0.0,0.0,0.9325227043867568,0.950164293537787,0.9325227043867568,0.0,0.0,0.0
2022-09-21,0.0028389491827069,0.0,0.0,0.9325227043867568,0.950164293537787,0.9325227043867568,0.0,0.0,0.0
2022-09-21,0.0729843051118351,0.0,0.0,0.9325227043867568,0.950164293537787,0.9325227043867568,0.0,0.0,0.0
2022-09-21,0.1785562472055167,0.0,0.0,0.9325227043867568,0.950164293537787,0.9325227043867568,0.0,0.0003677614254714623,0.0003677614254714623
2022-09-21,0.0801356694382388,0.0,0.0,0.9325227043867568,0.950164293537787,0.9325227043867568,0.0,0.0,0.0
2022-09-21,0.1723965485900242,0.0,0.0,0.9325227043867568,0.950164293537787,0.9325227043867568,0.0,0.0,0.0
2022-09-21,0.0139199294702511,0.0,0.0,0.9325227043867568,0.950164293537787,0.9325227043867568,0.0,0.0,0.0
2022-09-22,0.1500553712068843,0.0,0.0,0.930047796220742,0.9482475355969324,0.9325227043867568,-0.002474908166014811,0.0,0.002474908166014811
2022-09-22,0.1163211374971908,0.0,0.0,0.930047796220742,0.9482475355969324,0.930047796220742,0.0,0.0011883223101033873,0.0011883223101033873
2022-09-22,0.2966788798917652,0.0,0.0,0.930047796220742,0.9482475355969324,0.930047796220742,0.0,0.0,0.0
2022-09-22,0.1474870256539313,0.0,0.0,0.930047796220742,0.9482475355969324,0.930047796220742,0.0,0.0,0.0
2022-09-22,0.0530772047326226,0.0,0.0,0.930047796220742,0.9482475355969324,0.930047796220742,0.0,0.0,0.0
2022-09-22,0.0072987534601042,0.0,0.0,0.930047796220742,0.9482475355969324,0.930047796220742,0.0,0.0,0.0
2022-09-22,0.1356851863038823,0.0,0.0,0.930047796220742,0.9482475355969324,0.930047796220742,0.0,5.614046699412012e-06,5.614046699412012e-06
2022-09-22,0.0121535381148373,0.0,0.0,0.930047796220742,0.9482475355969324,0.930047796220742,0.0,1.1440836221119354e-05,1.1440836221119354e-05
2022-09-22,0.1637896531297257,0.0,0.0,0.930047796220742,0.9482475355969324,0.930047796220742,0.0,0.0,0.0
2022-09-22,0.0052223076670265,0.0,0.0,0.930047796220742,0.9482475355969324,0.930047796220742,0.0,0.0,0.0
2022-09-22,0.1058465702933913,0.0,0.0,0.930047796220742,0.9482475355969324,0.930047796220742,0.0,1.6877597235287478e-05,1.6877597235287478e-05
2022-09-22,0.1345756051560485,0.0,0.0,0.930047796220742,0.9482475355969324,0.930047796220742,0.0,5.614046699412012e-06,5.614046699412012e-06
2022-09-23,0.1279991671374103,0.0,0.0,0.9302723580887184,0.9482475355969324,0.930047796220742,0.00022456186797648048,0.00014484240484482992,7.971946313165056e-05
2022-09-23,0.0831790529325149,0.0,0.0,0.9302723580887184,0.9482475355969324,0.9302723580887184,0.0,0.0,0.0
2022-09-23,0.0699442327478989,0.0,0.0,0.9302723580887184,0.9482475355969324,0.9302723580887184,0.0,4.139029798178068e-05,4.139029798178068e-05
2022-09-23,0.2582790892325374,0.0,0.0,0.9302723580887184,0.9482475355969324,0.9302723580887184,0.0,0.0,0.0
2022-09-23,0.0551290342241519,0.0,0.0,0.9302723580887184,0.9482475355969324,0.9302723580887184,0.0,0.0,0.0
2022-09-23,0.0557294270055891,0.0,0.0,0.9302723580887184,0.9482475355969324,0.9302723580887184,0.0,0.0,0.0
2022-09-23,0.1692255280985566,0.0,0.0,0.9302723580887184,0.9482475355969324,0.9302723580887184,0.0,0.0,0.0
2022-09-23,0.0280141589504499,0.0,0.0,0.9302723580887184,0.9482475355969324,0.9302723580887184,0.0,0.00010637141114678284,0.00010637141114678284
2022-09-23,0.0268932854069564,0.0,0.0,0.9302723580887184,0.9482475355969324,0.9302723580887184,0.0,0.0,0.0
2022-09-23,0.2099840881458619,0.0,0.0,0.9302723580887184,0.9482475355969324,0.9302723580887184,0.0,0.0,0.0
2022-09-23,0.0693825450111205,0.0,0.0,0.9302723580887184,0.9482475355969324,0.9302723580887184,0.0,0.0,0.0
2022-09-23,0.1127321199055562,0.0,0.0,0.9302723580887184,0.9482475355969324,0.9302723580887184,0.0,7.419996879771906e-05,7.419996879771906e-05
2022-09-24,0.030984867314153,0.0,0.0,0.9326361672253136,0.950164293537787,0.9302723580887184,0.002363809136595174,0.0014233440335094162,0.000940465103085758
2022-09-24,0.13385194602711,0.0,0.0,0.9326361672253136,0.950164293537787,0.9326361672253136,0.0,1.1228093398824025e-06,1.1228093398824025e-06
2022-09-24,0.0123708617659785,0.0,0.0,0.9326361672253136,0.950164293537787,0.9326361672253136,0.0,0.0,0.0
2022-09-24,0.05642037264885,0.0,0.0,0.9326361672253136,0.950164293537787,0.9326361672253136,0.0,0.0,0.0
2022-09-24,0.01240784131598,0.0,0.0,0.9326361672253136,0.950164293537787,0.9326361672253136,0.0,0.0,0.0
2022-09-24,0.0138697433577299,0.0,0.0,0.9326361672253136,0.950164293537787,0.9326361672253136,0.0,0.0,0.0
2022-09-24,0.0032928055365181,0.0,0.0,0.9326361672253136,0.950164293537787,0.9326361672253136,0.0,0.0,0.0
2022-09-24,0.0092035205715624,0.0,0.0,0.9326361672253136,0.950164293537787,0.9326361672253136,0.0,0.0,0.0
2022-09-24,0.2149884346398118,0.0,0.0,0.9326361672253136,0.950164293537787,0.9326361672253136,0.0,0.0,0.0
2022-09-24,0.0498625906374497,0.0,0.0,0.9326361672253136,0.950164293537787,0.9326361672253136,0.0,0.0001113354103336317,0.0001113354103336317
2022-09-24,0.0228696553580193,0.0,0.0,0.9326361672253136,0.950164293537787,0.9326361672253136,0.0,0.0,0.0
2022-09-24,0.0192179160841265,0.0,0.0,0.9326361672253136,0.950164293537787,0.9326361672253136,0.0,0.0,0.0
2022-09-25,0.3271001817357067,0.0,0.0,0.940058527914222,0.9556407447973712,0.9326361672253136,0.007422360688908336,0.0044905282167895435,0.0029318324721187925
2022-09-25,0.3484667007837007,0.0,0.0,0.940058527914222,0.9556407447973712,0.940058527914222,0.0,0.0013731367274480422,0.0013731367274480422
2022-09-25,0.3023370027982341,0.0,0.0,0.940058527914222,0.9556407447973712,0.940058527914222,0.0,0.0003711180344454168,0.0003711180344454168
2022-09-25,0.4015320576432755,0.0,0.0,0.940058527914222,0.9556407447973712,0.940058527914222,0.0,0.0,0.0
2022-09-25,0.2572156972233836,0.0,0.0,0.940058527914222,0.9556407447973712,0.940058527914222,0.0,0.0,0.0
2022-09-25,0.5233318859664976,0.0,0.0,0.940058527914222,0.9556407447973712,0.940058527914222,0.0,0.002656082317289391,0.002656082317289391
2022-09-25,0.4691931190400037,0.0,0.0,0.940058527914222,0.9556407447973712,0.940058527914222,0.0,0.00011819045682975399,0.00011819045682975399
2022-09-25,0.1166668996935197,0.0,0.0,0.940058527914222,0.9556407447973712,0.940058527914222,0.0,0.0007701408357483575,0.0007701408357483575
2022-09-25,0.4243576476918697,0.0,0.0,0.940058527914222,0.9556407447973712,0.940058527914222,0.0,0.0,0.0
2022-09-25,0.4352177773834574,0.0,0.0,0.940058527914222,0.9556407447973712,0.940058527914222,0.0,0.0,0.0
2022-09-25,0.2237505317077288,0.0,0.0,0.940058527914222,0.9556407447973712,0.940058527914222,0.0,0.0,0.0
2022-09-25,0.3711095630773584,0.0,0.0,0.940058527914222,0.9556407447973712,0.940058527914222,0.0,0.00011133541033362505,0.00011133541033362505
2022-09-26,0.5222357321122804,0.0,0.0,0.9507405814024952,0.9635815991237672,0.940058527914222,0.010682053488273224,0.007266325647801948,0.0034157278404712763
2022-09-26,0.6749031162881807,0.0,0.0,0.9507405814024952,0.9635815991237672,0.9507405814024952,0.0,0.001514977094689477,0.001514977094689477
2022-09-26,0.1762202034510578,0.0,0.0,0.9507405814024952,0.9635815991237672,0.9507405814024952,0.0,0.0004003819915564755,0.0004003819915564755
2022-09-26,0.4396802282152337,0.0,0.0,0.9507405814024952,0.9635815991237672,0.9507405814024952,0.0,0.0003204616046481967,0.0003204616046481967
2022-09-26,0.2977763796396314,0.0,0.0,0.9507405814024952,0.9635815991237672,0.9507405814024952,0.0,0.00012763387433044947,0.00012763387433044947
2022-09-26,0.2554780359446394,0.0,0.0,0.9507405814024952,0.9635815991237672,0.9507405814024952,0.0,0.0,0.0
2022-09-26,0.2553247721162714,0.0,0.0,0.9507405814024952,0.9635815991237672,0.9507405814024952,0.0,0.0,0.0
2022-09-26,0.2223155826612843,0.0,0.0,0.9507405814024952,0.9635815991237672,0.9507405814024952,0.0,0.0,0.0
2022-09-26,0.2826943085211693,0.0,0.0,0.9507405814024952,0.9635815991237672,0.9507405814024952,0.0,9.05220708859078e-05,9.05220708859078e-05
2022-09-26,0.4534432650625939,0.0,0.0,0.9507405814024952,0.9635815991237672,0.9507405814024952,0.0,0.00037387187208956285,0.00037387187208956285
2022-09-26,0.3796215582855453,0.0,0.0,0.9507405814024952,0.9635815991237672,0.9507405814024952,0.0,0.00014393233832727393,0.00014393233832727393
2022-09-26,0.2526870095392123,0.0,0.0,0.9507405814024952,0.9635815991237672,0.9507405814024952,0.0,0.0001764110758640916,0.0001764110758640916
2022-09-27,0.0085183390998366,0.0,0.0,0.9427107217654817,0.9734392113910192,0.9507405814024952,-0.008029859637013526,0.0,0.008029859637013526
2022-09-27,0.0,0.0,0.0,0.9427107217654817,0.9734392113910192,0.9427107217654817,0.0,0.0,0.0
2022-09-27,0.0001421140903754,0.0,0.0,0.9427107217654817,0.9734392113910192,0.9427107217654817,0.0,0.0,0.0
2022-09-27,0.0047576650270201,0.0,0.0,0.9427107217654817,0.9734392113910192,0.9427107217654817,0.0,0.0,0.0
2022-09-27,0.0,0.0,0.0,0.9427107217654817,0.9734392113910192,0.9427107217654817,0.0,0.0,0.0
2022-09-27,9.175550528953462e-06,0.0,0.0,0.9427107217654817,0.9734392113910192,0.9427107217654817,0.0,0.0026517920037064505,0.0026517920037064505
2022-09-27,0.0,0.0,0.0,0.9427107217654817,0.9734392113910192,0.9427107217654817,0.0,0.0,0.0
2022-09-27,0.0500384480188091,0.0,0.0,0.9427107217654817,0.9734392113910192,0.9427107217654817,0.0,0.0,0.0
2022-09-27,0.0001451318118657,0.0,0.0,0.9427107217654817,0.9734392113910192,0.9427107217654817,0.0,0.0,0.0
2022-09-27,0.0008955633952429,0.0,0.0,0.9427107217654817,0.9734392113910192,0.9427107217654817,0.0,0.0,0.0
2022-09-27,0.0,0.0,0.0,0.9427107217654817,0.9734392113910192,0.9427107217654817,0.0,0.0,0.0
2022-09-27,0.0,0.0,0.0,0.9427107217654817,0.9734392113910192,0.9427107217654817,0.0,0.0,0.0
2022-09-28,8.602070741692574e-06,0.0,0.0,0.9739082747502634,0.9808324205914564,0.9427107217654817,0.031197552984781773,0.018718531790869016,0.012479021193912757
2022-09-28,0.0,0.0,0.0,0.9739082747502634,0.9808324205914564,0.9739082747502634,0.0,0.0,0.0
2022-09-28,0.0,0.0,0.0,0.9739082747502634,0.9808324205914564,0.9739082747502634,0.0,0.0,0.0
2022-09-28,0.0,0.0,0.0,0.9739082747502634,0.9808324205914564,0.9739082747502634,0.0,0.0,0.0
2022-09-28,0.0,0.0,0.0,0.9739082747502634,0.9808324205914564,0.9739082747502634,0.0,0.0,0.0
2022-09-28,0.0159691364862406,0.0,0.0,0.9739082747502634,0.9808324205914564,0.9739082747502634,0.0,0.0,0.0
2022-09-28,0.0001332319613027,0.0,0.0,0.9739082747502634,0.9808324205914564,0.9739082747502634,0.0,0.0007799388246195443,0.0007799388246195443
2022-09-28,0.0,0.0,0.0,0.9739082747502634,0.9808324205914564,0.9739082747502634,0.0,0.0,0.0
2022-09-28,0.0158302472457992,0.0,0.0,0.9739082747502634,0.9808324205914564,0.9739082747502634,0.0,0.0,0.0
2022-09-28,0.0,0.0,0.0,0.9739082747502634,0.9808324205914564,0.9739082747502634,0.0,0.0,0.0
2022-09-28,0.0003592619155637,0.0,0.0,0.9739082747502634,0.9808324205914564,0.9739082747502634,0.0,0.0005090226594743768,0.0005090226594743768
2022-09-28,0.0,0.0,0.0,0.9739082747502634,0.9808324205914564,0.9739082747502634,0.0,0.0,0.0
2022-09-29,0.0044130706796042,0.0,0.0,0.9790802891411337,0.9846659364731654,0.9739082747502634,0.005172014390870228,0.0032701762928855327,0.0019018380979846949
2022-09-29,0.0011142759037417,0.0,0.0,0.9790802891411337,0.9846659364731654,0.9790802891411337,0.0,0.0002068805756348091,0.0002068805756348091
2022-09-29,0.0271771905908808,0.0,0.0,0.9790802891411337,0.9846659364731654,0.9790802891411337,0.0,0.0,0.0
2022-09-29,0.0167783273078467,0.0,0.0,0.9790802891411337,0.9846659364731654,0.9790802891411337,0.0,2.5860071954351138e-05,2.5860071954351138e-05
2022-09-29,0.019994732213104,0.0,0.0,0.9790802891411337,0.9846659364731654,0.9790802891411337,0.0,2.812932872547913e-06,2.812932872547913e-06
2022-09-29,0.000820153072428,0.0,0.0,0.9790802891411337,0.9846659364731654,0.9790802891411337,0.0,0.0002068805756348091,0.0002068805756348091
2022-09-29,0.0399966492114337,0.0,0.0,0.9790802891411337,0.9846659364731654,0.9790802891411337,0.0,0.0,0.0
2022-09-29,0.0,0.0,0.0,0.9790802891411337,0.9846659364731654,0.9790802891411337,0.0,7.999315846098155e-05,7.999315846098155e-05
2022-09-29,0.0170878782708511,0.0,0.0,0.9790802891411337,0.9846659364731654,0.9790802891411337,0.0,2.5860071954351138e-05,2.5860071954351138e-05
2022-09-29,0.0317530398332396,0.0,0.0,0.9790802891411337,0.9846659364731654,0.9790802891411337,0.0,1.8567720767953545e-05,1.8567720767953545e-05
2022-09-29,0.0186516868513604,0.0,0.0,0.9790802891411337,0.9846659364731654,0.9790802891411337,0.0,8.746093805401784e-05,8.746093805401784e-05
2022-09-29,0.0220588630792944,0.0,0.0,0.9790802891411337,0.9846659364731654,0.9790802891411337,0.0,0.0004688851803349997,0.0004688851803349997
2022-09-30,0.0,0.0,0.0,0.9849283529450696,0.9890470974808334,0.9790802891411337,0.005848063803935988,0.0011069086925134062,0.004741155111422582
2022-09-30,0.0050237179578793,0.0,0.0,0.9849283529450696,0.9890470974808334,0.9849283529450696,0.0,0.00011524751445469383,0.00011524751445469383
2022-09-30,0.0006877513268076,0.0,0.0,0.9849283529450696,0.9890470974808334,0.9849283529450696,0.0,2.8129328725501335e-06,2.8129328725501335e-06
2022-09-30,0.0,0.0,0.0,0.9849283529450696,0.9890470974808334,0.9849283529450696,0.0,0.0011069086925134062,0.0011069086925134062
2022-09-30,0.0075444465095964,0.0,0.0,0.9849283529450696,0.9890470974808334,0.9849283529450696,0.0,2.5860071954351138e-05,2.5860071954351138e-05
2022-09-30,0.0,0.0,0.0,0.9849283529450696,0.9890470974808334,0.9849283529450696,0.0,0.0011069086925134062,0.0011069086925134062
2022-09-30,3.0851044198438684e-06,0.0,0.0,0.9849283529450696,0.9890470974808334,0.9849283529450696,0.0,0.0007106802657936482,0.0007106802657936482
2022-09-30,0.0,0.0,0.0,0.9849283529450696,0.9890470974808334,0.9849283529450696,0.0,0.0011069086925134062,0.0011069086925134062
2022-09-30,0.0,0.0,0.0,0.9849283529450696,0.9890470974808334,0.9849283529450696,0.0,0.0011069086925134062,0.0011069086925134062
2022-09-30,0.0005916330510292,0.0,0.0,0.9849283529450696,0.9890470974808334,0.9849283529450696,0.0,1.1251731490200534e-05,1.1251731490200534e-05
2022-09-30,0.0012671778939728,0.0,0.0,0.9849283529450696,0.9890470974808334,0.9849283529450696,0.0,0.0,0.0
2022-09-30,0.000201862653726,0.0,0.0,0.9849283529450696,0.9890470974808334,0.9849283529450696,0.0,0.00016817123118210886,0.00016817123118210886
2022-10-01,0.0,0.0,0.0,0.9868406745365752,0.990416210295729,0.9849283529450696,0.0019123215915055614,0.00018317781879050165,0.0017291437727150597
2022-10-01,0.0,0.0,0.0,0.9868406745365752,0.990416210295729,0.9868406745365752,0.0,0.00018317781879050165,0.00018317781879050165
2022-10-01,0.0,0.0,0.0,0.9868406745365752,0.990416210295729,0.9868406745365752,0.0,0.00018317781879050165,0.00018317781879050165
2022-10-01,0.0,0.0,0.0,0.9868406745365752,0.990416210295729,0.9868406745365752,0.0,0.00018317781879050165,0.00018317781879050165
2022-10-01,0.0,0.0,0.0,0.9868406745365752,0.990416210295729,0.9868406745365752,0.0,0.00018317781879050165,0.00018317781879050165
2022-10-01,0.0,0.0,0.0,0.9868406745365752,0.990416210295729,0.9868406745365752,0.0,0.00018317781879050165,0.00018317781879050165
2022-10-01,0.0,0.0,0.0,0.9868406745365752,0.990416210295729,0.9868406745365752,0.0,0.00018317781879050165,0.00018317781879050165
2022-10-01,0.0,0.0,0.0,0.9868406745365752,0.990416210295729,0.9868406745365752,0.0,0.00018317781879050165,0.00018317781879050165
2022-10-01,0.0,0.0,0.0,0.9868406745365752,0.990416210295729,0.9868406745365752,0.0,0.00018317781879050165,0.00018317781879050165
2022-10-01,0.0001501389245266,0.0,0.0,0.9868406745365752,0.990416210295729,0.9868406745365752,0.0,6.9266202700869945e-06,6.9266202700869945e-06
2022-10-01,0.0,0.0,0.0,0.9868406745365752,0.990416210295729,0.9868406745365752,0.0,0.00018317781879050165,0.00018317781879050165
2022-10-01,0.0024259736172909,0.0,0.0,0.9868406745365752,0.990416210295729,0.9868406745365752,0.0,0.0,0.0
2022-10-02,0.0,0.0,0.0,0.9904383920424727,0.9931544359255202,0.9868406745365752,0.0035977175058975464,0.0007246476836414728,0.002873069822256074
2022-10-02,0.0,0.0,0.0,0.9904383920424727,0.9931544359255202,0.9904383920424727,0.0,0.0007246476836414728,0.0007246476836414728
2022-10-02,0.006863312211679,0.0,0.0,0.9904383920424727,0.9931544359255202,0.9904383920424727,0.0,0.00011473929549034034,0.00011473929549034034
2022-10-02,0.0034367404535832,0.0,0.0,0.9904383920424727,0.9931544359255202,0.9904383920424727,0.0,0.0,0.0
2022-10-02,0.0373566567447671,0.0,0.0,0.9904383920424727,0.9931544359255202,0.9904383920424727,0.0,4.781985883331896e-05,4.781985883331896e-05
2022-10-02,0.0,0.0,0.0,0.9904383920424727,0.9931544359255202,0.9904383920424727,0.0,0.0007246476836414728,0.0007246476836414728
2022-10-02,9.23602371408232e-05,0.0,0.0,0.9904383920424727,0.9931544359255202,0.9904383920424727,0.0,2.0686875658910892e-05,2.0686875658910892e-05
2022-10-02,0.0055538963400391,0.0,0.0,0.9904383920424727,0.9931544359255202,0.9904383920424727,0.0,0.0,0.0
2022-10-02,0.0683863315134673,0.0,0.0,0.9904383920424727,0.9931544359255202,0.9904383920424727,0.0,4.889539199046389e-05,4.889539199046389e-05
2022-10-02,0.0009662406503213,0.0,0.0,0.9904383920424727,0.9931544359255202,0.9904383920424727,0.0,1.34914406471158e-05,1.34914406471158e-05
2022-10-02,0.0,0.0,0.0,0.9904383920424727,0.9931544359255202,0.9904383920424727,0.0,0.0007246476836414728,0.0007246476836414728
2022-10-02,0.0,0.0,0.0,0.9904383920424727,0.9931544359255202,0.9904383920424727,0.0,0.0007246476836414728,0.0007246476836414728
2022-10-03,0.0,0.0,0.0,0.9917881270594686,0.9939759036144586,0.9904383920424727,0.0013497350169958677,0.0001634440437043196,0.001186290973291548
2022-10-03,0.0,0.0,0.0,0.9917881270594686,0.9939759036144586,0.9917881270594686,0.0,0.0001634440437043196,0.0001634440437043196
2022-10-03,0.0,0.0,0.0,0.9917881270594686,0.9939759036144586,0.9917881270594686,0.0,0.0001634440437043196,0.0001634440437043196
2022-10-03,0.0,0.0,0.0,0.9917881270594686,0.9939759036144586,0.9917881270594686,0.0,0.0001634440437043196,0.0001634440437043196
2022-10-03,0.0,0.0,0.0,0.9917881270594686,0.9939759036144586,0.9917881270594686,0.0,0.0001634440437043196,0.0001634440437043196
2022-10-03,0.0002272132338018,0.0,0.0,0.9917881270594686,0.9939759036144586,0.9917881270594686,0.0,8.047527234270998e-06,8.047527234270998e-06
2022-10-03,0.0,0.0,0.0,0.9917881270594686,0.9939759036144586,0.9917881270594686,0.0,0.0001634440437043196,0.0001634440437043196
2022-10-03,0.0,0.0,0.0,0.9917881270594686,0.9939759036144586,0.9917881270594686,0.0,0.0001634440437043196,0.0001634440437043196
2022-10-03,0.0,0.0,0.0,0.9917881270594686,0.9939759036144586,0.9917881270594686,0.0,0.0001634440437043196,0.0001634440437043196
2022-10-03,0.0095553959439204,0.0,0.0,0.9917881270594686,0.9939759036144586,0.9917881270594686,0.0,0.000236286361294048,0.000236286361294048
2022-10-03,0.0,0.0,0.0,0.9917881270594686,0.9939759036144586,0.9917881270594686,0.0,0.0001634440437043196,0.0001634440437043196
2022-10-03,0.0032927721287046,0.0,0.0,0.9917881270594686,0.9939759036144586,0.9917881270594686,0.0,4.0572391879935305e-06,4.0572391879935305e-06
2022-10-04,0.0106208683269579,0.0,0.0,0.9940384733575072,0.9956188389923336,0.9917881270594686,0.0022503462980385525,0.0014964802881956374,0.0007538660098429151
2022-10-04,0.0,0.0,0.0,0.9940384733575072,0.9956188389923336,0.9940384733575072,0.0,0.0,0.0
2022-10-04,0.0037766100915195,0.0,0.0,0.9940384733575072,0.9956188389923336,0.9940384733575072,0.0,0.0,0.0
2022-10-04,0.0,0.0,0.0,0.9940384733575072,0.9956188389923336,0.9940384733575072,0.0,0.0,0.0
2022-10-04,0.0,0.0,0.0,0.9940384733575072,0.9956188389923336,0.9940384733575072,0.0,0.0,0.0
2022-10-04,0.0025547414626661,0.0,0.0,0.9940384733575072,0.9956188389923336,0.9940384733575072,0.0,0.0,0.0
2022-10-04,0.0,0.0,0.0,0.9940384733575072,0.9956188389923336,0.9940384733575072,0.0,0.0,0.0
2022-10-04,0.0057404921650834,0.0,0.0,0.9940384733575072,0.9956188389923336,0.9940384733575072,0.0,4.500692596077105e-05,4.500692596077105e-05
2022-10-04,0.0,0.0,0.0,0.9940384733575072,0.9956188389923336,0.9940384733575072,0.0,0.0,0.0
2022-10-04,0.0,0.0,0.0,0.9940384733575072,0.9956188389923336,0.9940384733575072,0.0,0.0,0.0
2022-10-04,0.0,0.0,0.0,0.9940384733575072,0.9956188389923336,0.9940384733575072,0.0,0.0,0.0
2022-10-04,0.0,0.0,0.0,0.9940384733575072,0.9956188389923336,0.9940384733575072,0.0,0.0,0.0
2022-10-05,0.0,0.0,0.0,0.9950501836679696,0.9964403066812704,0.9940384733575072,0.0010117103104624325,0.00020871505656370023,0.0008029952538987323
2022-10-05,0.0,0.0,0.0,0.9950501836679696,0.9964403066812704,0.9950501836679696,0.0,0.00020871505656370023,0.00020871505656370023
2022-10-05,0.0,0.0,0.0,0.9950501836679696,0.9964403066812704,0.9950501836679696,0.0,0.00020871505656370023,0.00020871505656370023
2022-10-05,0.0025286769260989,0.0,0.0,0.9950501836679696,0.9964403066812704,0.9950501836679696,0.0,0.0,0.0
2022-10-05,0.0062888479654911,0.0,0.0,0.9950501836679696,0.9964403066812704,0.9950501836679696,0.0,3.9357422124297605e-06,3.9357422124297605e-06
2022-10-05,2.0550621072041504e-05,0.0,0.0,0.9950501836679696,0.9964403066812704,0.9950501836679696,0.0,0.00032881528737652675,0.00032881528737652675
2022-10-05,0.0,0.0,0.0,0.9950501836679696,0.9964403066812704,0.9950501836679696,0.0,0.00020871505656370023,0.00020871505656370023
2022-10-05,0.012901058944761,0.0,0.0,0.9950501836679696,0.9964403066812704,0.9950501836679696,0.0,8.462436709010257e-06,8.462436709010257e-06
2022-10-05,0.0,0.0,0.0,0.9950501836679696,0.9964403066812704,0.9950501836679696,0.0,0.00020871505656370023,0.00020871505656370023
2022-10-05,0.0002537972429588,0.0,0.0,0.9950501836679696,0.9964403066812704,0.9950501836679696,0.0,1.1943802276292607e-06,1.1943802276292607e-06
2022-10-05,0.0147052297088718,0.0,0.0,0.9950501836679696,0.9964403066812704,0.9950501836679696,0.0,2.5316395852933436e-05,2.5316395852933436e-05
2022-10-05,0.0040975673645243,0.0,0.0,0.9950501836679696,0.9964403066812704,0.9950501836679696,0.0,9.501330824542964e-05,9.501330824542964e-05
2022-10-06,0.0,0.0,0.0,0.995726233081036,0.9969879518072275,0.9950501836679696,0.0006760494130664263,9.465216135829714e-05,0.0005813972517081292
2022-10-06,0.0108466355445241,0.0,0.0,0.995726233081036,0.9969879518072275,0.995726233081036,0.0,0.00023909929416659592,0.00023909929416659592
2022-10-06,0.0,0.0,0.0,0.995726233081036,0.9969879518072275,0.995726233081036,0.0,9.465216135829714e-05,9.465216135829714e-05
2022-10-06,0.0,0.0,0.0,0.995726233081036,0.9969879518072275,0.995726233081036,0.0,9.465216135829714e-05,9.465216135829714e-05
2022-10-06,0.0,0.0,0.0,0.995726233081036,0.9969879518072275,0.995726233081036,0.0,9.465216135829714e-05,9.465216135829714e-05
2022-10-06,0.0,0.0,0.0,0.995726233081036,0.9969879518072275,0.995726233081036,0.0,9.465216135829714e-05,9.465216135829714e-05
2022-10-06,0.0060214853474889,0.0,0.0,0.995726233081036,0.9969879518072275,0.995726233081036,0.0,1.180722663728928e-05,1.180722663728928e-05
2022-10-06,0.021995778336047,0.0,0.0,0.995726233081036,0.9969879518072275,0.995726233081036,0.0,0.00019626707261148076,0.00019626707261148076
2022-10-06,0.0,0.0,0.0,0.995726233081036,0.9969879518072275,0.995726233081036,0.0,9.465216135829714e-05,9.465216135829714e-05
2022-10-06,0.0082861934608089,0.0,0.0,0.995726233081036,0.9969879518072275,0.995726233081036,0.0,0.0,0.0
2022-10-06,0.0049030023914893,0.0,0.0,0.995726233081036,0.9969879518072275,0.995726233081036,0.0,0.00010457491620294635,0.00010457491620294635
2022-10-06,0.0,0.0,0.0,0.995726233081036,0.9969879518072275,0.995726233081036,0.0,9.465216135829714e-05,9.465216135829714e-05
2022-10-07,0.0212103148403754,0.0,0.0,0.9962888196555456,0.9972617743702088,0.995726233081036,0.0005625865745095826,0.00039775816341482346,0.00016482841109475915
2022-10-07,0.0019741236485117,0.0,0.0,0.9962888196555456,0.9972617743702088,0.9962888196555456,0.0,0.0,0.0
2022-10-07,0.0,0.0,0.0,0.9962888196555456,0.9972617743702088,0.9962888196555456,0.0,1.2906397885813595e-06,1.2906397885813595e-06
2022-10-07,0.0,0.0,0.0,0.9962888196555456,0.9972617743702088,0.9962888196555456,0.0,1.2906397885813595e-06,1.2906397885813595e-06
2022-10-07,0.0005148209615732,0.0,0.0,0.9962888196555456,0.9972617743702088,0.9962888196555456,0.0,5.06327917059024e-05,5.06327917059024e-05
2022-10-07,0.0013404455783035,0.0,0.0,0.9962888196555456,0.9972617743702088,0.9962888196555456,0.0,0.0,0.0
2022-10-07,0.000180636614912,0.0,0.0,0.9962888196555456,0.9972617743702088,0.9962888196555456,0.0,0.0,0.0
2022-10-07,0.000252904044093,0.0,0.0,0.9962888196555456,0.9972617743702088,0.9962888196555456,0.0,0.0,0.0
2022-10-07,0.0,0.0,0.0,0.9962888196555456,0.9972617743702088,0.9962888196555456,0.0,1.2906397885813595e-06,1.2906397885813595e-06
2022-10-07,0.0016418296546123,0.0,0.0,0.9962888196555456,0.9972617743702088,0.9962888196555456,0.0,0.0,0.0
2022-10-07,0.0,0.0,0.0,0.9962888196555456,0.9972617743702088,0.9962888196555456,0.0,1.2906397885813595e-06,1.2906397885813595e-06
2022-10-07,0.0008008816176249,0.0,0.0,0.9962888196555456,0.9972617743702088,0.9962888196555456,0.0,3.37551944706016e-05,3.37551944706016e-05
2022-10-08,0.0044151868313652,0.0,0.0,0.9970759680980316,0.9980832420591454,0.9962888196555456,0.0007871484424859521,0.0010828136892913664,0.0002956652468054143
2022-10-08,0.0212939177045653,0.0,0.0,0.9970759680980316,0.9980832420591454,0.9970759680980316,0.0,0.00012433636058489203,0.00012433636058489203
2022-10-08,0.0299141087812682,0.0,0.0,0.9970759680980316,0.9980832420591454,0.9970759680980316,0.0,5.554951470976288e-07,5.554951470976288e-07
2022-10-08,0.0079762441001735,0.0,0.0,0.9970759680980316,0.9980832420591454,0.9970759680980316,0.0,2.755019548700832e-05,2.755019548700832e-05
2022-10-08,0.0609980791639319,0.0,0.0,0.9970759680980316,0.9980832420591454,0.9970759680980316,0.0,8.084227247153298e-05,8.084227247153298e-05
2022-10-08,0.0012564794388103,0.0,0.0,0.9970759680980316,0.9980832420591454,0.9970759680980316,0.0,5.679051450668715e-05,5.679051450668715e-05
2022-10-08,0.0083064303509954,0.0,0.0,0.9970759680980316,0.9980832420591454,0.9970759680980316,0.0,0.0,0.0
2022-10-08,0.0339579017567533,0.0,0.0,0.9970759680980316,0.9980832420591454,0.9970759680980316,0.0,0.0035537979321397673,0.0035537979321397673
2022-10-08,0.0313969620983245,0.0,0.0,0.9970759680980316,0.9980832420591454,0.9970759680980316,0.0,2.1947967833285674e-05,2.1947967833285674e-05
2022-10-08,0.0390457971959428,0.0,0.0,0.9970759680980316,0.9980832420591454,0.9970759680980316,0.0,3.368428019647207e-06,3.368428019647207e-06
2022-10-08,0.0091944373652727,0.0,0.0,0.9970759680980316,0.9980832420591454,0.9970759680980316,0.0,4.949816332029733e-05,4.949816332029733e-05
2022-10-08,0.014419845743841,0.0,0.0,0.9970759680980316,0.9980832420591454,0.9970759680980316,0.0,8.438798617643739e-06,8.438798617643739e-06
2022-10-09,0.0005378720251154,0.0,0.0,0.9976385546725416,0.9983570646221248,0.9970759680980316,0.0005625865745100267,0.00034036487757856614,0.00022222169693146055
2022-10-09,0.0014022508022937,0.0,0.0,0.9976385546725416,0.9983570646221248,0.9976385546725416,0.0,2.8129328725501336e-05,2.8129328725501336e-05
2022-10-09,0.0,0.0,0.0,0.9976385546725416,0.9983570646221248,0.9976385546725416,0.0,6.14590375514933e-07,6.14590375514933e-07
2022-10-09,0.0004275799108526,0.0,0.0,0.9976385546725416,0.9983570646221248,0.9976385546725416,0.0,9.563971766670454e-05,9.563971766670454e-05
2022-10-09,0.0024528780262895,0.0,0.0,0.9976385546725416,0.9983570646221248,0.9976385546725416,0.0,0.0,0.0
2022-10-09,0.0032970370458167,0.0,0.0,0.9976385546725416,0.9983570646221248,0.9976385546725416,0.0,3.9357422124297605e-06,3.9357422124297605e-06
2022-10-09,0.0062817126994698,0.0,0.0,0.9976385546725416,0.9983570646221248,0.9976385546725416,0.0,5.9036133186446405e-05,5.9036133186446405e-05
2022-10-09,4.57921782153119e-05,0.0,0.0,0.9976385546725416,0.9983570646221248,0.9976385546725416,0.0,0.00027630564997660256,0.00027630564997660256
2022-10-09,0.0037648466961162,0.0,0.0,0.9976385546725416,0.9983570646221248,0.9976385546725416,0.0,1.5742968849719042e-05,1.5742968849719042e-05
2022-10-09,0.0002141633098039,0.0,0.0,0.9976385546725416,0.9983570646221248,0.9976385546725416,0.0,5.625865745100267e-06,5.625865745100267e-06
2022-10-09,0.0023352050670593,0.0,0.0,0.9976385546725416,0.9983570646221248,0.9976385546725416,0.0,0.0,0.0
2022-10-09,0.0018588133907061,0.0,0.0,0.9976385546725416,0.9983570646221248,0.9976385546725416,0.0,2.8129328725501335e-06,2.8129328725501335e-06
2022-10-10,0.0512035078206195,0.0,0.0,0.998312240276471,0.998904709748084,0.9976385546725416,0.0006736856039294414,0.00045136935463272577,0.00022231624929671567
2022-10-10,0.0149243759642505,0.0,0.0,0.998312240276471,0.998904709748084,0.998312240276471,0.0,1.0105284058941622e-05,1.0105284058941622e-05
2022-10-10,0.0173524982586454,0.0,0.0,0.998312240276471,0.998904709748084,0.998312240276471,0.0,1.0105284058941622e-05,1.0105284058941622e-05
2022-10-10,0.0894353803203896,0.0,0.0,0.998312240276471,0.998904709748084,0.998312240276471,0.0,0.00020618325193947961,0.00020618325193947961
2022-10-10,0.0203297744976294,0.0,0.0,0.998312240276471,0.998904709748084,0.998312240276471,0.0,4.9486344274612406e-05,4.9486344274612406e-05
2022-10-10,0.001762678499268,0.0,0.0,0.998312240276471,0.998904709748084,0.998312240276471,0.0,6.181360892197341e-06,6.181360892197341e-06
2022-10-10,0.0040363359228827,0.0,0.0,0.998312240276471,0.998904709748084,0.998312240276471,0.0,5.453307678123409e-05,5.453307678123409e-05
2022-10-10,0.0020143793199859,0.0,0.0,0.998312240276471,0.998904709748084,0.998312240276471,0.0,3.368428019647207e-06,3.368428019647207e-06
2022-10-10,0.0828302757881744,0.0,0.0,0.998312240276471,0.998904709748084,0.998312240276471,0.0,0.00014767897580874768,0.00014767897580874768
2022-10-10,0.0215216913828037,0.0,0.0,0.998312240276471,0.998904709748084,0.998312240276471,0.0,0.00010459855429432064,0.00010459855429432064
2022-10-10,0.0503653728602029,0.0,0.0,0.998312240276471,0.998904709748084,0.998312240276471,0.0,0.0,0.0
2022-10-10,0.003976938494562,0.0,0.0,0.998312240276471,0.998904709748084,0.998312240276471,0.0,5.453307678123409e-05,5.453307678123409e-05
2022-10-11,0.4154749428702499,0.0,0.0,1.0,1.0,0.998312240276471,0.0016877597235289699,0.0010265077556577706,0.0006612519678711993
2022-10-11,0.2819083762193238,0.0,0.0,1.0,1.0,1.0,0.0,0.00014778534721991032,0.00014778534721991032
2022-10-11,0.2500489728920154,0.0,0.0,1.0,1.0,1.0,0.0,0.0012800499236489584,0.0012800499236489584
2022-10-11,0.2696283751208951,0.0,0.0,1.0,1.0,1.0,0.0,0.0009596119570921463,0.0009596119570921463
2022-10-11,0.4751366111112117,0.0,0.0,1.0,1.0,1.0,0.0,0.0018838849675921763,0.0018838849675921763
2022-10-11,0.0062129510358109,0.0,0.0,1.0,1.0,1.0,0.0,5.64950383646054e-05,5.64950383646054e-05
2022-10-11,0.1935664243311192,0.0,0.0,1.0,1.0,1.0,0.0,9.136122312938574e-05,9.136122312938574e-05
2022-10-11,0.0859524116725013,0.0,0.0,1.0,1.0,1.0,0.0,0.00017693111387411363,0.00017693111387411363
2022-10-11,0.4358904756033427,0.0,0.0,1.0,1.0,1.0,0.0,0.0003474090288053744,0.0003474090288053744
2022-10-11,0.3964688339752116,0.0,0.0,1.0,1.0,1.0,0.0,0.0,0.0
2022-10-11,0.4809280333366995,0.0,0.0,1.0,1.0,1.0,0.0,0.004652307314098239,0.004652307314098239
2022-10-11,0.2833039475390261,0.0,0.0,1.0,1.0,1.0,0.0,0.00014778534721991032,0.00014778534721991032
2022-10-12,0.0605225914147651,0.0,0.0,0.9993263143960702,0.9997261774370204,1.0,-0.0006736856039297745,0.00033347437394507353,0.001007159977874848
2022-10-12,0.031011060136724,0.0,0.0,0.9993263143960702,0.9997261774370204,0.9993263143960702,0.0,0.0003763656907286661,0.0003763656907286661
2022-10-12,0.089240176007782,0.0,0.0,0.9993263143960702,0.9997261774370204,0.9993263143960702,0.0,0.00020618325193947961,0.00020618325193947961
2022-10-12,0.1543200763999832,0.0,0.0,0.9993263143960702,0.9997261774370204,0.9993263143960702,0.0,0.0,0.0
2022-10-12,0.3093176071578896,0.0,0.0,0.9993263143960702,0.9997261774370204,0.9993263143960702,0.0,0.00029623256099807705,0.00029623256099807705
2022-10-12,0.1390145249107329,0.0,0.0,0.9993263143960702,0.9997261774370204,0.9993263143960702,0.0,0.00018195420828939185,0.00018195420828939185
2022-10-12,0.2442430747457687,0.0,0.0,0.9993263143960702,0.9997261774370204,0.9993263143960702,0.0,0.00015270207022402866,0.00015270207022402866
2022-10-12,0.0021683185408825,0.0,0.0,0.9993263143960702,0.9997261774370204,0.9993263143960702,0.0,3.368428019647207e-06,3.368428019647207e-06
2022-10-12,0.099614161614099,0.0,0.0,0.9993263143960702,0.9997261774370204,0.9993263143960702,0.0,0.0008654023439531405,0.0008654023439531405
2022-10-12,0.013758760685052,0.0,0.0,0.9993263143960702,0.9997261774370204,0.9993263143960702,0.0,2.1357015549134384e-05,2.1357015549134384e-05
2022-10-12,0.231195765129951,0.0,0.0,0.9993263143960702,0.9997261774370204,0.9993263143960702,0.0,6.063170435364973e-05,6.063170435364973e-05
2022-10-12,0.0225882262477711,0.0,0.0,0.9993263143960702,0.9997261774370204,0.9993263143960702,0.0,5.8445180902303994e-05,5.8445180902303994e-05
2022-10-13,0.0632909905694328,0.0,0.0,0.998312240276471,0.9972617743702088,0.9993263143960702,-0.0010140741195991954,0.0001269956458635496,0.001141069765462745
2022-10-13,0.0161476311812516,0.0,0.0,0.998312240276471,0.9972617743702088,0.998312240276471,0.0,0.00013502077788229983,0.00013502077788229983
2022-10-13,0.0602300487478166,0.0,0.0,0.998312240276471,0.9972617743702088,0.998312240276471,0.0,0.0001269956458635496,0.0001269956458635496
2022-10-13,0.0096743501873489,0.0,0.0,0.998312240276471,0.9972617743702088,0.998312240276471,0.0,0.00014345957649995357,0.00014345957649995357
2022-10-13,0.0019864003770311,0.0,0.0,0.998312240276471,0.9972617743702088,0.998312240276471,0.0,0.0,0.0
2022-10-13,0.0211407764891761,0.0,0.0,0.998312240276471,0.9972617743702088,0.998312240276471,0.0,0.0003960798589278433,0.0003960798589278433
2022-10-13,0.2060402966443295,0.0,0.0,0.998312240276471,0.9972617743702088,0.998312240276471,0.0,4.497146882371517e-05,4.497146882371517e-05
2022-10-13,0.0689730138543102,0.0,0.0,0.998312240276471,0.9972617743702088,0.998312240276471,0.0,0.00012025878982425519,0.00012025878982425519
2022-10-13,0.0063586929499915,0.0,0.0,0.998312240276471,0.9972617743702088,0.998312240276471,0.0,3.206507093790889e-05,3.206507093790889e-05
2022-10-13,0.0013217205870823,0.0,0.0,0.998312240276471,0.9972617743702088,0.998312240276471,0.0,0.0,0.0
2022-10-13,0.048073339134693,0.0,0.0,0.998312240276471,0.9972617743702088,0.998312240276471,0.0,0.00023329614273622345,0.00023329614273622345
2022-10-13,0.0293145738116279,0.0,0.0,0.998312240276471,0.9972617743702088,0.998312240276471,0.0,0.00013502077788229983,0.00013502077788229983
2022-10-14,0.0072392917538898,0.0,0.0,0.9903272930130528,0.9928806133625409,0.998312240276471,-0.007984947263418252,5.905977127783457e-05,0.008044007034696087
2022-10-14,0.0035407214788871,0.0,0.0,0.9903272930130528,0.9928806133625409,0.9903272930130528,0.0,0.0,0.0
2022-10-14,0.0062822761934725,0.0,0.0,0.9903272930130528,0.9928806133625409,0.9903272930130528,0.0,0.0,0.0
2022-10-14,0.0,0.0,0.0,0.9903272930130528,0.9928806133625409,0.9903272930130528,0.0,0.0007246476836414728,0.0007246476836414728
2022-10-14,0.0153490482998042,0.0,0.0,0.9903272930130528,0.9928806133625409,0.9903272930130528,0.0,0.0001800277038430842,0.0001800277038430842
2022-10-14,0.0023798056566433,0.0,0.0,0.9903272930130528,0.9928806133625409,0.9903272930130528,0.0,7.315989277761615e-06,7.315989277761615e-06
2022-10-14,0.0046849882638767,0.0,0.0,0.9903272930130528,0.9928806133625409,0.9903272930130528,0.0,0.00018046500853334259,0.00018046500853334259
2022-10-14,0.0008212096569333,0.0,0.0,0.9903272930130528,0.9928806133625409,0.9903272930130528,0.0,1.34914406471158e-05,1.34914406471158e-05
2022-10-14,0.0007329798862136,0.0,0.0,0.9903272930130528,0.9928806133625409,0.9903272930130528,0.0,1.6304373519665933e-05,1.6304373519665933e-05
2022-10-14,0.0081327409741056,0.0,0.0,0.9903272930130528,0.9928806133625409,0.9903272930130528,0.0,0.0,0.0
2022-10-15,0.0,0.0,0.0,0.9827914694855876,0.9874041621029584,0.9903272930130528,-0.00753582352746518,0.0011069086925134062,0.008642732219978586
2022-10-15,0.0,0.0,0.0,0.9827914694855876,0.9874041621029584,0.9827914694855876,0.0,0.0011069086925134062,0.0011069086925134062
2022-10-15,0.0,0.0,0.0,0.9827914694855876,0.9874041621029584,0.9827914694855876,0.0,0.0011069086925134062,0.0011069086925134062
2022-10-15,0.0,0.0,0.0,0.9827914694855876,0.9874041621029584,0.9827914694855876,0.0,0.0011069086925134062,0.0011069086925134062
2022-10-15,0.0,0.0,0.0,0.9827914694855876,0.9874041621029584,0.9827914694855876,0.0,0.0011069086925134062,0.0011069086925134062
2022-10-15,0.0,0.0,0.0,0.9827914694855876,0.9874041621029584,0.9827914694855876,0.0,0.0011069086925134062,0.0011069086925134062
2022-10-15,0.0,0.0,0.0,0.9827914694855876,0.9874041621029584,0.9827914694855876,0.0,0.0011069086925134062,0.0011069086925134062
2022-10-15,0.0,0.0,0.0,0.9827914694855876,0.9874041621029584,0.9827914694855876,0.0,0.0011069086925134062,0.0011069086925134062
2022-10-15,0.0,0.0,0.0,0.9827914694855876,0.9874041621029584,0.9827914694855876,0.0,0.0011069086925134062,0.0011069086925134062
2022-10-15,0.0,0.0,0.0,0.9827914694855876,0.9874041621029584,0.9827914694855876,0.0,0.0011069086925134062,0.0011069086925134062
2022-10-16,0.0,0.0,0.0,0.9752580097672592,0.9816538882803928,0.9827914694855876,-0.007533459718328417,0.0,0.007533459718328417
2022-10-16,0.0,0.0,0.0,0.9752580097672592,0.9816538882803928,0.9752580097672592,0.0,0.0,0.0
2022-10-16,0.0,0.0,0.0,0.9752580097672592,0.9816538882803928,0.9752580097672592,0.0,0.0,0.0
2022-10-16,0.0,0.0,0.0,0.9752580097672592,0.9816538882803928,0.9752580097672592,0.0,0.0,0.0
2022-10-16,0.0,0.0,0.0,0.9752580097672592,0.9816538882803928,0.9752580097672592,0.0,0.0,0.0
2022-10-16,0.0,0.0,0.0,0.9752580097672592,0.9816538882803928,0.9752580097672592,0.0,0.0,0.0
2022-10-16,0.0,0.0,0.0,0.9752580097672592,0.9816538882803928,0.9752580097672592,0.0,0.0,0.0
2022-10-16,0.0,0.0,0.0,0.9752580097672592,0.9816538882803928,0.9752580097672592,0.0,0.0,0.0
2022-10-16,0.0,0.0,0.0,0.9752580097672592,0.9816538882803928,0.9752580097672592,0.0,0.0,0.0
2022-10-16,0.0,0.0,0.0,0.9752580097672592,0.9816538882803928,0.9752580097672592,0.0,0.0,0.0
2022-10-17,0.0,0.0,0.0,0.9685093346822802,0.9767250821467696,0.9752580097672592,-0.006748675084979006,0.0,0.006748675084979006
2022-10-17,0.0,0.0,0.0,0.9685093346822802,0.9767250821467696,0.9685093346822802,0.0,0.0,0.0
2022-10-17,0.0,0.0,0.0,0.9685093346822802,0.9767250821467696,0.9685093346822802,0.0,0.0,0.0
2022-10-17,0.0,0.0,0.0,0.9685093346822802,0.9767250821467696,0.9685093346822802,0.0,0.0,0.0
2022-10-17,0.0,0.0,0.0,0.9685093346822802,0.9767250821467696,0.9685093346822802,0.0,0.0,0.0
2022-10-17,0.0,0.0,0.0,0.9685093346822802,0.9767250821467696,0.9685093346822802,0.0,0.0,0.0
2022-10-17,0.0,0.0,0.0,0.9685093346822802,0.9767250821467696,0.9685093346822802,0.0,0.0,0.0
2022-10-17,0.0,0.0,0.0,0.9685093346822802,0.9767250821467696,0.9685093346822802,0.0,0.0,0.0
2022-10-17,0.0,0.0,0.0,0.9685093346822802,0.9767250821467696,0.9685093346822802,0.0,0.0,0.0
2022-10-17,0.0,0.0,0.0,0.9685093346822802,0.9767250821467696,0.9685093346822802,0.0,0.0,0.0
2022-10-18,0.0,0.0,0.0,0.9667104759293316,0.975355969331874,0.9685093346822802,-0.0017988587529486066,0.0,0.0017988587529486066
2022-10-18,0.0,0.0,0.0,0.9667104759293316,0.975355969331874,0.9667104759293316,0.0,0.0,0.0
2022-10-18,0.0,0.0,0.0,0.9667104759293316,0.975355969331874,0.9667104759293316,0.0,0.0,0.0
2022-10-18,0.0061866922788227,0.0,0.0,0.9667104759293316,0.975355969331874,0.9667104759293316,0.0,0.0,0.0
2022-10-18,0.0008255587239153,0.0,0.0,0.9667104759293316,0.975355969331874,0.9667104759293316,0.0,0.0,0.0
2022-10-18,0.0009371405865295,0.0,0.0,0.9667104759293316,0.975355969331874,0.9667104759293316,0.0,0.0,0.0
2022-10-18,0.0,0.0,0.0,0.9667104759293316,0.975355969331874,0.9667104759293316,0.0,0.0,0.0
2022-10-18,0.0,0.0,0.0,0.9667104759293316,0.975355969331874,0.9667104759293316,0.0,0.0,0.0
2022-10-18,0.0010549293233739,0.0,0.0,0.9667104759293316,0.975355969331874,0.9667104759293316,0.0,0.0,0.0
2022-10-18,0.0016718836678029,0.0,0.0,0.9667104759293316,0.975355969331874,0.9667104759293316,0.0,0.0,0.0
2022-10-19,0.0,0.0,0.0,0.9671619634744212,0.9756297918948516,0.9667104759293316,0.00045148754508961275,0.0,0.00045148754508961275
2022-10-19,0.0010218579530273,0.0,0.0,0.9671619634744212,0.9756297918948516,0.9671619634744212,0.0,0.0,0.0
2022-10-19,0.0021926411398447,0.0,0.0,0.9671619634744212,0.9756297918948516,0.9671619634744212,0.0,0.0,0.0
2022-10-19,0.0017498576343676,0.0,0.0,0.9671619634744212,0.9756297918948516,0.9671619634744212,0.0,0.0,0.0
2022-10-19,0.0002540487911878,0.0,0.0,0.9671619634744212,0.9756297918948516,0.9671619634744212,0.0,9.561607957525032e-06,9.561607957525032e-06
2022-10-19,0.0316963418659285,0.0,0.0,0.9671619634744212,0.9756297918948516,0.9671619634744212,0.0,0.0,0.0
2022-10-19,0.0010178343563105,0.0,0.0,0.9671619634744212,0.9756297918948516,0.9671619634744212,0.0,0.0,0.0
2022-10-19,0.0015189800475227,0.0,0.0,0.9671619634744212,0.9756297918948516,0.9671619634744212,0.0,0.0,0.0
2022-10-19,0.0,0.0,0.0,0.9671619634744212,0.9756297918948516,0.9671619634744212,0.0,0.0,0.0
2022-10-19,0.0009615927800733,0.0,0.0,0.9671619634744212,0.9756297918948516,0.9671619634744212,0.0,0.0,0.0
2022-10-20,0.0,0.0,0.0,0.9676087234012376,0.9761774370208104,0.9671619634744212,0.0004467599268164202,0.0,0.0004467599268164202
2022-10-20,0.0,0.0,0.0,0.9676087234012376,0.9761774370208104,0.9676087234012376,0.0,0.0,0.0
2022-10-20,0.0,0.0,0.0,0.9676087234012376,0.9761774370208104,0.9676087234012376,0.0,0.0,0.0
2022-10-20,0.0,0.0,0.0,0.9676087234012376,0.9761774370208104,0.9676087234012376,0.0,0.0,0.0
2022-10-20,0.0,0.0,0.0,0.9676087234012376,0.9761774370208104,0.9676087234012376,0.0,0.0,0.0
2022-10-20,0.0,0.0,0.0,0.9676087234012376,0.9761774370208104,0.9676087234012376,0.0,0.0,0.0
2022-10-20,5.404189233563795e-05,0.0,0.0,0.9676087234012376,0.9761774370208104,0.9676087234012376,0.0,0.0,0.0
2022-10-20,0.0,0.0,0.0,0.9676087234012376,0.9761774370208104,0.9676087234012376,0.0,0.0,0.0
2022-10-20,0.0,0.0,0.0,0.9676087234012376,0.9761774370208104,0.9676087234012376,0.0,0.0,0.0
2022-10-20,0.0,0.0,0.0,0.9676087234012376,0.9761774370208104,0.9676087234012376,0.0,0.0,0.0
2022-10-21,0.0120689973697766,0.0,0.0,0.9676087234012376,0.9761774370208104,0.9676087234012376,0.0,0.0,0.0
2022-10-21,0.0051092518655479,0.0,0.0,0.9676087234012376,0.9761774370208104,0.9676087234012376,0.0,0.0,0.0
2022-10-21,0.0180784224827236,0.0,0.0,0.9676087234012376,0.9761774370208104,0.9676087234012376,0.0,0.0,0.0
2022-10-21,0.1491320330458967,0.0,0.0,0.9676087234012376,0.9761774370208104,0.9676087234012376,0.0,0.0,0.0
2022-10-21,0.0736813865954899,0.0,0.0,0.9676087234012376,0.9761774370208104,0.9676087234012376,0.0,0.0,0.0
2022-10-21,0.0208612856221057,0.0,0.0,0.9676087234012376,0.9761774370208104,0.9676087234012376,0.0,0.0,0.0
2022-10-21,0.0074772545971503,0.0,0.0,0.9676087234012376,0.9761774370208104,0.9676087234012376,0.0,0.0,0.0
2022-10-21,0.0163855789897354,0.0,0.0,0.9676087234012376,0.9761774370208104,0.9676087234012376,0.0,0.0,0.0
2022-10-21,0.026321374933455,0.0,0.0,0.9676087234012376,0.9761774370208104,0.9676087234012376,0.0,0.0,0.0
2022-10-21,0.0449568744750606,0.0,0.0,0.9676087234012376,0.9761774370208104,0.9676087234012376,0.0,0.0,0.0
2022-10-22,0.0023237085067962,0.0,0.0,0.9676087234012376,0.9761774370208104,0.9676087234012376,0.0,0.0,0.0
2022-10-22,0.0147245374899446,0.0,0.0,0.9676087234012376,0.9761774370208104,0.9676087234012376,0.0,0.0,0.0
2022-10-22,0.0010691766023178,0.0,0.0,0.9676087234012376,0.9761774370208104,0.9676087234012376,0.0,0.0,0.0
2022-10-22,0.0,0.0,0.0,0.9676087234012376,0.9761774370208104,0.9676087234012376,0.0,0.0,0.0
2022-10-22,0.0258395606104926,0.0,0.0,0.9676087234012376,0.9761774370208104,0.9676087234012376,0.0,0.0,0.0
2022-10-22,0.0071868778041354,0.0,0.0,0.9676087234012376,0.9761774370208104,0.9676087234012376,0.0,0.0,0.0
2022-10-22,0.0116829221413879,0.0,0.0,0.9676087234012376,0.9761774370208104,0.9676087234012376,0.0,0.0,0.0
2022-10-22,0.0017345516567712,0.0,0.0,0.9676087234012376,0.9761774370208104,0.9676087234012376,0.0,0.0,0.0
2022-10-22,0.0010094508861296,0.0,0.0,0.9676087234012376,0.9761774370208104,0.9676087234012376,0.0,0.0,0.0
2022-10-22,0.0005637598343491,0.0,0.0,0.9676087234012376,0.9761774370208104,0.9676087234012376,0.0,0.0,0.0
2022-10-23,0.0,0.0,0.0,0.9676087234012376,0.9761774370208104,0.9676087234012376,0.0,0.0,0.0
2022-10-23,0.0,0.0,0.0,0.9676087234012376,0.9761774370208104,0.9676087234012376,0.0,0.0,0.0
2022-10-23,0.0,0.0,0.0,0.9676087234012376,0.9761774370208104,0.9676087234012376,0.0,0.0,0.0
2022-10-23,0.0,0.0,0.0,0.9676087234012376,0.9761774370208104,0.9676087234012376,0.0,0.0,0.0
2022-10-23,0.0,0.0,0.0,0.9676087234012376,0.9761774370208104,0.9676087234012376,0.0,0.0,0.0
2022-10-23,0.0,0.0,0.0,0.9676087234012376,0.9761774370208104,0.9676087234012376,0.0,0.0,0.0
2022-10-23,0.0,0.0,0.0,0.9676087234012376,0.9761774370208104,0.9676087234012376,0.0,0.0,0.0
2022-10-23,0.0,0.0,0.0,0.9676087234012376,0.9761774370208104,0.9676087234012376,0.0,0.0,0.0
2022-10-23,0.0,0.0,0.0,0.9676087234012376,0.9761774370208104,0.9676087234012376,0.0,0.0,0.0
2022-10-23,0.0,0.0,0.0,0.9676087234012376,0.9761774370208104,0.9676087234012376,0.0,0.0,0.0
2022-10-24,0.0,0.0,0.0,0.9676087234012376,0.9761774370208104,0.9676087234012376,0.0,0.0,0.0
2022-10-24,0.0,0.0,0.0,0.9676087234012376,0.9761774370208104,0.9676087234012376,0.0,0.0,0.0
2022-10-24,0.0,0.0,0.0,0.9676087234012376,0.9761774370208104,0.9676087234012376,0.0,0.0,0.0
2022-10-24,0.0,0.0,0.0,0.9676087234012376,0.9761774370208104,0.9676087234012376,0.0,0.0,0.0
2022-10-24,0.0,0.0,0.0,0.9676087234012376,0.9761774370208104,0.9676087234012376,0.0,0.0,0.0
2022-10-24,0.0,0.0,0.0,0.9676087234012376,0.9761774370208104,0.9676087234012376,0.0,0.0,0.0
2022-10-24,0.0,0.0,0.0,0.9676087234012376,0.9761774370208104,0.9676087234012376,0.0,0.0,0.0
2022-10-24,0.0,0.0,0.0,0.9676087234012376,0.9761774370208104,0.9676087234012376,0.0,0.0,0.0
2022-10-24,0.0,0.0,0.0,0.9676087234012376,0.9761774370208104,0.9676087234012376,0.0,0.0,0.0
2022-10-24,0.0,0.0,0.0,0.9676087234012376,0.9761774370208104,0.9676087234012376,0.0,0.0,0.0
2022-10-25,0.0,0.0,0.0,0.9676087234012376,0.9761774370208104,0.9676087234012376,0.0,0.0,0.0
2022-10-25,0.0,0.0,0.0,0.9676087234012376,0.9761774370208104,0.9676087234012376,0.0,0.0,0.0
2022-10-25,0.0,0.0,0.0,0.9676087234012376,0.9761774370208104,0.9676087234012376,0.0,0.0,0.0
2022-10-25,0.0,0.0,0.0,0.9676087234012376,0.9761774370208104,0.9676087234012376,0.0,0.0,0.0
2022-10-25,0.0,0.0,0.0,0.9676087234012376,0.9761774370208104,0.9676087234012376,0.0,0.0,0.0
2022-10-25,0.0,0.0,0.0,0.9676087234012376,0.9761774370208104,0.9676087234012376,0.0,0.0,0.0
2022-10-25,0.0,0.0,0.0,0.9676087234012376,0.9761774370208104,0.9676087234012376,0.0,0.0,0.0
2022-10-25,0.0,0.0,0.0,0.9676087234012376,0.9761774370208104,0.9676087234012376,0.0,0.0,0.0
2022-10-25,0.0,0.0,0.0,0.9676087234012376,0.9761774370208104,0.9676087234012376,0.0,0.0,0.0
2022-10-25,0.0,0.0,0.0,0.9676087234012376,0.9761774370208104,0.9676087234012376,0.0,0.0,0.0
2022-10-26,0.0,0.0,0.0,0.9676087234012376,0.9761774370208104,0.9676087234012376,0.0,0.0,0.0
2022-10-26,0.0,0.0,0.0,0.9676087234012376,0.9761774370208104,0.9676087234012376,0.0,0.0,0.0
2022-10-26,0.0,0.0,0.0,0.9676087234012376,0.9761774370208104,0.9676087234012376,0.0,0.0,0.0
2022-10-26,0.0,0.0,0.0,0.9676087234012376,0.9761774370208104,0.9676087234012376,0.0,0.0,0.0
2022-10-26,0.0,0.0,0.0,0.9676087234012376,0.9761774370208104,0.9676087234012376,0.0,0.0,0.0
2022-10-26,0.0,0.0,0.0,0.9676087234012376,0.9761774370208104,0.9676087234012376,0.0,0.0,0.0
2022-10-26,0.0,0.0,0.0,0.9676087234012376,0.9761774370208104,0.9676087234012376,0.0,0.0,0.0
2022-10-26,0.0,0.0,0.0,0.9676087234012376,0.9761774370208104,0.9676087234012376,0.0,0.0,0.0
2022-10-26,0.0,0.0,0.0,0.9676087234012376,0.9761774370208104,0.9676087234012376,0.0,0.0,0.0
2022-10-26,0.0,0.0,0.0,0.9676087234012376,0.9761774370208104,0.9676087234012376,0.0,0.0,0.0
2022-10-27,0.0,0.0,0.0,0.967722186239794,0.9761774370208104,0.9676087234012376,0.0001134628385563996,0.0,0.0001134628385563996
2022-10-27,0.0,0.0,0.0,0.967722186239794,0.9761774370208104,0.967722186239794,0.0,0.0,0.0
2022-10-27,0.0,0.0,0.0,0.967722186239794,0.9761774370208104,0.967722186239794,0.0,0.0,0.0
2022-10-27,0.0,0.0,0.0,0.967722186239794,0.9761774370208104,0.967722186239794,0.0,0.0,0.0
2022-10-27,0.0,0.0,0.0,0.967722186239794,0.9761774370208104,0.967722186239794,0.0,0.0,0.0
2022-10-27,0.0,0.0,0.0,0.967722186239794,0.9761774370208104,0.967722186239794,0.0,0.0,0.0
2022-10-27,0.0,0.0,0.0,0.967722186239794,0.9761774370208104,0.967722186239794,0.0,0.0,0.0
2022-10-27,0.0,0.0,0.0,0.967722186239794,0.9761774370208104,0.967722186239794,0.0,0.0,0.0
2022-10-27,0.0,0.0,0.0,0.967722186239794,0.9761774370208104,0.967722186239794,0.0,0.0,0.0
2022-10-27,0.0,0.0,0.0,0.967722186239794,0.9761774370208104,0.967722186239794,0.0,0.0,0.0
2022-10-28,0.0,0.0,0.0,0.967273062503841,0.975903614457831,0.967722186239794,-0.00044912373595296096,0.0,0.00044912373595296096
2022-10-28,0.0,0.0,0.0,0.967273062503841,0.975903614457831,0.967273062503841,0.0,0.0,0.0
2022-10-28,0.0,0.0,0.0,0.967273062503841,0.975903614457831,0.967273062503841,0.0,0.0,0.0
2022-10-28,0.0,0.0,0.0,0.967273062503841,0.975903614457831,0.967273062503841,0.0,0.0,0.0
2022-10-28,0.0,0.0,0.0,0.967273062503841,0.975903614457831,0.967273062503841,0.0,0.0,0.0
2022-10-28,0.0,0.0,0.0,0.967273062503841,0.975903614457831,0.967273062503841,0.0,0.0,0.0
2022-10-28,0.0,0.0,0.0,0.967273062503841,0.975903614457831,0.967273062503841,0.0,0.0,0.0
2022-10-28,0.0,0.0,0.0,0.967273062503841,0.975903614457831,0.967273062503841,0.0,0.0,0.0
2022-10-28,0.0,0.0,0.0,0.967273062503841,0.975903614457831,0.967273062503841,0.0,0.0,0.0
2022-10-28,0.0,0.0,0.0,0.967273062503841,0.975903614457831,0.967273062503841,0.0,0.0,0.0
2022-10-29,0.0,0.0,0.0,0.9663748150319348,0.9750821467688944,0.967273062503841,-0.000898247471906255,0.0,0.000898247471906255
2022-10-29,0.0,0.0,0.0,0.9663748150319348,0.9750821467688944,0.9663748150319348,0.0,0.0,0.0
2022-10-29,0.0,0.0,0.0,0.9663748150319348,0.9750821467688944,0.9663748150319348,0.0,0.0,0.0
2022-10-29,0.0,0.0,0.0,0.9663748150319348,0.9750821467688944,0.9663748150319348,0.0,0.0,0.0
2022-10-29,0.0,0.0,0.0,0.9663748150319348,0.9750821467688944,0.9663748150319348,0.0,0.0,0.0
2022-10-29,0.0,0.0,0.0,0.9663748150319348,0.9750821467688944,0.9663748150319348,0.0,0.0,0.0
2022-10-29,0.0,0.0,0.0,0.9663748150319348,0.9750821467688944,0.9663748150319348,0.0,0.0,0.0
2022-10-29,0.0,0.0,0.0,0.9663748150319348,0.9750821467688944,0.9663748150319348,0.0,0.0,0.0
2022-10-29,0.0,0.0,0.0,0.9663748150319348,0.9750821467688944,0.9663748150319348,0.0,0.0,0.0
2022-10-29,0.0,0.0,0.0,0.9663748150319348,0.9750821467688944,0.9663748150319348,0.0,0.0,0.0
2022-10-30,0.0,0.0,0.0,0.9656987656188688,0.9748083242059132,0.9663748150319348,-0.0006760494130659822,0.0,0.0006760494130659822
2022-10-30,0.0,0.0,0.0,0.9656987656188688,0.9748083242059132,0.9656987656188688,0.0,0.0,0.0
2022-10-30,0.0,0.0,0.0,0.9656987656188688,0.9748083242059132,0.9656987656188688,0.0,0.0,0.0
2022-10-30,0.0,0.0,0.0,0.9656987656188688,0.9748083242059132,0.9656987656188688,0.0,0.0,0.0
2022-10-30,0.0,0.0,0.0,0.9656987656188688,0.9748083242059132,0.9656987656188688,0.0,0.0,0.0
2022-10-30,0.0,0.0,0.0,0.9656987656188688,0.9748083242059132,0.9656987656188688,0.0,0.0,0.0
2022-10-30,0.0,0.0,0.0,0.9656987656188688,0.9748083242059132,0.9656987656188688,0.0,0.0,0.0
2022-10-30,0.0,0.0,0.0,0.9656987656188688,0.9748083242059132,0.9656987656188688,0.0,0.0,0.0
2022-10-30,0.0,0.0,0.0,0.9656987656188688,0.9748083242059132,0.9656987656188688,0.0,0.0,0.0
2022-10-30,0.0,0.0,0.0,0.9656987656188688,0.9748083242059132,0.9656987656188688,0.0,0.0,0.0
2022-10-31,0.0,0.0,0.0,0.9651361790443592,0.974260679079956,0.9656987656188688,-0.0005625865745095826,0.0,0.0005625865745095826
2022-10-31,0.0,0.0,0.0,0.9651361790443592,0.974260679079956,0.9651361790443592,0.0,0.0,0.0
2022-10-31,0.0,0.0,0.0,0.9651361790443592,0.974260679079956,0.9651361790443592,0.0,0.0,0.0
2022-10-31,0.0,0.0,0.0,0.9651361790443592,0.974260679079956,0.9651361790443592,0.0,0.0,0.0
2022-10-31,0.0,0.0,0.0,0.9651361790443592,0.974260679079956,0.9651361790443592,0.0,0.0,0.0
2022-10-31,0.0,0.0,0.0,0.9651361790443592,0.974260679079956,0.9651361790443592,0.0,0.0,0.0
2022-10-31,0.0,0.0,0.0,0.9651361790443592,0.974260679079956,0.9651361790443592,0.0,0.0,0.0
2022-10-31,0.0,0.0,0.0,0.9651361790443592,0.974260679079956,0.9651361790443592,0.0,0.0,0.0
2022-10-31,0.0,0.0,0.0,0.9651361790443592,0.974260679079956,0.9651361790443592,0.0,0.0,0.0
2022-10-31,0.0,0.0,0.0,0.9651361790443592,0.974260679079956,0.9651361790443592,0.0,0.0,0.0
2022-11-01,0.0,0.0,0.0,0.9643490306018728,0.9737130339539988,0.9651361790443592,-0.0007871484424863961,0.0,0.0007871484424863961
2022-11-01,0.0,0.0,0.0,0.9643490306018728,0.9737130339539988,0.9643490306018728,0.0,0.0,0.0
2022-11-01,0.0,0.0,0.0,0.9643490306018728,0.9737130339539988,0.9643490306018728,0.0,0.0,0.0
2022-11-01,0.0,0.0,0.0,0.9643490306018728,0.9737130339539988,0.9643490306018728,0.0,0.0,0.0
2022-11-01,0.0,0.0,0.0,0.9643490306018728,0.9737130339539988,0.9643490306018728,0.0,0.0,0.0
2022-11-01,0.0,0.0,0.0,0.9643490306018728,0.9737130339539988,0.9643490306018728,0.0,0.0,0.0
2022-11-01,0.0,0.0,0.0,0.9643490306018728,0.9737130339539988,0.9643490306018728,0.0,0.0,0.0
2022-11-01,0.0,0.0,0.0,0.9643490306018728,0.9737130339539988,0.9643490306018728,0.0,0.0,0.0
2022-11-01,0.0,0.0,0.0,0.9643490306018728,0.9737130339539988,0.9643490306018728,0.0,0.0,0.0
2022-11-01,0.0,0.0,0.0,0.9643490306018728,0.9737130339539988,0.9643490306018728,0.0,0.0,0.0
2022-11-02,3.947542505619007e-05,0.0,0.0,0.9632238574528538,0.9728915662650603,0.9643490306018728,-0.0011251731490190542,0.0016653744510053293,0.0027905476000243835
2022-11-02,1.5172694287974732e-05,0.0,0.0,0.9632238574528538,0.9728915662650603,0.9632238574528538,0.0,0.00031197552984781773,0.00031197552984781773
2022-11-02,0.0,0.0,0.0,0.9632238574528538,0.9728915662650603,0.9632238574528538,0.0,0.0,0.0
2022-11-02,0.001009187195106,0.0,0.0,0.9632238574528538,0.9728915662650603,0.9632238574528538,0.0,0.0,0.0
2022-11-02,0.0,0.0,0.0,0.9632238574528538,0.9728915662650603,0.9632238574528538,0.0,0.0,0.0
2022-11-02,0.0,0.0,0.0,0.9632238574528538,0.9728915662650603,0.9632238574528538,0.0,0.0,0.0
2022-11-02,0.0,0.0,0.0,0.9632238574528538,0.9728915662650603,0.9632238574528538,0.0,0.0,0.0
2022-11-02,0.0,0.0,0.0,0.9632238574528538,0.9728915662650603,0.9632238574528538,0.0,0.0,0.0
2022-11-02,0.0,0.0,0.0,0.9632238574528538,0.9728915662650603,0.9632238574528538,0.0,0.0,0.0
2022-11-02,0.0,0.0,0.0,0.9632238574528538,0.9728915662650603,0.9632238574528538,0.0,0.0,0.0
2022-11-03,0.0,0.0,0.0,0.961874122435858,0.9717962760131442,0.9632238574528538,-0.0013497350169957567,0.0,0.0013497350169957567
2022-11-03,0.0,0.0,0.0,0.961874122435858,0.9717962760131442,0.961874122435858,0.0,0.0,0.0
2022-11-03,0.0,0.0,0.0,0.961874122435858,0.9717962760131442,0.961874122435858,0.0,0.0,0.0
2022-11-03,0.0,0.0,0.0,0.961874122435858,0.9717962760131442,0.961874122435858,0.0,0.0,0.0
2022-11-03,0.0,0.0,0.0,0.961874122435858,0.9717962760131442,0.961874122435858,0.0,0.0,0.0
2022-11-03,0.0,0.0,0.0,0.961874122435858,0.9717962760131442,0.961874122435858,0.0,0.0,0.0
2022-11-03,0.0,0.0,0.0,0.961874122435858,0.9717962760131442,0.961874122435858,0.0,0.0,0.0
2022-11-03,0.0,0.0,0.0,0.961874122435858,0.9717962760131442,0.961874122435858,0.0,0.0,0.0
2022-11-03,0.0,0.0,0.0,0.961874122435858,0.9717962760131442,0.961874122435858,0.0,0.0,0.0
2022-11-03,0.0,0.0,0.0,0.961874122435858,0.9717962760131442,0.961874122435858,0.0,0.0,0.0
2022-11-04,0.0,0.0,0.0,0.961874122435858,0.9717962760131442,0.961874122435858,0.0,0.0,0.0
2022-11-04,0.0,0.0,0.0,0.961874122435858,0.9717962760131442,0.961874122435858,0.0,0.0,0.0
2022-11-04,0.0,0.0,0.0,0.961874122435858,0.9717962760131442,0.961874122435858,0.0,0.0,0.0
2022-11-04,0.0,0.0,0.0,0.961874122435858,0.9717962760131442,0.961874122435858,0.0,0.0,0.0
2022-11-04,0.0,0.0,0.0,0.961874122435858,0.9717962760131442,0.961874122435858,0.0,0.0,0.0
2022-11-04,0.0,0.0,0.0,0.961874122435858,0.9717962760131442,0.961874122435858,0.0,0.0,0.0
2022-11-04,0.0,0.0,0.0,0.961874122435858,0.9717962760131442,0.961874122435858,0.0,0.0,0.0
2022-11-04,0.0,0.0,0.0,0.961874122435858,0.9717962760131442,0.961874122435858,0.0,0.0,0.0
2022-11-04,0.0,0.0,0.0,0.961874122435858,0.9717962760131442,0.961874122435858,0.0,0.0,0.0
2022-11-04,0.0,0.0,0.0,0.961874122435858,0.9717962760131442,0.961874122435858,0.0,0.0,0.0
2022-11-05,0.0,0.0,0.0,0.961874122435858,0.9717962760131442,0.961874122435858,0.0,0.0,0.0
2022-11-05,0.0,0.0,0.0,0.961874122435858,0.9717962760131442,0.961874122435858,0.0,0.0,0.0
2022-11-05,0.0,0.0,0.0,0.961874122435858,0.9717962760131442,0.961874122435858,0.0,0.0,0.0
2022-11-05,0.0,0.0,0.0,0.961874122435858,0.9717962760131442,0.961874122435858,0.0,0.0,0.0
2022-11-05,0.0,0.0,0.0,0.961874122435858,0.9717962760131442,0.961874122435858,0.0,0.0,0.0
2022-11-05,0.0,0.0,0.0,0.961874122435858,0.9717962760131442,0.961874122435858,0.0,0.0,0.0
2022-11-05,0.0,0.0,0.0,0.961874122435858,0.9717962760131442,0.961874122435858,0.0,0.0,0.0
2022-11-05,0.0,0.0,0.0,0.961874122435858,0.9717962760131442,0.961874122435858,0.0,0.0,0.0
2022-11-05,0.0,0.0,0.0,0.961874122435858,0.9717962760131442,0.961874122435858,0.0,0.0,0.0
2022-11-05,0.0,0.0,0.0,0.961874122435858,0.9717962760131442,0.961874122435858,0.0,0.0,0.0
2022-11-06,1.1971420184867944e-05,0.0,0.0,0.961874122435858,0.9717962760131442,0.961874122435858,0.0,0.0006239510596956355,0.0006239510596956355
2022-11-06,0.0,0.0,0.0,0.961874122435858,0.9717962760131442,0.961874122435858,0.0,0.0,0.0
2022-11-06,0.0295409909990069,0.0,0.0,0.961874122435858,0.9717962760131442,0.961874122435858,0.0,0.0,0.0
2022-11-06,0.0005791565286569,0.0,0.0,0.961874122435858,0.9717962760131442,0.961874122435858,0.0,0.0,0.0
2022-11-06,0.0005821341065622,0.0,0.0,0.961874122435858,0.9717962760131442,0.961874122435858,0.0,0.0,0.0
2022-11-06,0.0020630124331065,0.0,0.0,0.961874122435858,0.9717962760131442,0.961874122435858,0.0,0.0,0.0
2022-11-06,0.0034149861905928,0.0,0.0,0.961874122435858,0.9717962760131442,0.961874122435858,0.0,2.5860071954351138e-05,2.5860071954351138e-05
2022-11-06,0.0001550923350728,0.0,0.0,0.961874122435858,0.9717962760131442,0.961874122435858,0.0,0.0,0.0
2022-11-06,0.0,0.0,0.0,0.961874122435858,0.9717962760131442,0.961874122435858,0.0,0.0,0.0
2022-11-06,0.0166922112116672,0.0,0.0,0.961874122435858,0.9717962760131442,0.961874122435858,0.0,0.0,0.0
2022-11-07,0.0007785779499044,0.0,0.0,0.961874122435858,0.9717962760131442,0.961874122435858,0.0,0.0,0.0
2022-11-07,0.0,0.0,0.0,0.961874122435858,0.9717962760131442,0.961874122435858,0.0,0.0,0.0
2022-11-07,8.88631324367966e-06,0.0,0.0,0.961874122435858,0.9717962760131442,0.961874122435858,0.0,0.009827229190206241,0.009827229190206241
2022-11-07,0.0,0.0,0.0,0.961874122435858,0.9717962760131442,0.961874122435858,0.0,0.0,0.0
2022-11-07,0.0,0.0,0.0,0.961874122435858,0.9717962760131442,0.961874122435858,0.0,0.0,0.0
2022-11-07,0.0093393556356552,0.0,0.0,0.961874122435858,0.9717962760131442,0.961874122435858,0.0,0.0,0.0
2022-11-07,0.0020503258524884,0.0,0.0,0.961874122435858,0.9717962760131442,0.961874122435858,0.0,0.0,0.0
2022-11-07,0.0015177716402634,0.0,0.0,0.961874122435858,0.9717962760131442,0.961874122435858,0.0,0.0,0.0
2022-11-07,6.892992683912486e-05,0.0,0.0,0.961874122435858,0.9717962760131442,0.961874122435858,0.0,0.0,0.0
2022-11-07,0.0,0.0,0.0,0.961874122435858,0.9717962760131442,0.961874122435858,0.0,0.0,0.0
2022-11-08,0.0,0.0,0.0,0.961874122435858,0.9717962760131442,0.961874122435858,0.0,0.0,0.0
2022-11-08,5.780073654274507e-06,0.0,0.0,0.961874122435858,0.9717962760131442,0.961874122435858,0.0,0.0053035840074129,0.0053035840074129
2022-11-08,0.0011066072069678,0.0,0.0,0.961874122435858,0.9717962760131442,0.961874122435858,0.0,0.0,0.0
2022-11-08,0.0,0.0,0.0,0.961874122435858,0.9717962760131442,0.961874122435858,0.0,0.0,0.0
2022-11-08,0.0,0.0,0.0,0.961874122435858,0.9717962760131442,0.961874122435858,0.0,0.0,0.0
2022-11-08,0.0,0.0,0.0,0.961874122435858,0.9717962760131442,0.961874122435858,0.0,0.0,0.0
2022-11-08,0.0,0.0,0.0,0.961874122435858,0.9717962760131442,0.961874122435858,0.0,0.0,0.0
2022-11-08,0.0,0.0,0.0,0.961874122435858,0.9717962760131442,0.961874122435858,0.0,0.0,0.0
2022-11-08,0.0,0.0,0.0,0.961874122435858,0.9717962760131442,0.961874122435858,0.0,0.0,0.0
2022-11-08,0.0,0.0,0.0,0.961874122435858,0.9717962760131442,0.961874122435858,0.0,0.0,0.0
2022-11-09,0.0,0.0,0.0,0.961874122435858,0.9717962760131442,0.961874122435858,0.0,0.0,0.0
2022-11-09,0.0,0.0,0.0,0.961874122435858,0.9717962760131442,0.961874122435858,0.0,0.0,0.0
2022-11-09,0.0,0.0,0.0,0.961874122435858,0.9717962760131442,0.961874122435858,0.0,0.0,0.0
2022-11-09,0.0,0.0,0.0,0.961874122435858,0.9717962760131442,0.961874122435858,0.0,0.0,0.0
2022-11-09,0.0,0.0,0.0,0.961874122435858,0.9717962760131442,0.961874122435858,0.0,0.0,0.0
2022-11-09,0.0002741683405265,0.0,0.0,0.961874122435858,0.9717962760131442,0.961874122435858,0.0,2.8684823872575093e-05,2.8684823872575093e-05
2022-11-09,0.0,0.0,0.0,0.961874122435858,0.9717962760131442,0.961874122435858,0.0,0.0,0.0
2022-11-09,0.0,0.0,0.0,0.961874122435858,0.9717962760131442,0.961874122435858,0.0,0.0,0.0
2022-11-09,0.0,0.0,0.0,0.961874122435858,0.9717962760131442,0.961874122435858,0.0,0.0,0.0
2022-11-09,4.204987276689697e-06,0.0,0.0,0.961874122435858,0.9717962760131442,0.961874122435858,0.0,0.00031197552984781773,0.00031197552984781773
2022-11-10,0.0058735347393825,0.0,0.0,0.9906724091469958,0.9679627601314332,0.961874122435858,0.02879828671113782,0.0,0.02879828671113782
2022-11-10,0.0190492315191709,0.0,0.0,0.9906724091469958,0.9679627601314332,0.9906724091469958,0.0,0.0,0.0
2022-11-10,0.1208425531967005,0.0,0.0,0.9906724091469958,0.9679627601314332,0.9906724091469958,0.0,0.00010682053488273225,0.00010682053488273225
2022-11-10,0.0304651531441741,0.0,0.0,0.9906724091469958,0.9679627601314332,0.9906724091469958,0.0,0.0,0.0
2022-11-10,0.0347530576218287,0.0,0.0,0.9906724091469958,0.9679627601314332,0.9906724091469958,0.0,0.0,0.0
2022-11-10,0.1244747569503469,0.0,0.0,0.9906724091469958,0.9679627601314332,0.9906724091469958,0.0,7.304170232077967e-05,7.304170232077967e-05
2022-11-10,0.0815421339327508,0.0,0.0,0.9906724091469958,0.9679627601314332,0.9906724091469958,0.0,0.0,0.0
2022-11-10,0.1371433540920972,0.0,0.0,0.9906724091469958,0.9679627601314332,0.9906724091469958,0.0,3.262056608501318e-05,3.262056608501318e-05
2022-11-10,0.0533911575053522,0.0,0.0,0.9906724091469958,0.9679627601314332,0.9906724091469958,0.0,0.0,0.0
2022-11-10,0.2337518123376382,0.0,0.0,0.9906724091469958,0.9679627601314332,0.9906724091469958,0.0,0.0,0.0
2022-11-11,0.0025149364209938,0.0,0.0,0.9906724091469958,0.9679627601314332,0.9906724091469958,0.0,0.0,0.0
2022-11-11,0.0029539713365715,0.0,0.0,0.9906724091469958,0.9679627601314332,0.9906724091469958,0.0,0.0,0.0
2022-11-11,0.0027386889948644,0.0,0.0,0.9906724091469958,0.9679627601314332,0.9906724091469958,0.0,0.0,0.0
2022-11-11,0.0015220811297021,0.0,0.0,0.9906724091469958,0.9679627601314332,0.9906724091469958,0.0,0.0,0.0
2022-11-11,0.0005530847381819,0.0,0.0,0.9906724091469958,0.9679627601314332,0.9906724091469958,0.0,2.8129328725501335e-06,2.8129328725501335e-06
2022-11-11,0.0005251479142856,0.0,0.0,0.9906724091469958,0.9679627601314332,0.9906724091469958,0.0,5.625865745100267e-06,5.625865745100267e-06
2022-11-11,0.0,0.0,0.0,0.9906724091469958,0.9679627601314332,0.9906724091469958,0.0,0.0,0.0
2022-11-11,0.0,0.0,0.0,0.9906724091469958,0.9679627601314332,0.9906724091469958,0.0,0.0,0.0
2022-11-11,0.0,0.0,0.0,0.9906724091469958,0.9679627601314332,0.9906724091469958,0.0,0.0,0.0
2022-11-11,0.0001103559836988,0.0,0.0,0.9906724091469958,0.9679627601314332,0.9906724091469958,0.0,2.8684823872575093e-05,2.8684823872575093e-05
2022-11-12,0.0,0.0,0.0,0.9906724091469958,0.9679627601314332,0.9906724091469958,0.0,0.0,0.0
2022-11-12,0.0,0.0,0.0,0.9906724091469958,0.9679627601314332,0.9906724091469958,0.0,0.0,0.0
2022-11-12,0.0,0.0,0.0,0.9906724091469958,0.9679627601314332,0.9906724091469958,0.0,0.0,0.0
2022-11-12,0.0,0.0,0.0,0.9906724091469958,0.9679627601314332,0.9906724091469958,0.0,0.0,0.0
2022-11-12,0.0,0.0,0.0,0.9906724091469958,0.9679627601314332,0.9906724091469958,0.0,0.0,0.0
2022-11-12,0.0,0.0,0.0,0.9906724091469958,0.9679627601314332,0.9906724091469958,0.0,0.0,0.0
2022-11-12,0.0,0.0,0.0,0.9906724091469958,0.9679627601314332,0.9906724091469958,0.0,0.0,0.0
2022-11-12,0.0,0.0,0.0,0.9906724091469958,0.9679627601314332,0.9906724091469958,0.0,0.0,0.0
2022-11-12,0.0,0.0,0.0,0.9906724091469958,0.9679627601314332,0.9906724091469958,0.0,0.0,0.0
2022-11-12,0.0,0.0,0.0,0.9906724091469958,0.9679627601314332,0.9906724091469958,0.0,0.0,0.0
2022-11-13,0.0,0.0,0.0,0.9906724091469958,0.9679627601314332,0.9906724091469958,0.0,0.0,0.0
2022-11-13,0.0,0.0,0.0,0.9906724091469958,0.9679627601314332,0.9906724091469958,0.0,0.0,0.0
2022-11-13,0.0,0.0,0.0,0.9906724091469958,0.9679627601314332,0.9906724091469958,0.0,0.0,0.0
2022-11-13,0.0,0.0,0.0,0.9906724091469958,0.9679627601314332,0.9906724091469958,0.0,0.0,0.0
2022-11-13,0.0,0.0,0.0,0.9906724091469958,0.9679627601314332,0.9906724091469958,0.0,0.0,0.0
2022-11-13,0.0,0.0,0.0,0.9906724091469958,0.9679627601314332,0.9906724091469958,0.0,0.0,0.0
2022-11-13,0.0,0.0,0.0,0.9906724091469958,0.9679627601314332,0.9906724091469958,0.0,0.0,0.0
2022-11-13,0.0,0.0,0.0,0.9906724091469958,0.9679627601314332,0.9906724091469958,0.0,0.0,0.0
2022-11-13,0.0,0.0,0.0,0.9906724091469958,0.9679627601314332,0.9906724091469958,0.0,0.0,0.0
2022-11-13,0.0,0.0,0.0,0.9906724091469958,0.9679627601314332,0.9906724091469958,0.0,0.0,0.0
2022-11-14,0.0303823318022026,0.0,0.0,0.9906724091469958,0.9679627601314332,0.9906724091469958,0.0,0.0,0.0
2022-11-14,0.0002583663111084,0.0,0.0,0.9906724091469958,0.9679627601314332,0.9906724091469958,0.0,5.736964774515019e-05,5.736964774515019e-05
2022-11-14,0.0647453182215147,0.0,0.0,0.9906724091469958,0.9679627601314332,0.9906724091469958,0.0,0.0004916723004117685,0.0004916723004117685
2022-11-14,0.0178730179300887,0.0,0.0,0.9906724091469958,0.9679627601314332,0.9906724091469958,0.0,0.0,0.0
2022-11-14,0.010327679873107,0.0,0.0,0.9906724091469958,0.9679627601314332,0.9906724091469958,0.0,0.0,0.0
2022-11-14,6.263998187449876e-05,0.0,0.0,0.9906724091469958,0.9679627601314332,0.9906724091469958,0.0,2.8684823872575093e-05,2.8684823872575093e-05
2022-11-14,0.0327798133716042,0.0,0.0,0.9906724091469958,0.9679627601314332,0.9906724091469958,0.0,0.0,0.0
2022-11-14,0.0123997417718724,0.0,0.0,0.9906724091469958,0.9679627601314332,0.9906724091469958,0.0,0.0,0.0
2022-11-14,0.0299898267534859,0.0,0.0,0.9906724091469958,0.9679627601314332,0.9906724091469958,0.0,0.0,0.0
2022-11-14,0.0011371301662669,0.0,0.0,0.9906724091469958,0.9679627601314332,0.9906724091469958,0.0,0.0,0.0
2022-11-15,0.0311655442239308,0.0,0.0,0.9906724091469958,0.9679627601314332,0.9906724091469958,0.0,2.623828141620932e-05,2.623828141620932e-05
2022-11-15,0.0738329660598921,0.0,0.0,0.9906724091469958,0.9679627601314332,0.9906724091469958,0.0,0.0,0.0
2022-11-15,0.0476524028100513,0.0,0.0,0.9906724091469958,0.9679627601314332,0.9906724091469958,0.0,0.0009533715009715293,0.0009533715009715293
2022-11-15,0.1697168513568134,0.0,0.0,0.9906724091469958,0.9679627601314332,0.9906724091469958,0.0,3.262056608501318e-05,3.262056608501318e-05
2022-11-15,0.1237605739439264,0.0,0.0,0.9906724091469958,0.9679627601314332,0.9906724091469958,0.0,7.191889298089726e-05,7.191889298089726e-05
2022-11-15,0.2284307303261611,0.0,0.0,0.9906724091469958,0.9679627601314332,0.9906724091469958,0.0,0.0,0.0
2022-11-15,0.0174269240519356,0.0,0.0,0.9906724091469958,0.9679627601314332,0.9906724091469958,0.0,0.0,0.0
2022-11-15,0.0758481743184994,0.0,0.0,0.9906724091469958,0.9679627601314332,0.9906724091469958,0.0,0.0,0.0
2022-11-15,0.1312120354448853,0.0,0.0,0.9906724091469958,0.9679627601314332,0.9906724091469958,0.0,0.0023786420389272016,0.0023786420389272016
2022-11-15,0.1751939796716722,0.0,0.0,0.9906724091469958,0.9679627601314332,0.9906724091469958,0.0,0.0004003819915564755,0.0004003819915564755
2022-11-16,0.0001444725748515,0.0,0.0,0.9906724091469958,0.9679627601314332,0.9906724091469958,0.0,2.8684823872575093e-05,2.8684823872575093e-05
2022-11-16,0.0,0.0,0.0,0.9906724091469958,0.9679627601314332,0.9906724091469958,0.0,0.0,0.0
2022-11-16,0.0,0.0,0.0,0.9906724091469958,0.9679627601314332,0.9906724091469958,0.0,0.0,0.0
2022-11-16,0.0,0.0,0.0,0.9906724091469958,0.9679627601314332,0.9906724091469958,0.0,0.0,0.0
2022-11-16,0.0,0.0,0.0,0.9906724091469958,0.9679627601314332,0.9906724091469958,0.0,0.0,0.0
2022-11-16,0.0,0.0,0.0,0.9906724091469958,0.9679627601314332,0.9906724091469958,0.0,0.0,0.0
2022-11-16,0.0013289564900446,0.0,0.0,0.9906724091469958,0.9679627601314332,0.9906724091469958,0.0,0.0,0.0
2022-11-16,0.0,0.0,0.0,0.9906724091469958,0.9679627601314332,0.9906724091469958,0.0,0.0,0.0
2022-11-16,0.000188609972035,0.0,0.0,0.9906724091469958,0.9679627601314332,0.9906724091469958,0.0,4.7808039787625153e-05,4.7808039787625153e-05
2022-11-16,0.0,0.0,0.0,0.9906724091469958,0.9679627601314332,0.9906724091469958,0.0,0.0,0.0
2022-11-17,0.0,0.0,0.0,0.9887813618377196,0.9660460021905806,0.9906724091469958,-0.0018910473092762503,0.0,0.0018910473092762503
2022-11-17,0.0,0.0,0.0,0.9887813618377196,0.9660460021905806,0.9887813618377196,0.0,0.0,0.0
2022-11-17,0.0,0.0,0.0,0.9887813618377196,0.9660460021905806,0.9887813618377196,0.0,0.0,0.0
2022-11-17,0.0,0.0,0.0,0.9887813618377196,0.9660460021905806,0.9887813618377196,0.0,0.0,0.0
2022-11-17,0.0,0.0,0.0,0.9887813618377196,0.9660460021905806,0.9887813618377196,0.0,0.0,0.0
2022-11-17,0.0,0.0,0.0,0.9887813618377196,0.9660460021905806,0.9887813618377196,0.0,0.0,0.0
2022-11-17,0.0,0.0,0.0,0.9887813618377196,0.9660460021905806,0.9887813618377196,0.0,0.0,0.0
2022-11-17,0.0,0.0,0.0,0.9887813618377196,0.9660460021905806,0.9887813618377196,0.0,0.0,0.0
2022-11-17,0.0,0.0,0.0,0.9887813618377196,0.9660460021905806,0.9887813618377196,0.0,0.0,0.0
2022-11-17,0.0,0.0,0.0,0.9887813618377196,0.9660460021905806,0.9887813618377196,0.0,0.0,0.0
2022-11-18,0.0,0.0,0.0,0.9536646133044632,0.9657721796276012,0.9887813618377196,-0.035116748533256414,0.0,0.035116748533256414
2022-11-18,0.0,0.0,0.0,0.9536646133044632,0.9657721796276012,0.9536646133044632,0.0,0.0,0.0
2022-11-18,0.0,0.0,0.0,0.9536646133044632,0.9657721796276012,0.9536646133044632,0.0,0.0,0.0
2022-11-18,0.0,0.0,0.0,0.9536646133044632,0.9657721796276012,0.9536646133044632,0.0,0.0,0.0
2022-11-18,0.0,0.0,0.0,0.9536646133044632,0.9657721796276012,0.9536646133044632,0.0,0.0,0.0
2022-11-18,0.0,0.0,0.0,0.9536646133044632,0.9657721796276012,0.9536646133044632,0.0,0.0,0.0
2022-11-18,0.0,0.0,0.0,0.9536646133044632,0.9657721796276012,0.9536646133044632,0.0,0.0,0.0
2022-11-18,0.0,0.0,0.0,0.9536646133044632,0.9657721796276012,0.9536646133044632,0.0,0.0,0.0
2022-11-18,0.0,0.0,0.0,0.9536646133044632,0.9657721796276012,0.9536646133044632,0.0,0.0,0.0
2022-11-18,0.0,0.0,0.0,0.9536646133044632,0.9657721796276012,0.9536646133044632,0.0,0.0,0.0
2022-11-19,0.0,0.0,0.0,0.9517546555220944,0.9644030668127056,0.9536646133044632,-0.0019099577823687985,0.0,0.0019099577823687985
2022-11-19,0.0,0.0,0.0,0.9517546555220944,0.9644030668127056,0.9517546555220944,0.0,0.0,0.0
2022-11-19,0.0,0.0,0.0,0.9517546555220944,0.9644030668127056,0.9517546555220944,0.0,0.0,0.0
2022-11-19,0.0,0.0,0.0,0.9517546555220944,0.9644030668127056,0.9517546555220944,0.0,0.0,0.0
2022-11-19,0.0,0.0,0.0,0.9517546555220944,0.9644030668127056,0.9517546555220944,0.0,0.0,0.0
2022-11-19,0.0,0.0,0.0,0.9517546555220944,0.9644030668127056,0.9517546555220944,0.0,0.0,0.0
2022-11-19,0.0,0.0,0.0,0.9517546555220944,0.9644030668127056,0.9517546555220944,0.0,0.0,0.0
2022-11-19,0.0,0.0,0.0,0.9517546555220944,0.9644030668127056,0.9517546555220944,0.0,0.0,0.0
2022-11-19,0.0,0.0,0.0,0.9517546555220944,0.9644030668127056,0.9517546555220944,0.0,0.0,0.0
2022-11-19,0.0,0.0,0.0,0.9517546555220944,0.9644030668127056,0.9517546555220944,0.0,0.0,0.0
2022-11-20,0.0,0.0,0.0,0.9497288710920324,0.9627601314348286,0.9517546555220944,-0.002025784430061961,0.0,0.002025784430061961
2022-11-20,0.0,0.0,0.0,0.9497288710920324,0.9627601314348286,0.9497288710920324,0.0,0.0,0.0
2022-11-20,0.0,0.0,0.0,0.9497288710920324,0.9627601314348286,0.9497288710920324,0.0,0.0,0.0
2022-11-20,0.0,0.0,0.0,0.9497288710920324,0.9627601314348286,0.9497288710920324,0.0,0.0,0.0
2022-11-20,0.0,0.0,0.0,0.9497288710920324,0.9627601314348286,0.9497288710920324,0.0,0.0,0.0
2022-11-20,0.0,0.0,0.0,0.9497288710920324,0.9627601314348286,0.9497288710920324,0.0,0.0,0.0
2022-11-20,0.0,0.0,0.0,0.9497288710920324,0.9627601314348286,0.9497288710920324,0.0,0.0,0.0
2022-11-20,0.0,0.0,0.0,0.9497288710920324,0.9627601314348286,0.9497288710920324,0.0,0.0,0.0
2022-11-20,0.0,0.0,0.0,0.9497288710920324,0.9627601314348286,0.9497288710920324,0.0,0.0,0.0
2022-11-20,0.0,0.0,0.0,0.9497288710920324,0.9627601314348286,0.9497288710920324,0.0,0.0,0.0
2022-11-21,0.0,0.0,0.0,0.9478165495005272,0.9613910186199348,0.9497288710920324,-0.0019123215915052283,0.0,0.0019123215915052283
2022-11-21,0.0,0.0,0.0,0.9478165495005272,0.9613910186199348,0.9478165495005272,0.0,0.0,0.0
2022-11-21,0.0,0.0,0.0,0.9478165495005272,0.9613910186199348,0.9478165495005272,0.0,0.0,0.0
2022-11-21,0.0,0.0,0.0,0.9478165495005272,0.9613910186199348,0.9478165495005272,0.0,0.0,0.0
2022-11-21,0.0,0.0,0.0,0.9478165495005272,0.9613910186199348,0.9478165495005272,0.0,0.0,0.0
2022-11-21,0.0,0.0,0.0,0.9478165495005272,0.9613910186199348,0.9478165495005272,0.0,0.0,0.0
2022-11-21,0.0,0.0,0.0,0.9478165495005272,0.9613910186199348,0.9478165495005272,0.0,0.0,0.0
2022-11-21,0.0,0.0,0.0,0.9478165495005272,0.9613910186199348,0.9478165495005272,0.0,0.0,0.0
2022-11-21,0.0,0.0,0.0,0.9478165495005272,0.9613910186199348,0.9478165495005272,0.0,0.0,0.0
2022-11-21,0.0,0.0,0.0,0.9478165495005272,0.9613910186199348,0.9478165495005272,0.0,0.0,0.0
2022-11-22,0.0,0.0,0.0,0.9454551041730686,0.9597480832420596,0.9478165495005272,-0.0023614453274586333,0.0,0.0023614453274586333
2022-11-22,0.0,0.0,0.0,0.9454551041730686,0.9597480832420596,0.9454551041730686,0.0,0.0,0.0
2022-11-22,0.0,0.0,0.0,0.9454551041730686,0.9597480832420596,0.9454551041730686,0.0,0.0,0.0
2022-11-22,0.0,0.0,0.0,0.9454551041730686,0.9597480832420596,0.9454551041730686,0.0,0.0,0.0
2022-11-22,0.0,0.0,0.0,0.9454551041730686,0.9597480832420596,0.9454551041730686,0.0,0.0,0.0
2022-11-22,0.0,0.0,0.0,0.9454551041730686,0.9597480832420596,0.9454551041730686,0.0,0.0,0.0
2022-11-22,0.0,0.0,0.0,0.9454551041730686,0.9597480832420596,0.9454551041730686,0.0,0.0,0.0
2022-11-22,0.0,0.0,0.0,0.9454551041730686,0.9597480832420596,0.9454551041730686,0.0,0.0,0.0
2022-11-22,0.0,0.0,0.0,0.9454551041730686,0.9597480832420596,0.9454551041730686,0.0,0.0,0.0
2022-11-22,0.0,0.0,0.0,0.9454551041730686,0.9597480832420596,0.9454551041730686,0.0,0.0,0.0
2022-11-23,0.0,0.0,0.0,0.941519361960638,0.9567360350492872,0.9454551041730686,-0.0039357422124305375,0.0,0.0039357422124305375
2022-11-23,0.0,0.0,0.0,0.941519361960638,0.9567360350492872,0.941519361960638,0.0,0.0,0.0
2022-11-23,0.0,0.0,0.0,0.941519361960638,0.9567360350492872,0.941519361960638,0.0,0.0,0.0
2022-11-23,0.0,0.0,0.0,0.941519361960638,0.9567360350492872,0.941519361960638,0.0,0.0,0.0
2022-11-23,0.0,0.0,0.0,0.941519361960638,0.9567360350492872,0.941519361960638,0.0,0.0,0.0
2022-11-23,0.0,0.0,0.0,0.941519361960638,0.9567360350492872,0.941519361960638,0.0,0.0,0.0
2022-11-23,0.0,0.0,0.0,0.941519361960638,0.9567360350492872,0.941519361960638,0.0,0.0,0.0
2022-11-23,0.0,0.0,0.0,0.941519361960638,0.9567360350492872,0.941519361960638,0.0,0.0,0.0
2022-11-23,0.0,0.0,0.0,0.941519361960638,0.9567360350492872,0.941519361960638,0.0,0.0,0.0
2022-11-23,0.0,0.0,0.0,0.941519361960638,0.9567360350492872,0.941519361960638,0.0,0.0,0.0
2022-11-24,0.0,0.0,0.0,0.9370210331736972,0.9534501642935372,0.941519361960638,-0.004498328786940786,0.0,0.004498328786940786
2022-11-24,0.0,0.0,0.0,0.9370210331736972,0.9534501642935372,0.9370210331736972,0.0,0.0,0.0
2022-11-24,0.0,0.0,0.0,0.9370210331736972,0.9534501642935372,0.9370210331736972,0.0,0.0,0.0
2022-11-24,0.0,0.0,0.0,0.9370210331736972,0.9534501642935372,0.9370210331736972,0.0,0.0,0.0
2022-11-24,0.0,0.0,0.0,0.9370210331736972,0.9534501642935372,0.9370210331736972,0.0,0.0,0.0
2022-11-24,0.0,0.0,0.0,0.9370210331736972,0.9534501642935372,0.9370210331736972,0.0,0.0,0.0
2022-11-24,0.0,0.0,0.0,0.9370210331736972,0.9534501642935372,0.9370210331736972,0.0,0.0,0.0
2022-11-24,0.0,0.0,0.0,0.9370210331736972,0.9534501642935372,0.9370210331736972,0.0,0.0,0.0
2022-11-24,0.0,0.0,0.0,0.9370210331736972,0.9534501642935372,0.9370210331736972,0.0,0.0,0.0
2022-11-24,0.0,0.0,0.0,0.9370210331736972,0.9534501642935372,0.9370210331736972,0.0,0.0,0.0
2022-11-25,0.0,0.0,0.0,0.9317355559442706,0.9493428258488504,0.9370210331736972,-0.005285477229426627,0.003968331817229052,0.00925380904665568
2022-11-25,0.0,0.0,0.0,0.9317355559442706,0.9493428258488504,0.9317355559442706,0.0,0.003968331817229052,0.003968331817229052
2022-11-25,0.0,0.0,0.0,0.9317355559442706,0.9493428258488504,0.9317355559442706,0.0,0.003968331817229052,0.003968331817229052
2022-11-25,0.0,0.0,0.0,0.9317355559442706,0.9493428258488504,0.9317355559442706,0.0,0.003968331817229052,0.003968331817229052
2022-11-25,0.0,0.0,0.0,0.9317355559442706,0.9493428258488504,0.9317355559442706,0.0,0.003968331817229052,0.003968331817229052
2022-11-25,0.0,0.0,0.0,0.9317355559442706,0.9493428258488504,0.9317355559442706,0.0,0.003968331817229052,0.003968331817229052
2022-11-25,0.0,0.0,0.0,0.9317355559442706,0.9493428258488504,0.9317355559442706,0.0,0.003968331817229052,0.003968331817229052
2022-11-25,0.0,0.0,0.0,0.9317355559442706,0.9493428258488504,0.9317355559442706,0.0,0.003968331817229052,0.003968331817229052
2022-11-25,0.0,0.0,0.0,0.9317355559442706,0.9493428258488504,0.9317355559442706,0.0,0.003968331817229052,0.003968331817229052
2022-11-25,0.0,0.0,0.0,0.9317355559442706,0.9493428258488504,0.9317355559442706,0.0,0.003968331817229052,0.003968331817229052
2022-11-26,0.0,0.0,0.0,0.9259985911697546,0.9452354874041616,0.9317355559442706,-0.005736964774516018,0.0033698360329193146,0.009106800807435332
2022-11-26,0.0,0.0,0.0,0.9259985911697546,0.9452354874041616,0.9259985911697546,0.0,0.0033698360329193146,0.0033698360329193146
2022-11-26,0.0,0.0,0.0,0.9259985911697546,0.9452354874041616,0.9259985911697546,0.0,0.0033698360329193146,0.0033698360329193146
2022-11-26,0.0,0.0,0.0,0.9259985911697546,0.9452354874041616,0.9259985911697546,0.0,0.0033698360329193146,0.0033698360329193146
2022-11-26,0.0,0.0,0.0,0.9259985911697546,0.9452354874041616,0.9259985911697546,0.0,0.0033698360329193146,0.0033698360329193146
2022-11-26,0.0,0.0,0.0,0.9259985911697546,0.9452354874041616,0.9259985911697546,0.0,0.0033698360329193146,0.0033698360329193146
2022-11-26,0.0,0.0,0.0,0.9259985911697546,0.9452354874041616,0.9259985911697546,0.0,0.0033698360329193146,0.0033698360329193146
2022-11-26,0.0,0.0,0.0,0.9259985911697546,0.9452354874041616,0.9259985911697546,0.0,0.0033698360329193146,0.0033698360329193146
2022-11-26,0.0,0.0,0.0,0.9259985911697546,0.9452354874041616,0.9259985911697546,0.0,0.0033698360329193146,0.0033698360329193146
2022-11-26,0.0,0.0,0.0,0.9259985911697546,0.9452354874041616,0.9259985911697546,0.0,0.0033698360329193146,0.0033698360329193146
2022-11-27,0.0,0.0,0.0,0.9203774530429314,0.9411281489594748,0.9259985911697546,-0.005621138126823189,0.0033698360329193146,0.008990974159742503
2022-11-27,0.0,0.0,0.0,0.9203774530429314,0.9411281489594748,0.9203774530429314,0.0,0.0033698360329193146,0.0033698360329193146
2022-11-27,0.0,0.0,0.0,0.9203774530429314,0.9411281489594748,0.9203774530429314,0.0,0.0033698360329193146,0.0033698360329193146
2022-11-27,0.0,0.0,0.0,0.9203774530429314,0.9411281489594748,0.9203774530429314,0.0,0.0033698360329193146,0.0033698360329193146
2022-11-27,0.0,0.0,0.0,0.9203774530429314,0.9411281489594748,0.9203774530429314,0.0,0.0033698360329193146,0.0033698360329193146
2022-11-27,0.0,0.0,0.0,0.9203774530429314,0.9411281489594748,0.9203774530429314,0.0,0.0033698360329193146,0.0033698360329193146
2022-11-27,0.0,0.0,0.0,0.9203774530429314,0.9411281489594748,0.9203774530429314,0.0,0.0033698360329193146,0.0033698360329193146
2022-11-27,0.0,0.0,0.0,0.9203774530429314,0.9411281489594748,0.9203774530429314,0.0,0.0033698360329193146,0.0033698360329193146
2022-11-27,0.0,0.0,0.0,0.9203774530429314,0.9411281489594748,0.9203774530429314,0.0,0.0033698360329193146,0.0033698360329193146
2022-11-27,0.0,0.0,0.0,0.9203774530429314,0.9411281489594748,0.9203774530429314,0.0,0.0033698360329193146,0.0033698360329193146
2022-11-28,0.0,0.0,0.0,0.9141913645324622,0.9364731653888274,0.9203774530429314,-0.006186088510469201,0.0033698360329193146,0.009555924543388515
2022-11-28,0.0,0.0,0.0,0.9141913645324622,0.9364731653888274,0.9141913645324622,0.0,0.0033698360329193146,0.0033698360329193146
2022-11-28,0.0,0.0,0.0,0.9141913645324622,0.9364731653888274,0.9141913645324622,0.0,0.0033698360329193146,0.0033698360329193146
2022-11-28,0.0,0.0,0.0,0.9141913645324622,0.9364731653888274,0.9141913645324622,0.0,0.0033698360329193146,0.0033698360329193146
2022-11-28,0.0,0.0,0.0,0.9141913645324622,0.9364731653888274,0.9141913645324622,0.0,0.0033698360329193146,0.0033698360329193146
2022-11-28,0.0,0.0,0.0,0.9141913645324622,0.9364731653888274,0.9141913645324622,0.0,0.0033698360329193146,0.0033698360329193146
2022-11-28,0.0,0.0,0.0,0.9141913645324622,0.9364731653888274,0.9141913645324622,0.0,0.0033698360329193146,0.0033698360329193146
2022-11-28,0.0,0.0,0.0,0.9141913645324622,0.9364731653888274,0.9141913645324622,0.0,0.0033698360329193146,0.0033698360329193146
2022-11-28,0.0,0.0,0.0,0.9141913645324622,0.9364731653888274,0.9141913645324622,0.0,0.0033698360329193146,0.0033698360329193146
2022-11-28,0.0,0.0,0.0,0.9141913645324622,0.9364731653888274,0.9141913645324622,0.0,0.0033698360329193146,0.0033698360329193146
2022-11-29,0.0,0.0,0.0,0.9080052760219928,0.9318181818181815,0.9141913645324622,-0.006186088510469423,0.0003388879449526523,0.006524976455422075
2022-11-29,0.0,0.0,0.0,0.9080052760219928,0.9318181818181815,0.9080052760219928,0.0,0.0003388879449526523,0.0003388879449526523
2022-11-29,0.0,0.0,0.0,0.9080052760219928,0.9318181818181815,0.9080052760219928,0.0,0.0003388879449526523,0.0003388879449526523
2022-11-29,0.0,0.0,0.0,0.9080052760219928,0.9318181818181815,0.9080052760219928,0.0,0.0003388879449526523,0.0003388879449526523
2022-11-29,0.0,0.0,0.0,0.9080052760219928,0.9318181818181815,0.9080052760219928,0.0,0.0003388879449526523,0.0003388879449526523
2022-11-29,0.0,0.0,0.0,0.9080052760219928,0.9318181818181815,0.9080052760219928,0.0,0.0003388879449526523,0.0003388879449526523
2022-11-29,0.0,0.0,0.0,0.9080052760219928,0.9318181818181815,0.9080052760219928,0.0,0.0003388879449526523,0.0003388879449526523
2022-11-29,0.0,0.0,0.0,0.9080052760219928,0.9318181818181815,0.9080052760219928,0.0,0.0003388879449526523,0.0003388879449526523
2022-11-29,0.0,0.0,0.0,0.9080052760219928,0.9318181818181815,0.9080052760219928,0.0,0.0003388879449526523,0.0003388879449526523
2022-11-29,0.0,0.0,0.0,0.9080052760219928,0.9318181818181815,0.9080052760219928,0.0,0.0003388879449526523,0.0003388879449526523
2022-11-30,0.0,0.0,0.0,0.901594625643547,0.927163198247536,0.9080052760219928,-0.0064106503784457924,8.866242846944723e-05,0.00649931280691524
2022-11-30,0.0,0.0,0.0,0.901594625643547,0.927163198247536,0.901594625643547,0.0,8.866242846944723e-05,8.866242846944723e-05
2022-11-30,0.0,0.0,0.0,0.901594625643547,0.927163198247536,0.901594625643547,0.0,8.866242846944723e-05,8.866242846944723e-05
2022-11-30,0.0,0.0,0.0,0.901594625643547,0.927163198247536,0.901594625643547,0.0,8.866242846944723e-05,8.866242846944723e-05
2022-11-30,0.0,0.0,0.0,0.901594625643547,0.927163198247536,0.901594625643547,0.0,8.866242846944723e-05,8.866242846944723e-05
2022-11-30,0.0,0.0,0.0,0.901594625643547,0.927163198247536,0.901594625643547,0.0,8.866242846944723e-05,8.866242846944723e-05
2022-11-30,0.0,0.0,0.0,0.901594625643547,0.927163198247536,0.901594625643547,0.0,8.866242846944723e-05,8.866242846944723e-05
2022-11-30,0.0,0.0,0.0,0.901594625643547,0.927163198247536,0.901594625643547,0.0,8.866242846944723e-05,8.866242846944723e-05
2022-11-30,0.0,0.0,0.0,0.901594625643547,0.927163198247536,0.901594625643547,0.0,8.866242846944723e-05,8.866242846944723e-05
2022-11-30,0.0,0.0,0.0,0.901594625643547,0.927163198247536,0.901594625643547,0.0,8.866242846944723e-05,8.866242846944723e-05
2022-12-01,0.0,0.0,0.0,0.8932740174827323,0.9208652792990152,0.901594625643547,-0.008320608160814702,0.0,0.008320608160814702
2022-12-01,0.0,0.0,0.0,0.8932740174827323,0.9208652792990152,0.8932740174827323,0.0,0.0,0.0
2022-12-01,0.0,0.0,0.0,0.8932740174827323,0.9208652792990152,0.8932740174827323,0.0,0.0,0.0
2022-12-01,0.0,0.0,0.0,0.8932740174827323,0.9208652792990152,0.8932740174827323,0.0,0.0,0.0
2022-12-01,0.0,0.0,0.0,0.8932740174827323,0.9208652792990152,0.8932740174827323,0.0,0.0,0.0
2022-12-01,0.0,0.0,0.0,0.8932740174827323,0.9208652792990152,0.8932740174827323,0.0,0.0,0.0
2022-12-01,0.0,0.0,0.0,0.8932740174827323,0.9208652792990152,0.8932740174827323,0.0,0.0,0.0
2022-12-01,0.0,0.0,0.0,0.8932740174827323,0.9208652792990152,0.8932740174827323,0.0,0.0,0.0
2022-12-01,0.0,0.0,0.0,0.8932740174827323,0.9208652792990152,0.8932740174827323,0.0,0.0,0.0
2022-12-01,0.0,0.0,0.0,0.8932740174827323,0.9208652792990152,0.8932740174827323,0.0,0.0,0.0
2022-12-02,0.0,0.0,0.0,0.884501921776828,0.914293537787513,0.8932740174827323,-0.008772095705904315,0.0,0.008772095705904315
2022-12-02,0.0,0.0,0.0,0.884501921776828,0.914293537787513,0.884501921776828,0.0,0.0,0.0
2022-12-02,0.0,0.0,0.0,0.884501921776828,0.914293537787513,0.884501921776828,0.0,0.0,0.0
2022-12-02,0.0,0.0,0.0,0.884501921776828,0.914293537787513,0.884501921776828,0.0,0.0,0.0
2022-12-02,0.0,0.0,0.0,0.884501921776828,0.914293537787513,0.884501921776828,0.0,0.0,0.0
2022-12-02,0.0,0.0,0.0,0.884501921776828,0.914293537787513,0.884501921776828,0.0,0.0,0.0
2022-12-02,0.0,0.0,0.0,0.884501921776828,0.914293537787513,0.884501921776828,0.0,0.0,0.0
2022-12-02,0.0,0.0,0.0,0.884501921776828,0.914293537787513,0.884501921776828,0.0,0.0,0.0
2022-12-02,0.0,0.0,0.0,0.884501921776828,0.914293537787513,0.884501921776828,0.0,0.0,0.0
2022-12-02,0.0,0.0,0.0,0.884501921776828,0.914293537787513,0.884501921776828,0.0,0.0,0.0
2022-12-03,0.0,0.0,0.0,0.8731438188754885,0.9060788608981376,0.884501921776828,-0.011358102901339429,6.843227450442635e-06,0.011364946128789872
2022-12-03,0.0,0.0,0.0,0.8731438188754885,0.9060788608981376,0.8731438188754885,0.0,6.843227450442635e-06,6.843227450442635e-06
2022-12-03,0.0,0.0,0.0,0.8731438188754885,0.9060788608981376,0.8731438188754885,0.0,6.843227450442635e-06,6.843227450442635e-06
2022-12-03,0.0,0.0,0.0,0.8731438188754885,0.9060788608981376,0.8731438188754885,0.0,6.843227450442635e-06,6.843227450442635e-06
2022-12-03,0.0,0.0,0.0,0.8731438188754885,0.9060788608981376,0.8731438188754885,0.0,6.843227450442635e-06,6.843227450442635e-06
2022-12-03,0.0,0.0,0.0,0.8731438188754885,0.9060788608981376,0.8731438188754885,0.0,6.843227450442635e-06,6.843227450442635e-06
2022-12-03,0.0,0.0,0.0,0.8731438188754885,0.9060788608981376,0.8731438188754885,0.0,6.843227450442635e-06,6.843227450442635e-06
2022-12-03,0.0,0.0,0.0,0.8731438188754885,0.9060788608981376,0.8731438188754885,0.0,6.843227450442635e-06,6.843227450442635e-06
2022-12-03,0.0,0.0,0.0,0.8731438188754885,0.9060788608981376,0.8731438188754885,0.0,6.843227450442635e-06,6.843227450442635e-06
2022-12-03,0.0,0.0,0.0,0.8731438188754885,0.9060788608981376,0.8731438188754885,0.0,6.843227450442635e-06,6.843227450442635e-06
2022-12-04,0.0,0.0,0.0,0.8614453274584797,0.8973165388828033,0.8731438188754885,-0.01169849141700885,5.5774076577961296e-05,0.01175426549358681
2022-12-04,0.0,0.0,0.0,0.8614453274584797,0.8973165388828033,0.8614453274584797,0.0,5.5774076577961296e-05,5.5774076577961296e-05
2022-12-04,0.0,0.0,0.0,0.8614453274584797,0.8973165388828033,0.8614453274584797,0.0,5.5774076577961296e-05,5.5774076577961296e-05
2022-12-04,0.0,0.0,0.0,0.8614453274584797,0.8973165388828033,0.8614453274584797,0.0,5.5774076577961296e-05,5.5774076577961296e-05
2022-12-04,0.0,0.0,0.0,0.8614453274584797,0.8973165388828033,0.8614453274584797,0.0,5.5774076577961296e-05,5.5774076577961296e-05
2022-12-04,0.0,0.0,0.0,0.8614453274584797,0.8973165388828033,0.8614453274584797,0.0,5.5774076577961296e-05,5.5774076577961296e-05
2022-12-04,0.0,0.0,0.0,0.8614453274584797,0.8973165388828033,0.8614453274584797,0.0,5.5774076577961296e-05,5.5774076577961296e-05
2022-12-04,0.0,0.0,0.0,0.8614453274584797,0.8973165388828033,0.8614453274584797,0.0,5.5774076577961296e-05,5.5774076577961296e-05
2022-12-04,0.0,0.0,0.0,0.8614453274584797,0.8973165388828033,0.8614453274584797,0.0,5.5774076577961296e-05,5.5774076577961296e-05
2022-12-04,0.0,0.0,0.0,0.8614453274584797,0.8973165388828033,0.8614453274584797,0.0,5.5774076577961296e-05,5.5774076577961296e-05
2022-12-05,0.0,0.0,0.0,0.8502006873956969,0.8888280394304484,0.8614453274584797,-0.011244640062782807,3.030572156624595e-05,0.011274945784349052
2022-12-05,0.0,0.0,0.0,0.8502006873956969,0.8888280394304484,0.8502006873956969,0.0,3.030572156624595e-05,3.030572156624595e-05
2022-12-05,0.0,0.0,0.0,0.8502006873956969,0.8888280394304484,0.8502006873956969,0.0,3.030572156624595e-05,3.030572156624595e-05
2022-12-05,0.0,0.0,0.0,0.8502006873956969,0.8888280394304484,0.8502006873956969,0.0,3.030572156624595e-05,3.030572156624595e-05
2022-12-05,0.0,0.0,0.0,0.8502006873956969,0.8888280394304484,0.8502006873956969,0.0,3.030572156624595e-05,3.030572156624595e-05
2022-12-05,0.0,0.0,0.0,0.8502006873956969,0.8888280394304484,0.8502006873956969,0.0,3.030572156624595e-05,3.030572156624595e-05
2022-12-05,0.0,0.0,0.0,0.8502006873956969,0.8888280394304484,0.8502006873956969,0.0,3.030572156624595e-05,3.030572156624595e-05
2022-12-05,0.0,0.0,0.0,0.8502006873956969,0.8888280394304484,0.8502006873956969,0.0,3.030572156624595e-05,3.030572156624595e-05
2022-12-05,0.0,0.0,0.0,0.8502006873956969,0.8888280394304484,0.8502006873956969,0.0,3.030572156624595e-05,3.030572156624595e-05
2022-12-05,0.0,0.0,0.0,0.8502006873956969,0.8888280394304484,0.8502006873956969,0.0,3.030572156624595e-05,3.030572156624595e-05
2022-12-06,0.0,0.0,0.0,0.8388307654486746,0.8800657174151141,0.8502006873956969,-0.011369921947022243,0.00018744518341961354,0.011557367130441858
2022-12-06,0.0,0.0,0.0,0.8388307654486746,0.8800657174151141,0.8388307654486746,0.0,0.00018744518341961354,0.00018744518341961354
2022-12-06,0.0,0.0,0.0,0.8388307654486746,0.8800657174151141,0.8388307654486746,0.0,0.00018744518341961354,0.00018744518341961354
2022-12-06,0.0,0.0,0.0,0.8388307654486746,0.8800657174151141,0.8388307654486746,0.0,0.00018744518341961354,0.00018744518341961354
2022-12-06,0.0,0.0,0.0,0.8388307654486746,0.8800657174151141,0.8388307654486746,0.0,0.00018744518341961354,0.00018744518341961354
2022-12-06,0.0,0.0,0.0,0.8388307654486746,0.8800657174151141,0.8388307654486746,0.0,0.00018744518341961354,0.00018744518341961354
2022-12-06,0.0,0.0,0.0,0.8388307654486746,0.8800657174151141,0.8388307654486746,0.0,0.00018744518341961354,0.00018744518341961354
2022-12-06,0.0,0.0,0.0,0.8388307654486746,0.8800657174151141,0.8388307654486746,0.0,0.00018744518341961354,0.00018744518341961354
2022-12-06,0.0,0.0,0.0,0.8388307654486746,0.8800657174151141,0.8388307654486746,0.0,0.00018744518341961354,0.00018744518341961354
2022-12-06,0.0,0.0,0.0,0.8388307654486746,0.8800657174151141,0.8388307654486746,0.0,0.00018744518341961354,0.00018744518341961354
2022-12-07,0.0,0.0,0.0,0.8275932168133016,0.871029572836802,0.8388307654486746,-0.011237548635373074,0.0,0.011237548635373074
2022-12-07,0.0,0.0,0.0,0.8275932168133016,0.871029572836802,0.8275932168133016,0.0,0.0,0.0
2022-12-07,0.0,0.0,0.0,0.8275932168133016,0.871029572836802,0.8275932168133016,0.0,0.0,0.0
2022-12-07,0.0,0.0,0.0,0.8275932168133016,0.871029572836802,0.8275932168133016,0.0,0.0,0.0
2022-12-07,0.0,0.0,0.0,0.8275932168133016,0.871029572836802,0.8275932168133016,0.0,0.0,0.0
2022-12-07,0.0,0.0,0.0,0.8275932168133016,0.871029572836802,0.8275932168133016,0.0,0.0,0.0
2022-12-07,0.0,0.0,0.0,0.8275932168133016,0.871029572836802,0.8275932168133016,0.0,0.0,0.0
2022-12-07,0.0,0.0,0.0,0.8275932168133016,0.871029572836802,0.8275932168133016,0.0,0.0,0.0
2022-12-07,0.0,0.0,0.0,0.8275932168133016,0.871029572836802,0.8275932168133016,0.0,0.0,0.0
2022-12-07,0.0,0.0,0.0,0.8275932168133016,0.871029572836802,0.8275932168133016,0.0,0.0,0.0
2022-12-08,0.0,0.0,0.0,0.8167693347768328,0.8622672508214677,0.8275932168133016,-0.01082388203646878,0.0016563998241640602,0.012480281860632839
2022-12-08,0.0,0.0,0.0,0.8167693347768328,0.8622672508214677,0.8167693347768328,0.0,0.0016563998241640602,0.0016563998241640602
2022-12-08,0.0,0.0,0.0,0.8167693347768328,0.8622672508214677,0.8167693347768328,0.0,0.0016563998241640602,0.0016563998241640602
2022-12-08,0.0,0.0,0.0,0.8167693347768328,0.8622672508214677,0.8167693347768328,0.0,0.0016563998241640602,0.0016563998241640602
2022-12-08,0.0,0.0,0.0,0.8167693347768328,0.8622672508214677,0.8167693347768328,0.0,0.0016563998241640602,0.0016563998241640602
2022-12-08,0.0,0.0,0.0,0.8167693347768328,0.8622672508214677,0.8167693347768328,0.0,0.0016563998241640602,0.0016563998241640602
2022-12-08,0.0,0.0,0.0,0.8167693347768328,0.8622672508214677,0.8167693347768328,0.0,0.0016563998241640602,0.0016563998241640602
2022-12-08,0.0,0.0,0.0,0.8167693347768328,0.8622672508214677,0.8167693347768328,0.0,0.0016563998241640602,0.0016563998241640602
2022-12-08,0.0,0.0,0.0,0.8167693347768328,0.8622672508214677,0.8167693347768328,0.0,0.0016563998241640602,0.0016563998241640602
2022-12-08,0.0,0.0,0.0,0.8167693347768328,0.8622672508214677,0.8167693347768328,0.0,0.0016563998241640602,0.0016563998241640602
2022-12-09,0.0,0.0,0.0,0.8055317861414597,0.8532311062431539,0.8167693347768328,-0.011237548635373074,0.0018668236371322741,0.013104372272505348
2022-12-09,0.0010896660669204,0.0,0.0,0.8055317861414597,0.8532311062431539,0.8055317861414597,0.0,1.2032048264514522e-05,1.2032048264514522e-05
2022-12-09,0.0,0.0,0.0,0.8055317861414597,0.8532311062431539,0.8055317861414597,0.0,0.0018668236371322741,0.0018668236371322741
2022-12-09,0.0,0.0,0.0,0.8055317861414597,0.8532311062431539,0.8055317861414597,0.0,0.0018668236371322741,0.0018668236371322741
2022-12-09,0.0010468807015988,0.0,0.0,0.8055317861414597,0.8532311062431539,0.8055317861414597,0.0,1.2032048264514522e-05,1.2032048264514522e-05
2022-12-09,0.0035833323671751,0.0,0.0,0.8055317861414597,0.8532311062431539,0.8055317861414597,0.0,0.0,0.0
2022-12-09,0.002118154636363,0.0,0.0,0.8055317861414597,0.8532311062431539,0.8055317861414597,0.0,0.0,0.0
2022-12-09,0.0,0.0,0.0,0.8055317861414597,0.8532311062431539,0.8055317861414597,0.0,0.0018668236371322741,0.0018668236371322741
2022-12-09,0.0,0.0,0.0,0.8055317861414597,0.8532311062431539,0.8055317861414597,0.0,0.0018668236371322741,0.0018668236371322741
2022-12-09,0.0,0.0,0.0,0.8055317861414597,0.8532311062431539,0.8055317861414597,0.0,0.0018668236371322741,0.0018668236371322741
2022-12-10,0.0,0.0,0.0,0.7941902299040764,0.8439211391018624,0.8055317861414597,-0.01134155623738331,0.0015983736002906242,0.012939929837673935
2022-12-10,0.0,0.0,0.0,0.7941902299040764,0.8439211391018624,0.7941902299040764,0.0,0.0015983736002906242,0.0015983736002906242
2022-12-10,0.0,0.0,0.0,0.7941902299040764,0.8439211391018624,0.7941902299040764,0.0,0.0015983736002906242,0.0015983736002906242
2022-12-10,7.947601589795498e-06,0.0,0.0,0.7941902299040764,0.8439211391018624,0.7941902299040764,0.0,0.009633257973712655,0.009633257973712655
2022-12-10,0.0,0.0,0.0,0.7941902299040764,0.8439211391018624,0.7941902299040764,0.0,0.0015983736002906242,0.0015983736002906242
2022-12-10,0.0,0.0,0.0,0.7941902299040764,0.8439211391018624,0.7941902299040764,0.0,0.0015983736002906242,0.0015983736002906242
2022-12-10,0.0,0.0,0.0,0.7941902299040764,0.8439211391018624,0.7941902299040764,0.0,0.0015983736002906242,0.0015983736002906242
2022-12-10,0.0003126115448284,0.0,0.0,0.7941902299040764,0.8439211391018624,0.7941902299040764,0.0,9.958753868399094e-05,9.958753868399094e-05
2022-12-10,0.0,0.0,0.0,0.7941902299040764,0.8439211391018624,0.7941902299040764,0.0,0.0015983736002906242,0.0015983736002906242
2022-12-10,0.0,0.0,0.0,0.7941902299040764,0.8439211391018624,0.7941902299040764,0.0,0.0015983736002906242,0.0015983736002906242
2022-12-11,0.0001015793640653,0.0,0.0,0.7833663478676078,0.8351588170865281,0.7941902299040764,-0.010823882036468557,0.00015497496362461228,0.01097885700009317
2022-12-11,0.0,0.0,0.0,0.7833663478676078,0.8351588170865281,0.7833663478676078,0.0,0.0015591780428110041,0.0015591780428110041
2022-12-11,0.0,0.0,0.0,0.7833663478676078,0.8351588170865281,0.7833663478676078,0.0,0.0015591780428110041,0.0015591780428110041
2022-12-11,0.0,0.0,0.0,0.7833663478676078,0.8351588170865281,0.7833663478676078,0.0,0.0015591780428110041,0.0015591780428110041
2022-12-11,0.0,0.0,0.0,0.7833663478676078,0.8351588170865281,0.7833663478676078,0.0,0.0015591780428110041,0.0015591780428110041
2022-12-11,0.0,0.0,0.0,0.7833663478676078,0.8351588170865281,0.7833663478676078,0.0,0.0015591780428110041,0.0015591780428110041
2022-12-11,0.0,0.0,0.0,0.7833663478676078,0.8351588170865281,0.7833663478676078,0.0,0.0015591780428110041,0.0015591780428110041
2022-12-11,0.0,0.0,0.0,0.7833663478676078,0.8351588170865281,0.7833663478676078,0.0,0.0015591780428110041,0.0015591780428110041
2022-12-11,2.167527935520992e-06,0.0,0.0,0.7833663478676078,0.8351588170865281,0.7833663478676078,0.0,0.001495305458524582,0.001495305458524582
2022-12-11,0.0,0.0,0.0,0.7833663478676078,0.8351588170865281,0.7833663478676078,0.0,0.0015591780428110041,0.0015591780428110041
2022-12-12,0.0,0.0,0.0,0.7725401020220022,0.8263964950711937,0.7833663478676078,-0.010826245845605653,0.0015591780428110041,0.012385423888416658
2022-12-12,0.0,0.0,0.0,0.7725401020220022,0.8263964950711937,0.7725401020220022,0.0,0.0015591780428110041,0.0015591780428110041
2022-12-12,0.0,0.0,0.0,0.7725401020220022,0.8263964950711937,0.7725401020220022,0.0,0.0015591780428110041,0.0015591780428110041
2022-12-12,0.0,0.0,0.0,0.7725401020220022,0.8263964950711937,0.7725401020220022,0.0,0.0015591780428110041,0.0015591780428110041
2022-12-12,0.0,0.0,0.0,0.7725401020220022,0.8263964950711937,0.7725401020220022,0.0,0.0015591780428110041,0.0015591780428110041
2022-12-12,0.0,0.0,0.0,0.7725401020220022,0.8263964950711937,0.7725401020220022,0.0,0.0015591780428110041,0.0015591780428110041
2022-12-12,0.0,0.0,0.0,0.7725401020220022,0.8263964950711937,0.7725401020220022,0.0,0.0015591780428110041,0.0015591780428110041
2022-12-12,0.0,0.0,0.0,0.7725401020220022,0.8263964950711937,0.7725401020220022,0.0,0.0015591780428110041,0.0015591780428110041
2022-12-12,0.0,0.0,0.0,0.7725401020220022,0.8263964950711937,0.7725401020220022,0.0,0.0015591780428110041,0.0015591780428110041
2022-12-12,0.0,0.0,0.0,0.7725401020220022,0.8263964950711937,0.7725401020220022,0.0,0.0015591780428110041,0.0015591780428110041
2022-12-13,0.0,0.0,0.0,0.761817863778407,0.8179079956188389,0.7725401020220022,-0.010722238243595195,0.0014733661430356123,0.012195604386630806
2022-12-13,0.0,0.0,0.0,0.761817863778407,0.8179079956188389,0.761817863778407,0.0,0.0014733661430356123,0.0014733661430356123
2022-12-13,0.0,0.0,0.0,0.761817863778407,0.8179079956188389,0.761817863778407,0.0,0.0014733661430356123,0.0014733661430356123
2022-12-13,0.0,0.0,0.0,0.761817863778407,0.8179079956188389,0.761817863778407,0.0,0.0014733661430356123,0.0014733661430356123
2022-12-13,0.0,0.0,0.0,0.761817863778407,0.8179079956188389,0.761817863778407,0.0,0.0014733661430356123,0.0014733661430356123
2022-12-13,0.0,0.0,0.0,0.761817863778407,0.8179079956188389,0.761817863778407,0.0,0.0014733661430356123,0.0014733661430356123
2022-12-13,0.0,0.0,0.0,0.761817863778407,0.8179079956188389,0.761817863778407,0.0,0.0014733661430356123,0.0014733661430356123
2022-12-13,0.0,0.0,0.0,0.761817863778407,0.8179079956188389,0.761817863778407,0.0,0.0014733661430356123,0.0014733661430356123
2022-12-13,0.0,0.0,0.0,0.761817863778407,0.8179079956188389,0.761817863778407,0.0,0.0014733661430356123,0.0014733661430356123
2022-12-13,0.0,0.0,0.0,0.761817863778407,0.8179079956188389,0.761817863778407,0.0,0.0014733661430356123,0.0014733661430356123
2022-12-14,0.0,0.0,0.0,0.7513012769296956,0.809419496166484,0.761817863778407,-0.010516586848711373,0.0014593710421988925,0.011975957890910266
2022-12-14,0.0,0.0,0.0,0.7513012769296956,0.809419496166484,0.7513012769296956,0.0,0.0014593710421988925,0.0014593710421988925
2022-12-14,0.0,0.0,0.0,0.7513012769296956,0.809419496166484,0.7513012769296956,0.0,0.0014593710421988925,0.0014593710421988925
2022-12-14,0.0,0.0,0.0,0.7513012769296956,0.809419496166484,0.7513012769296956,0.0,0.0014593710421988925,0.0014593710421988925
2022-12-14,0.0,0.0,0.0,0.7513012769296956,0.809419496166484,0.7513012769296956,0.0,0.0014593710421988925,0.0014593710421988925
2022-12-14,0.0,0.0,0.0,0.7513012769296956,0.809419496166484,0.7513012769296956,0.0,0.0014593710421988925,0.0014593710421988925
2022-12-14,0.0,0.0,0.0,0.7513012769296956,0.809419496166484,0.7513012769296956,0.0,0.0014593710421988925,0.0014593710421988925
2022-12-14,0.0,0.0,0.0,0.7513012769296956,0.809419496166484,0.7513012769296956,0.0,0.0014593710421988925,0.0014593710421988925
2022-12-14,0.0,0.0,0.0,0.7513012769296956,0.809419496166484,0.7513012769296956,0.0,0.0014593710421988925,0.0014593710421988925
2022-12-14,0.0,0.0,0.0,0.7513012769296956,0.809419496166484,0.7513012769296956,0.0,0.0014593710421988925,0.0014593710421988925
2022-12-15,0.0,0.0,0.0,0.740784690080984,0.8009309967141292,0.7513012769296956,-0.010516586848711595,0.0013506614861290042,0.0118672483348406
2022-12-15,0.0,0.0,0.0,0.740784690080984,0.8009309967141292,0.740784690080984,0.0,0.0013506614861290042,0.0013506614861290042
2022-12-15,0.0,0.0,0.0,0.740784690080984,0.8009309967141292,0.740784690080984,0.0,0.0013506614861290042,0.0013506614861290042
2022-12-15,0.0,0.0,0.0,0.740784690080984,0.8009309967141292,0.740784690080984,0.0,0.0013506614861290042,0.0013506614861290042
2022-12-15,0.0,0.0,0.0,0.740784690080984,0.8009309967141292,0.740784690080984,0.0,0.0013506614861290042,0.0013506614861290042
2022-12-15,0.0,0.0,0.0,0.740784690080984,0.8009309967141292,0.740784690080984,0.0,0.0013506614861290042,0.0013506614861290042
2022-12-15,0.0,0.0,0.0,0.740784690080984,0.8009309967141292,0.740784690080984,0.0,0.0013506614861290042,0.0013506614861290042
2022-12-15,0.0,0.0,0.0,0.740784690080984,0.8009309967141292,0.740784690080984,0.0,0.0013506614861290042,0.0013506614861290042
2022-12-15,0.0,0.0,0.0,0.740784690080984,0.8009309967141292,0.740784690080984,0.0,0.0013506614861290042,0.0013506614861290042
2022-12-15,0.0,0.0,0.0,0.740784690080984,0.8009309967141292,0.740784690080984,0.0,0.0013506614861290042,0.0013506614861290042
2022-12-16,0.0,0.0,0.0,0.7295495052547476,0.7916210295728359,0.740784690080984,-0.011235184826236422,0.0013506614861290042,0.012585846312365426
2022-12-16,0.0,0.0,0.0,0.7295495052547476,0.7916210295728359,0.7295495052547476,0.0,0.0013506614861290042,0.0013506614861290042
2022-12-16,0.0,0.0,0.0,0.7295495052547476,0.7916210295728359,0.7295495052547476,0.0,0.0013506614861290042,0.0013506614861290042
2022-12-16,0.0,0.0,0.0,0.7295495052547476,0.7916210295728359,0.7295495052547476,0.0,0.0013506614861290042,0.0013506614861290042
2022-12-16,0.0,0.0,0.0,0.7295495052547476,0.7916210295728359,0.7295495052547476,0.0,0.0013506614861290042,0.0013506614861290042
2022-12-16,0.0,0.0,0.0,0.7295495052547476,0.7916210295728359,0.7295495052547476,0.0,0.0013506614861290042,0.0013506614861290042
2022-12-16,0.0,0.0,0.0,0.7295495052547476,0.7916210295728359,0.7295495052547476,0.0,0.0013506614861290042,0.0013506614861290042
2022-12-16,0.0,0.0,0.0,0.7295495052547476,0.7916210295728359,0.7295495052547476,0.0,0.0013506614861290042,0.0013506614861290042
2022-12-16,0.0,0.0,0.0,0.7295495052547476,0.7916210295728359,0.7295495052547476,0.0,0.0013506614861290042,0.0013506614861290042
2022-12-16,0.0,0.0,0.0,0.7295495052547476,0.7916210295728359,0.7295495052547476,0.0,0.0013506614861290042,0.0013506614861290042
2022-12-17,0.0,0.0,0.0,0.7182079490173644,0.7825848849945238,0.7295495052547476,-0.011341556237383199,0.0008097981703877863,0.012151354407770985
2022-12-17,0.0,0.0,0.0,0.7182079490173644,0.7825848849945238,0.7182079490173644,0.0,0.0008097981703877863,0.0008097981703877863
2022-12-17,0.0,0.0,0.0,0.7182079490173644,0.7825848849945238,0.7182079490173644,0.0,0.0008097981703877863,0.0008097981703877863
2022-12-17,0.0,0.0,0.0,0.7182079490173644,0.7825848849945238,0.7182079490173644,0.0,0.0008097981703877863,0.0008097981703877863
2022-12-17,0.0,0.0,0.0,0.7182079490173644,0.7825848849945238,0.7182079490173644,0.0,0.0008097981703877863,0.0008097981703877863
2022-12-17,0.0,0.0,0.0,0.7182079490173644,0.7825848849945238,0.7182079490173644,0.0,0.0008097981703877863,0.0008097981703877863
2022-12-17,0.0,0.0,0.0,0.7182079490173644,0.7825848849945238,0.7182079490173644,0.0,0.0008097981703877863,0.0008097981703877863
2022-12-17,0.0,0.0,0.0,0.7182079490173644,0.7825848849945238,0.7182079490173644,0.0,0.0008097981703877863,0.0008097981703877863
2022-12-17,0.0,0.0,0.0,0.7182079490173644,0.7825848849945238,0.7182079490173644,0.0,0.0008097981703877863,0.0008097981703877863
2022-12-17,0.0,0.0,0.0,0.7182079490173644,0.7825848849945238,0.7182079490173644,0.0,0.0008097981703877863,0.0008097981703877863
2022-12-18,0.0,0.0,0.0,0.706868756589118,0.7732749178532305,0.7182079490173644,-0.011339192428246436,0.0008097981703877863,0.012148990598634222
2022-12-18,0.0,0.0,0.0,0.706868756589118,0.7732749178532305,0.706868756589118,0.0,0.0008097981703877863,0.0008097981703877863
2022-12-18,0.0,0.0,0.0,0.706868756589118,0.7732749178532305,0.706868756589118,0.0,0.0008097981703877863,0.0008097981703877863
2022-12-18,0.0,0.0,0.0,0.706868756589118,0.7732749178532305,0.706868756589118,0.0,0.0008097981703877863,0.0008097981703877863
2022-12-18,0.0,0.0,0.0,0.706868756589118,0.7732749178532305,0.706868756589118,0.0,0.0008097981703877863,0.0008097981703877863
2022-12-18,0.0,0.0,0.0,0.706868756589118,0.7732749178532305,0.706868756589118,0.0,0.0008097981703877863,0.0008097981703877863
2022-12-18,0.0,0.0,0.0,0.706868756589118,0.7732749178532305,0.706868756589118,0.0,0.0008097981703877863,0.0008097981703877863
2022-12-18,0.0,0.0,0.0,0.706868756589118,0.7732749178532305,0.706868756589118,0.0,0.0008097981703877863,0.0008097981703877863
2022-12-18,0.0,0.0,0.0,0.706868756589118,0.7732749178532305,0.706868756589118,0.0,0.0008097981703877863,0.0008097981703877863
2022-12-18,0.0,0.0,0.0,0.706868756589118,0.7732749178532305,0.706868756589118,0.0,0.0008097981703877863,0.0008097981703877863
2022-12-19,0.0,0.0,0.0,0.6963521697404064,0.7647864184008757,0.706868756589118,-0.010516586848711595,0.0008097981703877863,0.011326385019099381
2022-12-19,0.0,0.0,0.0,0.6963521697404064,0.7647864184008757,0.6963521697404064,0.0,0.0008097981703877863,0.0008097981703877863
2022-12-19,0.0,0.0,0.0,0.6963521697404064,0.7647864184008757,0.6963521697404064,0.0,0.0008097981703877863,0.0008097981703877863
2022-12-19,0.0,0.0,0.0,0.6963521697404064,0.7647864184008757,0.6963521697404064,0.0,0.0008097981703877863,0.0008097981703877863
2022-12-19,0.0,0.0,0.0,0.6963521697404064,0.7647864184008757,0.6963521697404064,0.0,0.0008097981703877863,0.0008097981703877863
2022-12-19,0.0,0.0,0.0,0.6963521697404064,0.7647864184008757,0.6963521697404064,0.0,0.0008097981703877863,0.0008097981703877863
2022-12-19,0.0,0.0,0.0,0.6963521697404064,0.7647864184008757,0.6963521697404064,0.0,0.0008097981703877863,0.0008097981703877863
2022-12-19,0.0,0.0,0.0,0.6963521697404064,0.7647864184008757,0.6963521697404064,0.0,0.0008097981703877863,0.0008097981703877863
2022-12-19,0.0,0.0,0.0,0.6963521697404064,0.7647864184008757,0.6963521697404064,0.0,0.0008097981703877863,0.0008097981703877863
2022-12-19,0.0,0.0,0.0,0.6963521697404064,0.7647864184008757,0.6963521697404064,0.0,0.0008097981703877863,0.0008097981703877863
2022-12-20,0.0,0.0,0.0,0.6864549008854829,0.7568455640744798,0.6963521697404064,-0.00989726885492348,0.0008097981703877863,0.010707067025311266
2022-12-20,0.0,0.0,0.0,0.6864549008854829,0.7568455640744798,0.6864549008854829,0.0,0.0008097981703877863,0.0008097981703877863
2022-12-20,0.0,0.0,0.0,0.6864549008854829,0.7568455640744798,0.6864549008854829,0.0,0.0008097981703877863,0.0008097981703877863
2022-12-20,0.0,0.0,0.0,0.6864549008854829,0.7568455640744798,0.6864549008854829,0.0,0.0008097981703877863,0.0008097981703877863
2022-12-20,0.0,0.0,0.0,0.6864549008854829,0.7568455640744798,0.6864549008854829,0.0,0.0008097981703877863,0.0008097981703877863
2022-12-20,0.0,0.0,0.0,0.6864549008854829,0.7568455640744798,0.6864549008854829,0.0,0.0008097981703877863,0.0008097981703877863
2022-12-20,0.0,0.0,0.0,0.6864549008854829,0.7568455640744798,0.6864549008854829,0.0,0.0008097981703877863,0.0008097981703877863
2022-12-20,0.0,0.0,0.0,0.6864549008854829,0.7568455640744798,0.6864549008854829,0.0,0.0008097981703877863,0.0008097981703877863
2022-12-20,0.0,0.0,0.0,0.6864549008854829,0.7568455640744798,0.6864549008854829,0.0,0.0008097981703877863,0.0008097981703877863
2022-12-20,0.0,0.0,0.0,0.6864549008854829,0.7568455640744798,0.6864549008854829,0.0,0.0008097981703877863,0.0008097981703877863
2022-12-21,0.0,0.0,0.0,0.6766616396325694,0.7489047097480821,0.6864549008854829,-0.009793261252913465,0.0,0.009793261252913465
2022-12-21,0.0,0.0,0.0,0.6766616396325694,0.7489047097480821,0.6766616396325694,0.0,0.0,0.0
2022-12-21,0.0,0.0,0.0,0.6766616396325694,0.7489047097480821,0.6766616396325694,0.0,0.0,0.0
2022-12-21,0.0,0.0,0.0,0.6766616396325694,0.7489047097480821,0.6766616396325694,0.0,0.0,0.0
2022-12-21,0.0,0.0,0.0,0.6766616396325694,0.7489047097480821,0.6766616396325694,0.0,0.0,0.0
2022-12-21,0.0,0.0,0.0,0.6766616396325694,0.7489047097480821,0.6766616396325694,0.0,0.0,0.0
2022-12-21,0.0,0.0,0.0,0.6766616396325694,0.7489047097480821,0.6766616396325694,0.0,0.0,0.0
2022-12-21,0.0,0.0,0.0,0.6766616396325694,0.7489047097480821,0.6766616396325694,0.0,0.0,0.0
2022-12-21,0.0,0.0,0.0,0.6766616396325694,0.7489047097480821,0.6766616396325694,0.0,0.0,0.0
2022-12-21,0.0,0.0,0.0,0.6766616396325694,0.7489047097480821,0.6766616396325694,0.0,0.0,0.0
2022-12-22,0.0,0.0,0.0,0.6674853325643074,0.7415115005476451,0.6766616396325694,-0.009176307068262002,0.0,0.009176307068262002
2022-12-22,0.0,0.0,0.0,0.6674853325643074,0.7415115005476451,0.6674853325643074,0.0,0.0,0.0
2022-12-22,0.0,0.0,0.0,0.6674853325643074,0.7415115005476451,0.6674853325643074,0.0,0.0,0.0
2022-12-22,0.0,0.0,0.0,0.6674853325643074,0.7415115005476451,0.6674853325643074,0.0,0.0,0.0
2022-12-22,0.0,0.0,0.0,0.6674853325643074,0.7415115005476451,0.6674853325643074,0.0,0.0,0.0
2022-12-22,0.0,0.0,0.0,0.6674853325643074,0.7415115005476451,0.6674853325643074,0.0,0.0,0.0
2022-12-22,0.0,0.0,0.0,0.6674853325643074,0.7415115005476451,0.6674853325643074,0.0,0.0,0.0
2022-12-22,0.0,0.0,0.0,0.6674853325643074,0.7415115005476451,0.6674853325643074,0.0,0.0,0.0
2022-12-22,0.0,0.0,0.0,0.6674853325643074,0.7415115005476451,0.6674853325643074,0.0,0.0,0.0
2022-12-22,0.0,0.0,0.0,0.6674853325643074,0.7415115005476451,0.6674853325643074,0.0,0.0,0.0
2022-12-23,0.0,0.0,0.0,0.6589259796806965,0.7346659364731654,0.6674853325643074,-0.008559352883610871,0.0,0.008559352883610871
2022-12-23,0.0,0.0,0.0,0.6589259796806965,0.7346659364731654,0.6589259796806965,0.0,0.0,0.0
2022-12-23,0.0,0.0,0.0,0.6589259796806965,0.7346659364731654,0.6589259796806965,0.0,0.0,0.0
2022-12-23,0.0,0.0,0.0,0.6589259796806965,0.7346659364731654,0.6589259796806965,0.0,0.0,0.0
2022-12-23,0.0,0.0,0.0,0.6589259796806965,0.7346659364731654,0.6589259796806965,0.0,0.0,0.0
2022-12-23,0.0,0.0,0.0,0.6589259796806965,0.7346659364731654,0.6589259796806965,0.0,0.0,0.0
2022-12-23,0.0,0.0,0.0,0.6589259796806965,0.7346659364731654,0.6589259796806965,0.0,0.0,0.0
2022-12-23,0.0,0.0,0.0,0.6589259796806965,0.7346659364731654,0.6589259796806965,0.0,0.0,0.0
2022-12-23,0.0,0.0,0.0,0.6589259796806965,0.7346659364731654,0.6589259796806965,0.0,0.0,0.0
2022-12-23,0.0,0.0,0.0,0.6589259796806965,0.7346659364731654,0.6589259796806965,0.0,0.0,0.0
2022-12-24,0.0,0.0,0.0,0.6502673468133489,0.7275465498357061,0.6589259796806965,-0.008658632867347693,0.0,0.008658632867347693
2022-12-24,0.0,0.0,0.0,0.6502673468133489,0.7275465498357061,0.6502673468133489,0.0,0.0,0.0
2022-12-24,0.0,0.0,0.0,0.6502673468133489,0.7275465498357061,0.6502673468133489,0.0,0.0,0.0
2022-12-24,0.0,0.0,0.0,0.6502673468133489,0.7275465498357061,0.6502673468133489,0.0,0.0,0.0
2022-12-24,0.0,0.0,0.0,0.6502673468133489,0.7275465498357061,0.6502673468133489,0.0,0.0,0.0
2022-12-24,0.0,0.0,0.0,0.6502673468133489,0.7275465498357061,0.6502673468133489,0.0,0.0,0.0
2022-12-24,0.0,0.0,0.0,0.6502673468133489,0.7275465498357061,0.6502673468133489,0.0,0.0,0.0
2022-12-24,0.0,0.0,0.0,0.6502673468133489,0.7275465498357061,0.6502673468133489,0.0,0.0,0.0
2022-12-24,0.0,0.0,0.0,0.6502673468133489,0.7275465498357061,0.6502673468133489,0.0,0.0,0.0
2022-12-24,0.0,0.0,0.0,0.6502673468133489,0.7275465498357061,0.6502673468133489,0.0,0.0,0.0
2022-12-25,0.0,0.0,0.0,0.6414006987419807,0.7204271631982468,0.6502673468133489,-0.008866648071368166,0.0,0.008866648071368166
2022-12-25,0.0,0.0,0.0,0.6414006987419807,0.7204271631982468,0.6414006987419807,0.0,0.0,0.0
2022-12-25,0.0,0.0,0.0,0.6414006987419807,0.7204271631982468,0.6414006987419807,0.0,0.0,0.0
2022-12-25,0.0,0.0,0.0,0.6414006987419807,0.7204271631982468,0.6414006987419807,0.0,0.0,0.0
2022-12-25,0.0,0.0,0.0,0.6414006987419807,0.7204271631982468,0.6414006987419807,0.0,0.0,0.0
2022-12-25,0.0,0.0,0.0,0.6414006987419807,0.7204271631982468,0.6414006987419807,0.0,0.0,0.0
2022-12-25,0.0,0.0,0.0,0.6414006987419807,0.7204271631982468,0.6414006987419807,0.0,0.0,0.0
2022-12-25,0.0,0.0,0.0,0.6414006987419807,0.7204271631982468,0.6414006987419807,0.0,0.0,0.0
2022-12-25,0.0,0.0,0.0,0.6414006987419807,0.7204271631982468,0.6414006987419807,0.0,0.0,0.0
2022-12-25,0.0,0.0,0.0,0.6414006987419807,0.7204271631982468,0.6414006987419807,0.0,0.0,0.0
2022-12-26,0.0,0.0,0.0,0.6329713553608827,0.7130339539978099,0.6414006987419807,-0.00842934338109802,0.0,0.00842934338109802
2022-12-26,0.0,0.0,0.0,0.6329713553608827,0.7130339539978099,0.6329713553608827,0.0,0.0,0.0
2022-12-26,0.0,0.0,0.0,0.6329713553608827,0.7130339539978099,0.6329713553608827,0.0,0.0,0.0
2022-12-26,0.0,0.0,0.0,0.6329713553608827,0.7130339539978099,0.6329713553608827,0.0,0.0,0.0
2022-12-26,0.0,0.0,0.0,0.6329713553608827,0.7130339539978099,0.6329713553608827,0.0,0.0,0.0
2022-12-26,0.0,0.0,0.0,0.6329713553608827,0.7130339539978099,0.6329713553608827,0.0,0.0,0.0
2022-12-26,0.0,0.0,0.0,0.6329713553608827,0.7130339539978099,0.6329713553608827,0.0,0.0,0.0
2022-12-26,0.0,0.0,0.0,0.6329713553608827,0.7130339539978099,0.6329713553608827,0.0,0.0,0.0
2022-12-26,0.0,0.0,0.0,0.6329713553608827,0.7130339539978099,0.6329713553608827,0.0,0.0,0.0
2022-12-26,0.0,0.0,0.0,0.6329713553608827,0.7130339539978099,0.6329713553608827,0.0,0.0,0.0
2022-12-27,0.0,0.0,0.0,0.624686204337117,0.7056407447973712,0.6329713553608827,-0.008285151023765702,0.0,0.008285151023765702
2022-12-27,0.0,0.0,0.0,0.624686204337117,0.7056407447973712,0.624686204337117,0.0,0.0,0.0
2022-12-27,0.0,0.0,0.0,0.624686204337117,0.7056407447973712,0.624686204337117,0.0,0.0,0.0
2022-12-27,0.0,0.0,0.0,0.624686204337117,0.7056407447973712,0.624686204337117,0.0,0.0,0.0
2022-12-27,0.0,0.0,0.0,0.624686204337117,0.7056407447973712,0.624686204337117,0.0,0.0,0.0
2022-12-27,0.0,0.0,0.0,0.624686204337117,0.7056407447973712,0.624686204337117,0.0,0.0,0.0
2022-12-27,0.0,0.0,0.0,0.624686204337117,0.7056407447973712,0.624686204337117,0.0,0.0,0.0
2022-12-27,0.0,0.0,0.0,0.624686204337117,0.7056407447973712,0.624686204337117,0.0,0.0,0.0
2022-12-27,0.0,0.0,0.0,0.624686204337117,0.7056407447973712,0.624686204337117,0.0,0.0,0.0
2022-12-27,0.0,0.0,0.0,0.624686204337117,0.7056407447973712,0.624686204337117,0.0,0.0,0.0
2022-12-28,0.0,0.0,0.0,0.616583066616869,0.6982475355969324,0.624686204337117,-0.008103137720247955,0.0,0.008103137720247955
2022-12-28,0.0,0.0,0.0,0.616583066616869,0.6982475355969324,0.616583066616869,0.0,0.0,0.0
2022-12-28,0.0,0.0,0.0,0.616583066616869,0.6982475355969324,0.616583066616869,0.0,0.0,0.0
2022-12-28,0.0,0.0,0.0,0.616583066616869,0.6982475355969324,0.616583066616869,0.0,0.0,0.0
2022-12-28,0.0,0.0,0.0,0.616583066616869,0.6982475355969324,0.616583066616869,0.0,0.0,0.0
2022-12-28,0.0,0.0,0.0,0.616583066616869,0.6982475355969324,0.616583066616869,0.0,0.0,0.0
2022-12-28,0.0,0.0,0.0,0.616583066616869,0.6982475355969324,0.616583066616869,0.0,0.0,0.0
2022-12-28,0.0,0.0,0.0,0.616583066616869,0.6982475355969324,0.616583066616869,0.0,0.0,0.0
2022-12-28,0.0,0.0,0.0,0.616583066616869,0.6982475355969324,0.616583066616869,0.0,0.0,0.0
2022-12-28,0.0,0.0,0.0,0.616583066616869,0.6982475355969324,0.616583066616869,0.0,0.0,0.0
2022-12-29,0.0,0.0,0.0,0.6085744812620849,0.6908543263964955,0.616583066616869,-0.008008585354784103,0.0,0.008008585354784103
2022-12-29,0.0,0.0,0.0,0.6085744812620849,0.6908543263964955,0.6085744812620849,0.0,0.0,0.0
2022-12-29,0.0,0.0,0.0,0.6085744812620849,0.6908543263964955,0.6085744812620849,0.0,0.0,0.0
2022-12-29,0.0,0.0,0.0,0.6085744812620849,0.6908543263964955,0.6085744812620849,0.0,0.0,0.0
2022-12-29,0.0,0.0,0.0,0.6085744812620849,0.6908543263964955,0.6085744812620849,0.0,0.0,0.0
2022-12-29,0.0,0.0,0.0,0.6085744812620849,0.6908543263964955,0.6085744812620849,0.0,0.0,0.0
2022-12-29,0.0,0.0,0.0,0.6085744812620849,0.6908543263964955,0.6085744812620849,0.0,0.0,0.0
2022-12-29,0.0,0.0,0.0,0.6085744812620849,0.6908543263964955,0.6085744812620849,0.0,0.0,0.0
2022-12-29,0.0,0.0,0.0,0.6085744812620849,0.6908543263964955,0.6085744812620849,0.0,0.0,0.0
2022-12-29,0.0,0.0,0.0,0.6085744812620849,0.6908543263964955,0.6085744812620849,0.0,0.0,0.0
2022-12-30,0.0311971719481056,0.0,0.0,0.6006557206544915,0.6837349397590362,0.6085744812620849,-0.007918760607593445,4.893084912751866e-05,0.007967691456720964
2022-12-30,0.0634910406248767,0.0,0.0,0.6006557206544915,0.6837349397590362,0.6006557206544915,0.0,5.082189643679347e-05,5.082189643679347e-05
2022-12-30,0.0927759636140208,0.0,0.0,0.6006557206544915,0.6837349397590362,0.6006557206544915,0.0,0.0,0.0
2022-12-30,0.045915641633614,0.0,0.0,0.6006557206544915,0.6837349397590362,0.6006557206544915,0.0,0.0011052107808607176,0.0011052107808607176
2022-12-30,0.0852605906991425,0.0,0.0,0.6006557206544915,0.6837349397590362,0.6006557206544915,0.0,0.0,0.0
2022-12-30,0.0071081084920816,0.0,0.0,0.6006557206544915,0.6837349397590362,0.6006557206544915,0.0,9.561607957528362e-06,9.561607957528362e-06
2022-12-30,0.074012236267497,0.0,0.0,0.6006557206544915,0.6837349397590362,0.6006557206544915,0.0,0.0,0.0
2022-12-30,0.0170759626417148,0.0,0.0,0.6006557206544915,0.6837349397590362,0.6006557206544915,0.0,0.0006158904705398471,0.0006158904705398471
2022-12-30,0.0747587555135224,0.0,0.0,0.6006557206544915,0.6837349397590362,0.6006557206544915,0.0,0.0,0.0
2022-12-30,0.0454394240409646,0.0,0.0,0.6006557206544915,0.6837349397590362,0.6006557206544915,0.0,0.00035728975099634795,0.00035728975099634795
2022-12-31,0.0426478060108952,0.0,0.0,0.5944885426171149,0.678258488499452,0.6006557206544915,-0.006167178037376542,0.0,0.006167178037376542
2022-12-31,0.0318340465724601,0.0,0.0,0.5944885426171149,0.678258488499452,0.5944885426171149,0.0,4.893084912751866e-05,4.893084912751866e-05
2022-12-31,0.0004488536497209,0.0,0.0,0.5944885426171149,0.678258488499452,0.5944885426171149,0.0,9.561607957525032e-06,9.561607957525032e-06
2022-12-31,0.008328933799962,0.0,0.0,0.5944885426171149,0.678258488499452,0.5944885426171149,0.0,0.0,0.0
2022-12-31,0.0254875716515687,0.0,0.0,0.5944885426171149,0.678258488499452,0.5944885426171149,0.0,0.0,0.0
2022-12-31,0.01791194544179,0.0,0.0,0.5944885426171149,0.678258488499452,0.5944885426171149,0.0,0.0020377807614302005,0.0020377807614302005
2022-12-31,0.0132450691143253,0.0,0.0,0.5944885426171149,0.678258488499452,0.5944885426171149,0.0,0.0,0.0
2022-12-31,0.005388715200798,0.0,0.0,0.5944885426171149,0.678258488499452,0.5944885426171149,0.0,0.0,0.0
2022-12-31,0.015883081967595,0.0,0.0,0.5944885426171149,0.678258488499452,0.5944885426171149,0.0,0.000513242058783206,0.000513242058783206
2022-12-31,0.0396913207388789,0.0,0.0,0.5944885426171149,0.678258488499452,0.5944885426171149,0.0,0.0,0.0
