Date,Avg_rainfall,Full_reservoir_level,Live_capacity_FRL,Storage,Level
2022-01-01,0.0,0.0,0.0,,
2022-01-01,0.0,0.0,0.0,,
2022-01-01,0.0,0.0,0.0,,
2022-01-01,0.0,0.0,0.0,,
2022-01-01,0.0,0.0,0.0,,
2022-01-01,0.0,0.0,0.0,,
2022-01-01,0.0,0.0,0.0,,
2022-01-01,0.0,0.0,0.0,,
2022-01-01,0.0,0.0,0.0,,
2022-01-01,0.0,0.0,0.0,,
2022-01-01,0.0,0.0,0.0,,
2022-01-01,0.0,0.0,0.0,,
2022-01-02,0.0,0.0,0.0,,
2022-01-02,0.0,0.0,0.0,,
2022-01-02,0.0,0.0,0.0,,
2022-01-02,0.0,0.0,0.0,,
2022-01-02,0.0,0.0,0.0,,
2022-01-02,0.0,0.0,0.0,,
2022-01-02,0.0,0.0,0.0,,
2022-01-02,0.0,0.0,0.0,,
2022-01-02,0.0,0.0,0.0,,
2022-01-02,0.0,0.0,0.0,,
2022-01-02,0.0,0.0,0.0,,
2022-01-02,0.0,0.0,0.0,,
2022-01-03,0.0,0.0,0.0,,
2022-01-03,0.0,0.0,0.0,,
2022-01-03,0.0,0.0,0.0,,
2022-01-03,0.0,0.0,0.0,,
2022-01-03,0.0,0.0,0.0,,
2022-01-03,0.0,0.0,0.0,,
2022-01-03,0.0001297195394314315,0.0,0.0,,
2022-01-03,0.0,0.0,0.0,,
2022-01-03,0.0,0.0,0.0,,
2022-01-03,0.0,0.0,0.0,,
2022-01-03,0.0,0.0,0.0,,
2022-01-03,0.0,0.0,0.0,,
2022-01-04,0.002410556415628298,0.0,0.0,,
2022-01-04,0.006944521576222162,0.0,0.0,,
2022-01-04,0.01176877224581705,0.0,0.0,,
2022-01-04,0.0004789678095826015,0.0,0.0,,
2022-01-04,0.0010952661897024477,0.0,0.0,,
2022-01-04,0.0016150280534322934,0.0,0.0,,
2022-01-04,0.0,0.0,0.0,,
2022-01-04,0.048671770398422194,0.0,0.0,,
2022-01-04,0.0,0.0,0.0,,
2022-01-04,0.02677334921333869,0.0,0.0,,
2022-01-04,0.021802081963894004,0.0,0.0,,
2022-01-04,0.0077364201101441194,0.0,0.0,,
2022-01-05,0.03235376389411959,0.0,0.0,,
2022-01-05,0.28022032428295907,0.0,0.0,,
2022-01-05,0.20120272094684766,0.0,0.0,,
2022-01-05,0.11140631107196504,0.0,0.0,,
2022-01-05,0.2133966080481161,0.0,0.0,,
2022-01-05,0.03869748621036461,0.0,0.0,,
2022-01-05,0.1043474264061804,0.0,0.0,,
2022-01-05,0.21134114353434325,0.0,0.0,,
2022-01-05,0.11249113082748599,0.0,0.0,,
2022-01-05,0.2162791168972326,0.0,0.0,,
2022-01-05,0.13598301532238577,0.0,0.0,,
2022-01-05,0.06702900845906286,0.0,0.0,,
2022-01-06,0.2266492478848141,0.0,0.0,0.3931014594157609,0.4879518072289155
2022-01-06,0.37734976279914106,0.0,0.0,0.3931014594157609,0.4879518072289155
2022-01-06,0.5750496177699731,0.0,0.0,0.3931014594157609,0.4879518072289155
2022-01-06,0.4014444726937834,0.0,0.0,0.3931014594157609,0.4879518072289155
2022-01-06,0.5307294078622817,0.0,0.0,0.3931014594157609,0.4879518072289155
2022-01-06,0.17489417862649728,0.0,0.0,0.3931014594157609,0.4879518072289155
2022-01-06,0.16004124691029634,0.0,0.0,0.3931014594157609,0.4879518072289155
2022-01-06,0.27762805848340366,0.0,0.0,0.3931014594157609,0.4879518072289155
2022-01-06,0.43648376471120415,0.0,0.0,0.3931014594157609,0.4879518072289155
2022-01-06,0.09432500285735768,0.0,0.0,0.3931014594157609,0.4879518072289155
2022-01-06,0.3901055887378782,0.0,0.0,0.3931014594157609,0.4879518072289155
2022-01-06,0.31745801507265287,0.0,0.0,0.3931014594157609,0.4879518072289155
2022-01-07,7.105704518770177e-05,0.0,0.0,,
2022-01-07,0.010504902229649853,0.0,0.0,,
2022-01-07,0.006612515923270155,0.0,0.0,,
2022-01-07,0.0,0.0,0.0,,
2022-01-07,0.008594746916929108,0.0,0.0,,
2022-01-07,0.012756694718382344,0.0,0.0,,
2022-01-07,0.011516264657919908,0.0,0.0,,
2022-01-07,0.18926718365322778,0.0,0.0,,
2022-01-07,0.0015069887730112923,0.0,0.0,,
2022-01-07,0.0,0.0,0.0,,
2022-01-07,0.005083004686573389,0.0,0.0,,
2022-01-07,0.0006897506772886426,0.0,0.0,,
2022-01-08,0.0485600292549172,0.0,0.0,,
2022-01-08,0.2724455126951543,0.0,0.0,,
2022-01-08,0.2850247630853956,0.0,0.0,,
2022-01-08,0.17803431302707903,0.0,0.0,,
2022-01-08,0.2961141276121307,0.0,0.0,,
2022-01-08,0.2652699167613264,0.0,0.0,,
2022-01-08,0.19198877790648236,0.0,0.0,,
2022-01-08,0.05368933424624592,0.0,0.0,,
2022-01-08,0.001649595168490506,0.0,0.0,,
2022-01-08,0.2559842892518223,0.0,0.0,,
2022-01-08,0.06537949991135975,0.0,0.0,,
2022-01-08,0.06253839529434574,0.0,0.0,,
2022-01-09,0.17613147519794056,0.0,0.0,,
2022-01-09,0.38968962868229123,0.0,0.0,,
2022-01-09,0.40601668117784007,0.0,0.0,,
2022-01-09,0.4506317686182623,0.0,0.0,,
2022-01-09,0.18766049663574985,0.0,0.0,,
2022-01-09,0.34465741052606996,0.0,0.0,,
2022-01-09,0.48706617281856734,0.0,0.0,,
2022-01-09,0.3789448549100563,0.0,0.0,,
2022-01-09,0.5376852550150562,0.0,0.0,,
2022-01-09,0.2018207907100932,0.0,0.0,,
2022-01-09,0.1731449003794268,0.0,0.0,,
2022-01-09,0.18292472916980856,0.0,0.0,,
2022-01-10,0.08180539837392917,0.0,0.0,,
2022-01-10,0.5730770168622076,0.0,0.0,,
2022-01-10,0.12810221738320984,0.0,0.0,,
2022-01-10,0.36712054659925036,0.0,0.0,,
2022-01-10,0.26543727868699263,0.0,0.0,,
2022-01-10,0.27301084765748324,0.0,0.0,,
2022-01-10,0.4653752172565897,0.0,0.0,,
2022-01-10,0.6630474806512162,0.0,0.0,,
2022-01-10,0.1995413230247676,0.0,0.0,,
2022-01-10,0.279822397260832,0.0,0.0,,
2022-01-10,0.49159101028374924,0.0,0.0,,
2022-01-10,0.41346519877723037,0.0,0.0,,
2022-01-11,0.0006844734656072451,0.0,0.0,,
2022-01-11,0.018784393931789527,0.0,0.0,,
2022-01-11,0.03391581300485552,0.0,0.0,,
2022-01-11,0.0,0.0,0.0,,
2022-01-11,0.0028461110363052038,0.0,0.0,,
2022-01-11,0.08639986459311441,0.0,0.0,,
2022-01-11,0.0,0.0,0.0,,
2022-01-11,0.0,0.0,0.0,,
2022-01-11,0.009994597096778156,0.0,0.0,,
2022-01-11,0.003897996259883583,0.0,0.0,,
2022-01-11,0.0,0.0,0.0,,
2022-01-11,0.0008311187396717239,0.0,0.0,,
2022-01-12,0.004337453114885166,0.0,0.0,,
2022-01-12,0.07595511898119534,0.0,0.0,,
2022-01-12,0.0,0.0,0.0,,
2022-01-12,0.09673080917356805,0.0,0.0,,
2022-01-12,1.0494352332100283e-05,0.0,0.0,,
2022-01-12,0.14019166812958642,0.0,0.0,,
2022-01-12,0.013535167068079364,0.0,0.0,,
2022-01-12,0.0,0.0,0.0,,
2022-01-12,0.001141364509556666,0.0,0.0,,
2022-01-12,0.0,0.0,0.0,,
2022-01-12,0.0,0.0,0.0,,
2022-01-12,0.0,0.0,0.0,,
2022-01-13,0.0,0.0,0.0,0.493799728634711,0.4748083242059131
2022-01-13,3.013006576288251e-07,0.0,0.0,0.493799728634711,0.4748083242059131
2022-01-13,0.00038069587704499166,0.0,0.0,0.493799728634711,0.4748083242059131
2022-01-13,0.0,0.0,0.0,0.493799728634711,0.4748083242059131
2022-01-13,0.0,0.0,0.0,0.493799728634711,0.4748083242059131
2022-01-13,0.0,0.0,0.0,0.493799728634711,0.4748083242059131
2022-01-13,0.0,0.0,0.0,0.493799728634711,0.4748083242059131
2022-01-13,0.0,0.0,0.0,0.493799728634711,0.4748083242059131
2022-01-13,0.0,0.0,0.0,0.493799728634711,0.4748083242059131
2022-01-13,0.0,0.0,0.0,0.493799728634711,0.4748083242059131
2022-01-13,3.4542418489664464e-07,0.0,0.0,0.493799728634711,0.4748083242059131
2022-01-13,0.0,0.0,0.0,0.493799728634711,0.4748083242059131
2022-01-14,0.0,0.0,0.0,,
2022-01-14,0.0,0.0,0.0,,
2022-01-14,0.0,0.0,0.0,,
2022-01-14,0.0,0.0,0.0,,
2022-01-14,0.0,0.0,0.0,,
2022-01-14,0.0,0.0,0.0,,
2022-01-14,0.0,0.0,0.0,,
2022-01-14,0.0,0.0,0.0,,
2022-01-14,0.0,0.0,0.0,,
2022-01-14,0.0,0.0,0.0,,
2022-01-14,0.0,0.0,0.0,,
2022-01-14,0.0,0.0,0.0,,
2022-01-15,0.0,0.0,0.0,,
2022-01-15,0.0,0.0,0.0,,
2022-01-15,0.0,0.0,0.0,,
2022-01-15,0.0,0.0,0.0,,
2022-01-15,0.0,0.0,0.0,,
2022-01-15,0.0,0.0,0.0,,
2022-01-15,0.0,0.0,0.0,,
2022-01-15,0.0,0.0,0.0,,
2022-01-15,0.0,0.0,0.0,,
2022-01-15,0.0,0.0,0.0,,
2022-01-15,0.0,0.0,0.0,,
2022-01-15,0.0,0.0,0.0,,
2022-01-16,0.0,0.0,0.0,,
2022-01-16,0.0,0.0,0.0,,
2022-01-16,0.0,0.0,0.0,,
2022-01-16,0.0,0.0,0.0,,
2022-01-16,0.0,0.0,0.0,,
2022-01-16,0.0,0.0,0.0,,
2022-01-16,0.0,0.0,0.0,,
2022-01-16,0.0,0.0,0.0,,
2022-01-16,0.0,0.0,0.0,,
2022-01-16,0.0,0.0,0.0,,
2022-01-16,0.0,0.0,0.0,,
2022-01-16,0.0,0.0,0.0,,
2022-01-17,0.0,0.0,0.0,,
2022-01-17,0.0,0.0,0.0,,
2022-01-17,0.0,0.0,0.0,,
2022-01-17,0.0,0.0,0.0,,
2022-01-17,0.0,0.0,0.0,,
2022-01-17,0.0,0.0,0.0,,
2022-01-17,0.0,0.0,0.0,,
2022-01-17,0.0,0.0,0.0,,
2022-01-17,0.0,0.0,0.0,,
2022-01-17,0.0,0.0,0.0,,
2022-01-17,0.0,0.0,0.0,,
2022-01-17,0.0,0.0,0.0,,
2022-01-18,0.001018901210251648,0.0,0.0,,
2022-01-18,0.002342941345948982,0.0,0.0,,
2022-01-18,0.0,0.0,0.0,,
2022-01-18,0.0,0.0,0.0,,
2022-01-18,0.0,0.0,0.0,,
2022-01-18,0.0,0.0,0.0,,
2022-01-18,0.0,0.0,0.0,,
2022-01-18,0.0,0.0,0.0,,
2022-01-18,0.006719642464406094,0.0,0.0,,
2022-01-18,0.0,0.0,0.0,,
2022-01-18,0.0,0.0,0.0,,
2022-01-18,0.0008317289428403938,0.0,0.0,,
2022-01-19,0.0,0.0,0.0,,
2022-01-19,0.0,0.0,0.0,,
2022-01-19,0.0,0.0,0.0,,
2022-01-19,3.8151407852120194e-05,0.0,0.0,,
2022-01-19,0.0,0.0,0.0,,
2022-01-19,0.0,0.0,0.0,,
2022-01-19,0.0,0.0,0.0,,
2022-01-19,0.0,0.0,0.0,,
2022-01-19,0.0,0.0,0.0,,
2022-01-19,0.0,0.0,0.0,,
2022-01-19,0.0,0.0,0.0,,
2022-01-19,0.0,0.0,0.0,,
2022-01-20,0.06492260596786426,0.0,0.0,0.490963157670797,0.4575575027382257
2022-01-20,0.021999169569499107,0.0,0.0,0.490963157670797,0.4575575027382257
2022-01-20,0.04581301505940196,0.0,0.0,0.490963157670797,0.4575575027382257
2022-01-20,0.01052531925728805,0.0,0.0,0.490963157670797,0.4575575027382257
2022-01-20,0.038282576055198886,0.0,0.0,0.490963157670797,0.4575575027382257
2022-01-20,0.06743425712499047,0.0,0.0,0.490963157670797,0.4575575027382257
2022-01-20,0.009424774103569837,0.0,0.0,0.490963157670797,0.4575575027382257
2022-01-20,0.004015005525623358,0.0,0.0,0.490963157670797,0.4575575027382257
2022-01-20,0.017421569871173326,0.0,0.0,0.490963157670797,0.4575575027382257
2022-01-20,0.038926384080437505,0.0,0.0,0.490963157670797,0.4575575027382257
2022-01-20,0.07012751879152257,0.0,0.0,0.490963157670797,0.4575575027382257
2022-01-20,0.022302699839387662,0.0,0.0,0.490963157670797,0.4575575027382257
2022-01-21,0.0015614656968516744,0.0,0.0,0.36213555972636546,0.45564074479737116
2022-01-21,0.0017994468866748153,0.0,0.0,0.36213555972636546,0.45564074479737116
2022-01-21,0.007401178916757728,0.0,0.0,0.36213555972636546,0.45564074479737116
2022-01-21,0.009558738691919371,0.0,0.0,0.36213555972636546,0.45564074479737116
2022-01-21,0.0030134251194611915,0.0,0.0,0.36213555972636546,0.45564074479737116
2022-01-21,0.003381932010772391,0.0,0.0,0.36213555972636546,0.45564074479737116
2022-01-21,0.0010623163027723775,0.0,0.0,0.36213555972636546,0.45564074479737116
2022-01-21,0.0010567900452963584,0.0,0.0,0.36213555972636546,0.45564074479737116
2022-01-21,0.0012621739708126311,0.0,0.0,0.36213555972636546,0.45564074479737116
2022-01-21,0.002465782594781854,0.0,0.0,0.36213555972636546,0.45564074479737116
2022-01-21,0.0008921838104020747,0.0,0.0,0.36213555972636546,0.45564074479737116
2022-01-21,7.184516702503749e-05,0.0,0.0,0.36213555972636546,0.45564074479737116
2022-01-22,0.041331355566905245,0.0,0.0,0.36048089333074884,0.4539978094194961
2022-01-22,0.03639358244918939,0.0,0.0,0.36048089333074884,0.4539978094194961
2022-01-22,0.040655313048394225,0.0,0.0,0.36048089333074884,0.4539978094194961
2022-01-22,0.029031638639326927,0.0,0.0,0.36048089333074884,0.4539978094194961
2022-01-22,0.006463346972546788,0.0,0.0,0.36048089333074884,0.4539978094194961
2022-01-22,0.00865143639613425,0.0,0.0,0.36048089333074884,0.4539978094194961
2022-01-22,0.0047282805984412285,0.0,0.0,0.36048089333074884,0.4539978094194961
2022-01-22,0.025236146363368597,0.0,0.0,0.36048089333074884,0.4539978094194961
2022-01-22,0.008935908227002631,0.0,0.0,0.36048089333074884,0.4539978094194961
2022-01-22,0.0,0.0,0.0,0.36048089333074884,0.4539978094194961
2022-01-22,0.015538628349017668,0.0,0.0,0.36048089333074884,0.4539978094194961
2022-01-22,0.03189931982753194,0.0,0.0,0.36048089333074884,0.4539978094194961
2022-01-23,0.24172327654492753,0.0,0.0,0.35906260784879185,0.4526286966045987
2022-01-23,0.3421425705490214,0.0,0.0,0.35906260784879185,0.4526286966045987
2022-01-23,0.2907936541989866,0.0,0.0,0.35906260784879185,0.4526286966045987
2022-01-23,0.1793519149224186,0.0,0.0,0.35906260784879185,0.4526286966045987
2022-01-23,0.14322398328747427,0.0,0.0,0.35906260784879185,0.4526286966045987
2022-01-23,0.1737208979812208,0.0,0.0,0.35906260784879185,0.4526286966045987
2022-01-23,0.36711191616338396,0.0,0.0,0.35906260784879185,0.4526286966045987
2022-01-23,0.0842333977149637,0.0,0.0,0.35906260784879185,0.4526286966045987
2022-01-23,0.36463873093921895,0.0,0.0,0.35906260784879185,0.4526286966045987
2022-01-23,0.40997809322088596,0.0,0.0,0.35906260784879185,0.4526286966045987
2022-01-23,0.10269139374112875,0.0,0.0,0.35906260784879185,0.4526286966045987
2022-01-23,0.275288452699622,0.0,0.0,0.35906260784879185,0.4526286966045987
2022-01-24,0.2873238275419875,0.0,0.0,0.35953536967611077,0.45317634173055943
2022-01-24,0.3425049954029071,0.0,0.0,0.35953536967611077,0.45317634173055943
2022-01-24,0.21141086135483808,0.0,0.0,0.35953536967611077,0.45317634173055943
2022-01-24,0.29207289346084564,0.0,0.0,0.35953536967611077,0.45317634173055943
2022-01-24,0.17231829299307033,0.0,0.0,0.35953536967611077,0.45317634173055943
2022-01-24,0.24661395856342563,0.0,0.0,0.35953536967611077,0.45317634173055943
2022-01-24,0.37510715363928504,0.0,0.0,0.35953536967611077,0.45317634173055943
2022-01-24,0.0888171701434736,0.0,0.0,0.35953536967611077,0.45317634173055943
2022-01-24,0.34360788414625937,0.0,0.0,0.35953536967611077,0.45317634173055943
2022-01-24,0.3416578917556642,0.0,0.0,0.35953536967611077,0.45317634173055943
2022-01-24,0.23744757186074958,0.0,0.0,0.35953536967611077,0.45317634173055943
2022-01-24,0.3698893946288644,0.0,0.0,0.35953536967611077,0.45317634173055943
2022-01-25,0.0111373217707931,0.0,0.0,0.35929898876245137,0.4526286966045987
2022-01-25,0.013839874351967874,0.0,0.0,0.35929898876245137,0.4526286966045987
2022-01-25,0.030306306590300546,0.0,0.0,0.35929898876245137,0.4526286966045987
2022-01-25,0.026144269987097006,0.0,0.0,0.35929898876245137,0.4526286966045987
2022-01-25,0.025187717249703263,0.0,0.0,0.35929898876245137,0.4526286966045987
2022-01-25,0.0354546182574486,0.0,0.0,0.35929898876245137,0.4526286966045987
2022-01-25,0.029278360662081657,0.0,0.0,0.35929898876245137,0.4526286966045987
2022-01-25,0.017254640494748227,0.0,0.0,0.35929898876245137,0.4526286966045987
2022-01-25,0.0381982594866521,0.0,0.0,0.35929898876245137,0.4526286966045987
2022-01-25,0.034132160139304646,0.0,0.0,0.35929898876245137,0.4526286966045987
2022-01-25,0.029210636821604265,0.0,0.0,0.35929898876245137,0.4526286966045987
2022-01-25,0.014173580109638954,0.0,0.0,0.35929898876245137,0.4526286966045987
2022-01-26,0.05039016725691419,0.0,0.0,0.35788070328049437,0.4512595837897049
2022-01-26,0.06153462497449166,0.0,0.0,0.35788070328049437,0.4512595837897049
2022-01-26,1.7397995048755794e-05,0.0,0.0,0.35788070328049437,0.4512595837897049
2022-01-26,0.04154132190982911,0.0,0.0,0.35788070328049437,0.4512595837897049
2022-01-26,0.09795306499267659,0.0,0.0,0.35788070328049437,0.4512595837897049
2022-01-26,0.007091082486102505,0.0,0.0,0.35788070328049437,0.4512595837897049
2022-01-26,0.006063839849088096,0.0,0.0,0.35788070328049437,0.4512595837897049
2022-01-26,0.08930066061460114,0.0,0.0,0.35788070328049437,0.4512595837897049
2022-01-26,0.02765704203082729,0.0,0.0,0.35788070328049437,0.4512595837897049
2022-01-26,0.06306073108512866,0.0,0.0,0.35788070328049437,0.4512595837897049
2022-01-26,0.013359069679945112,0.0,0.0,0.35788070328049437,0.4512595837897049
2022-01-26,0.07370413246541864,0.0,0.0,0.35788070328049437,0.4512595837897049
2022-01-27,0.0156970750151457,0.0,0.0,0.3566987987121967,0.450164293537787
2022-01-27,0.00640431068899349,0.0,0.0,0.3566987987121967,0.450164293537787
2022-01-27,0.004366699335969985,0.0,0.0,0.3566987987121967,0.450164293537787
2022-01-27,0.01364815128480799,0.0,0.0,0.3566987987121967,0.450164293537787
2022-01-27,0.01508644282711692,0.0,0.0,0.3566987987121967,0.450164293537787
2022-01-27,0.009417124558928078,0.0,0.0,0.3566987987121967,0.450164293537787
2022-01-27,0.009344676349352512,0.0,0.0,0.3566987987121967,0.450164293537787
2022-01-27,0.006192844234389571,0.0,0.0,0.3566987987121967,0.450164293537787
2022-01-27,0.023161225605460464,0.0,0.0,0.3566987987121967,0.450164293537787
2022-01-27,0.01657332463481949,0.0,0.0,0.3566987987121967,0.450164293537787
2022-01-27,0.008723192042825824,0.0,0.0,0.3566987987121967,0.450164293537787
2022-01-27,0.008283298806139563,0.0,0.0,0.3566987987121967,0.450164293537787
2022-01-28,0.0,0.0,0.0,0.3550441323165803,0.4482475355969324
2022-01-28,0.0,0.0,0.0,0.3550441323165803,0.4482475355969324
2022-01-28,0.0,0.0,0.0,0.3550441323165803,0.4482475355969324
2022-01-28,0.0,0.0,0.0,0.3550441323165803,0.4482475355969324
2022-01-28,0.0,0.0,0.0,0.3550441323165803,0.4482475355969324
2022-01-28,0.0,0.0,0.0,0.3550441323165803,0.4482475355969324
2022-01-28,0.0,0.0,0.0,0.3550441323165803,0.4482475355969324
2022-01-28,0.0,0.0,0.0,0.3550441323165803,0.4482475355969324
2022-01-28,0.0,0.0,0.0,0.3550441323165803,0.4482475355969324
2022-01-28,0.0,0.0,0.0,0.3550441323165803,0.4482475355969324
2022-01-28,0.0,0.0,0.0,0.3550441323165803,0.4482475355969324
2022-01-28,0.0,0.0,0.0,0.3550441323165803,0.4482475355969324
2022-01-29,0.0,0.0,0.0,0.3529167040936446,0.44605695509310017
2022-01-29,0.0,0.0,0.0,0.3529167040936446,0.44605695509310017
2022-01-29,0.0,0.0,0.0,0.3529167040936446,0.44605695509310017
2022-01-29,0.0,0.0,0.0,0.3529167040936446,0.44605695509310017
2022-01-29,0.0,0.0,0.0,0.3529167040936446,0.44605695509310017
2022-01-29,0.0,0.0,0.0,0.3529167040936446,0.44605695509310017
2022-01-29,0.0,0.0,0.0,0.3529167040936446,0.44605695509310017
2022-01-29,0.0,0.0,0.0,0.3529167040936446,0.44605695509310017
2022-01-29,0.0,0.0,0.0,0.3529167040936446,0.44605695509310017
2022-01-29,0.0,0.0,0.0,0.3529167040936446,0.44605695509310017
2022-01-29,0.0,0.0,0.0,0.3529167040936446,0.44605695509310017
2022-01-29,0.0,0.0,0.0,0.3529167040936446,0.44605695509310017
2022-01-30,0.0,0.0,0.0,0.35031651404339004,0.44359255202628667
2022-01-30,0.0,0.0,0.0,0.35031651404339004,0.44359255202628667
2022-01-30,0.0,0.0,0.0,0.35031651404339004,0.44359255202628667
2022-01-30,0.0,0.0,0.0,0.35031651404339004,0.44359255202628667
2022-01-30,0.0,0.0,0.0,0.35031651404339004,0.44359255202628667
2022-01-30,0.0,0.0,0.0,0.35031651404339004,0.44359255202628667
2022-01-30,0.0,0.0,0.0,0.35031651404339004,0.44359255202628667
2022-01-30,0.0,0.0,0.0,0.35031651404339004,0.44359255202628667
2022-01-30,0.0,0.0,0.0,0.35031651404339004,0.44359255202628667
2022-01-30,0.0,0.0,0.0,0.35031651404339004,0.44359255202628667
2022-01-30,0.0,0.0,0.0,0.35031651404339004,0.44359255202628667
2022-01-30,0.0,0.0,0.0,0.35031651404339004,0.44359255202628667
2022-01-31,0.0,0.0,0.0,0.34771632399313546,0.4408543263964937
2022-01-31,0.0,0.0,0.0,0.34771632399313546,0.4408543263964937
2022-01-31,0.0,0.0,0.0,0.34771632399313546,0.4408543263964937
2022-01-31,0.0,0.0,0.0,0.34771632399313546,0.4408543263964937
2022-01-31,0.0,0.0,0.0,0.34771632399313546,0.4408543263964937
2022-01-31,0.0,0.0,0.0,0.34771632399313546,0.4408543263964937
2022-01-31,0.0,0.0,0.0,0.34771632399313546,0.4408543263964937
2022-01-31,0.0,0.0,0.0,0.34771632399313546,0.4408543263964937
2022-01-31,0.0,0.0,0.0,0.34771632399313546,0.4408543263964937
2022-01-31,0.0,0.0,0.0,0.34771632399313546,0.4408543263964937
2022-01-31,0.0,0.0,0.0,0.34771632399313546,0.4408543263964937
2022-01-31,0.0,0.0,0.0,0.34771632399313546,0.4408543263964937
2022-02-01,0.0,0.0,0.0,0.34440699120190243,0.4375684556407453
2022-02-01,0.0,0.0,0.0,0.34440699120190243,0.4375684556407453
2022-02-01,0.0,0.0,0.0,0.34440699120190243,0.4375684556407453
2022-02-01,0.0,0.0,0.0,0.34440699120190243,0.4375684556407453
2022-02-01,0.0,0.0,0.0,0.34440699120190243,0.4375684556407453
2022-02-01,0.0,0.0,0.0,0.34440699120190243,0.4375684556407453
2022-02-01,0.0,0.0,0.0,0.34440699120190243,0.4375684556407453
2022-02-01,0.0,0.0,0.0,0.34440699120190243,0.4375684556407453
2022-02-01,0.0,0.0,0.0,0.34440699120190243,0.4375684556407453
2022-02-01,0.0,0.0,0.0,0.34440699120190243,0.4375684556407453
2022-02-01,0.0,0.0,0.0,0.34440699120190243,0.4375684556407453
2022-02-01,0.0,0.0,0.0,0.34440699120190243,0.4375684556407453
2022-02-02,0.0,0.0,0.0,0.3413340393243287,0.4340087623220139
2022-02-02,0.0,0.0,0.0,0.3413340393243287,0.4340087623220139
2022-02-02,0.0,0.0,0.0,0.3413340393243287,0.4340087623220139
2022-02-02,0.0,0.0,0.0,0.3413340393243287,0.4340087623220139
2022-02-02,0.0,0.0,0.0,0.3413340393243287,0.4340087623220139
2022-02-02,0.0,0.0,0.0,0.3413340393243287,0.4340087623220139
2022-02-02,0.0,0.0,0.0,0.3413340393243287,0.4340087623220139
2022-02-02,0.0,0.0,0.0,0.3413340393243287,0.4340087623220139
2022-02-02,0.0,0.0,0.0,0.3413340393243287,0.4340087623220139
2022-02-02,0.0,0.0,0.0,0.3413340393243287,0.4340087623220139
2022-02-02,0.0,0.0,0.0,0.3413340393243287,0.4340087623220139
2022-02-02,0.0,0.0,0.0,0.3413340393243287,0.4340087623220139
2022-02-03,0.0454376502625618,0.0,0.0,0.33778832561943617,0.43072289156626553
2022-02-03,0.07072924541458238,0.0,0.0,0.33778832561943617,0.43072289156626553
2022-02-03,0.07694544295867589,0.0,0.0,0.33778832561943617,0.43072289156626553
2022-02-03,0.09223317682552643,0.0,0.0,0.33778832561943617,0.43072289156626553
2022-02-03,0.08023583128230306,0.0,0.0,0.33778832561943617,0.43072289156626553
2022-02-03,0.03389785991062029,0.0,0.0,0.33778832561943617,0.43072289156626553
2022-02-03,0.12208050195043628,0.0,0.0,0.33778832561943617,0.43072289156626553
2022-02-03,0.06704388197062251,0.0,0.0,0.33778832561943617,0.43072289156626553
2022-02-03,0.01805096077340491,0.0,0.0,0.33778832561943617,0.43072289156626553
2022-02-03,0.06661601313891334,0.0,0.0,0.33778832561943617,0.43072289156626553
2022-02-03,0.1102970293968142,0.0,0.0,0.33778832561943617,0.43072289156626553
2022-02-03,0.07212497980223477,0.0,0.0,0.33778832561943617,0.43072289156626553
2022-02-04,0.23615742690182376,0.0,0.0,,
2022-02-04,0.39952669703358923,0.0,0.0,,
2022-02-04,0.2459275796548101,0.0,0.0,,
2022-02-04,0.36122411277414235,0.0,0.0,,
2022-02-04,0.23187312682846686,0.0,0.0,,
2022-02-04,0.2095163464836145,0.0,0.0,,
2022-02-04,0.12335591068500583,0.0,0.0,,
2022-02-04,0.2896466065034775,0.0,0.0,,
2022-02-04,0.07252514044555919,0.0,0.0,,
2022-02-04,0.32456169596039536,0.0,0.0,,
2022-02-04,0.06700945616431206,0.0,0.0,,
2022-02-04,0.3550351776573477,0.0,0.0,,
2022-02-05,0.24364851563672543,0.0,0.0,,
2022-02-05,0.01514150523234398,0.0,0.0,,
2022-02-05,0.043566313001156584,0.0,0.0,,
2022-02-05,0.13699984314287764,0.0,0.0,,
2022-02-05,0.19443597928970824,0.0,0.0,,
2022-02-05,0.04705767059054312,0.0,0.0,,
2022-02-05,0.06291100798072298,0.0,0.0,,
2022-02-05,0.0481173833782857,0.0,0.0,,
2022-02-05,0.011351893424931854,0.0,0.0,,
2022-02-05,0.16652820531518156,0.0,0.0,,
2022-02-05,0.1828905402438059,0.0,0.0,,
2022-02-05,0.14793333878819476,0.0,0.0,,
2022-02-06,0.0,0.0,0.0,,
2022-02-06,0.0,0.0,0.0,,
2022-02-06,0.0062490765182118884,0.0,0.0,,
2022-02-06,0.0024141464444807506,0.0,0.0,,
2022-02-06,0.0,0.0,0.0,,
2022-02-06,0.0,0.0,0.0,,
2022-02-06,0.02018877469020499,0.0,0.0,,
2022-02-06,0.0030442037758614663,0.0,0.0,,
2022-02-06,0.0,0.0,0.0,,
2022-02-06,0.0,0.0,0.0,,
2022-02-06,0.0,0.0,0.0,,
2022-02-06,0.0,0.0,0.0,,
2022-02-07,0.00343543116985524,0.0,0.0,,
2022-02-07,0.0,0.0,0.0,,
2022-02-07,0.0005205158717772426,0.0,0.0,,
2022-02-07,0.0,0.0,0.0,,
2022-02-07,0.0,0.0,0.0,,
2022-02-07,0.0,0.0,0.0,,
2022-02-07,0.0010734683351884878,0.0,0.0,,
2022-02-07,0.0,0.0,0.0,,
2022-02-07,0.0003522123248256351,0.0,0.0,,
2022-02-07,0.0,0.0,0.0,,
2022-02-07,0.0,0.0,0.0,,
2022-02-07,0.0,0.0,0.0,,
2022-02-08,0.0,0.0,0.0,,
2022-02-08,0.0,0.0,0.0,,
2022-02-08,0.0,0.0,0.0,,
2022-02-08,0.0,0.0,0.0,,
2022-02-08,0.0,0.0,0.0,,
2022-02-08,0.0,0.0,0.0,,
2022-02-08,0.0,0.0,0.0,,
2022-02-08,0.0,0.0,0.0,,
2022-02-08,0.0,0.0,0.0,,
2022-02-08,0.0,0.0,0.0,,
2022-02-08,0.0,0.0,0.0,,
2022-02-08,0.0,0.0,0.0,,
2022-02-09,0.017037358029768083,0.0,0.0,,
2022-02-09,0.0089039049284064,0.0,0.0,,
2022-02-09,0.0,0.0,0.0,,
2022-02-09,0.0005075944985244148,0.0,0.0,,
2022-02-09,0.0,0.0,0.0,,
2022-02-09,0.0,0.0,0.0,,
2022-02-09,0.0,0.0,0.0,,
2022-02-09,0.0,0.0,0.0,,
2022-02-09,0.03594691462480037,0.0,0.0,,
2022-02-09,0.0,0.0,0.0,,
2022-02-09,0.00043571920143361447,0.0,0.0,,
2022-02-09,0.0,0.0,0.0,,
2022-02-10,0.008051604538189094,0.0,0.0,0.32195080440424917,0.4140197152245353
2022-02-10,0.04409472891314324,0.0,0.0,0.32195080440424917,0.4140197152245353
2022-02-10,0.003063925328462868,0.0,0.0,0.32195080440424917,0.4140197152245353
2022-02-10,0.0,0.0,0.0,0.32195080440424917,0.4140197152245353
2022-02-10,0.002764020020653638,0.0,0.0,0.32195080440424917,0.4140197152245353
2022-02-10,0.006260100252017425,0.0,0.0,0.32195080440424917,0.4140197152245353
2022-02-10,0.00021121322337756726,0.0,0.0,0.32195080440424917,0.4140197152245353
2022-02-10,0.009406953455556743,0.0,0.0,0.32195080440424917,0.4140197152245353
2022-02-10,0.00922454079303187,0.0,0.0,0.32195080440424917,0.4140197152245353
2022-02-10,0.0004604914733475864,0.0,0.0,0.32195080440424917,0.4140197152245353
2022-02-10,0.0018525443325586963,0.0,0.0,0.32195080440424917,0.4140197152245353
2022-02-10,0.005475800066838874,0.0,0.0,0.32195080440424917,0.4140197152245353
2022-02-11,0.0,0.0,0.0,0.3179323288720376,0.4101861993428262
2022-02-11,0.0,0.0,0.0,0.3179323288720376,0.4101861993428262
2022-02-11,0.0,0.0,0.0,0.3179323288720376,0.4101861993428262
2022-02-11,0.0,0.0,0.0,0.3179323288720376,0.4101861993428262
2022-02-11,0.0,0.0,0.0,0.3179323288720376,0.4101861993428262
2022-02-11,0.0,0.0,0.0,0.3179323288720376,0.4101861993428262
2022-02-11,0.0,0.0,0.0,0.3179323288720376,0.4101861993428262
2022-02-11,0.0,0.0,0.0,0.3179323288720376,0.4101861993428262
2022-02-11,0.0,0.0,0.0,0.3179323288720376,0.4101861993428262
2022-02-11,0.0,0.0,0.0,0.3179323288720376,0.4101861993428262
2022-02-11,0.0,0.0,0.0,0.3179323288720376,0.4101861993428262
2022-02-11,0.0,0.0,0.0,0.3179323288720376,0.4101861993428262
2022-02-12,0.0,0.0,0.0,0.3139138533398259,0.40580503833515813
2022-02-12,0.0,0.0,0.0,0.3139138533398259,0.40580503833515813
2022-02-12,0.0,0.0,0.0,0.3139138533398259,0.40580503833515813
2022-02-12,0.0,0.0,0.0,0.3139138533398259,0.40580503833515813
2022-02-12,0.0,0.0,0.0,0.3139138533398259,0.40580503833515813
2022-02-12,0.0,0.0,0.0,0.3139138533398259,0.40580503833515813
2022-02-12,0.0,0.0,0.0,0.3139138533398259,0.40580503833515813
2022-02-12,0.0,0.0,0.0,0.3139138533398259,0.40580503833515813
2022-02-12,0.0,0.0,0.0,0.3139138533398259,0.40580503833515813
2022-02-12,0.0,0.0,0.0,0.3139138533398259,0.40580503833515813
2022-02-12,0.0,0.0,0.0,0.3139138533398259,0.40580503833515813
2022-02-12,0.0,0.0,0.0,0.3139138533398259,0.40580503833515813
2022-02-13,0.0,0.0,0.0,0.31013175872127385,0.4016976998904713
2022-02-13,0.0,0.0,0.0,0.31013175872127385,0.4016976998904713
2022-02-13,0.0,0.0,0.0,0.31013175872127385,0.4016976998904713
2022-02-13,0.0,0.0,0.0,0.31013175872127385,0.4016976998904713
2022-02-13,0.0,0.0,0.0,0.31013175872127385,0.4016976998904713
2022-02-13,0.0,0.0,0.0,0.31013175872127385,0.4016976998904713
2022-02-13,0.0,0.0,0.0,0.31013175872127385,0.4016976998904713
2022-02-13,0.0,0.0,0.0,0.31013175872127385,0.4016976998904713
2022-02-13,0.0,0.0,0.0,0.31013175872127385,0.4016976998904713
2022-02-13,0.0,0.0,0.0,0.31013175872127385,0.4016976998904713
2022-02-13,0.0,0.0,0.0,0.31013175872127385,0.4016976998904713
2022-02-13,0.0,0.0,0.0,0.31013175872127385,0.4016976998904713
2022-02-14,0.0,0.0,0.0,0.30587690227540265,0.39759036144578275
2022-02-14,0.0,0.0,0.0,0.30587690227540265,0.39759036144578275
2022-02-14,0.0,0.0,0.0,0.30587690227540265,0.39759036144578275
2022-02-14,0.0,0.0,0.0,0.30587690227540265,0.39759036144578275
2022-02-14,0.0,0.0,0.0,0.30587690227540265,0.39759036144578275
2022-02-14,0.0,0.0,0.0,0.30587690227540265,0.39759036144578275
2022-02-14,0.0,0.0,0.0,0.30587690227540265,0.39759036144578275
2022-02-14,0.0,0.0,0.0,0.30587690227540265,0.39759036144578275
2022-02-14,0.0,0.0,0.0,0.30587690227540265,0.39759036144578275
2022-02-14,0.0,0.0,0.0,0.30587690227540265,0.39759036144578275
2022-02-14,0.0,0.0,0.0,0.30587690227540265,0.39759036144578275
2022-02-14,0.0,0.0,0.0,0.30587690227540265,0.39759036144578275
2022-02-15,0.0,0.0,0.0,0.3018584267431911,0.39348302300109594
2022-02-15,0.0,0.0,0.0,0.3018584267431911,0.39348302300109594
2022-02-15,0.0,0.0,0.0,0.3018584267431911,0.39348302300109594
2022-02-15,0.0,0.0,0.0,0.3018584267431911,0.39348302300109594
2022-02-15,0.0,0.0,0.0,0.3018584267431911,0.39348302300109594
2022-02-15,0.0,0.0,0.0,0.3018584267431911,0.39348302300109594
2022-02-15,0.0,0.0,0.0,0.3018584267431911,0.39348302300109594
2022-02-15,0.0,0.0,0.0,0.3018584267431911,0.39348302300109594
2022-02-15,0.0,0.0,0.0,0.3018584267431911,0.39348302300109594
2022-02-15,0.0,0.0,0.0,0.3018584267431911,0.39348302300109594
2022-02-15,0.0,0.0,0.0,0.3018584267431911,0.39348302300109594
2022-02-15,0.0,0.0,0.0,0.3018584267431911,0.39348302300109594
2022-02-16,0.0,0.0,0.0,0.2978399512109794,0.3891018619934279
2022-02-16,0.0,0.0,0.0,0.2978399512109794,0.3891018619934279
2022-02-16,0.0,0.0,0.0,0.2978399512109794,0.3891018619934279
2022-02-16,0.0,0.0,0.0,0.2978399512109794,0.3891018619934279
2022-02-16,0.0009190604593986697,0.0,0.0,0.2978399512109794,0.3891018619934279
2022-02-16,0.0,0.0,0.0,0.2978399512109794,0.3891018619934279
2022-02-16,0.0,0.0,0.0,0.2978399512109794,0.3891018619934279
2022-02-16,0.0,0.0,0.0,0.2978399512109794,0.3891018619934279
2022-02-16,0.0,0.0,0.0,0.2978399512109794,0.3891018619934279
2022-02-16,0.0022967194550049704,0.0,0.0,0.2978399512109794,0.3891018619934279
2022-02-16,0.0,0.0,0.0,0.2978399512109794,0.3891018619934279
2022-02-16,8.567910306881828e-05,0.0,0.0,0.2978399512109794,0.3891018619934279
2022-02-17,0.0,0.0,0.0,0.2935850947651083,0.3847207009857616
2022-02-17,0.0,0.0,0.0,0.2935850947651083,0.3847207009857616
2022-02-17,0.0,0.0,0.0,0.2935850947651083,0.3847207009857616
2022-02-17,0.0,0.0,0.0,0.2935850947651083,0.3847207009857616
2022-02-17,0.0,0.0,0.0,0.2935850947651083,0.3847207009857616
2022-02-17,0.0,0.0,0.0,0.2935850947651083,0.3847207009857616
2022-02-17,0.0,0.0,0.0,0.2935850947651083,0.3847207009857616
2022-02-17,0.0,0.0,0.0,0.2935850947651083,0.3847207009857616
2022-02-17,0.0,0.0,0.0,0.2935850947651083,0.3847207009857616
2022-02-17,0.0,0.0,0.0,0.2935850947651083,0.3847207009857616
2022-02-17,0.0,0.0,0.0,0.2935850947651083,0.3847207009857616
2022-02-17,0.0,0.0,0.0,0.2935850947651083,0.3847207009857616
2022-02-18,0.0,0.0,0.0,0.2895666192328966,0.3800657174151141
2022-02-18,0.0,0.0,0.0,0.2895666192328966,0.3800657174151141
2022-02-18,0.0,0.0,0.0,0.2895666192328966,0.3800657174151141
2022-02-18,0.0,0.0,0.0,0.2895666192328966,0.3800657174151141
2022-02-18,0.0,0.0,0.0,0.2895666192328966,0.3800657174151141
2022-02-18,0.0,0.0,0.0,0.2895666192328966,0.3800657174151141
2022-02-18,0.0,0.0,0.0,0.2895666192328966,0.3800657174151141
2022-02-18,0.0,0.0,0.0,0.2895666192328966,0.3800657174151141
2022-02-18,0.0,0.0,0.0,0.2895666192328966,0.3800657174151141
2022-02-18,0.0,0.0,0.0,0.2895666192328966,0.3800657174151141
2022-02-18,0.0,0.0,0.0,0.2895666192328966,0.3800657174151141
2022-02-18,0.0,0.0,0.0,0.2895666192328966,0.3800657174151141
2022-02-19,0.00017381688253749814,0.0,0.0,0.28554814370068504,0.37513691128148885
2022-02-19,0.0,0.0,0.0,0.28554814370068504,0.37513691128148885
2022-02-19,0.0,0.0,0.0,0.28554814370068504,0.37513691128148885
2022-02-19,0.0,0.0,0.0,0.28554814370068504,0.37513691128148885
2022-02-19,0.0018631807626485989,0.0,0.0,0.28554814370068504,0.37513691128148885
2022-02-19,0.0008925218722612786,0.0,0.0,0.28554814370068504,0.37513691128148885
2022-02-19,0.0,0.0,0.0,0.28554814370068504,0.37513691128148885
2022-02-19,0.0,0.0,0.0,0.28554814370068504,0.37513691128148885
2022-02-19,0.0050568493816072905,0.0,0.0,0.28554814370068504,0.37513691128148885
2022-02-19,0.0,0.0,0.0,0.28554814370068504,0.37513691128148885
2022-02-19,0.0,0.0,0.0,0.28554814370068504,0.37513691128148885
2022-02-19,0.0,0.0,0.0,0.28554814370068504,0.37513691128148885
2022-02-20,0.005202831163888882,0.0,0.0,0.2810569063411543,0.36966046002190645
2022-02-20,0.0,0.0,0.0,0.2810569063411543,0.36966046002190645
2022-02-20,0.0,0.0,0.0,0.2810569063411543,0.36966046002190645
2022-02-20,0.0,0.0,0.0,0.2810569063411543,0.36966046002190645
2022-02-20,0.0013809103070500013,0.0,0.0,0.2810569063411543,0.36966046002190645
2022-02-20,0.0004997143769358783,0.0,0.0,0.2810569063411543,0.36966046002190645
2022-02-20,0.0,0.0,0.0,0.2810569063411543,0.36966046002190645
2022-02-20,0.0027649534223561836,0.0,0.0,0.2810569063411543,0.36966046002190645
2022-02-20,0.0038049815573728794,0.0,0.0,0.2810569063411543,0.36966046002190645
2022-02-20,0.005836141206059449,0.0,0.0,0.2810569063411543,0.36966046002190645
2022-02-20,0.0,0.0,0.0,0.2810569063411543,0.36966046002190645
2022-02-20,0.0007763878912352764,0.0,0.0,0.2810569063411543,0.36966046002190645
2022-02-21,8.808543635861816e-05,0.0,0.0,0.2763292880679642,0.3639101861993428
2022-02-21,0.0,0.0,0.0,0.2763292880679642,0.3639101861993428
2022-02-21,0.0002443873208597684,0.0,0.0,0.2763292880679642,0.3639101861993428
2022-02-21,0.0,0.0,0.0,0.2763292880679642,0.3639101861993428
2022-02-21,0.0,0.0,0.0,0.2763292880679642,0.3639101861993428
2022-02-21,0.0,0.0,0.0,0.2763292880679642,0.3639101861993428
2022-02-21,0.0,0.0,0.0,0.2763292880679642,0.3639101861993428
2022-02-21,0.0008206014431054443,0.0,0.0,0.2763292880679642,0.3639101861993428
2022-02-21,0.0,0.0,0.0,0.2763292880679642,0.3639101861993428
2022-02-21,0.0,0.0,0.0,0.2763292880679642,0.3639101861993428
2022-02-21,0.0004200207816216047,0.0,0.0,0.2763292880679642,0.3639101861993428
2022-02-21,0.0,0.0,0.0,0.2763292880679642,0.3639101861993428
2022-02-22,0.001018901210251648,0.0,0.0,0.27136528888111455,0.35761226725082196
2022-02-22,0.0,0.0,0.0,0.27136528888111455,0.35761226725082196
2022-02-22,0.006719642464406094,0.0,0.0,0.27136528888111455,0.35761226725082196
2022-02-22,0.002118164499862399,0.0,0.0,0.27136528888111455,0.35761226725082196
2022-02-22,0.0,0.0,0.0,0.27136528888111455,0.35761226725082196
2022-02-22,0.0,0.0,0.0,0.27136528888111455,0.35761226725082196
2022-02-22,0.0,0.0,0.0,0.27136528888111455,0.35761226725082196
2022-02-22,0.0,0.0,0.0,0.27136528888111455,0.35761226725082196
2022-02-22,0.0,0.0,0.0,0.27136528888111455,0.35761226725082196
2022-02-22,0.0,0.0,0.0,0.27136528888111455,0.35761226725082196
2022-02-22,0.0008317289428403938,0.0,0.0,0.27136528888111455,0.35761226725082196
2022-02-22,0.0,0.0,0.0,0.27136528888111455,0.35761226725082196
2022-02-23,0.14201683102738985,0.0,0.0,0.2659285278669459,0.3507667031763422
2022-02-23,0.07154197627938791,0.0,0.0,0.2659285278669459,0.3507667031763422
2022-02-23,0.010520376678437452,0.0,0.0,0.2659285278669459,0.3507667031763422
2022-02-23,0.011724873975459292,0.0,0.0,0.2659285278669459,0.3507667031763422
2022-02-23,0.08374579292662598,0.0,0.0,0.2659285278669459,0.3507667031763422
2022-02-23,0.18560977817463717,0.0,0.0,0.2659285278669459,0.3507667031763422
2022-02-23,0.13929722132432457,0.0,0.0,0.2659285278669459,0.3507667031763422
2022-02-23,0.03032856718715505,0.0,0.0,0.2659285278669459,0.3507667031763422
2022-02-23,0.09799770564768398,0.0,0.0,0.2659285278669459,0.3507667031763422
2022-02-23,0.08201333769461706,0.0,0.0,0.2659285278669459,0.3507667031763422
2022-02-23,0.08915193771491829,0.0,0.0,0.2659285278669459,0.3507667031763422
2022-02-23,0.07594945333119332,0.0,0.0,0.2659285278669459,0.3507667031763422
2022-02-24,0.03187895680709112,0.0,0.0,,
2022-02-24,0.018071771294659283,0.0,0.0,,
2022-02-24,0.010544461783144476,0.0,0.0,,
2022-02-24,0.0971401881294227,0.0,0.0,,
2022-02-24,0.0013841099939667985,0.0,0.0,,
2022-02-24,0.07264907260448022,0.0,0.0,,
2022-02-24,0.04020792007274464,0.0,0.0,,
2022-02-24,0.11928158738033194,0.0,0.0,,
2022-02-24,0.062405625735002,0.0,0.0,,
2022-02-24,0.0022620438338898452,0.0,0.0,,
2022-02-24,0.0032388220019596643,0.0,0.0,,
2022-02-24,0.00027075671318017044,0.0,0.0,,
2022-02-25,0.18332041597742263,0.0,0.0,,
2022-02-25,0.16064570065729591,0.0,0.0,,
2022-02-25,0.08901347111483456,0.0,0.0,,
2022-02-25,0.08116986241326844,0.0,0.0,,
2022-02-25,0.01886519568318777,0.0,0.0,,
2022-02-25,0.20932082958733306,0.0,0.0,,
2022-02-25,0.18822811870959788,0.0,0.0,,
2022-02-25,0.1362103581406838,0.0,0.0,,
2022-02-25,0.1843562717538807,0.0,0.0,,
2022-02-25,0.1613019379019642,0.0,0.0,,
2022-02-25,0.12914592273516887,0.0,0.0,,
2022-02-25,0.013358270943247787,0.0,0.0,,
2022-02-26,0.013688204845313905,0.0,0.0,,
2022-02-26,0.02667284538672465,0.0,0.0,,
2022-02-26,0.03372514872585596,0.0,0.0,,
2022-02-26,0.09409662509021077,0.0,0.0,,
2022-02-26,0.05966315461131475,0.0,0.0,,
2022-02-26,0.04145991611994929,0.0,0.0,,
2022-02-26,0.01765902871407395,0.0,0.0,,
2022-02-26,0.06712942934605236,0.0,0.0,,
2022-02-26,0.027081241056077506,0.0,0.0,,
2022-02-26,0.10201071975245453,0.0,0.0,,
2022-02-26,0.044006636971716036,0.0,0.0,,
2022-02-26,0.09372029958550805,0.0,0.0,,
2022-02-27,0.17872416546582828,0.0,0.0,,
2022-02-27,0.10444700046182785,0.0,0.0,,
2022-02-27,0.11663840531212614,0.0,0.0,,
2022-02-27,0.06430803179651609,0.0,0.0,,
2022-02-27,0.2018091433595667,0.0,0.0,,
2022-02-27,0.06738112015703288,0.0,0.0,,
2022-02-27,0.07131184496762703,0.0,0.0,,
2022-02-27,0.017221838547701724,0.0,0.0,,
2022-02-27,0.050692089715896,0.0,0.0,,
2022-02-27,0.03842615236144778,0.0,0.0,,
2022-02-27,0.21989628688771098,0.0,0.0,,
2022-02-27,0.1480496684507608,0.0,0.0,,
2022-02-28,0.0,0.0,0.0,,
2022-02-28,0.0,0.0,0.0,,
2022-02-28,0.0,0.0,0.0,,
2022-02-28,0.0,0.0,0.0,,
2022-02-28,0.0,0.0,0.0,,
2022-02-28,0.0,0.0,0.0,,
2022-02-28,0.0,0.0,0.0,,
2022-02-28,0.0,0.0,0.0,,
2022-02-28,0.0,0.0,0.0,,
2022-02-28,0.0,0.0,0.0,,
2022-02-28,0.0,0.0,0.0,,
2022-02-28,0.0,0.0,0.0,,
2022-03-01,0.0,0.0,0.0,,
2022-03-01,0.0,0.0,0.0,,
2022-03-01,0.0,0.0,0.0,,
2022-03-01,0.0,0.0,0.0,,
2022-03-01,0.0,0.0,0.0,,
2022-03-01,0.0,0.0,0.0,,
2022-03-01,0.0,0.0,0.0,,
2022-03-01,0.0,0.0,0.0,,
2022-03-01,0.0,0.0,0.0,,
2022-03-01,0.0,0.0,0.0,,
2022-03-01,0.0,0.0,0.0,,
2022-03-01,0.0,0.0,0.0,,
2022-03-02,0.00012573997547353648,0.0,0.0,,
2022-03-02,1.1971418924195736e-05,0.0,0.0,,
2022-03-02,4.789678221893236e-05,0.0,0.0,,
2022-03-02,0.0009190604593986697,0.0,0.0,,
2022-03-02,0.010713571643433376,0.0,0.0,,
2022-03-02,0.0007594900174580181,0.0,0.0,,
2022-03-02,0.0,0.0,0.0,,
2022-03-02,0.0,0.0,0.0,,
2022-03-02,0.0010454533874354375,0.0,0.0,,
2022-03-02,0.012363157898971373,0.0,0.0,,
2022-03-02,0.0003920053926332818,0.0,0.0,,
2022-03-02,0.0014098515211009017,0.0,0.0,,
2022-03-03,0.0,0.0,0.0,0.22574377254482964,0.3017524644030658
2022-03-03,0.0,0.0,0.0,0.22574377254482964,0.3017524644030658
2022-03-03,0.0,0.0,0.0,0.22574377254482964,0.3017524644030658
2022-03-03,0.0,0.0,0.0,0.22574377254482964,0.3017524644030658
2022-03-03,0.0,0.0,0.0,0.22574377254482964,0.3017524644030658
2022-03-03,0.0,0.0,0.0,0.22574377254482964,0.3017524644030658
2022-03-03,0.0,0.0,0.0,0.22574377254482964,0.3017524644030658
2022-03-03,0.0,0.0,0.0,0.22574377254482964,0.3017524644030658
2022-03-03,0.00027928468160949723,0.0,0.0,0.22574377254482964,0.3017524644030658
2022-03-03,0.0,0.0,0.0,0.22574377254482964,0.3017524644030658
2022-03-03,0.0,0.0,0.0,0.22574377254482964,0.3017524644030658
2022-03-03,0.0,0.0,0.0,0.22574377254482964,0.3017524644030658
2022-03-04,0.051220892364295806,0.0,0.0,0.2193614878760229,0.29408543263964937
2022-03-04,0.12221941468980757,0.0,0.0,0.2193614878760229,0.29408543263964937
2022-03-04,0.0015659995405591079,0.0,0.0,0.2193614878760229,0.29408543263964937
2022-03-04,0.018451425163091038,0.0,0.0,0.2193614878760229,0.29408543263964937
2022-03-04,0.08187725845470642,0.0,0.0,0.2193614878760229,0.29408543263964937
2022-03-04,0.11875911752966643,0.0,0.0,0.2193614878760229,0.29408543263964937
2022-03-04,0.03763957064952798,0.0,0.0,0.2193614878760229,0.29408543263964937
2022-03-04,0.09139084199868373,0.0,0.0,0.2193614878760229,0.29408543263964937
2022-03-04,0.012003852427182828,0.0,0.0,0.2193614878760229,0.29408543263964937
2022-03-04,0.06876170202115262,0.0,0.0,0.2193614878760229,0.29408543263964937
2022-03-04,0.01602145438285818,0.0,0.0,0.2193614878760229,0.29408543263964937
2022-03-04,0.09544440998693923,0.0,0.0,0.2193614878760229,0.29408543263964937
2022-03-05,0.0001847590760646447,0.0,0.0,0.21416110777551378,0.28751369112814906
2022-03-05,8.26463543657582e-05,0.0,0.0,0.21416110777551378,0.28751369112814906
2022-03-05,0.00020208482198917998,0.0,0.0,0.21416110777551378,0.28751369112814906
2022-03-05,0.0,0.0,0.0,0.21416110777551378,0.28751369112814906
2022-03-05,0.0,0.0,0.0,0.21416110777551378,0.28751369112814906
2022-03-05,0.003721107963826416,0.0,0.0,0.21416110777551378,0.28751369112814906
2022-03-05,0.0006734136513631246,0.0,0.0,0.21416110777551378,0.28751369112814906
2022-03-05,0.0076892823912681355,0.0,0.0,0.21416110777551378,0.28751369112814906
2022-03-05,0.0,0.0,0.0,0.21416110777551378,0.28751369112814906
2022-03-05,0.0,0.0,0.0,0.21416110777551378,0.28751369112814906
2022-03-05,0.0031879726750035225,0.0,0.0,0.21416110777551378,0.28751369112814906
2022-03-05,0.0,0.0,0.0,0.21416110777551378,0.28751369112814906
2022-03-06,0.0,0.0,0.0,0.20848796584768559,0.2806681270536693
2022-03-06,0.0,0.0,0.0,0.20848796584768559,0.2806681270536693
2022-03-06,0.0,0.0,0.0,0.20848796584768559,0.2806681270536693
2022-03-06,0.0,0.0,0.0,0.20848796584768559,0.2806681270536693
2022-03-06,0.0,0.0,0.0,0.20848796584768559,0.2806681270536693
2022-03-06,0.0,0.0,0.0,0.20848796584768559,0.2806681270536693
2022-03-06,0.0,0.0,0.0,0.20848796584768559,0.2806681270536693
2022-03-06,0.0,0.0,0.0,0.20848796584768559,0.2806681270536693
2022-03-06,0.0,0.0,0.0,0.20848796584768559,0.2806681270536693
2022-03-06,0.0,0.0,0.0,0.20848796584768559,0.2806681270536693
2022-03-06,0.0,0.0,0.0,0.20848796584768559,0.2806681270536693
2022-03-06,0.0,0.0,0.0,0.20848796584768559,0.2806681270536693
2022-03-07,0.0,0.0,0.0,0.20305120483351696,0.2738225629791895
2022-03-07,0.0,0.0,0.0,0.20305120483351696,0.2738225629791895
2022-03-07,0.0,0.0,0.0,0.20305120483351696,0.2738225629791895
2022-03-07,0.0,0.0,0.0,0.20305120483351696,0.2738225629791895
2022-03-07,0.0,0.0,0.0,0.20305120483351696,0.2738225629791895
2022-03-07,0.0,0.0,0.0,0.20305120483351696,0.2738225629791895
2022-03-07,0.0,0.0,0.0,0.20305120483351696,0.2738225629791895
2022-03-07,0.0,0.0,0.0,0.20305120483351696,0.2738225629791895
2022-03-07,9.23602371408232e-05,0.0,0.0,0.20305120483351696,0.2738225629791895
2022-03-07,0.0,0.0,0.0,0.20305120483351696,0.2738225629791895
2022-03-07,0.0,0.0,0.0,0.20305120483351696,0.2738225629791895
2022-03-07,0.0,0.0,0.0,0.20305120483351696,0.2738225629791895
2022-03-08,0.0,0.0,0.0,0.19737806290568877,0.26670317634173024
2022-03-08,0.0,0.0,0.0,0.19737806290568877,0.26670317634173024
2022-03-08,0.0,0.0,0.0,0.19737806290568877,0.26670317634173024
2022-03-08,0.0,0.0,0.0,0.19737806290568877,0.26670317634173024
2022-03-08,0.0,0.0,0.0,0.19737806290568877,0.26670317634173024
2022-03-08,0.0,0.0,0.0,0.19737806290568877,0.26670317634173024
2022-03-08,0.0,0.0,0.0,0.19737806290568877,0.26670317634173024
2022-03-08,0.0,0.0,0.0,0.19737806290568877,0.26670317634173024
2022-03-08,0.0,0.0,0.0,0.19737806290568877,0.26670317634173024
2022-03-08,0.0,0.0,0.0,0.19737806290568877,0.26670317634173024
2022-03-08,0.0,0.0,0.0,0.19737806290568877,0.26670317634173024
2022-03-08,0.0,0.0,0.0,0.19737806290568877,0.26670317634173024
2022-03-09,0.0,0.0,0.0,0.19146854006420105,0.25985761226725046
2022-03-09,0.0,0.0,0.0,0.19146854006420105,0.25985761226725046
2022-03-09,0.0,0.0,0.0,0.19146854006420105,0.25985761226725046
2022-03-09,0.0,0.0,0.0,0.19146854006420105,0.25985761226725046
2022-03-09,0.0,0.0,0.0,0.19146854006420105,0.25985761226725046
2022-03-09,0.0,0.0,0.0,0.19146854006420105,0.25985761226725046
2022-03-09,0.0,0.0,0.0,0.19146854006420105,0.25985761226725046
2022-03-09,0.0,0.0,0.0,0.19146854006420105,0.25985761226725046
2022-03-09,0.0,0.0,0.0,0.19146854006420105,0.25985761226725046
2022-03-09,0.0,0.0,0.0,0.19146854006420105,0.25985761226725046
2022-03-09,0.0,0.0,0.0,0.19146854006420105,0.25985761226725046
2022-03-09,0.0,0.0,0.0,0.19146854006420105,0.25985761226725046
2022-03-10,0.0,0.0,0.0,0.18579539813637286,0.252738225629793
2022-03-10,0.0,0.0,0.0,0.18579539813637286,0.252738225629793
2022-03-10,0.0,0.0,0.0,0.18579539813637286,0.252738225629793
2022-03-10,0.0,0.0,0.0,0.18579539813637286,0.252738225629793
2022-03-10,0.0,0.0,0.0,0.18579539813637286,0.252738225629793
2022-03-10,0.0,0.0,0.0,0.18579539813637286,0.252738225629793
2022-03-10,0.0,0.0,0.0,0.18579539813637286,0.252738225629793
2022-03-10,0.0,0.0,0.0,0.18579539813637286,0.252738225629793
2022-03-10,0.0,0.0,0.0,0.18579539813637286,0.252738225629793
2022-03-10,0.0,0.0,0.0,0.18579539813637286,0.252738225629793
2022-03-10,0.0,0.0,0.0,0.18579539813637286,0.252738225629793
2022-03-10,0.0,0.0,0.0,0.18579539813637286,0.252738225629793
2022-03-11,0.0,0.0,0.0,,
2022-03-11,0.0,0.0,0.0,,
2022-03-11,0.0,0.0,0.0,,
2022-03-11,0.0,0.0,0.0,,
2022-03-11,0.0,0.0,0.0,,
2022-03-11,0.0,0.0,0.0,,
2022-03-11,0.0,0.0,0.0,,
2022-03-11,0.0,0.0,0.0,,
2022-03-11,0.0,0.0,0.0,,
2022-03-11,0.0,0.0,0.0,,
2022-03-11,0.0,0.0,0.0,,
2022-03-11,0.0,0.0,0.0,,
2022-03-12,0.0,0.0,0.0,,
2022-03-12,0.0,0.0,0.0,,
2022-03-12,0.0,0.0,0.0,,
2022-03-12,0.0,0.0,0.0,,
2022-03-12,0.0,0.0,0.0,,
2022-03-12,0.0,0.0,0.0,,
2022-03-12,0.0,0.0,0.0,,
2022-03-12,0.0,0.0,0.0,,
2022-03-12,0.0,0.0,0.0,,
2022-03-12,0.0,0.0,0.0,,
2022-03-12,0.0,0.0,0.0,,
2022-03-12,0.0,0.0,0.0,,
2022-03-13,0.0,0.0,0.0,,
2022-03-13,0.0,0.0,0.0,,
2022-03-13,0.0,0.0,0.0,,
2022-03-13,0.0,0.0,0.0,,
2022-03-13,0.0,0.0,0.0,,
2022-03-13,0.0,0.0,0.0,,
2022-03-13,0.0,0.0,0.0,,
2022-03-13,0.0,0.0,0.0,,
2022-03-13,0.0,0.0,0.0,,
2022-03-13,0.0,0.0,0.0,,
2022-03-13,0.0,0.0,0.0,,
2022-03-13,0.0,0.0,0.0,,
2022-03-14,0.0,0.0,0.0,,
2022-03-14,0.0,0.0,0.0,,
2022-03-14,0.0,0.0,0.0,,
2022-03-14,0.0,0.0,0.0,,
2022-03-14,0.0,0.0,0.0,,
2022-03-14,0.0,0.0,0.0,,
2022-03-14,0.0,0.0,0.0,,
2022-03-14,0.0,0.0,0.0,,
2022-03-14,0.0,0.0,0.0,,
2022-03-14,0.0,0.0,0.0,,
2022-03-14,0.0,0.0,0.0,,
2022-03-14,0.0,0.0,0.0,,
2022-03-15,0.0,0.0,0.0,,
2022-03-15,0.0,0.0,0.0,,
2022-03-15,0.0,0.0,0.0,,
2022-03-15,0.0,0.0,0.0,,
2022-03-15,0.0,0.0,0.0,,
2022-03-15,0.0,0.0,0.0,,
2022-03-15,0.0,0.0,0.0,,
2022-03-15,0.0,0.0,0.0,,
2022-03-15,0.0,0.0,0.0,,
2022-03-15,0.0,0.0,0.0,,
2022-03-15,0.0,0.0,0.0,,
2022-03-15,0.0,0.0,0.0,,
2022-03-16,0.0,0.0,0.0,,
2022-03-16,0.0,0.0,0.0,,
2022-03-16,0.0,0.0,0.0,,
2022-03-16,0.0,0.0,0.0,,
2022-03-16,0.0,0.0,0.0,,
2022-03-16,0.0,0.0,0.0,,
2022-03-16,0.0,0.0,0.0,,
2022-03-16,0.0,0.0,0.0,,
2022-03-16,0.0,0.0,0.0,,
2022-03-16,0.0,0.0,0.0,,
2022-03-16,0.0,0.0,0.0,,
2022-03-16,0.0,0.0,0.0,,
2022-03-17,0.0,0.0,0.0,0.14631978555523512,0.20153340635268435
2022-03-17,0.0,0.0,0.0,0.14631978555523512,0.20153340635268435
2022-03-17,0.0,0.0,0.0,0.14631978555523512,0.20153340635268435
2022-03-17,0.0,0.0,0.0,0.14631978555523512,0.20153340635268435
2022-03-17,0.0,0.0,0.0,0.14631978555523512,0.20153340635268435
2022-03-17,0.0,0.0,0.0,0.14631978555523512,0.20153340635268435
2022-03-17,0.0,0.0,0.0,0.14631978555523512,0.20153340635268435
2022-03-17,0.0,0.0,0.0,0.14631978555523512,0.20153340635268435
2022-03-17,0.0,0.0,0.0,0.14631978555523512,0.20153340635268435
2022-03-17,0.0,0.0,0.0,0.14631978555523512,0.20153340635268435
2022-03-17,0.0,0.0,0.0,0.14631978555523512,0.20153340635268435
2022-03-17,0.0,0.0,0.0,0.14631978555523512,0.20153340635268435
2022-03-18,0.0,0.0,0.0,,
2022-03-18,0.0,0.0,0.0,,
2022-03-18,0.0,0.0,0.0,,
2022-03-18,0.0,0.0,0.0,,
2022-03-18,0.0,0.0,0.0,,
2022-03-18,0.0,0.0,0.0,,
2022-03-18,0.0,0.0,0.0,,
2022-03-18,0.0,0.0,0.0,,
2022-03-18,0.0,0.0,0.0,,
2022-03-18,0.0,0.0,0.0,,
2022-03-18,0.0,0.0,0.0,,
2022-03-18,0.0,0.0,0.0,,
2022-03-19,0.0,0.0,0.0,,
2022-03-19,0.0,0.0,0.0,,
2022-03-19,0.0,0.0,0.0,,
2022-03-19,6.892992557845264e-05,0.0,0.0,,
2022-03-19,0.0,0.0,0.0,,
2022-03-19,0.0,0.0,0.0,,
2022-03-19,0.0,0.0,0.0,,
2022-03-19,0.0015177716427848358,0.0,0.0,,
2022-03-19,0.0,0.0,0.0,,
2022-03-19,0.0,0.0,0.0,,
2022-03-19,0.0,0.0,0.0,,
2022-03-19,0.0,0.0,0.0,,
2022-03-20,0.0,0.0,0.0,,
2022-03-20,0.0012392973212704173,0.0,0.0,,
2022-03-20,0.0006577962549539006,0.0,0.0,,
2022-03-20,0.005395849886910177,0.0,0.0,,
2022-03-20,9.599305320800356e-05,0.0,0.0,,
2022-03-20,5.116712981296861e-05,0.0,0.0,,
2022-03-20,0.004462011298411083,0.0,0.0,,
2022-03-20,0.017316054204377603,0.0,0.0,,
2022-03-20,0.0017770245833962387,0.0,0.0,,
2022-03-20,0.0007215785029202921,0.0,0.0,,
2022-03-20,0.0,0.0,0.0,,
2022-03-20,0.029642703540484257,0.0,0.0,,
2022-03-21,0.0,0.0,0.0,,
2022-03-21,3.8707969418354395e-05,0.0,0.0,,
2022-03-21,0.003829278908852784,0.0,0.0,,
2022-03-21,0.0020093595249626364,0.0,0.0,,
2022-03-21,0.0,0.0,0.0,,
2022-03-21,0.005701180447138149,0.0,0.0,,
2022-03-21,0.0,0.0,0.0,,
2022-03-21,0.0,0.0,0.0,,
2022-03-21,0.0012839346985300758,0.0,0.0,,
2022-03-21,0.0,0.0,0.0,,
2022-03-21,0.012110399790293129,0.0,0.0,,
2022-03-21,0.0,0.0,0.0,,
2022-03-22,0.0,0.0,0.0,,
2022-03-22,0.0,0.0,0.0,,
2022-03-22,0.0,0.0,0.0,,
2022-03-22,0.0,0.0,0.0,,
2022-03-22,0.0,0.0,0.0,,
2022-03-22,0.0,0.0,0.0,,
2022-03-22,0.0,0.0,0.0,,
2022-03-22,0.0,0.0,0.0,,
2022-03-22,0.0,0.0,0.0,,
2022-03-22,0.0,0.0,0.0,,
2022-03-22,0.0,0.0,0.0,,
2022-03-22,0.0,0.0,0.0,,
2022-03-23,0.0,0.0,0.0,,
2022-03-23,0.0,0.0,0.0,,
2022-03-23,0.0,0.0,0.0,,
2022-03-23,0.0,0.0,0.0,,
2022-03-23,0.0,0.0,0.0,,
2022-03-23,0.0,0.0,0.0,,
2022-03-23,0.0,0.0,0.0,,
2022-03-23,0.0,0.0,0.0,,
2022-03-23,0.0,0.0,0.0,,
2022-03-23,0.0,0.0,0.0,,
2022-03-23,0.0,0.0,0.0,,
2022-03-23,0.0,0.0,0.0,,
2022-03-24,0.0,0.0,0.0,0.11984512322537033,0.16100766703176284
2022-03-24,0.0,0.0,0.0,0.11984512322537033,0.16100766703176284
2022-03-24,0.0,0.0,0.0,0.11984512322537033,0.16100766703176284
2022-03-24,0.0,0.0,0.0,0.11984512322537033,0.16100766703176284
2022-03-24,0.0,0.0,0.0,0.11984512322537033,0.16100766703176284
2022-03-24,0.0,0.0,0.0,0.11984512322537033,0.16100766703176284
2022-03-24,0.0,0.0,0.0,0.11984512322537033,0.16100766703176284
2022-03-24,6.0046573653788775e-06,0.0,0.0,0.11984512322537033,0.16100766703176284
2022-03-24,0.0,0.0,0.0,0.11984512322537033,0.16100766703176284
2022-03-24,0.0,0.0,0.0,0.11984512322537033,0.16100766703176284
2022-03-24,0.0,0.0,0.0,0.11984512322537033,0.16100766703176284
2022-03-24,0.0,0.0,0.0,0.11984512322537033,0.16100766703176284
2022-03-25,0.0015009975544116468,0.0,0.0,0.11629940952047768,0.15580503833515813
2022-03-25,0.0,0.0,0.0,0.11629940952047768,0.15580503833515813
2022-03-25,0.0001651505805468257,0.0,0.0,0.11629940952047768,0.15580503833515813
2022-03-25,9.796959812877074e-05,0.0,0.0,0.11629940952047768,0.15580503833515813
2022-03-25,0.00018791994688416847,0.0,0.0,0.11629940952047768,0.15580503833515813
2022-03-25,1.0604522476326991e-07,0.0,0.0,0.11629940952047768,0.15580503833515813
2022-03-25,0.0011712467649836902,0.0,0.0,0.11629940952047768,0.15580503833515813
2022-03-25,0.0,0.0,0.0,0.11629940952047768,0.15580503833515813
2022-03-25,0.0025314816822332585,0.0,0.0,0.11629940952047768,0.15580503833515813
2022-03-25,0.00037560107202531934,0.0,0.0,0.11629940952047768,0.15580503833515813
2022-03-25,0.0002731424470860973,0.0,0.0,0.11629940952047768,0.15580503833515813
2022-03-25,0.0,0.0,0.0,0.11629940952047768,0.15580503833515813
2022-03-26,0.0,0.0,0.0,0.11275369581558509,0.15032858707557573
2022-03-26,0.0,0.0,0.0,0.11275369581558509,0.15032858707557573
2022-03-26,0.0,0.0,0.0,0.11275369581558509,0.15032858707557573
2022-03-26,0.0,0.0,0.0,0.11275369581558509,0.15032858707557573
2022-03-26,0.0,0.0,0.0,0.11275369581558509,0.15032858707557573
2022-03-26,0.0,0.0,0.0,0.11275369581558509,0.15032858707557573
2022-03-26,0.0,0.0,0.0,0.11275369581558509,0.15032858707557573
2022-03-26,0.0,0.0,0.0,0.11275369581558509,0.15032858707557573
2022-03-26,0.0,0.0,0.0,0.11275369581558509,0.15032858707557573
2022-03-26,0.0,0.0,0.0,0.11275369581558509,0.15032858707557573
2022-03-26,0.0,0.0,0.0,0.11275369581558509,0.15032858707557573
2022-03-26,0.0,0.0,0.0,0.11275369581558509,0.15032858707557573
2022-03-27,0.0,0.0,0.0,0.10968074393801153,0.14539978094194872
2022-03-27,0.0,0.0,0.0,0.10968074393801153,0.14539978094194872
2022-03-27,0.0,0.0,0.0,0.10968074393801153,0.14539978094194872
2022-03-27,0.0,0.0,0.0,0.10968074393801153,0.14539978094194872
2022-03-27,0.0,0.0,0.0,0.10968074393801153,0.14539978094194872
2022-03-27,0.0,0.0,0.0,0.10968074393801153,0.14539978094194872
2022-03-27,0.0,0.0,0.0,0.10968074393801153,0.14539978094194872
2022-03-27,0.0,0.0,0.0,0.10968074393801153,0.14539978094194872
2022-03-27,0.0,0.0,0.0,0.10968074393801153,0.14539978094194872
2022-03-27,0.0,0.0,0.0,0.10968074393801153,0.14539978094194872
2022-03-27,0.0,0.0,0.0,0.10968074393801153,0.14539978094194872
2022-03-27,0.0,0.0,0.0,0.10968074393801153,0.14539978094194872
2022-03-28,0.0,0.0,0.0,0.10731693480141641,0.14211391018619857
2022-03-28,0.0,0.0,0.0,0.10731693480141641,0.14211391018619857
2022-03-28,0.0,0.0,0.0,0.10731693480141641,0.14211391018619857
2022-03-28,0.0,0.0,0.0,0.10731693480141641,0.14211391018619857
2022-03-28,0.0,0.0,0.0,0.10731693480141641,0.14211391018619857
2022-03-28,0.0,0.0,0.0,0.10731693480141641,0.14211391018619857
2022-03-28,0.0,0.0,0.0,0.10731693480141641,0.14211391018619857
2022-03-28,0.0,0.0,0.0,0.10731693480141641,0.14211391018619857
2022-03-28,0.0,0.0,0.0,0.10731693480141641,0.14211391018619857
2022-03-28,0.0,0.0,0.0,0.10731693480141641,0.14211391018619857
2022-03-28,0.0,0.0,0.0,0.10731693480141641,0.14211391018619857
2022-03-28,0.0,0.0,0.0,0.10731693480141641,0.14211391018619857
2022-03-29,0.0,0.0,0.0,0.10495312566482135,0.13828039430449124
2022-03-29,0.0,0.0,0.0,0.10495312566482135,0.13828039430449124
2022-03-29,0.0,0.0,0.0,0.10495312566482135,0.13828039430449124
2022-03-29,0.0,0.0,0.0,0.10495312566482135,0.13828039430449124
2022-03-29,0.0,0.0,0.0,0.10495312566482135,0.13828039430449124
2022-03-29,0.0,0.0,0.0,0.10495312566482135,0.13828039430449124
2022-03-29,0.0,0.0,0.0,0.10495312566482135,0.13828039430449124
2022-03-29,0.0,0.0,0.0,0.10495312566482135,0.13828039430449124
2022-03-29,0.0,0.0,0.0,0.10495312566482135,0.13828039430449124
2022-03-29,0.0,0.0,0.0,0.10495312566482135,0.13828039430449124
2022-03-29,0.0,0.0,0.0,0.10495312566482135,0.13828039430449124
2022-03-29,0.0,0.0,0.0,0.10495312566482135,0.13828039430449124
2022-03-30,0.0,0.0,0.0,0.10377122109652376,0.13663745892661616
2022-03-30,0.0,0.0,0.0,0.10377122109652376,0.13663745892661616
2022-03-30,0.0,0.0,0.0,0.10377122109652376,0.13663745892661616
2022-03-30,0.0,0.0,0.0,0.10377122109652376,0.13663745892661616
2022-03-30,0.0,0.0,0.0,0.10377122109652376,0.13663745892661616
2022-03-30,0.0,0.0,0.0,0.10377122109652376,0.13663745892661616
2022-03-30,0.0,0.0,0.0,0.10377122109652376,0.13663745892661616
2022-03-30,0.0,0.0,0.0,0.10377122109652376,0.13663745892661616
2022-03-30,0.0,0.0,0.0,0.10377122109652376,0.13663745892661616
2022-03-30,0.0,0.0,0.0,0.10377122109652376,0.13663745892661616
2022-03-30,0.0,0.0,0.0,0.10377122109652376,0.13663745892661616
2022-03-30,0.0,0.0,0.0,0.10377122109652376,0.13663745892661616
2022-03-31,0.0,0.0,0.0,0.10306207835554526,0.13554216867469826
2022-03-31,0.0,0.0,0.0,0.10306207835554526,0.13554216867469826
2022-03-31,0.0,0.0,0.0,0.10306207835554526,0.13554216867469826
2022-03-31,0.0,0.0,0.0,0.10306207835554526,0.13554216867469826
2022-03-31,0.0,0.0,0.0,0.10306207835554526,0.13554216867469826
2022-03-31,0.0,0.0,0.0,0.10306207835554526,0.13554216867469826
2022-03-31,0.0,0.0,0.0,0.10306207835554526,0.13554216867469826
2022-03-31,0.0,0.0,0.0,0.10306207835554526,0.13554216867469826
2022-03-31,0.0,0.0,0.0,0.10306207835554526,0.13554216867469826
2022-03-31,0.0,0.0,0.0,0.10306207835554526,0.13554216867469826
2022-03-31,0.0,0.0,0.0,0.10306207835554526,0.13554216867469826
2022-03-31,0.0,0.0,0.0,0.10306207835554526,0.13554216867469826
2022-04-01,0.0,0.0,0.0,0.10306207835554526,0.13554216867469826
2022-04-01,0.0,0.0,0.0,0.10306207835554526,0.13554216867469826
2022-04-01,0.0,0.0,0.0,0.10306207835554526,0.13554216867469826
2022-04-01,0.0,0.0,0.0,0.10306207835554526,0.13554216867469826
2022-04-01,0.0,0.0,0.0,0.10306207835554526,0.13554216867469826
2022-04-01,0.0,0.0,0.0,0.10306207835554526,0.13554216867469826
2022-04-01,0.0,0.0,0.0,0.10306207835554526,0.13554216867469826
2022-04-01,0.0,0.0,0.0,0.10306207835554526,0.13554216867469826
2022-04-01,0.0,0.0,0.0,0.10306207835554526,0.13554216867469826
2022-04-01,0.0,0.0,0.0,0.10306207835554526,0.13554216867469826
2022-04-01,0.0,0.0,0.0,0.10306207835554526,0.13554216867469826
2022-04-01,0.0,0.0,0.0,0.10306207835554526,0.13554216867469826
2022-04-02,0.0,0.0,0.0,0.1035348401828643,0.13608981380065543
2022-04-02,0.0,0.0,0.0,0.1035348401828643,0.13608981380065543
2022-04-02,0.0,0.0,0.0,0.1035348401828643,0.13608981380065543
2022-04-02,0.0,0.0,0.0,0.1035348401828643,0.13608981380065543
2022-04-02,0.0,0.0,0.0,0.1035348401828643,0.13608981380065543
2022-04-02,0.0,0.0,0.0,0.1035348401828643,0.13608981380065543
2022-04-02,0.0,0.0,0.0,0.1035348401828643,0.13608981380065543
2022-04-02,0.0,0.0,0.0,0.1035348401828643,0.13608981380065543
2022-04-02,0.0,0.0,0.0,0.1035348401828643,0.13608981380065543
2022-04-02,0.0,0.0,0.0,0.1035348401828643,0.13608981380065543
2022-04-02,0.0,0.0,0.0,0.1035348401828643,0.13608981380065543
2022-04-02,0.0,0.0,0.0,0.1035348401828643,0.13608981380065543
2022-04-03,0.0,0.0,0.0,0.10377122109652376,0.13663745892661616
2022-04-03,0.0,0.0,0.0,0.10377122109652376,0.13663745892661616
2022-04-03,0.0,0.0,0.0,0.10377122109652376,0.13663745892661616
2022-04-03,0.0,0.0,0.0,0.10377122109652376,0.13663745892661616
2022-04-03,0.0,0.0,0.0,0.10377122109652376,0.13663745892661616
2022-04-03,0.0,0.0,0.0,0.10377122109652376,0.13663745892661616
2022-04-03,0.0,0.0,0.0,0.10377122109652376,0.13663745892661616
2022-04-03,0.0,0.0,0.0,0.10377122109652376,0.13663745892661616
2022-04-03,0.0,0.0,0.0,0.10377122109652376,0.13663745892661616
2022-04-03,0.0,0.0,0.0,0.10377122109652376,0.13663745892661616
2022-04-03,0.0,0.0,0.0,0.10377122109652376,0.13663745892661616
2022-04-03,0.0,0.0,0.0,0.10377122109652376,0.13663745892661616
2022-04-04,0.0,0.0,0.0,0.10471674475116183,0.13800657174151176
2022-04-04,0.0,0.0,0.0,0.10471674475116183,0.13800657174151176
2022-04-04,0.0,0.0,0.0,0.10471674475116183,0.13800657174151176
2022-04-04,0.0,0.0,0.0,0.10471674475116183,0.13800657174151176
2022-04-04,0.0,0.0,0.0,0.10471674475116183,0.13800657174151176
2022-04-04,0.0,0.0,0.0,0.10471674475116183,0.13800657174151176
2022-04-04,0.0,0.0,0.0,0.10471674475116183,0.13800657174151176
2022-04-04,0.0,0.0,0.0,0.10471674475116183,0.13800657174151176
2022-04-04,0.0,0.0,0.0,0.10471674475116183,0.13800657174151176
2022-04-04,0.0,0.0,0.0,0.10471674475116183,0.13800657174151176
2022-04-04,0.0,0.0,0.0,0.10471674475116183,0.13800657174151176
2022-04-04,0.0,0.0,0.0,0.10471674475116183,0.13800657174151176
2022-04-05,0.0,0.0,0.0,0.10518950657848081,0.13855421686746894
2022-04-05,0.0,0.0,0.0,0.10518950657848081,0.13855421686746894
2022-04-05,0.0,0.0,0.0,0.10518950657848081,0.13855421686746894
2022-04-05,0.0,0.0,0.0,0.10518950657848081,0.13855421686746894
2022-04-05,0.0,0.0,0.0,0.10518950657848081,0.13855421686746894
2022-04-05,0.0,0.0,0.0,0.10518950657848081,0.13855421686746894
2022-04-05,0.0,0.0,0.0,0.10518950657848081,0.13855421686746894
2022-04-05,0.0,0.0,0.0,0.10518950657848081,0.13855421686746894
2022-04-05,0.0,0.0,0.0,0.10518950657848081,0.13855421686746894
2022-04-05,0.0,0.0,0.0,0.10518950657848081,0.13855421686746894
2022-04-05,0.0,0.0,0.0,0.10518950657848081,0.13855421686746894
2022-04-05,0.0,0.0,0.0,0.10518950657848081,0.13855421686746894
2022-04-06,0.0,0.0,0.0,0.10566226840579984,0.13937568455640736
2022-04-06,0.0,0.0,0.0,0.10566226840579984,0.13937568455640736
2022-04-06,0.0,0.0,0.0,0.10566226840579984,0.13937568455640736
2022-04-06,0.0,0.0,0.0,0.10566226840579984,0.13937568455640736
2022-04-06,0.0,0.0,0.0,0.10566226840579984,0.13937568455640736
2022-04-06,0.0,0.0,0.0,0.10566226840579984,0.13937568455640736
2022-04-06,0.0,0.0,0.0,0.10566226840579984,0.13937568455640736
2022-04-06,0.0,0.0,0.0,0.10566226840579984,0.13937568455640736
2022-04-06,0.0,0.0,0.0,0.10566226840579984,0.13937568455640736
2022-04-06,0.0,0.0,0.0,0.10566226840579984,0.13937568455640736
2022-04-06,0.0,0.0,0.0,0.10566226840579984,0.13937568455640736
2022-04-06,0.0,0.0,0.0,0.10566226840579984,0.13937568455640736
2022-04-07,0.0,0.0,0.0,,
2022-04-07,0.0,0.0,0.0,,
2022-04-07,0.0,0.0,0.0,,
2022-04-07,0.0,0.0,0.0,,
2022-04-07,0.0,0.0,0.0,,
2022-04-07,0.0,0.0,0.0,,
2022-04-07,0.0,0.0,0.0,,
2022-04-07,0.0,0.0,0.0,,
2022-04-07,0.0,0.0,0.0,,
2022-04-07,0.0,0.0,0.0,,
2022-04-07,0.0,0.0,0.0,,
2022-04-07,0.0,0.0,0.0,,
2022-04-08,0.0,0.0,0.0,,
2022-04-08,0.0,0.0,0.0,,
2022-04-08,0.0,0.0,0.0,,
2022-04-08,0.0,0.0,0.0,,
2022-04-08,0.0,0.0,0.0,,
2022-04-08,0.0,0.0,0.0,,
2022-04-08,0.0,0.0,0.0,,
2022-04-08,0.0,0.0,0.0,,
2022-04-08,0.0,0.0,0.0,,
2022-04-08,0.0,0.0,0.0,,
2022-04-08,0.0,0.0,0.0,,
2022-04-08,0.0,0.0,0.0,,
2022-04-09,0.0,0.0,0.0,,
2022-04-09,0.0,0.0,0.0,,
2022-04-09,0.0,0.0,0.0,,
2022-04-09,0.0,0.0,0.0,,
2022-04-09,0.0,0.0,0.0,,
2022-04-09,0.0,0.0,0.0,,
2022-04-09,0.0,0.0,0.0,,
2022-04-09,0.0,0.0,0.0,,
2022-04-09,0.0005893793095034637,0.0,0.0,,
2022-04-09,0.0,0.0,0.0,,
2022-04-09,0.0,0.0,0.0,,
2022-04-09,0.0,0.0,0.0,,
2022-04-10,0.0005943069493884013,0.0,0.0,,
2022-04-10,0.0,0.0,0.0,,
2022-04-10,5.042480819693689e-05,0.0,0.0,,
2022-04-10,0.0,0.0,0.0,,
2022-04-10,0.0007092128465833195,0.0,0.0,,
2022-04-10,0.0,0.0,0.0,,
2022-04-10,0.0004261010919261648,0.0,0.0,,
2022-04-10,0.0023611290134618896,0.0,0.0,,
2022-04-10,0.000901088656787879,0.0,0.0,,
2022-04-10,0.0,0.0,0.0,,
2022-04-10,1.1984265173991708e-05,0.0,0.0,,
2022-04-10,0.0,0.0,0.0,,
2022-04-11,0.0,0.0,0.0,,
2022-04-11,0.0,0.0,0.0,,
2022-04-11,0.0,0.0,0.0,,
2022-04-11,0.0,0.0,0.0,,
2022-04-11,0.0,0.0,0.0,,
2022-04-11,0.0,0.0,0.0,,
2022-04-11,0.0,0.0,0.0,,
2022-04-11,0.0,0.0,0.0,,
2022-04-11,0.0,0.0,0.0,,
2022-04-11,0.0,0.0,0.0,,
2022-04-11,0.0,0.0,0.0,,
2022-04-11,0.0,0.0,0.0,,
2022-04-12,0.0,0.0,0.0,,
2022-04-12,0.0,0.0,0.0,,
2022-04-12,0.0,0.0,0.0,,
2022-04-12,0.0,0.0,0.0,,
2022-04-12,0.0,0.0,0.0,,
2022-04-12,0.0,0.0,0.0,,
2022-04-12,0.0,0.0,0.0,,
2022-04-12,0.0,0.0,0.0,,
2022-04-12,0.0,0.0,0.0,,
2022-04-12,0.0,0.0,0.0,,
2022-04-12,0.0,0.0,0.0,,
2022-04-12,0.0,0.0,0.0,,
2022-04-13,0.00028596551312017233,0.0,0.0,0.11157179124728756,0.14841182913472117
2022-04-13,0.0,0.0,0.0,0.11157179124728756,0.14841182913472117
2022-04-13,0.000429802753302605,0.0,0.0,0.11157179124728756,0.14841182913472117
2022-04-13,0.002045470597880282,0.0,0.0,0.11157179124728756,0.14841182913472117
2022-04-13,0.0009756243252250432,0.0,0.0,0.11157179124728756,0.14841182913472117
2022-04-13,0.0,0.0,0.0,0.11157179124728756,0.14841182913472117
2022-04-13,0.0,0.0,0.0,0.11157179124728756,0.14841182913472117
2022-04-13,0.0,0.0,0.0,0.11157179124728756,0.14841182913472117
2022-04-13,0.0,0.0,0.0,0.11157179124728756,0.14841182913472117
2022-04-13,0.0003008367302564092,0.0,0.0,0.11157179124728756,0.14841182913472117
2022-04-13,0.0009446986114117455,0.0,0.0,0.11157179124728756,0.14841182913472117
2022-04-13,0.0,0.0,0.0,0.11157179124728756,0.14841182913472117
2022-04-14,0.03160643211460022,0.0,0.0,,
2022-04-14,0.015046533991780445,0.0,0.0,,
2022-04-14,0.06790294458134823,0.0,0.0,,
2022-04-14,0.14052358875019802,0.0,0.0,,
2022-04-14,0.002152173527941006,0.0,0.0,,
2022-04-14,0.02086425851661374,0.0,0.0,,
2022-04-14,0.005072800011501163,0.0,0.0,,
2022-04-14,0.0686181699014646,0.0,0.0,,
2022-04-14,0.0020327242941769307,0.0,0.0,,
2022-04-14,0.0458059741925155,0.0,0.0,,
2022-04-14,0.027776598774717234,0.0,0.0,,
2022-04-14,0.0020178116639586728,0.0,0.0,,
2022-04-15,0.001803901749268439,0.0,0.0,,
2022-04-15,0.0016936097358594183,0.0,0.0,,
2022-04-15,0.0038308109407531334,0.0,0.0,,
2022-04-15,0.013356636280023013,0.0,0.0,,
2022-04-15,0.003888677648272505,0.0,0.0,,
2022-04-15,0.015562835877602777,0.0,0.0,,
2022-04-15,0.0018700338524097276,0.0,0.0,,
2022-04-15,0.00423951062120886,0.0,0.0,,
2022-04-15,0.010669045545709487,0.0,0.0,,
2022-04-15,0.01758243583030145,0.0,0.0,,
2022-04-15,0.00330465120338962,0.0,0.0,,
2022-04-15,0.01005246728375282,0.0,0.0,,
2022-04-16,0.0003192806672156876,0.0,0.0,,
2022-04-16,0.0011449283290339213,0.0,0.0,,
2022-04-16,6.263997809248214e-05,0.0,0.0,,
2022-04-16,0.0,0.0,0.0,,
2022-04-16,2.1095735734630223e-05,0.0,0.0,,
2022-04-16,0.0024133666682934294,0.0,0.0,,
2022-04-16,0.0003146005603187224,0.0,0.0,,
2022-04-16,0.0,0.0,0.0,,
2022-04-16,0.0015386661248082364,0.0,0.0,,
2022-04-16,0.003415013625341438,0.0,0.0,,
2022-04-16,0.02344098523271747,0.0,0.0,,
2022-04-16,0.009844746097177006,0.0,0.0,,
2022-04-17,5.799331682918597e-07,0.0,0.0,,
2022-04-17,0.03542018372728646,0.0,0.0,,
2022-04-17,0.027508348340919486,0.0,0.0,,
2022-04-17,0.007225712721984404,0.0,0.0,,
2022-04-17,0.015390242389195754,0.0,0.0,,
2022-04-17,0.012344448224917445,0.0,0.0,,
2022-04-17,0.015949265190994395,0.0,0.0,,
2022-04-17,0.006237599156725872,0.0,0.0,,
2022-04-17,0.009941171598772398,0.0,0.0,,
2022-04-17,0.0004950416701847721,0.0,0.0,,
2022-04-17,0.013020114521021534,0.0,0.0,,
2022-04-17,0.007783000019388382,0.0,0.0,,
2022-04-18,0.0,0.0,0.0,,
2022-04-18,0.0,0.0,0.0,,
2022-04-18,0.0,0.0,0.0,,
2022-04-18,0.0,0.0,0.0,,
2022-04-18,0.0,0.0,0.0,,
2022-04-18,0.0,0.0,0.0,,
2022-04-18,0.0,0.0,0.0,,
2022-04-18,0.0,0.0,0.0,,
2022-04-18,0.0,0.0,0.0,,
2022-04-18,0.0,0.0,0.0,,
2022-04-18,0.0,0.0,0.0,,
2022-04-18,0.0,0.0,0.0,,
2022-04-19,0.0,0.0,0.0,,
2022-04-19,0.0002157554001282932,0.0,0.0,,
2022-04-19,0.0,0.0,0.0,,
2022-04-19,0.0,0.0,0.0,,
2022-04-19,0.0,0.0,0.0,,
2022-04-19,0.0016959207245101533,0.0,0.0,,
2022-04-19,2.1750591912895048e-05,0.0,0.0,,
2022-04-19,0.0,0.0,0.0,,
2022-04-19,0.0,0.0,0.0,,
2022-04-19,0.0,0.0,0.0,,
2022-04-19,0.0,0.0,0.0,,
2022-04-19,0.0,0.0,0.0,,
2022-04-20,0.003632742620417533,0.0,0.0,,
2022-04-20,0.0,0.0,0.0,,
2022-04-20,0.0,0.0,0.0,,
2022-04-20,0.005126574728315161,0.0,0.0,,
2022-04-20,0.0,0.0,0.0,,
2022-04-20,1.0604522476326991e-07,0.0,0.0,,
2022-04-20,8.678956618292853e-05,0.0,0.0,,
2022-04-20,0.006287553267740637,0.0,0.0,,
2022-04-20,0.0,0.0,0.0,,
2022-04-20,0.0005100614701474027,0.0,0.0,,
2022-04-20,0.005054322414593941,0.0,0.0,,
2022-04-20,0.0007422238256885724,0.0,0.0,,
2022-04-21,0.0,0.0,0.0,0.09951636465065267,0.13033953997809355
2022-04-21,0.0,0.0,0.0,0.09951636465065267,0.13033953997809355
2022-04-21,4.096859421439386e-05,0.0,0.0,0.09951636465065267,0.13033953997809355
2022-04-21,0.0,0.0,0.0,0.09951636465065267,0.13033953997809355
2022-04-21,0.0,0.0,0.0,0.09951636465065267,0.13033953997809355
2022-04-21,0.0,0.0,0.0,0.09951636465065267,0.13033953997809355
2022-04-21,0.0,0.0,0.0,0.09951636465065267,0.13033953997809355
2022-04-21,0.0,0.0,0.0,0.09951636465065267,0.13033953997809355
2022-04-21,0.0,0.0,0.0,0.09951636465065267,0.13033953997809355
2022-04-21,0.0,0.0,0.0,0.09951636465065267,0.13033953997809355
2022-04-21,0.0,0.0,0.0,0.09951636465065267,0.13033953997809355
2022-04-21,0.0,0.0,0.0,0.09951636465065267,0.13033953997809355
2022-04-22,0.01256025572862808,0.0,0.0,,
2022-04-22,0.013083687875603116,0.0,0.0,,
2022-04-22,0.0030045177265175275,0.0,0.0,,
2022-04-22,0.0003131999030691328,0.0,0.0,,
2022-04-22,0.003889292099906515,0.0,0.0,,
2022-04-22,0.006910084890310555,0.0,0.0,,
2022-04-22,0.04693354799447839,0.0,0.0,,
2022-04-22,0.02581890919867759,0.0,0.0,,
2022-04-22,0.05027493751824257,0.0,0.0,,
2022-04-22,0.03262970609247133,0.0,0.0,,
2022-04-22,0.04795820927908041,0.0,0.0,,
2022-04-22,0.0363291389282232,0.0,0.0,,
2022-04-23,0.0,0.0,0.0,,
2022-04-23,0.0011559775158113315,0.0,0.0,,
2022-04-23,5.799331682918597e-07,0.0,0.0,,
2022-04-23,0.0001931603343303804,0.0,0.0,,
2022-04-23,0.007607971832566884,0.0,0.0,,
2022-04-23,0.002571000894217237,0.0,0.0,,
2022-04-23,0.004238778498430988,0.0,0.0,,
2022-04-23,0.0029160817350381276,0.0,0.0,,
2022-04-23,0.007369173626299409,0.0,0.0,,
2022-04-23,0.0,0.0,0.0,,
2022-04-23,0.0,0.0,0.0,,
2022-04-23,0.0024418031344058304,0.0,0.0,,
2022-04-24,0.0,0.0,0.0,,
2022-04-24,0.0,0.0,0.0,,
2022-04-24,0.0017475029432542134,0.0,0.0,,
2022-04-24,0.0,0.0,0.0,,
2022-04-24,0.0,0.0,0.0,,
2022-04-24,0.001034662764527817,0.0,0.0,,
2022-04-24,0.0,0.0,0.0,,
2022-04-24,0.0,0.0,0.0,,
2022-04-24,0.0003008367302564092,0.0,0.0,,
2022-04-24,0.00019788007676155414,0.0,0.0,,
2022-04-24,0.0,0.0,0.0,,
2022-04-24,0.0,0.0,0.0,,
2022-04-25,0.0,0.0,0.0,,
2022-04-25,0.0,0.0,0.0,,
2022-04-25,0.0,0.0,0.0,,
2022-04-25,0.0,0.0,0.0,,
2022-04-25,0.0,0.0,0.0,,
2022-04-25,0.0,0.0,0.0,,
2022-04-25,0.0,0.0,0.0,,
2022-04-25,0.0,0.0,0.0,,
2022-04-25,0.0,0.0,0.0,,
2022-04-25,0.0,0.0,0.0,,
2022-04-25,0.0,0.0,0.0,,
2022-04-25,0.0,0.0,0.0,,
2022-04-26,0.0,0.0,0.0,,
2022-04-26,0.0001676387314629022,0.0,0.0,,
2022-04-26,0.0003131999030691328,0.0,0.0,,
2022-04-26,0.005967472842683138,0.0,0.0,,
2022-04-26,0.0022572433327970494,0.0,0.0,,
2022-04-26,0.006668304992564427,0.0,0.0,,
2022-04-26,2.3197377158562695e-06,0.0,0.0,,
2022-04-26,0.000604129350827101,0.0,0.0,,
2022-04-26,0.0008461538694083996,0.0,0.0,,
2022-04-26,0.00035926626488288685,0.0,0.0,,
2022-04-26,0.004441502670330278,0.0,0.0,,
2022-04-26,0.00044094026277488303,0.0,0.0,,
2022-04-27,0.0,0.0,0.0,0.07682379693933994,0.09556407447973747
2022-04-27,0.0,0.0,0.0,0.07682379693933994,0.09556407447973747
2022-04-27,0.0,0.0,0.0,0.07682379693933994,0.09556407447973747
2022-04-27,0.0,0.0,0.0,0.07682379693933994,0.09556407447973747
2022-04-27,0.0,0.0,0.0,0.07682379693933994,0.09556407447973747
2022-04-27,0.0,0.0,0.0,0.07682379693933994,0.09556407447973747
2022-04-27,0.0,0.0,0.0,0.07682379693933994,0.09556407447973747
2022-04-27,0.0,0.0,0.0,0.07682379693933994,0.09556407447973747
2022-04-27,0.0,0.0,0.0,0.07682379693933994,0.09556407447973747
2022-04-27,0.0,0.0,0.0,0.07682379693933994,0.09556407447973747
2022-04-27,0.0,0.0,0.0,0.07682379693933994,0.09556407447973747
2022-04-27,0.0,0.0,0.0,0.07682379693933994,0.09556407447973747
2022-04-28,0.0,0.0,0.0,,
2022-04-28,0.0,0.0,0.0,,
2022-04-28,0.0,0.0,0.0,,
2022-04-28,0.0,0.0,0.0,,
2022-04-28,0.0,0.0,0.0,,
2022-04-28,0.0,0.0,0.0,,
2022-04-28,0.0,0.0,0.0,,
2022-04-28,0.0,0.0,0.0,,
2022-04-28,0.0,0.0,0.0,,
2022-04-28,0.0,0.0,0.0,,
2022-04-28,0.0,0.0,0.0,,
2022-04-28,0.0,0.0,0.0,,
2022-04-29,0.0016131865012915217,0.0,0.0,,
2022-04-29,0.0,0.0,0.0,,
2022-04-29,0.015350089575966931,0.0,0.0,,
2022-04-29,0.0015183758451537972,0.0,0.0,,
2022-04-29,0.007982083987681356,0.0,0.0,,
2022-04-29,0.0,0.0,0.0,,
2022-04-29,0.0,0.0,0.0,,
2022-04-29,0.003194565272066384,0.0,0.0,,
2022-04-29,4.789678221893236e-05,0.0,0.0,,
2022-04-29,0.017651755669187006,0.0,0.0,,
2022-04-29,0.008743547726154396,0.0,0.0,,
2022-04-29,0.0018255209539238526,0.0,0.0,,
2022-04-30,0.0017158722237222302,0.0,0.0,,
2022-04-30,0.004926275598081232,0.0,0.0,,
2022-04-30,0.0,0.0,0.0,,
2022-04-30,0.0,0.0,0.0,,
2022-04-30,0.0,0.0,0.0,,
2022-04-30,0.0,0.0,0.0,,
2022-04-30,0.0008093101694439989,0.0,0.0,,
2022-04-30,8.886314504351867e-06,0.0,0.0,,
2022-04-30,0.0007993156232153444,0.0,0.0,,
2022-04-30,0.0,0.0,0.0,,
2022-04-30,0.0,0.0,0.0,,
2022-04-30,0.0,0.0,0.0,,
2022-05-01,0.00014513181186574843,0.0,0.0,,
2022-05-01,0.002277261660242854,0.0,0.0,,
2022-05-01,0.0051462330455986265,0.0,0.0,,
2022-05-01,4.789678221893236e-05,0.0,0.0,,
2022-05-01,0.00970744667785001,0.0,0.0,,
2022-05-01,0.006255267288615283,0.0,0.0,,
2022-05-01,0.0026774227574092647,0.0,0.0,,
2022-05-01,0.018095122486433902,0.0,0.0,,
2022-05-01,3.1813693496201736e-07,0.0,0.0,,
2022-05-01,0.002377062561247348,0.0,0.0,,
2022-05-01,0.020983732320879148,0.0,0.0,,
2022-05-01,0.0,0.0,0.0,,
2022-05-02,0.009115631031058205,0.0,0.0,,
2022-05-02,0.010206794463914627,0.0,0.0,,
2022-05-02,0.01584695163160611,0.0,0.0,,
2022-05-02,0.0011573529974369342,0.0,0.0,,
2022-05-02,0.008466493841836505,0.0,0.0,,
2022-05-02,0.0,0.0,0.0,,
2022-05-02,0.0007115009414267636,0.0,0.0,,
2022-05-02,0.00014949359903028146,0.0,0.0,,
2022-05-02,0.0008414907941929598,0.0,0.0,,
2022-05-02,0.00028827270714756246,0.0,0.0,,
2022-05-02,0.0037697969524606366,0.0,0.0,,
2022-05-02,0.1026949510429307,0.0,0.0,,
2022-05-03,0.0,0.0,0.0,,
2022-05-03,0.0,0.0,0.0,,
2022-05-03,0.0,0.0,0.0,,
2022-05-03,0.0,0.0,0.0,,
2022-05-03,5.453642756858346e-07,0.0,0.0,,
2022-05-03,0.0,0.0,0.0,,
2022-05-03,0.0,0.0,0.0,,
2022-05-03,0.0,0.0,0.0,,
2022-05-03,0.00013219543661364963,0.0,0.0,,
2022-05-03,0.0,0.0,0.0,,
2022-05-03,0.0,0.0,0.0,,
2022-05-03,0.00021404735317431174,0.0,0.0,,
2022-05-04,0.007721538202507562,0.0,0.0,,
2022-05-04,0.10607080115495153,0.0,0.0,,
2022-05-04,0.042337920570122686,0.0,0.0,,
2022-05-04,0.009005152765937226,0.0,0.0,,
2022-05-04,0.11558176195864787,0.0,0.0,,
2022-05-04,0.11270421971679427,0.0,0.0,,
2022-05-04,0.01928198570232266,0.0,0.0,,
2022-05-04,0.1302630948946338,0.0,0.0,,
2022-05-04,0.05641709682993861,0.0,0.0,,
2022-05-04,0.002662590747178686,0.0,0.0,,
2022-05-04,0.07385286710195976,0.0,0.0,,
2022-05-04,0.11581264084902787,0.0,0.0,,
2022-05-05,0.0985921684413707,0.0,0.0,0.07658741602568042,0.0503833515881702
2022-05-05,0.04119238757227109,0.0,0.0,0.07658741602568042,0.0503833515881702
2022-05-05,0.01634255311589141,0.0,0.0,0.07658741602568042,0.0503833515881702
2022-05-05,0.0074628786603043,0.0,0.0,0.07658741602568042,0.0503833515881702
2022-05-05,0.06046993498983966,0.0,0.0,0.07658741602568042,0.0503833515881702
2022-05-05,0.004508788187687792,0.0,0.0,0.07658741602568042,0.0503833515881702
2022-05-05,0.011337700676364332,0.0,0.0,0.07658741602568042,0.0503833515881702
2022-05-05,0.05259407920088578,0.0,0.0,0.07658741602568042,0.0503833515881702
2022-05-05,0.06265045934643,0.0,0.0,0.07658741602568042,0.0503833515881702
2022-05-05,0.004274729554225316,0.0,0.0,0.07658741602568042,0.0503833515881702
2022-05-05,0.00010267114905998805,0.0,0.0,0.07658741602568042,0.0503833515881702
2022-05-05,0.04580413598115608,0.0,0.0,0.07658741602568042,0.0503833515881702
2022-05-06,0.0,0.0,0.0,,
2022-05-06,0.0,0.0,0.0,,
2022-05-06,0.0,0.0,0.0,,
2022-05-06,0.0026464770115145874,0.0,0.0,,
2022-05-06,0.0,0.0,0.0,,
2022-05-06,0.0,0.0,0.0,,
2022-05-06,0.014888636386219015,0.0,0.0,,
2022-05-06,0.0,0.0,0.0,,
2022-05-06,0.0,0.0,0.0,,
2022-05-06,0.015503779398080715,0.0,0.0,,
2022-05-06,0.0,0.0,0.0,,
2022-05-06,0.0,0.0,0.0,,
2022-05-07,0.011431337293688512,0.0,0.0,,
2022-05-07,0.01727250084132914,0.0,0.0,,
2022-05-07,0.0003113290781196993,0.0,0.0,,
2022-05-07,0.005773938202167583,0.0,0.0,,
2022-05-07,0.0002678570410353501,0.0,0.0,,
2022-05-07,0.00023796043915860264,0.0,0.0,,
2022-05-07,0.0106698683738527,0.0,0.0,,
2022-05-07,0.06363963713334606,0.0,0.0,,
2022-05-07,0.02526238425497102,0.0,0.0,,
2022-05-07,0.013905086593026125,0.0,0.0,,
2022-05-07,0.013261079268118191,0.0,0.0,,
2022-05-07,0.006597175937780225,0.0,0.0,,
2022-05-08,0.007290706072527242,0.0,0.0,,
2022-05-08,6.639361698404385e-05,0.0,0.0,,
2022-05-08,0.0,0.0,0.0,,
2022-05-08,0.0,0.0,0.0,,
2022-05-08,0.0,0.0,0.0,,
2022-05-08,0.0,0.0,0.0,,
2022-05-08,0.00021148192305190622,0.0,0.0,,
2022-05-08,0.00018467306039991662,0.0,0.0,,
2022-05-08,0.0001910060976619447,0.0,0.0,,
2022-05-08,0.00010104241099458999,0.0,0.0,,
2022-05-08,0.0,0.0,0.0,,
2022-05-08,0.0,0.0,0.0,,
2022-05-09,0.0,0.0,0.0,,
2022-05-09,0.0,0.0,0.0,,
2022-05-09,0.0,0.0,0.0,,
2022-05-09,0.0028715452745886917,0.0,0.0,,
2022-05-09,1.686650825273179e-05,0.0,0.0,,
2022-05-09,0.0,0.0,0.0,,
2022-05-09,0.001768843060296297,0.0,0.0,,
2022-05-09,0.0,0.0,0.0,,
2022-05-09,0.0022928391437699834,0.0,0.0,,
2022-05-09,0.0017324257448859686,0.0,0.0,,
2022-05-09,0.0,0.0,0.0,,
2022-05-09,0.0,0.0,0.0,,
2022-05-10,0.021661629792476503,0.0,0.0,,
2022-05-10,0.015749033935352125,0.0,0.0,,
2022-05-10,0.0012446212786772744,0.0,0.0,,
2022-05-10,0.06385956404738259,0.0,0.0,,
2022-05-10,0.0029975237440304715,0.0,0.0,,
2022-05-10,0.05936975129605682,0.0,0.0,,
2022-05-10,0.24609381806940492,0.0,0.0,,
2022-05-10,0.04877947819769292,0.0,0.0,,
2022-05-10,0.009874325060084312,0.0,0.0,,
2022-05-10,0.028935375247570713,0.0,0.0,,
2022-05-10,0.01063479519975689,0.0,0.0,,
2022-05-10,0.025464072116495453,0.0,0.0,,
2022-05-11,0.0022790677622811467,0.0,0.0,,
2022-05-11,0.0851542878257575,0.0,0.0,,
2022-05-11,0.019702321084693684,0.0,0.0,,
2022-05-11,0.0025164178217769707,0.0,0.0,,
2022-05-11,0.013656121065403938,0.0,0.0,,
2022-05-11,0.0063850877322502156,0.0,0.0,,
2022-05-11,0.0,0.0,0.0,,
2022-05-11,0.0010476083679004757,0.0,0.0,,
2022-05-11,0.006885408189956643,0.0,0.0,,
2022-05-11,0.11859758626338746,0.0,0.0,,
2022-05-11,0.0,0.0,0.0,,
2022-05-11,0.00011182299895143764,0.0,0.0,,
2022-05-12,0.01677415168414709,0.0,0.0,0.0323841851713525,0.021358159912375996
2022-05-12,0.04890971061639859,0.0,0.0,0.0323841851713525,0.021358159912375996
2022-05-12,0.002687014027205414,0.0,0.0,0.0323841851713525,0.021358159912375996
2022-05-12,0.01097854378740218,0.0,0.0,0.0323841851713525,0.021358159912375996
2022-05-12,0.013017046070081554,0.0,0.0,0.0323841851713525,0.021358159912375996
2022-05-12,0.004100171308182665,0.0,0.0,0.0323841851713525,0.021358159912375996
2022-05-12,0.06287318502840784,0.0,0.0,0.0323841851713525,0.021358159912375996
2022-05-12,0.038729321953017724,0.0,0.0,0.0323841851713525,0.021358159912375996
2022-05-12,0.00819763097348028,0.0,0.0,0.0323841851713525,0.021358159912375996
2022-05-12,0.0,0.0,0.0,0.0323841851713525,0.021358159912375996
2022-05-12,0.005815881295998492,0.0,0.0,0.0323841851713525,0.021358159912375996
2022-05-12,0.011303495084275108,0.0,0.0,0.0323841851713525,0.021358159912375996
2022-05-13,0.01208420307224501,0.0,0.0,,
2022-05-13,0.007341073532745453,0.0,0.0,,
2022-05-13,0.04283614112613283,0.0,0.0,,
2022-05-13,0.03770382697327806,0.0,0.0,,
2022-05-13,0.018727082260423016,0.0,0.0,,
2022-05-13,0.012565229496509095,0.0,0.0,,
2022-05-13,0.03940743613416758,0.0,0.0,,
2022-05-13,0.07479161550443876,0.0,0.0,,
2022-05-13,0.08689336768851007,0.0,0.0,,
2022-05-13,0.027333641789398323,0.0,0.0,,
2022-05-13,0.016122992780119427,0.0,0.0,,
2022-05-13,0.0369220994040535,0.0,0.0,,
2022-05-14,0.0003895485946350096,0.0,0.0,,
2022-05-14,0.0,0.0,0.0,,
2022-05-14,0.0,0.0,0.0,,
2022-05-14,0.0,0.0,0.0,,
2022-05-14,0.0,0.0,0.0,,
2022-05-14,0.0,0.0,0.0,,
2022-05-14,0.0,0.0,0.0,,
2022-05-14,0.0,0.0,0.0,,
2022-05-14,0.0,0.0,0.0,,
2022-05-14,0.0,0.0,0.0,,
2022-05-14,0.0,0.0,0.0,,
2022-05-14,0.0,0.0,0.0,,
2022-05-15,0.0,0.0,0.0,,
2022-05-15,0.0,0.0,0.0,,
2022-05-15,0.0,0.0,0.0,,
2022-05-15,0.0,0.0,0.0,,
2022-05-15,0.0,0.0,0.0,,
2022-05-15,0.0,0.0,0.0,,
2022-05-15,0.0,0.0,0.0,,
2022-05-15,0.0,0.0,0.0,,
2022-05-15,0.0,0.0,0.0,,
2022-05-15,0.0,0.0,0.0,,
2022-05-15,0.0,0.0,0.0,,
2022-05-15,0.00045701944341376997,0.0,0.0,,
2022-05-16,0.0,0.0,0.0,,
2022-05-16,1.2902652270544105e-05,0.0,0.0,,
2022-05-16,0.0,0.0,0.0,,
2022-05-16,0.0003737221157401466,0.0,0.0,,
2022-05-16,0.0004271911069370669,0.0,0.0,,
2022-05-16,0.0037378250067822087,0.0,0.0,,
2022-05-16,0.007808995849320212,0.0,0.0,,
2022-05-16,0.0,0.0,0.0,,
2022-05-16,0.0002778666649036082,0.0,0.0,,
2022-05-16,0.0,0.0,0.0,,
2022-05-16,0.000754028659387249,0.0,0.0,,
2022-05-16,0.0,0.0,0.0,,
2022-05-17,0.021543010711361166,0.0,0.0,,
2022-05-17,0.09279764893336954,0.0,0.0,,
2022-05-17,0.03451770986909026,0.0,0.0,,
2022-05-17,0.0004552329196148622,0.0,0.0,,
2022-05-17,0.0028157425900345763,0.0,0.0,,
2022-05-17,0.007603787232881135,0.0,0.0,,
2022-05-17,0.0917598494525017,0.0,0.0,,
2022-05-17,0.031802466491609435,0.0,0.0,,
2022-05-17,0.07669685772543185,0.0,0.0,,
2022-05-17,0.11860582417635523,0.0,0.0,,
2022-05-17,0.01554306370901224,0.0,0.0,,
2022-05-17,0.09371915241161925,0.0,0.0,,
2022-05-18,0.013032839153769635,0.0,0.0,,
2022-05-18,0.0012347207659885884,0.0,0.0,,
2022-05-18,0.0001573355348576482,0.0,0.0,,
2022-05-18,0.013586102788901896,0.0,0.0,,
2022-05-18,0.0018581648631024036,0.0,0.0,,
2022-05-18,0.0061329263249412964,0.0,0.0,,
2022-05-18,0.01082506168624805,0.0,0.0,,
2022-05-18,0.004087219212348136,0.0,0.0,,
2022-05-18,0.0008522430044184133,0.0,0.0,,
2022-05-18,0.0,0.0,0.0,,
2022-05-18,0.010140926496814286,0.0,0.0,,
2022-05-18,0.009557831171817249,0.0,0.0,,
2022-05-19,0.02986213678789099,0.0,0.0,0.04373046902700889,0.04353778751369042
2022-05-19,0.00034803497400508155,0.0,0.0,0.04373046902700889,0.04353778751369042
2022-05-19,1.7981787134675276e-05,0.0,0.0,0.04373046902700889,0.04353778751369042
2022-05-19,0.006718644402826019,0.0,0.0,0.04373046902700889,0.04353778751369042
2022-05-19,0.0,0.0,0.0,0.04373046902700889,0.04353778751369042
2022-05-19,0.0062993670774254325,0.0,0.0,0.04373046902700889,0.04353778751369042
2022-05-19,0.013833350310259661,0.0,0.0,0.04373046902700889,0.04353778751369042
2022-05-19,0.0,0.0,0.0,0.04373046902700889,0.04353778751369042
2022-05-19,0.0,0.0,0.0,0.04373046902700889,0.04353778751369042
2022-05-19,0.0,0.0,0.0,0.04373046902700889,0.04353778751369042
2022-05-19,0.009976479421786217,0.0,0.0,0.04373046902700889,0.04353778751369042
2022-05-19,0.0,0.0,0.0,0.04373046902700889,0.04353778751369042
2022-05-20,0.008698781999857278,0.0,0.0,0.04396684994066841,0.04463307776560832
2022-05-20,0.0,0.0,0.0,0.04396684994066841,0.04463307776560832
2022-05-20,0.0020884465100240316,0.0,0.0,0.04396684994066841,0.04463307776560832
2022-05-20,0.0012501746027855918,0.0,0.0,0.04396684994066841,0.04463307776560832
2022-05-20,0.000893451454127035,0.0,0.0,0.04396684994066841,0.04463307776560832
2022-05-20,0.005166539285363214,0.0,0.0,0.04396684994066841,0.04463307776560832
2022-05-20,0.0037673167942063567,0.0,0.0,0.04396684994066841,0.04463307776560832
2022-05-20,0.0015262136333696007,0.0,0.0,0.04396684994066841,0.04463307776560832
2022-05-20,0.00011974194924396985,0.0,0.0,0.04396684994066841,0.04463307776560832
2022-05-20,0.016311621943367452,0.0,0.0,0.04396684994066841,0.04463307776560832
2022-05-20,4.639462824990463e-06,0.0,0.0,0.04396684994066841,0.04463307776560832
2022-05-20,0.006581806502987524,0.0,0.0,0.04396684994066841,0.04463307776560832
2022-05-21,0.04134098532502389,0.0,0.0,0.04396684994066841,0.04408543263964937
2022-05-21,0.03657619768913132,0.0,0.0,0.04396684994066841,0.04408543263964937
2022-05-21,0.004657857066251316,0.0,0.0,0.04396684994066841,0.04408543263964937
2022-05-21,0.007570901728480711,0.0,0.0,0.04396684994066841,0.04408543263964937
2022-05-21,0.03808050158332853,0.0,0.0,0.04396684994066841,0.04408543263964937
2022-05-21,0.009335856737014666,0.0,0.0,0.04396684994066841,0.04408543263964937
2022-05-21,0.01105568859346719,0.0,0.0,0.04396684994066841,0.04408543263964937
2022-05-21,0.009730873270429369,0.0,0.0,0.04396684994066841,0.04408543263964937
2022-05-21,0.0009049554788302438,0.0,0.0,0.04396684994066841,0.04408543263964937
2022-05-21,0.01910118489746232,0.0,0.0,0.04396684994066841,0.04408543263964937
2022-05-21,0.022664109171383225,0.0,0.0,0.04396684994066841,0.04408543263964937
2022-05-21,0.02318733213501885,0.0,0.0,0.04396684994066841,0.04408543263964937
2022-05-22,0.00739651633320445,0.0,0.0,0.04396684994066841,0.044359255202628844
2022-05-22,0.003305076428125261,0.0,0.0,0.04396684994066841,0.044359255202628844
2022-05-22,0.0167124979551361,0.0,0.0,0.04396684994066841,0.044359255202628844
2022-05-22,0.002469508927513398,0.0,0.0,0.04396684994066841,0.044359255202628844
2022-05-22,0.0035549458577203365,0.0,0.0,0.04396684994066841,0.044359255202628844
2022-05-22,0.012731893816602538,0.0,0.0,0.04396684994066841,0.044359255202628844
2022-05-22,0.0,0.0,0.0,0.04396684994066841,0.044359255202628844
2022-05-22,0.009573882403353292,0.0,0.0,0.04396684994066841,0.044359255202628844
2022-05-22,0.011061273131819368,0.0,0.0,0.04396684994066841,0.044359255202628844
2022-05-22,0.0002691674467615939,0.0,0.0,0.04396684994066841,0.044359255202628844
2022-05-22,0.006835730342649463,0.0,0.0,0.04396684994066841,0.044359255202628844
2022-05-22,0.012749087456686433,0.0,0.0,0.04396684994066841,0.044359255202628844
2022-05-23,0.2247556099371782,0.0,0.0,0.05578589562364383,0.04709748083242005
2022-05-23,0.016095012689952917,0.0,0.0,0.05578589562364383,0.04709748083242005
2022-05-23,0.257691503153609,0.0,0.0,0.05578589562364383,0.04709748083242005
2022-05-23,0.11172680830046783,0.0,0.0,0.05578589562364383,0.04709748083242005
2022-05-23,0.16018016933163018,0.0,0.0,0.05578589562364383,0.04709748083242005
2022-05-23,0.056453223585618516,0.0,0.0,0.05578589562364383,0.04709748083242005
2022-05-23,0.02344056618527565,0.0,0.0,0.05578589562364383,0.04709748083242005
2022-05-23,0.1276163722159261,0.0,0.0,0.05578589562364383,0.04709748083242005
2022-05-23,0.04741905591933985,0.0,0.0,0.05578589562364383,0.04709748083242005
2022-05-23,0.06149638510527073,0.0,0.0,0.05578589562364383,0.04709748083242005
2022-05-23,0.06745960102350355,0.0,0.0,0.05578589562364383,0.04709748083242005
2022-05-23,0.0267577653003833,0.0,0.0,0.05578589562364383,0.04709748083242005
2022-05-24,0.010629472137427301,0.0,0.0,,
2022-05-24,0.15567652401839335,0.0,0.0,,
2022-05-24,0.08069198793426464,0.0,0.0,,
2022-05-24,0.12054935200375694,0.0,0.0,,
2022-05-24,0.044162631907748065,0.0,0.0,,
2022-05-24,0.11837063408958641,0.0,0.0,,
2022-05-24,0.10017170345382843,0.0,0.0,,
2022-05-24,0.10244077718675651,0.0,0.0,,
2022-05-24,0.16659446788528964,0.0,0.0,,
2022-05-24,0.14110355910832,0.0,0.0,,
2022-05-24,0.08825198209988376,0.0,0.0,,
2022-05-24,0.2196692906282028,0.0,0.0,,
2022-05-25,0.24883142449857054,0.0,0.0,,
2022-05-25,0.0595332841946335,0.0,0.0,,
2022-05-25,0.33924952323665225,0.0,0.0,,
2022-05-25,0.25163739945076713,0.0,0.0,,
2022-05-25,0.1756649615564906,0.0,0.0,,
2022-05-25,0.07788903530501197,0.0,0.0,,
2022-05-25,0.09682123236264838,0.0,0.0,,
2022-05-25,0.07084812167282808,0.0,0.0,,
2022-05-25,0.19504027393987522,0.0,0.0,,
2022-05-25,0.018509341024219788,0.0,0.0,,
2022-05-25,0.06822351698373476,0.0,0.0,,
2022-05-25,0.15546276292605724,0.0,0.0,,
2022-05-26,0.0,0.0,0.0,0.046330659077263525,0.0503833515881702
2022-05-26,6.600739744650758e-05,0.0,0.0,0.046330659077263525,0.0503833515881702
2022-05-26,0.0,0.0,0.0,0.046330659077263525,0.0503833515881702
2022-05-26,0.0,0.0,0.0,0.046330659077263525,0.0503833515881702
2022-05-26,0.0,0.0,0.0,0.046330659077263525,0.0503833515881702
2022-05-26,0.0,0.0,0.0,0.046330659077263525,0.0503833515881702
2022-05-26,0.0,0.0,0.0,0.046330659077263525,0.0503833515881702
2022-05-26,0.0,0.0,0.0,0.046330659077263525,0.0503833515881702
2022-05-26,0.0,0.0,0.0,0.046330659077263525,0.0503833515881702
2022-05-26,0.04134249199219942,0.0,0.0,0.046330659077263525,0.0503833515881702
2022-05-26,0.0,0.0,0.0,0.046330659077263525,0.0503833515881702
2022-05-26,0.0,0.0,0.0,0.046330659077263525,0.0503833515881702
2022-05-27,0.0,0.0,0.0,,
2022-05-27,0.00025379724295884634,0.0,0.0,,
2022-05-27,0.0,0.0,0.0,,
2022-05-27,0.0,0.0,0.0,,
2022-05-27,0.0,0.0,0.0,,
2022-05-27,0.0,0.0,0.0,,
2022-05-27,0.0,0.0,0.0,,
2022-05-27,0.0,0.0,0.0,,
2022-05-27,0.0,0.0,0.0,,
2022-05-27,0.0,0.0,0.0,,
2022-05-27,0.0006055633024296947,0.0,0.0,,
2022-05-27,0.0,0.0,0.0,,
2022-05-28,0.0,0.0,0.0,,
2022-05-28,0.012549470488790786,0.0,0.0,,
2022-05-28,0.019934762843016235,0.0,0.0,,
2022-05-28,0.0,0.0,0.0,,
2022-05-28,0.014452901728944135,0.0,0.0,,
2022-05-28,0.0,0.0,0.0,,
2022-05-28,0.001346288188863369,0.0,0.0,,
2022-05-28,0.005449279809875382,0.0,0.0,,
2022-05-28,0.02535185958243857,0.0,0.0,,
2022-05-28,0.0005343935531466288,0.0,0.0,,
2022-05-28,0.006130447124797894,0.0,0.0,,
2022-05-28,0.00042631790233243675,0.0,0.0,,
2022-05-29,0.0775120751148863,0.0,0.0,,
2022-05-29,0.0273288319089043,0.0,0.0,,
2022-05-29,0.033276353378442584,0.0,0.0,,
2022-05-29,0.011304547153052558,0.0,0.0,,
2022-05-29,0.03927233764680759,0.0,0.0,,
2022-05-29,0.06799147037050897,0.0,0.0,,
2022-05-29,0.08762425595312254,0.0,0.0,,
2022-05-29,0.011219774775862371,0.0,0.0,,
2022-05-29,0.04308240838660209,0.0,0.0,,
2022-05-29,0.02580507538870103,0.0,0.0,,
2022-05-29,0.026293049856556925,0.0,0.0,,
2022-05-29,0.07599760400018815,0.0,0.0,,
2022-05-30,9.969010052416378e-05,0.0,0.0,,
2022-05-30,0.0,0.0,0.0,,
2022-05-30,0.0,0.0,0.0,,
2022-05-30,0.0,0.0,0.0,,
2022-05-30,0.0014358049798398331,0.0,0.0,,
2022-05-30,0.00012689862147942317,0.0,0.0,,
2022-05-30,0.0,0.0,0.0,,
2022-05-30,0.0,0.0,0.0,,
2022-05-30,0.0,0.0,0.0,,
2022-05-30,0.005782982239371834,0.0,0.0,,
2022-05-30,0.0,0.0,0.0,,
2022-05-30,0.0,0.0,0.0,,
2022-05-31,0.016026102203939907,0.0,0.0,,
2022-05-31,0.02618761806228317,0.0,0.0,,
2022-05-31,0.00025055992497665064,0.0,0.0,,
2022-05-31,0.016311667806622365,0.0,0.0,,
2022-05-31,0.02373895172752511,0.0,0.0,,
2022-05-31,0.0030712349328438316,0.0,0.0,,
2022-05-31,0.003111671384712653,0.0,0.0,,
2022-05-31,0.035574627040572036,0.0,0.0,,
2022-05-31,0.06225296774787673,0.0,0.0,,
2022-05-31,0.07612513041121353,0.0,0.0,,
2022-05-31,0.015995845301946213,0.0,0.0,,
2022-05-31,0.03934131586873832,0.0,0.0,,
2022-06-01,0.0,0.0,0.0,,
2022-06-01,0.0,0.0,0.0,,
2022-06-01,0.003441705497612558,0.0,0.0,,
2022-06-01,0.0,0.0,0.0,,
2022-06-01,0.0013362641429050554,0.0,0.0,,
2022-06-01,5.274077650289228e-05,0.0,0.0,,
2022-06-01,9.23602371408232e-05,0.0,0.0,,
2022-06-01,0.010908590435518834,0.0,0.0,,
2022-06-01,0.0,0.0,0.0,,
2022-06-01,0.00029121863335568153,0.0,0.0,,
2022-06-01,0.0,0.0,0.0,,
2022-06-01,0.0009404238106295404,0.0,0.0,,
2022-06-02,0.0,0.0,0.0,0.05224018191875118,0.05805038335158841
2022-06-02,0.0,0.0,0.0,0.05224018191875118,0.05805038335158841
2022-06-02,0.0,0.0,0.0,0.05224018191875118,0.05805038335158841
2022-06-02,9.089446617170831e-08,0.0,0.0,0.05224018191875118,0.05805038335158841
2022-06-02,0.0,0.0,0.0,0.05224018191875118,0.05805038335158841
2022-06-02,0.0,0.0,0.0,0.05224018191875118,0.05805038335158841
2022-06-02,0.0,0.0,0.0,0.05224018191875118,0.05805038335158841
2022-06-02,0.0,0.0,0.0,0.05224018191875118,0.05805038335158841
2022-06-02,0.0,0.0,0.0,0.05224018191875118,0.05805038335158841
2022-06-02,0.0,0.0,0.0,0.05224018191875118,0.05805038335158841
2022-06-02,0.0,0.0,0.0,0.05224018191875118,0.05805038335158841
2022-06-02,0.0,0.0,0.0,0.05224018191875118,0.05805038335158841
2022-06-03,0.0,0.0,0.0,,
2022-06-03,0.0,0.0,0.0,,
2022-06-03,0.0,0.0,0.0,,
2022-06-03,0.0,0.0,0.0,,
2022-06-03,0.0,0.0,0.0,,
2022-06-03,0.0,0.0,0.0,,
2022-06-03,0.0,0.0,0.0,,
2022-06-03,0.0,0.0,0.0,,
2022-06-03,0.0,0.0,0.0,,
2022-06-03,0.0006403122316336947,0.0,0.0,,
2022-06-03,0.0,0.0,0.0,,
2022-06-03,0.0,0.0,0.0,,
2022-06-04,0.0,0.0,0.0,,
2022-06-04,0.0,0.0,0.0,,
2022-06-04,0.0,0.0,0.0,,
2022-06-04,0.0,0.0,0.0,,
2022-06-04,0.0,0.0,0.0,,
2022-06-04,0.0,0.0,0.0,,
2022-06-04,0.0,0.0,0.0,,
2022-06-04,0.0,0.0,0.0,,
2022-06-04,0.0,0.0,0.0,,
2022-06-04,0.0,0.0,0.0,,
2022-06-04,0.0,0.0,0.0,,
2022-06-04,0.0,0.0,0.0,,
2022-06-05,0.0,0.0,0.0,,
2022-06-05,0.0,0.0,0.0,,
2022-06-05,0.0,0.0,0.0,,
2022-06-05,0.0,0.0,0.0,,
2022-06-05,0.0,0.0,0.0,,
2022-06-05,0.0,0.0,0.0,,
2022-06-05,0.0,0.0,0.0,,
2022-06-05,0.0,0.0,0.0,,
2022-06-05,0.0,0.0,0.0,,
2022-06-05,0.0,0.0,0.0,,
2022-06-05,0.0,0.0,0.0,,
2022-06-05,0.0,0.0,0.0,,
2022-06-06,0.0,0.0,0.0,,
2022-06-06,0.0,0.0,0.0,,
2022-06-06,0.0,0.0,0.0,,
2022-06-06,0.0,0.0,0.0,,
2022-06-06,0.0,0.0,0.0,,
2022-06-06,0.0,0.0,0.0,,
2022-06-06,0.0,0.0,0.0,,
2022-06-06,0.0,0.0,0.0,,
2022-06-06,0.0,0.0,0.0,,
2022-06-06,0.0,0.0,0.0,,
2022-06-06,0.0,0.0,0.0,,
2022-06-06,0.0,0.0,0.0,,
2022-06-07,0.0,0.0,0.0,,
2022-06-07,0.0,0.0,0.0,,
2022-06-07,0.0,0.0,0.0,,
2022-06-07,0.0,0.0,0.0,,
2022-06-07,0.0,0.0,0.0,,
2022-06-07,0.0,0.0,0.0,,
2022-06-07,0.0,0.0,0.0,,
2022-06-07,0.0,0.0,0.0,,
2022-06-07,0.0,0.0,0.0,,
2022-06-07,0.0,0.0,0.0,,
2022-06-07,0.0,0.0,0.0,,
2022-06-07,0.0,0.0,0.0,,
2022-06-08,0.0,0.0,0.0,,
2022-06-08,0.0,0.0,0.0,,
2022-06-08,0.0,0.0,0.0,,
2022-06-08,0.0,0.0,0.0,,
2022-06-08,0.0,0.0,0.0,,
2022-06-08,0.0,0.0,0.0,,
2022-06-08,0.0,0.0,0.0,,
2022-06-08,0.0,0.0,0.0,,
2022-06-08,0.002012357958168204,0.0,0.0,,
2022-06-08,0.0,0.0,0.0,,
2022-06-08,0.0,0.0,0.0,,
2022-06-08,0.0,0.0,0.0,,
2022-06-09,0.0,0.0,0.0,0.07422360688908536,0.09173055859802659
2022-06-09,0.015298533427924123,0.0,0.0,0.07422360688908536,0.09173055859802659
2022-06-09,0.0,0.0,0.0,0.07422360688908536,0.09173055859802659
2022-06-09,0.0,0.0,0.0,0.07422360688908536,0.09173055859802659
2022-06-09,0.0,0.0,0.0,0.07422360688908536,0.09173055859802659
2022-06-09,0.009934540185612264,0.0,0.0,0.07422360688908536,0.09173055859802659
2022-06-09,0.0,0.0,0.0,0.07422360688908536,0.09173055859802659
2022-06-09,0.0,0.0,0.0,0.07422360688908536,0.09173055859802659
2022-06-09,0.0,0.0,0.0,0.07422360688908536,0.09173055859802659
2022-06-09,0.0010473816360039296,0.0,0.0,0.07422360688908536,0.09173055859802659
2022-06-09,0.0,0.0,0.0,0.07422360688908536,0.09173055859802659
2022-06-09,0.0024742961033009593,0.0,0.0,0.07422360688908536,0.09173055859802659
2022-06-10,0.0,0.0,0.0,0.07871484424861602,0.09830230010952867
2022-06-10,9.104748656427312e-05,0.0,0.0,0.07871484424861602,0.09830230010952867
2022-06-10,0.0038156095661724346,0.0,0.0,0.07871484424861602,0.09830230010952867
2022-06-10,0.0,0.0,0.0,0.07871484424861602,0.09830230010952867
2022-06-10,0.0,0.0,0.0,0.07871484424861602,0.09830230010952867
2022-06-10,0.0014583888886887083,0.0,0.0,0.07871484424861602,0.09830230010952867
2022-06-10,4.021166140747546e-07,0.0,0.0,0.07871484424861602,0.09830230010952867
2022-06-10,0.0018216675832539437,0.0,0.0,0.07871484424861602,0.09830230010952867
2022-06-10,0.0006391326962893272,0.0,0.0,0.07871484424861602,0.09830230010952867
2022-06-10,0.0019007609094965439,0.0,0.0,0.07871484424861602,0.09830230010952867
2022-06-10,0.0007494491919526207,0.0,0.0,0.07871484424861602,0.09830230010952867
2022-06-10,0.0006810694363323094,0.0,0.0,0.07871484424861602,0.09830230010952867
2022-06-11,0.0,0.0,0.0,0.08107865338521109,0.10213581599123778
2022-06-11,0.0002628452512805517,0.0,0.0,0.08107865338521109,0.10213581599123778
2022-06-11,0.0001199913228133655,0.0,0.0,0.08107865338521109,0.10213581599123778
2022-06-11,0.005383087660916843,0.0,0.0,0.08107865338521109,0.10213581599123778
2022-06-11,0.005642643414992525,0.0,0.0,0.08107865338521109,0.10213581599123778
2022-06-11,0.015611066107620634,0.0,0.0,0.08107865338521109,0.10213581599123778
2022-06-11,7.42317834015097e-07,0.0,0.0,0.08107865338521109,0.10213581599123778
2022-06-11,0.02162760938052786,0.0,0.0,0.08107865338521109,0.10213581599123778
2022-06-11,0.007279328795807791,0.0,0.0,0.08107865338521109,0.10213581599123778
2022-06-11,0.003490661811788411,0.0,0.0,0.08107865338521109,0.10213581599123778
2022-06-11,0.0013323748935041165,0.0,0.0,0.08107865338521109,0.10213581599123778
2022-06-11,0.034989348016997074,0.0,0.0,0.08107865338521109,0.10213581599123778
2022-06-12,0.04722947522592293,0.0,0.0,0.08391522434912518,0.10624315443592458
2022-06-12,0.0024905654185222044,0.0,0.0,0.08391522434912518,0.10624315443592458
2022-06-12,0.0017085103518715374,0.0,0.0,0.08391522434912518,0.10624315443592458
2022-06-12,0.007323518520973234,0.0,0.0,0.08391522434912518,0.10624315443592458
2022-06-12,0.03208642630046068,0.0,0.0,0.08391522434912518,0.10624315443592458
2022-06-12,0.006540912502747657,0.0,0.0,0.08391522434912518,0.10624315443592458
2022-06-12,0.094891696799113,0.0,0.0,0.08391522434912518,0.10624315443592458
2022-06-12,0.014624834814215183,0.0,0.0,0.08391522434912518,0.10624315443592458
2022-06-12,0.008636685611014012,0.0,0.0,0.08391522434912518,0.10624315443592458
2022-06-12,0.029925903113567402,0.0,0.0,0.08391522434912518,0.10624315443592458
2022-06-12,0.04830142424939364,0.0,0.0,0.08391522434912518,0.10624315443592458
2022-06-12,0.036953845096890814,0.0,0.0,0.08391522434912518,0.10624315443592458
2022-06-13,0.027881791217765635,0.0,0.0,0.08627903348572025,0.11007667031763368
2022-06-13,0.0031946242967391464,0.0,0.0,0.08627903348572025,0.11007667031763368
2022-06-13,0.012255483557941043,0.0,0.0,0.08627903348572025,0.11007667031763368
2022-06-13,0.0024775297779404746,0.0,0.0,0.08627903348572025,0.11007667031763368
2022-06-13,0.0029513008823688594,0.0,0.0,0.08627903348572025,0.11007667031763368
2022-06-13,0.005097254896580136,0.0,0.0,0.08627903348572025,0.11007667031763368
2022-06-13,0.004622840458517465,0.0,0.0,0.08627903348572025,0.11007667031763368
2022-06-13,0.03225911157841115,0.0,0.0,0.08627903348572025,0.11007667031763368
2022-06-13,0.0006308937873904929,0.0,0.0,0.08627903348572025,0.11007667031763368
2022-06-13,0.008873295517250001,0.0,0.0,0.08627903348572025,0.11007667031763368
2022-06-13,0.0019713712480941862,0.0,0.0,0.08627903348572025,0.11007667031763368
2022-06-13,0.021150200795545127,0.0,0.0,0.08627903348572025,0.11007667031763368
2022-06-14,0.0,0.0,0.0,0.08675179531303923,0.11062431544359264
2022-06-14,0.0,0.0,0.0,0.08675179531303923,0.11062431544359264
2022-06-14,0.0,0.0,0.0,0.08675179531303923,0.11062431544359264
2022-06-14,0.0,0.0,0.0,0.08675179531303923,0.11062431544359264
2022-06-14,0.0,0.0,0.0,0.08675179531303923,0.11062431544359264
2022-06-14,0.0,0.0,0.0,0.08675179531303923,0.11062431544359264
2022-06-14,0.0,0.0,0.0,0.08675179531303923,0.11062431544359264
2022-06-14,0.0,0.0,0.0,0.08675179531303923,0.11062431544359264
2022-06-14,0.0,0.0,0.0,0.08675179531303923,0.11062431544359264
2022-06-14,0.0,0.0,0.0,0.08675179531303923,0.11062431544359264
2022-06-14,0.0,0.0,0.0,0.08675179531303923,0.11062431544359264
2022-06-14,1.6918044532580605e-05,0.0,0.0,0.08675179531303923,0.11062431544359264
2022-06-15,0.0,0.0,0.0,0.08533350983108223,0.10870755750273631
2022-06-15,0.0,0.0,0.0,0.08533350983108223,0.10870755750273631
2022-06-15,0.0,0.0,0.0,0.08533350983108223,0.10870755750273631
2022-06-15,0.01518961747604992,0.0,0.0,0.08533350983108223,0.10870755750273631
2022-06-15,0.0,0.0,0.0,0.08533350983108223,0.10870755750273631
2022-06-15,7.689234384870469e-05,0.0,0.0,0.08533350983108223,0.10870755750273631
2022-06-15,0.0,0.0,0.0,0.08533350983108223,0.10870755750273631
2022-06-15,0.013737439856294706,0.0,0.0,0.08533350983108223,0.10870755750273631
2022-06-15,0.0,0.0,0.0,0.08533350983108223,0.10870755750273631
2022-06-15,0.0,0.0,0.0,0.08533350983108223,0.10870755750273631
2022-06-15,0.0,0.0,0.0,0.08533350983108223,0.10870755750273631
2022-06-15,0.00012257880209268289,0.0,0.0,0.08533350983108223,0.10870755750273631
2022-06-16,0.20554992389887924,0.0,0.0,,
2022-06-16,0.1159543863440632,0.0,0.0,,
2022-06-16,0.0290497650129571,0.0,0.0,,
2022-06-16,0.08843064418695053,0.0,0.0,,
2022-06-16,0.14139504366787117,0.0,0.0,,
2022-06-16,0.046062579393716066,0.0,0.0,,
2022-06-16,0.0937322161021576,0.0,0.0,,
2022-06-16,0.13853771031667428,0.0,0.0,,
2022-06-16,0.15789705653868338,0.0,0.0,,
2022-06-16,0.09417645831757876,0.0,0.0,,
2022-06-16,0.10511691606298279,0.0,0.0,,
2022-06-16,0.04463155301709278,0.0,0.0,,
2022-06-17,0.07782703550887325,0.0,0.0,,
2022-06-17,0.03162876366208657,0.0,0.0,,
2022-06-17,0.0719572412129263,0.0,0.0,,
2022-06-17,0.12914972013199275,0.0,0.0,,
2022-06-17,0.05523591865319042,0.0,0.0,,
2022-06-17,0.048050271858906285,0.0,0.0,,
2022-06-17,0.07158996867098706,0.0,0.0,,
2022-06-17,0.05576114040000455,0.0,0.0,,
2022-06-17,0.03462877299786853,0.0,0.0,,
2022-06-17,0.14118420531798126,0.0,0.0,,
2022-06-17,0.01962839016071453,0.0,0.0,,
2022-06-17,0.1267449728938973,0.0,0.0,,
2022-06-18,0.044270449461141184,0.0,0.0,,
2022-06-18,0.16800392387048538,0.0,0.0,,
2022-06-18,0.18042938649698906,0.0,0.0,,
2022-06-18,0.04817274292395211,0.0,0.0,,
2022-06-18,0.12350072792133561,0.0,0.0,,
2022-06-18,0.03189925378091499,0.0,0.0,,
2022-06-18,0.08642032126889353,0.0,0.0,,
2022-06-18,0.08622467597314776,0.0,0.0,,
2022-06-18,0.010530231869960271,0.0,0.0,,
2022-06-18,0.17692898778255106,0.0,0.0,,
2022-06-18,0.10316825040381897,0.0,0.0,,
2022-06-18,0.09973707770904085,0.0,0.0,,
2022-06-19,0.05318625536210881,0.0,0.0,,
2022-06-19,0.09161440785565436,0.0,0.0,,
2022-06-19,0.2209579595921079,0.0,0.0,,
2022-06-19,0.04736380484191019,0.0,0.0,,
2022-06-19,0.08776389770141135,0.0,0.0,,
2022-06-19,0.12335917147670453,0.0,0.0,,
2022-06-19,0.031797361487751606,0.0,0.0,,
2022-06-19,0.1385360906050219,0.0,0.0,,
2022-06-19,0.010440559650707327,0.0,0.0,,
2022-06-19,0.05721650685228886,0.0,0.0,,
2022-06-19,0.07460802282751408,0.0,0.0,,
2022-06-19,0.051937414563125645,0.0,0.0,,
2022-06-20,0.008982773438974209,0.0,0.0,,
2022-06-20,0.0,0.0,0.0,,
2022-06-20,0.033625208432325464,0.0,0.0,,
2022-06-20,0.0,0.0,0.0,,
2022-06-20,0.010212606238432235,0.0,0.0,,
2022-06-20,0.0003715149308389894,0.0,0.0,,
2022-06-20,0.006676014179608329,0.0,0.0,,
2022-06-20,0.00560254255406538,0.0,0.0,,
2022-06-20,0.008698780121455687,0.0,0.0,,
2022-06-20,0.020321170006397164,0.0,0.0,,
2022-06-20,0.048479473221138956,0.0,0.0,,
2022-06-20,0.00019158712887572943,0.0,0.0,,
2022-06-21,0.12261898677570512,0.0,0.0,,
2022-06-21,0.11315748958068099,0.0,0.0,,
2022-06-21,0.037811359337404364,0.0,0.0,,
2022-06-21,0.025368212064205357,0.0,0.0,,
2022-06-21,0.11071512324096638,0.0,0.0,,
2022-06-21,0.1377083910983319,0.0,0.0,,
2022-06-21,0.0456258099514797,0.0,0.0,,
2022-06-21,0.028099617133321052,0.0,0.0,,
2022-06-21,0.009253250509845278,0.0,0.0,,
2022-06-21,0.06485582265188737,0.0,0.0,,
2022-06-21,0.06860780931906046,0.0,0.0,,
2022-06-21,0.19602615175340035,0.0,0.0,,
2022-06-22,0.0009139224259289971,0.0,0.0,,
2022-06-22,0.007624496522157233,0.0,0.0,,
2022-06-22,0.021408929170450928,0.0,0.0,,
2022-06-22,0.00847372750332368,0.0,0.0,,
2022-06-22,0.0508780598441102,0.0,0.0,,
2022-06-22,0.014475456428017957,0.0,0.0,,
2022-06-22,0.027624678948989716,0.0,0.0,,
2022-06-22,0.014540031487522297,0.0,0.0,,
2022-06-22,0.024280532032546064,0.0,0.0,,
2022-06-22,0.004040431292189611,0.0,0.0,,
2022-06-22,0.011194030777810742,0.0,0.0,,
2022-06-22,0.0199637080912182,0.0,0.0,,
2022-06-23,0.01839488201010904,0.0,0.0,0.05791332384657932,0.06681270536692274
2022-06-23,0.0,0.0,0.0,0.05791332384657932,0.06681270536692274
2022-06-23,0.020997897586792543,0.0,0.0,0.05791332384657932,0.06681270536692274
2022-06-23,0.008655112806246373,0.0,0.0,0.05791332384657932,0.06681270536692274
2022-06-23,0.0010966330483301503,0.0,0.0,0.05791332384657932,0.06681270536692274
2022-06-23,0.008366763261127754,0.0,0.0,0.05791332384657932,0.06681270536692274
2022-06-23,0.003872667716357985,0.0,0.0,0.05791332384657932,0.06681270536692274
2022-06-23,0.021697750471716373,0.0,0.0,0.05791332384657932,0.06681270536692274
2022-06-23,0.0002709660856204173,0.0,0.0,0.05791332384657932,0.06681270536692274
2022-06-23,0.01586553552839388,0.0,0.0,0.05791332384657932,0.06681270536692274
2022-06-23,0.0415547385885856,0.0,0.0,0.05791332384657932,0.06681270536692274
2022-06-23,0.00045501942477649634,0.0,0.0,0.05791332384657932,0.06681270536692274
2022-06-24,0.0,0.0,0.0,,
2022-06-24,0.0,0.0,0.0,,
2022-06-24,0.0,0.0,0.0,,
2022-06-24,0.0,0.0,0.0,,
2022-06-24,0.0,0.0,0.0,,
2022-06-24,0.0,0.0,0.0,,
2022-06-24,0.0,0.0,0.0,,
2022-06-24,0.0,0.0,0.0,,
2022-06-24,0.0,0.0,0.0,,
2022-06-24,0.0,0.0,0.0,,
2022-06-24,0.0,0.0,0.0,,
2022-06-24,0.0,0.0,0.0,,
2022-06-25,0.0,0.0,0.0,,
2022-06-25,0.0,0.0,0.0,,
2022-06-25,2.5688213306441494e-06,0.0,0.0,,
2022-06-25,0.0,0.0,0.0,,
2022-06-25,0.001743687417963978,0.0,0.0,,
2022-06-25,0.0,0.0,0.0,,
2022-06-25,0.0,0.0,0.0,,
2022-06-25,0.0003890965175813456,0.0,0.0,,
2022-06-25,0.0,0.0,0.0,,
2022-06-25,0.0003724116974071806,0.0,0.0,,
2022-06-25,0.0,0.0,0.0,,
2022-06-25,8.754257829928114e-05,0.0,0.0,,
2022-06-26,0.0,0.0,0.0,,
2022-06-26,0.006195834019383795,0.0,0.0,,
2022-06-26,0.0,0.0,0.0,,
2022-06-26,0.0,0.0,0.0,,
2022-06-26,0.0,0.0,0.0,,
2022-06-26,0.0,0.0,0.0,,
2022-06-26,0.0,0.0,0.0,,
2022-06-26,0.0,0.0,0.0,,
2022-06-26,0.0,0.0,0.0,,
2022-06-26,0.0,0.0,0.0,,
2022-06-26,0.0,0.0,0.0,,
2022-06-26,0.0,0.0,0.0,,
2022-06-27,0.028587342656236102,0.0,0.0,,
2022-06-27,0.0,0.0,0.0,,
2022-06-27,4.6461948145793245e-06,0.0,0.0,,
2022-06-27,0.0012902245199488255,0.0,0.0,,
2022-06-27,0.0,0.0,0.0,,
2022-06-27,0.0,0.0,0.0,,
2022-06-27,0.0,0.0,0.0,,
2022-06-27,0.026595473041932882,0.0,0.0,,
2022-06-27,0.014745284630903749,0.0,0.0,,
2022-06-27,0.0,0.0,0.0,,
2022-06-27,0.0028577241217610963,0.0,0.0,,
2022-06-27,0.0025711755225314406,0.0,0.0,,
2022-06-28,0.03495175030898527,0.0,0.0,,
2022-06-28,0.041620633672745135,0.0,0.0,,
2022-06-28,0.2690323236280923,0.0,0.0,,
2022-06-28,0.07248393357169082,0.0,0.0,,
2022-06-28,0.022183575140470004,0.0,0.0,,
2022-06-28,0.12212279863760798,0.0,0.0,,
2022-06-28,0.007452786122024944,0.0,0.0,,
2022-06-28,0.0034121609888766854,0.0,0.0,,
2022-06-28,0.07534723933225804,0.0,0.0,,
2022-06-28,0.012127818359512313,0.0,0.0,,
2022-06-28,0.09072130185092567,0.0,0.0,,
2022-06-28,0.0013880032396986356,0.0,0.0,,
2022-06-29,0.2321091609730989,0.0,0.0,,
2022-06-29,0.2300835902751172,0.0,0.0,,
2022-06-29,0.1182470376098541,0.0,0.0,,
2022-06-29,0.11929929102535743,0.0,0.0,,
2022-06-29,0.023678424106570325,0.0,0.0,,
2022-06-29,0.44965700400844927,0.0,0.0,,
2022-06-29,0.14296048149071472,0.0,0.0,,
2022-06-29,0.40865434819594576,0.0,0.0,,
2022-06-29,0.022336664517018004,0.0,0.0,,
2022-06-29,0.2120975434551195,0.0,0.0,,
2022-06-29,0.0014274412643924413,0.0,0.0,,
2022-06-29,0.00883863891967849,0.0,0.0,,
2022-06-30,0.04683922025143653,0.0,0.0,0.021510663143015196,0.0
2022-06-30,0.209840926840297,0.0,0.0,0.021510663143015196,0.0
2022-06-30,0.254553502062537,0.0,0.0,0.021510663143015196,0.0
2022-06-30,0.05573446397096797,0.0,0.0,0.021510663143015196,0.0
2022-06-30,0.1285163657267672,0.0,0.0,0.021510663143015196,0.0
2022-06-30,0.1657701429459651,0.0,0.0,0.021510663143015196,0.0
2022-06-30,0.3482320633378076,0.0,0.0,0.021510663143015196,0.0
2022-06-30,0.07526425647926661,0.0,0.0,0.021510663143015196,0.0
2022-06-30,0.06850476576743034,0.0,0.0,0.021510663143015196,0.0
2022-06-30,0.07700067358800233,0.0,0.0,0.021510663143015196,0.0
2022-06-30,0.19176705566915492,0.0,0.0,0.021510663143015196,0.0
2022-06-30,0.2051397456642382,0.0,0.0,0.021510663143015196,0.0
2022-07-01,0.17594219963762475,0.0,0.0,0.02596407955636032,0.008488499452354858
2022-07-01,0.08483709165482373,0.0,0.0,0.02596407955636032,0.008488499452354858
2022-07-01,0.25906262600505386,0.0,0.0,0.02596407955636032,0.008488499452354858
2022-07-01,0.12914273638616403,0.0,0.0,0.02596407955636032,0.008488499452354858
2022-07-01,0.2671155479330933,0.0,0.0,0.02596407955636032,0.008488499452354858
2022-07-01,0.029511237415349455,0.0,0.0,0.02596407955636032,0.008488499452354858
2022-07-01,0.023705608699967084,0.0,0.0,0.02596407955636032,0.008488499452354858
2022-07-01,0.11546881733963328,0.0,0.0,0.02596407955636032,0.008488499452354858
2022-07-01,0.10470106284936542,0.0,0.0,0.02596407955636032,0.008488499452354858
2022-07-01,0.024968245665254695,0.0,0.0,0.02596407955636032,0.008488499452354858
2022-07-01,0.1303682108779128,0.0,0.0,0.02596407955636032,0.008488499452354858
2022-07-01,0.03767977230119813,0.0,0.0,0.02596407955636032,0.008488499452354858
2022-07-02,0.14294820254341217,0.0,0.0,0.031859419543028455,0.02026286966045987
2022-07-02,0.08304051578521444,0.0,0.0,0.031859419543028455,0.02026286966045987
2022-07-02,0.05835672175485937,0.0,0.0,0.031859419543028455,0.02026286966045987
2022-07-02,0.02217762909175556,0.0,0.0,0.031859419543028455,0.02026286966045987
2022-07-02,0.04572797553316425,0.0,0.0,0.031859419543028455,0.02026286966045987
2022-07-02,0.0,0.0,0.0,0.031859419543028455,0.02026286966045987
2022-07-02,0.13424979299655193,0.0,0.0,0.031859419543028455,0.02026286966045987
2022-07-02,0.004548254703573491,0.0,0.0,0.031859419543028455,0.02026286966045987
2022-07-02,0.13982178816453353,0.0,0.0,0.031859419543028455,0.02026286966045987
2022-07-02,0.25204448008772673,0.0,0.0,0.031859419543028455,0.02026286966045987
2022-07-02,0.019123567527386524,0.0,0.0,0.031859419543028455,0.02026286966045987
2022-07-02,0.038818249644478275,0.0,0.0,0.031859419543028455,0.02026286966045987
2022-07-03,0.33257270646268966,0.0,0.0,0.037121258681089064,0.03066812705366928
2022-07-03,0.3549815965671781,0.0,0.0,0.037121258681089064,0.03066812705366928
2022-07-03,0.09618557830221523,0.0,0.0,0.037121258681089064,0.03066812705366928
2022-07-03,0.38338749301741715,0.0,0.0,0.037121258681089064,0.03066812705366928
2022-07-03,0.3793587806189018,0.0,0.0,0.037121258681089064,0.03066812705366928
2022-07-03,0.16686202589487734,0.0,0.0,0.037121258681089064,0.03066812705366928
2022-07-03,0.17834432492966273,0.0,0.0,0.037121258681089064,0.03066812705366928
2022-07-03,0.34251673415216866,0.0,0.0,0.037121258681089064,0.03066812705366928
2022-07-03,0.25583835345886285,0.0,0.0,0.037121258681089064,0.03066812705366928
2022-07-03,0.09947144343481513,0.0,0.0,0.037121258681089064,0.03066812705366928
2022-07-03,0.24791203617615082,0.0,0.0,0.037121258681089064,0.03066812705366928
2022-07-03,0.02607756488322389,0.0,0.0,0.037121258681089064,0.03066812705366928
2022-07-04,0.12530710468531572,0.0,0.0,0.04006892867442313,0.036692223439210636
2022-07-04,0.18728179410838616,0.0,0.0,0.04006892867442313,0.036692223439210636
2022-07-04,0.09330467295250654,0.0,0.0,0.04006892867442313,0.036692223439210636
2022-07-04,0.1096617047626356,0.0,0.0,0.04006892867442313,0.036692223439210636
2022-07-04,0.10767229183287018,0.0,0.0,0.04006892867442313,0.036692223439210636
2022-07-04,0.2507081636395318,0.0,0.0,0.04006892867442313,0.036692223439210636
2022-07-04,0.026833162940835723,0.0,0.0,0.04006892867442313,0.036692223439210636
2022-07-04,0.13503041711199987,0.0,0.0,0.04006892867442313,0.036692223439210636
2022-07-04,0.11746331423263742,0.0,0.0,0.04006892867442313,0.036692223439210636
2022-07-04,0.23032652004459064,0.0,0.0,0.04006892867442313,0.036692223439210636
2022-07-04,0.08591278821553251,0.0,0.0,0.04006892867442313,0.036692223439210636
2022-07-04,0.162831409629194,0.0,0.0,0.04006892867442313,0.036692223439210636
2022-07-05,0.06960400780210767,0.0,0.0,0.043732832836145485,0.043811610076669893
2022-07-05,0.03283034388968712,0.0,0.0,0.043732832836145485,0.043811610076669893
2022-07-05,0.05152490674491881,0.0,0.0,0.043732832836145485,0.043811610076669893
2022-07-05,0.10543271905245317,0.0,0.0,0.043732832836145485,0.043811610076669893
2022-07-05,0.1927862249361381,0.0,0.0,0.043732832836145485,0.043811610076669893
2022-07-05,0.010888034796971405,0.0,0.0,0.043732832836145485,0.043811610076669893
2022-07-05,0.008287527819307186,0.0,0.0,0.043732832836145485,0.043811610076669893
2022-07-05,0.032408701681898924,0.0,0.0,0.043732832836145485,0.043811610076669893
2022-07-05,0.02575172377869336,0.0,0.0,0.043732832836145485,0.043811610076669893
2022-07-05,0.0005884043056180656,0.0,0.0,0.043732832836145485,0.043811610076669893
2022-07-05,0.005426988213091295,0.0,0.0,0.043732832836145485,0.043811610076669893
2022-07-05,0.0,0.0,0.0,0.043732832836145485,0.043811610076669893
2022-07-06,0.3561667977506484,0.0,0.0,0.05015766606941091,0.055038335158815954
2022-07-06,0.6206130810513562,0.0,0.0,0.05015766606941091,0.055038335158815954
2022-07-06,0.5557635369000511,0.0,0.0,0.05015766606941091,0.055038335158815954
2022-07-06,0.18589705637530027,0.0,0.0,0.05015766606941091,0.055038335158815954
2022-07-06,0.2516210705939975,0.0,0.0,0.05015766606941091,0.055038335158815954
2022-07-06,0.35714793669734507,0.0,0.0,0.05015766606941091,0.055038335158815954
2022-07-06,0.030873727120482742,0.0,0.0,0.05015766606941091,0.055038335158815954
2022-07-06,0.2630880065729916,0.0,0.0,0.05015766606941091,0.055038335158815954
2022-07-06,0.07770927712649425,0.0,0.0,0.05015766606941091,0.055038335158815954
2022-07-06,0.332979722427165,0.0,0.0,0.05015766606941091,0.055038335158815954
2022-07-06,0.31906546870490027,0.0,0.0,0.05015766606941091,0.055038335158815954
2022-07-06,0.45763549143699606,0.0,0.0,0.05015766606941091,0.055038335158815954
2022-07-07,0.00026883768012551636,0.0,0.0,0.0,0.07365826944140075
2022-07-07,0.05714349358421638,0.0,0.0,0.0,0.07365826944140075
2022-07-07,0.008080000688004295,0.0,0.0,0.0,0.07365826944140075
2022-07-07,1.2758532223765331e-05,0.0,0.0,0.0,0.07365826944140075
2022-07-07,0.0020039440679669477,0.0,0.0,0.0,0.07365826944140075
2022-07-07,0.009739344067374079,0.0,0.0,0.0,0.07365826944140075
2022-07-07,0.0,0.0,0.0,0.0,0.07365826944140075
2022-07-07,0.0008573473779401416,0.0,0.0,0.0,0.07365826944140075
2022-07-07,0.016010149771284777,0.0,0.0,0.0,0.07365826944140075
2022-07-07,0.012512082985262893,0.0,0.0,0.0,0.07365826944140075
2022-07-07,0.009514296870132565,0.0,0.0,0.0,0.07365826944140075
2022-07-07,0.0036540901376054752,0.0,0.0,0.0,0.07365826944140075
2022-07-08,0.35761308414832355,0.0,0.0,0.0016546663956165664,0.07721796276013038
2022-07-08,0.38662433761719894,0.0,0.0,0.0016546663956165664,0.07721796276013038
2022-07-08,0.22764078876396324,0.0,0.0,0.0016546663956165664,0.07721796276013038
2022-07-08,0.1051884297236441,0.0,0.0,0.0016546663956165664,0.07721796276013038
2022-07-08,0.35049368166961387,0.0,0.0,0.0016546663956165664,0.07721796276013038
2022-07-08,0.10180252988577208,0.0,0.0,0.0016546663956165664,0.07721796276013038
2022-07-08,0.2955641870963311,0.0,0.0,0.0016546663956165664,0.07721796276013038
2022-07-08,0.09287116725194185,0.0,0.0,0.0016546663956165664,0.07721796276013038
2022-07-08,0.21905745476295693,0.0,0.0,0.0016546663956165664,0.07721796276013038
2022-07-08,0.19784103689496368,0.0,0.0,0.0016546663956165664,0.07721796276013038
2022-07-08,0.05370267750345304,0.0,0.0,0.0016546663956165664,0.07721796276013038
2022-07-08,0.23289472188091195,0.0,0.0,0.0016546663956165664,0.07721796276013038
2022-07-09,0.009339915849388866,0.0,0.0,0.010873522028337357,0.09474260679079904
2022-07-09,0.00122136791506597,0.0,0.0,0.010873522028337357,0.09474260679079904
2022-07-09,0.058720936750673226,0.0,0.0,0.010873522028337357,0.09474260679079904
2022-07-09,0.13391923024597518,0.0,0.0,0.010873522028337357,0.09474260679079904
2022-07-09,0.057576229215769756,0.0,0.0,0.010873522028337357,0.09474260679079904
2022-07-09,0.08416657439785767,0.0,0.0,0.010873522028337357,0.09474260679079904
2022-07-09,0.11631563686918078,0.0,0.0,0.010873522028337357,0.09474260679079904
2022-07-09,0.009659748022875232,0.0,0.0,0.010873522028337357,0.09474260679079904
2022-07-09,0.00864841250995681,0.0,0.0,0.010873522028337357,0.09474260679079904
2022-07-09,8.092527206114963e-05,0.0,0.0,0.010873522028337357,0.09474260679079904
2022-07-09,0.022070095643451155,0.0,0.0,0.010873522028337357,0.09474260679079904
2022-07-09,0.012093785971177698,0.0,0.0,0.010873522028337357,0.09474260679079904
2022-07-10,0.05141117298292241,0.0,0.0,0.021510663143015196,0.11445783132530174
2022-07-10,0.1360395835753514,0.0,0.0,0.021510663143015196,0.11445783132530174
2022-07-10,0.08701706084919399,0.0,0.0,0.021510663143015196,0.11445783132530174
2022-07-10,0.3082510303125377,0.0,0.0,0.021510663143015196,0.11445783132530174
2022-07-10,0.08510186159957714,0.0,0.0,0.021510663143015196,0.11445783132530174
2022-07-10,0.18276636100573887,0.0,0.0,0.021510663143015196,0.11445783132530174
2022-07-10,0.17723081477082658,0.0,0.0,0.021510663143015196,0.11445783132530174
2022-07-10,0.03872680600427947,0.0,0.0,0.021510663143015196,0.11445783132530174
2022-07-10,0.3665206601415919,0.0,0.0,0.021510663143015196,0.11445783132530174
2022-07-10,0.39756205689261337,0.0,0.0,0.021510663143015196,0.11445783132530174
2022-07-10,0.1008449890461087,0.0,0.0,0.021510663143015196,0.11445783132530174
2022-07-10,0.1593061450379306,0.0,0.0,0.021510663143015196,0.11445783132530174
2022-07-11,0.06429634772260817,0.0,0.0,0.030020376034757434,0.13033953997809355
2022-07-11,0.04590565103076805,0.0,0.0,0.030020376034757434,0.13033953997809355
2022-07-11,0.052577584490080535,0.0,0.0,0.030020376034757434,0.13033953997809355
2022-07-11,0.028052961319003165,0.0,0.0,0.030020376034757434,0.13033953997809355
2022-07-11,0.18072647562697378,0.0,0.0,0.030020376034757434,0.13033953997809355
2022-07-11,0.01525381532982301,0.0,0.0,0.030020376034757434,0.13033953997809355
2022-07-11,0.0821186665802185,0.0,0.0,0.030020376034757434,0.13033953997809355
2022-07-11,0.12876068450487904,0.0,0.0,0.030020376034757434,0.13033953997809355
2022-07-11,0.31929952019035135,0.0,0.0,0.030020376034757434,0.13033953997809355
2022-07-11,0.04034596844482348,0.0,0.0,0.030020376034757434,0.13033953997809355
2022-07-11,0.5184483534722235,0.0,0.0,0.030020376034757434,0.13033953997809355
2022-07-11,0.004384213892771061,0.0,0.0,0.030020376034757434,0.13033953997809355
2022-07-12,0.10240167031543823,0.0,0.0,0.036166279789904665,0.14211391018619857
2022-07-12,0.03567881804343885,0.0,0.0,0.036166279789904665,0.14211391018619857
2022-07-12,0.03362065630887102,0.0,0.0,0.036166279789904665,0.14211391018619857
2022-07-12,0.08266261335607407,0.0,0.0,0.036166279789904665,0.14211391018619857
2022-07-12,0.05954127014965388,0.0,0.0,0.036166279789904665,0.14211391018619857
2022-07-12,0.013282453927578765,0.0,0.0,0.036166279789904665,0.14211391018619857
2022-07-12,0.021684491566086667,0.0,0.0,0.036166279789904665,0.14211391018619857
2022-07-12,0.014313439929006244,0.0,0.0,0.036166279789904665,0.14211391018619857
2022-07-12,0.005238930336060888,0.0,0.0,0.036166279789904665,0.14211391018619857
2022-07-12,0.01430701135800432,0.0,0.0,0.036166279789904665,0.14211391018619857
2022-07-12,0.015457636677351342,0.0,0.0,0.036166279789904665,0.14211391018619857
2022-07-12,0.00939276975861567,0.0,0.0,0.036166279789904665,0.14211391018619857
2022-07-13,0.020106366035583984,0.0,0.0,0.041839421717732805,0.15279299014238745
2022-07-13,0.026184688776948194,0.0,0.0,0.041839421717732805,0.15279299014238745
2022-07-13,0.13656749787847336,0.0,0.0,0.041839421717732805,0.15279299014238745
2022-07-13,0.030202239650185692,0.0,0.0,0.041839421717732805,0.15279299014238745
2022-07-13,0.13736498764491692,0.0,0.0,0.041839421717732805,0.15279299014238745
2022-07-13,0.5040305242366122,0.0,0.0,0.041839421717732805,0.15279299014238745
2022-07-13,0.27665118880313827,0.0,0.0,0.041839421717732805,0.15279299014238745
2022-07-13,0.12137328797527852,0.0,0.0,0.041839421717732805,0.15279299014238745
2022-07-13,0.085239601157392,0.0,0.0,0.041839421717732805,0.15279299014238745
2022-07-13,0.04467656906246345,0.0,0.0,0.041839421717732805,0.15279299014238745
2022-07-13,0.0816176830845712,0.0,0.0,0.041839421717732805,0.15279299014238745
2022-07-13,0.23650166731551742,0.0,0.0,0.041839421717732805,0.15279299014238745
2022-07-14,0.0643664777450947,0.0,0.0,0.047985325472880036,0.164293537787513
2022-07-14,0.15157558493562276,0.0,0.0,0.047985325472880036,0.164293537787513
2022-07-14,0.042667929217443994,0.0,0.0,0.047985325472880036,0.164293537787513
2022-07-14,0.15445858910284962,0.0,0.0,0.047985325472880036,0.164293537787513
2022-07-14,0.07524556811057298,0.0,0.0,0.047985325472880036,0.164293537787513
2022-07-14,0.07286678797168977,0.0,0.0,0.047985325472880036,0.164293537787513
2022-07-14,0.05621615440389056,0.0,0.0,0.047985325472880036,0.164293537787513
2022-07-14,0.19375539316988688,0.0,0.0,0.047985325472880036,0.164293537787513
2022-07-14,0.1590200986400816,0.0,0.0,0.047985325472880036,0.164293537787513
2022-07-14,0.08926749457281434,0.0,0.0,0.047985325472880036,0.164293537787513
2022-07-14,0.04066543608233428,0.0,0.0,0.047985325472880036,0.164293537787513
2022-07-14,0.13800584015023193,0.0,0.0,0.047985325472880036,0.164293537787513
2022-07-15,0.35621115979709794,0.0,0.0,,
2022-07-15,0.3886606518898014,0.0,0.0,,
2022-07-15,0.11587977885513037,0.0,0.0,,
2022-07-15,0.4574859454570356,0.0,0.0,,
2022-07-15,0.14956270378588166,0.0,0.0,,
2022-07-15,0.11275693061536583,0.0,0.0,,
2022-07-15,0.3082842534375621,0.0,0.0,,
2022-07-15,0.633736989740847,0.0,0.0,,
2022-07-15,0.37494023874798366,0.0,0.0,,
2022-07-15,0.3866731557617008,0.0,0.0,,
2022-07-15,0.08109468977759163,0.0,0.0,,
2022-07-15,0.2092324091903689,0.0,0.0,,
2022-07-16,0.07108237167633168,0.0,0.0,,
2022-07-16,0.049727218634647616,0.0,0.0,,
2022-07-16,0.07514162974641658,0.0,0.0,,
2022-07-16,0.13388112541996117,0.0,0.0,,
2022-07-16,0.04842632141506947,0.0,0.0,,
2022-07-16,0.030217103492389513,0.0,0.0,,
2022-07-16,0.03152783413168145,0.0,0.0,,
2022-07-16,0.18785533264297194,0.0,0.0,,
2022-07-16,0.06918399676548222,0.0,0.0,,
2022-07-16,0.22824340861110234,0.0,0.0,,
2022-07-16,0.029975549670990385,0.0,0.0,,
2022-07-16,0.1436764720766813,0.0,0.0,,
2022-07-17,0.39468005874180817,0.0,0.0,,
2022-07-17,0.06084232177636401,0.0,0.0,,
2022-07-17,0.20790373430676062,0.0,0.0,,
2022-07-17,0.10390511324615795,0.0,0.0,,
2022-07-17,0.04489318513611463,0.0,0.0,,
2022-07-17,0.318687874812676,0.0,0.0,,
2022-07-17,0.27550231578033973,0.0,0.0,,
2022-07-17,0.08152596524816721,0.0,0.0,,
2022-07-17,0.1598763956133316,0.0,0.0,,
2022-07-17,0.12761162565899709,0.0,0.0,,
2022-07-17,0.1450284583022157,0.0,0.0,,
2022-07-17,0.2579786261655233,0.0,0.0,,
2022-07-18,0.05360667050721042,0.0,0.0,,
2022-07-18,0.23772563391723864,0.0,0.0,,
2022-07-18,0.02164653401179992,0.0,0.0,,
2022-07-18,0.007974623279129582,0.0,0.0,,
2022-07-18,0.02730281919857161,0.0,0.0,,
2022-07-18,0.05998531466645944,0.0,0.0,,
2022-07-18,0.006991790341974132,0.0,0.0,,
2022-07-18,0.08307292388565655,0.0,0.0,,
2022-07-18,0.10553299734480927,0.0,0.0,,
2022-07-18,0.006194867751956796,0.0,0.0,,
2022-07-18,0.0030873207572252527,0.0,0.0,,
2022-07-18,0.0026237786714494236,0.0,0.0,,
2022-07-19,0.001966292302330886,0.0,0.0,,
2022-07-19,5.711940624811954e-05,0.0,0.0,,
2022-07-19,0.0,0.0,0.0,,
2022-07-19,0.0,0.0,0.0,,
2022-07-19,0.0014756709397145264,0.0,0.0,,
2022-07-19,3.853958143157832e-05,0.0,0.0,,
2022-07-19,0.0,0.0,0.0,,
2022-07-19,0.0,0.0,0.0,,
2022-07-19,0.0,0.0,0.0,,
2022-07-19,0.0,0.0,0.0,,
2022-07-19,0.0017848031956586153,0.0,0.0,,
2022-07-19,0.002651932179684817,0.0,0.0,,
2022-07-20,0.02931511169003207,0.0,0.0,,
2022-07-20,0.17538060395513097,0.0,0.0,,
2022-07-20,0.17886376600274262,0.0,0.0,,
2022-07-20,0.09374286793766187,0.0,0.0,,
2022-07-20,0.41067364931890427,0.0,0.0,,
2022-07-20,0.1551335912011944,0.0,0.0,,
2022-07-20,0.05891509224703761,0.0,0.0,,
2022-07-20,0.14623230634044387,0.0,0.0,,
2022-07-20,0.39152259135904344,0.0,0.0,,
2022-07-20,0.1354684793987986,0.0,0.0,,
2022-07-20,0.020996769411233913,0.0,0.0,,
2022-07-20,0.2392288358830726,0.0,0.0,,
2022-07-21,0.017297077368669426,0.0,0.0,0.19548701559641268,0.2647864184008757
2022-07-21,0.06629889985717721,0.0,0.0,0.19548701559641268,0.2647864184008757
2022-07-21,0.03099286435048215,0.0,0.0,0.19548701559641268,0.2647864184008757
2022-07-21,0.11300764740578528,0.0,0.0,0.19548701559641268,0.2647864184008757
2022-07-21,0.13169869419580296,0.0,0.0,0.19548701559641268,0.2647864184008757
2022-07-21,0.4497048329034698,0.0,0.0,0.19548701559641268,0.2647864184008757
2022-07-21,0.05744222225622732,0.0,0.0,0.19548701559641268,0.2647864184008757
2022-07-21,0.0407072617193356,0.0,0.0,0.19548701559641268,0.2647864184008757
2022-07-21,0.16591611504628415,0.0,0.0,0.19548701559641268,0.2647864184008757
2022-07-21,0.055207823249337075,0.0,0.0,0.19548701559641268,0.2647864184008757
2022-07-21,0.19445680622491474,0.0,0.0,0.19548701559641268,0.2647864184008757
2022-07-21,0.027558432528092636,0.0,0.0,0.19548701559641268,0.2647864184008757
2022-07-22,0.04542509380348621,0.0,0.0,0.20840996014617796,0.2803943044906898
2022-07-22,0.03912369869528704,0.0,0.0,0.20840996014617796,0.2803943044906898
2022-07-22,0.010703242577834421,0.0,0.0,0.20840996014617796,0.2803943044906898
2022-07-22,0.0023088294848383974,0.0,0.0,0.20840996014617796,0.2803943044906898
2022-07-22,0.058139009930138735,0.0,0.0,0.20840996014617796,0.2803943044906898
2022-07-22,0.0927735991148776,0.0,0.0,0.20840996014617796,0.2803943044906898
2022-07-22,0.015702027679373957,0.0,0.0,0.20840996014617796,0.2803943044906898
2022-07-22,0.005139466374917333,0.0,0.0,0.20840996014617796,0.2803943044906898
2022-07-22,0.13783422585114202,0.0,0.0,0.20840996014617796,0.2803943044906898
2022-07-22,0.003285264321439184,0.0,0.0,0.20840996014617796,0.2803943044906898
2022-07-22,0.010912647505604054,0.0,0.0,0.20840996014617796,0.2803943044906898
2022-07-22,0.02547399283775963,0.0,0.0,0.20840996014617796,0.2803943044906898
2022-07-23,0.05622447455050645,0.0,0.0,0.22133526850507979,0.2962760131434834
2022-07-23,0.16309968609587283,0.0,0.0,0.22133526850507979,0.2962760131434834
2022-07-23,0.18742033290716723,0.0,0.0,0.22133526850507979,0.2962760131434834
2022-07-23,0.05474108559904257,0.0,0.0,0.22133526850507979,0.2962760131434834
2022-07-23,0.01688612122363595,0.0,0.0,0.22133526850507979,0.2962760131434834
2022-07-23,0.028947180925919767,0.0,0.0,0.22133526850507979,0.2962760131434834
2022-07-23,0.138718646278202,0.0,0.0,0.22133526850507979,0.2962760131434834
2022-07-23,0.007331506795630465,0.0,0.0,0.22133526850507979,0.2962760131434834
2022-07-23,0.025775601931450776,0.0,0.0,0.22133526850507979,0.2962760131434834
2022-07-23,0.18541775409677425,0.0,0.0,0.22133526850507979,0.2962760131434834
2022-07-23,0.04915926223053011,0.0,0.0,0.22133526850507979,0.2962760131434834
2022-07-23,0.06815065475679948,0.0,0.0,0.22133526850507979,0.2962760131434834
2022-07-24,0.32017522685111205,0.0,0.0,0.23548266618760127,0.3135268346111708
2022-07-24,0.1442723857780118,0.0,0.0,0.23548266618760127,0.3135268346111708
2022-07-24,0.15842314992686862,0.0,0.0,0.23548266618760127,0.3135268346111708
2022-07-24,0.14496496101659515,0.0,0.0,0.23548266618760127,0.3135268346111708
2022-07-24,0.2662828032162282,0.0,0.0,0.23548266618760127,0.3135268346111708
2022-07-24,0.12721926904308672,0.0,0.0,0.23548266618760127,0.3135268346111708
2022-07-24,0.14697841325084632,0.0,0.0,0.23548266618760127,0.3135268346111708
2022-07-24,0.07305386649551567,0.0,0.0,0.23548266618760127,0.3135268346111708
2022-07-24,0.06768745215744244,0.0,0.0,0.23548266618760127,0.3135268346111708
2022-07-24,0.2974454449907534,0.0,0.0,0.23548266618760127,0.3135268346111708
2022-07-24,0.2099743555042844,0.0,0.0,0.23548266618760127,0.3135268346111708
2022-07-24,0.10122632109616983,0.0,0.0,0.23548266618760127,0.3135268346111708
2022-07-25,0.10996955307436311,0.0,0.0,0.25248554530712974,0.3346111719605691
2022-07-25,0.11891548533471732,0.0,0.0,0.25248554530712974,0.3346111719605691
2022-07-25,0.16444540942794686,0.0,0.0,0.25248554530712974,0.3346111719605691
2022-07-25,0.12173824688115539,0.0,0.0,0.25248554530712974,0.3346111719605691
2022-07-25,0.18682482413374982,0.0,0.0,0.25248554530712974,0.3346111719605691
2022-07-25,0.2210717976621228,0.0,0.0,0.25248554530712974,0.3346111719605691
2022-07-25,0.03669258385502573,0.0,0.0,0.25248554530712974,0.3346111719605691
2022-07-25,0.017101070020472342,0.0,0.0,0.25248554530712974,0.3346111719605691
2022-07-25,0.04346808338938498,0.0,0.0,0.25248554530712974,0.3346111719605691
2022-07-25,0.1159602859874337,0.0,0.0,0.25248554530712974,0.3346111719605691
2022-07-25,0.028497040605148214,0.0,0.0,0.25248554530712974,0.3346111719605691
2022-07-25,0.10016765587660492,0.0,0.0,0.25248554530712974,0.3346111719605691
2022-07-26,0.05185078909864398,0.0,0.0,0.2688785616694166,0.3546002190580495
2022-07-26,0.05291619663270313,0.0,0.0,0.2688785616694166,0.3546002190580495
2022-07-26,0.06673927103991084,0.0,0.0,0.2688785616694166,0.3546002190580495
2022-07-26,0.06345191168297008,0.0,0.0,0.2688785616694166,0.3546002190580495
2022-07-26,0.07225626706319675,0.0,0.0,0.2688785616694166,0.3546002190580495
2022-07-26,0.11839290521305382,0.0,0.0,0.2688785616694166,0.3546002190580495
2022-07-26,0.08855662439611996,0.0,0.0,0.2688785616694166,0.3546002190580495
2022-07-26,0.010409086792549186,0.0,0.0,0.2688785616694166,0.3546002190580495
2022-07-26,0.0636424231180712,0.0,0.0,0.2688785616694166,0.3546002190580495
2022-07-26,0.08998239868625894,0.0,0.0,0.2688785616694166,0.3546002190580495
2022-07-26,0.13872072058825247,0.0,0.0,0.2688785616694166,0.3546002190580495
2022-07-26,0.1500085981248377,0.0,0.0,0.2688785616694166,0.3546002190580495
2022-07-27,0.08244755662048324,0.0,0.0,0.28566633415751475,0.37513691128148885
2022-07-27,0.12187090958592281,0.0,0.0,0.28566633415751475,0.37513691128148885
2022-07-27,0.026012851149776712,0.0,0.0,0.28566633415751475,0.37513691128148885
2022-07-27,0.1355472704032391,0.0,0.0,0.28566633415751475,0.37513691128148885
2022-07-27,0.1265354682091359,0.0,0.0,0.28566633415751475,0.37513691128148885
2022-07-27,0.07110905827899297,0.0,0.0,0.28566633415751475,0.37513691128148885
2022-07-27,0.08682577563870526,0.0,0.0,0.28566633415751475,0.37513691128148885
2022-07-27,0.013909618734826077,0.0,0.0,0.28566633415751475,0.37513691128148885
2022-07-27,0.07661446574950416,0.0,0.0,0.28566633415751475,0.37513691128148885
2022-07-27,0.06146516433112722,0.0,0.0,0.28566633415751475,0.37513691128148885
2022-07-27,0.07832843782504141,0.0,0.0,0.28566633415751475,0.37513691128148885
2022-07-27,0.07029060821083005,0.0,0.0,0.28566633415751475,0.37513691128148885
2022-07-28,0.17453813000050344,0.0,0.0,0.300329042231814,0.3915662650602414
2022-07-28,0.20278916623315785,0.0,0.0,0.300329042231814,0.3915662650602414
2022-07-28,0.14928389112516016,0.0,0.0,0.300329042231814,0.3915662650602414
2022-07-28,0.29133662924870446,0.0,0.0,0.300329042231814,0.3915662650602414
2022-07-28,0.10935917343679769,0.0,0.0,0.300329042231814,0.3915662650602414
2022-07-28,0.17751774666483425,0.0,0.0,0.300329042231814,0.3915662650602414
2022-07-28,0.10452419507705178,0.0,0.0,0.300329042231814,0.3915662650602414
2022-07-28,0.2889556042056076,0.0,0.0,0.300329042231814,0.3915662650602414
2022-07-28,0.16904229960461933,0.0,0.0,0.300329042231814,0.3915662650602414
2022-07-28,0.2516185961465883,0.0,0.0,0.300329042231814,0.3915662650602414
2022-07-28,0.15741746392734796,0.0,0.0,0.300329042231814,0.3915662650602414
2022-07-28,0.061469602338533436,0.0,0.0,0.300329042231814,0.3915662650602414
2022-07-29,0.08565778991755472,0.0,0.0,0.32005975709497314,0.41210295728368074
2022-07-29,0.15574193613903012,0.0,0.0,0.32005975709497314,0.41210295728368074
2022-07-29,0.0234016355685387,0.0,0.0,0.32005975709497314,0.41210295728368074
2022-07-29,0.03520376613386765,0.0,0.0,0.32005975709497314,0.41210295728368074
2022-07-29,0.13256197100679784,0.0,0.0,0.32005975709497314,0.41210295728368074
2022-07-29,0.2535961512439955,0.0,0.0,0.32005975709497314,0.41210295728368074
2022-07-29,0.2026136376729304,0.0,0.0,0.32005975709497314,0.41210295728368074
2022-07-29,0.09394676642572261,0.0,0.0,0.32005975709497314,0.41210295728368074
2022-07-29,0.21622733768584934,0.0,0.0,0.32005975709497314,0.41210295728368074
2022-07-29,0.3027345043434912,0.0,0.0,0.32005975709497314,0.41210295728368074
2022-07-29,0.04353266321423027,0.0,0.0,0.32005975709497314,0.41210295728368074
2022-07-29,0.07808369619225768,0.0,0.0,0.32005975709497314,0.41210295728368074
2022-07-30,0.12428171858983462,0.0,0.0,0.3436978484609239,0.4364731653888274
2022-07-30,0.433338230851557,0.0,0.0,0.3436978484609239,0.4364731653888274
2022-07-30,0.24576823560438452,0.0,0.0,0.3436978484609239,0.4364731653888274
2022-07-30,0.08894414354802838,0.0,0.0,0.3436978484609239,0.4364731653888274
2022-07-30,0.14240561111624708,0.0,0.0,0.3436978484609239,0.4364731653888274
2022-07-30,0.1287747375961794,0.0,0.0,0.3436978484609239,0.4364731653888274
2022-07-30,0.20464007785653368,0.0,0.0,0.3436978484609239,0.4364731653888274
2022-07-30,0.23310990564183443,0.0,0.0,0.3436978484609239,0.4364731653888274
2022-07-30,0.057385637311961626,0.0,0.0,0.3436978484609239,0.4364731653888274
2022-07-30,0.18252649403939394,0.0,0.0,0.3436978484609239,0.4364731653888274
2022-07-30,0.4765172115702465,0.0,0.0,0.3436978484609239,0.4364731653888274
2022-07-30,0.12327949729574227,0.0,0.0,0.3436978484609239,0.4364731653888274
2022-07-31,0.15290632946479435,0.0,0.0,0.3626083215536845,0.45618838992332833
2022-07-31,0.09609627765348877,0.0,0.0,0.3626083215536845,0.45618838992332833
2022-07-31,0.1675632865346353,0.0,0.0,0.3626083215536845,0.45618838992332833
2022-07-31,0.13696514402283258,0.0,0.0,0.3626083215536845,0.45618838992332833
2022-07-31,0.18542370446959439,0.0,0.0,0.3626083215536845,0.45618838992332833
2022-07-31,0.3359735163590087,0.0,0.0,0.3626083215536845,0.45618838992332833
2022-07-31,0.468344969917299,0.0,0.0,0.3626083215536845,0.45618838992332833
2022-07-31,0.0847285441848291,0.0,0.0,0.3626083215536845,0.45618838992332833
2022-07-31,0.07956875263485061,0.0,0.0,0.3626083215536845,0.45618838992332833
2022-07-31,0.3134493800136494,0.0,0.0,0.3626083215536845,0.45618838992332833
2022-07-31,0.023439685630952046,0.0,0.0,0.3626083215536845,0.45618838992332833
2022-07-31,0.1695380075148524,0.0,0.0,0.3626083215536845,0.45618838992332833
2022-08-01,0.1871407110209556,0.0,0.0,0.3919195548474633,0.4865826944140199
2022-08-01,0.37287387774005115,0.0,0.0,0.3919195548474633,0.4865826944140199
2022-08-01,0.3352292322545513,0.0,0.0,0.3919195548474633,0.4865826944140199
2022-08-01,0.3809558301755539,0.0,0.0,0.3919195548474633,0.4865826944140199
2022-08-01,0.2442522537001127,0.0,0.0,0.3919195548474633,0.4865826944140199
2022-08-01,0.1760982818247803,0.0,0.0,0.3919195548474633,0.4865826944140199
2022-08-01,0.051450067229266164,0.0,0.0,0.3919195548474633,0.4865826944140199
2022-08-01,0.12339961164755636,0.0,0.0,0.3919195548474633,0.4865826944140199
2022-08-01,0.3684988438101618,0.0,0.0,0.3919195548474633,0.4865826944140199
2022-08-01,0.36842872749118216,0.0,0.0,0.3919195548474633,0.4865826944140199
2022-08-01,0.3741292660922792,0.0,0.0,0.3919195548474633,0.4865826944140199
2022-08-01,0.13159951383547921,0.0,0.0,0.3919195548474633,0.4865826944140199
2022-08-02,0.0026563712712691233,0.0,0.0,0.40941174245826695,0.5046549835706458
2022-08-02,0.0011187161551445355,0.0,0.0,0.40941174245826695,0.5046549835706458
2022-08-02,0.0001494278045477641,0.0,0.0,0.40941174245826695,0.5046549835706458
2022-08-02,0.0,0.0,0.0,0.40941174245826695,0.5046549835706458
2022-08-02,0.0,0.0,0.0,0.40941174245826695,0.5046549835706458
2022-08-02,0.027404246719712196,0.0,0.0,0.40941174245826695,0.5046549835706458
2022-08-02,0.0064948958996659395,0.0,0.0,0.40941174245826695,0.5046549835706458
2022-08-02,0.002745838820389157,0.0,0.0,0.40941174245826695,0.5046549835706458
2022-08-02,0.01868780748017338,0.0,0.0,0.40941174245826695,0.5046549835706458
2022-08-02,0.0003970790687867538,0.0,0.0,0.40941174245826695,0.5046549835706458
2022-08-02,0.001408787954992916,0.0,0.0,0.40941174245826695,0.5046549835706458
2022-08-02,5.5017916104851984e-05,0.0,0.0,0.40941174245826695,0.5046549835706458
2022-08-03,2.0525760616106607e-06,0.0,0.0,0.42359459727783744,0.5194414019715214
2022-08-03,0.0,0.0,0.0,0.42359459727783744,0.5194414019715214
2022-08-03,0.002859603052832825,0.0,0.0,0.42359459727783744,0.5194414019715214
2022-08-03,5.711940624811954e-05,0.0,0.0,0.42359459727783744,0.5194414019715214
2022-08-03,0.0,0.0,0.0,0.42359459727783744,0.5194414019715214
2022-08-03,0.0,0.0,0.0,0.42359459727783744,0.5194414019715214
2022-08-03,0.0,0.0,0.0,0.42359459727783744,0.5194414019715214
2022-08-03,0.0,0.0,0.0,0.42359459727783744,0.5194414019715214
2022-08-03,0.006030352235034575,0.0,0.0,0.42359459727783744,0.5194414019715214
2022-08-03,0.0011697866922529539,0.0,0.0,0.42359459727783744,0.5194414019715214
2022-08-03,0.0477087447017581,0.0,0.0,0.42359459727783744,0.5194414019715214
2022-08-03,0.0,0.0,0.0,0.42359459727783744,0.5194414019715214
2022-08-04,0.03777572447080644,0.0,0.0,0.43375897656519613,0.5301204819277103
2022-08-04,0.34888585386985527,0.0,0.0,0.43375897656519613,0.5301204819277103
2022-08-04,0.19869618199201755,0.0,0.0,0.43375897656519613,0.5301204819277103
2022-08-04,0.05871570042259152,0.0,0.0,0.43375897656519613,0.5301204819277103
2022-08-04,0.24745087270148294,0.0,0.0,0.43375897656519613,0.5301204819277103
2022-08-04,0.6684983670743597,0.0,0.0,0.43375897656519613,0.5301204819277103
2022-08-04,0.14014195452961545,0.0,0.0,0.43375897656519613,0.5301204819277103
2022-08-04,0.1257244681590244,0.0,0.0,0.43375897656519613,0.5301204819277103
2022-08-04,0.09730762713258774,0.0,0.0,0.43375897656519613,0.5301204819277103
2022-08-04,0.17883599263760472,0.0,0.0,0.43375897656519613,0.5301204819277103
2022-08-04,0.0726144182761187,0.0,0.0,0.43375897656519613,0.5301204819277103
2022-08-04,0.06480388861735033,0.0,0.0,0.43375897656519613,0.5301204819277103
2022-08-05,0.08699942084290152,0.0,0.0,0.44707194962249963,0.5438116100766699
2022-08-05,0.3888599298755472,0.0,0.0,0.44707194962249963,0.5438116100766699
2022-08-05,0.01823196424392935,0.0,0.0,0.44707194962249963,0.5438116100766699
2022-08-05,0.16840469837292787,0.0,0.0,0.44707194962249963,0.5438116100766699
2022-08-05,0.09002188404919415,0.0,0.0,0.44707194962249963,0.5438116100766699
2022-08-05,0.3106912400077,0.0,0.0,0.44707194962249963,0.5438116100766699
2022-08-05,0.2679210425898537,0.0,0.0,0.44707194962249963,0.5438116100766699
2022-08-05,0.10532109153333426,0.0,0.0,0.44707194962249963,0.5438116100766699
2022-08-05,0.3931804141408098,0.0,0.0,0.44707194962249963,0.5438116100766699
2022-08-05,0.18898756756610832,0.0,0.0,0.44707194962249963,0.5438116100766699
2022-08-05,0.04235230349109274,0.0,0.0,0.44707194962249963,0.5438116100766699
2022-08-05,0.02954744461452294,0.0,0.0,0.44707194962249963,0.5438116100766699
2022-08-06,0.3042212871884254,0.0,0.0,0.46394009162124217,0.559967141292443
2022-08-06,0.02360623007372526,0.0,0.0,0.46394009162124217,0.559967141292443
2022-08-06,0.1284921025773243,0.0,0.0,0.46394009162124217,0.559967141292443
2022-08-06,0.3609905081969889,0.0,0.0,0.46394009162124217,0.559967141292443
2022-08-06,0.09205912835750439,0.0,0.0,0.46394009162124217,0.559967141292443
2022-08-06,0.08839092204456128,0.0,0.0,0.46394009162124217,0.559967141292443
2022-08-06,0.3117055386676089,0.0,0.0,0.46394009162124217,0.559967141292443
2022-08-06,0.051877454332911355,0.0,0.0,0.46394009162124217,0.559967141292443
2022-08-06,0.15397044560406414,0.0,0.0,0.46394009162124217,0.559967141292443
2022-08-06,0.2865293470001036,0.0,0.0,0.46394009162124217,0.559967141292443
2022-08-06,0.17994923616426894,0.0,0.0,0.46394009162124217,0.559967141292443
2022-08-06,0.2509601740309169,0.0,0.0,0.46394009162124217,0.559967141292443
2022-08-07,0.17768177688599013,0.0,0.0,0.48106352500673677,0.5753012048192776
2022-08-07,0.0453492293991489,0.0,0.0,0.48106352500673677,0.5753012048192776
2022-08-07,0.0904573159812518,0.0,0.0,0.48106352500673677,0.5753012048192776
2022-08-07,0.2826158930709795,0.0,0.0,0.48106352500673677,0.5753012048192776
2022-08-07,0.028141834889805845,0.0,0.0,0.48106352500673677,0.5753012048192776
2022-08-07,0.10828272034669707,0.0,0.0,0.48106352500673677,0.5753012048192776
2022-08-07,0.26702769156087475,0.0,0.0,0.48106352500673677,0.5753012048192776
2022-08-07,0.1115634389236832,0.0,0.0,0.48106352500673677,0.5753012048192776
2022-08-07,0.15969039187559633,0.0,0.0,0.48106352500673677,0.5753012048192776
2022-08-07,0.17205530365956317,0.0,0.0,0.48106352500673677,0.5753012048192776
2022-08-07,0.08252099521414515,0.0,0.0,0.48106352500673677,0.5753012048192776
2022-08-07,0.14613852543918554,0.0,0.0,0.48106352500673677,0.5753012048192776
2022-08-08,0.012264131265016654,0.0,0.0,0.4994775981808125,0.5920043811610078
2022-08-08,0.05790312411619866,0.0,0.0,0.4994775981808125,0.5920043811610078
2022-08-08,0.05555394042574627,0.0,0.0,0.4994775981808125,0.5920043811610078
2022-08-08,0.0202918756780609,0.0,0.0,0.4994775981808125,0.5920043811610078
2022-08-08,0.03164649050348069,0.0,0.0,0.4994775981808125,0.5920043811610078
2022-08-08,0.08054628919810711,0.0,0.0,0.4994775981808125,0.5920043811610078
2022-08-08,0.08948797855268599,0.0,0.0,0.4994775981808125,0.5920043811610078
2022-08-08,0.25207174174601554,0.0,0.0,0.4994775981808125,0.5920043811610078
2022-08-08,0.07768788972163765,0.0,0.0,0.4994775981808125,0.5920043811610078
2022-08-08,0.025405392905738247,0.0,0.0,0.4994775981808125,0.5920043811610078
2022-08-08,0.1220899616816943,0.0,0.0,0.4994775981808125,0.5920043811610078
2022-08-08,0.059317423881364094,0.0,0.0,0.4994775981808125,0.5920043811610078
2022-08-09,0.07897272165318464,0.0,0.0,0.5200072805321407,0.6106243154435926
2022-08-09,0.06586016631285477,0.0,0.0,0.5200072805321407,0.6106243154435926
2022-08-09,0.09158894739538896,0.0,0.0,0.5200072805321407,0.6106243154435926
2022-08-09,0.028684218444730628,0.0,0.0,0.5200072805321407,0.6106243154435926
2022-08-09,0.036005853773560074,0.0,0.0,0.5200072805321407,0.6106243154435926
2022-08-09,0.03383857797248061,0.0,0.0,0.5200072805321407,0.6106243154435926
2022-08-09,0.029145486782112737,0.0,0.0,0.5200072805321407,0.6106243154435926
2022-08-09,0.09631304667189218,0.0,0.0,0.5200072805321407,0.6106243154435926
2022-08-09,0.0668005818408679,0.0,0.0,0.5200072805321407,0.6106243154435926
2022-08-09,0.1125587966014015,0.0,0.0,0.5200072805321407,0.6106243154435926
2022-08-09,0.040539475098416024,0.0,0.0,0.5200072805321407,0.6106243154435926
2022-08-09,0.017623812756243903,0.0,0.0,0.5200072805321407,0.6106243154435926
2022-08-10,0.0014191359306749858,0.0,0.0,0.5380525994809076,0.6270536692223434
2022-08-10,0.11190108136985039,0.0,0.0,0.5380525994809076,0.6270536692223434
2022-08-10,0.001698804272657438,0.0,0.0,0.5380525994809076,0.6270536692223434
2022-08-10,0.06786375658577336,0.0,0.0,0.5380525994809076,0.6270536692223434
2022-08-10,0.07510410843514058,0.0,0.0,0.5380525994809076,0.6270536692223434
2022-08-10,0.016972591764110007,0.0,0.0,0.5380525994809076,0.6270536692223434
2022-08-10,0.02634215825822791,0.0,0.0,0.5380525994809076,0.6270536692223434
2022-08-10,4.5114768611252175e-05,0.0,0.0,0.5380525994809076,0.6270536692223434
2022-08-10,0.02618904322700048,0.0,0.0,0.5380525994809076,0.6270536692223434
2022-08-10,0.00840074253734226,0.0,0.0,0.5380525994809076,0.6270536692223434
2022-08-10,0.0017936697806429172,0.0,0.0,0.5380525994809076,0.6270536692223434
2022-08-10,0.0013846012274992322,0.0,0.0,0.5380525994809076,0.6270536692223434
2022-08-11,0.3260798336141423,0.0,0.0,0.5552682214227294,0.6426615553121575
2022-08-11,0.6964256128875369,0.0,0.0,0.5552682214227294,0.6426615553121575
2022-08-11,0.8358488571830321,0.0,0.0,0.5552682214227294,0.6426615553121575
2022-08-11,0.44679846495035297,0.0,0.0,0.5552682214227294,0.6426615553121575
2022-08-11,1.0,0.0,0.0,0.5552682214227294,0.6426615553121575
2022-08-11,0.6070844604019167,0.0,0.0,0.5552682214227294,0.6426615553121575
2022-08-11,0.5035771030542404,0.0,0.0,0.5552682214227294,0.6426615553121575
2022-08-11,0.1578715720500057,0.0,0.0,0.5552682214227294,0.6426615553121575
2022-08-11,0.41049993095789983,0.0,0.0,0.5552682214227294,0.6426615553121575
2022-08-11,0.3043182714577634,0.0,0.0,0.5552682214227294,0.6426615553121575
2022-08-11,0.5145509020118344,0.0,0.0,0.5552682214227294,0.6426615553121575
2022-08-11,0.1799076125499889,0.0,0.0,0.5552682214227294,0.6426615553121575
2022-08-12,0.0116740695032203,0.0,0.0,,
2022-08-12,0.03415671200789655,0.0,0.0,,
2022-08-12,0.06625579078022817,0.0,0.0,,
2022-08-12,0.04983795323224858,0.0,0.0,,
2022-08-12,0.16221696606348654,0.0,0.0,,
2022-08-12,0.11993487335354196,0.0,0.0,,
2022-08-12,0.19998450225399,0.0,0.0,,
2022-08-12,0.020396892017808615,0.0,0.0,,
2022-08-12,0.20368769320401978,0.0,0.0,,
2022-08-12,0.11163329834288035,0.0,0.0,,
2022-08-12,0.041518373326330724,0.0,0.0,,
2022-08-12,0.1187285016512616,0.0,0.0,,
2022-08-13,0.0,0.0,0.0,,
2022-08-13,0.0,0.0,0.0,,
2022-08-13,0.0,0.0,0.0,,
2022-08-13,0.0,0.0,0.0,,
2022-08-13,0.0,0.0,0.0,,
2022-08-13,0.0,0.0,0.0,,
2022-08-13,0.0,0.0,0.0,,
2022-08-13,0.0,0.0,0.0,,
2022-08-13,0.0,0.0,0.0,,
2022-08-13,0.0,0.0,0.0,,
2022-08-13,0.0,0.0,0.0,,
2022-08-13,0.0,0.0,0.0,,
2022-08-14,0.05089450555258674,0.0,0.0,,
2022-08-14,2.3948384806105137e-05,0.0,0.0,,
2022-08-14,0.0,0.0,0.0,,
2022-08-14,4.523479721214272e-05,0.0,0.0,,
2022-08-14,0.0,0.0,0.0,,
2022-08-14,0.0,0.0,0.0,,
2022-08-14,0.0017638156382061238,0.0,0.0,,
2022-08-14,0.0006559267411035631,0.0,0.0,,
2022-08-14,0.0036510507451598807,0.0,0.0,,
2022-08-14,0.0005694664625012733,0.0,0.0,,
2022-08-14,0.0,0.0,0.0,,
2022-08-14,0.00030463638368355016,0.0,0.0,,
2022-08-15,0.3257061176756959,0.0,0.0,,
2022-08-15,0.9242208329883997,0.0,0.0,,
2022-08-15,0.1955640363451485,0.0,0.0,,
2022-08-15,0.1470733527098635,0.0,0.0,,
2022-08-15,0.2731549137474915,0.0,0.0,,
2022-08-15,0.7309882741169068,0.0,0.0,,
2022-08-15,0.5787641537613339,0.0,0.0,,
2022-08-15,0.45093116490445423,0.0,0.0,,
2022-08-15,0.32459516567290353,0.0,0.0,,
2022-08-15,0.10135196631952026,0.0,0.0,,
2022-08-15,0.47590561321564456,0.0,0.0,,
2022-08-15,0.22133450296618154,0.0,0.0,,
2022-08-16,0.04262747311169546,0.0,0.0,,
2022-08-16,0.05546897565737047,0.0,0.0,,
2022-08-16,0.1985854966110596,0.0,0.0,,
2022-08-16,0.022736524553054506,0.0,0.0,,
2022-08-16,0.11431958130627254,0.0,0.0,,
2022-08-16,0.12292229191475083,0.0,0.0,,
2022-08-16,0.13160904426523465,0.0,0.0,,
2022-08-16,0.2140210164712217,0.0,0.0,,
2022-08-16,0.1795742954827729,0.0,0.0,,
2022-08-16,0.03838400701797459,0.0,0.0,,
2022-08-16,0.09998635825343427,0.0,0.0,,
2022-08-16,0.22704923913161396,0.0,0.0,,
2022-08-17,0.09659145795979622,0.0,0.0,,
2022-08-17,0.06716401935491786,0.0,0.0,,
2022-08-17,0.1018526870280459,0.0,0.0,,
2022-08-17,0.2692955572798733,0.0,0.0,,
2022-08-17,0.09166488383453622,0.0,0.0,,
2022-08-17,0.323895560169687,0.0,0.0,,
2022-08-17,0.024601242465932618,0.0,0.0,,
2022-08-17,0.052948755219586675,0.0,0.0,,
2022-08-17,0.19407874121948646,0.0,0.0,,
2022-08-17,0.06670101485759154,0.0,0.0,,
2022-08-17,0.0578407524847923,0.0,0.0,,
2022-08-17,0.07459834922321605,0.0,0.0,,
2022-08-18,0.007505123584275165,0.0,0.0,0.7921880835653805,0.7773822562979191
2022-08-18,0.12648442611279248,0.0,0.0,0.7921880835653805,0.7773822562979191
2022-08-18,0.1795187832949156,0.0,0.0,0.7921880835653805,0.7773822562979191
2022-08-18,0.021659471017388122,0.0,0.0,0.7921880835653805,0.7773822562979191
2022-08-18,0.028886655939769898,0.0,0.0,0.7921880835653805,0.7773822562979191
2022-08-18,0.024705646976244517,0.0,0.0,0.7921880835653805,0.7773822562979191
2022-08-18,0.18501753794605255,0.0,0.0,0.7921880835653805,0.7773822562979191
2022-08-18,0.0005170424172838315,0.0,0.0,0.7921880835653805,0.7773822562979191
2022-08-18,0.0020204876676404113,0.0,0.0,0.7921880835653805,0.7773822562979191
2022-08-18,0.001392371015056155,0.0,0.0,0.7921880835653805,0.7773822562979191
2022-08-18,0.013522745979985422,0.0,0.0,0.7921880835653805,0.7773822562979191
2022-08-18,0.03406154388815435,0.0,0.0,0.7921880835653805,0.7773822562979191
2022-08-19,0.002361945992086058,0.0,0.0,0.8086543780109017,0.7938116100766699
2022-08-19,0.005256156451060852,0.0,0.0,0.8086543780109017,0.7938116100766699
2022-08-19,0.029437000072383514,0.0,0.0,0.8086543780109017,0.7938116100766699
2022-08-19,0.3845079450677647,0.0,0.0,0.8086543780109017,0.7938116100766699
2022-08-19,0.149604723881571,0.0,0.0,0.8086543780109017,0.7938116100766699
2022-08-19,0.07738997950323737,0.0,0.0,0.8086543780109017,0.7938116100766699
2022-08-19,0.05821940773694821,0.0,0.0,0.8086543780109017,0.7938116100766699
2022-08-19,9.020700901015362e-05,0.0,0.0,0.8086543780109017,0.7938116100766699
2022-08-19,0.3963140294793386,0.0,0.0,0.8086543780109017,0.7938116100766699
2022-08-19,0.004493529918970362,0.0,0.0,0.8086543780109017,0.7938116100766699
2022-08-19,0.04053064044625874,0.0,0.0,0.8086543780109017,0.7938116100766699
2022-08-19,0.011963899102724145,0.0,0.0,0.8086543780109017,0.7938116100766699
2022-08-20,0.31078511520723945,0.0,0.0,0.8266264188764341,0.811610076670318
2022-08-20,0.23852211741512605,0.0,0.0,0.8266264188764341,0.811610076670318
2022-08-20,0.2071689932387807,0.0,0.0,0.8266264188764341,0.811610076670318
2022-08-20,0.7332572530094649,0.0,0.0,0.8266264188764341,0.811610076670318
2022-08-20,0.9739746119693872,0.0,0.0,0.8266264188764341,0.811610076670318
2022-08-20,0.5683931052565198,0.0,0.0,0.8266264188764341,0.811610076670318
2022-08-20,0.9522898517288396,0.0,0.0,0.8266264188764341,0.811610076670318
2022-08-20,0.25644614067531396,0.0,0.0,0.8266264188764341,0.811610076670318
2022-08-20,0.24650165687463022,0.0,0.0,0.8266264188764341,0.811610076670318
2022-08-20,0.10044295474132238,0.0,0.0,0.8266264188764341,0.811610076670318
2022-08-20,0.8141196505570645,0.0,0.0,0.8266264188764341,0.811610076670318
2022-08-20,0.5603309927759521,0.0,0.0,0.8266264188764341,0.811610076670318
2022-08-21,0.09996634040504392,0.0,0.0,0.8450144901500072,0.8299561883899234
2022-08-21,0.022985893684883976,0.0,0.0,0.8450144901500072,0.8299561883899234
2022-08-21,0.2341277283848326,0.0,0.0,0.8450144901500072,0.8299561883899234
2022-08-21,0.1010450216576312,0.0,0.0,0.8450144901500072,0.8299561883899234
2022-08-21,0.09062136281806737,0.0,0.0,0.8450144901500072,0.8299561883899234
2022-08-21,0.03853414190835019,0.0,0.0,0.8450144901500072,0.8299561883899234
2022-08-21,0.09635151377727853,0.0,0.0,0.8450144901500072,0.8299561883899234
2022-08-21,0.0632925505630428,0.0,0.0,0.8450144901500072,0.8299561883899234
2022-08-21,0.2370738336084052,0.0,0.0,0.8450144901500072,0.8299561883899234
2022-08-21,0.1906345348255618,0.0,0.0,0.8450144901500072,0.8299561883899234
2022-08-21,0.1777761284935569,0.0,0.0,0.8450144901500072,0.8299561883899234
2022-08-21,0.21525092008263766,0.0,0.0,0.8450144901500072,0.8299561883899234
2022-08-22,0.15061195723015935,0.0,0.0,0.8593060801898611,0.8441949616648401
2022-08-22,0.012592374630865755,0.0,0.0,0.8593060801898611,0.8441949616648401
2022-08-22,0.04718488584245422,0.0,0.0,0.8593060801898611,0.8441949616648401
2022-08-22,8.699003827738935e-06,0.0,0.0,0.8593060801898611,0.8441949616648401
2022-08-22,0.006066032977494138,0.0,0.0,0.8593060801898611,0.8441949616648401
2022-08-22,0.0008093573437980093,0.0,0.0,0.8593060801898611,0.8441949616648401
2022-08-22,0.010100125559396787,0.0,0.0,0.8593060801898611,0.8441949616648401
2022-08-22,0.012710966720989125,0.0,0.0,0.8593060801898611,0.8441949616648401
2022-08-22,0.03061740887349009,0.0,0.0,0.8593060801898611,0.8441949616648401
2022-08-22,0.029317009959815468,0.0,0.0,0.8593060801898611,0.8441949616648401
2022-08-22,0.045733960082807924,0.0,0.0,0.8593060801898611,0.8441949616648401
2022-08-22,0.028567634038131555,0.0,0.0,0.8593060801898611,0.8441949616648401
2022-08-23,2.5657200770133257e-06,0.0,0.0,0.8702552441105693,0.8551478641840085
2022-08-23,0.0015043410966340594,0.0,0.0,0.8702552441105693,0.8551478641840085
2022-08-23,0.0,0.0,0.0,0.8702552441105693,0.8551478641840085
2022-08-23,0.0,0.0,0.0,0.8702552441105693,0.8551478641840085
2022-08-23,0.01642614378938103,0.0,0.0,0.8702552441105693,0.8551478641840085
2022-08-23,0.002976390288983388,0.0,0.0,0.8702552441105693,0.8551478641840085
2022-08-23,0.01862501542719249,0.0,0.0,0.8702552441105693,0.8551478641840085
2022-08-23,0.0,0.0,0.0,0.8702552441105693,0.8551478641840085
2022-08-23,0.006789554491454475,0.0,0.0,0.8702552441105693,0.8551478641840085
2022-08-23,0.0,0.0,0.0,0.8702552441105693,0.8551478641840085
2022-08-23,0.0,0.0,0.0,0.8702552441105693,0.8551478641840085
2022-08-23,0.0,0.0,0.0,0.8702552441105693,0.8551478641840085
2022-08-24,0.11268340963677517,0.0,0.0,0.8808711109430181,0.8658269441401973
2022-08-24,0.08918645133965472,0.0,0.0,0.8808711109430181,0.8658269441401973
2022-08-24,0.2317877846148321,0.0,0.0,0.8808711109430181,0.8658269441401973
2022-08-24,0.16838242002580867,0.0,0.0,0.8808711109430181,0.8658269441401973
2022-08-24,0.25272549420576257,0.0,0.0,0.8808711109430181,0.8658269441401973
2022-08-24,0.08936973371472222,0.0,0.0,0.8808711109430181,0.8658269441401973
2022-08-24,0.14620540737754922,0.0,0.0,0.8808711109430181,0.8658269441401973
2022-08-24,0.27100779256513025,0.0,0.0,0.8808711109430181,0.8658269441401973
2022-08-24,0.2815046003084894,0.0,0.0,0.8808711109430181,0.8658269441401973
2022-08-24,0.021743785480612322,0.0,0.0,0.8808711109430181,0.8658269441401973
2022-08-24,0.21557520329888086,0.0,0.0,0.8808711109430181,0.8658269441401973
2022-08-24,0.11816535848102622,0.0,0.0,0.8808711109430181,0.8658269441401973
2022-08-25,0.10834580774996279,0.0,0.0,0.8304817915782206,0.8734939759036138
2022-08-25,0.05230451035882137,0.0,0.0,0.8304817915782206,0.8734939759036138
2022-08-25,0.03415551576864543,0.0,0.0,0.8304817915782206,0.8734939759036138
2022-08-25,0.06880784078337127,0.0,0.0,0.8304817915782206,0.8734939759036138
2022-08-25,0.11012727586250949,0.0,0.0,0.8304817915782206,0.8734939759036138
2022-08-25,0.02941601804928201,0.0,0.0,0.8304817915782206,0.8734939759036138
2022-08-25,0.0782100716221642,0.0,0.0,0.8304817915782206,0.8734939759036138
2022-08-25,0.06253980936514761,0.0,0.0,0.8304817915782206,0.8734939759036138
2022-08-25,0.03886985499655734,0.0,0.0,0.8304817915782206,0.8734939759036138
2022-08-25,0.07799093183403397,0.0,0.0,0.8304817915782206,0.8734939759036138
2022-08-25,0.05026911743589512,0.0,0.0,0.8304817915782206,0.8734939759036138
2022-08-25,0.06523742424627323,0.0,0.0,0.8304817915782206,0.8734939759036138
2022-08-26,0.0007417985883462093,0.0,0.0,0.8379041522671293,0.8795180722891569
2022-08-26,0.08456539242528094,0.0,0.0,0.8379041522671293,0.8795180722891569
2022-08-26,0.10259602051001834,0.0,0.0,0.8379041522671293,0.8795180722891569
2022-08-26,0.0375658726977728,0.0,0.0,0.8379041522671293,0.8795180722891569
2022-08-26,0.012696884798115376,0.0,0.0,0.8379041522671293,0.8795180722891569
2022-08-26,0.0053842049442675965,0.0,0.0,0.8379041522671293,0.8795180722891569
2022-08-26,0.04056406568225143,0.0,0.0,0.8379041522671293,0.8795180722891569
2022-08-26,0.004879007399631757,0.0,0.0,0.8379041522671293,0.8795180722891569
2022-08-26,0.02746760216710269,0.0,0.0,0.8379041522671293,0.8795180722891569
2022-08-26,5.6393460764065215e-05,0.0,0.0,0.8379041522671293,0.8795180722891569
2022-08-26,0.0024722334292549652,0.0,0.0,0.8379041522671293,0.8795180722891569
2022-08-26,0.04992242144705523,0.0,0.0,0.8379041522671293,0.8795180722891569
2022-08-27,0.0,0.0,0.0,0.8458134576381764,0.8858159912376777
2022-08-27,0.0006633704684006989,0.0,0.0,0.8458134576381764,0.8858159912376777
2022-08-27,0.021175849675878693,0.0,0.0,0.8458134576381764,0.8858159912376777
2022-08-27,0.03557903350595961,0.0,0.0,0.8458134576381764,0.8858159912376777
2022-08-27,0.014031019816942374,0.0,0.0,0.8458134576381764,0.8858159912376777
2022-08-27,0.0504179060796336,0.0,0.0,0.8458134576381764,0.8858159912376777
2022-08-27,0.001787545308990923,0.0,0.0,0.8458134576381764,0.8858159912376777
2022-08-27,0.07932745368355171,0.0,0.0,0.8458134576381764,0.8858159912376777
2022-08-27,0.12865595239628724,0.0,0.0,0.8458134576381764,0.8858159912376777
2022-08-27,0.0007196354540600822,0.0,0.0,0.8458134576381764,0.8858159912376777
2022-08-27,0.001114940656196893,0.0,0.0,0.8458134576381764,0.8858159912376777
2022-08-27,0.011500230420245224,0.0,0.0,0.8458134576381764,0.8858159912376777
2022-08-28,0.0008089361406067107,0.0,0.0,0.8559352883610765,0.8932092004381165
2022-08-28,0.0055014550362192,0.0,0.0,0.8559352883610765,0.8932092004381165
2022-08-28,0.02641872377280678,0.0,0.0,0.8559352883610765,0.8932092004381165
2022-08-28,0.005799875335201426,0.0,0.0,0.8559352883610765,0.8932092004381165
2022-08-28,0.0019123644138436585,0.0,0.0,0.8559352883610765,0.8932092004381165
2022-08-28,0.003380350434454281,0.0,0.0,0.8559352883610765,0.8932092004381165
2022-08-28,0.011161367176932308,0.0,0.0,0.8559352883610765,0.8932092004381165
2022-08-28,0.0,0.0,0.0,0.8559352883610765,0.8932092004381165
2022-08-28,0.0006762929762585135,0.0,0.0,0.8559352883610765,0.8932092004381165
2022-08-28,0.01019029607194653,0.0,0.0,0.8559352883610765,0.8932092004381165
2022-08-28,0.018125033043951987,0.0,0.0,0.8559352883610765,0.8932092004381165
2022-08-28,0.006488740377657471,0.0,0.0,0.8559352883610765,0.8932092004381165
2022-08-29,0.1928432635459044,0.0,0.0,0.8657214581865802,0.9006024096385534
2022-08-29,0.01774952311852728,0.0,0.0,0.8657214581865802,0.9006024096385534
2022-08-29,0.03876597161031592,0.0,0.0,0.8657214581865802,0.9006024096385534
2022-08-29,0.10209611470000773,0.0,0.0,0.8657214581865802,0.9006024096385534
2022-08-29,0.021517712487002162,0.0,0.0,0.8657214581865802,0.9006024096385534
2022-08-29,0.0555201527591006,0.0,0.0,0.8657214581865802,0.9006024096385534
2022-08-29,0.18738263288299903,0.0,0.0,0.8657214581865802,0.9006024096385534
2022-08-29,0.03378446151264456,0.0,0.0,0.8657214581865802,0.9006024096385534
2022-08-29,0.047382237974908654,0.0,0.0,0.8657214581865802,0.9006024096385534
2022-08-29,0.2200597557315328,0.0,0.0,0.8657214581865802,0.9006024096385534
2022-08-29,0.18435591611825092,0.0,0.0,0.8657214581865802,0.9006024096385534
2022-08-29,0.16403335241351474,0.0,0.0,0.8657214581865802,0.9006024096385534
2022-08-30,0.020880925460456005,0.0,0.0,0.8742666282153713,0.906900328587076
2022-08-30,0.07455488699416149,0.0,0.0,0.8742666282153713,0.906900328587076
2022-08-30,0.09724120281823545,0.0,0.0,0.8742666282153713,0.906900328587076
2022-08-30,0.03394804854448585,0.0,0.0,0.8742666282153713,0.906900328587076
2022-08-30,0.02338638003547996,0.0,0.0,0.8742666282153713,0.906900328587076
2022-08-30,0.017083405040263448,0.0,0.0,0.8742666282153713,0.906900328587076
2022-08-30,0.015392307672833215,0.0,0.0,0.8742666282153713,0.906900328587076
2022-08-30,0.036626590652748287,0.0,0.0,0.8742666282153713,0.906900328587076
2022-08-30,0.08732537660556934,0.0,0.0,0.8742666282153713,0.906900328587076
2022-08-30,0.085129147840974,0.0,0.0,0.8742666282153713,0.906900328587076
2022-08-30,0.08524793746582558,0.0,0.0,0.8742666282153713,0.906900328587076
2022-08-30,0.06712000710718581,0.0,0.0,0.8742666282153713,0.906900328587076
2022-08-31,0.016835608395305474,0.0,0.0,0.8815778898748599,0.9123767798466584
2022-08-31,0.0,0.0,0.0,0.8815778898748599,0.9123767798466584
2022-08-31,0.001275970048870016,0.0,0.0,0.8815778898748599,0.9123767798466584
2022-08-31,1.026187177028718e-06,0.0,0.0,0.8815778898748599,0.9123767798466584
2022-08-31,0.002296001956024707,0.0,0.0,0.8815778898748599,0.9123767798466584
2022-08-31,0.0003143593180850661,0.0,0.0,0.8815778898748599,0.9123767798466584
2022-08-31,0.0029774536407770986,0.0,0.0,0.8815778898748599,0.9123767798466584
2022-08-31,0.008238636543210524,0.0,0.0,0.8815778898748599,0.9123767798466584
2022-08-31,0.004615352607693061,0.0,0.0,0.8815778898748599,0.9123767798466584
2022-08-31,0.016874128827126217,0.0,0.0,0.8815778898748599,0.9123767798466584
2022-08-31,0.0034550647653567136,0.0,0.0,0.8815778898748599,0.9123767798466584
2022-08-31,0.02230576063804734,0.0,0.0,0.8815778898748599,0.9123767798466584
2022-09-01,0.0011778426271875696,0.0,0.0,0.8889978867546318,0.9178532311062426
2022-09-01,0.003398933562232006,0.0,0.0,0.8889978867546318,0.9178532311062426
2022-09-01,0.008535272877558423,0.0,0.0,0.8889978867546318,0.9178532311062426
2022-09-01,0.0006741388026236881,0.0,0.0,0.8889978867546318,0.9178532311062426
2022-09-01,0.01271837870456007,0.0,0.0,0.8889978867546318,0.9178532311062426
2022-09-01,0.09731394229351788,0.0,0.0,0.8889978867546318,0.9178532311062426
2022-09-01,0.010853009641879987,0.0,0.0,0.8889978867546318,0.9178532311062426
2022-09-01,0.1166059100992345,0.0,0.0,0.8889978867546318,0.9178532311062426
2022-09-01,0.001917460277827985,0.0,0.0,0.8889978867546318,0.9178532311062426
2022-09-01,0.0030050545081368235,0.0,0.0,0.8889978867546318,0.9178532311062426
2022-09-01,0.026045479161878722,0.0,0.0,0.8889978867546318,0.9178532311062426
2022-09-01,0.006040169971986106,0.0,0.0,0.8889978867546318,0.9178532311062426
2022-09-02,0.02114564395717663,0.0,0.0,,
2022-09-02,0.055595089106985525,0.0,0.0,,
2022-09-02,5.274077650289228e-05,0.0,0.0,,
2022-09-02,0.055076153437393686,0.0,0.0,,
2022-09-02,0.09153859106690634,0.0,0.0,,
2022-09-02,0.0,0.0,0.0,,
2022-09-02,0.003065172322377067,0.0,0.0,,
2022-09-02,0.0027148280742354523,0.0,0.0,,
2022-09-02,0.02735369697889948,0.0,0.0,,
2022-09-02,0.005566183343037101,0.0,0.0,,
2022-09-02,0.006484317586564809,0.0,0.0,,
2022-09-02,0.07918168303865146,0.0,0.0,,
2022-09-03,0.02288680474850875,0.0,0.0,,
2022-09-03,0.2306371999773772,0.0,0.0,,
2022-09-03,0.0005435969267112053,0.0,0.0,,
2022-09-03,0.2959866803334998,0.0,0.0,,
2022-09-03,0.10416937685452589,0.0,0.0,,
2022-09-03,0.02898294054863937,0.0,0.0,,
2022-09-03,0.04659185219720899,0.0,0.0,,
2022-09-03,0.29316535190662063,0.0,0.0,,
2022-09-03,0.0027781040236365285,0.0,0.0,,
2022-09-03,0.061688734587843866,0.0,0.0,,
2022-09-03,0.007102937645835712,0.0,0.0,,
2022-09-03,0.0030277288450031538,0.0,0.0,,
2022-09-04,0.10181544201829763,0.0,0.0,,
2022-09-04,0.2666309641944205,0.0,0.0,,
2022-09-04,0.06914884709379686,0.0,0.0,,
2022-09-04,0.20200285812492727,0.0,0.0,,
2022-09-04,0.013824437471212061,0.0,0.0,,
2022-09-04,0.3822540255350633,0.0,0.0,,
2022-09-04,0.0030727867951180067,0.0,0.0,,
2022-09-04,0.011325966251208451,0.0,0.0,,
2022-09-04,0.3698895235956312,0.0,0.0,,
2022-09-04,0.6199881899168622,0.0,0.0,,
2022-09-04,0.460949911627143,0.0,0.0,,
2022-09-04,0.1282725862642258,0.0,0.0,,
2022-09-05,0.02520274550877641,0.0,0.0,,
2022-09-05,0.07127562982621864,0.0,0.0,,
2022-09-05,0.01056586291672141,0.0,0.0,,
2022-09-05,0.007940842659641558,0.0,0.0,,
2022-09-05,0.005073877949272316,0.0,0.0,,
2022-09-05,0.0,0.0,0.0,,
2022-09-05,0.003918536619083854,0.0,0.0,,
2022-09-05,0.08198673162369641,0.0,0.0,,
2022-09-05,0.0028313427152345553,0.0,0.0,,
2022-09-05,0.0006692755956952836,0.0,0.0,,
2022-09-05,0.009860912806287269,0.0,0.0,,
2022-09-05,0.0010800095598588874,0.0,0.0,,
2022-09-06,0.0028669454977247977,0.0,0.0,,
2022-09-06,0.014810597385357116,0.0,0.0,,
2022-09-06,0.015123001262174172,0.0,0.0,,
2022-09-06,0.0891091163611872,0.0,0.0,,
2022-09-06,0.06071568952231535,0.0,0.0,,
2022-09-06,0.007154028958822111,0.0,0.0,,
2022-09-06,0.0003628295422710931,0.0,0.0,,
2022-09-06,0.018947886047620297,0.0,0.0,,
2022-09-06,0.03671769735308615,0.0,0.0,,
2022-09-06,0.0007293820512789358,0.0,0.0,,
2022-09-06,0.006703549202058649,0.0,0.0,,
2022-09-06,0.017867773402594992,0.0,0.0,,
2022-09-07,0.0039057744435174084,0.0,0.0,,
2022-09-07,1.0752210225453422e-05,0.0,0.0,,
2022-09-07,0.0033987334179123195,0.0,0.0,,
2022-09-07,0.0,0.0,0.0,,
2022-09-07,0.02019870660623837,0.0,0.0,,
2022-09-07,0.01632204010067132,0.0,0.0,,
2022-09-07,0.0004503093895213215,0.0,0.0,,
2022-09-07,0.046074485799774516,0.0,0.0,,
2022-09-07,0.00019335669663344429,0.0,0.0,,
2022-09-07,0.009333740257478849,0.0,0.0,,
2022-09-07,0.00323052675361987,0.0,0.0,,
2022-09-07,0.029660385766688953,0.0,0.0,,
2022-09-08,0.0,0.0,0.0,0.9322981425187804,0.9498904709748075
2022-09-08,0.0,0.0,0.0,0.9322981425187804,0.9498904709748075
2022-09-08,0.0,0.0,0.0,0.9322981425187804,0.9498904709748075
2022-09-08,0.0,0.0,0.0,0.9322981425187804,0.9498904709748075
2022-09-08,0.004822147717071857,0.0,0.0,0.9322981425187804,0.9498904709748075
2022-09-08,0.0,0.0,0.0,0.9322981425187804,0.9498904709748075
2022-09-08,0.0,0.0,0.0,0.9322981425187804,0.9498904709748075
2022-09-08,0.0,0.0,0.0,0.9322981425187804,0.9498904709748075
2022-09-08,0.0,0.0,0.0,0.9322981425187804,0.9498904709748075
2022-09-08,0.0,0.0,0.0,0.9322981425187804,0.9498904709748075
2022-09-08,0.0,0.0,0.0,0.9322981425187804,0.9498904709748075
2022-09-08,0.0,0.0,0.0,0.9322981425187804,0.9498904709748075
2022-09-09,0.004441451852633588,0.0,0.0,0.9343215631397059,0.9512595837897049
2022-09-09,0.0011760419334330477,0.0,0.0,0.9343215631397059,0.9512595837897049
2022-09-09,1.2622959534554435e-05,0.0,0.0,0.9343215631397059,0.9512595837897049
2022-09-09,0.0,0.0,0.0,0.9343215631397059,0.9512595837897049
2022-09-09,0.0,0.0,0.0,0.9343215631397059,0.9512595837897049
2022-09-09,0.0,0.0,0.0,0.9343215631397059,0.9512595837897049
2022-09-09,0.0,0.0,0.0,0.9343215631397059,0.9512595837897049
2022-09-09,0.0007131617635998465,0.0,0.0,0.9343215631397059,0.9512595837897049
2022-09-09,0.0,0.0,0.0,0.9343215631397059,0.9512595837897049
2022-09-09,0.0,0.0,0.0,0.9343215631397059,0.9512595837897049
2022-09-09,0.0,0.0,0.0,0.9343215631397059,0.9512595837897049
2022-09-09,0.0,0.0,0.0,0.9343215631397059,0.9512595837897049
2022-09-10,0.011584945525097017,0.0,0.0,0.936233884731211,0.95290251916758
2022-09-10,0.006357792161879018,0.0,0.0,0.936233884731211,0.95290251916758
2022-09-10,0.07862184745626709,0.0,0.0,0.936233884731211,0.95290251916758
2022-09-10,0.018089510225899875,0.0,0.0,0.936233884731211,0.95290251916758
2022-09-10,0.051968755554970866,0.0,0.0,0.936233884731211,0.95290251916758
2022-09-10,0.004292749476694273,0.0,0.0,0.936233884731211,0.95290251916758
2022-09-10,0.010558910044755046,0.0,0.0,0.936233884731211,0.95290251916758
2022-09-10,0.0047333253043473685,0.0,0.0,0.936233884731211,0.95290251916758
2022-09-10,0.01577597596280941,0.0,0.0,0.936233884731211,0.95290251916758
2022-09-10,0.0,0.0,0.0,0.936233884731211,0.95290251916758
2022-09-10,0.02848748522668982,0.0,0.0,0.936233884731211,0.95290251916758
2022-09-10,0.00033253682457997936,0.0,0.0,0.936233884731211,0.95290251916758
2022-09-11,0.0686940904813555,0.0,0.0,0.936233884731211,0.9542716319824738
2022-09-11,0.1343106693446528,0.0,0.0,0.936233884731211,0.9542716319824738
2022-09-11,0.11816626349239064,0.0,0.0,0.936233884731211,0.9542716319824738
2022-09-11,0.004768930116519865,0.0,0.0,0.936233884731211,0.9542716319824738
2022-09-11,0.028144587567571253,0.0,0.0,0.936233884731211,0.9542716319824738
2022-09-11,0.07799987252133063,0.0,0.0,0.936233884731211,0.9542716319824738
2022-09-11,0.010014525134880449,0.0,0.0,0.936233884731211,0.9542716319824738
2022-09-11,0.0004026267450835809,0.0,0.0,0.936233884731211,0.9542716319824738
2022-09-11,0.012829812811348894,0.0,0.0,0.936233884731211,0.9542716319824738
2022-09-11,0.0,0.0,0.0,0.936233884731211,0.9542716319824738
2022-09-11,0.0274550084299499,0.0,0.0,0.936233884731211,0.9542716319824738
2022-09-11,0.024110396577596074,0.0,0.0,0.936233884731211,0.9542716319824738
2022-09-12,0.0523166508843155,0.0,0.0,0.9394959413397124,0.9550930996714122
2022-09-12,0.09605452592969897,0.0,0.0,0.9394959413397124,0.9550930996714122
2022-09-12,0.0050670603474338325,0.0,0.0,0.9394959413397124,0.9550930996714122
2022-09-12,0.2803601637172568,0.0,0.0,0.9394959413397124,0.9550930996714122
2022-09-12,0.030213507840939013,0.0,0.0,0.9394959413397124,0.9550930996714122
2022-09-12,0.10938935756018482,0.0,0.0,0.9394959413397124,0.9550930996714122
2022-09-12,0.015430042277240043,0.0,0.0,0.9394959413397124,0.9550930996714122
2022-09-12,0.047067076175929805,0.0,0.0,0.9394959413397124,0.9550930996714122
2022-09-12,0.03498035796177675,0.0,0.0,0.9394959413397124,0.9550930996714122
2022-09-12,0.16097336726561,0.0,0.0,0.9394959413397124,0.9550930996714122
2022-09-12,0.098511919835117,0.0,0.0,0.9394959413397124,0.9550930996714122
2022-09-12,0.015008435229599715,0.0,0.0,0.9394959413397124,0.9550930996714122
2022-09-13,0.02239637679822249,0.0,0.0,0.9414082629312179,0.9567360350492873
2022-09-13,0.0,0.0,0.0,0.9414082629312179,0.9567360350492873
2022-09-13,0.0,0.0,0.0,0.9414082629312179,0.9567360350492873
2022-09-13,0.0032044101638972677,0.0,0.0,0.9414082629312179,0.9567360350492873
2022-09-13,0.0005418099616770248,0.0,0.0,0.9414082629312179,0.9567360350492873
2022-09-13,0.0,0.0,0.0,0.9414082629312179,0.9567360350492873
2022-09-13,0.0003871470014727105,0.0,0.0,0.9414082629312179,0.9567360350492873
2022-09-13,0.036642546880026765,0.0,0.0,0.9414082629312179,0.9567360350492873
2022-09-13,0.012894422678012885,0.0,0.0,0.9414082629312179,0.9567360350492873
2022-09-13,0.0,0.0,0.0,0.9414082629312179,0.9567360350492873
2022-09-13,0.00697710269131805,0.0,0.0,0.9414082629312179,0.9567360350492873
2022-09-13,0.0020432083089969287,0.0,0.0,0.9414082629312179,0.9567360350492873
2022-09-14,0.0032604655628021293,0.0,0.0,0.9408456763567081,0.9561883899233301
2022-09-14,0.0043562010251271535,0.0,0.0,0.9408456763567081,0.9561883899233301
2022-09-14,0.005270330982914974,0.0,0.0,0.9408456763567081,0.9561883899233301
2022-09-14,0.015571407591357712,0.0,0.0,0.9408456763567081,0.9561883899233301
2022-09-14,0.02892087698770039,0.0,0.0,0.9408456763567081,0.9561883899233301
2022-09-14,0.0,0.0,0.0,0.9408456763567081,0.9561883899233301
2022-09-14,0.0017566035720338663,0.0,0.0,0.9408456763567081,0.9561883899233301
2022-09-14,0.02079813566680646,0.0,0.0,0.9408456763567081,0.9561883899233301
2022-09-14,4.0215443424098413e-07,0.0,0.0,0.9408456763567081,0.9561883899233301
2022-09-14,0.0036798353711158687,0.0,0.0,0.9408456763567081,0.9561883899233301
2022-09-14,0.003757284478238361,0.0,0.0,0.9408456763567081,0.9561883899233301
2022-09-14,0.003076538000912208,0.0,0.0,0.9408456763567081,0.9561883899233301
2022-09-15,0.02685757419404959,0.0,0.0,0.9385953300586696,0.951807228915662
2022-09-15,0.0892896951238516,0.0,0.0,0.9385953300586696,0.951807228915662
2022-09-15,0.04105242857582122,0.0,0.0,0.9385953300586696,0.951807228915662
2022-09-15,0.06627691082172296,0.0,0.0,0.9385953300586696,0.951807228915662
2022-09-15,0.04893676282660682,0.0,0.0,0.9385953300586696,0.951807228915662
2022-09-15,0.02165235241745334,0.0,0.0,0.9385953300586696,0.951807228915662
2022-09-15,0.007334900941235293,0.0,0.0,0.9385953300586696,0.951807228915662
2022-09-15,0.14973463653077124,0.0,0.0,0.9385953300586696,0.951807228915662
2022-09-15,0.19132665609608318,0.0,0.0,0.9385953300586696,0.951807228915662
2022-09-15,0.038870720586701844,0.0,0.0,0.9385953300586696,0.951807228915662
2022-09-15,0.10537223413046608,0.0,0.0,0.9385953300586696,0.951807228915662
2022-09-15,0.06436133480761014,0.0,0.0,0.9385953300586696,0.951807228915662
2022-09-16,0.045392227839505,0.0,0.0,0.9369075703351408,0.9531763417305594
2022-09-16,0.09447794058764583,0.0,0.0,0.9369075703351408,0.9531763417305594
2022-09-16,0.07359066993704771,0.0,0.0,0.9369075703351408,0.9531763417305594
2022-09-16,0.02385304532318975,0.0,0.0,0.9369075703351408,0.9531763417305594
2022-09-16,0.004921540664549956,0.0,0.0,0.9369075703351408,0.9531763417305594
2022-09-16,0.01521398113888795,0.0,0.0,0.9369075703351408,0.9531763417305594
2022-09-16,0.013427429605191596,0.0,0.0,0.9369075703351408,0.9531763417305594
2022-09-16,0.07336897862400953,0.0,0.0,0.9369075703351408,0.9531763417305594
2022-09-16,0.13419428219543406,0.0,0.0,0.9369075703351408,0.9531763417305594
2022-09-16,0.023662764364181646,0.0,0.0,0.9369075703351408,0.9531763417305594
2022-09-16,0.40074579781879055,0.0,0.0,0.9369075703351408,0.9531763417305594
2022-09-16,0.02405064453479016,0.0,0.0,0.9369075703351408,0.9531763417305594
2022-09-17,0.017275535128052293,0.0,0.0,0.9374701569096504,0.9537239868565166
2022-09-17,0.027942711046450942,0.0,0.0,0.9374701569096504,0.9537239868565166
2022-09-17,0.11787658226139891,0.0,0.0,0.9374701569096504,0.9537239868565166
2022-09-17,0.04660682470935711,0.0,0.0,0.9374701569096504,0.9537239868565166
2022-09-17,0.005292757446411836,0.0,0.0,0.9374701569096504,0.9537239868565166
2022-09-17,0.19232811203607827,0.0,0.0,0.9374701569096504,0.9537239868565166
2022-09-17,0.16936498819658707,0.0,0.0,0.9374701569096504,0.9537239868565166
2022-09-17,0.004399281875625468,0.0,0.0,0.9374701569096504,0.9537239868565166
2022-09-17,0.03400417249874536,0.0,0.0,0.9374701569096504,0.9537239868565166
2022-09-17,0.0,0.0,0.0,0.9374701569096504,0.9537239868565166
2022-09-17,0.04481669272791708,0.0,0.0,0.9374701569096504,0.9537239868565166
2022-09-17,0.10417692251977773,0.0,0.0,0.9374701569096504,0.9537239868565166
2022-09-18,0.04214774066659875,0.0,0.0,0.9371321322031172,0.9534501642935371
2022-09-18,0.04395718160784006,0.0,0.0,0.9371321322031172,0.9534501642935371
2022-09-18,0.00547865417829011,0.0,0.0,0.9371321322031172,0.9534501642935371
2022-09-18,0.10002511864160302,0.0,0.0,0.9371321322031172,0.9534501642935371
2022-09-18,0.014688700115266613,0.0,0.0,0.9371321322031172,0.9534501642935371
2022-09-18,0.05089968913414328,0.0,0.0,0.9371321322031172,0.9534501642935371
2022-09-18,0.03106649652036153,0.0,0.0,0.9371321322031172,0.9534501642935371
2022-09-18,0.00026235361433301155,0.0,0.0,0.9371321322031172,0.9534501642935371
2022-09-18,0.0,0.0,0.0,0.9371321322031172,0.9534501642935371
2022-09-18,0.0636352565999858,0.0,0.0,0.9371321322031172,0.9534501642935371
2022-09-18,0.002615671528009733,0.0,0.0,0.9371321322031172,0.9534501642935371
2022-09-18,0.030554663742728767,0.0,0.0,0.9371321322031172,0.9534501642935371
2022-09-19,0.014401087256559258,0.0,0.0,0.9367964713057209,0.9531763417305594
2022-09-19,0.012690405535483982,0.0,0.0,0.9367964713057209,0.9531763417305594
2022-09-19,0.0,0.0,0.0,0.9367964713057209,0.9531763417305594
2022-09-19,0.009195236064149891,0.0,0.0,0.9367964713057209,0.9531763417305594
2022-09-19,0.0,0.0,0.0,0.9367964713057209,0.9531763417305594
2022-09-19,0.0,0.0,0.0,0.9367964713057209,0.9531763417305594
2022-09-19,0.027670213168457893,0.0,0.0,0.9367964713057209,0.9531763417305594
2022-09-19,0.0013298490863091976,0.0,0.0,0.9367964713057209,0.9531763417305594
2022-09-19,0.0,0.0,0.0,0.9367964713057209,0.9531763417305594
2022-09-19,0.0,0.0,0.0,0.9367964713057209,0.9531763417305594
2022-09-19,0.00246789433419017,0.0,0.0,0.9367964713057209,0.9531763417305594
2022-09-19,0.0,0.0,0.0,0.9367964713057209,0.9531763417305594
2022-09-20,0.028959483939454744,0.0,0.0,0.9353332734501685,0.9520810514786415
2022-09-20,0.04458300546327354,0.0,0.0,0.9353332734501685,0.9520810514786415
2022-09-20,0.008588943778016122,0.0,0.0,0.9353332734501685,0.9520810514786415
2022-09-20,0.08643943989240489,0.0,0.0,0.9353332734501685,0.9520810514786415
2022-09-20,0.16364743493303943,0.0,0.0,0.9353332734501685,0.9520810514786415
2022-09-20,0.016643622994865902,0.0,0.0,0.9353332734501685,0.9520810514786415
2022-09-20,0.044114958239296446,0.0,0.0,0.9353332734501685,0.9520810514786415
2022-09-20,0.11503145229281242,0.0,0.0,0.9353332734501685,0.9520810514786415
2022-09-20,0.06158396172171961,0.0,0.0,0.9353332734501685,0.9520810514786415
2022-09-20,0.04486067976220498,0.0,0.0,0.9353332734501685,0.9520810514786415
2022-09-20,0.15137712247872817,0.0,0.0,0.9353332734501685,0.9520810514786415
2022-09-20,0.043778119685975905,0.0,0.0,0.9353332734501685,0.9520810514786415
2022-09-21,0.17239654859002423,0.0,0.0,0.9325227043867568,0.950164293537787
2022-09-21,0.0801356694382388,0.0,0.0,0.9325227043867568,0.950164293537787
2022-09-21,0.17855624720551677,0.0,0.0,0.9325227043867568,0.950164293537787
2022-09-21,0.07298430511183512,0.0,0.0,0.9325227043867568,0.950164293537787
2022-09-21,0.0028389491827069766,0.0,0.0,0.9325227043867568,0.950164293537787
2022-09-21,0.013919929470251136,0.0,0.0,0.9325227043867568,0.950164293537787
2022-09-21,0.03343391051426089,0.0,0.0,0.9325227043867568,0.950164293537787
2022-09-21,0.1486186676829285,0.0,0.0,0.9325227043867568,0.950164293537787
2022-09-21,0.10802137156375391,0.0,0.0,0.9325227043867568,0.950164293537787
2022-09-21,0.03916207296477203,0.0,0.0,0.9325227043867568,0.950164293537787
2022-09-21,0.05355709318590507,0.0,0.0,0.9325227043867568,0.950164293537787
2022-09-21,0.012832326604337673,0.0,0.0,0.9325227043867568,0.950164293537787
2022-09-22,0.13457560515604858,0.0,0.0,0.9300477962207419,0.9482475355969324
2022-09-22,0.10584657029339137,0.0,0.0,0.9300477962207419,0.9482475355969324
2022-09-22,0.0052223076670265605,0.0,0.0,0.9300477962207419,0.9482475355969324
2022-09-22,0.16378965312972574,0.0,0.0,0.9300477962207419,0.9482475355969324
2022-09-22,0.01215353811483739,0.0,0.0,0.9300477962207419,0.9482475355969324
2022-09-22,0.13568518630388238,0.0,0.0,0.9300477962207419,0.9482475355969324
2022-09-22,0.0072987534601042904,0.0,0.0,0.9300477962207419,0.9482475355969324
2022-09-22,0.05307720473262267,0.0,0.0,0.9300477962207419,0.9482475355969324
2022-09-22,0.14748702565393135,0.0,0.0,0.9300477962207419,0.9482475355969324
2022-09-22,0.2966788798917652,0.0,0.0,0.9300477962207419,0.9482475355969324
2022-09-22,0.11632113749719081,0.0,0.0,0.9300477962207419,0.9482475355969324
2022-09-22,0.15005537120688434,0.0,0.0,0.9300477962207419,0.9482475355969324
2022-09-23,0.06938254501112055,0.0,0.0,0.9302723580887184,0.9482475355969324
2022-09-23,0.2099840881458619,0.0,0.0,0.9302723580887184,0.9482475355969324
2022-09-23,0.026893285406956412,0.0,0.0,0.9302723580887184,0.9482475355969324
2022-09-23,0.028014158950449907,0.0,0.0,0.9302723580887184,0.9482475355969324
2022-09-23,0.16922552809855665,0.0,0.0,0.9302723580887184,0.9482475355969324
2022-09-23,0.11273211990555627,0.0,0.0,0.9302723580887184,0.9482475355969324
2022-09-23,0.05512903422415196,0.0,0.0,0.9302723580887184,0.9482475355969324
2022-09-23,0.2582790892325374,0.0,0.0,0.9302723580887184,0.9482475355969324
2022-09-23,0.06994423274789895,0.0,0.0,0.9302723580887184,0.9482475355969324
2022-09-23,0.08317905293251492,0.0,0.0,0.9302723580887184,0.9482475355969324
2022-09-23,0.1279991671374103,0.0,0.0,0.9302723580887184,0.9482475355969324
2022-09-23,0.055729427005589194,0.0,0.0,0.9302723580887184,0.9482475355969324
2022-09-24,0.022869655358019346,0.0,0.0,0.9326361672253136,0.950164293537787
2022-09-24,0.04986259063744978,0.0,0.0,0.9326361672253136,0.950164293537787
2022-09-24,0.21498843463981188,0.0,0.0,0.9326361672253136,0.950164293537787
2022-09-24,0.009203520571562476,0.0,0.0,0.9326361672253136,0.950164293537787
2022-09-24,0.0032928055365181374,0.0,0.0,0.9326361672253136,0.950164293537787
2022-09-24,0.019217916084126534,0.0,0.0,0.9326361672253136,0.950164293537787
2022-09-24,0.012407841315980056,0.0,0.0,0.9326361672253136,0.950164293537787
2022-09-24,0.056420372648850026,0.0,0.0,0.9326361672253136,0.950164293537787
2022-09-24,0.012370861765978559,0.0,0.0,0.9326361672253136,0.950164293537787
2022-09-24,0.13385194602711004,0.0,0.0,0.9326361672253136,0.950164293537787
2022-09-24,0.030984867314153074,0.0,0.0,0.9326361672253136,0.950164293537787
2022-09-24,0.013869743357729995,0.0,0.0,0.9326361672253136,0.950164293537787
2022-09-25,0.22375053170772882,0.0,0.0,0.940058527914222,0.9556407447973712
2022-09-25,0.4352177773834574,0.0,0.0,0.940058527914222,0.9556407447973712
2022-09-25,0.4243576476918697,0.0,0.0,0.940058527914222,0.9556407447973712
2022-09-25,0.11666689969351976,0.0,0.0,0.940058527914222,0.9556407447973712
2022-09-25,0.3711095630773584,0.0,0.0,0.940058527914222,0.9556407447973712
2022-09-25,0.4691931190400037,0.0,0.0,0.940058527914222,0.9556407447973712
2022-09-25,0.5233318859664976,0.0,0.0,0.940058527914222,0.9556407447973712
2022-09-25,0.25721569722338367,0.0,0.0,0.940058527914222,0.9556407447973712
2022-09-25,0.40153205764327554,0.0,0.0,0.940058527914222,0.9556407447973712
2022-09-25,0.30233700279823417,0.0,0.0,0.940058527914222,0.9556407447973712
2022-09-25,0.34846670078370073,0.0,0.0,0.940058527914222,0.9556407447973712
2022-09-25,0.32710018173570676,0.0,0.0,0.940058527914222,0.9556407447973712
2022-09-26,0.22231558266128437,0.0,0.0,0.9507405814024952,0.9635815991237671
2022-09-26,0.28269430852116934,0.0,0.0,0.9507405814024952,0.9635815991237671
2022-09-26,0.25268700953921236,0.0,0.0,0.9507405814024952,0.9635815991237671
2022-09-26,0.37962155828554534,0.0,0.0,0.9507405814024952,0.9635815991237671
2022-09-26,0.2553247721162714,0.0,0.0,0.9507405814024952,0.9635815991237671
2022-09-26,0.45344326506259397,0.0,0.0,0.9507405814024952,0.9635815991237671
2022-09-26,0.29777637963963144,0.0,0.0,0.9507405814024952,0.9635815991237671
2022-09-26,0.5222357321122804,0.0,0.0,0.9507405814024952,0.9635815991237671
2022-09-26,0.4396802282152337,0.0,0.0,0.9507405814024952,0.9635815991237671
2022-09-26,0.17622020345105785,0.0,0.0,0.9507405814024952,0.9635815991237671
2022-09-26,0.6749031162881807,0.0,0.0,0.9507405814024952,0.9635815991237671
2022-09-26,0.25547803594463947,0.0,0.0,0.9507405814024952,0.9635815991237671
2022-09-27,0.0,0.0,0.0,0.9427107217654815,0.9734392113910193
2022-09-27,0.000895563395242904,0.0,0.0,0.9427107217654815,0.9734392113910193
2022-09-27,0.00014513181186574843,0.0,0.0,0.9427107217654815,0.9734392113910193
2022-09-27,0.050038448018809134,0.0,0.0,0.9427107217654815,0.9734392113910193
2022-09-27,0.0,0.0,0.0,0.9427107217654815,0.9734392113910193
2022-09-27,0.0,0.0,0.0,0.9427107217654815,0.9734392113910193
2022-09-27,0.0,0.0,0.0,0.9427107217654815,0.9734392113910193
2022-09-27,0.004757665027020173,0.0,0.0,0.9427107217654815,0.9734392113910193
2022-09-27,0.00014211409037540355,0.0,0.0,0.9427107217654815,0.9734392113910193
2022-09-27,0.0,0.0,0.0,0.9427107217654815,0.9734392113910193
2022-09-27,0.00851833909983669,0.0,0.0,0.9427107217654815,0.9734392113910193
2022-09-27,9.175550528953462e-06,0.0,0.0,0.9427107217654815,0.9734392113910193
2022-09-28,0.0,0.0,0.0,0.9739082747502634,0.9808324205914563
2022-09-28,0.0,0.0,0.0,0.9739082747502634,0.9808324205914563
2022-09-28,0.01583024724579928,0.0,0.0,0.9739082747502634,0.9808324205914563
2022-09-28,0.0,0.0,0.0,0.9739082747502634,0.9808324205914563
2022-09-28,0.00035926191556377046,0.0,0.0,0.9739082747502634,0.9808324205914563
2022-09-28,0.0001332319613027811,0.0,0.0,0.9739082747502634,0.9808324205914563
2022-09-28,0.01596913648624062,0.0,0.0,0.9739082747502634,0.9808324205914563
2022-09-28,0.0,0.0,0.0,0.9739082747502634,0.9808324205914563
2022-09-28,0.0,0.0,0.0,0.9739082747502634,0.9808324205914563
2022-09-28,0.0,0.0,0.0,0.9739082747502634,0.9808324205914563
2022-09-28,0.0,0.0,0.0,0.9739082747502634,0.9808324205914563
2022-09-28,8.602070741692574e-06,0.0,0.0,0.9739082747502634,0.9808324205914563
2022-09-29,0.018651686851360403,0.0,0.0,0.9790802891411337,0.9846659364731654
2022-09-29,0.031753039833239634,0.0,0.0,0.9790802891411337,0.9846659364731654
2022-09-29,0.01708787827085114,0.0,0.0,0.9790802891411337,0.9846659364731654
2022-09-29,0.0,0.0,0.0,0.9790802891411337,0.9846659364731654
2022-09-29,0.022058863079294423,0.0,0.0,0.9790802891411337,0.9846659364731654
2022-09-29,0.03999664921143374,0.0,0.0,0.9790802891411337,0.9846659364731654
2022-09-29,0.0011142759037417983,0.0,0.0,0.9790802891411337,0.9846659364731654
2022-09-29,0.0008201530724280708,0.0,0.0,0.9790802891411337,0.9846659364731654
2022-09-29,0.01999473221310403,0.0,0.0,0.9790802891411337,0.9846659364731654
2022-09-29,0.01677832730784672,0.0,0.0,0.9790802891411337,0.9846659364731654
2022-09-29,0.027177190590880897,0.0,0.0,0.9790802891411337,0.9846659364731654
2022-09-29,0.004413070679604215,0.0,0.0,0.9790802891411337,0.9846659364731654
2022-09-30,0.0012671778939728538,0.0,0.0,0.9849283529450696,0.9890470974808334
2022-09-30,0.0005916330510292493,0.0,0.0,0.9849283529450696,0.9890470974808334
2022-09-30,0.0,0.0,0.0,0.9849283529450696,0.9890470974808334
2022-09-30,0.0,0.0,0.0,0.9849283529450696,0.9890470974808334
2022-09-30,3.0851044198438684e-06,0.0,0.0,0.9849283529450696,0.9890470974808334
2022-09-30,0.00020186265372602546,0.0,0.0,0.9849283529450696,0.9890470974808334
2022-09-30,0.0,0.0,0.0,0.9849283529450696,0.9890470974808334
2022-09-30,0.007544446509596413,0.0,0.0,0.9849283529450696,0.9890470974808334
2022-09-30,0.0,0.0,0.0,0.9849283529450696,0.9890470974808334
2022-09-30,0.000687751326807639,0.0,0.0,0.9849283529450696,0.9890470974808334
2022-09-30,0.005023717957879319,0.0,0.0,0.9849283529450696,0.9890470974808334
2022-09-30,0.0,0.0,0.0,0.9849283529450696,0.9890470974808334
2022-10-01,0.0,0.0,0.0,0.9868406745365752,0.990416210295729
2022-10-01,0.0,0.0,0.0,0.9868406745365752,0.990416210295729
2022-10-01,0.00015013892452665645,0.0,0.0,0.9868406745365752,0.990416210295729
2022-10-01,0.0,0.0,0.0,0.9868406745365752,0.990416210295729
2022-10-01,0.0,0.0,0.0,0.9868406745365752,0.990416210295729
2022-10-01,0.002425973617290947,0.0,0.0,0.9868406745365752,0.990416210295729
2022-10-01,0.0,0.0,0.0,0.9868406745365752,0.990416210295729
2022-10-01,0.0,0.0,0.0,0.9868406745365752,0.990416210295729
2022-10-01,0.0,0.0,0.0,0.9868406745365752,0.990416210295729
2022-10-01,0.0,0.0,0.0,0.9868406745365752,0.990416210295729
2022-10-01,0.0,0.0,0.0,0.9868406745365752,0.990416210295729
2022-10-01,0.0,0.0,0.0,0.9868406745365752,0.990416210295729
2022-10-02,0.0,0.0,0.0,0.9904383920424729,0.9931544359255202
2022-10-02,0.0,0.0,0.0,0.9904383920424729,0.9931544359255202
2022-10-02,0.0009662406503213285,0.0,0.0,0.9904383920424729,0.9931544359255202
2022-10-02,0.06838633151346736,0.0,0.0,0.9904383920424729,0.9931544359255202
2022-10-02,0.005553896340039164,0.0,0.0,0.9904383920424729,0.9931544359255202
2022-10-02,9.23602371408232e-05,0.0,0.0,0.9904383920424729,0.9931544359255202
2022-10-02,0.0,0.0,0.0,0.9904383920424729,0.9931544359255202
2022-10-02,0.0,0.0,0.0,0.9904383920424729,0.9931544359255202
2022-10-02,0.0373566567447671,0.0,0.0,0.9904383920424729,0.9931544359255202
2022-10-02,0.0034367404535832194,0.0,0.0,0.9904383920424729,0.9931544359255202
2022-10-02,0.006863312211679018,0.0,0.0,0.9904383920424729,0.9931544359255202
2022-10-02,0.0,0.0,0.0,0.9904383920424729,0.9931544359255202
2022-10-03,0.0,0.0,0.0,0.9917881270594686,0.9939759036144586
2022-10-03,0.00955539594392045,0.0,0.0,0.9917881270594686,0.9939759036144586
2022-10-03,0.0,0.0,0.0,0.9917881270594686,0.9939759036144586
2022-10-03,0.0,0.0,0.0,0.9917881270594686,0.9939759036144586
2022-10-03,0.0,0.0,0.0,0.9917881270594686,0.9939759036144586
2022-10-03,0.003292772128704635,0.0,0.0,0.9917881270594686,0.9939759036144586
2022-10-03,0.0,0.0,0.0,0.9917881270594686,0.9939759036144586
2022-10-03,0.0,0.0,0.0,0.9917881270594686,0.9939759036144586
2022-10-03,0.0,0.0,0.0,0.9917881270594686,0.9939759036144586
2022-10-03,0.0,0.0,0.0,0.9917881270594686,0.9939759036144586
2022-10-03,0.0,0.0,0.0,0.9917881270594686,0.9939759036144586
2022-10-03,0.0002272132338018136,0.0,0.0,0.9917881270594686,0.9939759036144586
2022-10-04,0.0,0.0,0.0,0.9940384733575072,0.9956188389923337
2022-10-04,0.0,0.0,0.0,0.9940384733575072,0.9956188389923337
2022-10-04,0.0,0.0,0.0,0.9940384733575072,0.9956188389923337
2022-10-04,0.005740492165083469,0.0,0.0,0.9940384733575072,0.9956188389923337
2022-10-04,0.0,0.0,0.0,0.9940384733575072,0.9956188389923337
2022-10-04,0.0,0.0,0.0,0.9940384733575072,0.9956188389923337
2022-10-04,0.0025547414626661,0.0,0.0,0.9940384733575072,0.9956188389923337
2022-10-04,0.0,0.0,0.0,0.9940384733575072,0.9956188389923337
2022-10-04,0.0,0.0,0.0,0.9940384733575072,0.9956188389923337
2022-10-04,0.0037766100915195048,0.0,0.0,0.9940384733575072,0.9956188389923337
2022-10-04,0.0,0.0,0.0,0.9940384733575072,0.9956188389923337
2022-10-04,0.010620868326957963,0.0,0.0,0.9940384733575072,0.9956188389923337
2022-10-05,0.01470522970887185,0.0,0.0,0.9950501836679697,0.9964403066812704
2022-10-05,0.00025379724295884634,0.0,0.0,0.9950501836679697,0.9964403066812704
2022-10-05,0.0,0.0,0.0,0.9950501836679697,0.9964403066812704
2022-10-05,0.012901058944761021,0.0,0.0,0.9950501836679697,0.9964403066812704
2022-10-05,0.0,0.0,0.0,0.9950501836679697,0.9964403066812704
2022-10-05,0.004097567364524315,0.0,0.0,0.9950501836679697,0.9964403066812704
2022-10-05,2.0550621072041504e-05,0.0,0.0,0.9950501836679697,0.9964403066812704
2022-10-05,0.006288847965491174,0.0,0.0,0.9950501836679697,0.9964403066812704
2022-10-05,0.0,0.0,0.0,0.9950501836679697,0.9964403066812704
2022-10-05,0.0025286769260989524,0.0,0.0,0.9950501836679697,0.9964403066812704
2022-10-05,0.0,0.0,0.0,0.9950501836679697,0.9964403066812704
2022-10-05,0.0,0.0,0.0,0.9950501836679697,0.9964403066812704
2022-10-06,0.004903002391489379,0.0,0.0,0.9957262330810359,0.9969879518072275
2022-10-06,0.008286193460808996,0.0,0.0,0.9957262330810359,0.9969879518072275
2022-10-06,0.0,0.0,0.0,0.9957262330810359,0.9969879518072275
2022-10-06,0.02199577833604708,0.0,0.0,0.9957262330810359,0.9969879518072275
2022-10-06,0.006021485347488943,0.0,0.0,0.9957262330810359,0.9969879518072275
2022-10-06,0.0,0.0,0.0,0.9957262330810359,0.9969879518072275
2022-10-06,0.0,0.0,0.0,0.9957262330810359,0.9969879518072275
2022-10-06,0.0,0.0,0.0,0.9957262330810359,0.9969879518072275
2022-10-06,0.0,0.0,0.0,0.9957262330810359,0.9969879518072275
2022-10-06,0.0,0.0,0.0,0.9957262330810359,0.9969879518072275
2022-10-06,0.010846635544524155,0.0,0.0,0.9957262330810359,0.9969879518072275
2022-10-06,0.0,0.0,0.0,0.9957262330810359,0.9969879518072275
2022-10-07,0.0,0.0,0.0,0.9962888196555457,0.9972617743702088
2022-10-07,0.001641829654612367,0.0,0.0,0.9962888196555457,0.9972617743702088
2022-10-07,0.0,0.0,0.0,0.9962888196555457,0.9972617743702088
2022-10-07,0.00018063661491201234,0.0,0.0,0.9962888196555457,0.9972617743702088
2022-10-07,0.0002529040440930028,0.0,0.0,0.9962888196555457,0.9972617743702088
2022-10-07,0.0008008816176249676,0.0,0.0,0.9962888196555457,0.9972617743702088
2022-10-07,0.0013404455783035617,0.0,0.0,0.9962888196555457,0.9972617743702088
2022-10-07,0.0005148209615732838,0.0,0.0,0.9962888196555457,0.9972617743702088
2022-10-07,0.0,0.0,0.0,0.9962888196555457,0.9972617743702088
2022-10-07,0.0,0.0,0.0,0.9962888196555457,0.9972617743702088
2022-10-07,0.0019741236485117082,0.0,0.0,0.9962888196555457,0.9972617743702088
2022-10-07,0.02121031484037547,0.0,0.0,0.9962888196555457,0.9972617743702088
2022-10-08,0.008306430350995441,0.0,0.0,0.9970759680980317,0.9980832420591454
2022-10-08,0.009194437365272734,0.0,0.0,0.9970759680980317,0.9980832420591454
2022-10-08,0.03904579719594283,0.0,0.0,0.9970759680980317,0.9980832420591454
2022-10-08,0.0313969620983245,0.0,0.0,0.9970759680980317,0.9980832420591454
2022-10-08,0.033957901756753305,0.0,0.0,0.9970759680980317,0.9980832420591454
2022-10-08,0.01441984574384107,0.0,0.0,0.9970759680980317,0.9980832420591454
2022-10-08,0.0012564794388103347,0.0,0.0,0.9970759680980317,0.9980832420591454
2022-10-08,0.02991410878126821,0.0,0.0,0.9970759680980317,0.9980832420591454
2022-10-08,0.004415186831365258,0.0,0.0,0.9970759680980317,0.9980832420591454
2022-10-08,0.021293917704565343,0.0,0.0,0.9970759680980317,0.9980832420591454
2022-10-08,0.06099807916393195,0.0,0.0,0.9970759680980317,0.9980832420591454
2022-10-08,0.007976244100173516,0.0,0.0,0.9970759680980317,0.9980832420591454
2022-10-09,0.002335205067059339,0.0,0.0,0.9976385546725415,0.9983570646221249
2022-10-09,0.0002141633098039716,0.0,0.0,0.9976385546725415,0.9983570646221249
2022-10-09,0.003764846696116294,0.0,0.0,0.9976385546725415,0.9983570646221249
2022-10-09,4.57921782153119e-05,0.0,0.0,0.9976385546725415,0.9983570646221249
2022-10-09,0.006281712699469806,0.0,0.0,0.9976385546725415,0.9983570646221249
2022-10-09,0.001858813390706186,0.0,0.0,0.9976385546725415,0.9983570646221249
2022-10-09,0.0032970370458167324,0.0,0.0,0.9976385546725415,0.9983570646221249
2022-10-09,0.0024528780262895542,0.0,0.0,0.9976385546725415,0.9983570646221249
2022-10-09,0.00042757991085262887,0.0,0.0,0.9976385546725415,0.9983570646221249
2022-10-09,0.0,0.0,0.0,0.9976385546725415,0.9983570646221249
2022-10-09,0.0014022508022937471,0.0,0.0,0.9976385546725415,0.9983570646221249
2022-10-09,0.0005378720251154263,0.0,0.0,0.9976385546725415,0.9983570646221249
2022-10-10,0.004036335922882721,0.0,0.0,0.998312240276471,0.9989047097480839
2022-10-10,0.05036537286020298,0.0,0.0,0.998312240276471,0.9989047097480839
2022-10-10,0.021521691382803788,0.0,0.0,0.998312240276471,0.9989047097480839
2022-10-10,0.08283027578817447,0.0,0.0,0.998312240276471,0.9989047097480839
2022-10-10,0.0020143793199859533,0.0,0.0,0.998312240276471,0.9989047097480839
2022-10-10,0.003976938494562096,0.0,0.0,0.998312240276471,0.9989047097480839
2022-10-10,0.0017626784992680995,0.0,0.0,0.998312240276471,0.9989047097480839
2022-10-10,0.0512035078206195,0.0,0.0,0.998312240276471,0.9989047097480839
2022-10-10,0.020329774497629495,0.0,0.0,0.998312240276471,0.9989047097480839
2022-10-10,0.08943538032038961,0.0,0.0,0.998312240276471,0.9989047097480839
2022-10-10,0.017352498258645457,0.0,0.0,0.998312240276471,0.9989047097480839
2022-10-10,0.01492437596425051,0.0,0.0,0.998312240276471,0.9989047097480839
2022-10-11,0.19356642433111926,0.0,0.0,1.0,1.0
2022-10-11,0.48092803333669953,0.0,0.0,1.0,1.0
2022-10-11,0.39646883397521165,0.0,0.0,1.0,1.0
2022-10-11,0.4358904756033427,0.0,0.0,1.0,1.0
2022-10-11,0.08595241167250134,0.0,0.0,1.0,1.0
2022-10-11,0.28330394753902616,0.0,0.0,1.0,1.0
2022-10-11,0.006212951035810909,0.0,0.0,1.0,1.0
2022-10-11,0.4154749428702499,0.0,0.0,1.0,1.0
2022-10-11,0.4751366111112117,0.0,0.0,1.0,1.0
2022-10-11,0.2696283751208951,0.0,0.0,1.0,1.0
2022-10-11,0.2500489728920154,0.0,0.0,1.0,1.0
2022-10-11,0.28190837621932385,0.0,0.0,1.0,1.0
2022-10-12,0.23119576512995102,0.0,0.0,0.9993263143960702,0.9997261774370205
2022-10-12,0.013758760685052012,0.0,0.0,0.9993263143960702,0.9997261774370205
2022-10-12,0.099614161614099,0.0,0.0,0.9993263143960702,0.9997261774370205
2022-10-12,0.0021683185408825764,0.0,0.0,0.9993263143960702,0.9997261774370205
2022-10-12,0.24424307474576878,0.0,0.0,0.9993263143960702,0.9997261774370205
2022-10-12,0.02258822624777119,0.0,0.0,0.9993263143960702,0.9997261774370205
2022-10-12,0.13901452491073293,0.0,0.0,0.9993263143960702,0.9997261774370205
2022-10-12,0.30931760715788964,0.0,0.0,0.9993263143960702,0.9997261774370205
2022-10-12,0.15432007639998327,0.0,0.0,0.9993263143960702,0.9997261774370205
2022-10-12,0.08924017600778208,0.0,0.0,0.9993263143960702,0.9997261774370205
2022-10-12,0.03101106013672407,0.0,0.0,0.9993263143960702,0.9997261774370205
2022-10-12,0.06052259141476513,0.0,0.0,0.9993263143960702,0.9997261774370205
2022-10-13,0.0063586929499915516,0.0,0.0,0.998312240276471,0.9972617743702088
2022-10-13,0.0013217205870823094,0.0,0.0,0.998312240276471,0.9972617743702088
2022-10-13,0.029314573811627956,0.0,0.0,0.998312240276471,0.9972617743702088
2022-10-13,0.20604029664432955,0.0,0.0,0.998312240276471,0.9972617743702088
2022-10-13,0.06897301385431027,0.0,0.0,0.998312240276471,0.9972617743702088
2022-10-13,0.04807333913469301,0.0,0.0,0.998312240276471,0.9972617743702088
2022-10-13,0.02114077648917616,0.0,0.0,0.998312240276471,0.9972617743702088
2022-10-13,0.06329099056943288,0.0,0.0,0.998312240276471,0.9972617743702088
2022-10-13,0.0019864003770311534,0.0,0.0,0.998312240276471,0.9972617743702088
2022-10-13,0.009674350187348914,0.0,0.0,0.998312240276471,0.9972617743702088
2022-10-13,0.060230048747816636,0.0,0.0,0.998312240276471,0.9972617743702088
2022-10-13,0.016147631181251666,0.0,0.0,0.998312240276471,0.9972617743702088
2022-10-14,0.007239291753889814,0.0,0.0,0.9903272930130529,0.9928806133625407
2022-10-14,0.003540721478887124,0.0,0.0,0.9903272930130529,0.9928806133625407
2022-10-14,0.00628227619347251,0.0,0.0,0.9903272930130529,0.9928806133625407
2022-10-14,0.0,0.0,0.0,0.9903272930130529,0.9928806133625407
2022-10-14,0.01534904829980425,0.0,0.0,0.9903272930130529,0.9928806133625407
2022-10-14,0.002379805656643306,0.0,0.0,0.9903272930130529,0.9928806133625407
2022-10-14,0.004684988263876718,0.0,0.0,0.9903272930130529,0.9928806133625407
2022-10-14,0.0008212096569333705,0.0,0.0,0.9903272930130529,0.9928806133625407
2022-10-14,0.0007329798862136983,0.0,0.0,0.9903272930130529,0.9928806133625407
2022-10-14,0.008132740974105697,0.0,0.0,0.9903272930130529,0.9928806133625407
2022-10-15,0.0,0.0,0.0,0.9827914694855877,0.9874041621029583
2022-10-15,0.0,0.0,0.0,0.9827914694855877,0.9874041621029583
2022-10-15,0.0,0.0,0.0,0.9827914694855877,0.9874041621029583
2022-10-15,0.0,0.0,0.0,0.9827914694855877,0.9874041621029583
2022-10-15,0.0,0.0,0.0,0.9827914694855877,0.9874041621029583
2022-10-15,0.0,0.0,0.0,0.9827914694855877,0.9874041621029583
2022-10-15,0.0,0.0,0.0,0.9827914694855877,0.9874041621029583
2022-10-15,0.0,0.0,0.0,0.9827914694855877,0.9874041621029583
2022-10-15,0.0,0.0,0.0,0.9827914694855877,0.9874041621029583
2022-10-15,0.0,0.0,0.0,0.9827914694855877,0.9874041621029583
2022-10-16,0.0,0.0,0.0,0.9752580097672592,0.9816538882803929
2022-10-16,0.0,0.0,0.0,0.9752580097672592,0.9816538882803929
2022-10-16,0.0,0.0,0.0,0.9752580097672592,0.9816538882803929
2022-10-16,0.0,0.0,0.0,0.9752580097672592,0.9816538882803929
2022-10-16,0.0,0.0,0.0,0.9752580097672592,0.9816538882803929
2022-10-16,0.0,0.0,0.0,0.9752580097672592,0.9816538882803929
2022-10-16,0.0,0.0,0.0,0.9752580097672592,0.9816538882803929
2022-10-16,0.0,0.0,0.0,0.9752580097672592,0.9816538882803929
2022-10-16,0.0,0.0,0.0,0.9752580097672592,0.9816538882803929
2022-10-16,0.0,0.0,0.0,0.9752580097672592,0.9816538882803929
2022-10-17,0.0,0.0,0.0,0.9685093346822802,0.9767250821467695
2022-10-17,0.0,0.0,0.0,0.9685093346822802,0.9767250821467695
2022-10-17,0.0,0.0,0.0,0.9685093346822802,0.9767250821467695
2022-10-17,0.0,0.0,0.0,0.9685093346822802,0.9767250821467695
2022-10-17,0.0,0.0,0.0,0.9685093346822802,0.9767250821467695
2022-10-17,0.0,0.0,0.0,0.9685093346822802,0.9767250821467695
2022-10-17,0.0,0.0,0.0,0.9685093346822802,0.9767250821467695
2022-10-17,0.0,0.0,0.0,0.9685093346822802,0.9767250821467695
2022-10-17,0.0,0.0,0.0,0.9685093346822802,0.9767250821467695
2022-10-17,0.0,0.0,0.0,0.9685093346822802,0.9767250821467695
2022-10-18,0.001054929323373997,0.0,0.0,0.9667104759293315,0.9753559693318739
2022-10-18,0.0,0.0,0.0,0.9667104759293315,0.9753559693318739
2022-10-18,0.0,0.0,0.0,0.9667104759293315,0.9753559693318739
2022-10-18,0.0016718836678029786,0.0,0.0,0.9667104759293315,0.9753559693318739
2022-10-18,0.0009371405865295751,0.0,0.0,0.9667104759293315,0.9753559693318739
2022-10-18,0.0008255587239153283,0.0,0.0,0.9667104759293315,0.9753559693318739
2022-10-18,0.006186692278822778,0.0,0.0,0.9667104759293315,0.9753559693318739
2022-10-18,0.0,0.0,0.0,0.9667104759293315,0.9753559693318739
2022-10-18,0.0,0.0,0.0,0.9667104759293315,0.9753559693318739
2022-10-18,0.0,0.0,0.0,0.9667104759293315,0.9753559693318739
2022-10-19,0.0,0.0,0.0,0.9671619634744211,0.9756297918948516
2022-10-19,0.0015189800475227584,0.0,0.0,0.9671619634744211,0.9756297918948516
2022-10-19,0.0010178343563105449,0.0,0.0,0.9671619634744211,0.9756297918948516
2022-10-19,0.03169634186592851,0.0,0.0,0.9671619634744211,0.9756297918948516
2022-10-19,0.0009615927800733853,0.0,0.0,0.9671619634744211,0.9756297918948516
2022-10-19,0.001749857634367699,0.0,0.0,0.9671619634744211,0.9756297918948516
2022-10-19,0.0,0.0,0.0,0.9671619634744211,0.9756297918948516
2022-10-19,0.0021926411398447846,0.0,0.0,0.9671619634744211,0.9756297918948516
2022-10-19,0.0010218579530273087,0.0,0.0,0.9671619634744211,0.9756297918948516
2022-10-19,0.0002540487911878002,0.0,0.0,0.9671619634744211,0.9756297918948516
2022-10-20,0.0,0.0,0.0,0.9676087234012376,0.9761774370208105
2022-10-20,0.0,0.0,0.0,0.9676087234012376,0.9761774370208105
2022-10-20,0.0,0.0,0.0,0.9676087234012376,0.9761774370208105
2022-10-20,5.404189233563795e-05,0.0,0.0,0.9676087234012376,0.9761774370208105
2022-10-20,0.0,0.0,0.0,0.9676087234012376,0.9761774370208105
2022-10-20,0.0,0.0,0.0,0.9676087234012376,0.9761774370208105
2022-10-20,0.0,0.0,0.0,0.9676087234012376,0.9761774370208105
2022-10-20,0.0,0.0,0.0,0.9676087234012376,0.9761774370208105
2022-10-20,0.0,0.0,0.0,0.9676087234012376,0.9761774370208105
2022-10-20,0.0,0.0,0.0,0.9676087234012376,0.9761774370208105
2022-10-21,0.005109251865547965,0.0,0.0,,
2022-10-21,0.018078422482723667,0.0,0.0,,
2022-10-21,0.1491320330458967,0.0,0.0,,
2022-10-21,0.07368138659548991,0.0,0.0,,
2022-10-21,0.02086128562210576,0.0,0.0,,
2022-10-21,0.007477254597150316,0.0,0.0,,
2022-10-21,0.016385578989735423,0.0,0.0,,
2022-10-21,0.026321374933455068,0.0,0.0,,
2022-10-21,0.044956874475060665,0.0,0.0,,
2022-10-21,0.012068997369776622,0.0,0.0,,
2022-10-22,0.001009450886129659,0.0,0.0,,
2022-10-22,0.0071868778041354105,0.0,0.0,,
2022-10-22,0.0017345516567712426,0.0,0.0,,
2022-10-22,0.01168292214138797,0.0,0.0,,
2022-10-22,0.0005637598343491444,0.0,0.0,,
2022-10-22,0.025839560610492633,0.0,0.0,,
2022-10-22,0.0,0.0,0.0,,
2022-10-22,0.0010691766023178616,0.0,0.0,,
2022-10-22,0.014724537489944617,0.0,0.0,,
2022-10-22,0.002323708506796272,0.0,0.0,,
2022-10-23,0.0,0.0,0.0,,
2022-10-23,0.0,0.0,0.0,,
2022-10-23,0.0,0.0,0.0,,
2022-10-23,0.0,0.0,0.0,,
2022-10-23,0.0,0.0,0.0,,
2022-10-23,0.0,0.0,0.0,,
2022-10-23,0.0,0.0,0.0,,
2022-10-23,0.0,0.0,0.0,,
2022-10-23,0.0,0.0,0.0,,
2022-10-23,0.0,0.0,0.0,,
2022-10-24,0.0,0.0,0.0,,
2022-10-24,0.0,0.0,0.0,,
2022-10-24,0.0,0.0,0.0,,
2022-10-24,0.0,0.0,0.0,,
2022-10-24,0.0,0.0,0.0,,
2022-10-24,0.0,0.0,0.0,,
2022-10-24,0.0,0.0,0.0,,
2022-10-24,0.0,0.0,0.0,,
2022-10-24,0.0,0.0,0.0,,
2022-10-24,0.0,0.0,0.0,,
2022-10-25,0.0,0.0,0.0,,
2022-10-25,0.0,0.0,0.0,,
2022-10-25,0.0,0.0,0.0,,
2022-10-25,0.0,0.0,0.0,,
2022-10-25,0.0,0.0,0.0,,
2022-10-25,0.0,0.0,0.0,,
2022-10-25,0.0,0.0,0.0,,
2022-10-25,0.0,0.0,0.0,,
2022-10-25,0.0,0.0,0.0,,
2022-10-25,0.0,0.0,0.0,,
2022-10-26,0.0,0.0,0.0,,
2022-10-26,0.0,0.0,0.0,,
2022-10-26,0.0,0.0,0.0,,
2022-10-26,0.0,0.0,0.0,,
2022-10-26,0.0,0.0,0.0,,
2022-10-26,0.0,0.0,0.0,,
2022-10-26,0.0,0.0,0.0,,
2022-10-26,0.0,0.0,0.0,,
2022-10-26,0.0,0.0,0.0,,
2022-10-26,0.0,0.0,0.0,,
2022-10-27,0.0,0.0,0.0,0.967722186239794,0.9761774370208105
2022-10-27,0.0,0.0,0.0,0.967722186239794,0.9761774370208105
2022-10-27,0.0,0.0,0.0,0.967722186239794,0.9761774370208105
2022-10-27,0.0,0.0,0.0,0.967722186239794,0.9761774370208105
2022-10-27,0.0,0.0,0.0,0.967722186239794,0.9761774370208105
2022-10-27,0.0,0.0,0.0,0.967722186239794,0.9761774370208105
2022-10-27,0.0,0.0,0.0,0.967722186239794,0.9761774370208105
2022-10-27,0.0,0.0,0.0,0.967722186239794,0.9761774370208105
2022-10-27,0.0,0.0,0.0,0.967722186239794,0.9761774370208105
2022-10-27,0.0,0.0,0.0,0.967722186239794,0.9761774370208105
2022-10-28,0.0,0.0,0.0,0.967273062503841,0.975903614457831
2022-10-28,0.0,0.0,0.0,0.967273062503841,0.975903614457831
2022-10-28,0.0,0.0,0.0,0.967273062503841,0.975903614457831
2022-10-28,0.0,0.0,0.0,0.967273062503841,0.975903614457831
2022-10-28,0.0,0.0,0.0,0.967273062503841,0.975903614457831
2022-10-28,0.0,0.0,0.0,0.967273062503841,0.975903614457831
2022-10-28,0.0,0.0,0.0,0.967273062503841,0.975903614457831
2022-10-28,0.0,0.0,0.0,0.967273062503841,0.975903614457831
2022-10-28,0.0,0.0,0.0,0.967273062503841,0.975903614457831
2022-10-28,0.0,0.0,0.0,0.967273062503841,0.975903614457831
2022-10-29,0.0,0.0,0.0,0.9663748150319349,0.9750821467688944
2022-10-29,0.0,0.0,0.0,0.9663748150319349,0.9750821467688944
2022-10-29,0.0,0.0,0.0,0.9663748150319349,0.9750821467688944
2022-10-29,0.0,0.0,0.0,0.9663748150319349,0.9750821467688944
2022-10-29,0.0,0.0,0.0,0.9663748150319349,0.9750821467688944
2022-10-29,0.0,0.0,0.0,0.9663748150319349,0.9750821467688944
2022-10-29,0.0,0.0,0.0,0.9663748150319349,0.9750821467688944
2022-10-29,0.0,0.0,0.0,0.9663748150319349,0.9750821467688944
2022-10-29,0.0,0.0,0.0,0.9663748150319349,0.9750821467688944
2022-10-29,0.0,0.0,0.0,0.9663748150319349,0.9750821467688944
2022-10-30,0.0,0.0,0.0,0.9656987656188689,0.9748083242059131
2022-10-30,0.0,0.0,0.0,0.9656987656188689,0.9748083242059131
2022-10-30,0.0,0.0,0.0,0.9656987656188689,0.9748083242059131
2022-10-30,0.0,0.0,0.0,0.9656987656188689,0.9748083242059131
2022-10-30,0.0,0.0,0.0,0.9656987656188689,0.9748083242059131
2022-10-30,0.0,0.0,0.0,0.9656987656188689,0.9748083242059131
2022-10-30,0.0,0.0,0.0,0.9656987656188689,0.9748083242059131
2022-10-30,0.0,0.0,0.0,0.9656987656188689,0.9748083242059131
2022-10-30,0.0,0.0,0.0,0.9656987656188689,0.9748083242059131
2022-10-30,0.0,0.0,0.0,0.9656987656188689,0.9748083242059131
2022-10-31,0.0,0.0,0.0,0.9651361790443591,0.974260679079956
2022-10-31,0.0,0.0,0.0,0.9651361790443591,0.974260679079956
2022-10-31,0.0,0.0,0.0,0.9651361790443591,0.974260679079956
2022-10-31,0.0,0.0,0.0,0.9651361790443591,0.974260679079956
2022-10-31,0.0,0.0,0.0,0.9651361790443591,0.974260679079956
2022-10-31,0.0,0.0,0.0,0.9651361790443591,0.974260679079956
2022-10-31,0.0,0.0,0.0,0.9651361790443591,0.974260679079956
2022-10-31,0.0,0.0,0.0,0.9651361790443591,0.974260679079956
2022-10-31,0.0,0.0,0.0,0.9651361790443591,0.974260679079956
2022-10-31,0.0,0.0,0.0,0.9651361790443591,0.974260679079956
2022-11-01,0.0,0.0,0.0,0.9643490306018729,0.9737130339539988
2022-11-01,0.0,0.0,0.0,0.9643490306018729,0.9737130339539988
2022-11-01,0.0,0.0,0.0,0.9643490306018729,0.9737130339539988
2022-11-01,0.0,0.0,0.0,0.9643490306018729,0.9737130339539988
2022-11-01,0.0,0.0,0.0,0.9643490306018729,0.9737130339539988
2022-11-01,0.0,0.0,0.0,0.9643490306018729,0.9737130339539988
2022-11-01,0.0,0.0,0.0,0.9643490306018729,0.9737130339539988
2022-11-01,0.0,0.0,0.0,0.9643490306018729,0.9737130339539988
2022-11-01,0.0,0.0,0.0,0.9643490306018729,0.9737130339539988
2022-11-01,0.0,0.0,0.0,0.9643490306018729,0.9737130339539988
2022-11-02,0.0,0.0,0.0,0.9632238574528538,0.9728915662650603
2022-11-02,0.0,0.0,0.0,0.9632238574528538,0.9728915662650603
2022-11-02,0.0,0.0,0.0,0.9632238574528538,0.9728915662650603
2022-11-02,0.0,0.0,0.0,0.9632238574528538,0.9728915662650603
2022-11-02,0.0,0.0,0.0,0.9632238574528538,0.9728915662650603
2022-11-02,0.0010091871951060012,0.0,0.0,0.9632238574528538,0.9728915662650603
2022-11-02,0.0,0.0,0.0,0.9632238574528538,0.9728915662650603
2022-11-02,1.5172694287974732e-05,0.0,0.0,0.9632238574528538,0.9728915662650603
2022-11-02,3.947542505619007e-05,0.0,0.0,0.9632238574528538,0.9728915662650603
2022-11-02,0.0,0.0,0.0,0.9632238574528538,0.9728915662650603
2022-11-03,0.0,0.0,0.0,0.961874122435858,0.9717962760131442
2022-11-03,0.0,0.0,0.0,0.961874122435858,0.9717962760131442
2022-11-03,0.0,0.0,0.0,0.961874122435858,0.9717962760131442
2022-11-03,0.0,0.0,0.0,0.961874122435858,0.9717962760131442
2022-11-03,0.0,0.0,0.0,0.961874122435858,0.9717962760131442
2022-11-03,0.0,0.0,0.0,0.961874122435858,0.9717962760131442
2022-11-03,0.0,0.0,0.0,0.961874122435858,0.9717962760131442
2022-11-03,0.0,0.0,0.0,0.961874122435858,0.9717962760131442
2022-11-03,0.0,0.0,0.0,0.961874122435858,0.9717962760131442
2022-11-03,0.0,0.0,0.0,0.961874122435858,0.9717962760131442
2022-11-04,0.0,0.0,0.0,,
2022-11-04,0.0,0.0,0.0,,
2022-11-04,0.0,0.0,0.0,,
2022-11-04,0.0,0.0,0.0,,
2022-11-04,0.0,0.0,0.0,,
2022-11-04,0.0,0.0,0.0,,
2022-11-04,0.0,0.0,0.0,,
2022-11-04,0.0,0.0,0.0,,
2022-11-04,0.0,0.0,0.0,,
2022-11-04,0.0,0.0,0.0,,
2022-11-05,0.0,0.0,0.0,,
2022-11-05,0.0,0.0,0.0,,
2022-11-05,0.0,0.0,0.0,,
2022-11-05,0.0,0.0,0.0,,
2022-11-05,0.0,0.0,0.0,,
2022-11-05,0.0,0.0,0.0,,
2022-11-05,0.0,0.0,0.0,,
2022-11-05,0.0,0.0,0.0,,
2022-11-05,0.0,0.0,0.0,,
2022-11-05,0.0,0.0,0.0,,
2022-11-06,0.0,0.0,0.0,,
2022-11-06,0.0001550923350728629,0.0,0.0,,
2022-11-06,0.003414986190592856,0.0,0.0,,
2022-11-06,0.016692211211667203,0.0,0.0,,
2022-11-06,0.0020630124331065865,0.0,0.0,,
2022-11-06,0.0005821341065622279,0.0,0.0,,
2022-11-06,0.0005791565286569914,0.0,0.0,,
2022-11-06,0.029540990999006936,0.0,0.0,,
2022-11-06,0.0,0.0,0.0,,
2022-11-06,1.1971420184867943e-05,0.0,0.0,,
2022-11-07,6.892992683912486e-05,0.0,0.0,,
2022-11-07,0.0015177716402634913,0.0,0.0,,
2022-11-07,0.0020503258524884006,0.0,0.0,,
2022-11-07,0.0,0.0,0.0,,
2022-11-07,0.009339355635655244,0.0,0.0,,
2022-11-07,0.0,0.0,0.0,,
2022-11-07,0.0,0.0,0.0,,
2022-11-07,8.88631324367966e-06,0.0,0.0,,
2022-11-07,0.0,0.0,0.0,,
2022-11-07,0.0007785779499044925,0.0,0.0,,
2022-11-08,0.0,0.0,0.0,,
2022-11-08,0.0,0.0,0.0,,
2022-11-08,0.0,0.0,0.0,,
2022-11-08,0.0,0.0,0.0,,
2022-11-08,0.0,0.0,0.0,,
2022-11-08,0.0,0.0,0.0,,
2022-11-08,0.0,0.0,0.0,,
2022-11-08,0.0011066072069678627,0.0,0.0,,
2022-11-08,5.780073654274507e-06,0.0,0.0,,
2022-11-08,0.0,0.0,0.0,,
2022-11-09,0.0,0.0,0.0,,
2022-11-09,0.0,0.0,0.0,,
2022-11-09,0.0,0.0,0.0,,
2022-11-09,0.0002741683405265016,0.0,0.0,,
2022-11-09,4.204987276689697e-06,0.0,0.0,,
2022-11-09,0.0,0.0,0.0,,
2022-11-09,0.0,0.0,0.0,,
2022-11-09,0.0,0.0,0.0,,
2022-11-09,0.0,0.0,0.0,,
2022-11-09,0.0,0.0,0.0,,
2022-11-10,0.0533911575053522,0.0,0.0,0.9906724091469958,0.9679627601314333
2022-11-10,0.13714335409209727,0.0,0.0,0.9906724091469958,0.9679627601314333
2022-11-10,0.08154213393275084,0.0,0.0,0.9906724091469958,0.9679627601314333
2022-11-10,0.2337518123376382,0.0,0.0,0.9906724091469958,0.9679627601314333
2022-11-10,0.1244747569503469,0.0,0.0,0.9906724091469958,0.9679627601314333
2022-11-10,0.03475305762182875,0.0,0.0,0.9906724091469958,0.9679627601314333
2022-11-10,0.030465153144174188,0.0,0.0,0.9906724091469958,0.9679627601314333
2022-11-10,0.1208425531967005,0.0,0.0,0.9906724091469958,0.9679627601314333
2022-11-10,0.019049231519170918,0.0,0.0,0.9906724091469958,0.9679627601314333
2022-11-10,0.0058735347393825115,0.0,0.0,0.9906724091469958,0.9679627601314333
2022-11-11,0.00011035598369885382,0.0,0.0,,
2022-11-11,0.0,0.0,0.0,,
2022-11-11,0.0,0.0,0.0,,
2022-11-11,0.0,0.0,0.0,,
2022-11-11,0.0005251479142856188,0.0,0.0,,
2022-11-11,0.0005530847381819609,0.0,0.0,,
2022-11-11,0.002514936420993825,0.0,0.0,,
2022-11-11,0.0015220811297021622,0.0,0.0,,
2022-11-11,0.002738688994864463,0.0,0.0,,
2022-11-11,0.0029539713365715403,0.0,0.0,,
2022-11-12,0.0,0.0,0.0,,
2022-11-12,0.0,0.0,0.0,,
2022-11-12,0.0,0.0,0.0,,
2022-11-12,0.0,0.0,0.0,,
2022-11-12,0.0,0.0,0.0,,
2022-11-12,0.0,0.0,0.0,,
2022-11-12,0.0,0.0,0.0,,
2022-11-12,0.0,0.0,0.0,,
2022-11-12,0.0,0.0,0.0,,
2022-11-12,0.0,0.0,0.0,,
2022-11-13,0.0,0.0,0.0,,
2022-11-13,0.0,0.0,0.0,,
2022-11-13,0.0,0.0,0.0,,
2022-11-13,0.0,0.0,0.0,,
2022-11-13,0.0,0.0,0.0,,
2022-11-13,0.0,0.0,0.0,,
2022-11-13,0.0,0.0,0.0,,
2022-11-13,0.0,0.0,0.0,,
2022-11-13,0.0,0.0,0.0,,
2022-11-13,0.0,0.0,0.0,,
2022-11-14,0.02998982675348591,0.0,0.0,,
2022-11-14,0.012399741771872433,0.0,0.0,,
2022-11-14,0.032779813371604224,0.0,0.0,,
2022-11-14,6.263998187449876e-05,0.0,0.0,,
2022-11-14,0.0011371301662669486,0.0,0.0,,
2022-11-14,0.017873017930088733,0.0,0.0,,
2022-11-14,0.030382331802202647,0.0,0.0,,
2022-11-14,0.06474531822151472,0.0,0.0,,
2022-11-14,0.0002583663111084338,0.0,0.0,,
2022-11-14,0.01032767987310707,0.0,0.0,,
2022-11-15,0.1312120354448853,0.0,0.0,,
2022-11-15,0.07584817431849948,0.0,0.0,,
2022-11-15,0.017426924051935692,0.0,0.0,,
2022-11-15,0.22843073032616112,0.0,0.0,,
2022-11-15,0.17519397967167225,0.0,0.0,,
2022-11-15,0.1697168513568134,0.0,0.0,,
2022-11-15,0.04765240281005136,0.0,0.0,,
2022-11-15,0.0738329660598921,0.0,0.0,,
2022-11-15,0.03116554422393086,0.0,0.0,,
2022-11-15,0.12376057394392644,0.0,0.0,,
2022-11-16,0.0001886099720350102,0.0,0.0,,
2022-11-16,0.0,0.0,0.0,,
2022-11-16,0.0013289564900446692,0.0,0.0,,
2022-11-16,0.0,0.0,0.0,,
2022-11-16,0.0,0.0,0.0,,
2022-11-16,0.0,0.0,0.0,,
2022-11-16,0.0,0.0,0.0,,
2022-11-16,0.0,0.0,0.0,,
2022-11-16,0.0,0.0,0.0,,
2022-11-16,0.000144472574851562,0.0,0.0,,
2022-11-17,0.0,0.0,0.0,0.9887813618377197,0.9660460021905806
2022-11-17,0.0,0.0,0.0,0.9887813618377197,0.9660460021905806
2022-11-17,0.0,0.0,0.0,0.9887813618377197,0.9660460021905806
2022-11-17,0.0,0.0,0.0,0.9887813618377197,0.9660460021905806
2022-11-17,0.0,0.0,0.0,0.9887813618377197,0.9660460021905806
2022-11-17,0.0,0.0,0.0,0.9887813618377197,0.9660460021905806
2022-11-17,0.0,0.0,0.0,0.9887813618377197,0.9660460021905806
2022-11-17,0.0,0.0,0.0,0.9887813618377197,0.9660460021905806
2022-11-17,0.0,0.0,0.0,0.9887813618377197,0.9660460021905806
2022-11-17,0.0,0.0,0.0,0.9887813618377197,0.9660460021905806
2022-11-18,0.0,0.0,0.0,0.9536646133044633,0.9657721796276011
2022-11-18,0.0,0.0,0.0,0.9536646133044633,0.9657721796276011
2022-11-18,0.0,0.0,0.0,0.9536646133044633,0.9657721796276011
2022-11-18,0.0,0.0,0.0,0.9536646133044633,0.9657721796276011
2022-11-18,0.0,0.0,0.0,0.9536646133044633,0.9657721796276011
2022-11-18,0.0,0.0,0.0,0.9536646133044633,0.9657721796276011
2022-11-18,0.0,0.0,0.0,0.9536646133044633,0.9657721796276011
2022-11-18,0.0,0.0,0.0,0.9536646133044633,0.9657721796276011
2022-11-18,0.0,0.0,0.0,0.9536646133044633,0.9657721796276011
2022-11-18,0.0,0.0,0.0,0.9536646133044633,0.9657721796276011
2022-11-19,0.0,0.0,0.0,0.9517546555220944,0.9644030668127055
2022-11-19,0.0,0.0,0.0,0.9517546555220944,0.9644030668127055
2022-11-19,0.0,0.0,0.0,0.9517546555220944,0.9644030668127055
2022-11-19,0.0,0.0,0.0,0.9517546555220944,0.9644030668127055
2022-11-19,0.0,0.0,0.0,0.9517546555220944,0.9644030668127055
2022-11-19,0.0,0.0,0.0,0.9517546555220944,0.9644030668127055
2022-11-19,0.0,0.0,0.0,0.9517546555220944,0.9644030668127055
2022-11-19,0.0,0.0,0.0,0.9517546555220944,0.9644030668127055
2022-11-19,0.0,0.0,0.0,0.9517546555220944,0.9644030668127055
2022-11-19,0.0,0.0,0.0,0.9517546555220944,0.9644030668127055
2022-11-20,0.0,0.0,0.0,0.9497288710920324,0.9627601314348286
2022-11-20,0.0,0.0,0.0,0.9497288710920324,0.9627601314348286
2022-11-20,0.0,0.0,0.0,0.9497288710920324,0.9627601314348286
2022-11-20,0.0,0.0,0.0,0.9497288710920324,0.9627601314348286
2022-11-20,0.0,0.0,0.0,0.9497288710920324,0.9627601314348286
2022-11-20,0.0,0.0,0.0,0.9497288710920324,0.9627601314348286
2022-11-20,0.0,0.0,0.0,0.9497288710920324,0.9627601314348286
2022-11-20,0.0,0.0,0.0,0.9497288710920324,0.9627601314348286
2022-11-20,0.0,0.0,0.0,0.9497288710920324,0.9627601314348286
2022-11-20,0.0,0.0,0.0,0.9497288710920324,0.9627601314348286
2022-11-21,0.0,0.0,0.0,0.9478165495005271,0.9613910186199348
2022-11-21,0.0,0.0,0.0,0.9478165495005271,0.9613910186199348
2022-11-21,0.0,0.0,0.0,0.9478165495005271,0.9613910186199348
2022-11-21,0.0,0.0,0.0,0.9478165495005271,0.9613910186199348
2022-11-21,0.0,0.0,0.0,0.9478165495005271,0.9613910186199348
2022-11-21,0.0,0.0,0.0,0.9478165495005271,0.9613910186199348
2022-11-21,0.0,0.0,0.0,0.9478165495005271,0.9613910186199348
2022-11-21,0.0,0.0,0.0,0.9478165495005271,0.9613910186199348
2022-11-21,0.0,0.0,0.0,0.9478165495005271,0.9613910186199348
2022-11-21,0.0,0.0,0.0,0.9478165495005271,0.9613910186199348
2022-11-22,0.0,0.0,0.0,0.9454551041730686,0.9597480832420597
2022-11-22,0.0,0.0,0.0,0.9454551041730686,0.9597480832420597
2022-11-22,0.0,0.0,0.0,0.9454551041730686,0.9597480832420597
2022-11-22,0.0,0.0,0.0,0.9454551041730686,0.9597480832420597
2022-11-22,0.0,0.0,0.0,0.9454551041730686,0.9597480832420597
2022-11-22,0.0,0.0,0.0,0.9454551041730686,0.9597480832420597
2022-11-22,0.0,0.0,0.0,0.9454551041730686,0.9597480832420597
2022-11-22,0.0,0.0,0.0,0.9454551041730686,0.9597480832420597
2022-11-22,0.0,0.0,0.0,0.9454551041730686,0.9597480832420597
2022-11-22,0.0,0.0,0.0,0.9454551041730686,0.9597480832420597
2022-11-23,0.0,0.0,0.0,0.9415193619606379,0.9567360350492873
2022-11-23,0.0,0.0,0.0,0.9415193619606379,0.9567360350492873
2022-11-23,0.0,0.0,0.0,0.9415193619606379,0.9567360350492873
2022-11-23,0.0,0.0,0.0,0.9415193619606379,0.9567360350492873
2022-11-23,0.0,0.0,0.0,0.9415193619606379,0.9567360350492873
2022-11-23,0.0,0.0,0.0,0.9415193619606379,0.9567360350492873
2022-11-23,0.0,0.0,0.0,0.9415193619606379,0.9567360350492873
2022-11-23,0.0,0.0,0.0,0.9415193619606379,0.9567360350492873
2022-11-23,0.0,0.0,0.0,0.9415193619606379,0.9567360350492873
2022-11-23,0.0,0.0,0.0,0.9415193619606379,0.9567360350492873
2022-11-24,0.0,0.0,0.0,0.9370210331736972,0.9534501642935371
2022-11-24,0.0,0.0,0.0,0.9370210331736972,0.9534501642935371
2022-11-24,0.0,0.0,0.0,0.9370210331736972,0.9534501642935371
2022-11-24,0.0,0.0,0.0,0.9370210331736972,0.9534501642935371
2022-11-24,0.0,0.0,0.0,0.9370210331736972,0.9534501642935371
2022-11-24,0.0,0.0,0.0,0.9370210331736972,0.9534501642935371
2022-11-24,0.0,0.0,0.0,0.9370210331736972,0.9534501642935371
2022-11-24,0.0,0.0,0.0,0.9370210331736972,0.9534501642935371
2022-11-24,0.0,0.0,0.0,0.9370210331736972,0.9534501642935371
2022-11-24,0.0,0.0,0.0,0.9370210331736972,0.9534501642935371
2022-11-25,0.0,0.0,0.0,0.9317355559442706,0.9493428258488503
2022-11-25,0.0,0.0,0.0,0.9317355559442706,0.9493428258488503
2022-11-25,0.0,0.0,0.0,0.9317355559442706,0.9493428258488503
2022-11-25,0.0,0.0,0.0,0.9317355559442706,0.9493428258488503
2022-11-25,0.0,0.0,0.0,0.9317355559442706,0.9493428258488503
2022-11-25,0.0,0.0,0.0,0.9317355559442706,0.9493428258488503
2022-11-25,0.0,0.0,0.0,0.9317355559442706,0.9493428258488503
2022-11-25,0.0,0.0,0.0,0.9317355559442706,0.9493428258488503
2022-11-25,0.0,0.0,0.0,0.9317355559442706,0.9493428258488503
2022-11-25,0.0,0.0,0.0,0.9317355559442706,0.9493428258488503
2022-11-26,0.0,0.0,0.0,0.9259985911697546,0.9452354874041617
2022-11-26,0.0,0.0,0.0,0.9259985911697546,0.9452354874041617
2022-11-26,0.0,0.0,0.0,0.9259985911697546,0.9452354874041617
2022-11-26,0.0,0.0,0.0,0.9259985911697546,0.9452354874041617
2022-11-26,0.0,0.0,0.0,0.9259985911697546,0.9452354874041617
2022-11-26,0.0,0.0,0.0,0.9259985911697546,0.9452354874041617
2022-11-26,0.0,0.0,0.0,0.9259985911697546,0.9452354874041617
2022-11-26,0.0,0.0,0.0,0.9259985911697546,0.9452354874041617
2022-11-26,0.0,0.0,0.0,0.9259985911697546,0.9452354874041617
2022-11-26,0.0,0.0,0.0,0.9259985911697546,0.9452354874041617
2022-11-27,0.0,0.0,0.0,0.9203774530429314,0.9411281489594749
2022-11-27,0.0,0.0,0.0,0.9203774530429314,0.9411281489594749
2022-11-27,0.0,0.0,0.0,0.9203774530429314,0.9411281489594749
2022-11-27,0.0,0.0,0.0,0.9203774530429314,0.9411281489594749
2022-11-27,0.0,0.0,0.0,0.9203774530429314,0.9411281489594749
2022-11-27,0.0,0.0,0.0,0.9203774530429314,0.9411281489594749
2022-11-27,0.0,0.0,0.0,0.9203774530429314,0.9411281489594749
2022-11-27,0.0,0.0,0.0,0.9203774530429314,0.9411281489594749
2022-11-27,0.0,0.0,0.0,0.9203774530429314,0.9411281489594749
2022-11-27,0.0,0.0,0.0,0.9203774530429314,0.9411281489594749
2022-11-28,0.0,0.0,0.0,0.9141913645324622,0.9364731653888274
2022-11-28,0.0,0.0,0.0,0.9141913645324622,0.9364731653888274
2022-11-28,0.0,0.0,0.0,0.9141913645324622,0.9364731653888274
2022-11-28,0.0,0.0,0.0,0.9141913645324622,0.9364731653888274
2022-11-28,0.0,0.0,0.0,0.9141913645324622,0.9364731653888274
2022-11-28,0.0,0.0,0.0,0.9141913645324622,0.9364731653888274
2022-11-28,0.0,0.0,0.0,0.9141913645324622,0.9364731653888274
2022-11-28,0.0,0.0,0.0,0.9141913645324622,0.9364731653888274
2022-11-28,0.0,0.0,0.0,0.9141913645324622,0.9364731653888274
2022-11-28,0.0,0.0,0.0,0.9141913645324622,0.9364731653888274
2022-11-29,0.0,0.0,0.0,0.9080052760219928,0.9318181818181817
2022-11-29,0.0,0.0,0.0,0.9080052760219928,0.9318181818181817
2022-11-29,0.0,0.0,0.0,0.9080052760219928,0.9318181818181817
2022-11-29,0.0,0.0,0.0,0.9080052760219928,0.9318181818181817
2022-11-29,0.0,0.0,0.0,0.9080052760219928,0.9318181818181817
2022-11-29,0.0,0.0,0.0,0.9080052760219928,0.9318181818181817
2022-11-29,0.0,0.0,0.0,0.9080052760219928,0.9318181818181817
2022-11-29,0.0,0.0,0.0,0.9080052760219928,0.9318181818181817
2022-11-29,0.0,0.0,0.0,0.9080052760219928,0.9318181818181817
2022-11-29,0.0,0.0,0.0,0.9080052760219928,0.9318181818181817
2022-11-30,0.0,0.0,0.0,0.901594625643547,0.9271631982475359
2022-11-30,0.0,0.0,0.0,0.901594625643547,0.9271631982475359
2022-11-30,0.0,0.0,0.0,0.901594625643547,0.9271631982475359
2022-11-30,0.0,0.0,0.0,0.901594625643547,0.9271631982475359
2022-11-30,0.0,0.0,0.0,0.901594625643547,0.9271631982475359
2022-11-30,0.0,0.0,0.0,0.901594625643547,0.9271631982475359
2022-11-30,0.0,0.0,0.0,0.901594625643547,0.9271631982475359
2022-11-30,0.0,0.0,0.0,0.901594625643547,0.9271631982475359
2022-11-30,0.0,0.0,0.0,0.901594625643547,0.9271631982475359
2022-11-30,0.0,0.0,0.0,0.901594625643547,0.9271631982475359
2022-12-01,0.0,0.0,0.0,0.8932740174827323,0.9208652792990151
2022-12-01,0.0,0.0,0.0,0.8932740174827323,0.9208652792990151
2022-12-01,0.0,0.0,0.0,0.8932740174827323,0.9208652792990151
2022-12-01,0.0,0.0,0.0,0.8932740174827323,0.9208652792990151
2022-12-01,0.0,0.0,0.0,0.8932740174827323,0.9208652792990151
2022-12-01,0.0,0.0,0.0,0.8932740174827323,0.9208652792990151
2022-12-01,0.0,0.0,0.0,0.8932740174827323,0.9208652792990151
2022-12-01,0.0,0.0,0.0,0.8932740174827323,0.9208652792990151
2022-12-01,0.0,0.0,0.0,0.8932740174827323,0.9208652792990151
2022-12-01,0.0,0.0,0.0,0.8932740174827323,0.9208652792990151
2022-12-02,0.0,0.0,0.0,0.884501921776828,0.914293537787513
2022-12-02,0.0,0.0,0.0,0.884501921776828,0.914293537787513
2022-12-02,0.0,0.0,0.0,0.884501921776828,0.914293537787513
2022-12-02,0.0,0.0,0.0,0.884501921776828,0.914293537787513
2022-12-02,0.0,0.0,0.0,0.884501921776828,0.914293537787513
2022-12-02,0.0,0.0,0.0,0.884501921776828,0.914293537787513
2022-12-02,0.0,0.0,0.0,0.884501921776828,0.914293537787513
2022-12-02,0.0,0.0,0.0,0.884501921776828,0.914293537787513
2022-12-02,0.0,0.0,0.0,0.884501921776828,0.914293537787513
2022-12-02,0.0,0.0,0.0,0.884501921776828,0.914293537787513
2022-12-03,0.0,0.0,0.0,0.8731438188754885,0.9060788608981376
2022-12-03,0.0,0.0,0.0,0.8731438188754885,0.9060788608981376
2022-12-03,0.0,0.0,0.0,0.8731438188754885,0.9060788608981376
2022-12-03,0.0,0.0,0.0,0.8731438188754885,0.9060788608981376
2022-12-03,0.0,0.0,0.0,0.8731438188754885,0.9060788608981376
2022-12-03,0.0,0.0,0.0,0.8731438188754885,0.9060788608981376
2022-12-03,0.0,0.0,0.0,0.8731438188754885,0.9060788608981376
2022-12-03,0.0,0.0,0.0,0.8731438188754885,0.9060788608981376
2022-12-03,0.0,0.0,0.0,0.8731438188754885,0.9060788608981376
2022-12-03,0.0,0.0,0.0,0.8731438188754885,0.9060788608981376
2022-12-04,0.0,0.0,0.0,0.8614453274584797,0.8973165388828033
2022-12-04,0.0,0.0,0.0,0.8614453274584797,0.8973165388828033
2022-12-04,0.0,0.0,0.0,0.8614453274584797,0.8973165388828033
2022-12-04,0.0,0.0,0.0,0.8614453274584797,0.8973165388828033
2022-12-04,0.0,0.0,0.0,0.8614453274584797,0.8973165388828033
2022-12-04,0.0,0.0,0.0,0.8614453274584797,0.8973165388828033
2022-12-04,0.0,0.0,0.0,0.8614453274584797,0.8973165388828033
2022-12-04,0.0,0.0,0.0,0.8614453274584797,0.8973165388828033
2022-12-04,0.0,0.0,0.0,0.8614453274584797,0.8973165388828033
2022-12-04,0.0,0.0,0.0,0.8614453274584797,0.8973165388828033
2022-12-05,0.0,0.0,0.0,0.8502006873956969,0.8888280394304484
2022-12-05,0.0,0.0,0.0,0.8502006873956969,0.8888280394304484
2022-12-05,0.0,0.0,0.0,0.8502006873956969,0.8888280394304484
2022-12-05,0.0,0.0,0.0,0.8502006873956969,0.8888280394304484
2022-12-05,0.0,0.0,0.0,0.8502006873956969,0.8888280394304484
2022-12-05,0.0,0.0,0.0,0.8502006873956969,0.8888280394304484
2022-12-05,0.0,0.0,0.0,0.8502006873956969,0.8888280394304484
2022-12-05,0.0,0.0,0.0,0.8502006873956969,0.8888280394304484
2022-12-05,0.0,0.0,0.0,0.8502006873956969,0.8888280394304484
2022-12-05,0.0,0.0,0.0,0.8502006873956969,0.8888280394304484
2022-12-06,0.0,0.0,0.0,0.8388307654486746,0.8800657174151141
2022-12-06,0.0,0.0,0.0,0.8388307654486746,0.8800657174151141
2022-12-06,0.0,0.0,0.0,0.8388307654486746,0.8800657174151141
2022-12-06,0.0,0.0,0.0,0.8388307654486746,0.8800657174151141
2022-12-06,0.0,0.0,0.0,0.8388307654486746,0.8800657174151141
2022-12-06,0.0,0.0,0.0,0.8388307654486746,0.8800657174151141
2022-12-06,0.0,0.0,0.0,0.8388307654486746,0.8800657174151141
2022-12-06,0.0,0.0,0.0,0.8388307654486746,0.8800657174151141
2022-12-06,0.0,0.0,0.0,0.8388307654486746,0.8800657174151141
2022-12-06,0.0,0.0,0.0,0.8388307654486746,0.8800657174151141
2022-12-07,0.0,0.0,0.0,0.8275932168133016,0.871029572836802
2022-12-07,0.0,0.0,0.0,0.8275932168133016,0.871029572836802
2022-12-07,0.0,0.0,0.0,0.8275932168133016,0.871029572836802
2022-12-07,0.0,0.0,0.0,0.8275932168133016,0.871029572836802
2022-12-07,0.0,0.0,0.0,0.8275932168133016,0.871029572836802
2022-12-07,0.0,0.0,0.0,0.8275932168133016,0.871029572836802
2022-12-07,0.0,0.0,0.0,0.8275932168133016,0.871029572836802
2022-12-07,0.0,0.0,0.0,0.8275932168133016,0.871029572836802
2022-12-07,0.0,0.0,0.0,0.8275932168133016,0.871029572836802
2022-12-07,0.0,0.0,0.0,0.8275932168133016,0.871029572836802
2022-12-08,0.0,0.0,0.0,0.8167693347768328,0.8622672508214677
2022-12-08,0.0,0.0,0.0,0.8167693347768328,0.8622672508214677
2022-12-08,0.0,0.0,0.0,0.8167693347768328,0.8622672508214677
2022-12-08,0.0,0.0,0.0,0.8167693347768328,0.8622672508214677
2022-12-08,0.0,0.0,0.0,0.8167693347768328,0.8622672508214677
2022-12-08,0.0,0.0,0.0,0.8167693347768328,0.8622672508214677
2022-12-08,0.0,0.0,0.0,0.8167693347768328,0.8622672508214677
2022-12-08,0.0,0.0,0.0,0.8167693347768328,0.8622672508214677
2022-12-08,0.0,0.0,0.0,0.8167693347768328,0.8622672508214677
2022-12-08,0.0,0.0,0.0,0.8167693347768328,0.8622672508214677
2022-12-09,0.0,0.0,0.0,0.8055317861414597,0.8532311062431539
2022-12-09,0.0,0.0,0.0,0.8055317861414597,0.8532311062431539
2022-12-09,0.0021181546363630466,0.0,0.0,0.8055317861414597,0.8532311062431539
2022-12-09,0.0035833323671751647,0.0,0.0,0.8055317861414597,0.8532311062431539
2022-12-09,0.0,0.0,0.0,0.8055317861414597,0.8532311062431539
2022-12-09,0.0,0.0,0.0,0.8055317861414597,0.8532311062431539
2022-12-09,0.0,0.0,0.0,0.8055317861414597,0.8532311062431539
2022-12-09,0.001089666066920438,0.0,0.0,0.8055317861414597,0.8532311062431539
2022-12-09,0.0,0.0,0.0,0.8055317861414597,0.8532311062431539
2022-12-09,0.0010468807015988578,0.0,0.0,0.8055317861414597,0.8532311062431539
2022-12-10,0.0,0.0,0.0,0.7941902299040764,0.8439211391018624
2022-12-10,0.00031261154482847717,0.0,0.0,0.7941902299040764,0.8439211391018624
2022-12-10,0.0,0.0,0.0,0.7941902299040764,0.8439211391018624
2022-12-10,0.0,0.0,0.0,0.7941902299040764,0.8439211391018624
2022-12-10,0.0,0.0,0.0,0.7941902299040764,0.8439211391018624
2022-12-10,0.0,0.0,0.0,0.7941902299040764,0.8439211391018624
2022-12-10,7.947601589795498e-06,0.0,0.0,0.7941902299040764,0.8439211391018624
2022-12-10,0.0,0.0,0.0,0.7941902299040764,0.8439211391018624
2022-12-10,0.0,0.0,0.0,0.7941902299040764,0.8439211391018624
2022-12-10,0.0,0.0,0.0,0.7941902299040764,0.8439211391018624
2022-12-11,2.1675279355209916e-06,0.0,0.0,0.7833663478676078,0.8351588170865281
2022-12-11,0.0,0.0,0.0,0.7833663478676078,0.8351588170865281
2022-12-11,0.0,0.0,0.0,0.7833663478676078,0.8351588170865281
2022-12-11,0.0,0.0,0.0,0.7833663478676078,0.8351588170865281
2022-12-11,0.0,0.0,0.0,0.7833663478676078,0.8351588170865281
2022-12-11,0.0,0.0,0.0,0.7833663478676078,0.8351588170865281
2022-12-11,0.00010157936406530637,0.0,0.0,0.7833663478676078,0.8351588170865281
2022-12-11,0.0,0.0,0.0,0.7833663478676078,0.8351588170865281
2022-12-11,0.0,0.0,0.0,0.7833663478676078,0.8351588170865281
2022-12-11,0.0,0.0,0.0,0.7833663478676078,0.8351588170865281
2022-12-12,0.0,0.0,0.0,0.7725401020220022,0.8263964950711937
2022-12-12,0.0,0.0,0.0,0.7725401020220022,0.8263964950711937
2022-12-12,0.0,0.0,0.0,0.7725401020220022,0.8263964950711937
2022-12-12,0.0,0.0,0.0,0.7725401020220022,0.8263964950711937
2022-12-12,0.0,0.0,0.0,0.7725401020220022,0.8263964950711937
2022-12-12,0.0,0.0,0.0,0.7725401020220022,0.8263964950711937
2022-12-12,0.0,0.0,0.0,0.7725401020220022,0.8263964950711937
2022-12-12,0.0,0.0,0.0,0.7725401020220022,0.8263964950711937
2022-12-12,0.0,0.0,0.0,0.7725401020220022,0.8263964950711937
2022-12-12,0.0,0.0,0.0,0.7725401020220022,0.8263964950711937
2022-12-13,0.0,0.0,0.0,0.761817863778407,0.8179079956188389
2022-12-13,0.0,0.0,0.0,0.761817863778407,0.8179079956188389
2022-12-13,0.0,0.0,0.0,0.761817863778407,0.8179079956188389
2022-12-13,0.0,0.0,0.0,0.761817863778407,0.8179079956188389
2022-12-13,0.0,0.0,0.0,0.761817863778407,0.8179079956188389
2022-12-13,0.0,0.0,0.0,0.761817863778407,0.8179079956188389
2022-12-13,0.0,0.0,0.0,0.761817863778407,0.8179079956188389
2022-12-13,0.0,0.0,0.0,0.761817863778407,0.8179079956188389
2022-12-13,0.0,0.0,0.0,0.761817863778407,0.8179079956188389
2022-12-13,0.0,0.0,0.0,0.761817863778407,0.8179079956188389
2022-12-14,0.0,0.0,0.0,0.7513012769296956,0.809419496166484
2022-12-14,0.0,0.0,0.0,0.7513012769296956,0.809419496166484
2022-12-14,0.0,0.0,0.0,0.7513012769296956,0.809419496166484
2022-12-14,0.0,0.0,0.0,0.7513012769296956,0.809419496166484
2022-12-14,0.0,0.0,0.0,0.7513012769296956,0.809419496166484
2022-12-14,0.0,0.0,0.0,0.7513012769296956,0.809419496166484
2022-12-14,0.0,0.0,0.0,0.7513012769296956,0.809419496166484
2022-12-14,0.0,0.0,0.0,0.7513012769296956,0.809419496166484
2022-12-14,0.0,0.0,0.0,0.7513012769296956,0.809419496166484
2022-12-14,0.0,0.0,0.0,0.7513012769296956,0.809419496166484
2022-12-15,0.0,0.0,0.0,0.740784690080984,0.8009309967141292
2022-12-15,0.0,0.0,0.0,0.740784690080984,0.8009309967141292
2022-12-15,0.0,0.0,0.0,0.740784690080984,0.8009309967141292
2022-12-15,0.0,0.0,0.0,0.740784690080984,0.8009309967141292
2022-12-15,0.0,0.0,0.0,0.740784690080984,0.8009309967141292
2022-12-15,0.0,0.0,0.0,0.740784690080984,0.8009309967141292
2022-12-15,0.0,0.0,0.0,0.740784690080984,0.8009309967141292
2022-12-15,0.0,0.0,0.0,0.740784690080984,0.8009309967141292
2022-12-15,0.0,0.0,0.0,0.740784690080984,0.8009309967141292
2022-12-15,0.0,0.0,0.0,0.740784690080984,0.8009309967141292
2022-12-16,0.0,0.0,0.0,0.7295495052547476,0.7916210295728359
2022-12-16,0.0,0.0,0.0,0.7295495052547476,0.7916210295728359
2022-12-16,0.0,0.0,0.0,0.7295495052547476,0.7916210295728359
2022-12-16,0.0,0.0,0.0,0.7295495052547476,0.7916210295728359
2022-12-16,0.0,0.0,0.0,0.7295495052547476,0.7916210295728359
2022-12-16,0.0,0.0,0.0,0.7295495052547476,0.7916210295728359
2022-12-16,0.0,0.0,0.0,0.7295495052547476,0.7916210295728359
2022-12-16,0.0,0.0,0.0,0.7295495052547476,0.7916210295728359
2022-12-16,0.0,0.0,0.0,0.7295495052547476,0.7916210295728359
2022-12-16,0.0,0.0,0.0,0.7295495052547476,0.7916210295728359
2022-12-17,0.0,0.0,0.0,0.7182079490173644,0.7825848849945238
2022-12-17,0.0,0.0,0.0,0.7182079490173644,0.7825848849945238
2022-12-17,0.0,0.0,0.0,0.7182079490173644,0.7825848849945238
2022-12-17,0.0,0.0,0.0,0.7182079490173644,0.7825848849945238
2022-12-17,0.0,0.0,0.0,0.7182079490173644,0.7825848849945238
2022-12-17,0.0,0.0,0.0,0.7182079490173644,0.7825848849945238
2022-12-17,0.0,0.0,0.0,0.7182079490173644,0.7825848849945238
2022-12-17,0.0,0.0,0.0,0.7182079490173644,0.7825848849945238
2022-12-17,0.0,0.0,0.0,0.7182079490173644,0.7825848849945238
2022-12-17,0.0,0.0,0.0,0.7182079490173644,0.7825848849945238
2022-12-18,0.0,0.0,0.0,0.706868756589118,0.7732749178532305
2022-12-18,0.0,0.0,0.0,0.706868756589118,0.7732749178532305
2022-12-18,0.0,0.0,0.0,0.706868756589118,0.7732749178532305
2022-12-18,0.0,0.0,0.0,0.706868756589118,0.7732749178532305
2022-12-18,0.0,0.0,0.0,0.706868756589118,0.7732749178532305
2022-12-18,0.0,0.0,0.0,0.706868756589118,0.7732749178532305
2022-12-18,0.0,0.0,0.0,0.706868756589118,0.7732749178532305
2022-12-18,0.0,0.0,0.0,0.706868756589118,0.7732749178532305
2022-12-18,0.0,0.0,0.0,0.706868756589118,0.7732749178532305
2022-12-18,0.0,0.0,0.0,0.706868756589118,0.7732749178532305
2022-12-19,0.0,0.0,0.0,0.6963521697404064,0.7647864184008757
2022-12-19,0.0,0.0,0.0,0.6963521697404064,0.7647864184008757
2022-12-19,0.0,0.0,0.0,0.6963521697404064,0.7647864184008757
2022-12-19,0.0,0.0,0.0,0.6963521697404064,0.7647864184008757
2022-12-19,0.0,0.0,0.0,0.6963521697404064,0.7647864184008757
2022-12-19,0.0,0.0,0.0,0.6963521697404064,0.7647864184008757
2022-12-19,0.0,0.0,0.0,0.6963521697404064,0.7647864184008757
2022-12-19,0.0,0.0,0.0,0.6963521697404064,0.7647864184008757
2022-12-19,0.0,0.0,0.0,0.6963521697404064,0.7647864184008757
2022-12-19,0.0,0.0,0.0,0.6963521697404064,0.7647864184008757
2022-12-20,0.0,0.0,0.0,0.6864549008854829,0.7568455640744798
2022-12-20,0.0,0.0,0.0,0.6864549008854829,0.7568455640744798
2022-12-20,0.0,0.0,0.0,0.6864549008854829,0.7568455640744798
2022-12-20,0.0,0.0,0.0,0.6864549008854829,0.7568455640744798
2022-12-20,0.0,0.0,0.0,0.6864549008854829,0.7568455640744798
2022-12-20,0.0,0.0,0.0,0.6864549008854829,0.7568455640744798
2022-12-20,0.0,0.0,0.0,0.6864549008854829,0.7568455640744798
2022-12-20,0.0,0.0,0.0,0.6864549008854829,0.7568455640744798
2022-12-20,0.0,0.0,0.0,0.6864549008854829,0.7568455640744798
2022-12-20,0.0,0.0,0.0,0.6864549008854829,0.7568455640744798
2022-12-21,0.0,0.0,0.0,0.6766616396325694,0.7489047097480821
2022-12-21,0.0,0.0,0.0,0.6766616396325694,0.7489047097480821
2022-12-21,0.0,0.0,0.0,0.6766616396325694,0.7489047097480821
2022-12-21,0.0,0.0,0.0,0.6766616396325694,0.7489047097480821
2022-12-21,0.0,0.0,0.0,0.6766616396325694,0.7489047097480821
2022-12-21,0.0,0.0,0.0,0.6766616396325694,0.7489047097480821
2022-12-21,0.0,0.0,0.0,0.6766616396325694,0.7489047097480821
2022-12-21,0.0,0.0,0.0,0.6766616396325694,0.7489047097480821
2022-12-21,0.0,0.0,0.0,0.6766616396325694,0.7489047097480821
2022-12-21,0.0,0.0,0.0,0.6766616396325694,0.7489047097480821
2022-12-22,0.0,0.0,0.0,0.6674853325643074,0.7415115005476451
2022-12-22,0.0,0.0,0.0,0.6674853325643074,0.7415115005476451
2022-12-22,0.0,0.0,0.0,0.6674853325643074,0.7415115005476451
2022-12-22,0.0,0.0,0.0,0.6674853325643074,0.7415115005476451
2022-12-22,0.0,0.0,0.0,0.6674853325643074,0.7415115005476451
2022-12-22,0.0,0.0,0.0,0.6674853325643074,0.7415115005476451
2022-12-22,0.0,0.0,0.0,0.6674853325643074,0.7415115005476451
2022-12-22,0.0,0.0,0.0,0.6674853325643074,0.7415115005476451
2022-12-22,0.0,0.0,0.0,0.6674853325643074,0.7415115005476451
2022-12-22,0.0,0.0,0.0,0.6674853325643074,0.7415115005476451
2022-12-23,0.0,0.0,0.0,0.6589259796806965,0.7346659364731654
2022-12-23,0.0,0.0,0.0,0.6589259796806965,0.7346659364731654
2022-12-23,0.0,0.0,0.0,0.6589259796806965,0.7346659364731654
2022-12-23,0.0,0.0,0.0,0.6589259796806965,0.7346659364731654
2022-12-23,0.0,0.0,0.0,0.6589259796806965,0.7346659364731654
2022-12-23,0.0,0.0,0.0,0.6589259796806965,0.7346659364731654
2022-12-23,0.0,0.0,0.0,0.6589259796806965,0.7346659364731654
2022-12-23,0.0,0.0,0.0,0.6589259796806965,0.7346659364731654
2022-12-23,0.0,0.0,0.0,0.6589259796806965,0.7346659364731654
2022-12-23,0.0,0.0,0.0,0.6589259796806965,0.7346659364731654
2022-12-24,0.0,0.0,0.0,0.6502673468133489,0.7275465498357061
2022-12-24,0.0,0.0,0.0,0.6502673468133489,0.7275465498357061
2022-12-24,0.0,0.0,0.0,0.6502673468133489,0.7275465498357061
2022-12-24,0.0,0.0,0.0,0.6502673468133489,0.7275465498357061
2022-12-24,0.0,0.0,0.0,0.6502673468133489,0.7275465498357061
2022-12-24,0.0,0.0,0.0,0.6502673468133489,0.7275465498357061
2022-12-24,0.0,0.0,0.0,0.6502673468133489,0.7275465498357061
2022-12-24,0.0,0.0,0.0,0.6502673468133489,0.7275465498357061
2022-12-24,0.0,0.0,0.0,0.6502673468133489,0.7275465498357061
2022-12-24,0.0,0.0,0.0,0.6502673468133489,0.7275465498357061
2022-12-25,0.0,0.0,0.0,0.6414006987419807,0.7204271631982468
2022-12-25,0.0,0.0,0.0,0.6414006987419807,0.7204271631982468
2022-12-25,0.0,0.0,0.0,0.6414006987419807,0.7204271631982468
2022-12-25,0.0,0.0,0.0,0.6414006987419807,0.7204271631982468
2022-12-25,0.0,0.0,0.0,0.6414006987419807,0.7204271631982468
2022-12-25,0.0,0.0,0.0,0.6414006987419807,0.7204271631982468
2022-12-25,0.0,0.0,0.0,0.6414006987419807,0.7204271631982468
2022-12-25,0.0,0.0,0.0,0.6414006987419807,0.7204271631982468
2022-12-25,0.0,0.0,0.0,0.6414006987419807,0.7204271631982468
2022-12-25,0.0,0.0,0.0,0.6414006987419807,0.7204271631982468
2022-12-26,0.0,0.0,0.0,0.6329713553608827,0.7130339539978099
2022-12-26,0.0,0.0,0.0,0.6329713553608827,0.7130339539978099
2022-12-26,0.0,0.0,0.0,0.6329713553608827,0.7130339539978099
2022-12-26,0.0,0.0,0.0,0.6329713553608827,0.7130339539978099
2022-12-26,0.0,0.0,0.0,0.6329713553608827,0.7130339539978099
2022-12-26,0.0,0.0,0.0,0.6329713553608827,0.7130339539978099
2022-12-26,0.0,0.0,0.0,0.6329713553608827,0.7130339539978099
2022-12-26,0.0,0.0,0.0,0.6329713553608827,0.7130339539978099
2022-12-26,0.0,0.0,0.0,0.6329713553608827,0.7130339539978099
2022-12-26,0.0,0.0,0.0,0.6329713553608827,0.7130339539978099
2022-12-27,0.0,0.0,0.0,0.624686204337117,0.7056407447973712
2022-12-27,0.0,0.0,0.0,0.624686204337117,0.7056407447973712
2022-12-27,0.0,0.0,0.0,0.624686204337117,0.7056407447973712
2022-12-27,0.0,0.0,0.0,0.624686204337117,0.7056407447973712
2022-12-27,0.0,0.0,0.0,0.624686204337117,0.7056407447973712
2022-12-27,0.0,0.0,0.0,0.624686204337117,0.7056407447973712
2022-12-27,0.0,0.0,0.0,0.624686204337117,0.7056407447973712
2022-12-27,0.0,0.0,0.0,0.624686204337117,0.7056407447973712
2022-12-27,0.0,0.0,0.0,0.624686204337117,0.7056407447973712
2022-12-27,0.0,0.0,0.0,0.624686204337117,0.7056407447973712
2022-12-28,0.0,0.0,0.0,0.616583066616869,0.6982475355969324
2022-12-28,0.0,0.0,0.0,0.616583066616869,0.6982475355969324
2022-12-28,0.0,0.0,0.0,0.616583066616869,0.6982475355969324
2022-12-28,0.0,0.0,0.0,0.616583066616869,0.6982475355969324
2022-12-28,0.0,0.0,0.0,0.616583066616869,0.6982475355969324
2022-12-28,0.0,0.0,0.0,0.616583066616869,0.6982475355969324
2022-12-28,0.0,0.0,0.0,0.616583066616869,0.6982475355969324
2022-12-28,0.0,0.0,0.0,0.616583066616869,0.6982475355969324
2022-12-28,0.0,0.0,0.0,0.616583066616869,0.6982475355969324
2022-12-28,0.0,0.0,0.0,0.616583066616869,0.6982475355969324
2022-12-29,0.0,0.0,0.0,0.6085744812620849,0.6908543263964955
2022-12-29,0.0,0.0,0.0,0.6085744812620849,0.6908543263964955
2022-12-29,0.0,0.0,0.0,0.6085744812620849,0.6908543263964955
2022-12-29,0.0,0.0,0.0,0.6085744812620849,0.6908543263964955
2022-12-29,0.0,0.0,0.0,0.6085744812620849,0.6908543263964955
2022-12-29,0.0,0.0,0.0,0.6085744812620849,0.6908543263964955
2022-12-29,0.0,0.0,0.0,0.6085744812620849,0.6908543263964955
2022-12-29,0.0,0.0,0.0,0.6085744812620849,0.6908543263964955
2022-12-29,0.0,0.0,0.0,0.6085744812620849,0.6908543263964955
2022-12-29,0.0,0.0,0.0,0.6085744812620849,0.6908543263964955
2022-12-30,0.07475875551352248,0.0,0.0,0.6006557206544915,0.6837349397590362
2022-12-30,0.01707596264171482,0.0,0.0,0.6006557206544915,0.6837349397590362
2022-12-30,0.007108108492081605,0.0,0.0,0.6006557206544915,0.6837349397590362
2022-12-30,0.07401223626749708,0.0,0.0,0.6006557206544915,0.6837349397590362
2022-12-30,0.04543942404096469,0.0,0.0,0.6006557206544915,0.6837349397590362
2022-12-30,0.08526059069914253,0.0,0.0,0.6006557206544915,0.6837349397590362
2022-12-30,0.045915641633614036,0.0,0.0,0.6006557206544915,0.6837349397590362
2022-12-30,0.06349104062487673,0.0,0.0,0.6006557206544915,0.6837349397590362
2022-12-30,0.031197171948105677,0.0,0.0,0.6006557206544915,0.6837349397590362
2022-12-30,0.09277596361402086,0.0,0.0,0.6006557206544915,0.6837349397590362
2022-12-31,0.03183404657246018,0.0,0.0,0.5944885426171149,0.678258488499452
2022-12-31,0.00044885364972096294,0.0,0.0,0.5944885426171149,0.678258488499452
2022-12-31,0.008328933799962007,0.0,0.0,0.5944885426171149,0.678258488499452
2022-12-31,0.025487571651568747,0.0,0.0,0.5944885426171149,0.678258488499452
2022-12-31,0.017911945441790034,0.0,0.0,0.5944885426171149,0.678258488499452
2022-12-31,0.013245069114325365,0.0,0.0,0.5944885426171149,0.678258488499452
2022-12-31,0.0053887152007980246,0.0,0.0,0.5944885426171149,0.678258488499452
2022-12-31,0.015883081967595088,0.0,0.0,0.5944885426171149,0.678258488499452
2022-12-31,0.04264780601089522,0.0,0.0,0.5944885426171149,0.678258488499452
2022-12-31,0.039691320738878946,0.0,0.0,0.5944885426171149,0.678258488499452
