Date,Avg_rainfall,Full_reservoir_level,Live_capacity_FRL,Storage,Level
2020-01-01,0.0,0.0,0.0,0.7626400494757583,0.8158259915448394
2020-01-01,0.0,0.0,0.0,0.7626400494757583,0.8158259915448394
2020-01-01,0.0,0.0,0.0,0.7626400494757583,0.8158259915448394
2020-01-01,0.0,0.0,0.0,0.7626400494757583,0.8158259915448394
2020-01-01,0.0,0.0,0.0,0.7626400494757583,0.8158259915448394
2020-01-01,0.0,0.0,0.0,0.7626400494757583,0.8158259915448394
2020-01-01,0.0,0.0,0.0,0.7626400494757583,0.8158259915448394
2020-01-01,0.0,0.0,0.0,0.7626400494757583,0.8158259915448394
2020-01-01,0.0,0.0,0.0,0.7626400494757583,0.8158259915448394
2020-01-01,0.0,0.0,0.0,0.7626400494757583,0.8158259915448394
2020-01-01,0.0,0.0,0.0,0.7626400494757583,0.8158259915448394
2020-01-02,0.0,0.0,0.0,0.7568870543226566,0.8113079678574859
2020-01-02,0.0,0.0,0.0,0.7568870543226566,0.8113079678574859
2020-01-02,0.0,0.0,0.0,0.7568870543226566,0.8113079678574859
2020-01-02,0.0,0.0,0.0,0.7568870543226566,0.8113079678574859
2020-01-02,4.571176907199442e-06,0.0,0.0,0.7568870543226566,0.8113079678574859
2020-01-02,0.002099395057220613,0.0,0.0,0.7568870543226566,0.8113079678574859
2020-01-02,0.0,0.0,0.0,0.7568870543226566,0.8113079678574859
2020-01-02,5.8983324551225095e-05,0.0,0.0,0.7568870543226566,0.8113079678574859
2020-01-02,0.0,0.0,0.0,0.7568870543226566,0.8113079678574859
2020-01-02,7.080005417448663e-05,0.0,0.0,0.7568870543226566,0.8113079678574859
2020-01-02,0.0,0.0,0.0,0.7568870543226566,0.8113079678574859
2020-01-03,0.001590105221951844,0.0,0.0,0.7568870543226566,0.8113079678574859
2020-01-03,0.004182321606199561,0.0,0.0,0.7568870543226566,0.8113079678574859
2020-01-03,0.0,0.0,0.0,0.7568870543226566,0.8113079678574859
2020-01-03,0.01103654189380554,0.0,0.0,0.7568870543226566,0.8113079678574859
2020-01-03,3.186638665156167e-05,0.0,0.0,0.7568870543226566,0.8113079678574859
2020-01-03,0.0,0.0,0.0,0.7568870543226566,0.8113079678574859
2020-01-03,0.008077472045888783,0.0,0.0,0.7568870543226566,0.8113079678574859
2020-01-03,0.0006455944097009595,0.0,0.0,0.7568870543226566,0.8113079678574859
2020-01-03,0.006329600996685669,0.0,0.0,0.7568870543226566,0.8113079678574859
2020-01-03,0.00036732704157975686,0.0,0.0,0.7568870543226566,0.8113079678574859
2020-01-03,8.084774990243116e-05,0.0,0.0,0.7568870543226566,0.8113079678574859
2020-01-04,0.0023016407308481856,0.0,0.0,0.7568870543226566,0.8113079678574859
2020-01-04,0.0,0.0,0.0,0.7568870543226566,0.8113079678574859
2020-01-04,0.044275092598643116,0.0,0.0,0.7568870543226566,0.8113079678574859
2020-01-04,0.0,0.0,0.0,0.7568870543226566,0.8113079678574859
2020-01-04,0.014690615626481798,0.0,0.0,0.7568870543226566,0.8113079678574859
2020-01-04,8.984528299843814e-05,0.0,0.0,0.7568870543226566,0.8113079678574859
2020-01-04,0.00596912612913565,0.0,0.0,0.7568870543226566,0.8113079678574859
2020-01-04,0.07865510438960463,0.0,0.0,0.7568870543226566,0.8113079678574859
2020-01-04,0.016248414588415295,0.0,0.0,0.7568870543226566,0.8113079678574859
2020-01-04,0.011259467563532665,0.0,0.0,0.7568870543226566,0.8113079678574859
2020-01-04,0.01480907002997496,0.0,0.0,0.7568870543226566,0.8113079678574859
2020-01-05,0.006524869054559854,0.0,0.0,0.7402033683786621,0.7983993287507669
2020-01-05,0.004942222658614657,0.0,0.0,0.7402033683786621,0.7983993287507669
2020-01-05,0.00990039630196296,0.0,0.0,0.7402033683786621,0.7983993287507669
2020-01-05,0.017998427433931027,0.0,0.0,0.7402033683786621,0.7983993287507669
2020-01-05,0.004822319034267081,0.0,0.0,0.7402033683786621,0.7983993287507669
2020-01-05,0.03866713650631961,0.0,0.0,0.7402033683786621,0.7983993287507669
2020-01-05,0.07059161893938028,0.0,0.0,0.7402033683786621,0.7983993287507669
2020-01-05,0.033892400372508284,0.0,0.0,0.7402033683786621,0.7983993287507669
2020-01-05,0.008224802910562583,0.0,0.0,0.7402033683786621,0.7983993287507669
2020-01-05,0.026412908501520897,0.0,0.0,0.7402033683786621,0.7983993287507669
2020-01-05,0.006638982816648643,0.0,0.0,0.7402033683786621,0.7983993287507669
2020-01-06,0.005904806813289391,0.0,0.0,0.7402033683786621,0.7983993287507669
2020-01-06,0.002039306802016928,0.0,0.0,0.7402033683786621,0.7983993287507669
2020-01-06,0.0004768989188572425,0.0,0.0,0.7402033683786621,0.7983993287507669
2020-01-06,0.0,0.0,0.0,0.7402033683786621,0.7983993287507669
2020-01-06,0.0020500668844984733,0.0,0.0,0.7402033683786621,0.7983993287507669
2020-01-06,0.00025706232051952093,0.0,0.0,0.7402033683786621,0.7983993287507669
2020-01-06,0.011501240602547433,0.0,0.0,0.7402033683786621,0.7983993287507669
2020-01-06,0.0026501040204362815,0.0,0.0,0.7402033683786621,0.7983993287507669
2020-01-06,0.011290040521540612,0.0,0.0,0.7402033683786621,0.7983993287507669
2020-01-06,0.0009532196728598447,0.0,0.0,0.7402033683786621,0.7983993287507669
2020-01-06,0.003593031225957683,0.0,0.0,0.7402033683786621,0.7983993287507669
2020-01-07,0.13250409363152,0.0,0.0,0.7402033683786621,0.7983993287507669
2020-01-07,0.19755539043731118,0.0,0.0,0.7402033683786621,0.7983993287507669
2020-01-07,0.16090034491751493,0.0,0.0,0.7402033683786621,0.7983993287507669
2020-01-07,0.2272321258394307,0.0,0.0,0.7402033683786621,0.7983993287507669
2020-01-07,0.2382732878197448,0.0,0.0,0.7402033683786621,0.7983993287507669
2020-01-07,0.17926851489527865,0.0,0.0,0.7402033683786621,0.7983993287507669
2020-01-07,0.2136657246198439,0.0,0.0,0.7402033683786621,0.7983993287507669
2020-01-07,0.09778511445218344,0.0,0.0,0.7402033683786621,0.7983993287507669
2020-01-07,0.1813514436355747,0.0,0.0,0.7402033683786621,0.7983993287507669
2020-01-07,0.2090980925779902,0.0,0.0,0.7402033683786621,0.7983993287507669
2020-01-07,0.19820592510432763,0.0,0.0,0.7402033683786621,0.7983993287507669
2020-01-08,0.4571666211909735,0.0,0.0,0.7402033683786621,0.7983993287507669
2020-01-08,0.4495126818006441,0.0,0.0,0.7402033683786621,0.7983993287507669
2020-01-08,0.3742610839616082,0.0,0.0,0.7402033683786621,0.7983993287507669
2020-01-08,0.24738833409637728,0.0,0.0,0.7402033683786621,0.7983993287507669
2020-01-08,0.16336634346427933,0.0,0.0,0.7402033683786621,0.7983993287507669
2020-01-08,0.42070752607836315,0.0,0.0,0.7402033683786621,0.7983993287507669
2020-01-08,0.47301251274172257,0.0,0.0,0.7402033683786621,0.7983993287507669
2020-01-08,0.20020691200139895,0.0,0.0,0.7402033683786621,0.7983993287507669
2020-01-08,0.3250109107988864,0.0,0.0,0.7402033683786621,0.7983993287507669
2020-01-08,0.5346618342207611,0.0,0.0,0.7402033683786621,0.7983993287507669
2020-01-08,0.29476715897966277,0.0,0.0,0.7402033683786621,0.7983993287507669
2020-01-09,0.09961860573123078,0.0,0.0,0.7252455809805981,0.7864588375770456
2020-01-09,0.3495054324466637,0.0,0.0,0.7252455809805981,0.7864588375770456
2020-01-09,0.12256378388987382,0.0,0.0,0.7252455809805981,0.7864588375770456
2020-01-09,0.4335868304306247,0.0,0.0,0.7252455809805981,0.7864588375770456
2020-01-09,0.07491861917121954,0.0,0.0,0.7252455809805981,0.7864588375770456
2020-01-09,0.2266965898539375,0.0,0.0,0.7252455809805981,0.7864588375770456
2020-01-09,0.4114789021967987,0.0,0.0,0.7252455809805981,0.7864588375770456
2020-01-09,0.06525678451070438,0.0,0.0,0.7252455809805981,0.7864588375770456
2020-01-09,0.15185475728104095,0.0,0.0,0.7252455809805981,0.7864588375770456
2020-01-09,0.2186855556654139,0.0,0.0,0.7252455809805981,0.7864588375770456
2020-01-09,0.2700249478410555,0.0,0.0,0.7252455809805981,0.7864588375770456
2020-01-10,0.0,0.0,0.0,0.7252455809805981,0.7864588375770456
2020-01-10,0.0,0.0,0.0,0.7252455809805981,0.7864588375770456
2020-01-10,0.0,0.0,0.0,0.7252455809805981,0.7864588375770456
2020-01-10,0.0,0.0,0.0,0.7252455809805981,0.7864588375770456
2020-01-10,0.0,0.0,0.0,0.7252455809805981,0.7864588375770456
2020-01-10,0.0,0.0,0.0,0.7252455809805981,0.7864588375770456
2020-01-10,0.0,0.0,0.0,0.7252455809805981,0.7864588375770456
2020-01-10,0.0,0.0,0.0,0.7252455809805981,0.7864588375770456
2020-01-10,9.108843060415866e-06,0.0,0.0,0.7252455809805981,0.7864588375770456
2020-01-10,0.0,0.0,0.0,0.7252455809805981,0.7864588375770456
2020-01-10,0.0,0.0,0.0,0.7252455809805981,0.7864588375770456
2020-01-11,0.0,0.0,0.0,0.7200678853428065,0.7822635298673628
2020-01-11,0.0,0.0,0.0,0.7200678853428065,0.7822635298673628
2020-01-11,0.0,0.0,0.0,0.7200678853428065,0.7822635298673628
2020-01-11,0.0,0.0,0.0,0.7200678853428065,0.7822635298673628
2020-01-11,0.0,0.0,0.0,0.7200678853428065,0.7822635298673628
2020-01-11,0.0,0.0,0.0,0.7200678853428065,0.7822635298673628
2020-01-11,0.0,0.0,0.0,0.7200678853428065,0.7822635298673628
2020-01-11,0.0,0.0,0.0,0.7200678853428065,0.7822635298673628
2020-01-11,0.0,0.0,0.0,0.7200678853428065,0.7822635298673628
2020-01-11,0.0,0.0,0.0,0.7200678853428065,0.7822635298673628
2020-01-11,0.0,0.0,0.0,0.7200678853428065,0.7822635298673628
2020-01-12,0.0,0.0,0.0,0.7169037380086006,0.7800045180236861
2020-01-12,0.04554717966218412,0.0,0.0,0.7169037380086006,0.7800045180236861
2020-01-12,0.004456961122156802,0.0,0.0,0.7169037380086006,0.7800045180236861
2020-01-12,0.009719812140704736,0.0,0.0,0.7169037380086006,0.7800045180236861
2020-01-12,0.0,0.0,0.0,0.7169037380086006,0.7800045180236861
2020-01-12,0.0,0.0,0.0,0.7169037380086006,0.7800045180236861
2020-01-12,0.0,0.0,0.0,0.7169037380086006,0.7800045180236861
2020-01-12,0.024330192646935544,0.0,0.0,0.7169037380086006,0.7800045180236861
2020-01-12,0.021107021192821842,0.0,0.0,0.7169037380086006,0.7800045180236861
2020-01-12,0.001726686856381156,0.0,0.0,0.7169037380086006,0.7800045180236861
2020-01-12,0.022016311740522085,0.0,0.0,0.7169037380086006,0.7800045180236861
2020-01-13,0.027632359144519832,0.0,0.0,0.7128766414014295,0.7767773582470046
2020-01-13,0.04677790232107798,0.0,0.0,0.7128766414014295,0.7767773582470046
2020-01-13,0.009691993116732522,0.0,0.0,0.7128766414014295,0.7767773582470046
2020-01-13,0.0,0.0,0.0,0.7128766414014295,0.7767773582470046
2020-01-13,0.03327032940899139,0.0,0.0,0.7128766414014295,0.7767773582470046
2020-01-13,0.2379521559637143,0.0,0.0,0.7128766414014295,0.7767773582470046
2020-01-13,0.0,0.0,0.0,0.7128766414014295,0.7767773582470046
2020-01-13,0.0,0.0,0.0,0.7128766414014295,0.7767773582470046
2020-01-13,0.10826482145893188,0.0,0.0,0.7128766414014295,0.7767773582470046
2020-01-13,0.0,0.0,0.0,0.7128766414014295,0.7767773582470046
2020-01-13,0.13781179326380721,0.0,0.0,0.7128766414014295,0.7767773582470046
2020-01-14,0.48197401477094587,0.0,0.0,0.7105754433401889,0.7748410623809985
2020-01-14,0.23394878747822714,0.0,0.0,0.7105754433401889,0.7748410623809985
2020-01-14,0.3581190476815786,0.0,0.0,0.7105754433401889,0.7748410623809985
2020-01-14,0.534061671374775,0.0,0.0,0.7105754433401889,0.7748410623809985
2020-01-14,0.28410654202094066,0.0,0.0,0.7105754433401889,0.7748410623809985
2020-01-14,0.3016877559168244,0.0,0.0,0.7105754433401889,0.7748410623809985
2020-01-14,0.30845913206030356,0.0,0.0,0.7105754433401889,0.7748410623809985
2020-01-14,0.35156093275407996,0.0,0.0,0.7105754433401889,0.7748410623809985
2020-01-14,0.4120394828497493,0.0,0.0,0.7105754433401889,0.7748410623809985
2020-01-14,0.3623419554319965,0.0,0.0,0.7105754433401889,0.7748410623809985
2020-01-14,0.34839379308436313,0.0,0.0,0.7105754433401889,0.7748410623809985
2020-01-15,0.0,0.0,0.0,0.7094248443095686,0.773550198470323
2020-01-15,0.0,0.0,0.0,0.7094248443095686,0.773550198470323
2020-01-15,0.0027247816027615897,0.0,0.0,0.7094248443095686,0.773550198470323
2020-01-15,0.0,0.0,0.0,0.7094248443095686,0.773550198470323
2020-01-15,0.0,0.0,0.0,0.7094248443095686,0.773550198470323
2020-01-15,0.0,0.0,0.0,0.7094248443095686,0.773550198470323
2020-01-15,2.3524757992944718e-06,0.0,0.0,0.7094248443095686,0.773550198470323
2020-01-15,0.0024583419655698937,0.0,0.0,0.7094248443095686,0.773550198470323
2020-01-15,0.00011861675474833693,0.0,0.0,0.7094248443095686,0.773550198470323
2020-01-15,0.0,0.0,0.0,0.7094248443095686,0.773550198470323
2020-01-15,0.00047394089419304665,0.0,0.0,0.7094248443095686,0.773550198470323
2020-01-16,0.0,0.0,0.0,0.7068359964906729,0.771613902604317
2020-01-16,0.0,0.0,0.0,0.7068359964906729,0.771613902604317
2020-01-16,0.0,0.0,0.0,0.7068359964906729,0.771613902604317
2020-01-16,0.0,0.0,0.0,0.7068359964906729,0.771613902604317
2020-01-16,0.0,0.0,0.0,0.7068359964906729,0.771613902604317
2020-01-16,0.0,0.0,0.0,0.7068359964906729,0.771613902604317
2020-01-16,0.0013612710010766013,0.0,0.0,0.7068359964906729,0.771613902604317
2020-01-16,0.0012021975239809625,0.0,0.0,0.7068359964906729,0.771613902604317
2020-01-16,0.0,0.0,0.0,0.7068359964906729,0.771613902604317
2020-01-16,0.000639915261129818,0.0,0.0,0.7068359964906729,0.771613902604317
2020-01-16,0.0,0.0,0.0,0.7068359964906729,0.771613902604317
2020-01-17,0.20657287197236623,0.0,0.0,0.7041407182614449,0.7690321747829731
2020-01-17,0.18764289405500803,0.0,0.0,0.7041407182614449,0.7690321747829731
2020-01-17,0.04502042434392885,0.0,0.0,0.7041407182614449,0.7690321747829731
2020-01-17,0.05288373072633867,0.0,0.0,0.7041407182614449,0.7690321747829731
2020-01-17,0.04373008438412426,0.0,0.0,0.7041407182614449,0.7690321747829731
2020-01-17,0.1287820001192309,0.0,0.0,0.7041407182614449,0.7690321747829731
2020-01-17,0.08294553538506934,0.0,0.0,0.7041407182614449,0.7690321747829731
2020-01-17,0.0812498026864296,0.0,0.0,0.7041407182614449,0.7690321747829731
2020-01-17,0.10533197186792119,0.0,0.0,0.7041407182614449,0.7690321747829731
2020-01-17,0.022226608208817965,0.0,0.0,0.7041407182614449,0.7690321747829731
2020-01-17,0.02645841212528245,0.0,0.0,0.7041407182614449,0.7690321747829731
2020-01-18,3.5287211524012233e-06,0.0,0.0,0.7007809690920336,0.7661277309839587
2020-01-18,0.009375254374461402,0.0,0.0,0.7007809690920336,0.7661277309839587
2020-01-18,0.002031726872200068,0.0,0.0,0.7007809690920336,0.7661277309839587
2020-01-18,0.027176482067229377,0.0,0.0,0.7007809690920336,0.7661277309839587
2020-01-18,0.005021146178687734,0.0,0.0,0.7007809690920336,0.7661277309839587
2020-01-18,0.016904044127311457,0.0,0.0,0.7007809690920336,0.7661277309839587
2020-01-18,0.0006959720444298421,0.0,0.0,0.7007809690920336,0.7661277309839587
2020-01-18,0.1809454835095874,0.0,0.0,0.7007809690920336,0.7661277309839587
2020-01-18,0.05971284862689675,0.0,0.0,0.7007809690920336,0.7661277309839587
2020-01-18,0.06041939699621724,0.0,0.0,0.7007809690920336,0.7661277309839587
2020-01-18,0.0010339041919988799,0.0,0.0,0.7007809690920336,0.7661277309839587
2020-01-19,0.020294829798896918,0.0,0.0,0.696411569273253,0.762255139251943
2020-01-19,0.022182842418770193,0.0,0.0,0.696411569273253,0.762255139251943
2020-01-19,0.0075616799317937845,0.0,0.0,0.696411569273253,0.762255139251943
2020-01-19,0.07495843541779064,0.0,0.0,0.696411569273253,0.762255139251943
2020-01-19,0.05559736274373134,0.0,0.0,0.696411569273253,0.762255139251943
2020-01-19,0.006971037836854881,0.0,0.0,0.696411569273253,0.762255139251943
2020-01-19,0.014367704346433427,0.0,0.0,0.696411569273253,0.762255139251943
2020-01-19,0.0025103882360944154,0.0,0.0,0.696411569273253,0.762255139251943
2020-01-19,0.04856792120805793,0.0,0.0,0.696411569273253,0.762255139251943
2020-01-19,0.04628810396816129,0.0,0.0,0.696411569273253,0.762255139251943
2020-01-19,0.05542372732352433,0.0,0.0,0.696411569273253,0.762255139251943
2020-01-20,0.0,0.0,0.0,0.6918178026435012,0.7583825475199273
2020-01-20,0.0,0.0,0.0,0.6918178026435012,0.7583825475199273
2020-01-20,0.0,0.0,0.0,0.6918178026435012,0.7583825475199273
2020-01-20,0.0,0.0,0.0,0.6918178026435012,0.7583825475199273
2020-01-20,0.0,0.0,0.0,0.6918178026435012,0.7583825475199273
2020-01-20,0.0,0.0,0.0,0.6918178026435012,0.7583825475199273
2020-01-20,0.0,0.0,0.0,0.6918178026435012,0.7583825475199273
2020-01-20,0.0,0.0,0.0,0.6918178026435012,0.7583825475199273
2020-01-20,0.0,0.0,0.0,0.6918178026435012,0.7583825475199273
2020-01-20,0.0,0.0,0.0,0.6918178026435012,0.7583825475199273
2020-01-20,0.0,0.0,0.0,0.6918178026435012,0.7583825475199273
2020-01-21,0.009590339526520076,0.0,0.0,0.6918178026435012,0.7583825475199273
2020-01-21,0.08881059939817768,0.0,0.0,0.6918178026435012,0.7583825475199273
2020-01-21,0.028110053079182868,0.0,0.0,0.6918178026435012,0.7583825475199273
2020-01-21,0.11644647846876768,0.0,0.0,0.6918178026435012,0.7583825475199273
2020-01-21,0.035285587683508285,0.0,0.0,0.6918178026435012,0.7583825475199273
2020-01-21,0.0924670178252415,0.0,0.0,0.6918178026435012,0.7583825475199273
2020-01-21,0.037029169147504704,0.0,0.0,0.6918178026435012,0.7583825475199273
2020-01-21,0.023246599460239364,0.0,0.0,0.6918178026435012,0.7583825475199273
2020-01-21,0.0749881799834011,0.0,0.0,0.6918178026435012,0.7583825475199273
2020-01-21,0.10224662755113573,0.0,0.0,0.6918178026435012,0.7583825475199273
2020-01-21,0.07014922906105976,0.0,0.0,0.6918178026435012,0.7583825475199273
2020-01-22,0.041900651752293974,0.0,0.0,0.6918178026435012,0.7583825475199273
2020-01-22,0.028619851359645967,0.0,0.0,0.6918178026435012,0.7583825475199273
2020-01-22,0.03759287847952858,0.0,0.0,0.6918178026435012,0.7583825475199273
2020-01-22,0.0,0.0,0.0,0.6918178026435012,0.7583825475199273
2020-01-22,0.0054978718493319916,0.0,0.0,0.6918178026435012,0.7583825475199273
2020-01-22,0.012097575053587743,0.0,0.0,0.6918178026435012,0.7583825475199273
2020-01-22,0.0005661980868769582,0.0,0.0,0.6918178026435012,0.7583825475199273
2020-01-22,0.05298926637640532,0.0,0.0,0.6918178026435012,0.7583825475199273
2020-01-22,0.00016263787050528242,0.0,0.0,0.6918178026435012,0.7583825475199273
2020-01-22,3.1758445650853914e-06,0.0,0.0,0.6918178026435012,0.7583825475199273
2020-01-22,0.048946911944830175,0.0,0.0,0.6918178026435012,0.7583825475199273
2020-01-23,0.0,0.0,0.0,0.6744523867738642,0.743214896569528
2020-01-23,0.0,0.0,0.0,0.6744523867738642,0.743214896569528
2020-01-23,0.0,0.0,0.0,0.6744523867738642,0.743214896569528
2020-01-23,0.0,0.0,0.0,0.6744523867738642,0.743214896569528
2020-01-23,0.0,0.0,0.0,0.6744523867738642,0.743214896569528
2020-01-23,0.0,0.0,0.0,0.6744523867738642,0.743214896569528
2020-01-23,0.0,0.0,0.0,0.6744523867738642,0.743214896569528
2020-01-23,0.0,0.0,0.0,0.6744523867738642,0.743214896569528
2020-01-23,0.0,0.0,0.0,0.6744523867738642,0.743214896569528
2020-01-23,0.0,0.0,0.0,0.6744523867738642,0.743214896569528
2020-01-23,0.0,0.0,0.0,0.6744523867738642,0.743214896569528
2020-01-24,0.0,0.0,0.0,0.6682909289648923,0.7377287249491697
2020-01-24,0.0,0.0,0.0,0.6682909289648923,0.7377287249491697
2020-01-24,0.0,0.0,0.0,0.6682909289648923,0.7377287249491697
2020-01-24,0.0,0.0,0.0,0.6682909289648923,0.7377287249491697
2020-01-24,0.0,0.0,0.0,0.6682909289648923,0.7377287249491697
2020-01-24,0.0,0.0,0.0,0.6682909289648923,0.7377287249491697
2020-01-24,0.0,0.0,0.0,0.6682909289648923,0.7377287249491697
2020-01-24,0.0,0.0,0.0,0.6682909289648923,0.7377287249491697
2020-01-24,0.0,0.0,0.0,0.6682909289648923,0.7377287249491697
2020-01-24,0.0,0.0,0.0,0.6682909289648923,0.7377287249491697
2020-01-24,0.0,0.0,0.0,0.6682909289648923,0.7377287249491697
2020-01-25,0.0,0.0,0.0,0.6619626342964805,0.732242553328815
2020-01-25,0.0,0.0,0.0,0.6619626342964805,0.732242553328815
2020-01-25,0.0,0.0,0.0,0.6619626342964805,0.732242553328815
2020-01-25,0.0,0.0,0.0,0.6619626342964805,0.732242553328815
2020-01-25,0.0,0.0,0.0,0.6619626342964805,0.732242553328815
2020-01-25,0.0,0.0,0.0,0.6619626342964805,0.732242553328815
2020-01-25,0.0,0.0,0.0,0.6619626342964805,0.732242553328815
2020-01-25,0.0,0.0,0.0,0.6619626342964805,0.732242553328815
2020-01-25,0.0,0.0,0.0,0.6619626342964805,0.732242553328815
2020-01-25,0.0,0.0,0.0,0.6619626342964805,0.732242553328815
2020-01-25,0.0,0.0,0.0,0.6619626342964805,0.732242553328815
2020-01-26,0.0,0.0,0.0,0.6556343396280689,0.7264336657307897
2020-01-26,0.0018611543170188123,0.0,0.0,0.6556343396280689,0.7264336657307897
2020-01-26,0.0,0.0,0.0,0.6556343396280689,0.7264336657307897
2020-01-26,0.0,0.0,0.0,0.6556343396280689,0.7264336657307897
2020-01-26,0.0004768989188572425,0.0,0.0,0.6556343396280689,0.7264336657307897
2020-01-26,0.002433225088996699,0.0,0.0,0.6556343396280689,0.7264336657307897
2020-01-26,0.000325342330217879,0.0,0.0,0.6556343396280689,0.7264336657307897
2020-01-26,0.0,0.0,0.0,0.6556343396280689,0.7264336657307897
2020-01-26,0.0008998620406681138,0.0,0.0,0.6556343396280689,0.7264336657307897
2020-01-26,0.0007053134354271508,0.0,0.0,0.6556343396280689,0.7264336657307897
2020-01-26,0.016586511099673573,0.0,0.0,0.6556343396280689,0.7264336657307897
2020-01-27,0.0,0.0,0.0,0.6493060449596572,0.7209474941104315
2020-01-27,0.0,0.0,0.0,0.6493060449596572,0.7209474941104315
2020-01-27,0.0,0.0,0.0,0.6493060449596572,0.7209474941104315
2020-01-27,0.0,0.0,0.0,0.6493060449596572,0.7209474941104315
2020-01-27,0.0,0.0,0.0,0.6493060449596572,0.7209474941104315
2020-01-27,0.003980483651714421,0.0,0.0,0.6493060449596572,0.7209474941104315
2020-01-27,0.001145481750511309,0.0,0.0,0.6493060449596572,0.7209474941104315
2020-01-27,0.00047935089834107283,0.0,0.0,0.6493060449596572,0.7209474941104315
2020-01-27,0.0,0.0,0.0,0.6493060449596572,0.7209474941104315
2020-01-27,0.0006069877105400734,0.0,0.0,0.6493060449596572,0.7209474941104315
2020-01-27,0.0,0.0,0.0,0.6493060449596572,0.7209474941104315
2020-01-28,0.06515340376013216,0.0,0.0,0.6429777502912454,0.7154613224900768
2020-01-28,0.048608947687757545,0.0,0.0,0.6429777502912454,0.7154613224900768
2020-01-28,0.052623415298692716,0.0,0.0,0.6429777502912454,0.7154613224900768
2020-01-28,0.02932359916608799,0.0,0.0,0.6429777502912454,0.7154613224900768
2020-01-28,0.014135071246312175,0.0,0.0,0.6429777502912454,0.7154613224900768
2020-01-28,0.05824132663403234,0.0,0.0,0.6429777502912454,0.7154613224900768
2020-01-28,0.029173177113242278,0.0,0.0,0.6429777502912454,0.7154613224900768
2020-01-28,0.04319919083061124,0.0,0.0,0.6429777502912454,0.7154613224900768
2020-01-28,0.025077195666541582,0.0,0.0,0.6429777502912454,0.7154613224900768
2020-01-28,0.021565249076336664,0.0,0.0,0.6429777502912454,0.7154613224900768
2020-01-28,0.023195604336203435,0.0,0.0,0.6429777502912454,0.7154613224900768
2020-01-29,0.3322091367302686,0.0,0.0,0.6372247551381437,0.7102978668473856
2020-01-29,0.4366335599090715,0.0,0.0,0.6372247551381437,0.7102978668473856
2020-01-29,0.2622967171364868,0.0,0.0,0.6372247551381437,0.7102978668473856
2020-01-29,0.3645202331494251,0.0,0.0,0.6372247551381437,0.7102978668473856
2020-01-29,0.24727710835606093,0.0,0.0,0.6372247551381437,0.7102978668473856
2020-01-29,0.3724143802479225,0.0,0.0,0.6372247551381437,0.7102978668473856
2020-01-29,0.2894364304233234,0.0,0.0,0.6372247551381437,0.7102978668473856
2020-01-29,0.2659362284490303,0.0,0.0,0.6372247551381437,0.7102978668473856
2020-01-29,0.19514204029625176,0.0,0.0,0.6372247551381437,0.7102978668473856
2020-01-29,0.22771586848009462,0.0,0.0,0.6372247551381437,0.7102978668473856
2020-01-29,0.4472887249602962,0.0,0.0,0.6372247551381437,0.7102978668473856
2020-01-30,0.002655800475940419,0.0,0.0,0.6317594097426972,0.7054571271823651
2020-01-30,0.019911524418387092,0.0,0.0,0.6317594097426972,0.7054571271823651
2020-01-30,0.006620836847715272,0.0,0.0,0.6317594097426972,0.7054571271823651
2020-01-30,0.0074258530793958,0.0,0.0,0.6317594097426972,0.7054571271823651
2020-01-30,0.009068519128903298,0.0,0.0,0.6317594097426972,0.7054571271823651
2020-01-30,0.02259132849237359,0.0,0.0,0.6317594097426972,0.7054571271823651
2020-01-30,0.03827044083672047,0.0,0.0,0.6317594097426972,0.7054571271823651
2020-01-30,0.00531574415114264,0.0,0.0,0.6317594097426972,0.7054571271823651
2020-01-30,0.0008471883677353903,0.0,0.0,0.6317594097426972,0.7054571271823651
2020-01-30,0.019826167295663766,0.0,0.0,0.6317594097426972,0.7054571271823651
2020-01-30,0.009023629178277516,0.0,0.0,0.6317594097426972,0.7054571271823651
2020-01-31,0.0,0.0,0.0,0.6254943980209696,0.6999709555620068
2020-01-31,0.0,0.0,0.0,0.6254943980209696,0.6999709555620068
2020-01-31,0.0,0.0,0.0,0.6254943980209696,0.6999709555620068
2020-01-31,0.002472174244808498,0.0,0.0,0.6254943980209696,0.6999709555620068
2020-01-31,0.0,0.0,0.0,0.6254943980209696,0.6999709555620068
2020-01-31,0.0,0.0,0.0,0.6254943980209696,0.6999709555620068
2020-01-31,0.0,0.0,0.0,0.6254943980209696,0.6999709555620068
2020-01-31,0.0,0.0,0.0,0.6254943980209696,0.6999709555620068
2020-01-31,0.0,0.0,0.0,0.6254943980209696,0.6999709555620068
2020-01-31,0.003324030609890198,0.0,0.0,0.6254943980209696,0.6999709555620068
2020-01-31,0.0,0.0,0.0,0.6254943980209696,0.6999709555620068
2020-02-01,0.0018975697885235685,0.0,0.0,0.6187720231845705,0.6941620679639815
2020-02-01,0.055894898780485855,0.0,0.0,0.6187720231845705,0.6941620679639815
2020-02-01,0.018290579553645825,0.0,0.0,0.6187720231845705,0.6941620679639815
2020-02-01,0.025933052959249848,0.0,0.0,0.6187720231845705,0.6941620679639815
2020-02-01,0.0,0.0,0.0,0.6187720231845705,0.6941620679639815
2020-02-01,0.0,0.0,0.0,0.6187720231845705,0.6941620679639815
2020-02-01,1.72982869826393e-05,0.0,0.0,0.6187720231845705,0.6941620679639815
2020-02-01,0.019879671522497252,0.0,0.0,0.6187720231845705,0.6941620679639815
2020-02-01,0.0,0.0,0.0,0.6187720231845705,0.6941620679639815
2020-02-01,0.0,0.0,0.0,0.6187720231845705,0.6941620679639815
2020-02-01,0.007556392387985604,0.0,0.0,0.6187720231845705,0.6941620679639815
2020-02-02,0.0,0.0,0.0,0.6187720231845705,0.6941620679639815
2020-02-02,0.0030375135589869656,0.0,0.0,0.6187720231845705,0.6941620679639815
2020-02-02,1.9966178281723216e-06,0.0,0.0,0.6187720231845705,0.6941620679639815
2020-02-02,0.010473251654903318,0.0,0.0,0.6187720231845705,0.6941620679639815
2020-02-02,0.010453520036992557,0.0,0.0,0.6187720231845705,0.6941620679639815
2020-02-02,0.00018181098578760595,0.0,0.0,0.6187720231845705,0.6941620679639815
2020-02-02,0.017131406916022926,0.0,0.0,0.6187720231845705,0.6941620679639815
2020-02-02,0.005256966765677836,0.0,0.0,0.6187720231845705,0.6941620679639815
2020-02-02,0.0006990755606237861,0.0,0.0,0.6187720231845705,0.6941620679639815
2020-02-02,0.019443315965000728,0.0,0.0,0.6187720231845705,0.6941620679639815
2020-02-02,0.005131375331839161,0.0,0.0,0.6187720231845705,0.6941620679639815
2020-02-03,0.0,0.0,0.0,0.6187720231845705,0.6941620679639815
2020-02-03,0.0,0.0,0.0,0.6187720231845705,0.6941620679639815
2020-02-03,0.0,0.0,0.0,0.6187720231845705,0.6941620679639815
2020-02-03,0.0,0.0,0.0,0.6187720231845705,0.6941620679639815
2020-02-03,0.0,0.0,0.0,0.6187720231845705,0.6941620679639815
2020-02-03,0.0,0.0,0.0,0.6187720231845705,0.6941620679639815
2020-02-03,0.0,0.0,0.0,0.6187720231845705,0.6941620679639815
2020-02-03,0.0,0.0,0.0,0.6187720231845705,0.6941620679639815
2020-02-03,0.0,0.0,0.0,0.6187720231845705,0.6941620679639815
2020-02-03,0.0,0.0,0.0,0.6187720231845705,0.6941620679639815
2020-02-03,0.0,0.0,0.0,0.6187720231845705,0.6941620679639815
2020-02-04,0.0,0.0,0.0,0.6187720231845705,0.6941620679639815
2020-02-04,0.0,0.0,0.0,0.6187720231845705,0.6941620679639815
2020-02-04,0.0,0.0,0.0,0.6187720231845705,0.6941620679639815
2020-02-04,0.0,0.0,0.0,0.6187720231845705,0.6941620679639815
2020-02-04,0.0,0.0,0.0,0.6187720231845705,0.6941620679639815
2020-02-04,0.0,0.0,0.0,0.6187720231845705,0.6941620679639815
2020-02-04,0.0,0.0,0.0,0.6187720231845705,0.6941620679639815
2020-02-04,0.0,0.0,0.0,0.6187720231845705,0.6941620679639815
2020-02-04,0.0,0.0,0.0,0.6187720231845705,0.6941620679639815
2020-02-04,0.0,0.0,0.0,0.6187720231845705,0.6941620679639815
2020-02-04,0.0,0.0,0.0,0.6187720231845705,0.6941620679639815
2020-02-05,0.0,0.0,0.0,0.6187720231845705,0.6941620679639815
2020-02-05,0.0,0.0,0.0,0.6187720231845705,0.6941620679639815
2020-02-05,0.0,0.0,0.0,0.6187720231845705,0.6941620679639815
2020-02-05,0.0,0.0,0.0,0.6187720231845705,0.6941620679639815
2020-02-05,0.0,0.0,0.0,0.6187720231845705,0.6941620679639815
2020-02-05,0.0,0.0,0.0,0.6187720231845705,0.6941620679639815
2020-02-05,0.0,0.0,0.0,0.6187720231845705,0.6941620679639815
2020-02-05,0.0,0.0,0.0,0.6187720231845705,0.6941620679639815
2020-02-05,0.0,0.0,0.0,0.6187720231845705,0.6941620679639815
2020-02-05,0.0,0.0,0.0,0.6187720231845705,0.6941620679639815
2020-02-05,0.0,0.0,0.0,0.6187720231845705,0.6941620679639815
2020-02-06,0.0,0.0,0.0,0.5801205252484575,0.6602768903088378
2020-02-06,0.0,0.0,0.0,0.5801205252484575,0.6602768903088378
2020-02-06,0.0,0.0,0.0,0.5801205252484575,0.6602768903088378
2020-02-06,0.0,0.0,0.0,0.5801205252484575,0.6602768903088378
2020-02-06,0.0,0.0,0.0,0.5801205252484575,0.6602768903088378
2020-02-06,0.0,0.0,0.0,0.5801205252484575,0.6602768903088378
2020-02-06,0.0,0.0,0.0,0.5801205252484575,0.6602768903088378
2020-02-06,0.0,0.0,0.0,0.5801205252484575,0.6602768903088378
2020-02-06,0.0,0.0,0.0,0.5801205252484575,0.6602768903088378
2020-02-06,0.0,0.0,0.0,0.5801205252484575,0.6602768903088378
2020-02-06,0.0,0.0,0.0,0.5801205252484575,0.6602768903088378
2020-02-07,0.0,0.0,0.0,0.5707776611198205,0.6518862748894687
2020-02-07,0.0,0.0,0.0,0.5707776611198205,0.6518862748894687
2020-02-07,0.0,0.0,0.0,0.5707776611198205,0.6518862748894687
2020-02-07,0.006238778311727087,0.0,0.0,0.5707776611198205,0.6518862748894687
2020-02-07,0.0004428273516733375,0.0,0.0,0.5707776611198205,0.6518862748894687
2020-02-07,0.01348148860628208,0.0,0.0,0.5707776611198205,0.6518862748894687
2020-02-07,0.008942835883350306,0.0,0.0,0.5707776611198205,0.6518862748894687
2020-02-07,0.0,0.0,0.0,0.5707776611198205,0.6518862748894687
2020-02-07,0.01851490240417302,0.0,0.0,0.5707776611198205,0.6518862748894687
2020-02-07,0.006992518468668699,0.0,0.0,0.5707776611198205,0.6518862748894687
2020-02-07,0.0016324043649568552,0.0,0.0,0.5707776611198205,0.6518862748894687
2020-02-08,0.0,0.0,0.0,0.5612852191172029,0.6438183754477667
2020-02-08,0.002945449038231537,0.0,0.0,0.5612852191172029,0.6438183754477667
2020-02-08,0.0,0.0,0.0,0.5612852191172029,0.6438183754477667
2020-02-08,0.0,0.0,0.0,0.5612852191172029,0.6438183754477667
2020-02-08,0.00011793219921256819,0.0,0.0,0.5612852191172029,0.6438183754477667
2020-02-08,0.0004621160402989129,0.0,0.0,0.5612852191172029,0.6438183754477667
2020-02-08,0.002071675343142988,0.0,0.0,0.5612852191172029,0.6438183754477667
2020-02-08,4.492264149921907e-05,0.0,0.0,0.5612852191172029,0.6438183754477667
2020-02-08,0.0,0.0,0.0,0.5612852191172029,0.6438183754477667
2020-02-08,0.0017897397847349242,0.0,0.0,0.5612852191172029,0.6438183754477667
2020-02-08,0.0,0.0,0.0,0.5612852191172029,0.6438183754477667
2020-02-09,0.0,0.0,0.0,0.5520804268722403,0.6354277600283975
2020-02-09,0.0,0.0,0.0,0.5520804268722403,0.6354277600283975
2020-02-09,0.0,0.0,0.0,0.5520804268722403,0.6354277600283975
2020-02-09,0.0,0.0,0.0,0.5520804268722403,0.6354277600283975
2020-02-09,0.0,0.0,0.0,0.5520804268722403,0.6354277600283975
2020-02-09,0.0,0.0,0.0,0.5520804268722403,0.6354277600283975
2020-02-09,0.0,0.0,0.0,0.5520804268722403,0.6354277600283975
2020-02-09,0.0,0.0,0.0,0.5520804268722403,0.6354277600283975
2020-02-09,0.0,0.0,0.0,0.5520804268722403,0.6354277600283975
2020-02-09,0.0,0.0,0.0,0.5520804268722403,0.6354277600283975
2020-02-09,0.0,0.0,0.0,0.5520804268722403,0.6354277600283975
2020-02-10,0.0,0.0,0.0,0.5520804268722403,0.6273598605866955
2020-02-10,0.0,0.0,0.0,0.5520804268722403,0.6273598605866955
2020-02-10,0.0,0.0,0.0,0.5520804268722403,0.6273598605866955
2020-02-10,0.0,0.0,0.0,0.5520804268722403,0.6273598605866955
2020-02-10,0.0,0.0,0.0,0.5520804268722403,0.6273598605866955
2020-02-10,0.0,0.0,0.0,0.5520804268722403,0.6273598605866955
2020-02-10,0.0,0.0,0.0,0.5520804268722403,0.6273598605866955
2020-02-10,0.0,0.0,0.0,0.5520804268722403,0.6273598605866955
2020-02-10,0.0,0.0,0.0,0.5520804268722403,0.6273598605866955
2020-02-10,0.0,0.0,0.0,0.5520804268722403,0.6273598605866955
2020-02-10,0.0,0.0,0.0,0.5520804268722403,0.6273598605866955
2020-02-11,0.0,0.0,0.0,0.5328078931093501,0.6186465291896592
2020-02-11,0.0,0.0,0.0,0.5328078931093501,0.6186465291896592
2020-02-11,0.0,0.0,0.0,0.5328078931093501,0.6186465291896592
2020-02-11,0.0,0.0,0.0,0.5328078931093501,0.6186465291896592
2020-02-11,0.0,0.0,0.0,0.5328078931093501,0.6186465291896592
2020-02-11,0.0,0.0,0.0,0.5328078931093501,0.6186465291896592
2020-02-11,0.0,0.0,0.0,0.5328078931093501,0.6186465291896592
2020-02-11,0.0,0.0,0.0,0.5328078931093501,0.6186465291896592
2020-02-11,0.0,0.0,0.0,0.5328078931093501,0.6186465291896592
2020-02-11,0.0,0.0,0.0,0.5328078931093501,0.6186465291896592
2020-02-11,0.0,0.0,0.0,0.5328078931093501,0.6186465291896592
2020-02-12,0.0,0.0,0.0,0.5224525018337671,0.6096104818149524
2020-02-12,0.0,0.0,0.0,0.5224525018337671,0.6096104818149524
2020-02-12,0.004793508983410728,0.0,0.0,0.5224525018337671,0.6096104818149524
2020-02-12,0.01232122552753202,0.0,0.0,0.5224525018337671,0.6096104818149524
2020-02-12,0.0,0.0,0.0,0.5224525018337671,0.6096104818149524
2020-02-12,0.0,0.0,0.0,0.5224525018337671,0.6096104818149524
2020-02-12,0.0,0.0,0.0,0.5224525018337671,0.6096104818149524
2020-02-12,0.0,0.0,0.0,0.5224525018337671,0.6096104818149524
2020-02-12,0.039935584149927476,0.0,0.0,0.5224525018337671,0.6096104818149524
2020-02-12,0.0,0.0,0.0,0.5224525018337671,0.6096104818149524
2020-02-12,0.006069877284283763,0.0,0.0,0.5224525018337671,0.6096104818149524
2020-02-13,0.0,0.0,0.0,0.5118094608005292,0.6002517184625802
2020-02-13,0.0,0.0,0.0,0.5118094608005292,0.6002517184625802
2020-02-13,0.004613106731285445,0.0,0.0,0.5118094608005292,0.6002517184625802
2020-02-13,0.0,0.0,0.0,0.5118094608005292,0.6002517184625802
2020-02-13,0.0,0.0,0.0,0.5118094608005292,0.6002517184625802
2020-02-13,0.0036430666723601952,0.0,0.0,0.5118094608005292,0.6002517184625802
2020-02-13,0.03035104435404659,0.0,0.0,0.5118094608005292,0.6002517184625802
2020-02-13,0.0,0.0,0.0,0.5118094608005292,0.6002517184625802
2020-02-13,0.010273988825960128,0.0,0.0,0.5118094608005292,0.6002517184625802
2020-02-13,0.0,0.0,0.0,0.5118094608005292,0.6002517184625802
2020-02-13,0.0,0.0,0.0,0.5118094608005292,0.6002517184625802
2020-02-14,0.0,0.0,0.0,0.5014742050079822,0.5912156710878733
2020-02-14,0.0,0.0,0.0,0.5014742050079822,0.5912156710878733
2020-02-14,0.0,0.0,0.0,0.5014742050079822,0.5912156710878733
2020-02-14,0.0,0.0,0.0,0.5014742050079822,0.5912156710878733
2020-02-14,0.0,0.0,0.0,0.5014742050079822,0.5912156710878733
2020-02-14,0.0,0.0,0.0,0.5014742050079822,0.5912156710878733
2020-02-14,0.0,0.0,0.0,0.5014742050079822,0.5912156710878733
2020-02-14,0.0,0.0,0.0,0.5014742050079822,0.5912156710878733
2020-02-14,0.0,0.0,0.0,0.5014742050079822,0.5912156710878733
2020-02-14,0.0,0.0,0.0,0.5014742050079822,0.5912156710878733
2020-02-14,0.0,0.0,0.0,0.5014742050079822,0.5912156710878733
2020-02-15,0.0,0.0,0.0,0.49161644781314273,0.5825023396908371
2020-02-15,0.0,0.0,0.0,0.49161644781314273,0.5825023396908371
2020-02-15,0.0,0.0,0.0,0.49161644781314273,0.5825023396908371
2020-02-15,0.0,0.0,0.0,0.49161644781314273,0.5825023396908371
2020-02-15,0.0,0.0,0.0,0.49161644781314273,0.5825023396908371
2020-02-15,0.0,0.0,0.0,0.49161644781314273,0.5825023396908371
2020-02-15,0.0,0.0,0.0,0.49161644781314273,0.5825023396908371
2020-02-15,0.0,0.0,0.0,0.49161644781314273,0.5825023396908371
2020-02-15,0.0,0.0,0.0,0.49161644781314273,0.5825023396908371
2020-02-15,0.0,0.0,0.0,0.49161644781314273,0.5825023396908371
2020-02-15,0.0,0.0,0.0,0.49161644781314273,0.5825023396908371
2020-02-16,0.0,0.0,0.0,0.4839707172546708,0.5754025881821399
2020-02-16,0.0,0.0,0.0,0.4839707172546708,0.5754025881821399
2020-02-16,0.0,0.0,0.0,0.4839707172546708,0.5754025881821399
2020-02-16,0.0,0.0,0.0,0.4839707172546708,0.5754025881821399
2020-02-16,0.0,0.0,0.0,0.4839707172546708,0.5754025881821399
2020-02-16,0.0,0.0,0.0,0.4839707172546708,0.5754025881821399
2020-02-16,0.0,0.0,0.0,0.4839707172546708,0.5754025881821399
2020-02-16,0.0,0.0,0.0,0.4839707172546708,0.5754025881821399
2020-02-16,0.0,0.0,0.0,0.4839707172546708,0.5754025881821399
2020-02-16,0.0,0.0,0.0,0.4839707172546708,0.5754025881821399
2020-02-16,0.0,0.0,0.0,0.4839707172546708,0.5754025881821399
2020-02-17,0.0,0.0,0.0,0.4758359821081851,0.5670119727627707
2020-02-17,0.0,0.0,0.0,0.4758359821081851,0.5670119727627707
2020-02-17,0.0,0.0,0.0,0.4758359821081851,0.5670119727627707
2020-02-17,0.0,0.0,0.0,0.4758359821081851,0.5670119727627707
2020-02-17,0.0,0.0,0.0,0.4758359821081851,0.5670119727627707
2020-02-17,0.0,0.0,0.0,0.4758359821081851,0.5670119727627707
2020-02-17,0.0,0.0,0.0,0.4758359821081851,0.5670119727627707
2020-02-17,0.0,0.0,0.0,0.4758359821081851,0.5670119727627707
2020-02-17,0.0,0.0,0.0,0.4758359821081851,0.5670119727627707
2020-02-17,0.0,0.0,0.0,0.4758359821081851,0.5670119727627707
2020-02-17,0.0,0.0,0.0,0.4758359821081851,0.5670119727627707
2020-02-18,0.0,0.0,0.0,0.46750564512649395,0.5586213573434016
2020-02-18,0.0,0.0,0.0,0.46750564512649395,0.5586213573434016
2020-02-18,0.0,0.0,0.0,0.46750564512649395,0.5586213573434016
2020-02-18,0.0,0.0,0.0,0.46750564512649395,0.5586213573434016
2020-02-18,0.0,0.0,0.0,0.46750564512649395,0.5586213573434016
2020-02-18,0.0,0.0,0.0,0.46750564512649395,0.5586213573434016
2020-02-18,0.0,0.0,0.0,0.46750564512649395,0.5586213573434016
2020-02-18,0.0,0.0,0.0,0.46750564512649395,0.5586213573434016
2020-02-18,0.0,0.0,0.0,0.46750564512649395,0.5586213573434016
2020-02-18,0.0,0.0,0.0,0.46750564512649395,0.5586213573434016
2020-02-18,0.0,0.0,0.0,0.46750564512649395,0.5586213573434016
2020-02-19,0.0,0.0,0.0,0.4595665118152138,0.5508761738793666
2020-02-19,0.0,0.0,0.0,0.4595665118152138,0.5508761738793666
2020-02-19,0.0,0.0,0.0,0.4595665118152138,0.5508761738793666
2020-02-19,0.0,0.0,0.0,0.4595665118152138,0.5508761738793666
2020-02-19,0.0,0.0,0.0,0.4595665118152138,0.5508761738793666
2020-02-19,0.0,0.0,0.0,0.4595665118152138,0.5508761738793666
2020-02-19,0.0,0.0,0.0,0.4595665118152138,0.5508761738793666
2020-02-19,0.0,0.0,0.0,0.4595665118152138,0.5508761738793666
2020-02-19,0.0,0.0,0.0,0.4595665118152138,0.5508761738793666
2020-02-19,0.0,0.0,0.0,0.4595665118152138,0.5508761738793666
2020-02-19,0.0,0.0,0.0,0.4595665118152138,0.5508761738793666
2020-02-20,0.0,0.0,0.0,0.4595665118152138,0.5508761738793666
2020-02-20,0.0,0.0,0.0,0.4595665118152138,0.5508761738793666
2020-02-20,0.0005609808291920106,0.0,0.0,0.4595665118152138,0.5508761738793666
2020-02-20,0.0,0.0,0.0,0.4595665118152138,0.5508761738793666
2020-02-20,0.0014477249599953524,0.0,0.0,0.4595665118152138,0.5508761738793666
2020-02-20,0.0,0.0,0.0,0.4595665118152138,0.5508761738793666
2020-02-20,0.0,0.0,0.0,0.4595665118152138,0.5508761738793666
2020-02-20,0.00024966413585949436,0.0,0.0,0.4595665118152138,0.5508761738793666
2020-02-20,0.0,0.0,0.0,0.4595665118152138,0.5508761738793666
2020-02-20,0.00024102265452455697,0.0,0.0,0.4595665118152138,0.5508761738793666
2020-02-20,0.0006906747664035328,0.0,0.0,0.4595665118152138,0.5508761738793666
2020-02-21,0.11458873044237528,0.0,0.0,0.4463374994606567,0.5376448187949787
2020-02-21,0.03562100306612338,0.0,0.0,0.4463374994606567,0.5376448187949787
2020-02-21,0.3219338630322364,0.0,0.0,0.4463374994606567,0.5376448187949787
2020-02-21,0.010641925396552168,0.0,0.0,0.4463374994606567,0.5376448187949787
2020-02-21,0.01991895353490411,0.0,0.0,0.4463374994606567,0.5376448187949787
2020-02-21,0.08976146740021186,0.0,0.0,0.4463374994606567,0.5376448187949787
2020-02-21,0.004326631181244796,0.0,0.0,0.4463374994606567,0.5376448187949787
2020-02-21,0.05717450134613966,0.0,0.0,0.4463374994606567,0.5376448187949787
2020-02-21,0.2354880180985834,0.0,0.0,0.4463374994606567,0.5376448187949787
2020-02-21,5.147320383619031e-05,0.0,0.0,0.4463374994606567,0.5376448187949787
2020-02-21,0.110767980569735,0.0,0.0,0.4463374994606567,0.5376448187949787
2020-02-22,0.0006630334925338522,0.0,0.0,0.4392814509053776,0.5305450672862797
2020-02-22,0.02084524378399879,0.0,0.0,0.4392814509053776,0.5305450672862797
2020-02-22,0.00464004632156939,0.0,0.0,0.4392814509053776,0.5305450672862797
2020-02-22,0.010009908879516537,0.0,0.0,0.4392814509053776,0.5305450672862797
2020-02-22,0.0,0.0,0.0,0.4392814509053776,0.5305450672862797
2020-02-22,0.020644285233388078,0.0,0.0,0.4392814509053776,0.5305450672862797
2020-02-22,0.0,0.0,0.0,0.4392814509053776,0.5305450672862797
2020-02-22,0.0,0.0,0.0,0.4392814509053776,0.5305450672862797
2020-02-22,0.03675866944693865,0.0,0.0,0.4392814509053776,0.5305450672862797
2020-02-22,0.0017698970506497018,0.0,0.0,0.4392814509053776,0.5305450672862797
2020-02-22,0.0,0.0,0.0,0.4392814509053776,0.5305450672862797
2020-02-23,0.0,0.0,0.0,0.43144011851170017,0.5224771678445794
2020-02-23,0.0,0.0,0.0,0.43144011851170017,0.5224771678445794
2020-02-23,0.0,0.0,0.0,0.43144011851170017,0.5224771678445794
2020-02-23,0.0,0.0,0.0,0.43144011851170017,0.5224771678445794
2020-02-23,0.0,0.0,0.0,0.43144011851170017,0.5224771678445794
2020-02-23,0.0002423824487716997,0.0,0.0,0.43144011851170017,0.5224771678445794
2020-02-23,0.0,0.0,0.0,0.43144011851170017,0.5224771678445794
2020-02-23,0.0,0.0,0.0,0.43144011851170017,0.5224771678445794
2020-02-23,0.0,0.0,0.0,0.43144011851170017,0.5224771678445794
2020-02-23,0.0,0.0,0.0,0.43144011851170017,0.5224771678445794
2020-02-23,0.0,0.0,0.0,0.43144011851170017,0.5224771678445794
2020-02-24,0.022919216656037522,0.0,0.0,0.4232075824476118,0.5144092684028774
2020-02-24,0.004704225527283671,0.0,0.0,0.4232075824476118,0.5144092684028774
2020-02-24,0.0,0.0,0.0,0.4232075824476118,0.5144092684028774
2020-02-24,0.0,0.0,0.0,0.4232075824476118,0.5144092684028774
2020-02-24,0.001913017918157521,0.0,0.0,0.4232075824476118,0.5144092684028774
2020-02-24,0.014313855516352687,0.0,0.0,0.4232075824476118,0.5144092684028774
2020-02-24,0.06838372709188273,0.0,0.0,0.4232075824476118,0.5144092684028774
2020-02-24,0.1077486548830308,0.0,0.0,0.4232075824476118,0.5144092684028774
2020-02-24,0.02273114254312571,0.0,0.0,0.4232075824476118,0.5144092684028774
2020-02-24,0.05254081932495394,0.0,0.0,0.4232075824476118,0.5144092684028774
2020-02-24,0.0003320592239574047,0.0,0.0,0.4232075824476118,0.5144092684028774
2020-02-25,0.06012677202903075,0.0,0.0,0.41477944454831794,0.5056959370058411
2020-02-25,0.0,0.0,0.0,0.41477944454831794,0.5056959370058411
2020-02-25,0.0006367081865693615,0.0,0.0,0.41477944454831794,0.5056959370058411
2020-02-25,0.0,0.0,0.0,0.41477944454831794,0.5056959370058411
2020-02-25,0.0018877162703229296,0.0,0.0,0.41477944454831794,0.5056959370058411
2020-02-25,0.005267072315158543,0.0,0.0,0.41477944454831794,0.5056959370058411
2020-02-25,0.0,0.0,0.0,0.41477944454831794,0.5056959370058411
2020-02-25,0.037860164516675975,0.0,0.0,0.41477944454831794,0.5056959370058411
2020-02-25,0.0,0.0,0.0,0.41477944454831794,0.5056959370058411
2020-02-25,0.003504486825062375,0.0,0.0,0.41477944454831794,0.5056959370058411
2020-02-25,0.0,0.0,0.0,0.41477944454831794,0.5056959370058411
2020-02-26,0.0028940508311049947,0.0,0.0,0.4062506292338449,0.497305321586472
2020-02-26,0.055742100818164136,0.0,0.0,0.4062506292338449,0.497305321586472
2020-02-26,0.015393184996253612,0.0,0.0,0.4062506292338449,0.497305321586472
2020-02-26,0.0003611895797829891,0.0,0.0,0.4062506292338449,0.497305321586472
2020-02-26,0.0012524318584971944,0.0,0.0,0.4062506292338449,0.497305321586472
2020-02-26,0.00238855058807168,0.0,0.0,0.4062506292338449,0.497305321586472
2020-02-26,0.004475061595173288,0.0,0.0,0.4062506292338449,0.497305321586472
2020-02-26,0.0014364890188444804,0.0,0.0,0.4062506292338449,0.497305321586472
2020-02-26,7.274576487416607e-07,0.0,0.0,0.4062506292338449,0.497305321586472
2020-02-26,0.01579030409688785,0.0,0.0,0.4062506292338449,0.497305321586472
2020-02-26,0.08632808991808004,0.0,0.0,0.4062506292338449,0.497305321586472
2020-02-27,0.0,0.0,0.0,0.3976125070114629,0.4885919901894322
2020-02-27,0.0,0.0,0.0,0.3976125070114629,0.4885919901894322
2020-02-27,0.0,0.0,0.0,0.3976125070114629,0.4885919901894322
2020-02-27,0.0,0.0,0.0,0.3976125070114629,0.4885919901894322
2020-02-27,0.0,0.0,0.0,0.3976125070114629,0.4885919901894322
2020-02-27,0.0,0.0,0.0,0.3976125070114629,0.4885919901894322
2020-02-27,0.0,0.0,0.0,0.3976125070114629,0.4885919901894322
2020-02-27,0.0,0.0,0.0,0.3976125070114629,0.4885919901894322
2020-02-27,0.0,0.0,0.0,0.3976125070114629,0.4885919901894322
2020-02-27,0.0,0.0,0.0,0.3976125070114629,0.4885919901894322
2020-02-27,0.0,0.0,0.0,0.3976125070114629,0.4885919901894322
2020-02-28,0.0,0.0,0.0,0.3976125070114629,0.4885919901894322
2020-02-28,0.0,0.0,0.0,0.3976125070114629,0.4885919901894322
2020-02-28,0.0,0.0,0.0,0.3976125070114629,0.4885919901894322
2020-02-28,0.0,0.0,0.0,0.3976125070114629,0.4885919901894322
2020-02-28,0.0,0.0,0.0,0.3976125070114629,0.4885919901894322
2020-02-28,0.0,0.0,0.0,0.3976125070114629,0.4885919901894322
2020-02-28,0.0,0.0,0.0,0.3976125070114629,0.4885919901894322
2020-02-28,0.0,0.0,0.0,0.3976125070114629,0.4885919901894322
2020-02-28,0.0,0.0,0.0,0.3976125070114629,0.4885919901894322
2020-02-28,0.0,0.0,0.0,0.3976125070114629,0.4885919901894322
2020-02-28,0.0,0.0,0.0,0.3976125070114629,0.4885919901894322
2020-02-29,0.05264102625830205,0.0,0.0,0.3976125070114629,0.4885919901894322
2020-02-29,0.026675110042004235,0.0,0.0,0.3976125070114629,0.4885919901894322
2020-02-29,0.01808236754965197,0.0,0.0,0.3976125070114629,0.4885919901894322
2020-02-29,0.0,0.0,0.0,0.3976125070114629,0.4885919901894322
2020-02-29,0.0076408448246998205,0.0,0.0,0.3976125070114629,0.4885919901894322
2020-02-29,0.004574130862274742,0.0,0.0,0.3976125070114629,0.4885919901894322
2020-02-29,0.019688882442236058,0.0,0.0,0.3976125070114629,0.4885919901894322
2020-02-29,0.018566349565621663,0.0,0.0,0.3976125070114629,0.4885919901894322
2020-02-29,0.061794546309098405,0.0,0.0,0.3976125070114629,0.4885919901894322
2020-02-29,0.006530339625519906,0.0,0.0,0.3976125070114629,0.4885919901894322
2020-02-29,0.0148793557507221,0.0,0.0,0.3976125070114629,0.4885919901894322
2020-03-01,0.14852918575783736,0.0,0.0,,
2020-03-01,0.043591025711680234,0.0,0.0,,
2020-03-01,0.1581211362005626,0.0,0.0,,
2020-03-01,0.2108074205358559,0.0,0.0,,
2020-03-01,0.14979905632649448,0.0,0.0,,
2020-03-01,0.03819620023581965,0.0,0.0,,
2020-03-01,0.2716183516958645,0.0,0.0,,
2020-03-01,0.17658536427759725,0.0,0.0,,
2020-03-01,0.11405972437313618,0.0,0.0,,
2020-03-01,0.1413139676381479,0.0,0.0,,
2020-03-01,0.1420360140752811,0.0,0.0,,
2020-03-02,0.00014083651632849903,0.0,0.0,,
2020-03-02,0.00014805240427568826,0.0,0.0,,
2020-03-02,0.0,0.0,0.0,,
2020-03-02,0.02751955745963037,0.0,0.0,,
2020-03-02,0.0,0.0,0.0,,
2020-03-02,0.0009155180621948807,0.0,0.0,,
2020-03-02,0.0615827742943291,0.0,0.0,,
2020-03-02,0.0038222620752275996,0.0,0.0,,
2020-03-02,0.000224475735888786,0.0,0.0,,
2020-03-02,5.06468685935121e-05,0.0,0.0,,
2020-03-02,0.005866457541713261,0.0,0.0,,
2020-03-03,0.0,0.0,0.0,0.3976125070114629,0.4885919901894322
2020-03-03,0.00016122605111071943,0.0,0.0,0.3976125070114629,0.4885919901894322
2020-03-03,0.0,0.0,0.0,0.3976125070114629,0.4885919901894322
2020-03-03,0.00566114475458802,0.0,0.0,0.3976125070114629,0.4885919901894322
2020-03-03,0.0010656748016956636,0.0,0.0,0.3976125070114629,0.4885919901894322
2020-03-03,0.0,0.0,0.0,0.3976125070114629,0.4885919901894322
2020-03-03,0.0,0.0,0.0,0.3976125070114629,0.4885919901894322
2020-03-03,0.00043912875127165226,0.0,0.0,0.3976125070114629,0.4885919901894322
2020-03-03,0.00011911232036462316,0.0,0.0,0.3976125070114629,0.4885919901894322
2020-03-03,0.0,0.0,0.0,0.3976125070114629,0.4885919901894322
2020-03-03,0.0,0.0,0.0,0.3976125070114629,0.4885919901894322
2020-03-04,0.0,0.0,0.0,0.3536020940902358,0.4447026172265769
2020-03-04,0.0,0.0,0.0,0.3536020940902358,0.4447026172265769
2020-03-04,0.0,0.0,0.0,0.3536020940902358,0.4447026172265769
2020-03-04,0.0,0.0,0.0,0.3536020940902358,0.4447026172265769
2020-03-04,0.0,0.0,0.0,0.3536020940902358,0.4447026172265769
2020-03-04,0.0,0.0,0.0,0.3536020940902358,0.4447026172265769
2020-03-04,0.0,0.0,0.0,0.3536020940902358,0.4447026172265769
2020-03-04,0.0,0.0,0.0,0.3536020940902358,0.4447026172265769
2020-03-04,0.0,0.0,0.0,0.3536020940902358,0.4447026172265769
2020-03-04,0.0,0.0,0.0,0.3536020940902358,0.4447026172265769
2020-03-04,0.0,0.0,0.0,0.3536020940902358,0.4447026172265769
2020-03-05,0.07807131859791204,0.0,0.0,0.3537200304908743,0.4447026172265769
2020-03-05,0.028320790464329868,0.0,0.0,0.3537200304908743,0.4447026172265769
2020-03-05,0.08872836017682517,0.0,0.0,0.3537200304908743,0.4447026172265769
2020-03-05,0.016361324095050117,0.0,0.0,0.3537200304908743,0.4447026172265769
2020-03-05,0.05995622011993236,0.0,0.0,0.3537200304908743,0.4447026172265769
2020-03-05,0.06713893428404329,0.0,0.0,0.3537200304908743,0.4447026172265769
2020-03-05,0.005090382586497321,0.0,0.0,0.3537200304908743,0.4447026172265769
2020-03-05,0.009832956490941978,0.0,0.0,0.3537200304908743,0.4447026172265769
2020-03-05,0.05670079116633246,0.0,0.0,0.3537200304908743,0.4447026172265769
2020-03-05,0.002748536285073678,0.0,0.0,0.3537200304908743,0.4447026172265769
2020-03-05,0.002160823817118213,0.0,0.0,0.3537200304908743,0.4447026172265769
2020-03-06,0.030272788425435425,0.0,0.0,0.3482316731148154,0.43889372962855333
2020-03-06,0.09209570978658593,0.0,0.0,0.3482316731148154,0.43889372962855333
2020-03-06,0.04138058770278442,0.0,0.0,0.3482316731148154,0.43889372962855333
2020-03-06,0.009532411596929368,0.0,0.0,0.3482316731148154,0.43889372962855333
2020-03-06,0.038688089135061325,0.0,0.0,0.3482316731148154,0.43889372962855333
2020-03-06,0.07675517209292526,0.0,0.0,0.3482316731148154,0.43889372962855333
2020-03-06,0.055247143284919045,0.0,0.0,0.3482316731148154,0.43889372962855333
2020-03-06,0.07281115085460363,0.0,0.0,0.3482316731148154,0.43889372962855333
2020-03-06,0.1345831648785644,0.0,0.0,0.3482316731148154,0.43889372962855333
2020-03-06,0.10242529921430986,0.0,0.0,0.3482316731148154,0.43889372962855333
2020-03-06,0.09291054396855829,0.0,0.0,0.3482316731148154,0.43889372962855333
2020-03-07,0.33651564784910654,0.0,0.0,0.3434279221619755,0.43405298996353103
2020-03-07,0.11293919221375269,0.0,0.0,0.3434279221619755,0.43405298996353103
2020-03-07,0.1856486516443834,0.0,0.0,0.3434279221619755,0.43405298996353103
2020-03-07,0.10623569483043233,0.0,0.0,0.3434279221619755,0.43405298996353103
2020-03-07,0.04399706150518857,0.0,0.0,0.3434279221619755,0.43405298996353103
2020-03-07,0.5296037222071179,0.0,0.0,0.3434279221619755,0.43405298996353103
2020-03-07,0.17636182220676816,0.0,0.0,0.3434279221619755,0.43405298996353103
2020-03-07,0.22659430587993307,0.0,0.0,0.3434279221619755,0.43405298996353103
2020-03-07,0.05166705743614526,0.0,0.0,0.3434279221619755,0.43405298996353103
2020-03-07,0.1150385571142761,0.0,0.0,0.3434279221619755,0.43405298996353103
2020-03-07,0.1988612289419499,0.0,0.0,0.3434279221619755,0.43405298996353103
2020-03-08,0.0634292454600779,0.0,0.0,0.3408822218067281,0.4317939781198561
2020-03-08,0.09980043140033364,0.0,0.0,0.3408822218067281,0.4317939781198561
2020-03-08,0.15901162008977107,0.0,0.0,0.3408822218067281,0.4317939781198561
2020-03-08,0.10058636187127735,0.0,0.0,0.3408822218067281,0.4317939781198561
2020-03-08,0.09303040161996756,0.0,0.0,0.3408822218067281,0.4317939781198561
2020-03-08,0.09140034129349384,0.0,0.0,0.3408822218067281,0.4317939781198561
2020-03-08,0.1868552297454048,0.0,0.0,0.3408822218067281,0.4317939781198561
2020-03-08,0.19309139517236404,0.0,0.0,0.3408822218067281,0.4317939781198561
2020-03-08,0.12652498061197912,0.0,0.0,0.3408822218067281,0.4317939781198561
2020-03-08,0.11283132343706766,0.0,0.0,0.3408822218067281,0.4317939781198561
2020-03-08,0.11355933004800957,0.0,0.0,0.3408822218067281,0.4317939781198561
2020-03-09,0.0,0.0,0.0,0.33774683944828776,0.42856681834317456
2020-03-09,0.0,0.0,0.0,0.33774683944828776,0.42856681834317456
2020-03-09,0.0,0.0,0.0,0.33774683944828776,0.42856681834317456
2020-03-09,2.905178145536883e-05,0.0,0.0,0.33774683944828776,0.42856681834317456
2020-03-09,0.00018623355561897946,0.0,0.0,0.33774683944828776,0.42856681834317456
2020-03-09,1.8757227148261152e-06,0.0,0.0,0.33774683944828776,0.42856681834317456
2020-03-09,0.0,0.0,0.0,0.33774683944828776,0.42856681834317456
2020-03-09,8.173642588049948e-05,0.0,0.0,0.33774683944828776,0.42856681834317456
2020-03-09,0.0,0.0,0.0,0.33774683944828776,0.42856681834317456
2020-03-09,0.0,0.0,0.0,0.33774683944828776,0.42856681834317456
2020-03-09,0.0012303536082993991,0.0,0.0,0.33774683944828776,0.42856681834317456
2020-03-10,0.0,0.0,0.0,0.33382617325144903,0.42469422661115885
2020-03-10,0.0,0.0,0.0,0.33382617325144903,0.42469422661115885
2020-03-10,0.0,0.0,0.0,0.33382617325144903,0.42469422661115885
2020-03-10,0.0,0.0,0.0,0.33382617325144903,0.42469422661115885
2020-03-10,0.0,0.0,0.0,0.33382617325144903,0.42469422661115885
2020-03-10,0.0,0.0,0.0,0.33382617325144903,0.42469422661115885
2020-03-10,0.0,0.0,0.0,0.33382617325144903,0.42469422661115885
2020-03-10,0.0,0.0,0.0,0.33382617325144903,0.42469422661115885
2020-03-10,0.0,0.0,0.0,0.33382617325144903,0.42469422661115885
2020-03-10,0.0,0.0,0.0,0.33382617325144903,0.42469422661115885
2020-03-10,0.0,0.0,0.0,0.33382617325144903,0.42469422661115885
2020-03-11,6.559044373900219e-07,0.0,0.0,0.33382617325144903,0.42469422661115885
2020-03-11,9.719311208597599e-08,0.0,0.0,0.33382617325144903,0.42469422661115885
2020-03-11,0.0,0.0,0.0,0.33382617325144903,0.42469422661115885
2020-03-11,0.0,0.0,0.0,0.33382617325144903,0.42469422661115885
2020-03-11,0.0,0.0,0.0,0.33382617325144903,0.42469422661115885
2020-03-11,0.0006852787598524774,0.0,0.0,0.33382617325144903,0.42469422661115885
2020-03-11,0.0,0.0,0.0,0.33382617325144903,0.42469422661115885
2020-03-11,0.0,0.0,0.0,0.33382617325144903,0.42469422661115885
2020-03-11,0.0003061443800084488,0.0,0.0,0.33382617325144903,0.42469422661115885
2020-03-11,0.003545276090959433,0.0,0.0,0.33382617325144903,0.42469422661115885
2020-03-11,0.00539465899538884,0.0,0.0,0.33382617325144903,0.42469422661115885
2020-03-12,0.36338623653903007,0.0,0.0,0.32713831638596846,0.4179171910801287
2020-03-12,0.5151624467295174,0.0,0.0,0.32713831638596846,0.4179171910801287
2020-03-12,0.34293463128386165,0.0,0.0,0.32713831638596846,0.4179171910801287
2020-03-12,0.42285271863434715,0.0,0.0,0.32713831638596846,0.4179171910801287
2020-03-12,0.3412849951018741,0.0,0.0,0.32713831638596846,0.4179171910801287
2020-03-12,0.1855671273439607,0.0,0.0,0.32713831638596846,0.4179171910801287
2020-03-12,0.26425244215530247,0.0,0.0,0.32713831638596846,0.4179171910801287
2020-03-12,0.39336028015546054,0.0,0.0,0.32713831638596846,0.4179171910801287
2020-03-12,0.3705871753806069,0.0,0.0,0.32713831638596846,0.4179171910801287
2020-03-12,0.2836459802356477,0.0,0.0,0.32713831638596846,0.4179171910801287
2020-03-12,0.36097274835990045,0.0,0.0,0.32713831638596846,0.4179171910801287
2020-03-13,0.2787430115346183,0.0,0.0,0.32716132836658085,0.4179171910801287
2020-03-13,0.4174192569585329,0.0,0.0,0.32716132836658085,0.4179171910801287
2020-03-13,0.26676796491568117,0.0,0.0,0.32716132836658085,0.4179171910801287
2020-03-13,0.6848383086935115,0.0,0.0,0.32716132836658085,0.4179171910801287
2020-03-13,0.3722931412319542,0.0,0.0,0.32716132836658085,0.4179171910801287
2020-03-13,0.4687178247475762,0.0,0.0,0.32716132836658085,0.4179171910801287
2020-03-13,0.7044232808317836,0.0,0.0,0.32716132836658085,0.4179171910801287
2020-03-13,0.4680218856921582,0.0,0.0,0.32716132836658085,0.4179171910801287
2020-03-13,0.32962611409889214,0.0,0.0,0.32716132836658085,0.4179171910801287
2020-03-13,0.11166238439727894,0.0,0.0,0.32716132836658085,0.4179171910801287
2020-03-13,0.7269462592817533,0.0,0.0,0.32716132836658085,0.4179171910801287
2020-03-14,0.21743940729689232,0.0,0.0,0.3309841936458169,0.4217897828121462
2020-03-14,0.23438654227367856,0.0,0.0,0.3309841936458169,0.4217897828121462
2020-03-14,0.4306851083051961,0.0,0.0,0.3309841936458169,0.4217897828121462
2020-03-14,0.3344643278889943,0.0,0.0,0.3309841936458169,0.4217897828121462
2020-03-14,0.12122980777058937,0.0,0.0,0.3309841936458169,0.4217897828121462
2020-03-14,0.28849326622760324,0.0,0.0,0.3309841936458169,0.4217897828121462
2020-03-14,0.26232747204834844,0.0,0.0,0.3309841936458169,0.4217897828121462
2020-03-14,0.09676433896265871,0.0,0.0,0.3309841936458169,0.4217897828121462
2020-03-14,0.2785342361087127,0.0,0.0,0.3309841936458169,0.4217897828121462
2020-03-14,0.29685839310989726,0.0,0.0,0.3309841936458169,0.4217897828121462
2020-03-14,0.3312323068976767,0.0,0.0,0.3309841936458169,0.4217897828121462
2020-03-15,0.1842523515450858,0.0,0.0,0.33451077967466814,0.4253396585664948
2020-03-15,0.012673357961449794,0.0,0.0,0.33451077967466814,0.4253396585664948
2020-03-15,0.12291788081720925,0.0,0.0,0.33451077967466814,0.4253396585664948
2020-03-15,0.05817769202279104,0.0,0.0,0.33451077967466814,0.4253396585664948
2020-03-15,0.13963499838114288,0.0,0.0,0.33451077967466814,0.4253396585664948
2020-03-15,0.01574930503101234,0.0,0.0,0.33451077967466814,0.4253396585664948
2020-03-15,0.0922862498467647,0.0,0.0,0.33451077967466814,0.4253396585664948
2020-03-15,0.09503258837495171,0.0,0.0,0.33451077967466814,0.4253396585664948
2020-03-15,0.07004147849624263,0.0,0.0,0.33451077967466814,0.4253396585664948
2020-03-15,0.07362427558563604,0.0,0.0,0.33451077967466814,0.4253396585664948
2020-03-15,0.0872808596852166,0.0,0.0,0.33451077967466814,0.4253396585664948
2020-03-16,0.0,0.0,0.0,0.3351982625954637,0.42598509052183076
2020-03-16,0.0,0.0,0.0,0.3351982625954637,0.42598509052183076
2020-03-16,0.0,0.0,0.0,0.3351982625954637,0.42598509052183076
2020-03-16,0.0,0.0,0.0,0.3351982625954637,0.42598509052183076
2020-03-16,0.0,0.0,0.0,0.3351982625954637,0.42598509052183076
2020-03-16,0.0,0.0,0.0,0.3351982625954637,0.42598509052183076
2020-03-16,0.0,0.0,0.0,0.3351982625954637,0.42598509052183076
2020-03-16,0.0,0.0,0.0,0.3351982625954637,0.42598509052183076
2020-03-16,0.0,0.0,0.0,0.3351982625954637,0.42598509052183076
2020-03-16,0.0,0.0,0.0,0.3351982625954637,0.42598509052183076
2020-03-16,0.0,0.0,0.0,0.3351982625954637,0.42598509052183076
2020-03-17,0.0,0.0,0.0,0.33460858059227083,0.4253396585664948
2020-03-17,0.0,0.0,0.0,0.33460858059227083,0.4253396585664948
2020-03-17,0.0,0.0,0.0,0.33460858059227083,0.4253396585664948
2020-03-17,0.0,0.0,0.0,0.33460858059227083,0.4253396585664948
2020-03-17,0.0,0.0,0.0,0.33460858059227083,0.4253396585664948
2020-03-17,0.0,0.0,0.0,0.33460858059227083,0.4253396585664948
2020-03-17,0.0,0.0,0.0,0.33460858059227083,0.4253396585664948
2020-03-17,0.0,0.0,0.0,0.33460858059227083,0.4253396585664948
2020-03-17,0.0,0.0,0.0,0.33460858059227083,0.4253396585664948
2020-03-17,0.0,0.0,0.0,0.33460858059227083,0.4253396585664948
2020-03-17,0.0,0.0,0.0,0.33460858059227083,0.4253396585664948
2020-03-18,0.0,0.0,0.0,0.33460858059227083,0.4253396585664948
2020-03-18,0.0,0.0,0.0,0.33460858059227083,0.4253396585664948
2020-03-18,0.0,0.0,0.0,0.33460858059227083,0.4253396585664948
2020-03-18,0.0,0.0,0.0,0.33460858059227083,0.4253396585664948
2020-03-18,0.0,0.0,0.0,0.33460858059227083,0.4253396585664948
2020-03-18,0.0,0.0,0.0,0.33460858059227083,0.4253396585664948
2020-03-18,0.0,0.0,0.0,0.33460858059227083,0.4253396585664948
2020-03-18,0.0,0.0,0.0,0.33460858059227083,0.4253396585664948
2020-03-18,0.0,0.0,0.0,0.33460858059227083,0.4253396585664948
2020-03-18,0.0,0.0,0.0,0.33460858059227083,0.4253396585664948
2020-03-18,0.0,0.0,0.0,0.33460858059227083,0.4253396585664948
2020-03-19,0.0004580751174085862,0.0,0.0,0.3316688000690359,0.42243521476748036
2020-03-19,0.004182234087677926,0.0,0.0,0.3316688000690359,0.42243521476748036
2020-03-19,0.0,0.0,0.0,0.3316688000690359,0.42243521476748036
2020-03-19,0.0004239981091992347,0.0,0.0,0.3316688000690359,0.42243521476748036
2020-03-19,0.02583038867992706,0.0,0.0,0.3316688000690359,0.42243521476748036
2020-03-19,0.00353132373648803,0.0,0.0,0.3316688000690359,0.42243521476748036
2020-03-19,0.02343622202936558,0.0,0.0,0.3316688000690359,0.42243521476748036
2020-03-19,0.0017483447612760981,0.0,0.0,0.3316688000690359,0.42243521476748036
2020-03-19,0.0,0.0,0.0,0.3316688000690359,0.42243521476748036
2020-03-19,1.9001581365027e-05,0.0,0.0,0.3316688000690359,0.42243521476748036
2020-03-19,0.001403543952624874,0.0,0.0,0.3316688000690359,0.42243521476748036
2020-03-20,0.022626761255055024,0.0,0.0,,
2020-03-20,0.023380501456717395,0.0,0.0,,
2020-03-20,0.00026105053254415193,0.0,0.0,,
2020-03-20,0.0057350150378062525,0.0,0.0,,
2020-03-20,0.0016279894423749449,0.0,0.0,,
2020-03-20,0.0,0.0,0.0,,
2020-03-20,0.0021226698112744784,0.0,0.0,,
2020-03-20,0.0,0.0,0.0,,
2020-03-20,0.014753648519936387,0.0,0.0,,
2020-03-20,0.00395079445040126,0.0,0.0,,
2020-03-20,0.0006575483575139068,0.0,0.0,,
2020-03-21,0.0,0.0,0.0,,
2020-03-21,0.0,0.0,0.0,,
2020-03-21,0.0,0.0,0.0,,
2020-03-21,0.0,0.0,0.0,,
2020-03-21,0.0,0.0,0.0,,
2020-03-21,0.0,0.0,0.0,,
2020-03-21,0.0,0.0,0.0,,
2020-03-21,0.0,0.0,0.0,,
2020-03-21,0.0,0.0,0.0,,
2020-03-21,0.0,0.0,0.0,,
2020-03-21,0.0,0.0,0.0,,
2020-03-22,0.050120640145403086,0.0,0.0,,
2020-03-22,0.08105465142426603,0.0,0.0,,
2020-03-22,0.04784455713344462,0.0,0.0,,
2020-03-22,0.02307394123329564,0.0,0.0,,
2020-03-22,0.0883567598283943,0.0,0.0,,
2020-03-22,0.06703526417526576,0.0,0.0,,
2020-03-22,0.014194019494882918,0.0,0.0,,
2020-03-22,0.038574808818815594,0.0,0.0,,
2020-03-22,0.052529677282486045,0.0,0.0,,
2020-03-22,0.0447940672952306,0.0,0.0,,
2020-03-22,0.03058549184981777,0.0,0.0,,
2020-03-23,0.0,0.0,0.0,,
2020-03-23,0.0,0.0,0.0,,
2020-03-23,0.0010909662233837994,0.0,0.0,,
2020-03-23,0.0007925712201408423,0.0,0.0,,
2020-03-23,8.414920016727674e-05,0.0,0.0,,
2020-03-23,0.008196590090510315,0.0,0.0,,
2020-03-23,0.0005379698381634897,0.0,0.0,,
2020-03-23,0.0,0.0,0.0,,
2020-03-23,0.0033814381836582696,0.0,0.0,,
2020-03-23,1.9001581365027e-05,0.0,0.0,,
2020-03-23,0.0012112849010779728,0.0,0.0,,
2020-03-24,0.0,0.0,0.0,,
2020-03-24,0.0,0.0,0.0,,
2020-03-24,0.0011548410894391316,0.0,0.0,,
2020-03-24,0.0,0.0,0.0,,
2020-03-24,0.026554416365854903,0.0,0.0,,
2020-03-24,0.0,0.0,0.0,,
2020-03-24,0.0,0.0,0.0,,
2020-03-24,0.006452041167468743,0.0,0.0,,
2020-03-24,0.0,0.0,0.0,,
2020-03-24,0.0,0.0,0.0,,
2020-03-24,0.0,0.0,0.0,,
2020-03-25,0.2525709145609277,0.0,0.0,0.30355103625825186,0.3940362087326932
2020-03-25,0.15426221441886884,0.0,0.0,0.30355103625825186,0.3940362087326932
2020-03-25,0.21650493607100543,0.0,0.0,0.30355103625825186,0.3940362087326932
2020-03-25,0.17319758491418671,0.0,0.0,0.30355103625825186,0.3940362087326932
2020-03-25,0.11818287093689885,0.0,0.0,0.30355103625825186,0.3940362087326932
2020-03-25,0.28586473620101466,0.0,0.0,0.30355103625825186,0.3940362087326932
2020-03-25,0.026032734856002746,0.0,0.0,0.30355103625825186,0.3940362087326932
2020-03-25,0.1323903206565072,0.0,0.0,0.30355103625825186,0.3940362087326932
2020-03-25,0.16215851198950573,0.0,0.0,0.30355103625825186,0.3940362087326932
2020-03-25,0.13028247637248638,0.0,0.0,0.30355103625825186,0.3940362087326932
2020-03-25,0.17294547268954927,0.0,0.0,0.30355103625825186,0.3940362087326932
2020-03-26,0.0,0.0,0.0,0.30355103625825186,0.3940362087326932
2020-03-26,0.0015999981391394834,0.0,0.0,0.30355103625825186,0.3940362087326932
2020-03-26,1.5752439479063272e-06,0.0,0.0,0.30355103625825186,0.3940362087326932
2020-03-26,0.005182561189904098,0.0,0.0,0.30355103625825186,0.3940362087326932
2020-03-26,0.0013073634973625522,0.0,0.0,0.30355103625825186,0.3940362087326932
2020-03-26,0.0006646433503477499,0.0,0.0,0.30355103625825186,0.3940362087326932
2020-03-26,0.0,0.0,0.0,0.30355103625825186,0.3940362087326932
2020-03-26,0.0,0.0,0.0,0.30355103625825186,0.3940362087326932
2020-03-26,0.0,0.0,0.0,0.30355103625825186,0.3940362087326932
2020-03-26,0.0,0.0,0.0,0.30355103625825186,0.3940362087326932
2020-03-26,0.0011383420667342094,0.0,0.0,0.30355103625825186,0.3940362087326932
2020-03-27,0.015340561589451865,0.0,0.0,,
2020-03-27,0.0932080929296116,0.0,0.0,,
2020-03-27,0.0866004086950686,0.0,0.0,,
2020-03-27,0.046262389324134935,0.0,0.0,,
2020-03-27,0.03737832879890844,0.0,0.0,,
2020-03-27,0.04718544411589532,0.0,0.0,,
2020-03-27,0.027517352443074135,0.0,0.0,,
2020-03-27,0.07306672050059976,0.0,0.0,,
2020-03-27,0.0934772538099656,0.0,0.0,,
2020-03-27,0.04222067495094224,0.0,0.0,,
2020-03-27,0.04811035896319863,0.0,0.0,,
2020-03-28,0.2514694624380241,0.0,0.0,,
2020-03-28,0.6420509043134702,0.0,0.0,,
2020-03-28,0.7232556272245672,0.0,0.0,,
2020-03-28,0.3541070032201458,0.0,0.0,,
2020-03-28,0.16417652929622467,0.0,0.0,,
2020-03-28,0.29332744888866086,0.0,0.0,,
2020-03-28,0.10995004197715355,0.0,0.0,,
2020-03-28,0.39268661516752873,0.0,0.0,,
2020-03-28,0.15933753542704962,0.0,0.0,,
2020-03-28,0.4154344749259332,0.0,0.0,,
2020-03-28,0.28160804400558037,0.0,0.0,,
2020-03-29,0.003682625431718872,0.0,0.0,,
2020-03-29,0.01869534597827786,0.0,0.0,,
2020-03-29,0.007986213244107011,0.0,0.0,,
2020-03-29,0.03366042645634661,0.0,0.0,,
2020-03-29,0.008557885211280047,0.0,0.0,,
2020-03-29,0.0009259905454875495,0.0,0.0,,
2020-03-29,0.02656903969565884,0.0,0.0,,
2020-03-29,0.0004263147487651772,0.0,0.0,,
2020-03-29,0.0,0.0,0.0,,
2020-03-29,0.006615713309830276,0.0,0.0,,
2020-03-29,0.04063602288866903,0.0,0.0,,
2020-03-30,0.0,0.0,0.0,,
2020-03-30,0.0,0.0,0.0,,
2020-03-30,0.0,0.0,0.0,,
2020-03-30,0.0,0.0,0.0,,
2020-03-30,0.002530737581822927,0.0,0.0,,
2020-03-30,0.005253905570227023,0.0,0.0,,
2020-03-30,0.0,0.0,0.0,,
2020-03-30,0.0,0.0,0.0,,
2020-03-30,0.0,0.0,0.0,,
2020-03-30,0.01936564756278935,0.0,0.0,,
2020-03-30,0.007252084450960332,0.0,0.0,,
2020-03-31,0.0,0.0,0.0,,
2020-03-31,0.0,0.0,0.0,,
2020-03-31,0.0,0.0,0.0,,
2020-03-31,0.0,0.0,0.0,,
2020-03-31,0.0,0.0,0.0,,
2020-03-31,0.0,0.0,0.0,,
2020-03-31,0.0,0.0,0.0,,
2020-03-31,0.0,0.0,0.0,,
2020-03-31,0.0,0.0,0.0,,
2020-03-31,0.0,0.0,0.0,,
2020-03-31,0.0,0.0,0.0,,
2020-04-01,0.09874488568614383,0.0,0.0,0.28312790346474137,0.3720915222512655
2020-04-01,0.012939529333726598,0.0,0.0,0.28312790346474137,0.3720915222512655
2020-04-01,0.1708940219957571,0.0,0.0,0.28312790346474137,0.3720915222512655
2020-04-01,0.19421853057513636,0.0,0.0,0.28312790346474137,0.3720915222512655
2020-04-01,0.06714125614103089,0.0,0.0,0.28312790346474137,0.3720915222512655
2020-04-01,0.25873318340886353,0.0,0.0,0.28312790346474137,0.3720915222512655
2020-04-01,0.11703492225526393,0.0,0.0,0.28312790346474137,0.3720915222512655
2020-04-01,0.15044602928334672,0.0,0.0,0.28312790346474137,0.3720915222512655
2020-04-01,0.12876030321783577,0.0,0.0,0.28312790346474137,0.3720915222512655
2020-04-01,0.09766063164591314,0.0,0.0,0.28312790346474137,0.3720915222512655
2020-04-01,0.12612307634561498,0.0,0.0,0.28312790346474137,0.3720915222512655
2020-04-02,0.012641555793805421,0.0,0.0,0.28319406290900195,0.3720915222512655
2020-04-02,0.0032346027504384822,0.0,0.0,0.28319406290900195,0.3720915222512655
2020-04-02,0.0028635837569429283,0.0,0.0,0.28319406290900195,0.3720915222512655
2020-04-02,0.02701844900364063,0.0,0.0,0.28319406290900195,0.3720915222512655
2020-04-02,0.0002546963390515838,0.0,0.0,0.28319406290900195,0.3720915222512655
2020-04-02,0.055167525773230454,0.0,0.0,0.28319406290900195,0.3720915222512655
2020-04-02,0.03166875778492045,0.0,0.0,0.28319406290900195,0.3720915222512655
2020-04-02,0.04651687118243549,0.0,0.0,0.28319406290900195,0.3720915222512655
2020-04-02,0.0,0.0,0.0,0.28319406290900195,0.3720915222512655
2020-04-02,0.0,0.0,0.0,0.28319406290900195,0.3720915222512655
2020-04-02,0.018504644699769764,0.0,0.0,0.28319406290900195,0.3720915222512655
2020-04-03,0.0025056356568895206,0.0,0.0,,
2020-04-03,0.006440423892422124,0.0,0.0,,
2020-04-03,0.010592327408595557,0.0,0.0,,
2020-04-03,0.002250018741053141,0.0,0.0,,
2020-04-03,0.015602756943563802,0.0,0.0,,
2020-04-03,0.025637094640991794,0.0,0.0,,
2020-04-03,0.0,0.0,0.0,,
2020-04-03,0.024365613603337104,0.0,0.0,,
2020-04-03,0.0038521669945660655,0.0,0.0,,
2020-04-03,0.005618233175721514,0.0,0.0,,
2020-04-03,0.014078739519797531,0.0,0.0,,
2020-04-04,0.0,0.0,0.0,,
2020-04-04,0.0,0.0,0.0,,
2020-04-04,0.0,0.0,0.0,,
2020-04-04,0.0,0.0,0.0,,
2020-04-04,0.0,0.0,0.0,,
2020-04-04,0.0,0.0,0.0,,
2020-04-04,0.0,0.0,0.0,,
2020-04-04,0.0,0.0,0.0,,
2020-04-04,0.0,0.0,0.0,,
2020-04-04,0.0,0.0,0.0,,
2020-04-04,0.0,0.0,0.0,,
2020-04-05,0.0,0.0,0.0,,
2020-04-05,0.0,0.0,0.0,,
2020-04-05,0.0013722140808961783,0.0,0.0,,
2020-04-05,0.0012840556201345978,0.0,0.0,,
2020-04-05,0.0,0.0,0.0,,
2020-04-05,0.0,0.0,0.0,,
2020-04-05,0.0,0.0,0.0,,
2020-04-05,0.0,0.0,0.0,,
2020-04-05,0.0010510995616125251,0.0,0.0,,
2020-04-05,0.0,0.0,0.0,,
2020-04-05,0.0,0.0,0.0,,
2020-04-06,0.0,0.0,0.0,,
2020-04-06,0.0022678027998062626,0.0,0.0,,
2020-04-06,0.024298927650118474,0.0,0.0,,
2020-04-06,0.00856285623647643,0.0,0.0,,
2020-04-06,0.0,0.0,0.0,,
2020-04-06,0.0,0.0,0.0,,
2020-04-06,0.0029367868213722266,0.0,0.0,,
2020-04-06,0.0,0.0,0.0,,
2020-04-06,0.011285913287589093,0.0,0.0,,
2020-04-06,0.0,0.0,0.0,,
2020-04-06,0.03082542112655212,0.0,0.0,,
2020-04-07,0.00043107300750622315,0.0,0.0,,
2020-04-07,0.011878750187844695,0.0,0.0,,
2020-04-07,0.0,0.0,0.0,,
2020-04-07,0.0,0.0,0.0,,
2020-04-07,0.004130548654035483,0.0,0.0,,
2020-04-07,0.0,0.0,0.0,,
2020-04-07,0.0033799724906583267,0.0,0.0,,
2020-04-07,0.006819745577703785,0.0,0.0,,
2020-04-07,0.004524230293675628,0.0,0.0,,
2020-04-07,0.008520290408689945,0.0,0.0,,
2020-04-07,0.0,0.0,0.0,,
2020-04-08,0.003261937657308226,0.0,0.0,0.2586776740640596,0.3430470842611406
2020-04-08,0.01825479427214313,0.0,0.0,0.2586776740640596,0.3430470842611406
2020-04-08,0.0363829876437046,0.0,0.0,0.2586776740640596,0.3430470842611406
2020-04-08,0.023756422381839618,0.0,0.0,0.2586776740640596,0.3430470842611406
2020-04-08,0.03214283243889796,0.0,0.0,0.2586776740640596,0.3430470842611406
2020-04-08,0.04120201551348097,0.0,0.0,0.2586776740640596,0.3430470842611406
2020-04-08,0.02832912988676447,0.0,0.0,0.2586776740640596,0.3430470842611406
2020-04-08,0.06225810027080711,0.0,0.0,0.2586776740640596,0.3430470842611406
2020-04-08,0.019660239796080434,0.0,0.0,0.2586776740640596,0.3430470842611406
2020-04-08,0.011547101097950607,0.0,0.0,0.2586776740640596,0.3430470842611406
2020-04-08,0.08167947594914568,0.0,0.0,0.2586776740640596,0.3430470842611406
2020-04-09,0.0001474723164284929,0.0,0.0,0.2586776740640596,0.3430470842611406
2020-04-09,0.0031227355057685123,0.0,0.0,0.2586776740640596,0.3430470842611406
2020-04-09,1.2939205719421342e-06,0.0,0.0,0.2586776740640596,0.3430470842611406
2020-04-09,0.00010137284820632487,0.0,0.0,0.2586776740640596,0.3430470842611406
2020-04-09,0.00015996510464367519,0.0,0.0,0.2586776740640596,0.3430470842611406
2020-04-09,0.009047735604251072,0.0,0.0,0.2586776740640596,0.3430470842611406
2020-04-09,0.022489762629379642,0.0,0.0,0.2586776740640596,0.3430470842611406
2020-04-09,0.03268597755686241,0.0,0.0,0.2586776740640596,0.3430470842611406
2020-04-09,0.0248775741025919,0.0,0.0,0.2586776740640596,0.3430470842611406
2020-04-09,0.013139896347976297,0.0,0.0,0.2586776740640596,0.3430470842611406
2020-04-09,0.00284168103571673,0.0,0.0,0.2586776740640596,0.3430470842611406
2020-04-10,0.0,0.0,0.0,,
2020-04-10,0.0,0.0,0.0,,
2020-04-10,0.0,0.0,0.0,,
2020-04-10,0.0,0.0,0.0,,
2020-04-10,0.0,0.0,0.0,,
2020-04-10,0.0,0.0,0.0,,
2020-04-10,0.0,0.0,0.0,,
2020-04-10,0.0,0.0,0.0,,
2020-04-10,0.0,0.0,0.0,,
2020-04-10,0.0,0.0,0.0,,
2020-04-10,0.0,0.0,0.0,,
2020-04-11,0.004331104673111582,0.0,0.0,,
2020-04-11,0.0,0.0,0.0,,
2020-04-11,0.0,0.0,0.0,,
2020-04-11,0.0014476801945175004,0.0,0.0,,
2020-04-11,0.0,0.0,0.0,,
2020-04-11,0.0,0.0,0.0,,
2020-04-11,0.004541915743159356,0.0,0.0,,
2020-04-11,0.0,0.0,0.0,,
2020-04-11,0.0,0.0,0.0,,
2020-04-11,0.0,0.0,0.0,,
2020-04-11,0.0,0.0,0.0,,
2020-04-12,0.0,0.0,0.0,,
2020-04-12,0.0,0.0,0.0,,
2020-04-12,0.0,0.0,0.0,,
2020-04-12,0.0,0.0,0.0,,
2020-04-12,0.0,0.0,0.0,,
2020-04-12,0.0,0.0,0.0,,
2020-04-12,0.0,0.0,0.0,,
2020-04-12,0.0,0.0,0.0,,
2020-04-12,0.0,0.0,0.0,,
2020-04-12,0.0,0.0,0.0,,
2020-04-12,0.0,0.0,0.0,,
2020-04-13,0.0,0.0,0.0,,
2020-04-13,0.0,0.0,0.0,,
2020-04-13,0.0,0.0,0.0,,
2020-04-13,0.0,0.0,0.0,,
2020-04-13,0.0,0.0,0.0,,
2020-04-13,0.0,0.0,0.0,,
2020-04-13,0.0,0.0,0.0,,
2020-04-13,0.0,0.0,0.0,,
2020-04-13,0.0,0.0,0.0,,
2020-04-13,0.0,0.0,0.0,,
2020-04-13,0.0,0.0,0.0,,
2020-04-14,0.0,0.0,0.0,,
2020-04-14,0.0,0.0,0.0,,
2020-04-14,0.0,0.0,0.0,,
2020-04-14,0.0,0.0,0.0,,
2020-04-14,0.0,0.0,0.0,,
2020-04-14,0.0,0.0,0.0,,
2020-04-14,0.0,0.0,0.0,,
2020-04-14,0.0,0.0,0.0,,
2020-04-14,0.0,0.0,0.0,,
2020-04-14,0.0,0.0,0.0,,
2020-04-14,0.0,0.0,0.0,,
2020-04-15,0.0,0.0,0.0,0.2376792417552388,0.31852066995836914
2020-04-15,0.057823479447577764,0.0,0.0,0.2376792417552388,0.31852066995836914
2020-04-15,0.01714082272236004,0.0,0.0,0.2376792417552388,0.31852066995836914
2020-04-15,0.0,0.0,0.0,0.2376792417552388,0.31852066995836914
2020-04-15,0.0,0.0,0.0,0.2376792417552388,0.31852066995836914
2020-04-15,0.02280849053601942,0.0,0.0,0.2376792417552388,0.31852066995836914
2020-04-15,0.007734677589283858,0.0,0.0,0.2376792417552388,0.31852066995836914
2020-04-15,0.01790885697489186,0.0,0.0,0.2376792417552388,0.31852066995836914
2020-04-15,0.02229253528060254,0.0,0.0,0.2376792417552388,0.31852066995836914
2020-04-15,0.0013468503606507394,0.0,0.0,0.2376792417552388,0.31852066995836914
2020-04-15,0.005103155744045649,0.0,0.0,0.2376792417552388,0.31852066995836914
2020-04-16,0.0,0.0,0.0,0.23700901781990247,0.31722980604769546
2020-04-16,0.0,0.0,0.0,0.23700901781990247,0.31722980604769546
2020-04-16,0.0057265781092142665,0.0,0.0,0.23700901781990247,0.31722980604769546
2020-04-16,0.17083745560452304,0.0,0.0,0.23700901781990247,0.31722980604769546
2020-04-16,0.015195917920537292,0.0,0.0,0.23700901781990247,0.31722980604769546
2020-04-16,0.02756107805897512,0.0,0.0,0.23700901781990247,0.31722980604769546
2020-04-16,0.030049825816362938,0.0,0.0,0.23700901781990247,0.31722980604769546
2020-04-16,0.0005240445248432095,0.0,0.0,0.23700901781990247,0.31722980604769546
2020-04-16,0.013689752247843464,0.0,0.0,0.23700901781990247,0.31722980604769546
2020-04-16,0.02019413187635667,0.0,0.0,0.23700901781990247,0.31722980604769546
2020-04-16,0.0171146081300832,0.0,0.0,0.23700901781990247,0.31722980604769546
2020-04-17,0.0,0.0,0.0,,
2020-04-17,0.0,0.0,0.0,,
2020-04-17,0.0,0.0,0.0,,
2020-04-17,0.0,0.0,0.0,,
2020-04-17,0.0,0.0,0.0,,
2020-04-17,0.0,0.0,0.0,,
2020-04-17,0.0,0.0,0.0,,
2020-04-17,0.0,0.0,0.0,,
2020-04-17,0.0,0.0,0.0,,
2020-04-17,0.0,0.0,0.0,,
2020-04-17,0.0,0.0,0.0,,
2020-04-18,0.1746472130256279,0.0,0.0,,
2020-04-18,0.33696423326658037,0.0,0.0,,
2020-04-18,0.337876726476393,0.0,0.0,,
2020-04-18,0.10186646301374509,0.0,0.0,,
2020-04-18,0.22195292275058565,0.0,0.0,,
2020-04-18,0.08979732568089706,0.0,0.0,,
2020-04-18,0.33132733716488044,0.0,0.0,,
2020-04-18,0.02465412931431642,0.0,0.0,,
2020-04-18,0.2670099850070651,0.0,0.0,,
2020-04-18,0.13571666341898067,0.0,0.0,,
2020-04-18,0.4206572630778416,0.0,0.0,,
2020-04-19,0.05764485167037325,0.0,0.0,,
2020-04-19,0.11063667684924418,0.0,0.0,,
2020-04-19,0.10234029380543418,0.0,0.0,,
2020-04-19,0.13596053946650474,0.0,0.0,,
2020-04-19,0.09380831119952256,0.0,0.0,,
2020-04-19,0.08369963833169942,0.0,0.0,,
2020-04-19,0.01687276830807117,0.0,0.0,,
2020-04-19,0.07055675353403718,0.0,0.0,,
2020-04-19,0.08991260410566286,0.0,0.0,,
2020-04-19,0.17417512714843916,0.0,0.0,,
2020-04-19,0.07043518173600845,0.0,0.0,,
2020-04-20,0.03297972968091763,0.0,0.0,,
2020-04-20,0.024537046675326378,0.0,0.0,,
2020-04-20,0.012162665116775611,0.0,0.0,,
2020-04-20,0.05710845943145086,0.0,0.0,,
2020-04-20,0.043061475137409676,0.0,0.0,,
2020-04-20,0.05805087503151111,0.0,0.0,,
2020-04-20,0.02978447085132074,0.0,0.0,,
2020-04-20,0.008316410385180504,0.0,0.0,,
2020-04-20,0.00327494562864514,0.0,0.0,,
2020-04-20,0.005704699283779276,0.0,0.0,,
2020-04-20,0.053410901023405934,0.0,0.0,,
2020-04-21,0.026867931099305548,0.0,0.0,,
2020-04-21,0.04788395303471288,0.0,0.0,,
2020-04-21,0.014765873281747381,0.0,0.0,,
2020-04-21,0.05320349235327869,0.0,0.0,,
2020-04-21,0.028529662278373905,0.0,0.0,,
2020-04-21,0.08413547845265659,0.0,0.0,,
2020-04-21,0.0352454532934712,0.0,0.0,,
2020-04-21,0.010794787905833294,0.0,0.0,,
2020-04-21,0.16867754276413377,0.0,0.0,,
2020-04-21,0.0865037722222462,0.0,0.0,,
2020-04-21,0.008135421814115872,0.0,0.0,,
2020-04-22,0.04989467358344887,0.0,0.0,0.22358440363013987,0.30109400716429313
2020-04-22,0.014542804192552253,0.0,0.0,0.22358440363013987,0.30109400716429313
2020-04-22,0.026534752082497406,0.0,0.0,0.22358440363013987,0.30109400716429313
2020-04-22,0.028727034447869396,0.0,0.0,0.22358440363013987,0.30109400716429313
2020-04-22,0.004191589804224424,0.0,0.0,0.22358440363013987,0.30109400716429313
2020-04-22,0.13356636528794916,0.0,0.0,0.22358440363013987,0.30109400716429313
2020-04-22,0.0005237760959522077,0.0,0.0,0.22358440363013987,0.30109400716429313
2020-04-22,0.1348114141966576,0.0,0.0,0.22358440363013987,0.30109400716429313
2020-04-22,0.02428916132248725,0.0,0.0,0.22358440363013987,0.30109400716429313
2020-04-22,0.026294435121519806,0.0,0.0,0.22358440363013987,0.30109400716429313
2020-04-22,0.04381176227053373,0.0,0.0,0.22358440363013987,0.30109400716429313
2020-04-23,0.0,0.0,0.0,0.22358440363013987,0.30109400716429313
2020-04-23,0.004062701302755098,0.0,0.0,0.22358440363013987,0.30109400716429313
2020-04-23,0.0015856109498399284,0.0,0.0,0.22358440363013987,0.30109400716429313
2020-04-23,0.0,0.0,0.0,0.22358440363013987,0.30109400716429313
2020-04-23,0.0,0.0,0.0,0.22358440363013987,0.30109400716429313
2020-04-23,0.000534308773383926,0.0,0.0,0.22358440363013987,0.30109400716429313
2020-04-23,0.0005215680383844913,0.0,0.0,0.22358440363013987,0.30109400716429313
2020-04-23,0.005700119773904338,0.0,0.0,0.22358440363013987,0.30109400716429313
2020-04-23,0.0,0.0,0.0,0.22358440363013987,0.30109400716429313
2020-04-23,0.005805122099128798,0.0,0.0,0.22358440363013987,0.30109400716429313
2020-04-23,0.0,0.0,0.0,0.22358440363013987,0.30109400716429313
2020-04-24,0.020176582050022287,0.0,0.0,,
2020-04-24,0.0018088625891655163,0.0,0.0,,
2020-04-24,0.00020641069661883775,0.0,0.0,,
2020-04-24,0.0005974436599785303,0.0,0.0,,
2020-04-24,0.00890361345389882,0.0,0.0,,
2020-04-24,0.0,0.0,0.0,,
2020-04-24,9.758063235312123e-05,0.0,0.0,,
2020-04-24,0.0,0.0,0.0,,
2020-04-24,0.0,0.0,0.0,,
2020-04-24,0.007533946249933028,0.0,0.0,,
2020-04-24,0.003376464460309541,0.0,0.0,,
2020-04-25,0.0,0.0,0.0,,
2020-04-25,0.0,0.0,0.0,,
2020-04-25,0.0,0.0,0.0,,
2020-04-25,0.0064487260326522265,0.0,0.0,,
2020-04-25,0.0005335591044258273,0.0,0.0,,
2020-04-25,0.0,0.0,0.0,,
2020-04-25,0.0,0.0,0.0,,
2020-04-25,0.0,0.0,0.0,,
2020-04-25,0.0,0.0,0.0,,
2020-04-25,0.0,0.0,0.0,,
2020-04-25,0.004964420596465358,0.0,0.0,,
2020-04-26,0.012087498155205415,0.0,0.0,,
2020-04-26,0.10162687224332811,0.0,0.0,,
2020-04-26,0.006530410448292226,0.0,0.0,,
2020-04-26,0.1877573150934188,0.0,0.0,,
2020-04-26,0.10311805769966947,0.0,0.0,,
2020-04-26,0.008419434085228064,0.0,0.0,,
2020-04-26,0.11017513779615329,0.0,0.0,,
2020-04-26,0.09160673344590539,0.0,0.0,,
2020-04-26,0.018551137859723555,0.0,0.0,,
2020-04-26,0.02080509797526173,0.0,0.0,,
2020-04-26,0.030596773495582395,0.0,0.0,,
2020-04-27,0.06530823317775183,0.0,0.0,,
2020-04-27,0.033697629743615266,0.0,0.0,,
2020-04-27,0.041696962447906626,0.0,0.0,,
2020-04-27,0.0776820200694886,0.0,0.0,,
2020-04-27,0.010957365433130336,0.0,0.0,,
2020-04-27,0.017278651857215433,0.0,0.0,,
2020-04-27,0.07655667868460789,0.0,0.0,,
2020-04-27,0.09292088594177482,0.0,0.0,,
2020-04-27,0.035447272211820736,0.0,0.0,,
2020-04-27,0.09857387692469786,0.0,0.0,,
2020-04-27,0.044784990412604586,0.0,0.0,,
2020-04-28,0.021602171338367736,0.0,0.0,,
2020-04-28,0.07209076087431324,0.0,0.0,,
2020-04-28,0.028872381693548423,0.0,0.0,,
2020-04-28,0.0061021225153755935,0.0,0.0,,
2020-04-28,0.032176589186858846,0.0,0.0,,
2020-04-28,0.04295148349619918,0.0,0.0,,
2020-04-28,0.0031379103021351015,0.0,0.0,,
2020-04-28,0.08892406970310647,0.0,0.0,,
2020-04-28,0.00784703121690799,0.0,0.0,,
2020-04-28,0.01680502102693824,0.0,0.0,,
2020-04-28,0.03287342614563782,0.0,0.0,,
2020-04-29,0.00861664209973118,0.0,0.0,0.2017230220483539,0.275276728950848
2020-04-29,0.0008683713530969053,0.0,0.0,0.2017230220483539,0.275276728950848
2020-04-29,0.014177724249761157,0.0,0.0,0.2017230220483539,0.275276728950848
2020-04-29,0.013731847896496775,0.0,0.0,0.2017230220483539,0.275276728950848
2020-04-29,0.005129253823843342,0.0,0.0,0.2017230220483539,0.275276728950848
2020-04-29,0.005663519650393537,0.0,0.0,0.2017230220483539,0.275276728950848
2020-04-29,0.0,0.0,0.0,0.2017230220483539,0.275276728950848
2020-04-29,0.013453075884445595,0.0,0.0,0.2017230220483539,0.275276728950848
2020-04-29,0.0014172389838599541,0.0,0.0,0.2017230220483539,0.275276728950848
2020-04-29,0.0019090011593829446,0.0,0.0,0.2017230220483539,0.275276728950848
2020-04-29,9.826764753053019e-05,0.0,0.0,0.2017230220483539,0.275276728950848
2020-04-30,0.0,0.0,0.0,0.2016683685943994,0.275276728950848
2020-04-30,0.0023366951261107626,0.0,0.0,0.2016683685943994,0.275276728950848
2020-04-30,0.0,0.0,0.0,0.2016683685943994,0.275276728950848
2020-04-30,0.0004908702945573303,0.0,0.0,0.2016683685943994,0.275276728950848
2020-04-30,0.0005113562920126041,0.0,0.0,0.2016683685943994,0.275276728950848
2020-04-30,0.0,0.0,0.0,0.2016683685943994,0.275276728950848
2020-04-30,0.0,0.0,0.0,0.2016683685943994,0.275276728950848
2020-04-30,0.0,0.0,0.0,0.2016683685943994,0.275276728950848
2020-04-30,0.0,0.0,0.0,0.2016683685943994,0.275276728950848
2020-04-30,0.004783004584404413,0.0,0.0,0.2016683685943994,0.275276728950848
2020-04-30,0.00023980769590272518,0.0,0.0,0.2016683685943994,0.275276728950848
2020-05-01,0.010981882052794885,0.0,0.0,,
2020-05-01,0.010163348062960402,0.0,0.0,,
2020-05-01,0.005884424881035877,0.0,0.0,,
2020-05-01,0.025024621497293398,0.0,0.0,,
2020-05-01,0.026088434588778124,0.0,0.0,,
2020-05-01,0.04025827319762692,0.0,0.0,,
2020-05-01,0.04145302234535148,0.0,0.0,,
2020-05-01,0.043507683452853975,0.0,0.0,,
2020-05-01,0.027062550497504993,0.0,0.0,,
2020-05-01,0.04018807144755469,0.0,0.0,,
2020-05-01,0.023293907283318233,0.0,0.0,,
2020-05-02,0.0,0.0,0.0,,
2020-05-02,0.0,0.0,0.0,,
2020-05-02,0.0,0.0,0.0,,
2020-05-02,0.0,0.0,0.0,,
2020-05-02,0.0,0.0,0.0,,
2020-05-02,0.0,0.0,0.0,,
2020-05-02,0.0,0.0,0.0,,
2020-05-02,0.0,0.0,0.0,,
2020-05-02,0.0,0.0,0.0,,
2020-05-02,0.0,0.0,0.0,,
2020-05-02,0.0,0.0,0.0,,
2020-05-03,0.0511015146276151,0.0,0.0,,
2020-05-03,0.02886819112009794,0.0,0.0,,
2020-05-03,0.006715787154205268,0.0,0.0,,
2020-05-03,0.0025010800278988713,0.0,0.0,,
2020-05-03,0.014048185940784325,0.0,0.0,,
2020-05-03,0.02574447299494762,0.0,0.0,,
2020-05-03,0.0016784866007806226,0.0,0.0,,
2020-05-03,0.06647826133195192,0.0,0.0,,
2020-05-03,0.015033237893264988,0.0,0.0,,
2020-05-03,0.0045044657761945635,0.0,0.0,,
2020-05-03,0.0540655549193584,0.0,0.0,,
2020-05-04,0.00018688723892543377,0.0,0.0,,
2020-05-04,0.1755771804240678,0.0,0.0,,
2020-05-04,0.024442160170449836,0.0,0.0,,
2020-05-04,0.13485404958012828,0.0,0.0,,
2020-05-04,0.0016228925580611773,0.0,0.0,,
2020-05-04,0.15255812862814974,0.0,0.0,,
2020-05-04,0.08112941864189548,0.0,0.0,,
2020-05-04,0.06910408482850727,0.0,0.0,,
2020-05-04,0.09777656607946476,0.0,0.0,,
2020-05-04,0.10491972275130514,0.0,0.0,,
2020-05-04,0.0829323605605877,0.0,0.0,,
2020-05-05,0.0,0.0,0.0,,
2020-05-05,0.005320968832473265,0.0,0.0,,
2020-05-05,0.00948716241936876,0.0,0.0,,
2020-05-05,0.008338624034923863,0.0,0.0,,
2020-05-05,0.0,0.0,0.0,,
2020-05-05,0.004959528264894542,0.0,0.0,,
2020-05-05,0.024544956912655142,0.0,0.0,,
2020-05-05,0.009932053783051214,0.0,0.0,,
2020-05-05,0.012233662896324132,0.0,0.0,,
2020-05-05,0.0,0.0,0.0,,
2020-05-05,0.006129270951595171,0.0,0.0,,
2020-05-06,0.0,0.0,0.0,0.17612219361705184,0.24494142705005117
2020-05-06,0.0010391628611048972,0.0,0.0,0.17612219361705184,0.24494142705005117
2020-05-06,0.013396556345658074,0.0,0.0,0.17612219361705184,0.24494142705005117
2020-05-06,0.00315829879343299,0.0,0.0,0.17612219361705184,0.24494142705005117
2020-05-06,0.026813751380343063,0.0,0.0,0.17612219361705184,0.24494142705005117
2020-05-06,0.007693188175213723,0.0,0.0,0.17612219361705184,0.24494142705005117
2020-05-06,2.0548874839749092e-05,0.0,0.0,0.17612219361705184,0.24494142705005117
2020-05-06,0.012226280095604548,0.0,0.0,0.17612219361705184,0.24494142705005117
2020-05-06,0.0,0.0,0.0,0.17612219361705184,0.24494142705005117
2020-05-06,0.0,0.0,0.0,0.17612219361705184,0.24494142705005117
2020-05-06,0.011236120227690036,0.0,0.0,0.17612219361705184,0.24494142705005117
2020-05-07,0.004711380192514398,0.0,0.0,,
2020-05-07,0.051814250680142566,0.0,0.0,,
2020-05-07,0.037063198572828505,0.0,0.0,,
2020-05-07,0.06810843225285794,0.0,0.0,,
2020-05-07,8.51545824144434e-06,0.0,0.0,,
2020-05-07,0.04878496712680451,0.0,0.0,,
2020-05-07,0.017193364469059336,0.0,0.0,,
2020-05-07,0.09027948994716004,0.0,0.0,,
2020-05-07,0.04815888410019254,0.0,0.0,,
2020-05-07,0.02476359061206853,0.0,0.0,,
2020-05-07,0.13674098685958339,0.0,0.0,,
2020-05-08,0.0,0.0,0.0,,
2020-05-08,0.00036345887497408726,0.0,0.0,,
2020-05-08,0.0,0.0,0.0,,
2020-05-08,0.00020011425253059807,0.0,0.0,,
2020-05-08,0.0,0.0,0.0,,
2020-05-08,0.0,0.0,0.0,,
2020-05-08,0.0,0.0,0.0,,
2020-05-08,0.0,0.0,0.0,,
2020-05-08,0.0,0.0,0.0,,
2020-05-08,0.0,0.0,0.0,,
2020-05-08,0.0,0.0,0.0,,
2020-05-09,0.0,0.0,0.0,,
2020-05-09,0.0,0.0,0.0,,
2020-05-09,0.009819294240021849,0.0,0.0,,
2020-05-09,0.0,0.0,0.0,,
2020-05-09,0.0,0.0,0.0,,
2020-05-09,0.0,0.0,0.0,,
2020-05-09,0.0,0.0,0.0,,
2020-05-09,0.0,0.0,0.0,,
2020-05-09,0.0,0.0,0.0,,
2020-05-09,0.0,0.0,0.0,,
2020-05-09,0.0,0.0,0.0,,
2020-05-10,0.010946880383304925,0.0,0.0,0.17612219361705184,0.24494142705005117
2020-05-10,0.08661374831554014,0.0,0.0,0.17612219361705184,0.24494142705005117
2020-05-10,0.09956121094759923,0.0,0.0,0.17612219361705184,0.24494142705005117
2020-05-10,0.009603428785286468,0.0,0.0,0.17612219361705184,0.24494142705005117
2020-05-10,0.010488475599381954,0.0,0.0,0.17612219361705184,0.24494142705005117
2020-05-10,0.03895275715946071,0.0,0.0,0.17612219361705184,0.24494142705005117
2020-05-10,0.0409564345169065,0.0,0.0,0.17612219361705184,0.24494142705005117
2020-05-10,0.003779828382371409,0.0,0.0,0.17612219361705184,0.24494142705005117
2020-05-10,0.000971991195743457,0.0,0.0,0.17612219361705184,0.24494142705005117
2020-05-10,0.008537008145710897,0.0,0.0,0.17612219361705184,0.24494142705005117
2020-05-10,0.0709255277244096,0.0,0.0,0.17612219361705184,0.24494142705005117
2020-05-11,0.053016378648439326,0.0,0.0,,
2020-05-11,0.0026770489623041582,0.0,0.0,,
2020-05-11,0.04692641002738165,0.0,0.0,,
2020-05-11,0.10251367436204649,0.0,0.0,,
2020-05-11,0.018469087091641436,0.0,0.0,,
2020-05-11,0.005428103070723029,0.0,0.0,,
2020-05-11,0.035580760347505694,0.0,0.0,,
2020-05-11,0.041984561666596955,0.0,0.0,,
2020-05-11,0.14608100147124403,0.0,0.0,,
2020-05-11,0.068952730005017,0.0,0.0,,
2020-05-11,0.027872989955770727,0.0,0.0,,
2020-05-12,0.0012001235839637736,0.0,0.0,,
2020-05-12,0.011101008594360265,0.0,0.0,,
2020-05-12,0.01949390924322032,0.0,0.0,,
2020-05-12,0.012561951519460931,0.0,0.0,,
2020-05-12,0.007347925028468735,0.0,0.0,,
2020-05-12,0.000893049340159972,0.0,0.0,,
2020-05-12,0.00012852548817706894,0.0,0.0,,
2020-05-12,3.549556553131679e-05,0.0,0.0,,
2020-05-12,0.017434426999592304,0.0,0.0,,
2020-05-12,0.0,0.0,0.0,,
2020-05-12,0.0,0.0,0.0,,
2020-05-13,0.0008101346415853775,0.0,0.0,0.09937436177710018,0.1458676219059587
2020-05-13,0.013436029509487671,0.0,0.0,0.09937436177710018,0.1458676219059587
2020-05-13,9.301917475713038e-07,0.0,0.0,0.09937436177710018,0.1458676219059587
2020-05-13,0.00043548351764010007,0.0,0.0,0.09937436177710018,0.1458676219059587
2020-05-13,0.0047079575042770685,0.0,0.0,0.09937436177710018,0.1458676219059587
2020-05-13,0.011445831614320846,0.0,0.0,0.09937436177710018,0.1458676219059587
2020-05-13,0.001177534160605466,0.0,0.0,0.09937436177710018,0.1458676219059587
2020-05-13,0.006336667979418652,0.0,0.0,0.09937436177710018,0.1458676219059587
2020-05-13,0.001212724506969611,0.0,0.0,0.09937436177710018,0.1458676219059587
2020-05-13,2.8384860804814462e-06,0.0,0.0,0.09937436177710018,0.1458676219059587
2020-05-13,0.0,0.0,0.0,0.09937436177710018,0.1458676219059587
2020-05-14,0.0007721928506409766,0.0,0.0,0.1332997741949402,0.19556588246683937
2020-05-14,0.009958330924760313,0.0,0.0,0.1332997741949402,0.19556588246683937
2020-05-14,0.0007716126137245909,0.0,0.0,0.1332997741949402,0.19556588246683937
2020-05-14,0.015290027924001477,0.0,0.0,0.1332997741949402,0.19556588246683937
2020-05-14,0.0063051282182699925,0.0,0.0,0.1332997741949402,0.19556588246683937
2020-05-14,0.014082256941505307,0.0,0.0,0.1332997741949402,0.19556588246683937
2020-05-14,0.006768552594131551,0.0,0.0,0.1332997741949402,0.19556588246683937
2020-05-14,0.010466770409739843,0.0,0.0,0.1332997741949402,0.19556588246683937
2020-05-14,0.02836426624026788,0.0,0.0,0.1332997741949402,0.19556588246683937
2020-05-14,0.029673619334299742,0.0,0.0,0.1332997741949402,0.19556588246683937
2020-05-14,0.016135767175230888,0.0,0.0,0.1332997741949402,0.19556588246683937
2020-05-15,0.03115786493411362,0.0,0.0,,
2020-05-15,0.03184911872997309,0.0,0.0,,
2020-05-15,0.028750593596124547,0.0,0.0,,
2020-05-15,0.014854488982436418,0.0,0.0,,
2020-05-15,0.009886626661598128,0.0,0.0,,
2020-05-15,0.07478571827870292,0.0,0.0,,
2020-05-15,0.02819112385150093,0.0,0.0,,
2020-05-15,0.07485927032901366,0.0,0.0,,
2020-05-15,0.0030177401271683207,0.0,0.0,,
2020-05-15,0.10384388275754572,0.0,0.0,,
2020-05-15,0.0298779457604065,0.0,0.0,,
2020-05-16,0.0,0.0,0.0,,
2020-05-16,0.00013839125986515194,0.0,0.0,,
2020-05-16,0.00021637443657879636,0.0,0.0,,
2020-05-16,0.0022927097720525738,0.0,0.0,,
2020-05-16,0.0,0.0,0.0,,
2020-05-16,0.0,0.0,0.0,,
2020-05-16,0.003919151727162849,0.0,0.0,,
2020-05-16,0.012095523280159153,0.0,0.0,,
2020-05-16,0.016086633135315297,0.0,0.0,,
2020-05-16,0.0006021072746906445,0.0,0.0,,
2020-05-16,0.0,0.0,0.0,,
2020-05-17,0.0,0.0,0.0,,
2020-05-17,0.0,0.0,0.0,,
2020-05-17,0.0,0.0,0.0,,
2020-05-17,0.0,0.0,0.0,,
2020-05-17,0.0,0.0,0.0,,
2020-05-17,0.0,0.0,0.0,,
2020-05-17,0.0,0.0,0.0,,
2020-05-17,0.0,0.0,0.0,,
2020-05-17,0.0,0.0,0.0,,
2020-05-17,0.0,0.0,0.0,,
2020-05-17,0.0,0.0,0.0,,
2020-05-18,0.0,0.0,0.0,,
2020-05-18,0.0,0.0,0.0,,
2020-05-18,0.0,0.0,0.0,,
2020-05-18,0.0,0.0,0.0,,
2020-05-18,0.0,0.0,0.0,,
2020-05-18,0.0,0.0,0.0,,
2020-05-18,0.0,0.0,0.0,,
2020-05-18,1.0024440934255241e-05,0.0,0.0,,
2020-05-18,0.0,0.0,0.0,,
2020-05-18,0.0,0.0,0.0,,
2020-05-18,0.0,0.0,0.0,,
2020-05-19,0.000865199757003744,0.0,0.0,,
2020-05-19,0.006375610471837644,0.0,0.0,,
2020-05-19,0.008477462472546125,0.0,0.0,,
2020-05-19,0.0,0.0,0.0,,
2020-05-19,0.007177981470736016,0.0,0.0,,
2020-05-19,0.0,0.0,0.0,,
2020-05-19,0.00013337123562591127,0.0,0.0,,
2020-05-19,0.0012633532785634187,0.0,0.0,,
2020-05-19,0.0,0.0,0.0,,
2020-05-19,0.0038316471136838324,0.0,0.0,,
2020-05-19,0.0,0.0,0.0,,
2020-05-20,0.0,0.0,0.0,0.018777776179723593,0.027108142124115275
2020-05-20,0.0,0.0,0.0,0.018777776179723593,0.027108142124115275
2020-05-20,0.0,0.0,0.0,0.018777776179723593,0.027108142124115275
2020-05-20,0.0,0.0,0.0,0.018777776179723593,0.027108142124115275
2020-05-20,0.0,0.0,0.0,0.018777776179723593,0.027108142124115275
2020-05-20,0.0,0.0,0.0,0.018777776179723593,0.027108142124115275
2020-05-20,0.0,0.0,0.0,0.018777776179723593,0.027108142124115275
2020-05-20,0.0,0.0,0.0,0.018777776179723593,0.027108142124115275
2020-05-20,0.0,0.0,0.0,0.018777776179723593,0.027108142124115275
2020-05-20,0.0,0.0,0.0,0.018777776179723593,0.027108142124115275
2020-05-20,0.0,0.0,0.0,0.018777776179723593,0.027108142124115275
2020-05-21,0.0,0.0,0.0,0.018777776179723593,0.027108142124115275
2020-05-21,0.0,0.0,0.0,0.018777776179723593,0.027108142124115275
2020-05-21,0.0,0.0,0.0,0.018777776179723593,0.027108142124115275
2020-05-21,0.0,0.0,0.0,0.018777776179723593,0.027108142124115275
2020-05-21,0.0,0.0,0.0,0.018777776179723593,0.027108142124115275
2020-05-21,0.0,0.0,0.0,0.018777776179723593,0.027108142124115275
2020-05-21,0.0,0.0,0.0,0.018777776179723593,0.027108142124115275
2020-05-21,0.0,0.0,0.0,0.018777776179723593,0.027108142124115275
2020-05-21,0.0,0.0,0.0,0.018777776179723593,0.027108142124115275
2020-05-21,0.0,0.0,0.0,0.018777776179723593,0.027108142124115275
2020-05-21,0.0,0.0,0.0,0.018777776179723593,0.027108142124115275
2020-05-22,0.0,0.0,0.0,0.01070920047749857,0.014844934972728652
2020-05-22,0.0,0.0,0.0,0.01070920047749857,0.014844934972728652
2020-05-22,0.0,0.0,0.0,0.01070920047749857,0.014844934972728652
2020-05-22,0.0,0.0,0.0,0.01070920047749857,0.014844934972728652
2020-05-22,0.0,0.0,0.0,0.01070920047749857,0.014844934972728652
2020-05-22,0.0,0.0,0.0,0.01070920047749857,0.014844934972728652
2020-05-22,0.0,0.0,0.0,0.01070920047749857,0.014844934972728652
2020-05-22,0.0,0.0,0.0,0.01070920047749857,0.014844934972728652
2020-05-22,0.0,0.0,0.0,0.01070920047749857,0.014844934972728652
2020-05-22,0.0,0.0,0.0,0.01070920047749857,0.014844934972728652
2020-05-22,0.0,0.0,0.0,0.01070920047749857,0.014844934972728652
2020-05-23,0.0,0.0,0.0,0.0056408117476161035,0.007422467486364326
2020-05-23,0.0,0.0,0.0,0.0056408117476161035,0.007422467486364326
2020-05-23,0.0,0.0,0.0,0.0056408117476161035,0.007422467486364326
2020-05-23,0.0,0.0,0.0,0.0056408117476161035,0.007422467486364326
2020-05-23,0.0,0.0,0.0,0.0056408117476161035,0.007422467486364326
2020-05-23,0.0,0.0,0.0,0.0056408117476161035,0.007422467486364326
2020-05-23,0.0,0.0,0.0,0.0056408117476161035,0.007422467486364326
2020-05-23,0.0,0.0,0.0,0.0056408117476161035,0.007422467486364326
2020-05-23,0.0,0.0,0.0,0.0056408117476161035,0.007422467486364326
2020-05-23,0.0,0.0,0.0,0.0056408117476161035,0.007422467486364326
2020-05-23,0.0,0.0,0.0,0.0056408117476161035,0.007422467486364326
2020-05-24,0.012397414954678594,0.0,0.0,0.00223791511455651,0.0025817278213438044
2020-05-24,0.0017417771454237548,0.0,0.0,0.00223791511455651,0.0025817278213438044
2020-05-24,0.030003964262568517,0.0,0.0,0.00223791511455651,0.0025817278213438044
2020-05-24,0.03162833740564175,0.0,0.0,0.00223791511455651,0.0025817278213438044
2020-05-24,0.006095068501662168,0.0,0.0,0.00223791511455651,0.0025817278213438044
2020-05-24,0.03581181535645751,0.0,0.0,0.00223791511455651,0.0025817278213438044
2020-05-24,0.028002185047843776,0.0,0.0,0.00223791511455651,0.0025817278213438044
2020-05-24,0.03840631005458234,0.0,0.0,0.00223791511455651,0.0025817278213438044
2020-05-24,0.054990323455251414,0.0,0.0,0.00223791511455651,0.0025817278213438044
2020-05-24,0.007332670345923055,0.0,0.0,0.00223791511455651,0.0025817278213438044
2020-05-24,0.003653591911239317,0.0,0.0,0.00223791511455651,0.0025817278213438044
2020-05-25,0.0,0.0,0.0,0.0011707345136561798,0.0009681479330030385
2020-05-25,0.0,0.0,0.0,0.0011707345136561798,0.0009681479330030385
2020-05-25,0.0,0.0,0.0,0.0011707345136561798,0.0009681479330030385
2020-05-25,3.785135066663627e-06,0.0,0.0,0.0011707345136561798,0.0009681479330030385
2020-05-25,0.0008450888623520621,0.0,0.0,0.0011707345136561798,0.0009681479330030385
2020-05-25,0.0,0.0,0.0,0.0011707345136561798,0.0009681479330030385
2020-05-25,0.0,0.0,0.0,0.0011707345136561798,0.0009681479330030385
2020-05-25,0.0,0.0,0.0,0.0011707345136561798,0.0009681479330030385
2020-05-25,0.0007473073890788282,0.0,0.0,0.0011707345136561798,0.0009681479330030385
2020-05-25,0.0008839830116326342,0.0,0.0,0.0011707345136561798,0.0009681479330030385
2020-05-25,0.005651128423017717,0.0,0.0,0.0011707345136561798,0.0009681479330030385
2020-05-26,0.0,0.0,0.0,0.0005695465201570049,0.0
2020-05-26,0.0008696772439248298,0.0,0.0,0.0005695465201570049,0.0
2020-05-26,0.00036345887497408726,0.0,0.0,0.0005695465201570049,0.0
2020-05-26,0.0017995748481698024,0.0,0.0,0.0005695465201570049,0.0
2020-05-26,0.008283207459075488,0.0,0.0,0.0005695465201570049,0.0
2020-05-26,0.0,0.0,0.0,0.0005695465201570049,0.0
2020-05-26,0.004815348305510285,0.0,0.0,0.0005695465201570049,0.0
2020-05-26,0.006942341242559277,0.0,0.0,0.0005695465201570049,0.0
2020-05-26,0.0,0.0,0.0,0.0005695465201570049,0.0
2020-05-26,0.0,0.0,0.0,0.0005695465201570049,0.0
2020-05-26,0.00856285623647643,0.0,0.0,0.0005695465201570049,0.0
2020-05-27,0.0,0.0,0.0,0.0012368939579168181,0.0006454319553341747
2020-05-27,0.021023029111581156,0.0,0.0,0.0012368939579168181,0.0006454319553341747
2020-05-27,0.013978947699423696,0.0,0.0,0.0012368939579168181,0.0006454319553341747
2020-05-27,0.007266730111328976,0.0,0.0,0.0012368939579168181,0.0006454319553341747
2020-05-27,0.01457714251905223,0.0,0.0,0.0012368939579168181,0.0006454319553341747
2020-05-27,0.01195446594763904,0.0,0.0,0.0012368939579168181,0.0006454319553341747
2020-05-27,0.0028123910715090747,0.0,0.0,0.0012368939579168181,0.0006454319553341747
2020-05-27,0.010466593658400887,0.0,0.0,0.0012368939579168181,0.0006454319553341747
2020-05-27,0.0017356816615109799,0.0,0.0,0.0012368939579168181,0.0006454319553341747
2020-05-27,0.01271635158799865,0.0,0.0,0.0012368939579168181,0.0006454319553341747
2020-05-27,0.00041559776218655234,0.0,0.0,0.0012368939579168181,0.0006454319553341747
2020-05-28,0.0007482511610296372,0.0,0.0,0.0,0.0009681479330030385
2020-05-28,0.021531684180423723,0.0,0.0,0.0,0.0009681479330030385
2020-05-28,0.003253698946018603,0.0,0.0,0.0,0.0009681479330030385
2020-05-28,0.010415984474498687,0.0,0.0,0.0,0.0009681479330030385
2020-05-28,0.02000385820282099,0.0,0.0,0.0,0.0009681479330030385
2020-05-28,0.06662841890624017,0.0,0.0,0.0,0.0009681479330030385
2020-05-28,0.0,0.0,0.0,0.0,0.0009681479330030385
2020-05-28,0.03790786752217837,0.0,0.0,0.0,0.0009681479330030385
2020-05-28,0.03490023819172625,0.0,0.0,0.0,0.0009681479330030385
2020-05-28,0.0013534129975921261,0.0,0.0,0.0,0.0009681479330030385
2020-05-28,0.02462041722748496,0.0,0.0,0.0,0.0009681479330030385
2020-05-29,0.1299486826092443,0.0,0.0,,
2020-05-29,0.0327629317834899,0.0,0.0,,
2020-05-29,0.014046800521543367,0.0,0.0,,
2020-05-29,0.18730157987036986,0.0,0.0,,
2020-05-29,0.018473050796691176,0.0,0.0,,
2020-05-29,0.07074782542836625,0.0,0.0,,
2020-05-29,0.02072876335472379,0.0,0.0,,
2020-05-29,0.03647246128230466,0.0,0.0,,
2020-05-29,0.26073081043545426,0.0,0.0,,
2020-05-29,0.12811765021158428,0.0,0.0,,
2020-05-29,0.1155268683529502,0.0,0.0,,
2020-05-30,8.909536062271585e-05,0.0,0.0,,
2020-05-30,0.050582478261103576,0.0,0.0,,
2020-05-30,0.15838015569520253,0.0,0.0,,
2020-05-30,0.03337620252189109,0.0,0.0,,
2020-05-30,0.035868782788534254,0.0,0.0,,
2020-05-30,0.11051803008686784,0.0,0.0,,
2020-05-30,0.013509564491376127,0.0,0.0,,
2020-05-30,0.00724316935312657,0.0,0.0,,
2020-05-30,0.035097999491436147,0.0,0.0,,
2020-05-30,0.06524154719471936,0.0,0.0,,
2020-05-30,0.018945220838344785,0.0,0.0,,
2020-05-31,0.5873319424619364,0.0,0.0,,
2020-05-31,0.10062341413654932,0.0,0.0,,
2020-05-31,0.12962846861693936,0.0,0.0,,
2020-05-31,0.21609365253516274,0.0,0.0,,
2020-05-31,0.05098320051313694,0.0,0.0,,
2020-05-31,0.26475265440732,0.0,0.0,,
2020-05-31,0.25179303887970655,0.0,0.0,,
2020-05-31,0.3176773960803487,0.0,0.0,,
2020-05-31,0.0182133183339278,0.0,0.0,,
2020-05-31,0.46788830970999934,0.0,0.0,,
2020-05-31,1.0,0.0,0.0,,
2020-06-01,0.06310302150485467,0.0,0.0,0.0015187907204188278,0.0012908639106719022
2020-06-01,0.13606918204644983,0.0,0.0,0.0015187907204188278,0.0012908639106719022
2020-06-01,0.02758454828745824,0.0,0.0,0.0015187907204188278,0.0012908639106719022
2020-06-01,0.14218182243668653,0.0,0.0,0.0015187907204188278,0.0012908639106719022
2020-06-01,0.18312664631212539,0.0,0.0,0.0015187907204188278,0.0012908639106719022
2020-06-01,0.09728165447443722,0.0,0.0,0.0015187907204188278,0.0012908639106719022
2020-06-01,0.07548158464798374,0.0,0.0,0.0015187907204188278,0.0012908639106719022
2020-06-01,0.12098984382036135,0.0,0.0,0.0015187907204188278,0.0012908639106719022
2020-06-01,0.041510538709814644,0.0,0.0,0.0015187907204188278,0.0012908639106719022
2020-06-01,0.16047553529055053,0.0,0.0,0.0015187907204188278,0.0012908639106719022
2020-06-01,0.21616805848360943,0.0,0.0,0.0015187907204188278,0.0012908639106719022
2020-06-02,0.012592272997744815,0.0,0.0,,
2020-06-02,0.0,0.0,0.0,,
2020-06-02,0.02480446290950459,0.0,0.0,,
2020-06-02,0.011693660663726796,0.0,0.0,,
2020-06-02,0.023709926538640402,0.0,0.0,,
2020-06-02,0.02904766069102017,0.0,0.0,,
2020-06-02,0.000581560069425827,0.0,0.0,,
2020-06-02,0.0058258441178331,0.0,0.0,,
2020-06-02,0.03404922493217114,0.0,0.0,,
2020-06-02,0.02358367560779685,0.0,0.0,,
2020-06-02,0.041186606082208824,0.0,0.0,,
2020-06-03,0.032663520342968995,0.0,0.0,0.003103740885098294,0.0038725917320157066
2020-06-03,0.0636719860923001,0.0,0.0,0.003103740885098294,0.0038725917320157066
2020-06-03,0.03037358315350787,0.0,0.0,0.003103740885098294,0.0038725917320157066
2020-06-03,0.07077296530631551,0.0,0.0,0.003103740885098294,0.0038725917320157066
2020-06-03,0.11424247874329471,0.0,0.0,0.003103740885098294,0.0038725917320157066
2020-06-03,0.010717396727595151,0.0,0.0,0.003103740885098294,0.0038725917320157066
2020-06-03,0.008498226841807394,0.0,0.0,0.003103740885098294,0.0038725917320157066
2020-06-03,0.004089036864679882,0.0,0.0,0.003103740885098294,0.0038725917320157066
2020-06-03,0.003756099682819193,0.0,0.0,0.003103740885098294,0.0038725917320157066
2020-06-03,0.102375782096389,0.0,0.0,0.003103740885098294,0.0038725917320157066
2020-06-03,0.0036369031085482033,0.0,0.0,0.003103740885098294,0.0038725917320157066
2020-06-04,0.03483523543836315,0.0,0.0,0.0015187907204188278,0.0012908639106719022
2020-06-04,0.0005335348210547248,0.0,0.0,0.0015187907204188278,0.0012908639106719022
2020-06-04,0.03977626597575593,0.0,0.0,0.0015187907204188278,0.0012908639106719022
2020-06-04,0.04695499100361324,0.0,0.0,0.0015187907204188278,0.0012908639106719022
2020-06-04,0.03428798334495015,0.0,0.0,0.0015187907204188278,0.0012908639106719022
2020-06-04,0.04353304960292721,0.0,0.0,0.0015187907204188278,0.0012908639106719022
2020-06-04,0.06287492192676312,0.0,0.0,0.0015187907204188278,0.0012908639106719022
2020-06-04,0.2623899886853831,0.0,0.0,0.0015187907204188278,0.0012908639106719022
2020-06-04,0.18437168486052505,0.0,0.0,0.0015187907204188278,0.0012908639106719022
2020-06-04,0.05371440350978209,0.0,0.0,0.0015187907204188278,0.0012908639106719022
2020-06-04,0.005014138704375525,0.0,0.0,0.0015187907204188278,0.0012908639106719022
2020-06-05,0.09670789816221752,0.0,0.0,,
2020-06-05,0.017822249862286976,0.0,0.0,,
2020-06-05,0.09623480199840523,0.0,0.0,,
2020-06-05,0.022554636557148473,0.0,0.0,,
2020-06-05,0.008250479884804552,0.0,0.0,,
2020-06-05,0.17225064151635366,0.0,0.0,,
2020-06-05,0.01545938647460372,0.0,0.0,,
2020-06-05,0.0370477746818449,0.0,0.0,,
2020-06-05,0.13345375147496025,0.0,0.0,,
2020-06-05,0.029599728196301783,0.0,0.0,,
2020-06-05,0.02434719679059185,0.0,0.0,,
2020-06-06,0.06785929389893962,0.0,0.0,,
2020-06-06,0.26025463648479025,0.0,0.0,,
2020-06-06,0.009090830016479501,0.0,0.0,,
2020-06-06,0.061764858971150124,0.0,0.0,,
2020-06-06,0.3395884139014031,0.0,0.0,,
2020-06-06,0.09437662964656257,0.0,0.0,,
2020-06-06,0.22397225499663237,0.0,0.0,,
2020-06-06,0.19599631378844057,0.0,0.0,,
2020-06-06,0.023451690581478606,0.0,0.0,,
2020-06-06,0.12067010111030159,0.0,0.0,,
2020-06-06,0.34557940075897403,0.0,0.0,,
2020-06-07,0.07173906242552922,0.0,0.0,,
2020-06-07,0.015798392978734282,0.0,0.0,,
2020-06-07,0.002354012806995062,0.0,0.0,,
2020-06-07,0.008545463439627131,0.0,0.0,,
2020-06-07,0.02283621604888855,0.0,0.0,,
2020-06-07,0.10991525475860078,0.0,0.0,,
2020-06-07,0.0170321189793262,0.0,0.0,,
2020-06-07,0.0028563038735923366,0.0,0.0,,
2020-06-07,0.013286188096045164,0.0,0.0,,
2020-06-07,0.014407474709507758,0.0,0.0,,
2020-06-07,0.01613057874752735,0.0,0.0,,
2020-06-08,0.000790400981426709,0.0,0.0,,
2020-06-08,0.031484679918862626,0.0,0.0,,
2020-06-08,0.00197248822193967,0.0,0.0,,
2020-06-08,0.0,0.0,0.0,,
2020-06-08,0.11501832469842048,0.0,0.0,,
2020-06-08,0.004797214038508354,0.0,0.0,,
2020-06-08,0.0005839408534643625,0.0,0.0,,
2020-06-08,0.018331492278646305,0.0,0.0,,
2020-06-08,0.0,0.0,0.0,,
2020-06-08,7.662156382237984e-07,0.0,0.0,,
2020-06-08,0.0,0.0,0.0,,
2020-06-09,0.07641833242873129,0.0,0.0,,
2020-06-09,0.010376987214059172,0.0,0.0,,
2020-06-09,0.024909464474476183,0.0,0.0,,
2020-06-09,0.0015477657259170142,0.0,0.0,,
2020-06-09,0.016484573458118983,0.0,0.0,,
2020-06-09,0.016631826076374787,0.0,0.0,,
2020-06-09,0.04760058237230272,0.0,0.0,,
2020-06-09,0.0010924521450728683,0.0,0.0,,
2020-06-09,0.0024727169162889243,0.0,0.0,,
2020-06-09,0.0019763988136369034,0.0,0.0,,
2020-06-09,0.0,0.0,0.0,,
2020-06-10,0.0,0.0,0.0,0.004682938054624719,0.006131603575692424
2020-06-10,0.00144447979825677,0.0,0.0,0.004682938054624719,0.006131603575692424
2020-06-10,0.0,0.0,0.0,0.004682938054624719,0.006131603575692424
2020-06-10,0.0013329672040974807,0.0,0.0,0.004682938054624719,0.006131603575692424
2020-06-10,0.0,0.0,0.0,0.004682938054624719,0.006131603575692424
2020-06-10,0.04364380152682216,0.0,0.0,0.004682938054624719,0.006131603575692424
2020-06-10,0.011815695440846805,0.0,0.0,0.004682938054624719,0.006131603575692424
2020-06-10,0.0080611161594204,0.0,0.0,0.004682938054624719,0.006131603575692424
2020-06-10,0.0,0.0,0.0,0.004682938054624719,0.006131603575692424
2020-06-10,0.001792785954011354,0.0,0.0,0.004682938054624719,0.006131603575692424
2020-06-10,0.0237438889126424,0.0,0.0,0.004682938054624719,0.006131603575692424
2020-06-11,0.017728504556596896,0.0,0.0,0.004682938054624719,0.006131603575692424
2020-06-11,0.009141129926532553,0.0,0.0,0.004682938054624719,0.006131603575692424
2020-06-11,0.02139988227069886,0.0,0.0,0.004682938054624719,0.006131603575692424
2020-06-11,0.01449990905601744,0.0,0.0,0.004682938054624719,0.006131603575692424
2020-06-11,0.01200293117372536,0.0,0.0,0.004682938054624719,0.006131603575692424
2020-06-11,0.010120605081348145,0.0,0.0,0.004682938054624719,0.006131603575692424
2020-06-11,0.0429131707614816,0.0,0.0,0.004682938054624719,0.006131603575692424
2020-06-11,0.028164117463312807,0.0,0.0,0.004682938054624719,0.006131603575692424
2020-06-11,0.010208474124276726,0.0,0.0,0.004682938054624719,0.006131603575692424
2020-06-11,0.0514561765122749,0.0,0.0,0.004682938054624719,0.006131603575692424
2020-06-11,0.016062316000041228,0.0,0.0,0.004682938054624719,0.006131603575692424
2020-06-12,0.0,0.0,0.0,,
2020-06-12,3.17414517631579e-05,0.0,0.0,,
2020-06-12,0.0,0.0,0.0,,
2020-06-12,0.0,0.0,0.0,,
2020-06-12,0.0,0.0,0.0,,
2020-06-12,0.0,0.0,0.0,,
2020-06-12,0.0,0.0,0.0,,
2020-06-12,0.0,0.0,0.0,,
2020-06-12,0.0023417125416391724,0.0,0.0,,
2020-06-12,0.0,0.0,0.0,,
2020-06-12,0.0,0.0,0.0,,
2020-06-13,0.0,0.0,0.0,,
2020-06-13,0.02071879702095992,0.0,0.0,,
2020-06-13,0.0035217838598638153,0.0,0.0,,
2020-06-13,0.01583304156294006,0.0,0.0,,
2020-06-13,0.0,0.0,0.0,,
2020-06-13,0.011281812364349664,0.0,0.0,,
2020-06-13,0.0,0.0,0.0,,
2020-06-13,0.0008762053713486584,0.0,0.0,,
2020-06-13,0.000776236501497486,0.0,0.0,,
2020-06-13,0.0,0.0,0.0,,
2020-06-13,0.00012083359249136294,0.0,0.0,,
2020-06-14,0.05470034644881327,0.0,0.0,,
2020-06-14,0.0049151752316784385,0.0,0.0,,
2020-06-14,0.005303056112101982,0.0,0.0,,
2020-06-14,0.00927319756699607,0.0,0.0,,
2020-06-14,0.009276002601950245,0.0,0.0,,
2020-06-14,0.08575707152986502,0.0,0.0,,
2020-06-14,0.0027667897925209425,0.0,0.0,,
2020-06-14,0.007724229135944668,0.0,0.0,,
2020-06-14,0.012654062519989899,0.0,0.0,,
2020-06-14,0.00016535002044697114,0.0,0.0,,
2020-06-14,0.004502964455658135,0.0,0.0,,
2020-06-15,0.0016562616963133948,0.0,0.0,,
2020-06-15,0.0,0.0,0.0,,
2020-06-15,0.0,0.0,0.0,,
2020-06-15,0.003426394067586929,0.0,0.0,,
2020-06-15,0.0004207459859294647,0.0,0.0,,
2020-06-15,0.006056424624645217,0.0,0.0,,
2020-06-15,0.0,0.0,0.0,,
2020-06-15,0.0,0.0,0.0,,
2020-06-15,0.0,0.0,0.0,,
2020-06-15,0.0,0.0,0.0,,
2020-06-15,0.0007123860380686083,0.0,0.0,,
2020-06-16,0.05605522294808824,0.0,0.0,,
2020-06-16,1.383862958611144e-05,0.0,0.0,,
2020-06-16,0.0045449736441810626,0.0,0.0,,
2020-06-16,0.01189618937502602,0.0,0.0,,
2020-06-16,0.010598274911523105,0.0,0.0,,
2020-06-16,0.0,0.0,0.0,,
2020-06-16,0.006357284188811667,0.0,0.0,,
2020-06-16,0.0,0.0,0.0,,
2020-06-16,0.0,0.0,0.0,,
2020-06-16,0.0065460947929651524,0.0,0.0,,
2020-06-16,0.0024902639252156055,0.0,0.0,,
2020-06-17,0.0,0.0,0.0,0.036899710911993566,0.053570852292896376
2020-06-17,0.001041548594240551,0.0,0.0,0.036899710911993566,0.053570852292896376
2020-06-17,0.0,0.0,0.0,0.036899710911993566,0.053570852292896376
2020-06-17,0.0,0.0,0.0,0.036899710911993566,0.053570852292896376
2020-06-17,0.0,0.0,0.0,0.036899710911993566,0.053570852292896376
2020-06-17,0.0004188314605043993,0.0,0.0,0.036899710911993566,0.053570852292896376
2020-06-17,0.0,0.0,0.0,0.036899710911993566,0.053570852292896376
2020-06-17,0.041921973491257834,0.0,0.0,0.036899710911993566,0.053570852292896376
2020-06-17,0.0,0.0,0.0,0.036899710911993566,0.053570852292896376
2020-06-17,0.0,0.0,0.0,0.036899710911993566,0.053570852292896376
2020-06-17,0.0,0.0,0.0,0.036899710911993566,0.053570852292896376
2020-06-18,0.0,0.0,0.0,0.036899710911993566,0.053570852292896376
2020-06-18,0.05093045491431989,0.0,0.0,0.036899710911993566,0.053570852292896376
2020-06-18,0.004820924447270918,0.0,0.0,0.036899710911993566,0.053570852292896376
2020-06-18,0.00017434336469873023,0.0,0.0,0.036899710911993566,0.053570852292896376
2020-06-18,0.0,0.0,0.0,0.036899710911993566,0.053570852292896376
2020-06-18,0.0,0.0,0.0,0.036899710911993566,0.053570852292896376
2020-06-18,0.0,0.0,0.0,0.036899710911993566,0.053570852292896376
2020-06-18,0.016865782582953827,0.0,0.0,0.036899710911993566,0.053570852292896376
2020-06-18,0.007155645778046546,0.0,0.0,0.036899710911993566,0.053570852292896376
2020-06-18,0.0008435792386617327,0.0,0.0,0.036899710911993566,0.053570852292896376
2020-06-18,0.017643697961300327,0.0,0.0,0.036899710911993566,0.053570852292896376
2020-06-19,0.0012438636744831354,0.0,0.0,0.04033137252081864,0.058734307935583985
2020-06-19,0.01202313106268366,0.0,0.0,0.04033137252081864,0.058734307935583985
2020-06-19,0.023884410594840953,0.0,0.0,0.04033137252081864,0.058734307935583985
2020-06-19,0.005405953326941559,0.0,0.0,0.04033137252081864,0.058734307935583985
2020-06-19,0.104883479857202,0.0,0.0,0.04033137252081864,0.058734307935583985
2020-06-19,0.04621099491827274,0.0,0.0,0.04033137252081864,0.058734307935583985
2020-06-19,0.0037354445216467485,0.0,0.0,0.04033137252081864,0.058734307935583985
2020-06-19,0.002642257718883246,0.0,0.0,0.04033137252081864,0.058734307935583985
2020-06-19,0.001018456285968713,0.0,0.0,0.04033137252081864,0.058734307935583985
2020-06-19,0.000784545141144286,0.0,0.0,0.04033137252081864,0.058734307935583985
2020-06-19,0.00010572496793835506,0.0,0.0,0.04033137252081864,0.058734307935583985
2020-06-20,0.04423732840873206,0.0,0.0,0.04686965151231859,0.0684157872656268
2020-06-20,0.13839756304716758,0.0,0.0,0.04686965151231859,0.0684157872656268
2020-06-20,0.03724698326450973,0.0,0.0,0.04686965151231859,0.0684157872656268
2020-06-20,0.0055186751107450145,0.0,0.0,0.04686965151231859,0.0684157872656268
2020-06-20,0.012733588533009474,0.0,0.0,0.04686965151231859,0.0684157872656268
2020-06-20,0.017676935784502794,0.0,0.0,0.04686965151231859,0.0684157872656268
2020-06-20,0.002847906269452756,0.0,0.0,0.04686965151231859,0.0684157872656268
2020-06-20,0.10904137158709887,0.0,0.0,0.04686965151231859,0.0684157872656268
2020-06-20,0.07042502791792392,0.0,0.0,0.04686965151231859,0.0684157872656268
2020-06-20,0.0030575032603869204,0.0,0.0,0.04686965151231859,0.0684157872656268
2020-06-20,0.11525177873747973,0.0,0.0,0.04686965151231859,0.0684157872656268
2020-06-21,0.10052405932741382,0.0,0.0,0.054210473327676256,0.07906541452867266
2020-06-21,0.055046764687993265,0.0,0.0,0.054210473327676256,0.07906541452867266
2020-06-21,0.003671032231346489,0.0,0.0,0.054210473327676256,0.07906541452867266
2020-06-21,0.12203662674070914,0.0,0.0,0.054210473327676256,0.07906541452867266
2020-06-21,0.015376735330357605,0.0,0.0,0.054210473327676256,0.07906541452867266
2020-06-21,0.0018312457902059408,0.0,0.0,0.054210473327676256,0.07906541452867266
2020-06-21,0.02590687800447071,0.0,0.0,0.054210473327676256,0.07906541452867266
2020-06-21,0.017464841929351597,0.0,0.0,0.054210473327676256,0.07906541452867266
2020-06-21,0.020888571936717632,0.0,0.0,0.054210473327676256,0.07906541452867266
2020-06-21,0.09442496761228111,0.0,0.0,0.054210473327676256,0.07906541452867266
2020-06-21,0.09555496539692512,0.0,0.0,0.054210473327676256,0.07906541452867266
2020-06-22,0.0,0.0,0.0,0.06141322325935944,0.08971504179171674
2020-06-22,0.006108849501099304,0.0,0.0,0.06141322325935944,0.08971504179171674
2020-06-22,0.034317223430606725,0.0,0.0,0.06141322325935944,0.08971504179171674
2020-06-22,0.0,0.0,0.0,0.06141322325935944,0.08971504179171674
2020-06-22,0.0018524111108684032,0.0,0.0,0.06141322325935944,0.08971504179171674
2020-06-22,0.07761421037308568,0.0,0.0,0.06141322325935944,0.08971504179171674
2020-06-22,0.0112963054374951,0.0,0.0,0.06141322325935944,0.08971504179171674
2020-06-22,0.0,0.0,0.0,0.06141322325935944,0.08971504179171674
2020-06-22,0.004792558518253274,0.0,0.0,0.06141322325935944,0.08971504179171674
2020-06-22,0.0,0.0,0.0,0.06141322325935944,0.08971504179171674
2020-06-22,0.0073034136390517585,0.0,0.0,0.06141322325935944,0.08971504179171674
2020-06-23,0.006098220629319074,0.0,0.0,0.06368277984725795,0.09294220156839827
2020-06-23,0.025739738154976374,0.0,0.0,0.06368277984725795,0.09294220156839827
2020-06-23,0.038170252894787204,0.0,0.0,0.06368277984725795,0.09294220156839827
2020-06-23,0.0010531251883051328,0.0,0.0,0.06368277984725795,0.09294220156839827
2020-06-23,0.0003017605085388813,0.0,0.0,0.06368277984725795,0.09294220156839827
2020-06-23,0.010917786698500158,0.0,0.0,0.06368277984725795,0.09294220156839827
2020-06-23,0.010568315894975472,0.0,0.0,0.06368277984725795,0.09294220156839827
2020-06-23,0.006326093324102941,0.0,0.0,0.06368277984725795,0.09294220156839827
2020-06-23,0.0,0.0,0.0,0.06368277984725795,0.09294220156839827
2020-06-23,0.0018433835999582236,0.0,0.0,0.06368277984725795,0.09294220156839827
2020-06-23,0.02941128427254264,0.0,0.0,0.06368277984725795,0.09294220156839827
2020-06-24,0.08077778421832871,0.0,0.0,0.07035337772727929,0.10294639687610818
2020-06-24,0.05426104091638882,0.0,0.0,0.07035337772727929,0.10294639687610818
2020-06-24,0.12004414647698325,0.0,0.0,0.07035337772727929,0.10294639687610818
2020-06-24,0.16692241389382023,0.0,0.0,0.07035337772727929,0.10294639687610818
2020-06-24,0.04154362416939769,0.0,0.0,0.07035337772727929,0.10294639687610818
2020-06-24,0.14661870480350908,0.0,0.0,0.07035337772727929,0.10294639687610818
2020-06-24,0.15843912657247636,0.0,0.0,0.07035337772727929,0.10294639687610818
2020-06-24,0.5523697526054068,0.0,0.0,0.07035337772727929,0.10294639687610818
2020-06-24,0.49882930538726383,0.0,0.0,0.07035337772727929,0.10294639687610818
2020-06-24,0.038570899255695776,0.0,0.0,0.07035337772727929,0.10294639687610818
2020-06-24,0.03552556558661251,0.0,0.0,0.07035337772727929,0.10294639687610818
2020-06-25,0.08577073260313856,0.0,0.0,0.08423247853413685,0.12327750346919508
2020-06-25,0.11577687984983698,0.0,0.0,0.08423247853413685,0.12327750346919508
2020-06-25,0.012003988104098537,0.0,0.0,0.08423247853413685,0.12327750346919508
2020-06-25,0.0485126443994824,0.0,0.0,0.08423247853413685,0.12327750346919508
2020-06-25,0.014022654666768972,0.0,0.0,0.08423247853413685,0.12327750346919508
2020-06-25,0.018901391172148962,0.0,0.0,0.08423247853413685,0.12327750346919508
2020-06-25,0.2496242828077402,0.0,0.0,0.08423247853413685,0.12327750346919508
2020-06-25,0.04584111549910948,0.0,0.0,0.08423247853413685,0.12327750346919508
2020-06-25,0.2191409794829243,0.0,0.0,0.08423247853413685,0.12327750346919508
2020-06-25,0.21628178962980746,0.0,0.0,0.08423247853413685,0.12327750346919508
2020-06-25,0.07187552137601491,0.0,0.0,0.08423247853413685,0.12327750346919508
2020-06-26,0.0,0.0,0.0,,
2020-06-26,0.008363934343678412,0.0,0.0,,
2020-06-26,0.0034235954575148574,0.0,0.0,,
2020-06-26,0.008620743514898938,0.0,0.0,,
2020-06-26,0.0,0.0,0.0,,
2020-06-26,0.02421655030125421,0.0,0.0,,
2020-06-26,0.00583707807636374,0.0,0.0,,
2020-06-26,0.0,0.0,0.0,,
2020-06-26,0.007674154842111159,0.0,0.0,,
2020-06-26,0.0008069301608288323,0.0,0.0,,
2020-06-26,0.00030698021095855015,0.0,0.0,,
2020-06-27,8.351318155987485e-06,0.0,0.0,,
2020-06-27,0.03057040473594893,0.0,0.0,,
2020-06-27,0.026686379300119144,0.0,0.0,,
2020-06-27,0.04669519202617715,0.0,0.0,,
2020-06-27,0.13749960327843708,0.0,0.0,,
2020-06-27,0.06468755234406233,0.0,0.0,,
2020-06-27,0.004832053028790924,0.0,0.0,,
2020-06-27,0.00016923944431917977,0.0,0.0,,
2020-06-27,0.0017829124605392124,0.0,0.0,,
2020-06-27,0.0005433220780002684,0.0,0.0,,
2020-06-27,0.0006765718073291531,0.0,0.0,,
2020-06-28,0.0,0.0,0.0,,
2020-06-28,0.0,0.0,0.0,,
2020-06-28,0.0,0.0,0.0,,
2020-06-28,0.0,0.0,0.0,,
2020-06-28,0.0,0.0,0.0,,
2020-06-28,0.0002423824487716997,0.0,0.0,,
2020-06-28,0.0,0.0,0.0,,
2020-06-28,0.0,0.0,0.0,,
2020-06-28,0.0,0.0,0.0,,
2020-06-28,0.0,0.0,0.0,,
2020-06-28,0.0,0.0,0.0,,
2020-06-29,0.031402973560237815,0.0,0.0,,
2020-06-29,0.00515460476885917,0.0,0.0,,
2020-06-29,0.02147347922064973,0.0,0.0,,
2020-06-29,0.09430194086914108,0.0,0.0,,
2020-06-29,0.15974911486523508,0.0,0.0,,
2020-06-29,0.1218860428285366,0.0,0.0,,
2020-06-29,0.0807821911358951,0.0,0.0,,
2020-06-29,0.07953474993500666,0.0,0.0,,
2020-06-29,0.039879030429574615,0.0,0.0,,
2020-06-29,0.03479563583404633,0.0,0.0,,
2020-06-29,0.006646710742357648,0.0,0.0,,
2020-06-30,0.02968472154547998,0.0,0.0,,
2020-06-30,0.0056326759976428956,0.0,0.0,,
2020-06-30,5.00986517392063e-05,0.0,0.0,,
2020-06-30,0.008764410169433261,0.0,0.0,,
2020-06-30,0.13094377377541597,0.0,0.0,,
2020-06-30,0.0005819749886101523,0.0,0.0,,
2020-06-30,0.021320112291042415,0.0,0.0,,
2020-06-30,0.050339986022873214,0.0,0.0,,
2020-06-30,0.0034658109577971824,0.0,0.0,,
2020-06-30,0.03353526882875867,0.0,0.0,,
2020-06-30,0.0040512809481088865,0.0,0.0,,
2020-07-01,0.006167326765563244,0.0,0.0,0.1502682333990134,0.21396069319391842
2020-07-01,0.0,0.0,0.0,0.1502682333990134,0.21396069319391842
2020-07-01,0.0,0.0,0.0,0.1502682333990134,0.21396069319391842
2020-07-01,0.0,0.0,0.0,0.1502682333990134,0.21396069319391842
2020-07-01,0.002907671014699617,0.0,0.0,0.1502682333990134,0.21396069319391842
2020-07-01,0.0,0.0,0.0,0.1502682333990134,0.21396069319391842
2020-07-01,0.0,0.0,0.0,0.1502682333990134,0.21396069319391842
2020-07-01,0.0,0.0,0.0,0.1502682333990134,0.21396069319391842
2020-07-01,0.001596382495742209,0.0,0.0,0.1502682333990134,0.21396069319391842
2020-07-01,0.0,0.0,0.0,0.1502682333990134,0.21396069319391842
2020-07-01,0.0,0.0,0.0,0.1502682333990134,0.21396069319391842
2020-07-02,0.06278029150784863,0.0,0.0,0.15569906082354124,0.2204150127472797
2020-07-02,0.00014213869533358467,0.0,0.0,0.15569906082354124,0.2204150127472797
2020-07-02,0.06038558088890478,0.0,0.0,0.15569906082354124,0.2204150127472797
2020-07-02,0.002527485995202242,0.0,0.0,0.15569906082354124,0.2204150127472797
2020-07-02,0.04956874248955692,0.0,0.0,0.15569906082354124,0.2204150127472797
2020-07-02,0.002926131922111368,0.0,0.0,0.15569906082354124,0.2204150127472797
2020-07-02,0.1275955059909654,0.0,0.0,0.15569906082354124,0.2204150127472797
2020-07-02,2.419096311138557e-05,0.0,0.0,0.15569906082354124,0.2204150127472797
2020-07-02,0.007535305641693356,0.0,0.0,0.15569906082354124,0.2204150127472797
2020-07-02,0.000583265838356774,0.0,0.0,0.15569906082354124,0.2204150127472797
2020-07-02,0.05871723722415779,0.0,0.0,0.15569906082354124,0.2204150127472797
2020-07-03,0.0007755307781366924,0.0,0.0,0.1625192365775432,0.22848291218898176
2020-07-03,0.0,0.0,0.0,0.1625192365775432,0.22848291218898176
2020-07-03,0.00023245780966036096,0.0,0.0,0.1625192365775432,0.22848291218898176
2020-07-03,0.0,0.0,0.0,0.1625192365775432,0.22848291218898176
2020-07-03,0.0,0.0,0.0,0.1625192365775432,0.22848291218898176
2020-07-03,0.024156915082226813,0.0,0.0,0.1625192365775432,0.22848291218898176
2020-07-03,0.037349735822607026,0.0,0.0,0.1625192365775432,0.22848291218898176
2020-07-03,0.0009419378482121937,0.0,0.0,0.1625192365775432,0.22848291218898176
2020-07-03,0.0014822526639947048,0.0,0.0,0.1625192365775432,0.22848291218898176
2020-07-03,0.0,0.0,0.0,0.1625192365775432,0.22848291218898176
2020-07-03,0.0,0.0,0.0,0.1625192365775432,0.22848291218898176
2020-07-04,0.042327269767419934,0.0,0.0,0.17021674409239307,0.2378416755413557
2020-07-04,0.20003455075009619,0.0,0.0,0.17021674409239307,0.2378416755413557
2020-07-04,0.023382168482565777,0.0,0.0,0.17021674409239307,0.2378416755413557
2020-07-04,0.09555005668265029,0.0,0.0,0.17021674409239307,0.2378416755413557
2020-07-04,0.32783508116874505,0.0,0.0,0.17021674409239307,0.2378416755413557
2020-07-04,0.40339917737258507,0.0,0.0,0.17021674409239307,0.2378416755413557
2020-07-04,0.3064716620120642,0.0,0.0,0.17021674409239307,0.2378416755413557
2020-07-04,0.00671354418463318,0.0,0.0,0.17021674409239307,0.2378416755413557
2020-07-04,0.38999383378573776,0.0,0.0,0.17021674409239307,0.2378416755413557
2020-07-04,0.08147940085709138,0.0,0.0,0.17021674409239307,0.2378416755413557
2020-07-04,0.015573875503472208,0.0,0.0,0.17021674409239307,0.2378416755413557
2020-07-05,0.36162559300309005,0.0,0.0,0.1805606293776697,0.25010488269274056
2020-07-05,0.23815631277889632,0.0,0.0,0.1805606293776697,0.25010488269274056
2020-07-05,0.38674459917873766,0.0,0.0,0.1805606293776697,0.25010488269274056
2020-07-05,0.04680716625780501,0.0,0.0,0.1805606293776697,0.25010488269274056
2020-07-05,0.3025463537571551,0.0,0.0,0.1805606293776697,0.25010488269274056
2020-07-05,0.41149218142934124,0.0,0.0,0.1805606293776697,0.25010488269274056
2020-07-05,0.34794042925399365,0.0,0.0,0.1805606293776697,0.25010488269274056
2020-07-05,0.19524977140753952,0.0,0.0,0.1805606293776697,0.25010488269274056
2020-07-05,0.17306849457303372,0.0,0.0,0.1805606293776697,0.25010488269274056
2020-07-05,0.22904251719277058,0.0,0.0,0.1805606293776697,0.25010488269274056
2020-07-05,0.12747017484683992,0.0,0.0,0.1805606293776697,0.25010488269274056
2020-07-06,0.0,0.0,0.0,0.19322584820722277,0.2652725336431381
2020-07-06,0.0,0.0,0.0,0.19322584820722277,0.2652725336431381
2020-07-06,0.0016602961197870237,0.0,0.0,0.19322584820722277,0.2652725336431381
2020-07-06,0.02065368695268671,0.0,0.0,0.19322584820722277,0.2652725336431381
2020-07-06,0.0,0.0,0.0,0.19322584820722277,0.2652725336431381
2020-07-06,0.004094976034639692,0.0,0.0,0.19322584820722277,0.2652725336431381
2020-07-06,0.003445868421889043,0.0,0.0,0.19322584820722277,0.2652725336431381
2020-07-06,0.0039927017799464455,0.0,0.0,0.19322584820722277,0.2652725336431381
2020-07-06,4.2577291207221696e-05,0.0,0.0,0.19322584820722277,0.2652725336431381
2020-07-06,0.02123811782639348,0.0,0.0,0.19322584820722277,0.2652725336431381
2020-07-06,0.0015524958403949284,0.0,0.0,0.19322584820722277,0.2652725336431381
2020-07-07,0.03279813345911251,0.0,0.0,0.19901911432639618,0.2720495691741682
2020-07-07,0.06980877063792244,0.0,0.0,0.19901911432639618,0.2720495691741682
2020-07-07,0.05100147691761183,0.0,0.0,0.19901911432639618,0.2720495691741682
2020-07-07,0.10978026531728631,0.0,0.0,0.19901911432639618,0.2720495691741682
2020-07-07,0.18778366486163744,0.0,0.0,0.19901911432639618,0.2720495691741682
2020-07-07,0.09411463692220103,0.0,0.0,0.19901911432639618,0.2720495691741682
2020-07-07,0.12429942427412602,0.0,0.0,0.19901911432639618,0.2720495691741682
2020-07-07,0.021629645475861235,0.0,0.0,0.19901911432639618,0.2720495691741682
2020-07-07,0.11371501252897774,0.0,0.0,0.19901911432639618,0.2720495691741682
2020-07-07,0.03394360280706718,0.0,0.0,0.19901911432639618,0.2720495691741682
2020-07-07,0.012742030455419336,0.0,0.0,0.19901911432639618,0.2720495691741682
2020-07-08,0.2945188800692543,0.0,0.0,0.20266076025830948,0.2762448768838528
2020-07-08,0.07378762162423684,0.0,0.0,0.20266076025830948,0.2762448768838528
2020-07-08,0.18063952868596134,0.0,0.0,0.20266076025830948,0.2762448768838528
2020-07-08,0.3638239066631815,0.0,0.0,0.20266076025830948,0.2762448768838528
2020-07-08,0.6041707612308629,0.0,0.0,0.20266076025830948,0.2762448768838528
2020-07-08,0.10801657313752124,0.0,0.0,0.20266076025830948,0.2762448768838528
2020-07-08,0.10616067480636301,0.0,0.0,0.20266076025830948,0.2762448768838528
2020-07-08,0.0085298003969415,0.0,0.0,0.20266076025830948,0.2762448768838528
2020-07-08,0.11536546097407639,0.0,0.0,0.20266076025830948,0.2762448768838528
2020-07-08,0.1534291817956081,0.0,0.0,0.20266076025830948,0.2762448768838528
2020-07-08,0.164791106983845,0.0,0.0,0.20266076025830948,0.2762448768838528
2020-07-09,0.06965165153244644,0.0,0.0,0.21135065943706943,0.28657178816923157
2020-07-09,0.0011657967357914525,0.0,0.0,0.21135065943706943,0.28657178816923157
2020-07-09,0.11231257507223183,0.0,0.0,0.21135065943706943,0.28657178816923157
2020-07-09,0.04972623013879214,0.0,0.0,0.21135065943706943,0.28657178816923157
2020-07-09,0.013054594813154038,0.0,0.0,0.21135065943706943,0.28657178816923157
2020-07-09,0.1256104955694593,0.0,0.0,0.21135065943706943,0.28657178816923157
2020-07-09,0.07910324072123573,0.0,0.0,0.21135065943706943,0.28657178816923157
2020-07-09,0.09918267849423879,0.0,0.0,0.21135065943706943,0.28657178816923157
2020-07-09,0.01894877813606097,0.0,0.0,0.21135065943706943,0.28657178816923157
2020-07-09,0.034666761136384026,0.0,0.0,0.21135065943706943,0.28657178816923157
2020-07-09,0.1191897193839007,0.0,0.0,0.21135065943706943,0.28657178816923157
2020-07-10,0.0461148964510651,0.0,0.0,0.2214500424283392,0.29867363733178287
2020-07-10,0.0146588122662839,0.0,0.0,0.2214500424283392,0.29867363733178287
2020-07-10,0.009731085110642482,0.0,0.0,0.2214500424283392,0.29867363733178287
2020-07-10,0.00996287659592905,0.0,0.0,0.2214500424283392,0.29867363733178287
2020-07-10,0.022418427386998084,0.0,0.0,0.2214500424283392,0.29867363733178287
2020-07-10,0.025902978503521235,0.0,0.0,0.2214500424283392,0.29867363733178287
2020-07-10,0.05068904499294581,0.0,0.0,0.2214500424283392,0.29867363733178287
2020-07-10,0.053525633840028265,0.0,0.0,0.2214500424283392,0.29867363733178287
2020-07-10,0.07433379217595334,0.0,0.0,0.2214500424283392,0.29867363733178287
2020-07-10,0.04971954997570111,0.0,0.0,0.2214500424283392,0.29867363733178287
2020-07-10,0.002553224520112892,0.0,0.0,0.2214500424283392,0.29867363733178287
2020-07-11,0.023047782273640623,0.0,0.0,0.2364308418070158,0.3164552877012916
2020-07-11,0.004697530993922693,0.0,0.0,0.2364308418070158,0.3164552877012916
2020-07-11,0.07460928806459512,0.0,0.0,0.2364308418070158,0.3164552877012916
2020-07-11,0.04551388186844638,0.0,0.0,0.2364308418070158,0.3164552877012916
2020-07-11,0.012340336167916683,0.0,0.0,0.2364308418070158,0.3164552877012916
2020-07-11,0.0035569632794563103,0.0,0.0,0.2364308418070158,0.3164552877012916
2020-07-11,0.16241682370363003,0.0,0.0,0.2364308418070158,0.3164552877012916
2020-07-11,0.03867463359838741,0.0,0.0,0.2364308418070158,0.3164552877012916
2020-07-11,0.04417216861097696,0.0,0.0,0.2364308418070158,0.3164552877012916
2020-07-11,0.20315131487205285,0.0,0.0,0.2364308418070158,0.3164552877012916
2020-07-11,0.2593377852371987,0.0,0.0,0.2364308418070158,0.3164552877012916
2020-07-12,0.1287338408576577,0.0,0.0,0.24859842655582565,0.3309452350985893
2020-07-12,0.15941541513483826,0.0,0.0,0.24859842655582565,0.3309452350985893
2020-07-12,0.253945908648061,0.0,0.0,0.24859842655582565,0.3309452350985893
2020-07-12,0.06280734869881682,0.0,0.0,0.24859842655582565,0.3309452350985893
2020-07-12,0.28137204496786256,0.0,0.0,0.24859842655582565,0.3309452350985893
2020-07-12,0.1945123079366055,0.0,0.0,0.24859842655582565,0.3309452350985893
2020-07-12,0.2628255772073609,0.0,0.0,0.24859842655582565,0.3309452350985893
2020-07-12,0.2695366219190662,0.0,0.0,0.24859842655582565,0.3309452350985893
2020-07-12,0.19939810356877213,0.0,0.0,0.24859842655582565,0.3309452350985893
2020-07-12,0.2746566636843417,0.0,0.0,0.24859842655582565,0.3309452350985893
2020-07-12,0.09747809461863409,0.0,0.0,0.24859842655582565,0.3309452350985893
2020-07-13,0.0014367810155744714,0.0,0.0,0.26084655323677897,0.3456288120824844
2020-07-13,0.0,0.0,0.0,0.26084655323677897,0.3456288120824844
2020-07-13,0.0002803652933711136,0.0,0.0,0.26084655323677897,0.3456288120824844
2020-07-13,0.001038665849517465,0.0,0.0,0.26084655323677897,0.3456288120824844
2020-07-13,0.0,0.0,0.0,0.26084655323677897,0.3456288120824844
2020-07-13,8.414920016727674e-05,0.0,0.0,0.26084655323677897,0.3456288120824844
2020-07-13,0.0,0.0,0.0,0.26084655323677897,0.3456288120824844
2020-07-13,0.0006852787598524774,0.0,0.0,0.26084655323677897,0.3456288120824844
2020-07-13,0.0,0.0,0.0,0.26084655323677897,0.3456288120824844
2020-07-13,0.000288743950816605,0.0,0.0,0.26084655323677897,0.3456288120824844
2020-07-13,0.0012112849010779728,0.0,0.0,0.26084655323677897,0.3456288120824844
2020-07-14,0.0,0.0,0.0,0.2704483021473054,0.3569238713008662
2020-07-14,0.0,0.0,0.0,0.2704483021473054,0.3569238713008662
2020-07-14,0.0,0.0,0.0,0.2704483021473054,0.3569238713008662
2020-07-14,0.0,0.0,0.0,0.2704483021473054,0.3569238713008662
2020-07-14,0.0,0.0,0.0,0.2704483021473054,0.3569238713008662
2020-07-14,0.0,0.0,0.0,0.2704483021473054,0.3569238713008662
2020-07-14,0.0,0.0,0.0,0.2704483021473054,0.3569238713008662
2020-07-14,0.0,0.0,0.0,0.2704483021473054,0.3569238713008662
2020-07-14,0.0,0.0,0.0,0.2704483021473054,0.3569238713008662
2020-07-14,0.0,0.0,0.0,0.2704483021473054,0.3569238713008662
2020-07-14,0.0,0.0,0.0,0.2704483021473054,0.3569238713008662
2020-07-15,0.013094182089448823,0.0,0.0,0.2783126465215954,0.36628263465324196
2020-07-15,0.029085054414179457,0.0,0.0,0.2783126465215954,0.36628263465324196
2020-07-15,0.044188413947733804,0.0,0.0,0.2783126465215954,0.36628263465324196
2020-07-15,0.0045700768958302634,0.0,0.0,0.2783126465215954,0.36628263465324196
2020-07-15,0.15283832355034324,0.0,0.0,0.2783126465215954,0.36628263465324196
2020-07-15,0.045745566023915926,0.0,0.0,0.2783126465215954,0.36628263465324196
2020-07-15,0.016187076507306164,0.0,0.0,0.2783126465215954,0.36628263465324196
2020-07-15,0.09379454759645994,0.0,0.0,0.2783126465215954,0.36628263465324196
2020-07-15,0.08889740785853793,0.0,0.0,0.2783126465215954,0.36628263465324196
2020-07-15,0.11980712862588419,0.0,0.0,0.2783126465215954,0.36628263465324196
2020-07-15,0.020419444114006913,0.0,0.0,0.2783126465215954,0.36628263465324196
2020-07-16,0.0,0.0,0.0,0.2899825971896618,0.3801594216929658
2020-07-16,0.003198568612829473,0.0,0.0,0.2899825971896618,0.3801594216929658
2020-07-16,0.24576726225449969,0.0,0.0,0.2899825971896618,0.3801594216929658
2020-07-16,0.003136347818509886,0.0,0.0,0.2899825971896618,0.3801594216929658
2020-07-16,0.0809918972603835,0.0,0.0,0.2899825971896618,0.3801594216929658
2020-07-16,0.0,0.0,0.0,0.2899825971896618,0.3801594216929658
2020-07-16,0.01901101859260676,0.0,0.0,0.2899825971896618,0.3801594216929658
2020-07-16,0.039671526012306425,0.0,0.0,0.2899825971896618,0.3801594216929658
2020-07-16,0.0072819020455671115,0.0,0.0,0.2899825971896618,0.3801594216929658
2020-07-16,0.10827409649923257,0.0,0.0,0.2899825971896618,0.3801594216929658
2020-07-16,0.10047897169613473,0.0,0.0,0.2899825971896618,0.3801594216929658
2020-07-17,0.0642125931433233,0.0,0.0,0.3057947043679615,0.3962952205763681
2020-07-17,0.17571512249374177,0.0,0.0,0.3057947043679615,0.3962952205763681
2020-07-17,0.19310560325503143,0.0,0.0,0.3057947043679615,0.3962952205763681
2020-07-17,0.11823051832468634,0.0,0.0,0.3057947043679615,0.3962952205763681
2020-07-17,0.01915962884360645,0.0,0.0,0.3057947043679615,0.3962952205763681
2020-07-17,0.12640907910781163,0.0,0.0,0.3057947043679615,0.3962952205763681
2020-07-17,0.06107506365334178,0.0,0.0,0.3057947043679615,0.3962952205763681
2020-07-17,0.10824915522616556,0.0,0.0,0.3057947043679615,0.3962952205763681
2020-07-17,0.04361725881835051,0.0,0.0,0.3057947043679615,0.3962952205763681
2020-07-17,0.30002082547272235,0.0,0.0,0.3057947043679615,0.3962952205763681
2020-07-17,0.07641194991209256,0.0,0.0,0.3057947043679615,0.3962952205763681
2020-07-18,0.2608690545193078,0.0,0.0,0.317458902040875,0.40823571175008766
2020-07-18,0.1664440612969398,0.0,0.0,0.317458902040875,0.40823571175008766
2020-07-18,0.036636711932379974,0.0,0.0,0.317458902040875,0.40823571175008766
2020-07-18,0.13450000560216924,0.0,0.0,0.317458902040875,0.40823571175008766
2020-07-18,0.024210167620639374,0.0,0.0,0.317458902040875,0.40823571175008766
2020-07-18,0.020350477655594067,0.0,0.0,0.317458902040875,0.40823571175008766
2020-07-18,0.02654233198250043,0.0,0.0,0.317458902040875,0.40823571175008766
2020-07-18,0.04655258102002097,0.0,0.0,0.317458902040875,0.40823571175008766
2020-07-18,0.20120227232690066,0.0,0.0,0.317458902040875,0.40823571175008766
2020-07-18,0.09808127280638797,0.0,0.0,0.317458902040875,0.40823571175008766
2020-07-18,0.0029332535536095205,0.0,0.0,0.317458902040875,0.40823571175008766
2020-07-19,0.2266880651832201,0.0,0.0,0.33411957600425723,0.4250169425888277
2020-07-19,0.13084314740608707,0.0,0.0,0.33411957600425723,0.4250169425888277
2020-07-19,0.21804449240754253,0.0,0.0,0.33411957600425723,0.4250169425888277
2020-07-19,0.32593753129586533,0.0,0.0,0.33411957600425723,0.4250169425888277
2020-07-19,0.011291968358844374,0.0,0.0,0.33411957600425723,0.4250169425888277
2020-07-19,0.09402286301183213,0.0,0.0,0.33411957600425723,0.4250169425888277
2020-07-19,0.07621114625927752,0.0,0.0,0.33411957600425723,0.4250169425888277
2020-07-19,0.04020807288069992,0.0,0.0,0.33411957600425723,0.4250169425888277
2020-07-19,0.14623252268576453,0.0,0.0,0.33411957600425723,0.4250169425888277
2020-07-19,0.00653651700804584,0.0,0.0,0.33411957600425723,0.4250169425888277
2020-07-19,0.08214506009906422,0.0,0.0,0.33411957600425723,0.4250169425888277
2020-07-20,0.18557226262849788,0.0,0.0,0.34980224079161204,0.4405073095168923
2020-07-20,0.07266858175179684,0.0,0.0,0.34980224079161204,0.4405073095168923
2020-07-20,0.04910046555378452,0.0,0.0,0.34980224079161204,0.4405073095168923
2020-07-20,0.021530103301660424,0.0,0.0,0.34980224079161204,0.4405073095168923
2020-07-20,0.049466908078416624,0.0,0.0,0.34980224079161204,0.4405073095168923
2020-07-20,0.08991861924128206,0.0,0.0,0.34980224079161204,0.4405073095168923
2020-07-20,0.002317577315498046,0.0,0.0,0.34980224079161204,0.4405073095168923
2020-07-20,0.0818221976689895,0.0,0.0,0.34980224079161204,0.4405073095168923
2020-07-20,0.18688826094380256,0.0,0.0,0.34980224079161204,0.4405073095168923
2020-07-20,0.02665640336421841,0.0,0.0,0.34980224079161204,0.4405073095168923
2020-07-20,0.08164160198468287,0.0,0.0,0.34980224079161204,0.4405073095168923
2020-07-21,0.24096190584811944,0.0,0.0,0.3649901479958003,0.4559976764449587
2020-07-21,0.35104211115155093,0.0,0.0,0.3649901479958003,0.4559976764449587
2020-07-21,0.31295477814294614,0.0,0.0,0.3649901479958003,0.4559976764449587
2020-07-21,0.09401869350185822,0.0,0.0,0.3649901479958003,0.4559976764449587
2020-07-21,0.1599450274088467,0.0,0.0,0.3649901479958003,0.4559976764449587
2020-07-21,0.07052137474930956,0.0,0.0,0.3649901479958003,0.4559976764449587
2020-07-21,0.254594021089804,0.0,0.0,0.3649901479958003,0.4559976764449587
2020-07-21,0.3078465281978322,0.0,0.0,0.3649901479958003,0.4559976764449587
2020-07-21,0.05134970983567321,0.0,0.0,0.3649901479958003,0.4559976764449587
2020-07-21,0.12761106604174743,0.0,0.0,0.3649901479958003,0.4559976764449587
2020-07-21,0.1391614392382393,0.0,0.0,0.3649901479958003,0.4559976764449587
2020-07-22,0.011027851100382447,0.0,0.0,0.3779286340951258,0.4689063155516813
2020-07-22,0.06993566192528683,0.0,0.0,0.3779286340951258,0.4689063155516813
2020-07-22,0.14771314749929407,0.0,0.0,0.3779286340951258,0.4689063155516813
2020-07-22,0.00422845383982976,0.0,0.0,0.3779286340951258,0.4689063155516813
2020-07-22,0.06914975005817806,0.0,0.0,0.3779286340951258,0.4689063155516813
2020-07-22,0.08935077115225826,0.0,0.0,0.3779286340951258,0.4689063155516813
2020-07-22,0.10141052404292682,0.0,0.0,0.3779286340951258,0.4689063155516813
2020-07-22,0.13082033120376954,0.0,0.0,0.3779286340951258,0.4689063155516813
2020-07-22,0.04526299397888283,0.0,0.0,0.3779286340951258,0.4689063155516813
2020-07-22,0.22821707353291965,0.0,0.0,0.3779286340951258,0.4689063155516813
2020-07-22,0.1963499449639978,0.0,0.0,0.3779286340951258,0.4689063155516813
2020-07-23,0.003632180536971319,0.0,0.0,0.39282313854650575,0.4837512505244117
2020-07-23,0.07116288566195944,0.0,0.0,0.39282313854650575,0.4837512505244117
2020-07-23,0.0015437125346323246,0.0,0.0,0.39282313854650575,0.4837512505244117
2020-07-23,0.002137234825211161,0.0,0.0,0.39282313854650575,0.4837512505244117
2020-07-23,0.006147872967902475,0.0,0.0,0.39282313854650575,0.4837512505244117
2020-07-23,0.007295859885784719,0.0,0.0,0.39282313854650575,0.4837512505244117
2020-07-23,0.003448917125341708,0.0,0.0,0.39282313854650575,0.4837512505244117
2020-07-23,0.005873413691503244,0.0,0.0,0.39282313854650575,0.4837512505244117
2020-07-23,0.008414014749348725,0.0,0.0,0.39282313854650575,0.4837512505244117
2020-07-23,0.0020727245815459453,0.0,0.0,0.39282313854650575,0.4837512505244117
2020-07-23,0.04514710271576871,0.0,0.0,0.39282313854650575,0.4837512505244117
2020-07-24,0.039680934469532456,0.0,0.0,0.4050770182226122,0.4960144576757983
2020-07-24,0.0008021043290238162,0.0,0.0,0.4050770182226122,0.4960144576757983
2020-07-24,0.003770071013798524,0.0,0.0,0.4050770182226122,0.4960144576757983
2020-07-24,0.004263656737819729,0.0,0.0,0.4050770182226122,0.4960144576757983
2020-07-24,0.044107615420478016,0.0,0.0,0.4050770182226122,0.4960144576757983
2020-07-24,0.0,0.0,0.0,0.4050770182226122,0.4960144576757983
2020-07-24,0.01747427623517523,0.0,0.0,0.4050770182226122,0.4960144576757983
2020-07-24,0.0,0.0,0.0,0.4050770182226122,0.4960144576757983
2020-07-24,0.0,0.0,0.0,0.4050770182226122,0.4960144576757983
2020-07-24,0.0005701691261308649,0.0,0.0,0.4050770182226122,0.4960144576757983
2020-07-24,0.0,0.0,0.0,0.4050770182226122,0.4960144576757983
2020-07-25,0.18151192705379313,0.0,0.0,0.4126220713659049,0.5037596411398315
2020-07-25,0.04984514446545819,0.0,0.0,0.4126220713659049,0.5037596411398315
2020-07-25,0.32593965612810405,0.0,0.0,0.4126220713659049,0.5037596411398315
2020-07-25,0.24981872060985197,0.0,0.0,0.4126220713659049,0.5037596411398315
2020-07-25,0.22969416182897814,0.0,0.0,0.4126220713659049,0.5037596411398315
2020-07-25,0.12074957168448928,0.0,0.0,0.4126220713659049,0.5037596411398315
2020-07-25,0.015517348064017599,0.0,0.0,0.4126220713659049,0.5037596411398315
2020-07-25,0.079602379675083,0.0,0.0,0.4126220713659049,0.5037596411398315
2020-07-25,0.23727494670671354,0.0,0.0,0.4126220713659049,0.5037596411398315
2020-07-25,0.04355768355495146,0.0,0.0,0.4126220713659049,0.5037596411398315
2020-07-25,0.04913125208322144,0.0,0.0,0.4126220713659049,0.5037596411398315
2020-07-26,0.01592490846266989,0.0,0.0,0.4192869162507731,0.5102139606931928
2020-07-26,0.19318520575545256,0.0,0.0,0.4192869162507731,0.5102139606931928
2020-07-26,0.0230382871923081,0.0,0.0,0.4192869162507731,0.5102139606931928
2020-07-26,0.1177170395706351,0.0,0.0,0.4192869162507731,0.5102139606931928
2020-07-26,0.18863325415265897,0.0,0.0,0.4192869162507731,0.5102139606931928
2020-07-26,0.28332424032638986,0.0,0.0,0.4192869162507731,0.5102139606931928
2020-07-26,0.021101938589336504,0.0,0.0,0.4192869162507731,0.5102139606931928
2020-07-26,0.34590556548900797,0.0,0.0,0.4192869162507731,0.5102139606931928
2020-07-26,0.04499885441967003,0.0,0.0,0.4192869162507731,0.5102139606931928
2020-07-26,0.050462520420291486,0.0,0.0,0.4192869162507731,0.5102139606931928
2020-07-26,0.10254865472954916,0.0,0.0,0.4192869162507731,0.5102139606931928
2020-07-27,0.026155212949987832,0.0,0.0,0.4247752736268319,0.515700132313551
2020-07-27,0.10486635429669018,0.0,0.0,0.4247752736268319,0.515700132313551
2020-07-27,0.017015783902916786,0.0,0.0,0.4247752736268319,0.515700132313551
2020-07-27,0.11771036097277057,0.0,0.0,0.4247752736268319,0.515700132313551
2020-07-27,0.06903842447131801,0.0,0.0,0.4247752736268319,0.515700132313551
2020-07-27,0.029801480525444006,0.0,0.0,0.4247752736268319,0.515700132313551
2020-07-27,0.1363602273125196,0.0,0.0,0.4247752736268319,0.515700132313551
2020-07-27,0.08818692137934767,0.0,0.0,0.4247752736268319,0.515700132313551
2020-07-27,0.030418030830752896,0.0,0.0,0.4247752736268319,0.515700132313551
2020-07-27,0.30206001358584994,0.0,0.0,0.4247752736268319,0.515700132313551
2020-07-27,0.09323734702777206,0.0,0.0,0.4247752736268319,0.515700132313551
2020-07-28,0.0,0.0,0.0,0.43300780969092023,0.5240907477329184
2020-07-28,0.0,0.0,0.0,0.43300780969092023,0.5240907477329184
2020-07-28,0.0,0.0,0.0,0.43300780969092023,0.5240907477329184
2020-07-28,0.0,0.0,0.0,0.43300780969092023,0.5240907477329184
2020-07-28,0.0,0.0,0.0,0.43300780969092023,0.5240907477329184
2020-07-28,0.0,0.0,0.0,0.43300780969092023,0.5240907477329184
2020-07-28,0.0,0.0,0.0,0.43300780969092023,0.5240907477329184
2020-07-28,0.0,0.0,0.0,0.43300780969092023,0.5240907477329184
2020-07-28,0.0,0.0,0.0,0.43300780969092023,0.5240907477329184
2020-07-28,0.0,0.0,0.0,0.43300780969092023,0.5240907477329184
2020-07-28,0.0,0.0,0.0,0.43300780969092023,0.5240907477329184
2020-07-29,0.002099395057220613,0.0,0.0,0.4433948424398453,0.5344176590182972
2020-07-29,0.0,0.0,0.0,0.4433948424398453,0.5344176590182972
2020-07-29,0.0,0.0,0.0,0.4433948424398453,0.5344176590182972
2020-07-29,4.571176907199442e-06,0.0,0.0,0.4433948424398453,0.5344176590182972
2020-07-29,0.0,0.0,0.0,0.4433948424398453,0.5344176590182972
2020-07-29,0.0,0.0,0.0,0.4433948424398453,0.5344176590182972
2020-07-29,0.0,0.0,0.0,0.4433948424398453,0.5344176590182972
2020-07-29,5.8983324551225095e-05,0.0,0.0,0.4433948424398453,0.5344176590182972
2020-07-29,7.080005417448663e-05,0.0,0.0,0.4433948424398453,0.5344176590182972
2020-07-29,0.0,0.0,0.0,0.4433948424398453,0.5344176590182972
2020-07-29,0.0,0.0,0.0,0.4433948424398453,0.5344176590182972
2020-07-30,0.006329600996685669,0.0,0.0,0.4610364020768313,0.5521670377900403
2020-07-30,0.01103654189380554,0.0,0.0,0.4610364020768313,0.5521670377900403
2020-07-30,0.001590105221951844,0.0,0.0,0.4610364020768313,0.5521670377900403
2020-07-30,8.084774990243116e-05,0.0,0.0,0.4610364020768313,0.5521670377900403
2020-07-30,0.0,0.0,0.0,0.4610364020768313,0.5521670377900403
2020-07-30,0.004182321606199561,0.0,0.0,0.4610364020768313,0.5521670377900403
2020-07-30,0.00036732704157975686,0.0,0.0,0.4610364020768313,0.5521670377900403
2020-07-30,0.0,0.0,0.0,0.4610364020768313,0.5521670377900403
2020-07-30,0.008077472045888783,0.0,0.0,0.4610364020768313,0.5521670377900403
2020-07-30,3.186638665156167e-05,0.0,0.0,0.4610364020768313,0.5521670377900403
2020-07-30,0.0006455944097009595,0.0,0.0,0.4610364020768313,0.5521670377900403
2020-07-31,0.044275092598643116,0.0,0.0,0.4733880826705402,0.564752960919094
2020-07-31,0.016248414588415295,0.0,0.0,0.4733880826705402,0.564752960919094
2020-07-31,0.0,0.0,0.0,0.4733880826705402,0.564752960919094
2020-07-31,0.07865510438960463,0.0,0.0,0.4733880826705402,0.564752960919094
2020-07-31,0.00596912612913565,0.0,0.0,0.4733880826705402,0.564752960919094
2020-07-31,0.0023016407308481856,0.0,0.0,0.4733880826705402,0.564752960919094
2020-07-31,0.014690615626481798,0.0,0.0,0.4733880826705402,0.564752960919094
2020-07-31,0.0,0.0,0.0,0.4733880826705402,0.564752960919094
2020-07-31,8.984528299843814e-05,0.0,0.0,0.4733880826705402,0.564752960919094
2020-07-31,0.011259467563532665,0.0,0.0,0.4733880826705402,0.564752960919094
2020-07-31,0.01480907002997496,0.0,0.0,0.4733880826705402,0.564752960919094
2020-08-01,0.07059161893938028,0.0,0.0,0.48426412000747887,0.5754025881821399
2020-08-01,0.017998427433931027,0.0,0.0,0.48426412000747887,0.5754025881821399
2020-08-01,0.00990039630196296,0.0,0.0,0.48426412000747887,0.5754025881821399
2020-08-01,0.033892400372508284,0.0,0.0,0.48426412000747887,0.5754025881821399
2020-08-01,0.006638982816648643,0.0,0.0,0.48426412000747887,0.5754025881821399
2020-08-01,0.008224802910562583,0.0,0.0,0.48426412000747887,0.5754025881821399
2020-08-01,0.004822319034267081,0.0,0.0,0.48426412000747887,0.5754025881821399
2020-08-01,0.03866713650631961,0.0,0.0,0.48426412000747887,0.5754025881821399
2020-08-01,0.004942222658614657,0.0,0.0,0.48426412000747887,0.5754025881821399
2020-08-01,0.026412908501520897,0.0,0.0,0.48426412000747887,0.5754025881821399
2020-08-01,0.006524869054559854,0.0,0.0,0.48426412000747887,0.5754025881821399
2020-08-02,0.011290040521540612,0.0,0.0,0.49856031296293624,0.5886339432665295
2020-08-02,0.0026501040204362815,0.0,0.0,0.49856031296293624,0.5886339432665295
2020-08-02,0.011501240602547433,0.0,0.0,0.49856031296293624,0.5886339432665295
2020-08-02,0.0020500668844984733,0.0,0.0,0.49856031296293624,0.5886339432665295
2020-08-02,0.005904806813289391,0.0,0.0,0.49856031296293624,0.5886339432665295
2020-08-02,0.0009532196728598447,0.0,0.0,0.49856031296293624,0.5886339432665295
2020-08-02,0.002039306802016928,0.0,0.0,0.49856031296293624,0.5886339432665295
2020-08-02,0.00025706232051952093,0.0,0.0,0.49856031296293624,0.5886339432665295
2020-08-02,0.0004768989188572425,0.0,0.0,0.49856031296293624,0.5886339432665295
2020-08-02,0.003593031225957683,0.0,0.0,0.49856031296293624,0.5886339432665295
2020-08-02,0.0,0.0,0.0,0.49856031296293624,0.5886339432665295
2020-08-03,0.2382732878197448,0.0,0.0,0.5104373714565145,0.5989608545519083
2020-08-03,0.17926851489527865,0.0,0.0,0.5104373714565145,0.5989608545519083
2020-08-03,0.2090980925779902,0.0,0.0,0.5104373714565145,0.5989608545519083
2020-08-03,0.1813514436355747,0.0,0.0,0.5104373714565145,0.5989608545519083
2020-08-03,0.2136657246198439,0.0,0.0,0.5104373714565145,0.5989608545519083
2020-08-03,0.09778511445218344,0.0,0.0,0.5104373714565145,0.5989608545519083
2020-08-03,0.19755539043731118,0.0,0.0,0.5104373714565145,0.5989608545519083
2020-08-03,0.13250409363152,0.0,0.0,0.5104373714565145,0.5989608545519083
2020-08-03,0.16090034491751493,0.0,0.0,0.5104373714565145,0.5989608545519083
2020-08-03,0.19820592510432763,0.0,0.0,0.5104373714565145,0.5989608545519083
2020-08-03,0.2272321258394307,0.0,0.0,0.5104373714565145,0.5989608545519083
2020-08-04,0.4571666211909735,0.0,0.0,0.5235455709128565,0.6105786297479572
2020-08-04,0.47301251274172257,0.0,0.0,0.5235455709128565,0.6105786297479572
2020-08-04,0.20020691200139895,0.0,0.0,0.5235455709128565,0.6105786297479572
2020-08-04,0.3742610839616082,0.0,0.0,0.5235455709128565,0.6105786297479572
2020-08-04,0.3250109107988864,0.0,0.0,0.5235455709128565,0.6105786297479572
2020-08-04,0.29476715897966277,0.0,0.0,0.5235455709128565,0.6105786297479572
2020-08-04,0.4495126818006441,0.0,0.0,0.5235455709128565,0.6105786297479572
2020-08-04,0.42070752607836315,0.0,0.0,0.5235455709128565,0.6105786297479572
2020-08-04,0.16336634346427933,0.0,0.0,0.5235455709128565,0.6105786297479572
2020-08-04,0.5346618342207611,0.0,0.0,0.5235455709128565,0.6105786297479572
2020-08-04,0.24738833409637728,0.0,0.0,0.5235455709128565,0.6105786297479572
2020-08-05,0.2700249478410555,0.0,0.0,0.536317220152742,0.621873688966339
2020-08-05,0.09961860573123078,0.0,0.0,0.536317220152742,0.621873688966339
2020-08-05,0.06525678451070438,0.0,0.0,0.536317220152742,0.621873688966339
2020-08-05,0.2186855556654139,0.0,0.0,0.536317220152742,0.621873688966339
2020-08-05,0.12256378388987382,0.0,0.0,0.536317220152742,0.621873688966339
2020-08-05,0.3495054324466637,0.0,0.0,0.536317220152742,0.621873688966339
2020-08-05,0.4114789021967987,0.0,0.0,0.536317220152742,0.621873688966339
2020-08-05,0.2266965898539375,0.0,0.0,0.536317220152742,0.621873688966339
2020-08-05,0.4335868304306247,0.0,0.0,0.536317220152742,0.621873688966339
2020-08-05,0.15185475728104095,0.0,0.0,0.536317220152742,0.621873688966339
2020-08-05,0.07491861917121954,0.0,0.0,0.536317220152742,0.621873688966339
2020-08-06,0.0,0.0,0.0,0.5450531432927267,0.6296188724303722
2020-08-06,0.0,0.0,0.0,0.5450531432927267,0.6296188724303722
2020-08-06,0.0,0.0,0.0,0.5450531432927267,0.6296188724303722
2020-08-06,0.0,0.0,0.0,0.5450531432927267,0.6296188724303722
2020-08-06,9.108843060415866e-06,0.0,0.0,0.5450531432927267,0.6296188724303722
2020-08-06,0.0,0.0,0.0,0.5450531432927267,0.6296188724303722
2020-08-06,0.0,0.0,0.0,0.5450531432927267,0.6296188724303722
2020-08-06,0.0,0.0,0.0,0.5450531432927267,0.6296188724303722
2020-08-06,0.0,0.0,0.0,0.5450531432927267,0.6296188724303722
2020-08-06,0.0,0.0,0.0,0.5450531432927267,0.6296188724303722
2020-08-06,0.0,0.0,0.0,0.5450531432927267,0.6296188724303722
2020-08-07,0.0,0.0,0.0,0.5554746940125703,0.638654919805079
2020-08-07,0.0,0.0,0.0,0.5554746940125703,0.638654919805079
2020-08-07,0.0,0.0,0.0,0.5554746940125703,0.638654919805079
2020-08-07,0.0,0.0,0.0,0.5554746940125703,0.638654919805079
2020-08-07,0.0,0.0,0.0,0.5554746940125703,0.638654919805079
2020-08-07,0.0,0.0,0.0,0.5554746940125703,0.638654919805079
2020-08-07,0.0,0.0,0.0,0.5554746940125703,0.638654919805079
2020-08-07,0.0,0.0,0.0,0.5554746940125703,0.638654919805079
2020-08-07,0.0,0.0,0.0,0.5554746940125703,0.638654919805079
2020-08-07,0.0,0.0,0.0,0.5554746940125703,0.638654919805079
2020-08-07,0.0,0.0,0.0,0.5554746940125703,0.638654919805079
2020-08-08,0.0,0.0,0.0,0.5651080843964389,0.6470455352244482
2020-08-08,0.0,0.0,0.0,0.5651080843964389,0.6470455352244482
2020-08-08,0.022016311740522085,0.0,0.0,0.5651080843964389,0.6470455352244482
2020-08-08,0.04554717966218412,0.0,0.0,0.5651080843964389,0.6470455352244482
2020-08-08,0.024330192646935544,0.0,0.0,0.5651080843964389,0.6470455352244482
2020-08-08,0.021107021192821842,0.0,0.0,0.5651080843964389,0.6470455352244482
2020-08-08,0.009719812140704736,0.0,0.0,0.5651080843964389,0.6470455352244482
2020-08-08,0.001726686856381156,0.0,0.0,0.5651080843964389,0.6470455352244482
2020-08-08,0.0,0.0,0.0,0.5651080843964389,0.6470455352244482
2020-08-08,0.0,0.0,0.0,0.5651080843964389,0.6470455352244482
2020-08-08,0.004456961122156802,0.0,0.0,0.5651080843964389,0.6470455352244482
2020-08-09,0.0,0.0,0.0,0.5818003998331632,0.6615677542195098
2020-08-09,0.009691993116732522,0.0,0.0,0.5818003998331632,0.6615677542195098
2020-08-09,0.0,0.0,0.0,0.5818003998331632,0.6615677542195098
2020-08-09,0.10826482145893188,0.0,0.0,0.5818003998331632,0.6615677542195098
2020-08-09,0.04677790232107798,0.0,0.0,0.5818003998331632,0.6615677542195098
2020-08-09,0.0,0.0,0.0,0.5818003998331632,0.6615677542195098
2020-08-09,0.0,0.0,0.0,0.5818003998331632,0.6615677542195098
2020-08-09,0.027632359144519832,0.0,0.0,0.5818003998331632,0.6615677542195098
2020-08-09,0.13781179326380721,0.0,0.0,0.5818003998331632,0.6615677542195098
2020-08-09,0.03327032940899139,0.0,0.0,0.5818003998331632,0.6615677542195098
2020-08-09,0.2379521559637143,0.0,0.0,0.5818003998331632,0.6615677542195098
2020-08-10,0.34839379308436313,0.0,0.0,0.6014066073149333,0.6789944170135858
2020-08-10,0.3016877559168244,0.0,0.0,0.6014066073149333,0.6789944170135858
2020-08-10,0.48197401477094587,0.0,0.0,0.6014066073149333,0.6789944170135858
2020-08-10,0.534061671374775,0.0,0.0,0.6014066073149333,0.6789944170135858
2020-08-10,0.30845913206030356,0.0,0.0,0.6014066073149333,0.6789944170135858
2020-08-10,0.35156093275407996,0.0,0.0,0.6014066073149333,0.6789944170135858
2020-08-10,0.3623419554319965,0.0,0.0,0.6014066073149333,0.6789944170135858
2020-08-10,0.4120394828497493,0.0,0.0,0.6014066073149333,0.6789944170135858
2020-08-10,0.23394878747822714,0.0,0.0,0.6014066073149333,0.6789944170135858
2020-08-10,0.28410654202094066,0.0,0.0,0.6014066073149333,0.6789944170135858
2020-08-10,0.3581190476815786,0.0,0.0,0.6014066073149333,0.6789944170135858
2020-08-11,0.0,0.0,0.0,0.6371470897035768,0.6944847839416521
2020-08-11,0.0,0.0,0.0,0.6371470897035768,0.6944847839416521
2020-08-11,0.0,0.0,0.0,0.6371470897035768,0.6944847839416521
2020-08-11,0.00011861675474833693,0.0,0.0,0.6371470897035768,0.6944847839416521
2020-08-11,0.0,0.0,0.0,0.6371470897035768,0.6944847839416521
2020-08-11,0.0,0.0,0.0,0.6371470897035768,0.6944847839416521
2020-08-11,0.0,0.0,0.0,0.6371470897035768,0.6944847839416521
2020-08-11,0.0024583419655698937,0.0,0.0,0.6371470897035768,0.6944847839416521
2020-08-11,0.00047394089419304665,0.0,0.0,0.6371470897035768,0.6944847839416521
2020-08-11,2.3524757992944718e-06,0.0,0.0,0.6371470897035768,0.6944847839416521
2020-08-11,0.0027247816027615897,0.0,0.0,0.6371470897035768,0.6944847839416521
2020-08-12,0.0,0.0,0.0,0.6371470897035768,0.7102978668473856
2020-08-12,0.0,0.0,0.0,0.6371470897035768,0.7102978668473856
2020-08-12,0.0,0.0,0.0,0.6371470897035768,0.7102978668473856
2020-08-12,0.0,0.0,0.0,0.6371470897035768,0.7102978668473856
2020-08-12,0.0,0.0,0.0,0.6371470897035768,0.7102978668473856
2020-08-12,0.0,0.0,0.0,0.6371470897035768,0.7102978668473856
2020-08-12,0.0013612710010766013,0.0,0.0,0.6371470897035768,0.7102978668473856
2020-08-12,0.0012021975239809625,0.0,0.0,0.6371470897035768,0.7102978668473856
2020-08-12,0.0,0.0,0.0,0.6371470897035768,0.7102978668473856
2020-08-12,0.000639915261129818,0.0,0.0,0.6371470897035768,0.7102978668473856
2020-08-12,0.0,0.0,0.0,0.6371470897035768,0.7102978668473856
2020-08-13,0.04502042434392885,0.0,0.0,0.6598886795437874,0.7303062574628054
2020-08-13,0.02645841212528245,0.0,0.0,0.6598886795437874,0.7303062574628054
2020-08-13,0.04373008438412426,0.0,0.0,0.6598886795437874,0.7303062574628054
2020-08-13,0.08294553538506934,0.0,0.0,0.6598886795437874,0.7303062574628054
2020-08-13,0.0812498026864296,0.0,0.0,0.6598886795437874,0.7303062574628054
2020-08-13,0.18764289405500803,0.0,0.0,0.6598886795437874,0.7303062574628054
2020-08-13,0.20657287197236623,0.0,0.0,0.6598886795437874,0.7303062574628054
2020-08-13,0.10533197186792119,0.0,0.0,0.6598886795437874,0.7303062574628054
2020-08-13,0.022226608208817965,0.0,0.0,0.6598886795437874,0.7303062574628054
2020-08-13,0.1287820001192309,0.0,0.0,0.6598886795437874,0.7303062574628054
2020-08-13,0.05288373072633867,0.0,0.0,0.6598886795437874,0.7303062574628054
2020-08-14,0.016904044127311457,0.0,0.0,0.6843130204662803,0.7516055119888971
2020-08-14,0.005021146178687734,0.0,0.0,0.6843130204662803,0.7516055119888971
2020-08-14,0.0010339041919988799,0.0,0.0,0.6843130204662803,0.7516055119888971
2020-08-14,0.027176482067229377,0.0,0.0,0.6843130204662803,0.7516055119888971
2020-08-14,0.002031726872200068,0.0,0.0,0.6843130204662803,0.7516055119888971
2020-08-14,3.5287211524012233e-06,0.0,0.0,0.6843130204662803,0.7516055119888971
2020-08-14,0.06041939699621724,0.0,0.0,0.6843130204662803,0.7516055119888971
2020-08-14,0.0006959720444298421,0.0,0.0,0.6843130204662803,0.7516055119888971
2020-08-14,0.009375254374461402,0.0,0.0,0.6843130204662803,0.7516055119888971
2020-08-14,0.1809454835095874,0.0,0.0,0.6843130204662803,0.7516055119888971
2020-08-14,0.05971284862689675,0.0,0.0,0.6843130204662803,0.7516055119888971
2020-08-15,0.05542372732352433,0.0,0.0,0.6985401774799006,0.7641914351179526
2020-08-15,0.020294829798896918,0.0,0.0,0.6985401774799006,0.7641914351179526
2020-08-15,0.04628810396816129,0.0,0.0,0.6985401774799006,0.7641914351179526
2020-08-15,0.022182842418770193,0.0,0.0,0.6985401774799006,0.7641914351179526
2020-08-15,0.014367704346433427,0.0,0.0,0.6985401774799006,0.7641914351179526
2020-08-15,0.05559736274373134,0.0,0.0,0.6985401774799006,0.7641914351179526
2020-08-15,0.04856792120805793,0.0,0.0,0.6985401774799006,0.7641914351179526
2020-08-15,0.0075616799317937845,0.0,0.0,0.6985401774799006,0.7641914351179526
2020-08-15,0.07495843541779064,0.0,0.0,0.6985401774799006,0.7641914351179526
2020-08-15,0.006971037836854881,0.0,0.0,0.6985401774799006,0.7641914351179526
2020-08-15,0.0025103882360944154,0.0,0.0,0.6985401774799006,0.7641914351179526
2020-08-16,0.0,0.0,0.0,0.7151778394626701,0.7787136541130142
2020-08-16,0.0,0.0,0.0,0.7151778394626701,0.7787136541130142
2020-08-16,0.0,0.0,0.0,0.7151778394626701,0.7787136541130142
2020-08-16,0.0,0.0,0.0,0.7151778394626701,0.7787136541130142
2020-08-16,0.0,0.0,0.0,0.7151778394626701,0.7787136541130142
2020-08-16,0.0,0.0,0.0,0.7151778394626701,0.7787136541130142
2020-08-16,0.0,0.0,0.0,0.7151778394626701,0.7787136541130142
2020-08-16,0.0,0.0,0.0,0.7151778394626701,0.7787136541130142
2020-08-16,0.0,0.0,0.0,0.7151778394626701,0.7787136541130142
2020-08-16,0.0,0.0,0.0,0.7151778394626701,0.7787136541130142
2020-08-16,0.0,0.0,0.0,0.7151778394626701,0.7787136541130142
2020-08-17,0.028110053079182868,0.0,0.0,0.7294826619108573,0.7896859973537271
2020-08-17,0.11644647846876768,0.0,0.0,0.7294826619108573,0.7896859973537271
2020-08-17,0.10224662755113573,0.0,0.0,0.7294826619108573,0.7896859973537271
2020-08-17,0.07014922906105976,0.0,0.0,0.7294826619108573,0.7896859973537271
2020-08-17,0.035285587683508285,0.0,0.0,0.7294826619108573,0.7896859973537271
2020-08-17,0.023246599460239364,0.0,0.0,0.7294826619108573,0.7896859973537271
2020-08-17,0.0924670178252415,0.0,0.0,0.7294826619108573,0.7896859973537271
2020-08-17,0.037029169147504704,0.0,0.0,0.7294826619108573,0.7896859973537271
2020-08-17,0.08881059939817768,0.0,0.0,0.7294826619108573,0.7896859973537271
2020-08-17,0.009590339526520076,0.0,0.0,0.7294826619108573,0.7896859973537271
2020-08-17,0.0749881799834011,0.0,0.0,0.7294826619108573,0.7896859973537271
2020-08-18,0.00016263787050528242,0.0,0.0,0.7614750679572552,0.8148578436118346
2020-08-18,0.03759287847952858,0.0,0.0,0.7614750679572552,0.8148578436118346
2020-08-18,0.0,0.0,0.0,0.7614750679572552,0.8148578436118346
2020-08-18,0.012097575053587743,0.0,0.0,0.7614750679572552,0.8148578436118346
2020-08-18,3.1758445650853914e-06,0.0,0.0,0.7614750679572552,0.8148578436118346
2020-08-18,0.05298926637640532,0.0,0.0,0.7614750679572552,0.8148578436118346
2020-08-18,0.0005661980868769582,0.0,0.0,0.7614750679572552,0.8148578436118346
2020-08-18,0.041900651752293974,0.0,0.0,0.7614750679572552,0.8148578436118346
2020-08-18,0.048946911944830175,0.0,0.0,0.7614750679572552,0.8148578436118346
2020-08-18,0.028619851359645967,0.0,0.0,0.7614750679572552,0.8148578436118346
2020-08-18,0.0054978718493319916,0.0,0.0,0.7614750679572552,0.8148578436118346
2020-08-19,0.0,0.0,0.0,0.7770282903536653,0.827121050763223
2020-08-19,0.0,0.0,0.0,0.7770282903536653,0.827121050763223
2020-08-19,0.0,0.0,0.0,0.7770282903536653,0.827121050763223
2020-08-19,0.0,0.0,0.0,0.7770282903536653,0.827121050763223
2020-08-19,0.0,0.0,0.0,0.7770282903536653,0.827121050763223
2020-08-19,0.0,0.0,0.0,0.7770282903536653,0.827121050763223
2020-08-19,0.0,0.0,0.0,0.7770282903536653,0.827121050763223
2020-08-19,0.0,0.0,0.0,0.7770282903536653,0.827121050763223
2020-08-19,0.0,0.0,0.0,0.7770282903536653,0.827121050763223
2020-08-19,0.0,0.0,0.0,0.7770282903536653,0.827121050763223
2020-08-19,0.0,0.0,0.0,0.7770282903536653,0.827121050763223
2020-08-20,0.0,0.0,0.0,0.7770282903536653,0.827121050763223
2020-08-20,0.0,0.0,0.0,0.7770282903536653,0.827121050763223
2020-08-20,0.0,0.0,0.0,0.7770282903536653,0.827121050763223
2020-08-20,0.0,0.0,0.0,0.7770282903536653,0.827121050763223
2020-08-20,0.0,0.0,0.0,0.7770282903536653,0.827121050763223
2020-08-20,0.0,0.0,0.0,0.7770282903536653,0.827121050763223
2020-08-20,0.0,0.0,0.0,0.7770282903536653,0.827121050763223
2020-08-20,0.0,0.0,0.0,0.7770282903536653,0.827121050763223
2020-08-20,0.0,0.0,0.0,0.7770282903536653,0.827121050763223
2020-08-20,0.0,0.0,0.0,0.7770282903536653,0.827121050763223
2020-08-20,0.0,0.0,0.0,0.7770282903536653,0.827121050763223
2020-08-21,0.0,0.0,0.0,0.7959757798904054,0.8419659857359516
2020-08-21,0.0,0.0,0.0,0.7959757798904054,0.8419659857359516
2020-08-21,0.0,0.0,0.0,0.7959757798904054,0.8419659857359516
2020-08-21,0.0,0.0,0.0,0.7959757798904054,0.8419659857359516
2020-08-21,0.0,0.0,0.0,0.7959757798904054,0.8419659857359516
2020-08-21,0.0,0.0,0.0,0.7959757798904054,0.8419659857359516
2020-08-21,0.0,0.0,0.0,0.7959757798904054,0.8419659857359516
2020-08-21,0.0,0.0,0.0,0.7959757798904054,0.8419659857359516
2020-08-21,0.0,0.0,0.0,0.7959757798904054,0.8419659857359516
2020-08-21,0.0,0.0,0.0,0.7959757798904054,0.8419659857359516
2020-08-21,0.0,0.0,0.0,0.7959757798904054,0.8419659857359516
2020-08-22,0.016586511099673573,0.0,0.0,0.8178026435012727,0.8590699325523605
2020-08-22,0.0004768989188572425,0.0,0.0,0.8178026435012727,0.8590699325523605
2020-08-22,0.0008998620406681138,0.0,0.0,0.8178026435012727,0.8590699325523605
2020-08-22,0.000325342330217879,0.0,0.0,0.8178026435012727,0.8590699325523605
2020-08-22,0.0,0.0,0.0,0.8178026435012727,0.8590699325523605
2020-08-22,0.0,0.0,0.0,0.8178026435012727,0.8590699325523605
2020-08-22,0.0,0.0,0.0,0.8178026435012727,0.8590699325523605
2020-08-22,0.002433225088996699,0.0,0.0,0.8178026435012727,0.8590699325523605
2020-08-22,0.0,0.0,0.0,0.8178026435012727,0.8590699325523605
2020-08-22,0.0007053134354271508,0.0,0.0,0.8178026435012727,0.8590699325523605
2020-08-22,0.0018611543170188123,0.0,0.0,0.8178026435012727,0.8590699325523605
2020-08-23,0.0,0.0,0.0,0.8342389506536841,0.8719785716590795
2020-08-23,0.00047935089834107283,0.0,0.0,0.8342389506536841,0.8719785716590795
2020-08-23,0.0,0.0,0.0,0.8342389506536841,0.8719785716590795
2020-08-23,0.0006069877105400734,0.0,0.0,0.8342389506536841,0.8719785716590795
2020-08-23,0.0,0.0,0.0,0.8342389506536841,0.8719785716590795
2020-08-23,0.0,0.0,0.0,0.8342389506536841,0.8719785716590795
2020-08-23,0.0,0.0,0.0,0.8342389506536841,0.8719785716590795
2020-08-23,0.0,0.0,0.0,0.8342389506536841,0.8719785716590795
2020-08-23,0.003980483651714421,0.0,0.0,0.8342389506536841,0.8719785716590795
2020-08-23,0.0,0.0,0.0,0.8342389506536841,0.8719785716590795
2020-08-23,0.001145481750511309,0.0,0.0,0.8342389506536841,0.8719785716590795
2020-08-24,0.048608947687757545,0.0,0.0,0.8438982295157417,0.8794010391454474
2020-08-24,0.023195604336203435,0.0,0.0,0.8438982295157417,0.8794010391454474
2020-08-24,0.025077195666541582,0.0,0.0,0.8438982295157417,0.8794010391454474
2020-08-24,0.021565249076336664,0.0,0.0,0.8438982295157417,0.8794010391454474
2020-08-24,0.029173177113242278,0.0,0.0,0.8438982295157417,0.8794010391454474
2020-08-24,0.04319919083061124,0.0,0.0,0.8438982295157417,0.8794010391454474
2020-08-24,0.05824132663403234,0.0,0.0,0.8438982295157417,0.8794010391454474
2020-08-24,0.06515340376013216,0.0,0.0,0.8438982295157417,0.8794010391454474
2020-08-24,0.052623415298692716,0.0,0.0,0.8438982295157417,0.8794010391454474
2020-08-24,0.02932359916608799,0.0,0.0,0.8438982295157417,0.8794010391454474
2020-08-24,0.014135071246312175,0.0,0.0,0.8438982295157417,0.8794010391454474
2020-08-25,0.4472887249602962,0.0,0.0,0.8523033554344229,0.886178074676474
2020-08-25,0.24727710835606093,0.0,0.0,0.8523033554344229,0.886178074676474
2020-08-25,0.19514204029625176,0.0,0.0,0.8523033554344229,0.886178074676474
2020-08-25,0.3724143802479225,0.0,0.0,0.8523033554344229,0.886178074676474
2020-08-25,0.22771586848009462,0.0,0.0,0.8523033554344229,0.886178074676474
2020-08-25,0.2659362284490303,0.0,0.0,0.8523033554344229,0.886178074676474
2020-08-25,0.2894364304233234,0.0,0.0,0.8523033554344229,0.886178074676474
2020-08-25,0.3322091367302686,0.0,0.0,0.8523033554344229,0.886178074676474
2020-08-25,0.4366335599090715,0.0,0.0,0.8523033554344229,0.886178074676474
2020-08-25,0.3645202331494251,0.0,0.0,0.8523033554344229,0.886178074676474
2020-08-25,0.2622967171364868,0.0,0.0,0.8523033554344229,0.886178074676474
2020-08-26,0.03827044083672047,0.0,0.0,0.8615886896115289,0.8932778261851748
2020-08-26,0.019826167295663766,0.0,0.0,0.8615886896115289,0.8932778261851748
2020-08-26,0.009068519128903298,0.0,0.0,0.8615886896115289,0.8932778261851748
2020-08-26,0.0008471883677353903,0.0,0.0,0.8615886896115289,0.8932778261851748
2020-08-26,0.009023629178277516,0.0,0.0,0.8615886896115289,0.8932778261851748
2020-08-26,0.00531574415114264,0.0,0.0,0.8615886896115289,0.8932778261851748
2020-08-26,0.019911524418387092,0.0,0.0,0.8615886896115289,0.8932778261851748
2020-08-26,0.0074258530793958,0.0,0.0,0.8615886896115289,0.8932778261851748
2020-08-26,0.002655800475940419,0.0,0.0,0.8615886896115289,0.8932778261851748
2020-08-26,0.02259132849237359,0.0,0.0,0.8615886896115289,0.8932778261851748
2020-08-26,0.006620836847715272,0.0,0.0,0.8615886896115289,0.8932778261851748
2020-08-27,0.002472174244808498,0.0,0.0,0.8727552532036992,0.901991157582211
2020-08-27,0.0,0.0,0.0,0.8727552532036992,0.901991157582211
2020-08-27,0.0,0.0,0.0,0.8727552532036992,0.901991157582211
2020-08-27,0.0,0.0,0.0,0.8727552532036992,0.901991157582211
2020-08-27,0.0,0.0,0.0,0.8727552532036992,0.901991157582211
2020-08-27,0.0,0.0,0.0,0.8727552532036992,0.901991157582211
2020-08-27,0.0,0.0,0.0,0.8727552532036992,0.901991157582211
2020-08-27,0.003324030609890198,0.0,0.0,0.8727552532036992,0.901991157582211
2020-08-27,0.0,0.0,0.0,0.8727552532036992,0.901991157582211
2020-08-27,0.0,0.0,0.0,0.8727552532036992,0.901991157582211
2020-08-27,0.0,0.0,0.0,0.8727552532036992,0.901991157582211
2020-08-28,1.72982869826393e-05,0.0,0.0,0.9691553164866459,0.9132862168005911
2020-08-28,0.019879671522497252,0.0,0.0,0.9691553164866459,0.9132862168005911
2020-08-28,0.0,0.0,0.0,0.9691553164866459,0.9132862168005911
2020-08-28,0.0,0.0,0.0,0.9691553164866459,0.9132862168005911
2020-08-28,0.007556392387985604,0.0,0.0,0.9691553164866459,0.9132862168005911
2020-08-28,0.055894898780485855,0.0,0.0,0.9691553164866459,0.9132862168005911
2020-08-28,0.0,0.0,0.0,0.9691553164866459,0.9132862168005911
2020-08-28,0.025933052959249848,0.0,0.0,0.9691553164866459,0.9132862168005911
2020-08-28,0.0,0.0,0.0,0.9691553164866459,0.9132862168005911
2020-08-28,0.018290579553645825,0.0,0.0,0.9691553164866459,0.9132862168005911
2020-08-28,0.0018975697885235685,0.0,0.0,0.9691553164866459,0.9132862168005911
2020-08-29,0.019443315965000728,0.0,0.0,0.9014828345007119,0.9245812760189747
2020-08-29,0.005131375331839161,0.0,0.0,0.9014828345007119,0.9245812760189747
2020-08-29,0.0,0.0,0.0,0.9014828345007119,0.9245812760189747
2020-08-29,0.0030375135589869656,0.0,0.0,0.9014828345007119,0.9245812760189747
2020-08-29,0.005256966765677836,0.0,0.0,0.9014828345007119,0.9245812760189747
2020-08-29,0.010453520036992557,0.0,0.0,0.9014828345007119,0.9245812760189747
2020-08-29,0.010473251654903318,0.0,0.0,0.9014828345007119,0.9245812760189747
2020-08-29,1.9966178281723216e-06,0.0,0.0,0.9014828345007119,0.9245812760189747
2020-08-29,0.0006990755606237861,0.0,0.0,0.9014828345007119,0.9245812760189747
2020-08-29,0.00018181098578760595,0.0,0.0,0.9014828345007119,0.9245812760189747
2020-08-29,0.017131406916022926,0.0,0.0,0.9014828345007119,0.9245812760189747
2020-08-30,0.0,0.0,0.0,0.9107681686778178,0.932003743505339
2020-08-30,0.0,0.0,0.0,0.9107681686778178,0.932003743505339
2020-08-30,0.0,0.0,0.0,0.9107681686778178,0.932003743505339
2020-08-30,0.0,0.0,0.0,0.9107681686778178,0.932003743505339
2020-08-30,0.0,0.0,0.0,0.9107681686778178,0.932003743505339
2020-08-30,0.0,0.0,0.0,0.9107681686778178,0.932003743505339
2020-08-30,0.0,0.0,0.0,0.9107681686778178,0.932003743505339
2020-08-30,0.0,0.0,0.0,0.9107681686778178,0.932003743505339
2020-08-30,0.0,0.0,0.0,0.9107681686778178,0.932003743505339
2020-08-30,0.0,0.0,0.0,0.9107681686778178,0.932003743505339
2020-08-30,0.0,0.0,0.0,0.9107681686778178,0.932003743505339
2020-08-31,0.0,0.0,0.0,0.9199269369615556,0.9391034950140362
2020-08-31,0.0,0.0,0.0,0.9199269369615556,0.9391034950140362
2020-08-31,0.0,0.0,0.0,0.9199269369615556,0.9391034950140362
2020-08-31,0.0,0.0,0.0,0.9199269369615556,0.9391034950140362
2020-08-31,0.0,0.0,0.0,0.9199269369615556,0.9391034950140362
2020-08-31,0.0,0.0,0.0,0.9199269369615556,0.9391034950140362
2020-08-31,0.0,0.0,0.0,0.9199269369615556,0.9391034950140362
2020-08-31,0.0,0.0,0.0,0.9199269369615556,0.9391034950140362
2020-08-31,0.0,0.0,0.0,0.9199269369615556,0.9391034950140362
2020-08-31,0.0,0.0,0.0,0.9199269369615556,0.9391034950140362
2020-08-31,0.0,0.0,0.0,0.9199269369615556,0.9391034950140362
2020-09-01,0.0,0.0,0.0,0.9305901134778293,0.9474941104334054
2020-09-01,0.0,0.0,0.0,0.9305901134778293,0.9474941104334054
2020-09-01,0.0,0.0,0.0,0.9305901134778293,0.9474941104334054
2020-09-01,0.0,0.0,0.0,0.9305901134778293,0.9474941104334054
2020-09-01,0.0,0.0,0.0,0.9305901134778293,0.9474941104334054
2020-09-01,0.0,0.0,0.0,0.9305901134778293,0.9474941104334054
2020-09-01,0.0,0.0,0.0,0.9305901134778293,0.9474941104334054
2020-09-01,0.0,0.0,0.0,0.9305901134778293,0.9474941104334054
2020-09-01,0.0,0.0,0.0,0.9305901134778293,0.9474941104334054
2020-09-01,0.0,0.0,0.0,0.9305901134778293,0.9474941104334054
2020-09-01,0.0,0.0,0.0,0.9305901134778293,0.9474941104334054
2020-09-02,0.0,0.0,0.0,0.9399991370507269,0.9549165779197697
2020-09-02,0.0,0.0,0.0,0.9399991370507269,0.9549165779197697
2020-09-02,0.0,0.0,0.0,0.9399991370507269,0.9549165779197697
2020-09-02,0.0,0.0,0.0,0.9399991370507269,0.9549165779197697
2020-09-02,0.0,0.0,0.0,0.9399991370507269,0.9549165779197697
2020-09-02,0.0,0.0,0.0,0.9399991370507269,0.9549165779197697
2020-09-02,0.0,0.0,0.0,0.9399991370507269,0.9549165779197697
2020-09-02,0.0,0.0,0.0,0.9399991370507269,0.9549165779197697
2020-09-02,0.0,0.0,0.0,0.9399991370507269,0.9549165779197697
2020-09-02,0.0,0.0,0.0,0.9399991370507269,0.9549165779197697
2020-09-02,0.0,0.0,0.0,0.9399991370507269,0.9549165779197697
2020-09-03,0.0,0.0,0.0,0.9479037523910886,0.9610481814954621
2020-09-03,0.008942835883350306,0.0,0.0,0.9479037523910886,0.9610481814954621
2020-09-03,0.0004428273516733375,0.0,0.0,0.9479037523910886,0.9610481814954621
2020-09-03,0.01851490240417302,0.0,0.0,0.9479037523910886,0.9610481814954621
2020-09-03,0.0,0.0,0.0,0.9479037523910886,0.9610481814954621
2020-09-03,0.01348148860628208,0.0,0.0,0.9479037523910886,0.9610481814954621
2020-09-03,0.006992518468668699,0.0,0.0,0.9479037523910886,0.9610481814954621
2020-09-03,0.0,0.0,0.0,0.9479037523910886,0.9610481814954621
2020-09-03,0.0,0.0,0.0,0.9479037523910886,0.9610481814954621
2020-09-03,0.0016324043649568552,0.0,0.0,0.9479037523910886,0.9610481814954621
2020-09-03,0.006238778311727087,0.0,0.0,0.9479037523910886,0.9610481814954621
2020-09-04,0.00011793219921256819,0.0,0.0,0.9601979030332667,0.9707296608255067
2020-09-04,0.0,0.0,0.0,0.9601979030332667,0.9707296608255067
2020-09-04,0.0,0.0,0.0,0.9601979030332667,0.9707296608255067
2020-09-04,0.002945449038231537,0.0,0.0,0.9601979030332667,0.9707296608255067
2020-09-04,0.0,0.0,0.0,0.9601979030332667,0.9707296608255067
2020-09-04,0.002071675343142988,0.0,0.0,0.9601979030332667,0.9707296608255067
2020-09-04,0.0017897397847349242,0.0,0.0,0.9601979030332667,0.9707296608255067
2020-09-04,0.0,0.0,0.0,0.9601979030332667,0.9707296608255067
2020-09-04,0.0004621160402989129,0.0,0.0,0.9601979030332667,0.9707296608255067
2020-09-04,4.492264149921907e-05,0.0,0.0,0.9601979030332667,0.9707296608255067
2020-09-04,0.0,0.0,0.0,0.9601979030332667,0.9707296608255067
2020-09-05,0.0,0.0,0.0,0.9707143781731365,0.9784748442895381
2020-09-05,0.0,0.0,0.0,0.9707143781731365,0.9784748442895381
2020-09-05,0.0,0.0,0.0,0.9707143781731365,0.9784748442895381
2020-09-05,0.0,0.0,0.0,0.9707143781731365,0.9784748442895381
2020-09-05,0.0,0.0,0.0,0.9707143781731365,0.9784748442895381
2020-09-05,0.0,0.0,0.0,0.9707143781731365,0.9784748442895381
2020-09-05,0.0,0.0,0.0,0.9707143781731365,0.9784748442895381
2020-09-05,0.0,0.0,0.0,0.9707143781731365,0.9784748442895381
2020-09-05,0.0,0.0,0.0,0.9707143781731365,0.9784748442895381
2020-09-05,0.0,0.0,0.0,0.9707143781731365,0.9784748442895381
2020-09-05,0.0,0.0,0.0,0.9707143781731365,0.9784748442895381
2020-09-06,0.0,0.0,0.0,0.9808396496425952,0.985897311775906
2020-09-06,0.0,0.0,0.0,0.9808396496425952,0.985897311775906
2020-09-06,0.0,0.0,0.0,0.9808396496425952,0.985897311775906
2020-09-06,0.0,0.0,0.0,0.9808396496425952,0.985897311775906
2020-09-06,0.0,0.0,0.0,0.9808396496425952,0.985897311775906
2020-09-06,0.0,0.0,0.0,0.9808396496425952,0.985897311775906
2020-09-06,0.0,0.0,0.0,0.9808396496425952,0.985897311775906
2020-09-06,0.0,0.0,0.0,0.9808396496425952,0.985897311775906
2020-09-06,0.0,0.0,0.0,0.9808396496425952,0.985897311775906
2020-09-06,0.0,0.0,0.0,0.9808396496425952,0.985897311775906
2020-09-06,0.0,0.0,0.0,0.9808396496425952,0.985897311775906
2020-09-07,0.0,0.0,0.0,0.9911029929957283,0.9929970632845997
2020-09-07,0.0,0.0,0.0,0.9911029929957283,0.9929970632845997
2020-09-07,0.0,0.0,0.0,0.9911029929957283,0.9929970632845997
2020-09-07,0.0,0.0,0.0,0.9911029929957283,0.9929970632845997
2020-09-07,0.0,0.0,0.0,0.9911029929957283,0.9929970632845997
2020-09-07,0.0,0.0,0.0,0.9911029929957283,0.9929970632845997
2020-09-07,0.0,0.0,0.0,0.9911029929957283,0.9929970632845997
2020-09-07,0.0,0.0,0.0,0.9911029929957283,0.9929970632845997
2020-09-07,0.0,0.0,0.0,0.9911029929957283,0.9929970632845997
2020-09-07,0.0,0.0,0.0,0.9911029929957283,0.9929970632845997
2020-09-07,0.0,0.0,0.0,0.9911029929957283,0.9929970632845997
2020-09-08,0.0,0.0,0.0,0.9975377180744723,0.9978378029496238
2020-09-08,0.0,0.0,0.0,0.9975377180744723,0.9978378029496238
2020-09-08,0.01232122552753202,0.0,0.0,0.9975377180744723,0.9978378029496238
2020-09-08,0.0,0.0,0.0,0.9975377180744723,0.9978378029496238
2020-09-08,0.0,0.0,0.0,0.9975377180744723,0.9978378029496238
2020-09-08,0.006069877284283763,0.0,0.0,0.9975377180744723,0.9978378029496238
2020-09-08,0.039935584149927476,0.0,0.0,0.9975377180744723,0.9978378029496238
2020-09-08,0.0,0.0,0.0,0.9975377180744723,0.9978378029496238
2020-09-08,0.0,0.0,0.0,0.9975377180744723,0.9978378029496238
2020-09-08,0.004793508983410728,0.0,0.0,0.9975377180744723,0.9978378029496238
2020-09-08,0.0,0.0,0.0,0.9975377180744723,0.9978378029496238
2020-09-09,0.0,0.0,0.0,0.9999510995411985,0.9999999999999982
2020-09-09,0.0,0.0,0.0,0.9999510995411985,0.9999999999999982
2020-09-09,0.010273988825960128,0.0,0.0,0.9999510995411985,0.9999999999999982
2020-09-09,0.004613106731285445,0.0,0.0,0.9999510995411985,0.9999999999999982
2020-09-09,0.0,0.0,0.0,0.9999510995411985,0.9999999999999982
2020-09-09,0.0036430666723601952,0.0,0.0,0.9999510995411985,0.9999999999999982
2020-09-09,0.0,0.0,0.0,0.9999510995411985,0.9999999999999982
2020-09-09,0.0,0.0,0.0,0.9999510995411985,0.9999999999999982
2020-09-09,0.0,0.0,0.0,0.9999510995411985,0.9999999999999982
2020-09-09,0.03035104435404659,0.0,0.0,0.9999510995411985,0.9999999999999982
2020-09-09,0.0,0.0,0.0,0.9999510995411985,0.9999999999999982
2020-09-10,0.0,0.0,0.0,,
2020-09-10,0.0,0.0,0.0,,
2020-09-10,0.0,0.0,0.0,,
2020-09-10,0.0,0.0,0.0,,
2020-09-10,0.0,0.0,0.0,,
2020-09-10,0.0,0.0,0.0,,
2020-09-10,0.0,0.0,0.0,,
2020-09-10,0.0,0.0,0.0,,
2020-09-10,0.0,0.0,0.0,,
2020-09-10,0.0,0.0,0.0,,
2020-09-10,0.0,0.0,0.0,,
2020-09-11,0.0,0.0,0.0,0.9999999999999999,0.9994513828379628
2020-09-11,0.0,0.0,0.0,0.9999999999999999,0.9994513828379628
2020-09-11,0.0,0.0,0.0,0.9999999999999999,0.9994513828379628
2020-09-11,0.0,0.0,0.0,0.9999999999999999,0.9994513828379628
2020-09-11,0.0,0.0,0.0,0.9999999999999999,0.9994513828379628
2020-09-11,0.0,0.0,0.0,0.9999999999999999,0.9994513828379628
2020-09-11,0.0,0.0,0.0,0.9999999999999999,0.9994513828379628
2020-09-11,0.0,0.0,0.0,0.9999999999999999,0.9994513828379628
2020-09-11,0.0,0.0,0.0,0.9999999999999999,0.9994513828379628
2020-09-11,0.0,0.0,0.0,0.9999999999999999,0.9994513828379628
2020-09-11,0.0,0.0,0.0,0.9999999999999999,0.9994513828379628
2020-09-12,0.0,0.0,0.0,0.9994534654604553,0.9991286668602957
2020-09-12,0.0,0.0,0.0,0.9994534654604553,0.9991286668602957
2020-09-12,0.0,0.0,0.0,0.9994534654604553,0.9991286668602957
2020-09-12,0.0,0.0,0.0,0.9994534654604553,0.9991286668602957
2020-09-12,0.0,0.0,0.0,0.9994534654604553,0.9991286668602957
2020-09-12,0.0,0.0,0.0,0.9994534654604553,0.9991286668602957
2020-09-12,0.0,0.0,0.0,0.9994534654604553,0.9991286668602957
2020-09-12,0.0,0.0,0.0,0.9994534654604553,0.9991286668602957
2020-09-12,0.0,0.0,0.0,0.9994534654604553,0.9991286668602957
2020-09-12,0.0,0.0,0.0,0.9994534654604553,0.9991286668602957
2020-09-12,0.0,0.0,0.0,0.9994534654604553,0.9991286668602957
2020-09-13,0.0,0.0,0.0,0.997399646190798,0.9975150869719567
2020-09-13,0.0,0.0,0.0,0.997399646190798,0.9975150869719567
2020-09-13,0.0,0.0,0.0,0.997399646190798,0.9975150869719567
2020-09-13,0.0,0.0,0.0,0.997399646190798,0.9975150869719567
2020-09-13,0.0,0.0,0.0,0.997399646190798,0.9975150869719567
2020-09-13,0.0,0.0,0.0,0.997399646190798,0.9975150869719567
2020-09-13,0.0,0.0,0.0,0.997399646190798,0.9975150869719567
2020-09-13,0.0,0.0,0.0,0.997399646190798,0.9975150869719567
2020-09-13,0.0,0.0,0.0,0.997399646190798,0.9975150869719567
2020-09-13,0.0,0.0,0.0,0.997399646190798,0.9975150869719567
2020-09-13,0.0,0.0,0.0,0.997399646190798,0.9975150869719567
2020-09-14,0.0,0.0,0.0,,
2020-09-14,0.0,0.0,0.0,,
2020-09-14,0.0,0.0,0.0,,
2020-09-14,0.0,0.0,0.0,,
2020-09-14,0.0,0.0,0.0,,
2020-09-14,0.0,0.0,0.0,,
2020-09-14,0.0,0.0,0.0,,
2020-09-14,0.0,0.0,0.0,,
2020-09-14,0.0,0.0,0.0,,
2020-09-14,0.0,0.0,0.0,,
2020-09-14,0.0,0.0,0.0,,
2020-09-15,0.0,0.0,0.0,,
2020-09-15,0.0,0.0,0.0,,
2020-09-15,0.0,0.0,0.0,,
2020-09-15,0.0,0.0,0.0,,
2020-09-15,0.0,0.0,0.0,,
2020-09-15,0.0,0.0,0.0,,
2020-09-15,0.0,0.0,0.0,,
2020-09-15,0.0,0.0,0.0,,
2020-09-15,0.0,0.0,0.0,,
2020-09-15,0.0,0.0,0.0,,
2020-09-15,0.0,0.0,0.0,,
2020-09-16,0.0005609808291920106,0.0,0.0,0.9809662155359634,0.985897311775906
2020-09-16,0.0,0.0,0.0,0.9809662155359634,0.985897311775906
2020-09-16,0.0,0.0,0.0,0.9809662155359634,0.985897311775906
2020-09-16,0.00024102265452455697,0.0,0.0,0.9809662155359634,0.985897311775906
2020-09-16,0.0,0.0,0.0,0.9809662155359634,0.985897311775906
2020-09-16,0.00024966413585949436,0.0,0.0,0.9809662155359634,0.985897311775906
2020-09-16,0.0006906747664035328,0.0,0.0,0.9809662155359634,0.985897311775906
2020-09-16,0.0,0.0,0.0,0.9809662155359634,0.985897311775906
2020-09-16,0.0,0.0,0.0,0.9809662155359634,0.985897311775906
2020-09-16,0.0,0.0,0.0,0.9809662155359634,0.985897311775906
2020-09-16,0.0014477249599953524,0.0,0.0,0.9809662155359634,0.985897311775906
2020-09-17,0.11458873044237528,0.0,0.0,0.9809662155359634,0.985897311775906
2020-09-17,0.3219338630322364,0.0,0.0,0.9809662155359634,0.985897311775906
2020-09-17,0.2354880180985834,0.0,0.0,0.9809662155359634,0.985897311775906
2020-09-17,0.110767980569735,0.0,0.0,0.9809662155359634,0.985897311775906
2020-09-17,0.01991895353490411,0.0,0.0,0.9809662155359634,0.985897311775906
2020-09-17,0.004326631181244796,0.0,0.0,0.9809662155359634,0.985897311775906
2020-09-17,0.08976146740021186,0.0,0.0,0.9809662155359634,0.985897311775906
2020-09-17,0.03562100306612338,0.0,0.0,0.9809662155359634,0.985897311775906
2020-09-17,0.010641925396552168,0.0,0.0,0.9809662155359634,0.985897311775906
2020-09-17,5.147320383619031e-05,0.0,0.0,0.9809662155359634,0.985897311775906
2020-09-17,0.05717450134613966,0.0,0.0,0.9809662155359634,0.985897311775906
2020-09-18,0.02084524378399879,0.0,0.0,0.9745458729451019,0.9810565721108819
2020-09-18,0.00464004632156939,0.0,0.0,0.9745458729451019,0.9810565721108819
2020-09-18,0.03675866944693865,0.0,0.0,0.9745458729451019,0.9810565721108819
2020-09-18,0.010009908879516537,0.0,0.0,0.9745458729451019,0.9810565721108819
2020-09-18,0.0017698970506497018,0.0,0.0,0.9745458729451019,0.9810565721108819
2020-09-18,0.0,0.0,0.0,0.9745458729451019,0.9810565721108819
2020-09-18,0.0006630334925338522,0.0,0.0,0.9745458729451019,0.9810565721108819
2020-09-18,0.020644285233388078,0.0,0.0,0.9745458729451019,0.9810565721108819
2020-09-18,0.0,0.0,0.0,0.9745458729451019,0.9810565721108819
2020-09-18,0.0,0.0,0.0,0.9745458729451019,0.9810565721108819
2020-09-18,0.0,0.0,0.0,0.9745458729451019,0.9810565721108819
2020-09-19,0.0,0.0,0.0,0.968660558903479,0.9768612644011991
2020-09-19,0.0,0.0,0.0,0.968660558903479,0.9768612644011991
2020-09-19,0.0002423824487716997,0.0,0.0,0.968660558903479,0.9768612644011991
2020-09-19,0.0,0.0,0.0,0.968660558903479,0.9768612644011991
2020-09-19,0.0,0.0,0.0,0.968660558903479,0.9768612644011991
2020-09-19,0.0,0.0,0.0,0.968660558903479,0.9768612644011991
2020-09-19,0.0,0.0,0.0,0.968660558903479,0.9768612644011991
2020-09-19,0.0,0.0,0.0,0.968660558903479,0.9768612644011991
2020-09-19,0.0,0.0,0.0,0.968660558903479,0.9768612644011991
2020-09-19,0.0,0.0,0.0,0.968660558903479,0.9768612644011991
2020-09-19,0.0,0.0,0.0,0.968660558903479,0.9768612644011991
2020-09-20,0.022919216656037522,0.0,0.0,0.9638711904385221,0.9736341046245176
2020-09-20,0.0003320592239574047,0.0,0.0,0.9638711904385221,0.9736341046245176
2020-09-20,0.004704225527283671,0.0,0.0,0.9638711904385221,0.9736341046245176
2020-09-20,0.001913017918157521,0.0,0.0,0.9638711904385221,0.9736341046245176
2020-09-20,0.0,0.0,0.0,0.9638711904385221,0.9736341046245176
2020-09-20,0.014313855516352687,0.0,0.0,0.9638711904385221,0.9736341046245176
2020-09-20,0.1077486548830308,0.0,0.0,0.9638711904385221,0.9736341046245176
2020-09-20,0.0,0.0,0.0,0.9638711904385221,0.9736341046245176
2020-09-20,0.06838372709188273,0.0,0.0,0.9638711904385221,0.9736341046245176
2020-09-20,0.02273114254312571,0.0,0.0,0.9638711904385221,0.9736341046245176
2020-09-20,0.05254081932495394,0.0,0.0,0.9638711904385221,0.9736341046245176
2020-09-21,0.06012677202903075,0.0,0.0,0.9585669289073625,0.9694387969148348
2020-09-21,0.0006367081865693615,0.0,0.0,0.9585669289073625,0.9694387969148348
2020-09-21,0.0018877162703229296,0.0,0.0,0.9585669289073625,0.9694387969148348
2020-09-21,0.0,0.0,0.0,0.9585669289073625,0.9694387969148348
2020-09-21,0.0,0.0,0.0,0.9585669289073625,0.9694387969148348
2020-09-21,0.003504486825062375,0.0,0.0,0.9585669289073625,0.9694387969148348
2020-09-21,0.0,0.0,0.0,0.9585669289073625,0.9694387969148348
2020-09-21,0.037860164516675975,0.0,0.0,0.9585669289073625,0.9694387969148348
2020-09-21,0.0,0.0,0.0,0.9585669289073625,0.9694387969148348
2020-09-21,0.0,0.0,0.0,0.9585669289073625,0.9694387969148348
2020-09-21,0.005267072315158543,0.0,0.0,0.9585669289073625,0.9694387969148348
2020-09-22,0.01579030409688785,0.0,0.0,0.9535474406362813,0.9655662051828191
2020-09-22,0.004475061595173288,0.0,0.0,0.9535474406362813,0.9655662051828191
2020-09-22,0.055742100818164136,0.0,0.0,0.9535474406362813,0.9655662051828191
2020-09-22,7.274576487416607e-07,0.0,0.0,0.9535474406362813,0.9655662051828191
2020-09-22,0.08632808991808004,0.0,0.0,0.9535474406362813,0.9655662051828191
2020-09-22,0.0012524318584971944,0.0,0.0,0.9535474406362813,0.9655662051828191
2020-09-22,0.0014364890188444804,0.0,0.0,0.9535474406362813,0.9655662051828191
2020-09-22,0.015393184996253612,0.0,0.0,0.9535474406362813,0.9655662051828191
2020-09-22,0.0028940508311049947,0.0,0.0,0.9535474406362813,0.9655662051828191
2020-09-22,0.00238855058807168,0.0,0.0,0.9535474406362813,0.9655662051828191
2020-09-22,0.0003611895797829891,0.0,0.0,0.9535474406362813,0.9655662051828191
2020-09-23,0.0,0.0,0.0,0.9475269312085605,0.960725465517795
2020-09-23,0.0,0.0,0.0,0.9475269312085605,0.960725465517795
2020-09-23,0.0,0.0,0.0,0.9475269312085605,0.960725465517795
2020-09-23,0.0,0.0,0.0,0.9475269312085605,0.960725465517795
2020-09-23,0.0,0.0,0.0,0.9475269312085605,0.960725465517795
2020-09-23,0.0,0.0,0.0,0.9475269312085605,0.960725465517795
2020-09-23,0.0,0.0,0.0,0.9475269312085605,0.960725465517795
2020-09-23,0.0,0.0,0.0,0.9475269312085605,0.960725465517795
2020-09-23,0.0,0.0,0.0,0.9475269312085605,0.960725465517795
2020-09-23,0.0,0.0,0.0,0.9475269312085605,0.960725465517795
2020-09-23,0.0,0.0,0.0,0.9475269312085605,0.960725465517795
2020-09-24,0.0,0.0,0.0,0.9421334982525275,0.9565301578081122
2020-09-24,0.0,0.0,0.0,0.9421334982525275,0.9565301578081122
2020-09-24,0.0,0.0,0.0,0.9421334982525275,0.9565301578081122
2020-09-24,0.0,0.0,0.0,0.9421334982525275,0.9565301578081122
2020-09-24,0.0,0.0,0.0,0.9421334982525275,0.9565301578081122
2020-09-24,0.0,0.0,0.0,0.9421334982525275,0.9565301578081122
2020-09-24,0.0,0.0,0.0,0.9421334982525275,0.9565301578081122
2020-09-24,0.0,0.0,0.0,0.9421334982525275,0.9565301578081122
2020-09-24,0.0,0.0,0.0,0.9421334982525275,0.9565301578081122
2020-09-24,0.0,0.0,0.0,0.9421334982525275,0.9565301578081122
2020-09-24,0.0,0.0,0.0,0.9421334982525275,0.9565301578081122
2020-09-25,0.026675110042004235,0.0,0.0,,
2020-09-25,0.0,0.0,0.0,,
2020-09-25,0.019688882442236058,0.0,0.0,,
2020-09-25,0.0076408448246998205,0.0,0.0,,
2020-09-25,0.018566349565621663,0.0,0.0,,
2020-09-25,0.004574130862274742,0.0,0.0,,
2020-09-25,0.061794546309098405,0.0,0.0,,
2020-09-25,0.0148793557507221,0.0,0.0,,
2020-09-25,0.006530339625519906,0.0,0.0,,
2020-09-25,0.01808236754965197,0.0,0.0,,
2020-09-25,0.05264102625830205,0.0,0.0,,
2020-09-26,0.1581211362005626,0.0,0.0,,
2020-09-26,0.2108074205358559,0.0,0.0,,
2020-09-26,0.14979905632649448,0.0,0.0,,
2020-09-26,0.17658536427759725,0.0,0.0,,
2020-09-26,0.1413139676381479,0.0,0.0,,
2020-09-26,0.03819620023581965,0.0,0.0,,
2020-09-26,0.2716183516958645,0.0,0.0,,
2020-09-26,0.1420360140752811,0.0,0.0,,
2020-09-26,0.043591025711680234,0.0,0.0,,
2020-09-26,0.11405972437313618,0.0,0.0,,
2020-09-26,0.14852918575783736,0.0,0.0,,
2020-09-27,0.0,0.0,0.0,,
2020-09-27,0.0009155180621948807,0.0,0.0,,
2020-09-27,0.00014083651632849903,0.0,0.0,,
2020-09-27,0.0615827742943291,0.0,0.0,,
2020-09-27,5.06468685935121e-05,0.0,0.0,,
2020-09-27,0.005866457541713261,0.0,0.0,,
2020-09-27,0.000224475735888786,0.0,0.0,,
2020-09-27,0.02751955745963037,0.0,0.0,,
2020-09-27,0.0,0.0,0.0,,
2020-09-27,0.0038222620752275996,0.0,0.0,,
2020-09-27,0.00014805240427568826,0.0,0.0,,
2020-09-28,0.0,0.0,0.0,,
2020-09-28,0.0,0.0,0.0,,
2020-09-28,0.0,0.0,0.0,,
2020-09-28,0.0,0.0,0.0,,
2020-09-28,0.00016122605111071943,0.0,0.0,,
2020-09-28,0.0,0.0,0.0,,
2020-09-28,0.0,0.0,0.0,,
2020-09-28,0.00011911232036462316,0.0,0.0,,
2020-09-28,0.00566114475458802,0.0,0.0,,
2020-09-28,0.0010656748016956636,0.0,0.0,,
2020-09-28,0.00043912875127165226,0.0,0.0,,
2020-09-29,0.0,0.0,0.0,,
2020-09-29,0.0,0.0,0.0,,
2020-09-29,0.0,0.0,0.0,,
2020-09-29,0.0,0.0,0.0,,
2020-09-29,0.0,0.0,0.0,,
2020-09-29,0.0,0.0,0.0,,
2020-09-29,0.0,0.0,0.0,,
2020-09-29,0.0,0.0,0.0,,
2020-09-29,0.0,0.0,0.0,,
2020-09-29,0.0,0.0,0.0,,
2020-09-29,0.0,0.0,0.0,,
2020-09-30,0.07807131859791204,0.0,0.0,0.9035884307267471,0.9155452286442678
2020-09-30,0.005090382586497321,0.0,0.0,0.9035884307267471,0.9155452286442678
2020-09-30,0.06713893428404329,0.0,0.0,0.9035884307267471,0.9155452286442678
2020-09-30,0.028320790464329868,0.0,0.0,0.9035884307267471,0.9155452286442678
2020-09-30,0.016361324095050117,0.0,0.0,0.9035884307267471,0.9155452286442678
2020-09-30,0.002748536285073678,0.0,0.0,0.9035884307267471,0.9155452286442678
2020-09-30,0.002160823817118213,0.0,0.0,0.9035884307267471,0.9155452286442678
2020-09-30,0.009832956490941978,0.0,0.0,0.9035884307267471,0.9155452286442678
2020-09-30,0.05670079116633246,0.0,0.0,0.9035884307267471,0.9155452286442678
2020-09-30,0.05995622011993236,0.0,0.0,0.9035884307267471,0.9155452286442678
2020-09-30,0.08872836017682517,0.0,0.0,0.9035884307267471,0.9155452286442678
2020-10-01,0.09209570978658593,0.0,0.0,0.8891484128924622,0.9155452286442678
2020-10-01,0.09291054396855829,0.0,0.0,0.8891484128924622,0.9155452286442678
2020-10-01,0.04138058770278442,0.0,0.0,0.8891484128924622,0.9155452286442678
2020-10-01,0.1345831648785644,0.0,0.0,0.8891484128924622,0.9155452286442678
2020-10-01,0.009532411596929368,0.0,0.0,0.8891484128924622,0.9155452286442678
2020-10-01,0.10242529921430986,0.0,0.0,0.8891484128924622,0.9155452286442678
2020-10-01,0.038688089135061325,0.0,0.0,0.8891484128924622,0.9155452286442678
2020-10-01,0.055247143284919045,0.0,0.0,0.8891484128924622,0.9155452286442678
2020-10-01,0.07281115085460363,0.0,0.0,0.8891484128924622,0.9155452286442678
2020-10-01,0.07675517209292526,0.0,0.0,0.8891484128924622,0.9155452286442678
2020-10-01,0.030272788425435425,0.0,0.0,0.8891484128924622,0.9155452286442678
2020-10-02,0.33651564784910654,0.0,0.0,0.8819140214874369,0.9094136250685754
2020-10-02,0.22659430587993307,0.0,0.0,0.8819140214874369,0.9094136250685754
2020-10-02,0.10623569483043233,0.0,0.0,0.8819140214874369,0.9094136250685754
2020-10-02,0.11293919221375269,0.0,0.0,0.8819140214874369,0.9094136250685754
2020-10-02,0.5296037222071179,0.0,0.0,0.8819140214874369,0.9094136250685754
2020-10-02,0.1988612289419499,0.0,0.0,0.8819140214874369,0.9094136250685754
2020-10-02,0.17636182220676816,0.0,0.0,0.8819140214874369,0.9094136250685754
2020-10-02,0.05166705743614526,0.0,0.0,0.8819140214874369,0.9094136250685754
2020-10-02,0.1856486516443834,0.0,0.0,0.8819140214874369,0.9094136250685754
2020-10-02,0.04399706150518857,0.0,0.0,0.8819140214874369,0.9094136250685754
2020-10-02,0.1150385571142761,0.0,0.0,0.8819140214874369,0.9094136250685754
2020-10-03,0.10058636187127735,0.0,0.0,0.8742625379338117,0.903282021492883
2020-10-03,0.1868552297454048,0.0,0.0,0.8742625379338117,0.903282021492883
2020-10-03,0.11355933004800957,0.0,0.0,0.8742625379338117,0.903282021492883
2020-10-03,0.19309139517236404,0.0,0.0,0.8742625379338117,0.903282021492883
2020-10-03,0.15901162008977107,0.0,0.0,0.8742625379338117,0.903282021492883
2020-10-03,0.09980043140033364,0.0,0.0,0.8742625379338117,0.903282021492883
2020-10-03,0.0634292454600779,0.0,0.0,0.8742625379338117,0.903282021492883
2020-10-03,0.09140034129349384,0.0,0.0,0.8742625379338117,0.903282021492883
2020-10-03,0.09303040161996756,0.0,0.0,0.8742625379338117,0.903282021492883
2020-10-03,0.12652498061197912,0.0,0.0,0.8742625379338117,0.903282021492883
2020-10-03,0.11283132343706766,0.0,0.0,0.8742625379338117,0.903282021492883
2020-10-04,0.0,0.0,0.0,0.8664816119892417,0.8971504179171905
2020-10-04,0.0,0.0,0.0,0.8664816119892417,0.8971504179171905
2020-10-04,1.8757227148261152e-06,0.0,0.0,0.8664816119892417,0.8971504179171905
2020-10-04,0.0,0.0,0.0,0.8664816119892417,0.8971504179171905
2020-10-04,0.0,0.0,0.0,0.8664816119892417,0.8971504179171905
2020-10-04,2.905178145536883e-05,0.0,0.0,0.8664816119892417,0.8971504179171905
2020-10-04,8.173642588049948e-05,0.0,0.0,0.8664816119892417,0.8971504179171905
2020-10-04,0.0,0.0,0.0,0.8664816119892417,0.8971504179171905
2020-10-04,0.0012303536082993991,0.0,0.0,0.8664816119892417,0.8971504179171905
2020-10-04,0.00018623355561897946,0.0,0.0,0.8664816119892417,0.8971504179171905
2020-10-04,0.0,0.0,0.0,0.8664816119892417,0.8971504179171905
2020-10-05,0.0,0.0,0.0,0.8580764860705604,0.8906960983638275
2020-10-05,0.0,0.0,0.0,0.8580764860705604,0.8906960983638275
2020-10-05,0.0,0.0,0.0,0.8580764860705604,0.8906960983638275
2020-10-05,0.0,0.0,0.0,0.8580764860705604,0.8906960983638275
2020-10-05,0.0,0.0,0.0,0.8580764860705604,0.8906960983638275
2020-10-05,0.0,0.0,0.0,0.8580764860705604,0.8906960983638275
2020-10-05,0.0,0.0,0.0,0.8580764860705604,0.8906960983638275
2020-10-05,0.0,0.0,0.0,0.8580764860705604,0.8906960983638275
2020-10-05,0.0,0.0,0.0,0.8580764860705604,0.8906960983638275
2020-10-05,0.0,0.0,0.0,0.8580764860705604,0.8906960983638275
2020-10-05,0.0,0.0,0.0,0.8580764860705604,0.8906960983638275
2020-10-06,0.0,0.0,0.0,,
2020-10-06,0.0,0.0,0.0,,
2020-10-06,6.559044373900219e-07,0.0,0.0,,
2020-10-06,9.719311208597599e-08,0.0,0.0,,
2020-10-06,0.0,0.0,0.0,,
2020-10-06,0.0,0.0,0.0,,
2020-10-06,0.0006852787598524774,0.0,0.0,,
2020-10-06,0.003545276090959433,0.0,0.0,,
2020-10-06,0.0003061443800084488,0.0,0.0,,
2020-10-06,0.0,0.0,0.0,,
2020-10-06,0.00539465899538884,0.0,0.0,,
2020-10-07,0.36338623653903007,0.0,0.0,0.8580764860705604,0.8906960983638275
2020-10-07,0.42285271863434715,0.0,0.0,0.8580764860705604,0.8906960983638275
2020-10-07,0.36097274835990045,0.0,0.0,0.8580764860705604,0.8906960983638275
2020-10-07,0.1855671273439607,0.0,0.0,0.8580764860705604,0.8906960983638275
2020-10-07,0.26425244215530247,0.0,0.0,0.8580764860705604,0.8906960983638275
2020-10-07,0.39336028015546054,0.0,0.0,0.8580764860705604,0.8906960983638275
2020-10-07,0.34293463128386165,0.0,0.0,0.8580764860705604,0.8906960983638275
2020-10-07,0.5151624467295174,0.0,0.0,0.8580764860705604,0.8906960983638275
2020-10-07,0.3412849951018741,0.0,0.0,0.8580764860705604,0.8906960983638275
2020-10-07,0.2836459802356477,0.0,0.0,0.8580764860705604,0.8906960983638275
2020-10-07,0.3705871753806069,0.0,0.0,0.8580764860705604,0.8906960983638275
2020-10-08,0.6848383086935115,0.0,0.0,,
2020-10-08,0.4687178247475762,0.0,0.0,,
2020-10-08,0.32962611409889214,0.0,0.0,,
2020-10-08,0.7044232808317836,0.0,0.0,,
2020-10-08,0.4680218856921582,0.0,0.0,,
2020-10-08,0.4174192569585329,0.0,0.0,,
2020-10-08,0.2787430115346183,0.0,0.0,,
2020-10-08,0.7269462592817533,0.0,0.0,,
2020-10-08,0.26676796491568117,0.0,0.0,,
2020-10-08,0.3722931412319542,0.0,0.0,,
2020-10-08,0.11166238439727894,0.0,0.0,,
2020-10-09,0.23438654227367856,0.0,0.0,,
2020-10-09,0.12122980777058937,0.0,0.0,,
2020-10-09,0.09676433896265871,0.0,0.0,,
2020-10-09,0.2785342361087127,0.0,0.0,,
2020-10-09,0.28849326622760324,0.0,0.0,,
2020-10-09,0.3344643278889943,0.0,0.0,,
2020-10-09,0.3312323068976767,0.0,0.0,,
2020-10-09,0.21743940729689232,0.0,0.0,,
2020-10-09,0.29685839310989726,0.0,0.0,,
2020-10-09,0.26232747204834844,0.0,0.0,,
2020-10-09,0.4306851083051961,0.0,0.0,,
2020-10-10,0.09503258837495171,0.0,0.0,,
2020-10-10,0.07004147849624263,0.0,0.0,,
2020-10-10,0.0872808596852166,0.0,0.0,,
2020-10-10,0.01574930503101234,0.0,0.0,,
2020-10-10,0.05817769202279104,0.0,0.0,,
2020-10-10,0.07362427558563604,0.0,0.0,,
2020-10-10,0.0922862498467647,0.0,0.0,,
2020-10-10,0.12291788081720925,0.0,0.0,,
2020-10-10,0.1842523515450858,0.0,0.0,,
2020-10-10,0.13963499838114288,0.0,0.0,,
2020-10-10,0.012673357961449794,0.0,0.0,,
2020-10-11,0.0,0.0,0.0,,
2020-10-11,0.0,0.0,0.0,,
2020-10-11,0.0,0.0,0.0,,
2020-10-11,0.0,0.0,0.0,,
2020-10-11,0.0,0.0,0.0,,
2020-10-11,0.0,0.0,0.0,,
2020-10-11,0.0,0.0,0.0,,
2020-10-11,0.0,0.0,0.0,,
2020-10-11,0.0,0.0,0.0,,
2020-10-11,0.0,0.0,0.0,,
2020-10-11,0.0,0.0,0.0,,
2020-10-12,0.0,0.0,0.0,,
2020-10-12,0.0,0.0,0.0,,
2020-10-12,0.0,0.0,0.0,,
2020-10-12,0.0,0.0,0.0,,
2020-10-12,0.0,0.0,0.0,,
2020-10-12,0.0,0.0,0.0,,
2020-10-12,0.0,0.0,0.0,,
2020-10-12,0.0,0.0,0.0,,
2020-10-12,0.0,0.0,0.0,,
2020-10-12,0.0,0.0,0.0,,
2020-10-12,0.0,0.0,0.0,,
2020-10-13,0.0,0.0,0.0,,
2020-10-13,0.0,0.0,0.0,,
2020-10-13,0.0,0.0,0.0,,
2020-10-13,0.0,0.0,0.0,,
2020-10-13,0.0,0.0,0.0,,
2020-10-13,0.0,0.0,0.0,,
2020-10-13,0.0,0.0,0.0,,
2020-10-13,0.0,0.0,0.0,,
2020-10-13,0.0,0.0,0.0,,
2020-10-13,0.0,0.0,0.0,,
2020-10-13,0.0,0.0,0.0,,
2020-10-14,0.0004580751174085862,0.0,0.0,0.780186684692718,0.8293800626068961
2020-10-14,1.9001581365027e-05,0.0,0.0,0.780186684692718,0.8293800626068961
2020-10-14,0.004182234087677926,0.0,0.0,0.780186684692718,0.8293800626068961
2020-10-14,0.0,0.0,0.0,0.780186684692718,0.8293800626068961
2020-10-14,0.0004239981091992347,0.0,0.0,0.780186684692718,0.8293800626068961
2020-10-14,0.001403543952624874,0.0,0.0,0.780186684692718,0.8293800626068961
2020-10-14,0.02583038867992706,0.0,0.0,0.780186684692718,0.8293800626068961
2020-10-14,0.0,0.0,0.0,0.780186684692718,0.8293800626068961
2020-10-14,0.0017483447612760981,0.0,0.0,0.780186684692718,0.8293800626068961
2020-10-14,0.02343622202936558,0.0,0.0,0.780186684692718,0.8293800626068961
2020-10-14,0.00353132373648803,0.0,0.0,0.780186684692718,0.8293800626068961
2020-10-15,0.00026105053254415193,0.0,0.0,0.780186684692718,0.8293800626068961
2020-10-15,0.023380501456717395,0.0,0.0,0.780186684692718,0.8293800626068961
2020-10-15,0.0006575483575139068,0.0,0.0,0.780186684692718,0.8293800626068961
2020-10-15,0.0021226698112744784,0.0,0.0,0.780186684692718,0.8293800626068961
2020-10-15,0.0016279894423749449,0.0,0.0,0.780186684692718,0.8293800626068961
2020-10-15,0.0,0.0,0.0,0.780186684692718,0.8293800626068961
2020-10-15,0.00395079445040126,0.0,0.0,0.780186684692718,0.8293800626068961
2020-10-15,0.0,0.0,0.0,0.780186684692718,0.8293800626068961
2020-10-15,0.0057350150378062525,0.0,0.0,0.780186684692718,0.8293800626068961
2020-10-15,0.022626761255055024,0.0,0.0,0.780186684692718,0.8293800626068961
2020-10-15,0.014753648519936387,0.0,0.0,0.780186684692718,0.8293800626068961
2020-10-16,0.0,0.0,0.0,0.7716348573976327,0.8229257430535366
2020-10-16,0.0,0.0,0.0,0.7716348573976327,0.8229257430535366
2020-10-16,0.0,0.0,0.0,0.7716348573976327,0.8229257430535366
2020-10-16,0.0,0.0,0.0,0.7716348573976327,0.8229257430535366
2020-10-16,0.0,0.0,0.0,0.7716348573976327,0.8229257430535366
2020-10-16,0.0,0.0,0.0,0.7716348573976327,0.8229257430535366
2020-10-16,0.0,0.0,0.0,0.7716348573976327,0.8229257430535366
2020-10-16,0.0,0.0,0.0,0.7716348573976327,0.8229257430535366
2020-10-16,0.0,0.0,0.0,0.7716348573976327,0.8229257430535366
2020-10-16,0.0,0.0,0.0,0.7716348573976327,0.8229257430535366
2020-10-16,0.0,0.0,0.0,0.7716348573976327,0.8229257430535366
2020-10-17,0.03058549184981777,0.0,0.0,0.7649843950006473,0.817762287410849
2020-10-17,0.0447940672952306,0.0,0.0,0.7649843950006473,0.817762287410849
2020-10-17,0.04784455713344462,0.0,0.0,0.7649843950006473,0.817762287410849
2020-10-17,0.052529677282486045,0.0,0.0,0.7649843950006473,0.817762287410849
2020-10-17,0.038574808818815594,0.0,0.0,0.7649843950006473,0.817762287410849
2020-10-17,0.06703526417526576,0.0,0.0,0.7649843950006473,0.817762287410849
2020-10-17,0.050120640145403086,0.0,0.0,0.7649843950006473,0.817762287410849
2020-10-17,0.08105465142426603,0.0,0.0,0.7649843950006473,0.817762287410849
2020-10-17,0.02307394123329564,0.0,0.0,0.7649843950006473,0.817762287410849
2020-10-17,0.0883567598283943,0.0,0.0,0.7649843950006473,0.817762287410849
2020-10-17,0.014194019494882918,0.0,0.0,0.7649843950006473,0.817762287410849
2020-10-18,0.0033814381836582696,0.0,0.0,,
2020-10-18,0.0005379698381634897,0.0,0.0,,
2020-10-18,0.0007925712201408423,0.0,0.0,,
2020-10-18,0.008196590090510315,0.0,0.0,,
2020-10-18,8.414920016727674e-05,0.0,0.0,,
2020-10-18,0.0012112849010779728,0.0,0.0,,
2020-10-18,0.0010909662233837994,0.0,0.0,,
2020-10-18,0.0,0.0,0.0,,
2020-10-18,0.0,0.0,0.0,,
2020-10-18,0.0,0.0,0.0,,
2020-10-18,1.9001581365027e-05,0.0,0.0,,
2020-10-19,0.0,0.0,0.0,,
2020-10-19,0.026554416365854903,0.0,0.0,,
2020-10-19,0.0,0.0,0.0,,
2020-10-19,0.0011548410894391316,0.0,0.0,,
2020-10-19,0.006452041167468743,0.0,0.0,,
2020-10-19,0.0,0.0,0.0,,
2020-10-19,0.0,0.0,0.0,,
2020-10-19,0.0,0.0,0.0,,
2020-10-19,0.0,0.0,0.0,,
2020-10-19,0.0,0.0,0.0,,
2020-10-19,0.0,0.0,0.0,,
2020-10-20,0.026032734856002746,0.0,0.0,,
2020-10-20,0.1323903206565072,0.0,0.0,,
2020-10-20,0.17319758491418671,0.0,0.0,,
2020-10-20,0.11818287093689885,0.0,0.0,,
2020-10-20,0.17294547268954927,0.0,0.0,,
2020-10-20,0.28586473620101466,0.0,0.0,,
2020-10-20,0.21650493607100543,0.0,0.0,,
2020-10-20,0.2525709145609277,0.0,0.0,,
2020-10-20,0.16215851198950573,0.0,0.0,,
2020-10-20,0.15426221441886884,0.0,0.0,,
2020-10-20,0.13028247637248638,0.0,0.0,,
2020-10-21,0.0011383420667342094,0.0,0.0,0.7404910181363172,0.7983993287507669
2020-10-21,0.0,0.0,0.0,0.7404910181363172,0.7983993287507669
2020-10-21,1.5752439479063272e-06,0.0,0.0,0.7404910181363172,0.7983993287507669
2020-10-21,0.0013073634973625522,0.0,0.0,0.7404910181363172,0.7983993287507669
2020-10-21,0.0,0.0,0.0,0.7404910181363172,0.7983993287507669
2020-10-21,0.0,0.0,0.0,0.7404910181363172,0.7983993287507669
2020-10-21,0.005182561189904098,0.0,0.0,0.7404910181363172,0.7983993287507669
2020-10-21,0.0006646433503477499,0.0,0.0,0.7404910181363172,0.7983993287507669
2020-10-21,0.0,0.0,0.0,0.7404910181363172,0.7983993287507669
2020-10-21,0.0015999981391394834,0.0,0.0,0.7404910181363172,0.7983993287507669
2020-10-21,0.0,0.0,0.0,0.7404910181363172,0.7983993287507669
2020-10-22,0.046262389324134935,0.0,0.0,0.7404910181363172,0.7983993287507669
2020-10-22,0.04811035896319863,0.0,0.0,0.7404910181363172,0.7983993287507669
2020-10-22,0.04222067495094224,0.0,0.0,0.7404910181363172,0.7983993287507669
2020-10-22,0.07306672050059976,0.0,0.0,0.7404910181363172,0.7983993287507669
2020-10-22,0.0932080929296116,0.0,0.0,0.7404910181363172,0.7983993287507669
2020-10-22,0.0866004086950686,0.0,0.0,0.7404910181363172,0.7983993287507669
2020-10-22,0.0934772538099656,0.0,0.0,0.7404910181363172,0.7983993287507669
2020-10-22,0.015340561589451865,0.0,0.0,0.7404910181363172,0.7983993287507669
2020-10-22,0.027517352443074135,0.0,0.0,0.7404910181363172,0.7983993287507669
2020-10-22,0.04718544411589532,0.0,0.0,0.7404910181363172,0.7983993287507669
2020-10-22,0.03737832879890844,0.0,0.0,0.7404910181363172,0.7983993287507669
2020-10-23,0.28160804400558037,0.0,0.0,,
2020-10-23,0.39268661516752873,0.0,0.0,,
2020-10-23,0.7232556272245672,0.0,0.0,,
2020-10-23,0.15933753542704962,0.0,0.0,,
2020-10-23,0.16417652929622467,0.0,0.0,,
2020-10-23,0.3541070032201458,0.0,0.0,,
2020-10-23,0.4154344749259332,0.0,0.0,,
2020-10-23,0.10995004197715355,0.0,0.0,,
2020-10-23,0.29332744888866086,0.0,0.0,,
2020-10-23,0.2514694624380241,0.0,0.0,,
2020-10-23,0.6420509043134702,0.0,0.0,,
2020-10-24,0.0,0.0,0.0,,
2020-10-24,0.007986213244107011,0.0,0.0,,
2020-10-24,0.006615713309830276,0.0,0.0,,
2020-10-24,0.04063602288866903,0.0,0.0,,
2020-10-24,0.0009259905454875495,0.0,0.0,,
2020-10-24,0.03366042645634661,0.0,0.0,,
2020-10-24,0.01869534597827786,0.0,0.0,,
2020-10-24,0.0004263147487651772,0.0,0.0,,
2020-10-24,0.008557885211280047,0.0,0.0,,
2020-10-24,0.003682625431718872,0.0,0.0,,
2020-10-24,0.02656903969565884,0.0,0.0,,
2020-10-25,0.002530737581822927,0.0,0.0,,
2020-10-25,0.007252084450960332,0.0,0.0,,
2020-10-25,0.0,0.0,0.0,,
2020-10-25,0.0,0.0,0.0,,
2020-10-25,0.0,0.0,0.0,,
2020-10-25,0.01936564756278935,0.0,0.0,,
2020-10-25,0.005253905570227023,0.0,0.0,,
2020-10-25,0.0,0.0,0.0,,
2020-10-25,0.0,0.0,0.0,,
2020-10-25,0.0,0.0,0.0,,
2020-10-25,0.0,0.0,0.0,,
2020-10-26,0.0,0.0,0.0,,
2020-10-26,0.0,0.0,0.0,,
2020-10-26,0.0,0.0,0.0,,
2020-10-26,0.0,0.0,0.0,,
2020-10-26,0.0,0.0,0.0,,
2020-10-26,0.0,0.0,0.0,,
2020-10-26,0.0,0.0,0.0,,
2020-10-26,0.0,0.0,0.0,,
2020-10-26,0.0,0.0,0.0,,
2020-10-26,0.0,0.0,0.0,,
2020-10-26,0.0,0.0,0.0,,
2020-10-27,0.09874488568614383,0.0,0.0,,
2020-10-27,0.19421853057513636,0.0,0.0,,
2020-10-27,0.12612307634561498,0.0,0.0,,
2020-10-27,0.15044602928334672,0.0,0.0,,
2020-10-27,0.09766063164591314,0.0,0.0,,
2020-10-27,0.06714125614103089,0.0,0.0,,
2020-10-27,0.012939529333726598,0.0,0.0,,
2020-10-27,0.11703492225526393,0.0,0.0,,
2020-10-27,0.25873318340886353,0.0,0.0,,
2020-10-27,0.12876030321783577,0.0,0.0,,
2020-10-27,0.1708940219957571,0.0,0.0,,
2020-10-28,0.012641555793805421,0.0,0.0,0.7117260423708093,0.7758092103140033
2020-10-28,0.0032346027504384822,0.0,0.0,0.7117260423708093,0.7758092103140033
2020-10-28,0.02701844900364063,0.0,0.0,0.7117260423708093,0.7758092103140033
2020-10-28,0.055167525773230454,0.0,0.0,0.7117260423708093,0.7758092103140033
2020-10-28,0.0028635837569429283,0.0,0.0,0.7117260423708093,0.7758092103140033
2020-10-28,0.018504644699769764,0.0,0.0,0.7117260423708093,0.7758092103140033
2020-10-28,0.04651687118243549,0.0,0.0,0.7117260423708093,0.7758092103140033
2020-10-28,0.0,0.0,0.0,0.7117260423708093,0.7758092103140033
2020-10-28,0.03166875778492045,0.0,0.0,0.7117260423708093,0.7758092103140033
2020-10-28,0.0,0.0,0.0,0.7117260423708093,0.7758092103140033
2020-10-28,0.0002546963390515838,0.0,0.0,0.7117260423708093,0.7758092103140033
2020-10-29,0.0,0.0,0.0,0.7116483769362424,0.7758092103140033
2020-10-29,0.0,0.0,0.0,0.7116483769362424,0.7758092103140033
2020-10-29,0.0,0.0,0.0,0.7116483769362424,0.7758092103140033
2020-10-29,0.0,0.0,0.0,0.7116483769362424,0.7758092103140033
2020-10-29,0.0,0.0,0.0,0.7116483769362424,0.7758092103140033
2020-10-29,0.0,0.0,0.0,0.7116483769362424,0.7758092103140033
2020-10-29,0.0,0.0,0.0,0.7116483769362424,0.7758092103140033
2020-10-29,0.0,0.0,0.0,0.7116483769362424,0.7758092103140033
2020-10-29,0.0,0.0,0.0,0.7116483769362424,0.7758092103140033
2020-10-29,0.0,0.0,0.0,0.7116483769362424,0.7758092103140033
2020-10-29,0.0,0.0,0.0,0.7116483769362424,0.7758092103140033
2020-10-30,4.571176907199442e-06,0.0,0.0,0.7085618950366034,0.7732274824926559
2020-10-30,0.0,0.0,0.0,0.7085618950366034,0.7732274824926559
2020-10-30,0.0,0.0,0.0,0.7085618950366034,0.7732274824926559
2020-10-30,5.8983324551225095e-05,0.0,0.0,0.7085618950366034,0.7732274824926559
2020-10-30,0.0,0.0,0.0,0.7085618950366034,0.7732274824926559
2020-10-30,0.0,0.0,0.0,0.7085618950366034,0.7732274824926559
2020-10-30,0.0,0.0,0.0,0.7085618950366034,0.7732274824926559
2020-10-30,0.0,0.0,0.0,0.7085618950366034,0.7732274824926559
2020-10-30,0.002099395057220613,0.0,0.0,0.7085618950366034,0.7732274824926559
2020-10-30,0.0,0.0,0.0,0.7085618950366034,0.7732274824926559
2020-10-30,7.080005417448663e-05,0.0,0.0,0.7085618950366034,0.7732274824926559
2020-10-31,0.004182321606199561,0.0,0.0,0.7048224481870874,0.7696776067383073
2020-10-31,0.0,0.0,0.0,0.7048224481870874,0.7696776067383073
2020-10-31,0.0006455944097009595,0.0,0.0,0.7048224481870874,0.7696776067383073
2020-10-31,0.00036732704157975686,0.0,0.0,0.7048224481870874,0.7696776067383073
2020-10-31,0.006329600996685669,0.0,0.0,0.7048224481870874,0.7696776067383073
2020-10-31,0.01103654189380554,0.0,0.0,0.7048224481870874,0.7696776067383073
2020-10-31,0.001590105221951844,0.0,0.0,0.7048224481870874,0.7696776067383073
2020-10-31,3.186638665156167e-05,0.0,0.0,0.7048224481870874,0.7696776067383073
2020-10-31,8.084774990243116e-05,0.0,0.0,0.7048224481870874,0.7696776067383073
2020-10-31,0.0,0.0,0.0,0.7048224481870874,0.7696776067383073
2020-10-31,0.008077472045888783,0.0,0.0,0.7048224481870874,0.7696776067383073
2020-11-01,0.044275092598643116,0.0,0.0,0.7010830013375714,0.7664504469616293
2020-11-01,0.01480907002997496,0.0,0.0,0.7010830013375714,0.7664504469616293
2020-11-01,0.014690615626481798,0.0,0.0,0.7010830013375714,0.7664504469616293
2020-11-01,0.07865510438960463,0.0,0.0,0.7010830013375714,0.7664504469616293
2020-11-01,0.0023016407308481856,0.0,0.0,0.7010830013375714,0.7664504469616293
2020-11-01,8.984528299843814e-05,0.0,0.0,0.7010830013375714,0.7664504469616293
2020-11-01,0.011259467563532665,0.0,0.0,0.7010830013375714,0.7664504469616293
2020-11-01,0.0,0.0,0.0,0.7010830013375714,0.7664504469616293
2020-11-01,0.00596912612913565,0.0,0.0,0.7010830013375714,0.7664504469616293
2020-11-01,0.016248414588415295,0.0,0.0,0.7010830013375714,0.7664504469616293
2020-11-01,0.0,0.0,0.0,0.7010830013375714,0.7664504469616293
2020-11-02,0.006524869054559854,0.0,0.0,0.6984941535186756,0.7641914351179526
2020-11-02,0.017998427433931027,0.0,0.0,0.6984941535186756,0.7641914351179526
2020-11-02,0.004942222658614657,0.0,0.0,0.6984941535186756,0.7641914351179526
2020-11-02,0.07059161893938028,0.0,0.0,0.6984941535186756,0.7641914351179526
2020-11-02,0.03866713650631961,0.0,0.0,0.6984941535186756,0.7641914351179526
2020-11-02,0.004822319034267081,0.0,0.0,0.6984941535186756,0.7641914351179526
2020-11-02,0.033892400372508284,0.0,0.0,0.6984941535186756,0.7641914351179526
2020-11-02,0.006638982816648643,0.0,0.0,0.6984941535186756,0.7641914351179526
2020-11-02,0.008224802910562583,0.0,0.0,0.6984941535186756,0.7641914351179526
2020-11-02,0.026412908501520897,0.0,0.0,0.6984941535186756,0.7641914351179526
2020-11-02,0.00990039630196296,0.0,0.0,0.6984941535186756,0.7641914351179526
2020-11-03,0.005904806813289391,0.0,0.0,0.6956176559421249,0.7616097072966088
2020-11-03,0.0020500668844984733,0.0,0.0,0.6956176559421249,0.7616097072966088
2020-11-03,0.011290040521540612,0.0,0.0,0.6956176559421249,0.7616097072966088
2020-11-03,0.0009532196728598447,0.0,0.0,0.6956176559421249,0.7616097072966088
2020-11-03,0.00025706232051952093,0.0,0.0,0.6956176559421249,0.7616097072966088
2020-11-03,0.002039306802016928,0.0,0.0,0.6956176559421249,0.7616097072966088
2020-11-03,0.0,0.0,0.0,0.6956176559421249,0.7616097072966088
2020-11-03,0.011501240602547433,0.0,0.0,0.6956176559421249,0.7616097072966088
2020-11-03,0.003593031225957683,0.0,0.0,0.6956176559421249,0.7616097072966088
2020-11-03,0.0026501040204362815,0.0,0.0,0.6956176559421249,0.7616097072966088
2020-11-03,0.0004768989188572425,0.0,0.0,0.6956176559421249,0.7616097072966088
2020-11-04,0.16090034491751493,0.0,0.0,0.689577011031368,0.7593506954529285
2020-11-04,0.1813514436355747,0.0,0.0,0.689577011031368,0.7593506954529285
2020-11-04,0.17926851489527865,0.0,0.0,0.689577011031368,0.7593506954529285
2020-11-04,0.2272321258394307,0.0,0.0,0.689577011031368,0.7593506954529285
2020-11-04,0.09778511445218344,0.0,0.0,0.689577011031368,0.7593506954529285
2020-11-04,0.19820592510432763,0.0,0.0,0.689577011031368,0.7593506954529285
2020-11-04,0.19755539043731118,0.0,0.0,0.689577011031368,0.7593506954529285
2020-11-04,0.2382732878197448,0.0,0.0,0.689577011031368,0.7593506954529285
2020-11-04,0.13250409363152,0.0,0.0,0.689577011031368,0.7593506954529285
2020-11-04,0.2090980925779902,0.0,0.0,0.689577011031368,0.7593506954529285
2020-11-04,0.2136657246198439,0.0,0.0,0.689577011031368,0.7593506954529285
2020-11-05,0.3742610839616082,0.0,0.0,0.689577011031368,0.7561235356762506
2020-11-05,0.4495126818006441,0.0,0.0,0.689577011031368,0.7561235356762506
2020-11-05,0.4571666211909735,0.0,0.0,0.689577011031368,0.7561235356762506
2020-11-05,0.42070752607836315,0.0,0.0,0.689577011031368,0.7561235356762506
2020-11-05,0.16336634346427933,0.0,0.0,0.689577011031368,0.7561235356762506
2020-11-05,0.3250109107988864,0.0,0.0,0.689577011031368,0.7561235356762506
2020-11-05,0.5346618342207611,0.0,0.0,0.689577011031368,0.7561235356762506
2020-11-05,0.20020691200139895,0.0,0.0,0.689577011031368,0.7561235356762506
2020-11-05,0.47301251274172257,0.0,0.0,0.689577011031368,0.7561235356762506
2020-11-05,0.29476715897966277,0.0,0.0,0.689577011031368,0.7561235356762506
2020-11-05,0.24738833409637728,0.0,0.0,0.689577011031368,0.7561235356762506
2020-11-06,0.2700249478410555,0.0,0.0,0.685837564181852,0.752896375899569
2020-11-06,0.2266965898539375,0.0,0.0,0.685837564181852,0.752896375899569
2020-11-06,0.15185475728104095,0.0,0.0,0.685837564181852,0.752896375899569
2020-11-06,0.09961860573123078,0.0,0.0,0.685837564181852,0.752896375899569
2020-11-06,0.4114789021967987,0.0,0.0,0.685837564181852,0.752896375899569
2020-11-06,0.3495054324466637,0.0,0.0,0.685837564181852,0.752896375899569
2020-11-06,0.12256378388987382,0.0,0.0,0.685837564181852,0.752896375899569
2020-11-06,0.4335868304306247,0.0,0.0,0.685837564181852,0.752896375899569
2020-11-06,0.06525678451070438,0.0,0.0,0.685837564181852,0.752896375899569
2020-11-06,0.07491861917121954,0.0,0.0,0.685837564181852,0.752896375899569
2020-11-06,0.2186855556654139,0.0,0.0,0.685837564181852,0.752896375899569
2020-11-07,0.0,0.0,0.0,0.6823857670899912,0.7503146480782252
2020-11-07,0.0,0.0,0.0,0.6823857670899912,0.7503146480782252
2020-11-07,0.0,0.0,0.0,0.6823857670899912,0.7503146480782252
2020-11-07,9.108843060415866e-06,0.0,0.0,0.6823857670899912,0.7503146480782252
2020-11-07,0.0,0.0,0.0,0.6823857670899912,0.7503146480782252
2020-11-07,0.0,0.0,0.0,0.6823857670899912,0.7503146480782252
2020-11-07,0.0,0.0,0.0,0.6823857670899912,0.7503146480782252
2020-11-07,0.0,0.0,0.0,0.6823857670899912,0.7503146480782252
2020-11-07,0.0,0.0,0.0,0.6823857670899912,0.7503146480782252
2020-11-07,0.0,0.0,0.0,0.6823857670899912,0.7503146480782252
2020-11-07,0.0,0.0,0.0,0.6823857670899912,0.7503146480782252
2020-11-08,0.0,0.0,0.0,0.6795092695134405,0.7477329202568814
2020-11-08,0.0,0.0,0.0,0.6795092695134405,0.7477329202568814
2020-11-08,0.0,0.0,0.0,0.6795092695134405,0.7477329202568814
2020-11-08,0.0,0.0,0.0,0.6795092695134405,0.7477329202568814
2020-11-08,0.0,0.0,0.0,0.6795092695134405,0.7477329202568814
2020-11-08,0.0,0.0,0.0,0.6795092695134405,0.7477329202568814
2020-11-08,0.0,0.0,0.0,0.6795092695134405,0.7477329202568814
2020-11-08,0.0,0.0,0.0,0.6795092695134405,0.7477329202568814
2020-11-08,0.0,0.0,0.0,0.6795092695134405,0.7477329202568814
2020-11-08,0.0,0.0,0.0,0.6795092695134405,0.7477329202568814
2020-11-08,0.0,0.0,0.0,0.6795092695134405,0.7477329202568814
2020-11-09,0.001726686856381156,0.0,0.0,,
2020-11-09,0.0,0.0,0.0,,
2020-11-09,0.021107021192821842,0.0,0.0,,
2020-11-09,0.0,0.0,0.0,,
2020-11-09,0.004456961122156802,0.0,0.0,,
2020-11-09,0.04554717966218412,0.0,0.0,,
2020-11-09,0.009719812140704736,0.0,0.0,,
2020-11-09,0.0,0.0,0.0,,
2020-11-09,0.022016311740522085,0.0,0.0,,
2020-11-09,0.024330192646935544,0.0,0.0,,
2020-11-09,0.0,0.0,0.0,,
2020-11-10,0.0,0.0,0.0,,
2020-11-10,0.0,0.0,0.0,,
2020-11-10,0.027632359144519832,0.0,0.0,,
2020-11-10,0.0,0.0,0.0,,
2020-11-10,0.13781179326380721,0.0,0.0,,
2020-11-10,0.009691993116732522,0.0,0.0,,
2020-11-10,0.04677790232107798,0.0,0.0,,
2020-11-10,0.2379521559637143,0.0,0.0,,
2020-11-10,0.0,0.0,0.0,,
2020-11-10,0.03327032940899139,0.0,0.0,,
2020-11-10,0.10826482145893188,0.0,0.0,,
2020-11-11,0.30845913206030356,0.0,0.0,0.663688532842411,0.733856133217154
2020-11-11,0.28410654202094066,0.0,0.0,0.663688532842411,0.733856133217154
2020-11-11,0.35156093275407996,0.0,0.0,0.663688532842411,0.733856133217154
2020-11-11,0.48197401477094587,0.0,0.0,0.663688532842411,0.733856133217154
2020-11-11,0.3623419554319965,0.0,0.0,0.663688532842411,0.733856133217154
2020-11-11,0.4120394828497493,0.0,0.0,0.663688532842411,0.733856133217154
2020-11-11,0.23394878747822714,0.0,0.0,0.663688532842411,0.733856133217154
2020-11-11,0.3581190476815786,0.0,0.0,0.663688532842411,0.733856133217154
2020-11-11,0.34839379308436313,0.0,0.0,0.663688532842411,0.733856133217154
2020-11-11,0.534061671374775,0.0,0.0,0.663688532842411,0.733856133217154
2020-11-11,0.3016877559168244,0.0,0.0,0.663688532842411,0.733856133217154
2020-11-12,0.00047394089419304665,0.0,0.0,0.6638093457406261,0.733856133217154
2020-11-12,0.0,0.0,0.0,0.6638093457406261,0.733856133217154
2020-11-12,0.0,0.0,0.0,0.6638093457406261,0.733856133217154
2020-11-12,0.0027247816027615897,0.0,0.0,0.6638093457406261,0.733856133217154
2020-11-12,0.00011861675474833693,0.0,0.0,0.6638093457406261,0.733856133217154
2020-11-12,0.0,0.0,0.0,0.6638093457406261,0.733856133217154
2020-11-12,0.0024583419655698937,0.0,0.0,0.6638093457406261,0.733856133217154
2020-11-12,0.0,0.0,0.0,0.6638093457406261,0.733856133217154
2020-11-12,0.0,0.0,0.0,0.6638093457406261,0.733856133217154
2020-11-12,2.3524757992944718e-06,0.0,0.0,0.6638093457406261,0.733856133217154
2020-11-12,0.0,0.0,0.0,0.6638093457406261,0.733856133217154
2020-11-13,0.0,0.0,0.0,0.6598886795437874,0.7303062574628054
2020-11-13,0.0,0.0,0.0,0.6598886795437874,0.7303062574628054
2020-11-13,0.0,0.0,0.0,0.6598886795437874,0.7303062574628054
2020-11-13,0.0012021975239809625,0.0,0.0,0.6598886795437874,0.7303062574628054
2020-11-13,0.0,0.0,0.0,0.6598886795437874,0.7303062574628054
2020-11-13,0.0,0.0,0.0,0.6598886795437874,0.7303062574628054
2020-11-13,0.0,0.0,0.0,0.6598886795437874,0.7303062574628054
2020-11-13,0.0,0.0,0.0,0.6598886795437874,0.7303062574628054
2020-11-13,0.0013612710010766013,0.0,0.0,0.6598886795437874,0.7303062574628054
2020-11-13,0.0,0.0,0.0,0.6598886795437874,0.7303062574628054
2020-11-13,0.000639915261129818,0.0,0.0,0.6598886795437874,0.7303062574628054
2020-11-14,0.20657287197236623,0.0,0.0,0.6554070963195214,0.7264336657307897
2020-11-14,0.10533197186792119,0.0,0.0,0.6554070963195214,0.7264336657307897
2020-11-14,0.02645841212528245,0.0,0.0,0.6554070963195214,0.7264336657307897
2020-11-14,0.022226608208817965,0.0,0.0,0.6554070963195214,0.7264336657307897
2020-11-14,0.1287820001192309,0.0,0.0,0.6554070963195214,0.7264336657307897
2020-11-14,0.04502042434392885,0.0,0.0,0.6554070963195214,0.7264336657307897
2020-11-14,0.04373008438412426,0.0,0.0,0.6554070963195214,0.7264336657307897
2020-11-14,0.0812498026864296,0.0,0.0,0.6554070963195214,0.7264336657307897
2020-11-14,0.08294553538506934,0.0,0.0,0.6554070963195214,0.7264336657307897
2020-11-14,0.18764289405500803,0.0,0.0,0.6554070963195214,0.7264336657307897
2020-11-14,0.05288373072633867,0.0,0.0,0.6554070963195214,0.7264336657307897
2020-11-15,0.0006959720444298421,0.0,0.0,0.6511498799062262,0.7225610739987705
2020-11-15,3.5287211524012233e-06,0.0,0.0,0.6511498799062262,0.7225610739987705
2020-11-15,0.1809454835095874,0.0,0.0,0.6511498799062262,0.7225610739987705
2020-11-15,0.027176482067229377,0.0,0.0,0.6511498799062262,0.7225610739987705
2020-11-15,0.002031726872200068,0.0,0.0,0.6511498799062262,0.7225610739987705
2020-11-15,0.016904044127311457,0.0,0.0,0.6511498799062262,0.7225610739987705
2020-11-15,0.05971284862689675,0.0,0.0,0.6511498799062262,0.7225610739987705
2020-11-15,0.0010339041919988799,0.0,0.0,0.6511498799062262,0.7225610739987705
2020-11-15,0.06041939699621724,0.0,0.0,0.6511498799062262,0.7225610739987705
2020-11-15,0.009375254374461402,0.0,0.0,0.6511498799062262,0.7225610739987705
2020-11-15,0.005021146178687734,0.0,0.0,0.6511498799062262,0.7225610739987705
2020-11-16,0.022182842418770193,0.0,0.0,0.6480144975477858,0.7199793461774266
2020-11-16,0.05559736274373134,0.0,0.0,0.6480144975477858,0.7199793461774266
2020-11-16,0.0025103882360944154,0.0,0.0,0.6480144975477858,0.7199793461774266
2020-11-16,0.006971037836854881,0.0,0.0,0.6480144975477858,0.7199793461774266
2020-11-16,0.0075616799317937845,0.0,0.0,0.6480144975477858,0.7199793461774266
2020-11-16,0.04856792120805793,0.0,0.0,0.6480144975477858,0.7199793461774266
2020-11-16,0.04628810396816129,0.0,0.0,0.6480144975477858,0.7199793461774266
2020-11-16,0.014367704346433427,0.0,0.0,0.6480144975477858,0.7199793461774266
2020-11-16,0.05542372732352433,0.0,0.0,0.6480144975477858,0.7199793461774266
2020-11-16,0.020294829798896918,0.0,0.0,0.6480144975477858,0.7199793461774266
2020-11-16,0.07495843541779064,0.0,0.0,0.6480144975477858,0.7199793461774266
2020-11-17,0.0,0.0,0.0,,
2020-11-17,0.0,0.0,0.0,,
2020-11-17,0.0,0.0,0.0,,
2020-11-17,0.0,0.0,0.0,,
2020-11-17,0.0,0.0,0.0,,
2020-11-17,0.0,0.0,0.0,,
2020-11-17,0.0,0.0,0.0,,
2020-11-17,0.0,0.0,0.0,,
2020-11-17,0.0,0.0,0.0,,
2020-11-17,0.0,0.0,0.0,,
2020-11-17,0.0,0.0,0.0,,
2020-11-18,0.028110053079182868,0.0,0.0,0.6403889024723496,0.7133636686352336
2020-11-18,0.0924670178252415,0.0,0.0,0.6403889024723496,0.7133636686352336
2020-11-18,0.009590339526520076,0.0,0.0,0.6403889024723496,0.7133636686352336
2020-11-18,0.07014922906105976,0.0,0.0,0.6403889024723496,0.7133636686352336
2020-11-18,0.035285587683508285,0.0,0.0,0.6403889024723496,0.7133636686352336
2020-11-18,0.11644647846876768,0.0,0.0,0.6403889024723496,0.7133636686352336
2020-11-18,0.08881059939817768,0.0,0.0,0.6403889024723496,0.7133636686352336
2020-11-18,0.023246599460239364,0.0,0.0,0.6403889024723496,0.7133636686352336
2020-11-18,0.0749881799834011,0.0,0.0,0.6403889024723496,0.7133636686352336
2020-11-18,0.10224662755113573,0.0,0.0,0.6403889024723496,0.7133636686352336
2020-11-18,0.037029169147504704,0.0,0.0,0.6403889024723496,0.7133636686352336
2020-11-19,0.0,0.0,0.0,0.636473989270664,0.7096524348920514
2020-11-19,0.012097575053587743,0.0,0.0,0.636473989270664,0.7096524348920514
2020-11-19,0.0005661980868769582,0.0,0.0,0.636473989270664,0.7096524348920514
2020-11-19,0.03759287847952858,0.0,0.0,0.636473989270664,0.7096524348920514
2020-11-19,0.05298926637640532,0.0,0.0,0.636473989270664,0.7096524348920514
2020-11-19,0.0054978718493319916,0.0,0.0,0.636473989270664,0.7096524348920514
2020-11-19,0.00016263787050528242,0.0,0.0,0.636473989270664,0.7096524348920514
2020-11-19,3.1758445650853914e-06,0.0,0.0,0.636473989270664,0.7096524348920514
2020-11-19,0.041900651752293974,0.0,0.0,0.636473989270664,0.7096524348920514
2020-11-19,0.048946911944830175,0.0,0.0,0.636473989270664,0.7096524348920514
2020-11-19,0.028619851359645967,0.0,0.0,0.636473989270664,0.7096524348920514
2020-11-20,0.0,0.0,0.0,0.6326655064793109,0.7064252751153699
2020-11-20,0.0,0.0,0.0,0.6326655064793109,0.7064252751153699
2020-11-20,0.0,0.0,0.0,0.6326655064793109,0.7064252751153699
2020-11-20,0.0,0.0,0.0,0.6326655064793109,0.7064252751153699
2020-11-20,0.0,0.0,0.0,0.6326655064793109,0.7064252751153699
2020-11-20,0.0,0.0,0.0,0.6326655064793109,0.7064252751153699
2020-11-20,0.0,0.0,0.0,0.6326655064793109,0.7064252751153699
2020-11-20,0.0,0.0,0.0,0.6326655064793109,0.7064252751153699
2020-11-20,0.0,0.0,0.0,0.6326655064793109,0.7064252751153699
2020-11-20,0.0,0.0,0.0,0.6326655064793109,0.7064252751153699
2020-11-20,0.0,0.0,0.0,0.6326655064793109,0.7064252751153699
2020-11-21,0.0,0.0,0.0,0.62829610666053,0.7025526833833506
2020-11-21,0.0,0.0,0.0,0.62829610666053,0.7025526833833506
2020-11-21,0.0,0.0,0.0,0.62829610666053,0.7025526833833506
2020-11-21,0.0,0.0,0.0,0.62829610666053,0.7025526833833506
2020-11-21,0.0,0.0,0.0,0.62829610666053,0.7025526833833506
2020-11-21,0.0,0.0,0.0,0.62829610666053,0.7025526833833506
2020-11-21,0.0,0.0,0.0,0.62829610666053,0.7025526833833506
2020-11-21,0.0,0.0,0.0,0.62829610666053,0.7025526833833506
2020-11-21,0.0,0.0,0.0,0.62829610666053,0.7025526833833506
2020-11-21,0.0,0.0,0.0,0.62829610666053,0.7025526833833506
2020-11-21,0.0,0.0,0.0,0.62829610666053,0.7025526833833506
2020-11-22,0.0,0.0,0.0,0.6232536064088366,0.6980346596960008
2020-11-22,0.0,0.0,0.0,0.6232536064088366,0.6980346596960008
2020-11-22,0.0,0.0,0.0,0.6232536064088366,0.6980346596960008
2020-11-22,0.0,0.0,0.0,0.6232536064088366,0.6980346596960008
2020-11-22,0.0,0.0,0.0,0.6232536064088366,0.6980346596960008
2020-11-22,0.0,0.0,0.0,0.6232536064088366,0.6980346596960008
2020-11-22,0.0,0.0,0.0,0.6232536064088366,0.6980346596960008
2020-11-22,0.0,0.0,0.0,0.6232536064088366,0.6980346596960008
2020-11-22,0.0,0.0,0.0,0.6232536064088366,0.6980346596960008
2020-11-22,0.0,0.0,0.0,0.6232536064088366,0.6980346596960008
2020-11-22,0.0,0.0,0.0,0.6232536064088366,0.6980346596960008
2020-11-23,0.0,0.0,0.0,,
2020-11-23,0.0008998620406681138,0.0,0.0,,
2020-11-23,0.016586511099673573,0.0,0.0,,
2020-11-23,0.0018611543170188123,0.0,0.0,,
2020-11-23,0.0004768989188572425,0.0,0.0,,
2020-11-23,0.0,0.0,0.0,,
2020-11-23,0.002433225088996699,0.0,0.0,,
2020-11-23,0.000325342330217879,0.0,0.0,,
2020-11-23,0.0,0.0,0.0,,
2020-11-23,0.0,0.0,0.0,,
2020-11-23,0.0007053134354271508,0.0,0.0,,
2020-11-24,0.0,0.0,0.0,,
2020-11-24,0.0,0.0,0.0,,
2020-11-24,0.0,0.0,0.0,,
2020-11-24,0.00047935089834107283,0.0,0.0,,
2020-11-24,0.0,0.0,0.0,,
2020-11-24,0.001145481750511309,0.0,0.0,,
2020-11-24,0.0006069877105400734,0.0,0.0,,
2020-11-24,0.0,0.0,0.0,,
2020-11-24,0.0,0.0,0.0,,
2020-11-24,0.003980483651714421,0.0,0.0,,
2020-11-24,0.0,0.0,0.0,,
2020-11-25,0.052623415298692716,0.0,0.0,0.6091386328007018,0.6857714525446124
2020-11-25,0.02932359916608799,0.0,0.0,0.6091386328007018,0.6857714525446124
2020-11-25,0.014135071246312175,0.0,0.0,0.6091386328007018,0.6857714525446124
2020-11-25,0.04319919083061124,0.0,0.0,0.6091386328007018,0.6857714525446124
2020-11-25,0.025077195666541582,0.0,0.0,0.6091386328007018,0.6857714525446124
2020-11-25,0.021565249076336664,0.0,0.0,0.6091386328007018,0.6857714525446124
2020-11-25,0.029173177113242278,0.0,0.0,0.6091386328007018,0.6857714525446124
2020-11-25,0.05824132663403234,0.0,0.0,0.6091386328007018,0.6857714525446124
2020-11-25,0.06515340376013216,0.0,0.0,0.6091386328007018,0.6857714525446124
2020-11-25,0.048608947687757545,0.0,0.0,0.6091386328007018,0.6857714525446124
2020-11-25,0.023195604336203435,0.0,0.0,0.6091386328007018,0.6857714525446124
2020-11-26,0.2894364304233234,0.0,0.0,,
2020-11-26,0.2659362284490303,0.0,0.0,,
2020-11-26,0.2622967171364868,0.0,0.0,,
2020-11-26,0.3724143802479225,0.0,0.0,,
2020-11-26,0.3322091367302686,0.0,0.0,,
2020-11-26,0.4366335599090715,0.0,0.0,,
2020-11-26,0.4472887249602962,0.0,0.0,,
2020-11-26,0.24727710835606093,0.0,0.0,,
2020-11-26,0.22771586848009462,0.0,0.0,,
2020-11-26,0.3645202331494251,0.0,0.0,,
2020-11-26,0.19514204029625176,0.0,0.0,,
2020-11-27,0.03827044083672047,0.0,0.0,,
2020-11-27,0.019826167295663766,0.0,0.0,,
2020-11-27,0.019911524418387092,0.0,0.0,,
2020-11-27,0.0074258530793958,0.0,0.0,,
2020-11-27,0.0008471883677353903,0.0,0.0,,
2020-11-27,0.009023629178277516,0.0,0.0,,
2020-11-27,0.002655800475940419,0.0,0.0,,
2020-11-27,0.009068519128903298,0.0,0.0,,
2020-11-27,0.02259132849237359,0.0,0.0,,
2020-11-27,0.00531574415114264,0.0,0.0,,
2020-11-27,0.006620836847715272,0.0,0.0,,
2020-11-28,0.0,0.0,0.0,,
2020-11-28,0.0,0.0,0.0,,
2020-11-28,0.0,0.0,0.0,,
2020-11-28,0.0,0.0,0.0,,
2020-11-28,0.002472174244808498,0.0,0.0,,
2020-11-28,0.0,0.0,0.0,,
2020-11-28,0.003324030609890198,0.0,0.0,,
2020-11-28,0.0,0.0,0.0,,
2020-11-28,0.0,0.0,0.0,,
2020-11-28,0.0,0.0,0.0,,
2020-11-28,0.0,0.0,0.0,,
2020-11-29,0.0,0.0,0.0,,
2020-11-29,0.025933052959249848,0.0,0.0,,
2020-11-29,0.007556392387985604,0.0,0.0,,
2020-11-29,0.019879671522497252,0.0,0.0,,
2020-11-29,0.0,0.0,0.0,,
2020-11-29,0.0,0.0,0.0,,
2020-11-29,0.018290579553645825,0.0,0.0,,
2020-11-29,0.0018975697885235685,0.0,0.0,,
2020-11-29,0.055894898780485855,0.0,0.0,,
2020-11-29,1.72982869826393e-05,0.0,0.0,,
2020-11-29,0.0,0.0,0.0,,
2020-11-30,0.005131375331839161,0.0,0.0,,
2020-11-30,0.0,0.0,0.0,,
2020-11-30,0.010453520036992557,0.0,0.0,,
2020-11-30,0.005256966765677836,0.0,0.0,,
2020-11-30,0.0006990755606237861,0.0,0.0,,
2020-11-30,0.017131406916022926,0.0,0.0,,
2020-11-30,1.9966178281723216e-06,0.0,0.0,,
2020-11-30,0.019443315965000728,0.0,0.0,,
2020-11-30,0.0030375135589869656,0.0,0.0,,
2020-11-30,0.010473251654903318,0.0,0.0,,
2020-11-30,0.00018181098578760595,0.0,0.0,,
2020-12-01,0.0,0.0,0.0,,
2020-12-01,0.0,0.0,0.0,,
2020-12-01,0.0,0.0,0.0,,
2020-12-01,0.0,0.0,0.0,,
2020-12-01,0.0,0.0,0.0,,
2020-12-01,0.0,0.0,0.0,,
2020-12-01,0.0,0.0,0.0,,
2020-12-01,0.0,0.0,0.0,,
2020-12-01,0.0,0.0,0.0,,
2020-12-01,0.0,0.0,0.0,,
2020-12-01,0.0,0.0,0.0,,
2020-12-02,0.0,0.0,0.0,0.5802701031224381,0.6605996062865049
2020-12-02,0.0,0.0,0.0,0.5802701031224381,0.6605996062865049
2020-12-02,0.0,0.0,0.0,0.5802701031224381,0.6605996062865049
2020-12-02,0.0,0.0,0.0,0.5802701031224381,0.6605996062865049
2020-12-02,0.0,0.0,0.0,0.5802701031224381,0.6605996062865049
2020-12-02,0.0,0.0,0.0,0.5802701031224381,0.6605996062865049
2020-12-02,0.0,0.0,0.0,0.5802701031224381,0.6605996062865049
2020-12-02,0.0,0.0,0.0,0.5802701031224381,0.6605996062865049
2020-12-02,0.0,0.0,0.0,0.5802701031224381,0.6605996062865049
2020-12-02,0.0,0.0,0.0,0.5802701031224381,0.6605996062865049
2020-12-02,0.0,0.0,0.0,0.5802701031224381,0.6605996062865049
2020-12-03,0.0,0.0,0.0,0.5803448920594284,0.6605996062865049
2020-12-03,0.0,0.0,0.0,0.5803448920594284,0.6605996062865049
2020-12-03,0.0,0.0,0.0,0.5803448920594284,0.6605996062865049
2020-12-03,0.0,0.0,0.0,0.5803448920594284,0.6605996062865049
2020-12-03,0.0,0.0,0.0,0.5803448920594284,0.6605996062865049
2020-12-03,0.0,0.0,0.0,0.5803448920594284,0.6605996062865049
2020-12-03,0.0,0.0,0.0,0.5803448920594284,0.6605996062865049
2020-12-03,0.0,0.0,0.0,0.5803448920594284,0.6605996062865049
2020-12-03,0.0,0.0,0.0,0.5803448920594284,0.6605996062865049
2020-12-03,0.0,0.0,0.0,0.5803448920594284,0.6605996062865049
2020-12-03,0.0,0.0,0.0,0.5803448920594284,0.6605996062865049
2020-12-04,0.0,0.0,0.0,,
2020-12-04,0.0,0.0,0.0,,
2020-12-04,0.0,0.0,0.0,,
2020-12-04,0.0,0.0,0.0,,
2020-12-04,0.0,0.0,0.0,,
2020-12-04,0.0,0.0,0.0,,
2020-12-04,0.0,0.0,0.0,,
2020-12-04,0.0,0.0,0.0,,
2020-12-04,0.0,0.0,0.0,,
2020-12-04,0.0,0.0,0.0,,
2020-12-04,0.0,0.0,0.0,,
2020-12-05,0.0,0.0,0.0,,
2020-12-05,0.0,0.0,0.0,,
2020-12-05,0.006992518468668699,0.0,0.0,,
2020-12-05,0.01851490240417302,0.0,0.0,,
2020-12-05,0.008942835883350306,0.0,0.0,,
2020-12-05,0.0,0.0,0.0,,
2020-12-05,0.0004428273516733375,0.0,0.0,,
2020-12-05,0.0016324043649568552,0.0,0.0,,
2020-12-05,0.01348148860628208,0.0,0.0,,
2020-12-05,0.006238778311727087,0.0,0.0,,
2020-12-05,0.0,0.0,0.0,,
2020-12-06,0.00011793219921256819,0.0,0.0,,
2020-12-06,0.0,0.0,0.0,,
2020-12-06,0.002945449038231537,0.0,0.0,,
2020-12-06,0.002071675343142988,0.0,0.0,,
2020-12-06,0.0,0.0,0.0,,
2020-12-06,0.0,0.0,0.0,,
2020-12-06,4.492264149921907e-05,0.0,0.0,,
2020-12-06,0.0004621160402989129,0.0,0.0,,
2020-12-06,0.0017897397847349242,0.0,0.0,,
2020-12-06,0.0,0.0,0.0,,
2020-12-06,0.0,0.0,0.0,,
2020-12-07,0.0,0.0,0.0,,
2020-12-07,0.0,0.0,0.0,,
2020-12-07,0.0,0.0,0.0,,
2020-12-07,0.0,0.0,0.0,,
2020-12-07,0.0,0.0,0.0,,
2020-12-07,0.0,0.0,0.0,,
2020-12-07,0.0,0.0,0.0,,
2020-12-07,0.0,0.0,0.0,,
2020-12-07,0.0,0.0,0.0,,
2020-12-07,0.0,0.0,0.0,,
2020-12-07,0.0,0.0,0.0,,
2020-12-08,0.0,0.0,0.0,,
2020-12-08,0.0,0.0,0.0,,
2020-12-08,0.0,0.0,0.0,,
2020-12-08,0.0,0.0,0.0,,
2020-12-08,0.0,0.0,0.0,,
2020-12-08,0.0,0.0,0.0,,
2020-12-08,0.0,0.0,0.0,,
2020-12-08,0.0,0.0,0.0,,
2020-12-08,0.0,0.0,0.0,,
2020-12-08,0.0,0.0,0.0,,
2020-12-08,0.0,0.0,0.0,,
2020-12-09,0.0,0.0,0.0,0.5684016741215896,0.6325233162293866
2020-12-09,0.0,0.0,0.0,0.5684016741215896,0.6325233162293866
2020-12-09,0.0,0.0,0.0,0.5684016741215896,0.6325233162293866
2020-12-09,0.0,0.0,0.0,0.5684016741215896,0.6325233162293866
2020-12-09,0.0,0.0,0.0,0.5684016741215896,0.6325233162293866
2020-12-09,0.0,0.0,0.0,0.5684016741215896,0.6325233162293866
2020-12-09,0.0,0.0,0.0,0.5684016741215896,0.6325233162293866
2020-12-09,0.0,0.0,0.0,0.5684016741215896,0.6325233162293866
2020-12-09,0.0,0.0,0.0,0.5684016741215896,0.6325233162293866
2020-12-09,0.0,0.0,0.0,0.5684016741215896,0.6325233162293866
2020-12-09,0.0,0.0,0.0,0.5684016741215896,0.6325233162293866
2020-12-10,0.0,0.0,0.0,0.5420299443397718,0.6267144286313613
2020-12-10,0.01232122552753202,0.0,0.0,0.5420299443397718,0.6267144286313613
2020-12-10,0.006069877284283763,0.0,0.0,0.5420299443397718,0.6267144286313613
2020-12-10,0.0,0.0,0.0,0.5420299443397718,0.6267144286313613
2020-12-10,0.004793508983410728,0.0,0.0,0.5420299443397718,0.6267144286313613
2020-12-10,0.0,0.0,0.0,0.5420299443397718,0.6267144286313613
2020-12-10,0.0,0.0,0.0,0.5420299443397718,0.6267144286313613
2020-12-10,0.0,0.0,0.0,0.5420299443397718,0.6267144286313613
2020-12-10,0.0,0.0,0.0,0.5420299443397718,0.6267144286313613
2020-12-10,0.0,0.0,0.0,0.5420299443397718,0.6267144286313613
2020-12-10,0.039935584149927476,0.0,0.0,0.5420299443397718,0.6267144286313613
2020-12-11,0.0,0.0,0.0,0.5356441197198292,0.621228257011003
2020-12-11,0.0,0.0,0.0,0.5356441197198292,0.621228257011003
2020-12-11,0.0036430666723601952,0.0,0.0,0.5356441197198292,0.621228257011003
2020-12-11,0.03035104435404659,0.0,0.0,0.5356441197198292,0.621228257011003
2020-12-11,0.0,0.0,0.0,0.5356441197198292,0.621228257011003
2020-12-11,0.0,0.0,0.0,0.5356441197198292,0.621228257011003
2020-12-11,0.010273988825960128,0.0,0.0,0.5356441197198292,0.621228257011003
2020-12-11,0.004613106731285445,0.0,0.0,0.5356441197198292,0.621228257011003
2020-12-11,0.0,0.0,0.0,0.5356441197198292,0.621228257011003
2020-12-11,0.0,0.0,0.0,0.5356441197198292,0.621228257011003
2020-12-11,0.0,0.0,0.0,0.5356441197198292,0.621228257011003
2020-12-12,0.0,0.0,0.0,0.5298192121273138,0.6160648013683137
2020-12-12,0.0,0.0,0.0,0.5298192121273138,0.6160648013683137
2020-12-12,0.0,0.0,0.0,0.5298192121273138,0.6160648013683137
2020-12-12,0.0,0.0,0.0,0.5298192121273138,0.6160648013683137
2020-12-12,0.0,0.0,0.0,0.5298192121273138,0.6160648013683137
2020-12-12,0.0,0.0,0.0,0.5298192121273138,0.6160648013683137
2020-12-12,0.0,0.0,0.0,0.5298192121273138,0.6160648013683137
2020-12-12,0.0,0.0,0.0,0.5298192121273138,0.6160648013683137
2020-12-12,0.0,0.0,0.0,0.5298192121273138,0.6160648013683137
2020-12-12,0.0,0.0,0.0,0.5298192121273138,0.6160648013683137
2020-12-12,0.0,0.0,0.0,0.5298192121273138,0.6160648013683137
2020-12-13,0.0,0.0,0.0,0.5241036114427072,0.6112240617032931
2020-12-13,0.0,0.0,0.0,0.5241036114427072,0.6112240617032931
2020-12-13,0.0,0.0,0.0,0.5241036114427072,0.6112240617032931
2020-12-13,0.0,0.0,0.0,0.5241036114427072,0.6112240617032931
2020-12-13,0.0,0.0,0.0,0.5241036114427072,0.6112240617032931
2020-12-13,0.0,0.0,0.0,0.5241036114427072,0.6112240617032931
2020-12-13,0.0,0.0,0.0,0.5241036114427072,0.6112240617032931
2020-12-13,0.0,0.0,0.0,0.5241036114427072,0.6112240617032931
2020-12-13,0.0,0.0,0.0,0.5241036114427072,0.6112240617032931
2020-12-13,0.0,0.0,0.0,0.5241036114427072,0.6112240617032931
2020-12-13,0.0,0.0,0.0,0.5241036114427072,0.6112240617032931
2020-12-14,0.0,0.0,0.0,0.5178299702282501,0.6054151741052678
2020-12-14,0.0,0.0,0.0,0.5178299702282501,0.6054151741052678
2020-12-14,0.0,0.0,0.0,0.5178299702282501,0.6054151741052678
2020-12-14,0.0,0.0,0.0,0.5178299702282501,0.6054151741052678
2020-12-14,0.0,0.0,0.0,0.5178299702282501,0.6054151741052678
2020-12-14,0.0,0.0,0.0,0.5178299702282501,0.6054151741052678
2020-12-14,0.0,0.0,0.0,0.5178299702282501,0.6054151741052678
2020-12-14,0.0,0.0,0.0,0.5178299702282501,0.6054151741052678
2020-12-14,0.0,0.0,0.0,0.5178299702282501,0.6054151741052678
2020-12-14,0.0,0.0,0.0,0.5178299702282501,0.6054151741052678
2020-12-14,0.0,0.0,0.0,0.5178299702282501,0.6054151741052678
2020-12-15,0.0,0.0,0.0,0.5113319622028217,0.5999290024849113
2020-12-15,0.0,0.0,0.0,0.5113319622028217,0.5999290024849113
2020-12-15,0.0,0.0,0.0,0.5113319622028217,0.5999290024849113
2020-12-15,0.0,0.0,0.0,0.5113319622028217,0.5999290024849113
2020-12-15,0.0,0.0,0.0,0.5113319622028217,0.5999290024849113
2020-12-15,0.0,0.0,0.0,0.5113319622028217,0.5999290024849113
2020-12-15,0.0,0.0,0.0,0.5113319622028217,0.5999290024849113
2020-12-15,0.0,0.0,0.0,0.5113319622028217,0.5999290024849113
2020-12-15,0.0,0.0,0.0,0.5113319622028217,0.5999290024849113
2020-12-15,0.0,0.0,0.0,0.5113319622028217,0.5999290024849113
2020-12-15,0.0,0.0,0.0,0.5113319622028217,0.5999290024849113
2020-12-16,0.0,0.0,0.0,0.5113319622028217,0.5999290024849113
2020-12-16,0.0,0.0,0.0,0.5113319622028217,0.5999290024849113
2020-12-16,0.0,0.0,0.0,0.5113319622028217,0.5999290024849113
2020-12-16,0.0,0.0,0.0,0.5113319622028217,0.5999290024849113
2020-12-16,0.0,0.0,0.0,0.5113319622028217,0.5999290024849113
2020-12-16,0.0,0.0,0.0,0.5113319622028217,0.5999290024849113
2020-12-16,0.0,0.0,0.0,0.5113319622028217,0.5999290024849113
2020-12-16,0.0,0.0,0.0,0.5113319622028217,0.5999290024849113
2020-12-16,0.0,0.0,0.0,0.5113319622028217,0.5999290024849113
2020-12-16,0.0,0.0,0.0,0.5113319622028217,0.5999290024849113
2020-12-16,0.0,0.0,0.0,0.5113319622028217,0.5999290024849113
2020-12-17,0.0,0.0,0.0,0.49822376274647995,0.5883112272888624
2020-12-17,0.0,0.0,0.0,0.49822376274647995,0.5883112272888624
2020-12-17,0.0,0.0,0.0,0.49822376274647995,0.5883112272888624
2020-12-17,0.0,0.0,0.0,0.49822376274647995,0.5883112272888624
2020-12-17,0.0,0.0,0.0,0.49822376274647995,0.5883112272888624
2020-12-17,0.0,0.0,0.0,0.49822376274647995,0.5883112272888624
2020-12-17,0.0,0.0,0.0,0.49822376274647995,0.5883112272888624
2020-12-17,0.0,0.0,0.0,0.49822376274647995,0.5883112272888624
2020-12-17,0.0,0.0,0.0,0.49822376274647995,0.5883112272888624
2020-12-17,0.0,0.0,0.0,0.49822376274647995,0.5883112272888624
2020-12-17,0.0,0.0,0.0,0.49822376274647995,0.5883112272888624
2020-12-18,0.0,0.0,0.0,,
2020-12-18,0.0005609808291920106,0.0,0.0,,
2020-12-18,0.0,0.0,0.0,,
2020-12-18,0.0006906747664035328,0.0,0.0,,
2020-12-18,0.00024966413585949436,0.0,0.0,,
2020-12-18,0.00024102265452455697,0.0,0.0,,
2020-12-18,0.0,0.0,0.0,,
2020-12-18,0.0014477249599953524,0.0,0.0,,
2020-12-18,0.0,0.0,0.0,,
2020-12-18,0.0,0.0,0.0,,
2020-12-18,0.0,0.0,0.0,,
2020-12-19,0.11458873044237528,0.0,0.0,,
2020-12-19,0.01991895353490411,0.0,0.0,,
2020-12-19,0.010641925396552168,0.0,0.0,,
2020-12-19,0.004326631181244796,0.0,0.0,,
2020-12-19,5.147320383619031e-05,0.0,0.0,,
2020-12-19,0.05717450134613966,0.0,0.0,,
2020-12-19,0.110767980569735,0.0,0.0,,
2020-12-19,0.3219338630322364,0.0,0.0,,
2020-12-19,0.2354880180985834,0.0,0.0,,
2020-12-19,0.08976146740021186,0.0,0.0,,
2020-12-19,0.03562100306612338,0.0,0.0,,
2020-12-20,0.02084524378399879,0.0,0.0,,
2020-12-20,0.0,0.0,0.0,,
2020-12-20,0.0,0.0,0.0,,
2020-12-20,0.0006630334925338522,0.0,0.0,,
2020-12-20,0.03675866944693865,0.0,0.0,,
2020-12-20,0.0017698970506497018,0.0,0.0,,
2020-12-20,0.00464004632156939,0.0,0.0,,
2020-12-20,0.0,0.0,0.0,,
2020-12-20,0.010009908879516537,0.0,0.0,,
2020-12-20,0.020644285233388078,0.0,0.0,,
2020-12-20,0.0,0.0,0.0,,
2020-12-21,0.0,0.0,0.0,0.46828805246731575,0.5595895052764046
2020-12-21,0.0,0.0,0.0,0.46828805246731575,0.5595895052764046
2020-12-21,0.0,0.0,0.0,0.46828805246731575,0.5595895052764046
2020-12-21,0.0,0.0,0.0,0.46828805246731575,0.5595895052764046
2020-12-21,0.0002423824487716997,0.0,0.0,0.46828805246731575,0.5595895052764046
2020-12-21,0.0,0.0,0.0,0.46828805246731575,0.5595895052764046
2020-12-21,0.0,0.0,0.0,0.46828805246731575,0.5595895052764046
2020-12-21,0.0,0.0,0.0,0.46828805246731575,0.5595895052764046
2020-12-21,0.0,0.0,0.0,0.46828805246731575,0.5595895052764046
2020-12-21,0.0,0.0,0.0,0.46828805246731575,0.5595895052764046
2020-12-21,0.0,0.0,0.0,0.46828805246731575,0.5595895052764046
2020-12-22,0.0,0.0,0.0,0.46046397905909764,0.5515216058347026
2020-12-22,0.05254081932495394,0.0,0.0,0.46046397905909764,0.5515216058347026
2020-12-22,0.1077486548830308,0.0,0.0,0.46046397905909764,0.5515216058347026
2020-12-22,0.001913017918157521,0.0,0.0,0.46046397905909764,0.5515216058347026
2020-12-22,0.014313855516352687,0.0,0.0,0.46046397905909764,0.5515216058347026
2020-12-22,0.06838372709188273,0.0,0.0,0.46046397905909764,0.5515216058347026
2020-12-22,0.02273114254312571,0.0,0.0,0.46046397905909764,0.5515216058347026
2020-12-22,0.022919216656037522,0.0,0.0,0.46046397905909764,0.5515216058347026
2020-12-22,0.0003320592239574047,0.0,0.0,0.46046397905909764,0.5515216058347026
2020-12-22,0.004704225527283671,0.0,0.0,0.46046397905909764,0.5515216058347026
2020-12-22,0.0,0.0,0.0,0.46046397905909764,0.5515216058347026
2020-12-23,0.0,0.0,0.0,0.4525248457478174,0.5437764223706711
2020-12-23,0.037860164516675975,0.0,0.0,0.4525248457478174,0.5437764223706711
2020-12-23,0.0,0.0,0.0,0.4525248457478174,0.5437764223706711
2020-12-23,0.003504486825062375,0.0,0.0,0.4525248457478174,0.5437764223706711
2020-12-23,0.0,0.0,0.0,0.4525248457478174,0.5437764223706711
2020-12-23,0.0006367081865693615,0.0,0.0,0.4525248457478174,0.5437764223706711
2020-12-23,0.005267072315158543,0.0,0.0,0.4525248457478174,0.5437764223706711
2020-12-23,0.06012677202903075,0.0,0.0,0.4525248457478174,0.5437764223706711
2020-12-23,0.0018877162703229296,0.0,0.0,0.4525248457478174,0.5437764223706711
2020-12-23,0.0,0.0,0.0,0.4525248457478174,0.5437764223706711
2020-12-23,0.0,0.0,0.0,0.4525248457478174,0.5437764223706711
2020-12-24,0.0014364890188444804,0.0,0.0,0.44418012627824355,0.5353858069513002
2020-12-24,0.004475061595173288,0.0,0.0,0.44418012627824355,0.5353858069513002
2020-12-24,0.0003611895797829891,0.0,0.0,0.44418012627824355,0.5353858069513002
2020-12-24,0.08632808991808004,0.0,0.0,0.44418012627824355,0.5353858069513002
2020-12-24,0.01579030409688785,0.0,0.0,0.44418012627824355,0.5353858069513002
2020-12-24,0.055742100818164136,0.0,0.0,0.44418012627824355,0.5353858069513002
2020-12-24,0.0012524318584971944,0.0,0.0,0.44418012627824355,0.5353858069513002
2020-12-24,0.015393184996253612,0.0,0.0,0.44418012627824355,0.5353858069513002
2020-12-24,0.00238855058807168,0.0,0.0,0.44418012627824355,0.5353858069513002
2020-12-24,0.0028940508311049947,0.0,0.0,0.44418012627824355,0.5353858069513002
2020-12-24,7.274576487416607e-07,0.0,0.0,0.44418012627824355,0.5353858069513002
2020-12-25,0.0,0.0,0.0,,
2020-12-25,0.0,0.0,0.0,,
2020-12-25,0.0,0.0,0.0,,
2020-12-25,0.0,0.0,0.0,,
2020-12-25,0.0,0.0,0.0,,
2020-12-25,0.0,0.0,0.0,,
2020-12-25,0.0,0.0,0.0,,
2020-12-25,0.0,0.0,0.0,,
2020-12-25,0.0,0.0,0.0,,
2020-12-25,0.0,0.0,0.0,,
2020-12-25,0.0,0.0,0.0,,
2020-12-26,0.0,0.0,0.0,,
2020-12-26,0.0,0.0,0.0,,
2020-12-26,0.0,0.0,0.0,,
2020-12-26,0.0,0.0,0.0,,
2020-12-26,0.0,0.0,0.0,,
2020-12-26,0.0,0.0,0.0,,
2020-12-26,0.0,0.0,0.0,,
2020-12-26,0.0,0.0,0.0,,
2020-12-26,0.0,0.0,0.0,,
2020-12-26,0.0,0.0,0.0,,
2020-12-26,0.0,0.0,0.0,,
2020-12-27,0.018566349565621663,0.0,0.0,,
2020-12-27,0.019688882442236058,0.0,0.0,,
2020-12-27,0.0148793557507221,0.0,0.0,,
2020-12-27,0.0,0.0,0.0,,
2020-12-27,0.01808236754965197,0.0,0.0,,
2020-12-27,0.05264102625830205,0.0,0.0,,
2020-12-27,0.004574130862274742,0.0,0.0,,
2020-12-27,0.061794546309098405,0.0,0.0,,
2020-12-27,0.006530339625519906,0.0,0.0,,
2020-12-27,0.026675110042004235,0.0,0.0,,
2020-12-27,0.0076408448246998205,0.0,0.0,,
2020-12-28,0.1413139676381479,0.0,0.0,,
2020-12-28,0.2716183516958645,0.0,0.0,,
2020-12-28,0.2108074205358559,0.0,0.0,,
2020-12-28,0.1420360140752811,0.0,0.0,,
2020-12-28,0.14852918575783736,0.0,0.0,,
2020-12-28,0.03819620023581965,0.0,0.0,,
2020-12-28,0.1581211362005626,0.0,0.0,,
2020-12-28,0.14979905632649448,0.0,0.0,,
2020-12-28,0.043591025711680234,0.0,0.0,,
2020-12-28,0.17658536427759725,0.0,0.0,,
2020-12-28,0.11405972437313618,0.0,0.0,,
2020-12-29,0.0,0.0,0.0,,
2020-12-29,0.02751955745963037,0.0,0.0,,
2020-12-29,0.0038222620752275996,0.0,0.0,,
2020-12-29,0.00014805240427568826,0.0,0.0,,
2020-12-29,5.06468685935121e-05,0.0,0.0,,
2020-12-29,0.005866457541713261,0.0,0.0,,
2020-12-29,0.0,0.0,0.0,,
2020-12-29,0.0009155180621948807,0.0,0.0,,
2020-12-29,0.00014083651632849903,0.0,0.0,,
2020-12-29,0.000224475735888786,0.0,0.0,,
2020-12-29,0.0615827742943291,0.0,0.0,,
2020-12-30,0.0,0.0,0.0,0.3840929684016742,0.4750379191273737
2020-12-30,0.00016122605111071943,0.0,0.0,0.3840929684016742,0.4750379191273737
2020-12-30,0.00566114475458802,0.0,0.0,0.3840929684016742,0.4750379191273737
2020-12-30,0.0,0.0,0.0,0.3840929684016742,0.4750379191273737
2020-12-30,0.0,0.0,0.0,0.3840929684016742,0.4750379191273737
2020-12-30,0.0010656748016956636,0.0,0.0,0.3840929684016742,0.4750379191273737
2020-12-30,0.00043912875127165226,0.0,0.0,0.3840929684016742,0.4750379191273737
2020-12-30,0.0,0.0,0.0,0.3840929684016742,0.4750379191273737
2020-12-30,0.0,0.0,0.0,0.3840929684016742,0.4750379191273737
2020-12-30,0.00011911232036462316,0.0,0.0,0.3840929684016742,0.4750379191273737
2020-12-30,0.0,0.0,0.0,0.3840929684016742,0.4750379191273737
2020-12-31,0.0,0.0,0.0,0.3840929684016742,0.4750379191273737
2020-12-31,0.0,0.0,0.0,0.3840929684016742,0.4750379191273737
2020-12-31,0.0,0.0,0.0,0.3840929684016742,0.4750379191273737
2020-12-31,0.0,0.0,0.0,0.3840929684016742,0.4750379191273737
2020-12-31,0.0,0.0,0.0,0.3840929684016742,0.4750379191273737
2020-12-31,0.0,0.0,0.0,0.3840929684016742,0.4750379191273737
2020-12-31,0.0,0.0,0.0,0.3840929684016742,0.4750379191273737
2020-12-31,0.0,0.0,0.0,0.3840929684016742,0.4750379191273737
2020-12-31,0.0,0.0,0.0,0.3840929684016742,0.4750379191273737
2020-12-31,0.0,0.0,0.0,0.3840929684016742,0.4750379191273737
2020-12-31,0.0,0.0,0.0,0.3840929684016742,0.4750379191273737
