Date,Avg_rainfall,Full_reservoir_level,Live_capacity_FRL,Storage,Level,Storage_shift,delta_storage,predicted_inflow,estimated_outflow
2021-01-06,0.14866174976085,0.0,0.0,0.5646402973188214,0.6940347242551841,0.5646402973188214,0.0,0.0,0.0
2021-01-06,0.1047596730493139,0.0,0.0,0.5646402973188214,0.6940347242551841,0.5646402973188214,0.0,0.00026546323334218137,0.00026546323334218137
2021-01-06,0.2516656823607267,0.0,0.0,0.5646402973188214,0.6940347242551841,0.5646402973188214,0.0,0.0,0.0
2021-01-06,0.2289900929059233,0.0,0.0,0.5646402973188214,0.6940347242551841,0.5646402973188214,0.0,0.0,0.0
2021-01-06,0.2276297130902931,0.0,0.0,0.5646402973188214,0.6940347242551841,0.5646402973188214,0.0,0.0,0.0
2021-01-06,0.1799214757423376,0.0,0.0,0.5646402973188214,0.6940347242551841,0.5646402973188214,0.0,0.0,0.0
2021-01-06,0.03606773579921,0.0,0.0,0.5646402973188214,0.6940347242551841,0.5646402973188214,0.0,0.00026546323334218137,0.00026546323334218137
2021-01-06,0.106083225521698,0.0,0.0,0.5646402973188214,0.6940347242551841,0.5646402973188214,0.0,0.00026546323334218137,0.00026546323334218137
2021-01-06,0.1531867408288697,0.0,0.0,0.5646402973188214,0.6940347242551841,0.5646402973188214,0.0,0.0,0.0
2021-01-06,0.2455298613684974,0.0,0.0,0.5646402973188214,0.6940347242551841,0.5646402973188214,0.0,0.0,0.0
2021-01-06,0.2035649955929837,0.0,0.0,0.5646402973188214,0.6940347242551841,0.5646402973188214,0.0,0.0,0.0
2021-01-07,0.0446847855925627,0.0,0.0,0.6177329439872576,0.6940347242551841,0.5646402973188214,0.05309264666843627,0.03502318821343244,0.01806945845500383
2021-01-07,0.0087095325610019,0.0,0.0,0.6177329439872576,0.6940347242551841,0.6177329439872576,0.0,0.0,0.0
2021-01-07,0.034431406213125,0.0,0.0,0.6177329439872576,0.6940347242551841,0.6177329439872576,0.0,0.0,0.0
2021-01-07,0.0093374405542221,0.0,0.0,0.6177329439872576,0.6940347242551841,0.6177329439872576,0.0,0.0,0.0
2021-01-07,0.034116303404539,0.0,0.0,0.6177329439872576,0.6940347242551841,0.6177329439872576,0.0,0.0,0.0
2021-01-07,0.0615136992652445,0.0,0.0,0.6177329439872576,0.6940347242551841,0.6177329439872576,0.0,0.0019005840191133488,0.0019005840191133488
2021-01-07,0.0077367749826717,0.0,0.0,0.6177329439872576,0.6940347242551841,0.6177329439872576,0.0,0.0,0.0
2021-01-07,0.020622760193101,0.0,0.0,0.6177329439872576,0.6940347242551841,0.6177329439872576,0.0,0.0,0.0
2021-01-07,0.0032531601188849,0.0,0.0,0.6177329439872576,0.6940347242551841,0.6177329439872576,0.0,0.0004051499867268388,0.0004051499867268388
2021-01-07,0.02702369167904,0.0,0.0,0.6177329439872576,0.6940347242551841,0.6177329439872576,0.0,0.0,0.0
2021-01-07,0.0478035641185729,0.0,0.0,0.6177329439872576,0.6940347242551841,0.6177329439872576,0.0,0.004247411733474902,0.004247411733474902
2021-01-07,0.013743597356039,0.0,0.0,0.6177329439872576,0.6940347242551841,0.6177329439872576,0.0,0.0,0.0
2021-01-08,0.0,0.0,0.0,0.6177329439872576,0.6940347242551841,0.6177329439872576,0.0,0.0,0.0
2021-01-08,0.0,0.0,0.0,0.6177329439872576,0.6940347242551841,0.6177329439872576,0.0,0.0,0.0
2021-01-08,0.0,0.0,0.0,0.6177329439872576,0.6940347242551841,0.6177329439872576,0.0,0.0,0.0
2021-01-08,0.0,0.0,0.0,0.6177329439872576,0.6940347242551841,0.6177329439872576,0.0,0.0,0.0
2021-01-08,0.0,0.0,0.0,0.6177329439872576,0.6940347242551841,0.6177329439872576,0.0,0.0,0.0
2021-01-08,0.0,0.0,0.0,0.6177329439872576,0.6940347242551841,0.6177329439872576,0.0,0.0,0.0
2021-01-08,0.0,0.0,0.0,0.6177329439872576,0.6940347242551841,0.6177329439872576,0.0,0.0,0.0
2021-01-08,0.0,0.0,0.0,0.6177329439872576,0.6940347242551841,0.6177329439872576,0.0,0.0,0.0
2021-01-08,0.0,0.0,0.0,0.6177329439872576,0.6940347242551841,0.6177329439872576,0.0,0.0,0.0
2021-01-08,0.0,0.0,0.0,0.6177329439872576,0.6940347242551841,0.6177329439872576,0.0,0.0,0.0
2021-01-08,0.0,0.0,0.0,0.6177329439872576,0.6940347242551841,0.6177329439872576,0.0,0.0,0.0
2021-01-08,0.0,0.0,0.0,0.6177329439872576,0.6940347242551841,0.6177329439872576,0.0,0.0,0.0
2021-01-09,0.0,0.0,0.0,0.6177329439872576,0.6940347242551841,0.6177329439872576,0.0,0.0,0.0
2021-01-09,0.0,0.0,0.0,0.6177329439872576,0.6940347242551841,0.6177329439872576,0.0,0.0,0.0
2021-01-09,0.0,0.0,0.0,0.6177329439872576,0.6940347242551841,0.6177329439872576,0.0,0.0,0.0
2021-01-09,0.0,0.0,0.0,0.6177329439872576,0.6940347242551841,0.6177329439872576,0.0,0.0,0.0
2021-01-09,0.0,0.0,0.0,0.6177329439872576,0.6940347242551841,0.6177329439872576,0.0,0.0,0.0
2021-01-09,0.0,0.0,0.0,0.6177329439872576,0.6940347242551841,0.6177329439872576,0.0,0.0,0.0
2021-01-09,0.0,0.0,0.0,0.6177329439872576,0.6940347242551841,0.6177329439872576,0.0,0.0,0.0
2021-01-09,0.0,0.0,0.0,0.6177329439872576,0.6940347242551841,0.6177329439872576,0.0,0.0,0.0
2021-01-09,0.0,0.0,0.0,0.6177329439872576,0.6940347242551841,0.6177329439872576,0.0,0.0,0.0
2021-01-09,0.0,0.0,0.0,0.6177329439872576,0.6940347242551841,0.6177329439872576,0.0,0.0,0.0
2021-01-09,0.0,0.0,0.0,0.6177329439872576,0.6940347242551841,0.6177329439872576,0.0,0.0,0.0
2021-01-09,0.0,0.0,0.0,0.6177329439872576,0.6940347242551841,0.6177329439872576,0.0,0.0,0.0
2021-01-10,0.0,0.0,0.0,0.6177329439872576,0.6940347242551841,0.6177329439872576,0.0,0.0,0.0
2021-01-10,0.0,0.0,0.0,0.6177329439872576,0.6940347242551841,0.6177329439872576,0.0,0.0,0.0
2021-01-10,0.0,0.0,0.0,0.6177329439872576,0.6940347242551841,0.6177329439872576,0.0,0.0,0.0
2021-01-10,0.0,0.0,0.0,0.6177329439872576,0.6940347242551841,0.6177329439872576,0.0,0.0,0.0
2021-01-10,0.0,0.0,0.0,0.6177329439872576,0.6940347242551841,0.6177329439872576,0.0,0.0,0.0
2021-01-10,0.0,0.0,0.0,0.6177329439872576,0.6940347242551841,0.6177329439872576,0.0,0.0,0.0
2021-01-10,0.0,0.0,0.0,0.6177329439872576,0.6940347242551841,0.6177329439872576,0.0,0.0,0.0
2021-01-10,0.0,0.0,0.0,0.6177329439872576,0.6940347242551841,0.6177329439872576,0.0,0.0,0.0
2021-01-10,0.0,0.0,0.0,0.6177329439872576,0.6940347242551841,0.6177329439872576,0.0,0.0,0.0
2021-01-10,0.0,0.0,0.0,0.6177329439872576,0.6940347242551841,0.6177329439872576,0.0,0.0,0.0
2021-01-10,0.0,0.0,0.0,0.6177329439872576,0.6940347242551841,0.6177329439872576,0.0,0.0,0.0
2021-01-10,0.0,0.0,0.0,0.6177329439872576,0.6940347242551841,0.6177329439872576,0.0,0.0,0.0
2021-01-11,0.0,0.0,0.0,0.6177329439872576,0.6940347242551841,0.6177329439872576,0.0,0.0,0.0
2021-01-11,0.0,0.0,0.0,0.6177329439872576,0.6940347242551841,0.6177329439872576,0.0,0.0,0.0
2021-01-11,0.0,0.0,0.0,0.6177329439872576,0.6940347242551841,0.6177329439872576,0.0,0.0,0.0
2021-01-11,0.0,0.0,0.0,0.6177329439872576,0.6940347242551841,0.6177329439872576,0.0,0.0,0.0
2021-01-11,0.0,0.0,0.0,0.6177329439872576,0.6940347242551841,0.6177329439872576,0.0,0.0,0.0
2021-01-11,0.0,0.0,0.0,0.6177329439872576,0.6940347242551841,0.6177329439872576,0.0,0.0,0.0
2021-01-11,0.0,0.0,0.0,0.6177329439872576,0.6940347242551841,0.6177329439872576,0.0,0.0,0.0
2021-01-11,0.0,0.0,0.0,0.6177329439872576,0.6940347242551841,0.6177329439872576,0.0,0.0,0.0
2021-01-11,0.0,0.0,0.0,0.6177329439872576,0.6940347242551841,0.6177329439872576,0.0,0.0,0.0
2021-01-11,0.0,0.0,0.0,0.6177329439872576,0.6940347242551841,0.6177329439872576,0.0,0.0,0.0
2021-01-11,0.0,0.0,0.0,0.6177329439872576,0.6940347242551841,0.6177329439872576,0.0,0.0,0.0
2021-01-11,0.0,0.0,0.0,0.6177329439872576,0.6940347242551841,0.6177329439872576,0.0,0.0,0.0
2021-01-12,0.0,0.0,0.0,0.6177329439872576,0.6940347242551841,0.6177329439872576,0.0,0.0,0.0
2021-01-12,0.0,0.0,0.0,0.6177329439872576,0.6940347242551841,0.6177329439872576,0.0,0.0,0.0
2021-01-12,0.0,0.0,0.0,0.6177329439872576,0.6940347242551841,0.6177329439872576,0.0,0.0,0.0
2021-01-12,0.0,0.0,0.0,0.6177329439872576,0.6940347242551841,0.6177329439872576,0.0,0.0,0.0
2021-01-12,0.0,0.0,0.0,0.6177329439872576,0.6940347242551841,0.6177329439872576,0.0,0.0,0.0
2021-01-12,0.0,0.0,0.0,0.6177329439872576,0.6940347242551841,0.6177329439872576,0.0,0.0,0.0
2021-01-12,0.0,0.0,0.0,0.6177329439872576,0.6940347242551841,0.6177329439872576,0.0,0.0,0.0
2021-01-12,0.0,0.0,0.0,0.6177329439872576,0.6940347242551841,0.6177329439872576,0.0,0.0,0.0
2021-01-12,0.0,0.0,0.0,0.6177329439872576,0.6940347242551841,0.6177329439872576,0.0,0.0,0.0
2021-01-12,0.0,0.0,0.0,0.6177329439872576,0.6940347242551841,0.6177329439872576,0.0,0.0,0.0
2021-01-12,0.0,0.0,0.0,0.6177329439872576,0.6940347242551841,0.6177329439872576,0.0,0.0,0.0
2021-01-12,0.0,0.0,0.0,0.6177329439872576,0.6940347242551841,0.6177329439872576,0.0,0.0,0.0
2021-01-13,0.0,0.0,0.0,0.516060525617202,0.6726191816605489,0.6177329439872576,-0.1016724183700557,0.0,0.1016724183700557
2021-01-13,0.0,0.0,0.0,0.516060525617202,0.6726191816605489,0.516060525617202,0.0,0.0,0.0
2021-01-13,0.0,0.0,0.0,0.516060525617202,0.6726191816605489,0.516060525617202,0.0,0.0,0.0
2021-01-13,0.0,0.0,0.0,0.516060525617202,0.6726191816605489,0.516060525617202,0.0,0.0,0.0
2021-01-13,0.0,0.0,0.0,0.516060525617202,0.6726191816605489,0.516060525617202,0.0,0.0,0.0
2021-01-13,0.0,0.0,0.0,0.516060525617202,0.6726191816605489,0.516060525617202,0.0,0.0,0.0
2021-01-13,0.0,0.0,0.0,0.516060525617202,0.6726191816605489,0.516060525617202,0.0,0.0,0.0
2021-01-13,0.0,0.0,0.0,0.516060525617202,0.6726191816605489,0.516060525617202,0.0,0.0,0.0
2021-01-13,0.0,0.0,0.0,0.516060525617202,0.6726191816605489,0.516060525617202,0.0,0.0,0.0
2021-01-13,0.0,0.0,0.0,0.516060525617202,0.6726191816605489,0.516060525617202,0.0,0.0,0.0
2021-01-13,0.0,0.0,0.0,0.516060525617202,0.6726191816605489,0.516060525617202,0.0,0.0,0.0
2021-01-13,0.0,0.0,0.0,0.516060525617202,0.6726191816605489,0.516060525617202,0.0,0.0,0.0
2021-01-14,0.0,0.0,0.0,0.5890629147863021,0.6726191816605489,0.516060525617202,0.07300238916910018,0.0,0.07300238916910018
2021-01-14,0.0,0.0,0.0,0.5890629147863021,0.6726191816605489,0.5890629147863021,0.0,0.0,0.0
2021-01-14,0.0,0.0,0.0,0.5890629147863021,0.6726191816605489,0.5890629147863021,0.0,0.0,0.0
2021-01-14,0.0,0.0,0.0,0.5890629147863021,0.6726191816605489,0.5890629147863021,0.0,0.0,0.0
2021-01-14,0.0,0.0,0.0,0.5890629147863021,0.6726191816605489,0.5890629147863021,0.0,0.0,0.0
2021-01-14,0.0,0.0,0.0,0.5890629147863021,0.6726191816605489,0.5890629147863021,0.0,0.0,0.0
2021-01-14,0.0,0.0,0.0,0.5890629147863021,0.6726191816605489,0.5890629147863021,0.0,0.0,0.0
2021-01-14,0.0,0.0,0.0,0.5890629147863021,0.6726191816605489,0.5890629147863021,0.0,0.0,0.0
2021-01-14,0.0,0.0,0.0,0.5890629147863021,0.6726191816605489,0.5890629147863021,0.0,0.0,0.0
2021-01-14,0.0,0.0,0.0,0.5890629147863021,0.6726191816605489,0.5890629147863021,0.0,0.0,0.0
2021-01-14,0.0,0.0,0.0,0.5890629147863021,0.6726191816605489,0.5890629147863021,0.0,0.0,0.0
2021-01-14,0.0,0.0,0.0,0.5890629147863021,0.6726191816605489,0.5890629147863021,0.0,0.0,0.0
2021-01-15,0.0,0.0,0.0,0.5890629147863021,0.6726191816605489,0.5890629147863021,0.0,0.0,0.0
2021-01-15,0.0,0.0,0.0,0.5890629147863021,0.6726191816605489,0.5890629147863021,0.0,0.0,0.0
2021-01-15,0.0,0.0,0.0,0.5890629147863021,0.6726191816605489,0.5890629147863021,0.0,0.0,0.0
2021-01-15,0.0,0.0,0.0,0.5890629147863021,0.6726191816605489,0.5890629147863021,0.0,0.0,0.0
2021-01-15,0.0,0.0,0.0,0.5890629147863021,0.6726191816605489,0.5890629147863021,0.0,0.0,0.0
2021-01-15,0.0,0.0,0.0,0.5890629147863021,0.6726191816605489,0.5890629147863021,0.0,0.0,0.0
2021-01-15,0.0,0.0,0.0,0.5890629147863021,0.6726191816605489,0.5890629147863021,0.0,0.0,0.0
2021-01-15,0.0,0.0,0.0,0.5890629147863021,0.6726191816605489,0.5890629147863021,0.0,0.0,0.0
2021-01-15,0.0,0.0,0.0,0.5890629147863021,0.6726191816605489,0.5890629147863021,0.0,0.0,0.0
2021-01-15,0.0,0.0,0.0,0.5890629147863021,0.6726191816605489,0.5890629147863021,0.0,0.0,0.0
2021-01-15,0.0,0.0,0.0,0.5890629147863021,0.6726191816605489,0.5890629147863021,0.0,0.0,0.0
2021-01-15,0.0,0.0,0.0,0.5890629147863021,0.6726191816605489,0.5890629147863021,0.0,0.0,0.0
2021-01-16,0.0,0.0,0.0,0.5890629147863021,0.6726191816605489,0.5890629147863021,0.0,0.0,0.0
2021-01-16,0.0,0.0,0.0,0.5890629147863021,0.6726191816605489,0.5890629147863021,0.0,0.0,0.0
2021-01-16,0.0,0.0,0.0,0.5890629147863021,0.6726191816605489,0.5890629147863021,0.0,0.0,0.0
2021-01-16,0.0,0.0,0.0,0.5890629147863021,0.6726191816605489,0.5890629147863021,0.0,0.0,0.0
2021-01-16,0.0,0.0,0.0,0.5890629147863021,0.6726191816605489,0.5890629147863021,0.0,0.0,0.0
2021-01-16,0.0,0.0,0.0,0.5890629147863021,0.6726191816605489,0.5890629147863021,0.0,0.0,0.0
2021-01-16,0.0,0.0,0.0,0.5890629147863021,0.6726191816605489,0.5890629147863021,0.0,0.0,0.0
2021-01-16,0.0,0.0,0.0,0.5890629147863021,0.6726191816605489,0.5890629147863021,0.0,0.0,0.0
2021-01-16,0.0,0.0,0.0,0.5890629147863021,0.6726191816605489,0.5890629147863021,0.0,0.0,0.0
2021-01-16,0.0,0.0,0.0,0.5890629147863021,0.6726191816605489,0.5890629147863021,0.0,0.0,0.0
2021-01-16,0.0,0.0,0.0,0.5890629147863021,0.6726191816605489,0.5890629147863021,0.0,0.0,0.0
2021-01-16,0.0,0.0,0.0,0.5890629147863021,0.6726191816605489,0.5890629147863021,0.0,0.0,0.0
2021-01-17,0.0,0.0,0.0,0.5890629147863021,0.6726191816605489,0.5890629147863021,0.0,0.0,0.0
2021-01-17,0.0,0.0,0.0,0.5890629147863021,0.6726191816605489,0.5890629147863021,0.0,0.0,0.0
2021-01-17,0.0,0.0,0.0,0.5890629147863021,0.6726191816605489,0.5890629147863021,0.0,0.0,0.0
2021-01-17,0.0,0.0,0.0,0.5890629147863021,0.6726191816605489,0.5890629147863021,0.0,0.0,0.0
2021-01-17,0.0,0.0,0.0,0.5890629147863021,0.6726191816605489,0.5890629147863021,0.0,0.0,0.0
2021-01-17,0.0,0.0,0.0,0.5890629147863021,0.6726191816605489,0.5890629147863021,0.0,0.0,0.0
2021-01-17,0.0,0.0,0.0,0.5890629147863021,0.6726191816605489,0.5890629147863021,0.0,0.0,0.0
2021-01-17,0.0,0.0,0.0,0.5890629147863021,0.6726191816605489,0.5890629147863021,0.0,0.0,0.0
2021-01-17,0.0,0.0,0.0,0.5890629147863021,0.6726191816605489,0.5890629147863021,0.0,0.0,0.0
2021-01-17,0.0,0.0,0.0,0.5890629147863021,0.6726191816605489,0.5890629147863021,0.0,0.0,0.0
2021-01-17,0.0,0.0,0.0,0.5890629147863021,0.6726191816605489,0.5890629147863021,0.0,0.0,0.0
2021-01-17,0.0,0.0,0.0,0.5890629147863021,0.6726191816605489,0.5890629147863021,0.0,0.0,0.0
2021-01-18,0.0,0.0,0.0,0.5890629147863021,0.6726191816605489,0.5890629147863021,0.0,0.0,0.0
2021-01-18,0.0,0.0,0.0,0.5890629147863021,0.6726191816605489,0.5890629147863021,0.0,0.0,0.0
2021-01-18,0.0,0.0,0.0,0.5890629147863021,0.6726191816605489,0.5890629147863021,0.0,0.0,0.0
2021-01-18,0.0,0.0,0.0,0.5890629147863021,0.6726191816605489,0.5890629147863021,0.0,0.0,0.0
2021-01-18,0.0,0.0,0.0,0.5890629147863021,0.6726191816605489,0.5890629147863021,0.0,0.0,0.0
2021-01-18,0.0,0.0,0.0,0.5890629147863021,0.6726191816605489,0.5890629147863021,0.0,0.0,0.0
2021-01-18,0.0,0.0,0.0,0.5890629147863021,0.6726191816605489,0.5890629147863021,0.0,0.0,0.0
2021-01-18,0.0,0.0,0.0,0.5890629147863021,0.6726191816605489,0.5890629147863021,0.0,0.0,0.0
2021-01-18,0.0,0.0,0.0,0.5890629147863021,0.6726191816605489,0.5890629147863021,0.0,0.0,0.0
2021-01-18,0.0,0.0,0.0,0.5890629147863021,0.6726191816605489,0.5890629147863021,0.0,0.0,0.0
2021-01-18,0.0,0.0,0.0,0.5890629147863021,0.6726191816605489,0.5890629147863021,0.0,0.0,0.0
2021-01-18,0.0,0.0,0.0,0.5890629147863021,0.6726191816605489,0.5890629147863021,0.0,0.0,0.0
2021-01-19,0.0,0.0,0.0,0.5890629147863021,0.6726191816605489,0.5890629147863021,0.0,0.0,0.0
2021-01-19,0.0,0.0,0.0,0.5890629147863021,0.6726191816605489,0.5890629147863021,0.0,0.0,0.0
2021-01-19,0.0,0.0,0.0,0.5890629147863021,0.6726191816605489,0.5890629147863021,0.0,0.0,0.0
2021-01-19,0.0,0.0,0.0,0.5890629147863021,0.6726191816605489,0.5890629147863021,0.0,0.0,0.0
2021-01-19,0.0,0.0,0.0,0.5890629147863021,0.6726191816605489,0.5890629147863021,0.0,0.0,0.0
2021-01-19,0.0,0.0,0.0,0.5890629147863021,0.6726191816605489,0.5890629147863021,0.0,0.0,0.0
2021-01-19,0.0,0.0,0.0,0.5890629147863021,0.6726191816605489,0.5890629147863021,0.0,0.0,0.0
2021-01-19,0.0,0.0,0.0,0.5890629147863021,0.6726191816605489,0.5890629147863021,0.0,0.0,0.0
2021-01-19,0.0,0.0,0.0,0.5890629147863021,0.6726191816605489,0.5890629147863021,0.0,0.0,0.0
2021-01-19,0.0,0.0,0.0,0.5890629147863021,0.6726191816605489,0.5890629147863021,0.0,0.0,0.0
2021-01-19,0.0,0.0,0.0,0.5890629147863021,0.6726191816605489,0.5890629147863021,0.0,0.0,0.0
2021-01-19,0.0,0.0,0.0,0.5890629147863021,0.6726191816605489,0.5890629147863021,0.0,0.0,0.0
2021-01-20,0.0,0.0,0.0,0.4828776214494291,0.6462945031188774,0.5890629147863021,-0.10618529333687304,0.0,0.10618529333687304
2021-01-20,0.0,0.0,0.0,0.4828776214494291,0.6462945031188774,0.4828776214494291,0.0,0.0,0.0
2021-01-20,0.0,0.0,0.0,0.4828776214494291,0.6462945031188774,0.4828776214494291,0.0,0.0,0.0
2021-01-20,0.0,0.0,0.0,0.4828776214494291,0.6462945031188774,0.4828776214494291,0.0,0.0,0.0
2021-01-20,0.0,0.0,0.0,0.4828776214494291,0.6462945031188774,0.4828776214494291,0.0,0.0,0.0
2021-01-20,0.0,0.0,0.0,0.4828776214494291,0.6462945031188774,0.4828776214494291,0.0,0.0,0.0
2021-01-20,0.0,0.0,0.0,0.4828776214494291,0.6462945031188774,0.4828776214494291,0.0,0.0,0.0
2021-01-20,0.0,0.0,0.0,0.4828776214494291,0.6462945031188774,0.4828776214494291,0.0,0.0,0.0
2021-01-20,0.0,0.0,0.0,0.4828776214494291,0.6462945031188774,0.4828776214494291,0.0,0.0,0.0
2021-01-20,0.0,0.0,0.0,0.4828776214494291,0.6462945031188774,0.4828776214494291,0.0,0.0,0.0
2021-01-20,0.0,0.0,0.0,0.4828776214494291,0.6462945031188774,0.4828776214494291,0.0,0.0,0.0
2021-01-20,0.0,0.0,0.0,0.4828776214494291,0.6462945031188774,0.4828776214494291,0.0,0.0,0.0
2021-01-21,0.0,0.0,0.0,0.4829280594637642,0.6462945031188774,0.4828776214494291,5.043801433513018e-05,0.0,5.043801433513018e-05
2021-01-21,0.0,0.0,0.0,0.4829280594637642,0.6462945031188774,0.4829280594637642,0.0,0.0,0.0
2021-01-21,0.0,0.0,0.0,0.4829280594637642,0.6462945031188774,0.4829280594637642,0.0,0.0,0.0
2021-01-21,0.0,0.0,0.0,0.4829280594637642,0.6462945031188774,0.4829280594637642,0.0,0.0,0.0
2021-01-21,0.0,0.0,0.0,0.4829280594637642,0.6462945031188774,0.4829280594637642,0.0,0.0,0.0
2021-01-21,0.0,0.0,0.0,0.4829280594637642,0.6462945031188774,0.4829280594637642,0.0,0.0,0.0
2021-01-21,0.0,0.0,0.0,0.4829280594637642,0.6462945031188774,0.4829280594637642,0.0,0.0,0.0
2021-01-21,0.0,0.0,0.0,0.4829280594637642,0.6462945031188774,0.4829280594637642,0.0,0.0,0.0
2021-01-21,0.0,0.0,0.0,0.4829280594637642,0.6462945031188774,0.4829280594637642,0.0,0.0,0.0
2021-01-21,0.0,0.0,0.0,0.4829280594637642,0.6462945031188774,0.4829280594637642,0.0,0.0,0.0
2021-01-21,0.0,0.0,0.0,0.4829280594637642,0.6462945031188774,0.4829280594637642,0.0,0.0,0.0
2021-01-21,0.0,0.0,0.0,0.4829280594637642,0.6462945031188774,0.4829280594637642,0.0,0.0,0.0
2021-01-22,0.0,0.0,0.0,0.4829280594637642,0.6462945031188774,0.4829280594637642,0.0,0.0,0.0
2021-01-22,0.0,0.0,0.0,0.4829280594637642,0.6462945031188774,0.4829280594637642,0.0,0.0,0.0
2021-01-22,0.0,0.0,0.0,0.4829280594637642,0.6462945031188774,0.4829280594637642,0.0,0.0,0.0
2021-01-22,0.0,0.0,0.0,0.4829280594637642,0.6462945031188774,0.4829280594637642,0.0,0.0,0.0
2021-01-22,0.0,0.0,0.0,0.4829280594637642,0.6462945031188774,0.4829280594637642,0.0,0.0,0.0
2021-01-22,0.0,0.0,0.0,0.4829280594637642,0.6462945031188774,0.4829280594637642,0.0,0.0,0.0
2021-01-22,0.0,0.0,0.0,0.4829280594637642,0.6462945031188774,0.4829280594637642,0.0,0.0,0.0
2021-01-22,0.0,0.0,0.0,0.4829280594637642,0.6462945031188774,0.4829280594637642,0.0,0.0,0.0
2021-01-22,0.0,0.0,0.0,0.4829280594637642,0.6462945031188774,0.4829280594637642,0.0,0.0,0.0
2021-01-22,0.0,0.0,0.0,0.4829280594637642,0.6462945031188774,0.4829280594637642,0.0,0.0,0.0
2021-01-22,0.0,0.0,0.0,0.4829280594637642,0.6462945031188774,0.4829280594637642,0.0,0.0,0.0
2021-01-22,0.0,0.0,0.0,0.4829280594637642,0.6462945031188774,0.4829280594637642,0.0,0.0,0.0
2021-01-23,0.0,0.0,0.0,0.4829280594637642,0.6462945031188774,0.4829280594637642,0.0,0.0,0.0
2021-01-23,0.0,0.0,0.0,0.4829280594637642,0.6462945031188774,0.4829280594637642,0.0,0.0,0.0
2021-01-23,0.0,0.0,0.0,0.4829280594637642,0.6462945031188774,0.4829280594637642,0.0,0.0,0.0
2021-01-23,0.0,0.0,0.0,0.4829280594637642,0.6462945031188774,0.4829280594637642,0.0,0.0,0.0
2021-01-23,0.0,0.0,0.0,0.4829280594637642,0.6462945031188774,0.4829280594637642,0.0,0.0,0.0
2021-01-23,0.0,0.0,0.0,0.4829280594637642,0.6462945031188774,0.4829280594637642,0.0,0.0,0.0
2021-01-23,0.0,0.0,0.0,0.4829280594637642,0.6462945031188774,0.4829280594637642,0.0,0.0,0.0
2021-01-23,4.408293450580504e-06,0.0,0.0,0.4829280594637642,0.6462945031188774,0.4829280594637642,0.0,0.0,0.0
2021-01-23,0.0,0.0,0.0,0.4829280594637642,0.6462945031188774,0.4829280594637642,0.0,0.0,0.0
2021-01-23,0.0,0.0,0.0,0.4829280594637642,0.6462945031188774,0.4829280594637642,0.0,0.0,0.0
2021-01-23,0.0,0.0,0.0,0.4829280594637642,0.6462945031188774,0.4829280594637642,0.0,0.0,0.0
2021-01-23,0.0,0.0,0.0,0.4829280594637642,0.6462945031188774,0.4829280594637642,0.0,0.0,0.0
2021-01-24,0.0092161846540321,0.0,0.0,0.4829280594637642,0.6462945031188774,0.4829280594637642,0.0,0.0,0.0
2021-01-24,0.1030929286577216,0.0,0.0,0.4829280594637642,0.6462945031188774,0.4829280594637642,0.0,0.0,0.0
2021-01-24,0.0300663609176521,0.0,0.0,0.4829280594637642,0.6462945031188774,0.4829280594637642,0.0,1.0353066100363128e-06,1.0353066100363128e-06
2021-01-24,0.0336695615601179,0.0,0.0,0.4829280594637642,0.6462945031188774,0.4829280594637642,0.0,0.0,0.0
2021-01-24,0.1081971106370686,0.0,0.0,0.4829280594637642,0.6462945031188774,0.4829280594637642,0.0,0.0,0.0
2021-01-24,0.0092248118523703,0.0,0.0,0.4829280594637642,0.6462945031188774,0.4829280594637642,0.0,0.0,0.0
2021-01-24,0.0009153094828466,0.0,0.0,0.4829280594637642,0.6462945031188774,0.4829280594637642,0.0,0.0,0.0
2021-01-24,0.0443973871293772,0.0,0.0,0.4829280594637642,0.6462945031188774,0.4829280594637642,0.0,0.0,0.0
2021-01-24,0.0083237950096917,0.0,0.0,0.4829280594637642,0.6462945031188774,0.4829280594637642,0.0,0.0,0.0
2021-01-24,0.0028402633147221,0.0,0.0,0.4829280594637642,0.6462945031188774,0.4829280594637642,0.0,0.0004051499867268388,0.0004051499867268388
2021-01-24,0.0429423777814324,0.0,0.0,0.4829280594637642,0.6462945031188774,0.4829280594637642,0.0,0.0,0.0
2021-01-24,0.0650546447689914,0.0,0.0,0.4829280594637642,0.6462945031188774,0.4829280594637642,0.0,0.0,0.0
2021-01-25,0.0,0.0,0.0,0.4829280594637642,0.6462945031188774,0.4829280594637642,0.0,0.0,0.0
2021-01-25,0.0,0.0,0.0,0.4829280594637642,0.6462945031188774,0.4829280594637642,0.0,0.0,0.0
2021-01-25,0.0,0.0,0.0,0.4829280594637642,0.6462945031188774,0.4829280594637642,0.0,0.0,0.0
2021-01-25,0.0,0.0,0.0,0.4829280594637642,0.6462945031188774,0.4829280594637642,0.0,0.0,0.0
2021-01-25,0.0,0.0,0.0,0.4829280594637642,0.6462945031188774,0.4829280594637642,0.0,0.0,0.0
2021-01-25,0.0,0.0,0.0,0.4829280594637642,0.6462945031188774,0.4829280594637642,0.0,0.0,0.0
2021-01-25,0.0003435742040438,0.0,0.0,0.4829280594637642,0.6462945031188774,0.4829280594637642,0.0,0.0,0.0
2021-01-25,0.0,0.0,0.0,0.4829280594637642,0.6462945031188774,0.4829280594637642,0.0,0.0,0.0
2021-01-25,0.0,0.0,0.0,0.4829280594637642,0.6462945031188774,0.4829280594637642,0.0,0.0,0.0
2021-01-25,0.0,0.0,0.0,0.4829280594637642,0.6462945031188774,0.4829280594637642,0.0,0.0,0.0
2021-01-25,0.0,0.0,0.0,0.4829280594637642,0.6462945031188774,0.4829280594637642,0.0,0.0,0.0
2021-01-25,0.0,0.0,0.0,0.4829280594637642,0.6462945031188774,0.4829280594637642,0.0,0.0,0.0
2021-01-26,0.0,0.0,0.0,0.4829280594637642,0.6462945031188774,0.4829280594637642,0.0,0.0,0.0
2021-01-26,0.0,0.0,0.0,0.4829280594637642,0.6462945031188774,0.4829280594637642,0.0,0.0,0.0
2021-01-26,0.0,0.0,0.0,0.4829280594637642,0.6462945031188774,0.4829280594637642,0.0,0.0,0.0
2021-01-26,0.0,0.0,0.0,0.4829280594637642,0.6462945031188774,0.4829280594637642,0.0,0.0,0.0
2021-01-26,0.0,0.0,0.0,0.4829280594637642,0.6462945031188774,0.4829280594637642,0.0,0.0,0.0
2021-01-26,0.0,0.0,0.0,0.4829280594637642,0.6462945031188774,0.4829280594637642,0.0,0.0,0.0
2021-01-26,0.0,0.0,0.0,0.4829280594637642,0.6462945031188774,0.4829280594637642,0.0,0.0,0.0
2021-01-26,0.0,0.0,0.0,0.4829280594637642,0.6462945031188774,0.4829280594637642,0.0,0.0,0.0
2021-01-26,0.0,0.0,0.0,0.4829280594637642,0.6462945031188774,0.4829280594637642,0.0,0.0,0.0
2021-01-26,0.0,0.0,0.0,0.4829280594637642,0.6462945031188774,0.4829280594637642,0.0,0.0,0.0
2021-01-26,0.0,0.0,0.0,0.4829280594637642,0.6462945031188774,0.4829280594637642,0.0,0.0,0.0
2021-01-26,0.0,0.0,0.0,0.4829280594637642,0.6462945031188774,0.4829280594637642,0.0,0.0,0.0
2021-01-27,0.0,0.0,0.0,0.4481019378816033,0.6149931317134687,0.4829280594637642,-0.03482612158216092,0.0,0.03482612158216092
2021-01-27,0.0,0.0,0.0,0.4481019378816033,0.6149931317134687,0.4481019378816033,0.0,0.0,0.0
2021-01-27,0.0,0.0,0.0,0.4481019378816033,0.6149931317134687,0.4481019378816033,0.0,0.0,0.0
2021-01-27,0.0,0.0,0.0,0.4481019378816033,0.6149931317134687,0.4481019378816033,0.0,0.0,0.0
2021-01-27,0.0,0.0,0.0,0.4481019378816033,0.6149931317134687,0.4481019378816033,0.0,0.0,0.0
2021-01-27,0.0,0.0,0.0,0.4481019378816033,0.6149931317134687,0.4481019378816033,0.0,0.0,0.0
2021-01-27,0.0,0.0,0.0,0.4481019378816033,0.6149931317134687,0.4481019378816033,0.0,0.0,0.0
2021-01-27,0.0,0.0,0.0,0.4481019378816033,0.6149931317134687,0.4481019378816033,0.0,0.0,0.0
2021-01-27,0.0,0.0,0.0,0.4481019378816033,0.6149931317134687,0.4481019378816033,0.0,0.0,0.0
2021-01-27,0.0,0.0,0.0,0.4481019378816033,0.6149931317134687,0.4481019378816033,0.0,0.0,0.0
2021-01-27,0.0,0.0,0.0,0.4481019378816033,0.6149931317134687,0.4481019378816033,0.0,0.0,0.0
2021-01-27,0.0,0.0,0.0,0.4481019378816033,0.6149931317134687,0.4481019378816033,0.0,0.0,0.0
2021-01-28,0.0,0.0,0.0,0.4481019378816033,0.6149931317134687,0.4481019378816033,0.0,0.0,0.0
2021-01-28,0.0,0.0,0.0,0.4481019378816033,0.6149931317134687,0.4481019378816033,0.0,0.0,0.0
2021-01-28,0.0,0.0,0.0,0.4481019378816033,0.6149931317134687,0.4481019378816033,0.0,0.0,0.0
2021-01-28,0.0,0.0,0.0,0.4481019378816033,0.6149931317134687,0.4481019378816033,0.0,0.0,0.0
2021-01-28,0.0,0.0,0.0,0.4481019378816033,0.6149931317134687,0.4481019378816033,0.0,0.0,0.0
2021-01-28,0.0,0.0,0.0,0.4481019378816033,0.6149931317134687,0.4481019378816033,0.0,0.0,0.0
2021-01-28,0.0,0.0,0.0,0.4481019378816033,0.6149931317134687,0.4481019378816033,0.0,0.0,0.0
2021-01-28,0.0,0.0,0.0,0.4481019378816033,0.6149931317134687,0.4481019378816033,0.0,0.0,0.0
2021-01-28,0.0,0.0,0.0,0.4481019378816033,0.6149931317134687,0.4481019378816033,0.0,0.0,0.0
2021-01-28,0.0,0.0,0.0,0.4481019378816033,0.6149931317134687,0.4481019378816033,0.0,0.0,0.0
2021-01-28,0.0,0.0,0.0,0.4481019378816033,0.6149931317134687,0.4481019378816033,0.0,0.0,0.0
2021-01-28,0.0,0.0,0.0,0.4481019378816033,0.6149931317134687,0.4481019378816033,0.0,0.0,0.0
2021-01-29,0.0,0.0,0.0,0.4481019378816033,0.6149931317134687,0.4481019378816033,0.0,0.0,0.0
2021-01-29,0.0,0.0,0.0,0.4481019378816033,0.6149931317134687,0.4481019378816033,0.0,0.0,0.0
2021-01-29,0.0,0.0,0.0,0.4481019378816033,0.6149931317134687,0.4481019378816033,0.0,0.0,0.0
2021-01-29,0.0,0.0,0.0,0.4481019378816033,0.6149931317134687,0.4481019378816033,0.0,0.0,0.0
2021-01-29,0.0,0.0,0.0,0.4481019378816033,0.6149931317134687,0.4481019378816033,0.0,0.0,0.0
2021-01-29,0.0,0.0,0.0,0.4481019378816033,0.6149931317134687,0.4481019378816033,0.0,0.0,0.0
2021-01-29,0.0,0.0,0.0,0.4481019378816033,0.6149931317134687,0.4481019378816033,0.0,0.0,0.0
2021-01-29,0.0,0.0,0.0,0.4481019378816033,0.6149931317134687,0.4481019378816033,0.0,0.0,0.0
2021-01-29,0.0,0.0,0.0,0.4481019378816033,0.6149931317134687,0.4481019378816033,0.0,0.0,0.0
2021-01-29,0.0,0.0,0.0,0.4481019378816033,0.6149931317134687,0.4481019378816033,0.0,0.0,0.0
2021-01-29,0.0,0.0,0.0,0.4481019378816033,0.6149931317134687,0.4481019378816033,0.0,0.0,0.0
2021-01-29,0.0,0.0,0.0,0.4481019378816033,0.6149931317134687,0.4481019378816033,0.0,0.0,0.0
2021-01-30,0.0,0.0,0.0,0.4481019378816033,0.6149931317134687,0.4481019378816033,0.0,0.0,0.0
2021-01-30,0.0,0.0,0.0,0.4481019378816033,0.6149931317134687,0.4481019378816033,0.0,0.0,0.0
2021-01-30,0.0,0.0,0.0,0.4481019378816033,0.6149931317134687,0.4481019378816033,0.0,0.0,0.0
2021-01-30,0.0,0.0,0.0,0.4481019378816033,0.6149931317134687,0.4481019378816033,0.0,0.0,0.0
2021-01-30,0.0,0.0,0.0,0.4481019378816033,0.6149931317134687,0.4481019378816033,0.0,0.0,0.0
2021-01-30,0.0,0.0,0.0,0.4481019378816033,0.6149931317134687,0.4481019378816033,0.0,0.0,0.0
2021-01-30,0.0,0.0,0.0,0.4481019378816033,0.6149931317134687,0.4481019378816033,0.0,0.0,0.0
2021-01-30,0.0,0.0,0.0,0.4481019378816033,0.6149931317134687,0.4481019378816033,0.0,0.0,0.0
2021-01-30,0.0,0.0,0.0,0.4481019378816033,0.6149931317134687,0.4481019378816033,0.0,0.0,0.0
2021-01-30,0.0,0.0,0.0,0.4481019378816033,0.6149931317134687,0.4481019378816033,0.0,0.0,0.0
2021-01-30,0.0,0.0,0.0,0.4481019378816033,0.6149931317134687,0.4481019378816033,0.0,0.0,0.0
2021-01-30,0.0,0.0,0.0,0.4481019378816033,0.6149931317134687,0.4481019378816033,0.0,0.0,0.0
2021-01-31,0.0,0.0,0.0,0.4481019378816033,0.6149931317134687,0.4481019378816033,0.0,0.0,0.0
2021-01-31,0.0,0.0,0.0,0.4481019378816033,0.6149931317134687,0.4481019378816033,0.0,0.0,0.0
2021-01-31,0.0,0.0,0.0,0.4481019378816033,0.6149931317134687,0.4481019378816033,0.0,0.0,0.0
2021-01-31,0.0,0.0,0.0,0.4481019378816033,0.6149931317134687,0.4481019378816033,0.0,0.0,0.0
2021-01-31,0.0,0.0,0.0,0.4481019378816033,0.6149931317134687,0.4481019378816033,0.0,0.0,0.0
2021-01-31,0.0,0.0,0.0,0.4481019378816033,0.6149931317134687,0.4481019378816033,0.0,0.0,0.0
2021-01-31,0.0,0.0,0.0,0.4481019378816033,0.6149931317134687,0.4481019378816033,0.0,0.0,0.0
2021-01-31,0.0,0.0,0.0,0.4481019378816033,0.6149931317134687,0.4481019378816033,0.0,0.0,0.0
2021-01-31,0.0,0.0,0.0,0.4481019378816033,0.6149931317134687,0.4481019378816033,0.0,0.0,0.0
2021-01-31,0.0,0.0,0.0,0.4481019378816033,0.6149931317134687,0.4481019378816033,0.0,0.0,0.0
2021-01-31,0.0,0.0,0.0,0.4481019378816033,0.6149931317134687,0.4481019378816033,0.0,0.0,0.0
2021-01-31,0.0,0.0,0.0,0.4481019378816033,0.6149931317134687,0.4481019378816033,0.0,0.0,0.0
2021-02-01,0.0,0.0,0.0,0.4481019378816033,0.6149931317134687,0.4481019378816033,0.0,0.0,0.0
2021-02-01,0.0,0.0,0.0,0.4481019378816033,0.6149931317134687,0.4481019378816033,0.0,0.0,0.0
2021-02-01,0.0006060803944574,0.0,0.0,0.4481019378816033,0.6149931317134687,0.4481019378816033,0.0,0.0,0.0
2021-02-01,0.0012274062211659,0.0,0.0,0.4481019378816033,0.6149931317134687,0.4481019378816033,0.0,0.0,0.0
2021-02-01,0.0006879977458697,0.0,0.0,0.4481019378816033,0.6149931317134687,0.4481019378816033,0.0,0.0,0.0
2021-02-01,0.0045419336024559,0.0,0.0,0.4481019378816033,0.6149931317134687,0.4481019378816033,0.0,3.385983541279503e-05,3.385983541279503e-05
2021-02-01,0.0,0.0,0.0,0.4481019378816033,0.6149931317134687,0.4481019378816033,0.0,0.0,0.0
2021-02-01,0.0,0.0,0.0,0.4481019378816033,0.6149931317134687,0.4481019378816033,0.0,0.0,0.0
2021-02-01,0.0,0.0,0.0,0.4481019378816033,0.6149931317134687,0.4481019378816033,0.0,0.0,0.0
2021-02-01,0.0,0.0,0.0,0.4481019378816033,0.6149931317134687,0.4481019378816033,0.0,0.0,0.0
2021-02-01,0.0,0.0,0.0,0.4481019378816033,0.6149931317134687,0.4481019378816033,0.0,0.0,0.0
2021-02-01,0.0,0.0,0.0,0.4481019378816033,0.6149931317134687,0.4481019378816033,0.0,0.0,0.0
2021-02-02,0.0,0.0,0.0,0.4481019378816033,0.6149931317134687,0.4481019378816033,0.0,0.0,0.0
2021-02-02,0.0,0.0,0.0,0.4481019378816033,0.6149931317134687,0.4481019378816033,0.0,0.0,0.0
2021-02-02,0.0,0.0,0.0,0.4481019378816033,0.6149931317134687,0.4481019378816033,0.0,0.0,0.0
2021-02-02,0.0,0.0,0.0,0.4481019378816033,0.6149931317134687,0.4481019378816033,0.0,0.0,0.0
2021-02-02,0.0,0.0,0.0,0.4481019378816033,0.6149931317134687,0.4481019378816033,0.0,0.0,0.0
2021-02-02,0.0,0.0,0.0,0.4481019378816033,0.6149931317134687,0.4481019378816033,0.0,0.0,0.0
2021-02-02,0.0,0.0,0.0,0.4481019378816033,0.6149931317134687,0.4481019378816033,0.0,0.0,0.0
2021-02-02,0.0,0.0,0.0,0.4481019378816033,0.6149931317134687,0.4481019378816033,0.0,0.0,0.0
2021-02-02,0.0,0.0,0.0,0.4481019378816033,0.6149931317134687,0.4481019378816033,0.0,0.0,0.0
2021-02-02,0.0,0.0,0.0,0.4481019378816033,0.6149931317134687,0.4481019378816033,0.0,0.0,0.0
2021-02-02,0.0,0.0,0.0,0.4481019378816033,0.6149931317134687,0.4481019378816033,0.0,0.0,0.0
2021-02-02,0.0,0.0,0.0,0.4481019378816033,0.6149931317134687,0.4481019378816033,0.0,0.0,0.0
2021-02-03,0.0,0.0,0.0,0.4101406955136712,0.5811921543900738,0.4481019378816033,-0.03796124236793208,0.0,0.03796124236793208
2021-02-03,0.0,0.0,0.0,0.4101406955136712,0.5811921543900738,0.4101406955136712,0.0,0.0,0.0
2021-02-03,0.0,0.0,0.0,0.4101406955136712,0.5811921543900738,0.4101406955136712,0.0,0.0,0.0
2021-02-03,0.0,0.0,0.0,0.4101406955136712,0.5811921543900738,0.4101406955136712,0.0,0.0,0.0
2021-02-03,0.0,0.0,0.0,0.4101406955136712,0.5811921543900738,0.4101406955136712,0.0,0.0,0.0
2021-02-03,0.0,0.0,0.0,0.4101406955136712,0.5811921543900738,0.4101406955136712,0.0,0.0,0.0
2021-02-03,0.0,0.0,0.0,0.4101406955136712,0.5811921543900738,0.4101406955136712,0.0,0.0,0.0
2021-02-03,0.0,0.0,0.0,0.4101406955136712,0.5811921543900738,0.4101406955136712,0.0,0.0,0.0
2021-02-03,0.0,0.0,0.0,0.4101406955136712,0.5811921543900738,0.4101406955136712,0.0,0.0,0.0
2021-02-03,0.0,0.0,0.0,0.4101406955136712,0.5811921543900738,0.4101406955136712,0.0,0.0,0.0
2021-02-03,0.0,0.0,0.0,0.4101406955136712,0.5811921543900738,0.4101406955136712,0.0,0.0,0.0
2021-02-03,0.0,0.0,0.0,0.4101406955136712,0.5811921543900738,0.4101406955136712,0.0,0.0,0.0
2021-02-04,0.0247918504188305,0.0,0.0,0.4102097159543403,0.5811921543900738,0.4101406955136712,6.902044066908752e-05,0.0005665250862756205,0.0004975046456065329
2021-02-04,0.0346786949404142,0.0,0.0,0.4102097159543403,0.5811921543900738,0.4102097159543403,0.0,6.902044066908752e-07,6.902044066908752e-07
2021-02-04,0.06760370758705,0.0,0.0,0.4102097159543403,0.5811921543900738,0.4102097159543403,0.0,0.0,0.0
2021-02-04,0.0369402265391153,0.0,0.0,0.4102097159543403,0.5811921543900738,0.4102097159543403,0.0,0.0,0.0
2021-02-04,0.0840678740103797,0.0,0.0,0.4102097159543403,0.5811921543900738,0.4102097159543403,0.0,1.3273161666993438e-08,1.3273161666993438e-08
2021-02-04,0.0363983986325625,0.0,0.0,0.4102097159543403,0.5811921543900738,0.4102097159543403,0.0,0.0,0.0
2021-02-04,0.0459596705630047,0.0,0.0,0.4102097159543403,0.5811921543900738,0.4102097159543403,0.0,0.0,0.0
2021-02-04,0.0501346161096512,0.0,0.0,0.4102097159543403,0.5811921543900738,0.4102097159543403,0.0,0.0,0.0
2021-02-04,0.0444140902603067,0.0,0.0,0.4102097159543403,0.5811921543900738,0.4102097159543403,0.0,0.0,0.0
2021-02-04,0.0444326466374105,0.0,0.0,0.4102097159543403,0.5811921543900738,0.4102097159543403,0.0,0.0,0.0
2021-02-04,0.0175076746931655,0.0,0.0,0.4102097159543403,0.5811921543900738,0.4102097159543403,0.0,3.1059198301089385e-06,3.1059198301089385e-06
2021-02-04,0.0058274732274929,0.0,0.0,0.4102097159543403,0.5811921543900738,0.4102097159543403,0.0,3.451022033454376e-07,3.451022033454376e-07
2021-02-05,0.0975207426706043,0.0,0.0,0.4102097159543403,0.5811921543900738,0.4102097159543403,0.0,0.004628086010087605,0.004628086010087605
2021-02-05,0.0012433484567269,0.0,0.0,0.4102097159543403,0.5811921543900738,0.4102097159543403,0.0,0.0,0.0
2021-02-05,0.0671828224042129,0.0,0.0,0.4102097159543403,0.5811921543900738,0.4102097159543403,0.0,0.0,0.0
2021-02-05,0.0395405830508914,0.0,0.0,0.4102097159543403,0.5811921543900738,0.4102097159543403,0.0,0.0,0.0
2021-02-05,0.0046537410467142,0.0,0.0,0.4102097159543403,0.5811921543900738,0.4102097159543403,0.0,3.451022033454376e-07,3.451022033454376e-07
2021-02-05,0.0709555082997633,0.0,0.0,0.4102097159543403,0.5811921543900738,0.4102097159543403,0.0,0.0,0.0
2021-02-05,0.023835015843816,0.0,0.0,0.4102097159543403,0.5811921543900738,0.4102097159543403,0.0,0.00027699761083091576,0.00027699761083091576
2021-02-05,0.1311510792521472,0.0,0.0,0.4102097159543403,0.5811921543900738,0.4102097159543403,0.0,0.0,0.0
2021-02-05,0.1559883098565186,0.0,0.0,0.4102097159543403,0.5811921543900738,0.4102097159543403,0.0,0.0,0.0
2021-02-05,0.2955965618120955,0.0,0.0,0.4102097159543403,0.5811921543900738,0.4102097159543403,0.0,0.0,0.0
2021-02-05,0.2297161660640958,0.0,0.0,0.4102097159543403,0.5811921543900738,0.4102097159543403,0.0,0.0,0.0
2021-02-05,0.0551940232564231,0.0,0.0,0.4102097159543403,0.5811921543900738,0.4102097159543403,0.0,0.00027873639500929136,0.00027873639500929136
2021-02-06,0.0,0.0,0.0,0.4102097159543403,0.5811921543900738,0.4102097159543403,0.0,0.0,0.0
2021-02-06,0.0006286104514395,0.0,0.0,0.4102097159543403,0.5811921543900738,0.4102097159543403,0.0,0.0,0.0
2021-02-06,0.0,0.0,0.0,0.4102097159543403,0.5811921543900738,0.4102097159543403,0.0,0.0,0.0
2021-02-06,2.096697892724928e-05,0.0,0.0,0.4102097159543403,0.5811921543900738,0.4102097159543403,0.0,0.0,0.0
2021-02-06,0.0,0.0,0.0,0.4102097159543403,0.5811921543900738,0.4102097159543403,0.0,0.0,0.0
2021-02-06,0.0,0.0,0.0,0.4102097159543403,0.5811921543900738,0.4102097159543403,0.0,0.0,0.0
2021-02-06,0.0,0.0,0.0,0.4102097159543403,0.5811921543900738,0.4102097159543403,0.0,0.0,0.0
2021-02-06,0.0,0.0,0.0,0.4102097159543403,0.5811921543900738,0.4102097159543403,0.0,0.0,0.0
2021-02-06,9.252465655282316e-05,0.0,0.0,0.4102097159543403,0.5811921543900738,0.4102097159543403,0.0,0.0,0.0
2021-02-06,0.0,0.0,0.0,0.4102097159543403,0.5811921543900738,0.4102097159543403,0.0,0.0,0.0
2021-02-06,0.0002344663635768,0.0,0.0,0.4102097159543403,0.5811921543900738,0.4102097159543403,0.0,0.0,0.0
2021-02-06,0.0015289470390538,0.0,0.0,0.4102097159543403,0.5811921543900738,0.4102097159543403,0.0,0.0,0.0
2021-02-07,0.0,0.0,0.0,0.4102097159543403,0.5811921543900738,0.4102097159543403,0.0,0.0,0.0
2021-02-07,0.0,0.0,0.0,0.4102097159543403,0.5811921543900738,0.4102097159543403,0.0,0.0,0.0
2021-02-07,0.0,0.0,0.0,0.4102097159543403,0.5811921543900738,0.4102097159543403,0.0,0.0,0.0
2021-02-07,0.0,0.0,0.0,0.4102097159543403,0.5811921543900738,0.4102097159543403,0.0,0.0,0.0
2021-02-07,0.0,0.0,0.0,0.4102097159543403,0.5811921543900738,0.4102097159543403,0.0,0.0,0.0
2021-02-07,0.0,0.0,0.0,0.4102097159543403,0.5811921543900738,0.4102097159543403,0.0,0.0,0.0
2021-02-07,0.0,0.0,0.0,0.4102097159543403,0.5811921543900738,0.4102097159543403,0.0,0.0,0.0
2021-02-07,0.0,0.0,0.0,0.4102097159543403,0.5811921543900738,0.4102097159543403,0.0,0.0,0.0
2021-02-07,0.0,0.0,0.0,0.4102097159543403,0.5811921543900738,0.4102097159543403,0.0,0.0,0.0
2021-02-07,0.0,0.0,0.0,0.4102097159543403,0.5811921543900738,0.4102097159543403,0.0,0.0,0.0
2021-02-07,0.0,0.0,0.0,0.4102097159543403,0.5811921543900738,0.4102097159543403,0.0,0.0,0.0
2021-02-07,0.0,0.0,0.0,0.4102097159543403,0.5811921543900738,0.4102097159543403,0.0,0.0,0.0
2021-02-08,0.0,0.0,0.0,0.4102097159543403,0.5811921543900738,0.4102097159543403,0.0,0.0,0.0
2021-02-08,0.0,0.0,0.0,0.4102097159543403,0.5811921543900738,0.4102097159543403,0.0,0.0,0.0
2021-02-08,0.0,0.0,0.0,0.4102097159543403,0.5811921543900738,0.4102097159543403,0.0,0.0,0.0
2021-02-08,0.0,0.0,0.0,0.4102097159543403,0.5811921543900738,0.4102097159543403,0.0,0.0,0.0
2021-02-08,0.0,0.0,0.0,0.4102097159543403,0.5811921543900738,0.4102097159543403,0.0,0.0,0.0
2021-02-08,0.0,0.0,0.0,0.4102097159543403,0.5811921543900738,0.4102097159543403,0.0,0.0,0.0
2021-02-08,0.0,0.0,0.0,0.4102097159543403,0.5811921543900738,0.4102097159543403,0.0,0.0,0.0
2021-02-08,0.0,0.0,0.0,0.4102097159543403,0.5811921543900738,0.4102097159543403,0.0,0.0,0.0
2021-02-08,0.0,0.0,0.0,0.4102097159543403,0.5811921543900738,0.4102097159543403,0.0,0.0,0.0
2021-02-08,0.0,0.0,0.0,0.4102097159543403,0.5811921543900738,0.4102097159543403,0.0,0.0,0.0
2021-02-08,0.0,0.0,0.0,0.4102097159543403,0.5811921543900738,0.4102097159543403,0.0,0.0,0.0
2021-02-08,0.0,0.0,0.0,0.4102097159543403,0.5811921543900738,0.4102097159543403,0.0,0.0,0.0
2021-02-09,0.0,0.0,0.0,0.4102097159543403,0.5811921543900738,0.4102097159543403,0.0,0.0,0.0
2021-02-09,0.0,0.0,0.0,0.4102097159543403,0.5811921543900738,0.4102097159543403,0.0,0.0,0.0
2021-02-09,0.0,0.0,0.0,0.4102097159543403,0.5811921543900738,0.4102097159543403,0.0,0.0,0.0
2021-02-09,0.0,0.0,0.0,0.4102097159543403,0.5811921543900738,0.4102097159543403,0.0,0.0,0.0
2021-02-09,0.0,0.0,0.0,0.4102097159543403,0.5811921543900738,0.4102097159543403,0.0,0.0,0.0
2021-02-09,0.0,0.0,0.0,0.4102097159543403,0.5811921543900738,0.4102097159543403,0.0,0.0,0.0
2021-02-09,0.0,0.0,0.0,0.4102097159543403,0.5811921543900738,0.4102097159543403,0.0,0.0,0.0
2021-02-09,0.0,0.0,0.0,0.4102097159543403,0.5811921543900738,0.4102097159543403,0.0,0.0,0.0
2021-02-09,0.0,0.0,0.0,0.4102097159543403,0.5811921543900738,0.4102097159543403,0.0,0.0,0.0
2021-02-09,0.0,0.0,0.0,0.4102097159543403,0.5811921543900738,0.4102097159543403,0.0,0.0,0.0
2021-02-09,0.0,0.0,0.0,0.4102097159543403,0.5811921543900738,0.4102097159543403,0.0,0.0,0.0
2021-02-09,0.0,0.0,0.0,0.4102097159543403,0.5811921543900738,0.4102097159543403,0.0,0.0,0.0
2021-02-10,0.0,0.0,0.0,0.3729758428457658,0.5476614047334873,0.4102097159543403,-0.03723387310857451,0.0,0.03723387310857451
2021-02-10,0.0,0.0,0.0,0.3729758428457658,0.5476614047334873,0.3729758428457658,0.0,0.0,0.0
2021-02-10,0.0,0.0,0.0,0.3729758428457658,0.5476614047334873,0.3729758428457658,0.0,0.0,0.0
2021-02-10,0.0,0.0,0.0,0.3729758428457658,0.5476614047334873,0.3729758428457658,0.0,0.0,0.0
2021-02-10,0.0,0.0,0.0,0.3729758428457658,0.5476614047334873,0.3729758428457658,0.0,0.0,0.0
2021-02-10,0.0,0.0,0.0,0.3729758428457658,0.5476614047334873,0.3729758428457658,0.0,0.0,0.0
2021-02-10,0.0,0.0,0.0,0.3729758428457658,0.5476614047334873,0.3729758428457658,0.0,0.0,0.0
2021-02-10,1.98524249665892e-05,0.0,0.0,0.3729758428457658,0.5476614047334873,0.3729758428457658,0.0,0.0,0.0
2021-02-10,0.0,0.0,0.0,0.3729758428457658,0.5476614047334873,0.3729758428457658,0.0,0.0,0.0
2021-02-10,0.0,0.0,0.0,0.3729758428457658,0.5476614047334873,0.3729758428457658,0.0,0.0,0.0
2021-02-10,0.0,0.0,0.0,0.3729758428457658,0.5476614047334873,0.3729758428457658,0.0,0.0,0.0
2021-02-10,0.0,0.0,0.0,0.3729758428457658,0.5476614047334873,0.3729758428457658,0.0,0.0,0.0
2021-02-11,0.0,0.0,0.0,0.3730103530661003,0.5476614047334873,0.3729758428457658,3.4510220334516006e-05,0.0,3.4510220334516006e-05
2021-02-11,0.0,0.0,0.0,0.3730103530661003,0.5476614047334873,0.3730103530661003,0.0,0.0,0.0
2021-02-11,0.0,0.0,0.0,0.3730103530661003,0.5476614047334873,0.3730103530661003,0.0,0.0,0.0
2021-02-11,0.0,0.0,0.0,0.3730103530661003,0.5476614047334873,0.3730103530661003,0.0,0.0,0.0
2021-02-11,0.0,0.0,0.0,0.3730103530661003,0.5476614047334873,0.3730103530661003,0.0,0.0,0.0
2021-02-11,0.0,0.0,0.0,0.3730103530661003,0.5476614047334873,0.3730103530661003,0.0,0.0,0.0
2021-02-11,0.0,0.0,0.0,0.3730103530661003,0.5476614047334873,0.3730103530661003,0.0,0.0,0.0
2021-02-11,0.0,0.0,0.0,0.3730103530661003,0.5476614047334873,0.3730103530661003,0.0,0.0,0.0
2021-02-11,0.0,0.0,0.0,0.3730103530661003,0.5476614047334873,0.3730103530661003,0.0,0.0,0.0
2021-02-11,0.0,0.0,0.0,0.3730103530661003,0.5476614047334873,0.3730103530661003,0.0,0.0,0.0
2021-02-11,0.0,0.0,0.0,0.3730103530661003,0.5476614047334873,0.3730103530661003,0.0,0.0,0.0
2021-02-11,0.0,0.0,0.0,0.3730103530661003,0.5476614047334873,0.3730103530661003,0.0,0.0,0.0
2021-02-12,0.0,0.0,0.0,0.3730103530661003,0.5476614047334873,0.3730103530661003,0.0,0.0,0.0
2021-02-12,0.0,0.0,0.0,0.3730103530661003,0.5476614047334873,0.3730103530661003,0.0,0.0,0.0
2021-02-12,0.0,0.0,0.0,0.3730103530661003,0.5476614047334873,0.3730103530661003,0.0,0.0,0.0
2021-02-12,0.0,0.0,0.0,0.3730103530661003,0.5476614047334873,0.3730103530661003,0.0,0.0,0.0
2021-02-12,0.0,0.0,0.0,0.3730103530661003,0.5476614047334873,0.3730103530661003,0.0,0.0,0.0
2021-02-12,0.0,0.0,0.0,0.3730103530661003,0.5476614047334873,0.3730103530661003,0.0,0.0,0.0
2021-02-12,0.0,0.0,0.0,0.3730103530661003,0.5476614047334873,0.3730103530661003,0.0,0.0,0.0
2021-02-12,0.0,0.0,0.0,0.3730103530661003,0.5476614047334873,0.3730103530661003,0.0,0.0,0.0
2021-02-12,0.0,0.0,0.0,0.3730103530661003,0.5476614047334873,0.3730103530661003,0.0,0.0,0.0
2021-02-12,0.0,0.0,0.0,0.3730103530661003,0.5476614047334873,0.3730103530661003,0.0,0.0,0.0
2021-02-12,0.0,0.0,0.0,0.3730103530661003,0.5476614047334873,0.3730103530661003,0.0,0.0,0.0
2021-02-12,0.0,0.0,0.0,0.3730103530661003,0.5476614047334873,0.3730103530661003,0.0,0.0,0.0
2021-02-13,0.0,0.0,0.0,0.3730103530661003,0.5476614047334873,0.3730103530661003,0.0,0.0,0.0
2021-02-13,0.0,0.0,0.0,0.3730103530661003,0.5476614047334873,0.3730103530661003,0.0,0.0,0.0
2021-02-13,0.0,0.0,0.0,0.3730103530661003,0.5476614047334873,0.3730103530661003,0.0,0.0,0.0
2021-02-13,0.0,0.0,0.0,0.3730103530661003,0.5476614047334873,0.3730103530661003,0.0,0.0,0.0
2021-02-13,0.0,0.0,0.0,0.3730103530661003,0.5476614047334873,0.3730103530661003,0.0,0.0,0.0
2021-02-13,0.0,0.0,0.0,0.3730103530661003,0.5476614047334873,0.3730103530661003,0.0,0.0,0.0
2021-02-13,0.0,0.0,0.0,0.3730103530661003,0.5476614047334873,0.3730103530661003,0.0,0.0,0.0
2021-02-13,0.0,0.0,0.0,0.3730103530661003,0.5476614047334873,0.3730103530661003,0.0,0.0,0.0
2021-02-13,0.0,0.0,0.0,0.3730103530661003,0.5476614047334873,0.3730103530661003,0.0,0.0,0.0
2021-02-13,0.0,0.0,0.0,0.3730103530661003,0.5476614047334873,0.3730103530661003,0.0,0.0,0.0
2021-02-13,0.0,0.0,0.0,0.3730103530661003,0.5476614047334873,0.3730103530661003,0.0,0.0,0.0
2021-02-13,0.0,0.0,0.0,0.3730103530661003,0.5476614047334873,0.3730103530661003,0.0,0.0,0.0
2021-02-14,0.0,0.0,0.0,0.3730103530661003,0.5476614047334873,0.3730103530661003,0.0,0.0,0.0
2021-02-14,0.0,0.0,0.0,0.3730103530661003,0.5476614047334873,0.3730103530661003,0.0,0.0,0.0
2021-02-14,0.0,0.0,0.0,0.3730103530661003,0.5476614047334873,0.3730103530661003,0.0,0.0,0.0
2021-02-14,0.0,0.0,0.0,0.3730103530661003,0.5476614047334873,0.3730103530661003,0.0,0.0,0.0
2021-02-14,0.0,0.0,0.0,0.3730103530661003,0.5476614047334873,0.3730103530661003,0.0,0.0,0.0
2021-02-14,0.0,0.0,0.0,0.3730103530661003,0.5476614047334873,0.3730103530661003,0.0,0.0,0.0
2021-02-14,0.0,0.0,0.0,0.3730103530661003,0.5476614047334873,0.3730103530661003,0.0,0.0,0.0
2021-02-14,0.0,0.0,0.0,0.3730103530661003,0.5476614047334873,0.3730103530661003,0.0,0.0,0.0
2021-02-14,0.0,0.0,0.0,0.3730103530661003,0.5476614047334873,0.3730103530661003,0.0,0.0,0.0
2021-02-14,0.0,0.0,0.0,0.3730103530661003,0.5476614047334873,0.3730103530661003,0.0,0.0,0.0
2021-02-14,0.0,0.0,0.0,0.3730103530661003,0.5476614047334873,0.3730103530661003,0.0,0.0,0.0
2021-02-14,0.0,0.0,0.0,0.3730103530661003,0.5476614047334873,0.3730103530661003,0.0,0.0,0.0
2021-02-15,0.0,0.0,0.0,0.3730103530661003,0.5476614047334873,0.3730103530661003,0.0,0.0,0.0
2021-02-15,0.0,0.0,0.0,0.3730103530661003,0.5476614047334873,0.3730103530661003,0.0,0.0,0.0
2021-02-15,0.0001459308522929,0.0,0.0,0.3730103530661003,0.5476614047334873,0.3730103530661003,0.0,0.0,0.0
2021-02-15,0.0,0.0,0.0,0.3730103530661003,0.5476614047334873,0.3730103530661003,0.0,0.0,0.0
2021-02-15,0.0,0.0,0.0,0.3730103530661003,0.5476614047334873,0.3730103530661003,0.0,0.0,0.0
2021-02-15,0.0,0.0,0.0,0.3730103530661003,0.5476614047334873,0.3730103530661003,0.0,0.0,0.0
2021-02-15,0.0,0.0,0.0,0.3730103530661003,0.5476614047334873,0.3730103530661003,0.0,0.0,0.0
2021-02-15,0.0,0.0,0.0,0.3730103530661003,0.5476614047334873,0.3730103530661003,0.0,0.0,0.0
2021-02-15,0.0,0.0,0.0,0.3730103530661003,0.5476614047334873,0.3730103530661003,0.0,0.0,0.0
2021-02-15,0.0,0.0,0.0,0.3730103530661003,0.5476614047334873,0.3730103530661003,0.0,0.0,0.0
2021-02-15,0.0016471787288421,0.0,0.0,0.3730103530661003,0.5476614047334873,0.3730103530661003,0.0,0.0,0.0
2021-02-15,0.0,0.0,0.0,0.3730103530661003,0.5476614047334873,0.3730103530661003,0.0,0.0,0.0
2021-02-16,0.0,0.0,0.0,0.3730103530661003,0.5476614047334873,0.3730103530661003,0.0,0.0,0.0
2021-02-16,0.0,0.0,0.0,0.3730103530661003,0.5476614047334873,0.3730103530661003,0.0,0.0,0.0
2021-02-16,0.0,0.0,0.0,0.3730103530661003,0.5476614047334873,0.3730103530661003,0.0,0.0,0.0
2021-02-16,0.0,0.0,0.0,0.3730103530661003,0.5476614047334873,0.3730103530661003,0.0,0.0,0.0
2021-02-16,0.0,0.0,0.0,0.3730103530661003,0.5476614047334873,0.3730103530661003,0.0,0.0,0.0
2021-02-16,0.0,0.0,0.0,0.3730103530661003,0.5476614047334873,0.3730103530661003,0.0,0.0,0.0
2021-02-16,0.0,0.0,0.0,0.3730103530661003,0.5476614047334873,0.3730103530661003,0.0,0.0,0.0
2021-02-16,0.0,0.0,0.0,0.3730103530661003,0.5476614047334873,0.3730103530661003,0.0,0.0,0.0
2021-02-16,0.0,0.0,0.0,0.3730103530661003,0.5476614047334873,0.3730103530661003,0.0,0.0,0.0
2021-02-16,0.0031010162610836,0.0,0.0,0.3730103530661003,0.5476614047334873,0.3730103530661003,0.0,0.0,0.0
2021-02-16,0.0,0.0,0.0,0.3730103530661003,0.5476614047334873,0.3730103530661003,0.0,0.0,0.0
2021-02-16,0.0,0.0,0.0,0.3730103530661003,0.5476614047334873,0.3730103530661003,0.0,0.0,0.0
2021-02-17,0.0002838933448464,0.0,0.0,0.331032651977701,0.5303217961132258,0.3730103530661003,-0.04197770108839932,0.0,0.04197770108839932
2021-02-17,0.0001197431980305,0.0,0.0,0.331032651977701,0.5303217961132258,0.331032651977701,0.0,0.0,0.0
2021-02-17,0.0005762986889184,0.0,0.0,0.331032651977701,0.5303217961132258,0.331032651977701,0.0,0.0,0.0
2021-02-17,0.0,0.0,0.0,0.331032651977701,0.5303217961132258,0.331032651977701,0.0,0.0,0.0
2021-02-17,0.0005583582804615,0.0,0.0,0.331032651977701,0.5303217961132258,0.331032651977701,0.0,0.0,0.0
2021-02-17,0.0,0.0,0.0,0.331032651977701,0.5303217961132258,0.331032651977701,0.0,0.0,0.0
2021-02-17,0.0003891926176847,0.0,0.0,0.331032651977701,0.5303217961132258,0.331032651977701,0.0,0.0,0.0
2021-02-17,0.0084175149715717,0.0,0.0,0.331032651977701,0.5303217961132258,0.331032651977701,0.0,0.0,0.0
2021-02-17,0.0096403730906748,0.0,0.0,0.331032651977701,0.5303217961132258,0.331032651977701,0.0,0.0,0.0
2021-02-17,0.0,0.0,0.0,0.331032651977701,0.5303217961132258,0.331032651977701,0.0,0.0,0.0
2021-02-17,0.0,0.0,0.0,0.331032651977701,0.5303217961132258,0.331032651977701,0.0,0.0,0.0
2021-02-17,0.000832289238989,0.0,0.0,0.331032651977701,0.5303217961132258,0.331032651977701,0.0,0.0,0.0
2021-02-18,0.0,0.0,0.0,0.3309609769046986,0.5303217961132258,0.331032651977701,-7.167507300237519e-05,0.0,7.167507300237519e-05
2021-02-18,0.0,0.0,0.0,0.3309609769046986,0.5303217961132258,0.3309609769046986,0.0,0.0,0.0
2021-02-18,0.0,0.0,0.0,0.3309609769046986,0.5303217961132258,0.3309609769046986,0.0,0.0,0.0
2021-02-18,0.0,0.0,0.0,0.3309609769046986,0.5303217961132258,0.3309609769046986,0.0,0.0,0.0
2021-02-18,0.0,0.0,0.0,0.3309609769046986,0.5303217961132258,0.3309609769046986,0.0,0.0,0.0
2021-02-18,0.0,0.0,0.0,0.3309609769046986,0.5303217961132258,0.3309609769046986,0.0,0.0,0.0
2021-02-18,0.0,0.0,0.0,0.3309609769046986,0.5303217961132258,0.3309609769046986,0.0,0.0,0.0
2021-02-18,0.0,0.0,0.0,0.3309609769046986,0.5303217961132258,0.3309609769046986,0.0,0.0,0.0
2021-02-18,0.0,0.0,0.0,0.3309609769046986,0.5303217961132258,0.3309609769046986,0.0,0.0,0.0
2021-02-18,0.0,0.0,0.0,0.3309609769046986,0.5303217961132258,0.3309609769046986,0.0,0.0,0.0
2021-02-18,0.0,0.0,0.0,0.3309609769046986,0.5303217961132258,0.3309609769046986,0.0,0.0,0.0
2021-02-18,0.0,0.0,0.0,0.3309609769046986,0.5303217961132258,0.3309609769046986,0.0,0.0,0.0
2021-02-19,0.0002879099687179,0.0,0.0,0.3309609769046986,0.5303217961132258,0.3309609769046986,0.0,0.0,0.0
2021-02-19,0.0,0.0,0.0,0.3309609769046986,0.5303217961132258,0.3309609769046986,0.0,0.0,0.0
2021-02-19,0.0031643456382385,0.0,0.0,0.3309609769046986,0.5303217961132258,0.3309609769046986,0.0,0.0,0.0
2021-02-19,0.0006165292788369,0.0,0.0,0.3309609769046986,0.5303217961132258,0.3309609769046986,0.0,0.0,0.0
2021-02-19,0.0027472852658552,0.0,0.0,0.3309609769046986,0.5303217961132258,0.3309609769046986,0.0,0.004051499867268387,0.004051499867268387
2021-02-19,0.0012318280086557,0.0,0.0,0.3309609769046986,0.5303217961132258,0.3309609769046986,0.0,0.0,0.0
2021-02-19,8.614157802323083e-06,0.0,0.0,0.3309609769046986,0.5303217961132258,0.3309609769046986,0.0,0.0,0.0
2021-02-19,0.0022669842734062,0.0,0.0,0.3309609769046986,0.5303217961132258,0.3309609769046986,0.0,0.0,0.0
2021-02-19,0.0,0.0,0.0,0.3309609769046986,0.5303217961132258,0.3309609769046986,0.0,0.0,0.0
2021-02-19,0.0010146153105967,0.0,0.0,0.3309609769046986,0.5303217961132258,0.3309609769046986,0.0,0.0,0.0
2021-02-19,0.0,0.0,0.0,0.3309609769046986,0.5303217961132258,0.3309609769046986,0.0,0.0,0.0
2021-02-19,0.0017143854210355,0.0,0.0,0.3309609769046986,0.5303217961132258,0.3309609769046986,0.0,0.0,0.0
2021-02-20,0.0,0.0,0.0,0.3309609769046986,0.5303217961132258,0.3309609769046986,0.0,0.0,0.0
2021-02-20,0.0,0.0,0.0,0.3309609769046986,0.5303217961132258,0.3309609769046986,0.0,0.0,0.0
2021-02-20,0.0,0.0,0.0,0.3309609769046986,0.5303217961132258,0.3309609769046986,0.0,0.0,0.0
2021-02-20,0.0,0.0,0.0,0.3309609769046986,0.5303217961132258,0.3309609769046986,0.0,0.0,0.0
2021-02-20,0.0,0.0,0.0,0.3309609769046986,0.5303217961132258,0.3309609769046986,0.0,0.0,0.0
2021-02-20,0.0,0.0,0.0,0.3309609769046986,0.5303217961132258,0.3309609769046986,0.0,0.0,0.0
2021-02-20,0.0,0.0,0.0,0.3309609769046986,0.5303217961132258,0.3309609769046986,0.0,0.0,0.0
2021-02-20,0.0,0.0,0.0,0.3309609769046986,0.5303217961132258,0.3309609769046986,0.0,0.0,0.0
2021-02-20,0.0,0.0,0.0,0.3309609769046986,0.5303217961132258,0.3309609769046986,0.0,0.0,0.0
2021-02-20,0.0,0.0,0.0,0.3309609769046986,0.5303217961132258,0.3309609769046986,0.0,0.0,0.0
2021-02-20,0.0,0.0,0.0,0.3309609769046986,0.5303217961132258,0.3309609769046986,0.0,0.0,0.0
2021-02-20,0.0,0.0,0.0,0.3309609769046986,0.5303217961132258,0.3309609769046986,0.0,0.0,0.0
2021-02-21,0.0,0.0,0.0,0.3309609769046986,0.5303217961132258,0.3309609769046986,0.0,0.0,0.0
2021-02-21,0.0,0.0,0.0,0.3309609769046986,0.5303217961132258,0.3309609769046986,0.0,0.0,0.0
2021-02-21,0.0,0.0,0.0,0.3309609769046986,0.5303217961132258,0.3309609769046986,0.0,0.0,0.0
2021-02-21,0.0,0.0,0.0,0.3309609769046986,0.5303217961132258,0.3309609769046986,0.0,0.0,0.0
2021-02-21,0.0,0.0,0.0,0.3309609769046986,0.5303217961132258,0.3309609769046986,0.0,0.0,0.0
2021-02-21,0.0,0.0,0.0,0.3309609769046986,0.5303217961132258,0.3309609769046986,0.0,0.0,0.0
2021-02-21,0.0,0.0,0.0,0.3309609769046986,0.5303217961132258,0.3309609769046986,0.0,0.0,0.0
2021-02-21,0.0,0.0,0.0,0.3309609769046986,0.5303217961132258,0.3309609769046986,0.0,0.0,0.0
2021-02-21,0.0,0.0,0.0,0.3309609769046986,0.5303217961132258,0.3309609769046986,0.0,0.0,0.0
2021-02-21,0.0,0.0,0.0,0.3309609769046986,0.5303217961132258,0.3309609769046986,0.0,0.0,0.0
2021-02-21,0.0,0.0,0.0,0.3309609769046986,0.5303217961132258,0.3309609769046986,0.0,0.0,0.0
2021-02-21,0.0,0.0,0.0,0.3309609769046986,0.5303217961132258,0.3309609769046986,0.0,0.0,0.0
2021-02-22,0.0,0.0,0.0,0.3309609769046986,0.5303217961132258,0.3309609769046986,0.0,0.0,0.0
2021-02-22,0.0,0.0,0.0,0.3309609769046986,0.5303217961132258,0.3309609769046986,0.0,0.0,0.0
2021-02-22,0.0,0.0,0.0,0.3309609769046986,0.5303217961132258,0.3309609769046986,0.0,0.0,0.0
2021-02-22,0.0,0.0,0.0,0.3309609769046986,0.5303217961132258,0.3309609769046986,0.0,0.0,0.0
2021-02-22,0.0,0.0,0.0,0.3309609769046986,0.5303217961132258,0.3309609769046986,0.0,0.0,0.0
2021-02-22,0.0,0.0,0.0,0.3309609769046986,0.5303217961132258,0.3309609769046986,0.0,0.0,0.0
2021-02-22,0.0,0.0,0.0,0.3309609769046986,0.5303217961132258,0.3309609769046986,0.0,0.0,0.0
2021-02-22,0.0,0.0,0.0,0.3309609769046986,0.5303217961132258,0.3309609769046986,0.0,0.0,0.0
2021-02-22,0.0,0.0,0.0,0.3309609769046986,0.5303217961132258,0.3309609769046986,0.0,0.0,0.0
2021-02-22,0.0,0.0,0.0,0.3309609769046986,0.5303217961132258,0.3309609769046986,0.0,0.0,0.0
2021-02-22,0.0,0.0,0.0,0.3309609769046986,0.5303217961132258,0.3309609769046986,0.0,0.0,0.0
2021-02-22,0.0,0.0,0.0,0.3309609769046986,0.5303217961132258,0.3309609769046986,0.0,0.0,0.0
2021-02-23,0.0,0.0,0.0,0.2917440934430581,0.4638908280226097,0.3309609769046986,-0.03921688346164054,0.0,0.03921688346164054
2021-02-23,0.0,0.0,0.0,0.2917440934430581,0.4638908280226097,0.2917440934430581,0.0,0.0,0.0
2021-02-23,0.0,0.0,0.0,0.2917440934430581,0.4638908280226097,0.2917440934430581,0.0,0.0,0.0
2021-02-23,0.0,0.0,0.0,0.2917440934430581,0.4638908280226097,0.2917440934430581,0.0,0.0,0.0
2021-02-23,0.0,0.0,0.0,0.2917440934430581,0.4638908280226097,0.2917440934430581,0.0,0.0,0.0
2021-02-23,0.0,0.0,0.0,0.2917440934430581,0.4638908280226097,0.2917440934430581,0.0,0.0,0.0
2021-02-23,0.0,0.0,0.0,0.2917440934430581,0.4638908280226097,0.2917440934430581,0.0,0.0,0.0
2021-02-23,0.0,0.0,0.0,0.2917440934430581,0.4638908280226097,0.2917440934430581,0.0,0.0,0.0
2021-02-23,0.0,0.0,0.0,0.2917440934430581,0.4638908280226097,0.2917440934430581,0.0,0.0,0.0
2021-02-23,0.0,0.0,0.0,0.2917440934430581,0.4638908280226097,0.2917440934430581,0.0,0.0,0.0
2021-02-23,0.0,0.0,0.0,0.2917440934430581,0.4638908280226097,0.2917440934430581,0.0,0.0,0.0
2021-02-23,0.0,0.0,0.0,0.2917440934430581,0.4638908280226097,0.2917440934430581,0.0,0.0,0.0
2021-02-24,0.0,0.0,0.0,0.2917440934430581,0.4638908280226097,0.2917440934430581,0.0,0.0,0.0
2021-02-24,0.0,0.0,0.0,0.2917440934430581,0.4638908280226097,0.2917440934430581,0.0,0.0,0.0
2021-02-24,0.0195582903401026,0.0,0.0,0.2917440934430581,0.4638908280226097,0.2917440934430581,0.0,0.0,0.0
2021-02-24,0.0,0.0,0.0,0.2917440934430581,0.4638908280226097,0.2917440934430581,0.0,0.0,0.0
2021-02-24,0.0,0.0,0.0,0.2917440934430581,0.4638908280226097,0.2917440934430581,0.0,0.0,0.0
2021-02-24,0.0019915429172568,0.0,0.0,0.2917440934430581,0.4638908280226097,0.2917440934430581,0.0,0.0,0.0
2021-02-24,0.0177919937388546,0.0,0.0,0.2917440934430581,0.4638908280226097,0.2917440934430581,0.0,0.0,0.0
2021-02-24,0.0029182996582828,0.0,0.0,0.2917440934430581,0.4638908280226097,0.2917440934430581,0.0,0.00026712237855056953,0.00026712237855056953
2021-02-24,0.0,0.0,0.0,0.2917440934430581,0.4638908280226097,0.2917440934430581,0.0,0.0,0.0
2021-02-24,0.0,0.0,0.0,0.2917440934430581,0.4638908280226097,0.2917440934430581,0.0,0.0,0.0
2021-02-24,0.0111464366455339,0.0,0.0,0.2917440934430581,0.4638908280226097,0.2917440934430581,0.0,0.0,0.0
2021-02-24,0.0,0.0,0.0,0.2917440934430581,0.4638908280226097,0.2917440934430581,0.0,0.0,0.0
2021-02-25,0.0,0.0,0.0,0.2917440934430581,0.4638908280226097,0.2917440934430581,0.0,0.0,0.0
2021-02-25,1.2382474692623557e-05,0.0,0.0,0.2917440934430581,0.4638908280226097,0.2917440934430581,0.0,0.0,0.0
2021-02-25,0.0,0.0,0.0,0.2917440934430581,0.4638908280226097,0.2917440934430581,0.0,0.0,0.0
2021-02-25,0.0,0.0,0.0,0.2917440934430581,0.4638908280226097,0.2917440934430581,0.0,0.0,0.0
2021-02-25,0.0,0.0,0.0,0.2917440934430581,0.4638908280226097,0.2917440934430581,0.0,0.0,0.0
2021-02-25,0.0,0.0,0.0,0.2917440934430581,0.4638908280226097,0.2917440934430581,0.0,0.0,0.0
2021-02-25,0.0,0.0,0.0,0.2917440934430581,0.4638908280226097,0.2917440934430581,0.0,0.0,0.0
2021-02-25,0.0,0.0,0.0,0.2917440934430581,0.4638908280226097,0.2917440934430581,0.0,0.0,0.0
2021-02-25,0.0,0.0,0.0,0.2917440934430581,0.4638908280226097,0.2917440934430581,0.0,0.0,0.0
2021-02-25,0.0,0.0,0.0,0.2917440934430581,0.4638908280226097,0.2917440934430581,0.0,0.0,0.0
2021-02-25,0.0,0.0,0.0,0.2917440934430581,0.4638908280226097,0.2917440934430581,0.0,0.0,0.0
2021-02-25,8.280203469231969e-06,0.0,0.0,0.2917440934430581,0.4638908280226097,0.2917440934430581,0.0,0.0,0.0
2021-02-26,0.0,0.0,0.0,0.2856464029731881,0.457360326074717,0.2917440934430581,-0.006097690469869965,0.0,0.006097690469869965
2021-02-26,0.0,0.0,0.0,0.2856464029731881,0.457360326074717,0.2856464029731881,0.0,0.0,0.0
2021-02-26,0.0,0.0,0.0,0.2856464029731881,0.457360326074717,0.2856464029731881,0.0,0.0,0.0
2021-02-26,0.0,0.0,0.0,0.2856464029731881,0.457360326074717,0.2856464029731881,0.0,0.0,0.0
2021-02-26,0.0,0.0,0.0,0.2856464029731881,0.457360326074717,0.2856464029731881,0.0,0.0,0.0
2021-02-26,0.0,0.0,0.0,0.2856464029731881,0.457360326074717,0.2856464029731881,0.0,0.0,0.0
2021-02-26,0.0,0.0,0.0,0.2856464029731881,0.457360326074717,0.2856464029731881,0.0,0.0,0.0
2021-02-26,0.0,0.0,0.0,0.2856464029731881,0.457360326074717,0.2856464029731881,0.0,0.0,0.0
2021-02-26,0.0,0.0,0.0,0.2856464029731881,0.457360326074717,0.2856464029731881,0.0,0.0,0.0
2021-02-26,0.0,0.0,0.0,0.2856464029731881,0.457360326074717,0.2856464029731881,0.0,0.0,0.0
2021-02-26,0.0001085192023399,0.0,0.0,0.2856464029731881,0.457360326074717,0.2856464029731881,0.0,0.0,0.0
2021-02-26,0.0,0.0,0.0,0.2856464029731881,0.457360326074717,0.2856464029731881,0.0,0.0,0.0
2021-02-27,0.0043729262493781,0.0,0.0,0.2795487125033182,0.4506046344044847,0.2856464029731881,-0.00609769046986991,0.0,0.00609769046986991
2021-02-27,2.3113142006589475e-05,0.0,0.0,0.2795487125033182,0.4506046344044847,0.2795487125033182,0.0,0.0,0.0
2021-02-27,0.0455310061128256,0.0,0.0,0.2795487125033182,0.4506046344044847,0.2795487125033182,0.0,0.0,0.0
2021-02-27,0.0156060778400302,0.0,0.0,0.2795487125033182,0.4506046344044847,0.2795487125033182,0.0,0.0,0.0
2021-02-27,0.0050683049848187,0.0,0.0,0.2795487125033182,0.4506046344044847,0.2795487125033182,0.0,0.0,0.0
2021-02-27,0.0,0.0,0.0,0.2795487125033182,0.4506046344044847,0.2795487125033182,0.0,0.0,0.0
2021-02-27,0.0023713420824907,0.0,0.0,0.2795487125033182,0.4506046344044847,0.2795487125033182,0.0,0.0,0.0
2021-02-27,0.0585817059429466,0.0,0.0,0.2795487125033182,0.4506046344044847,0.2795487125033182,0.0,0.0,0.0
2021-02-27,0.0195675316005224,0.0,0.0,0.2795487125033182,0.4506046344044847,0.2795487125033182,0.0,0.0,0.0
2021-02-27,0.0107302835853235,0.0,0.0,0.2795487125033182,0.4506046344044847,0.2795487125033182,0.0,0.0,0.0
2021-02-27,0.0009699376758269,0.0,0.0,0.2795487125033182,0.4506046344044847,0.2795487125033182,0.0,0.0,0.0
2021-02-27,0.019598381075133,0.0,0.0,0.2795487125033182,0.4506046344044847,0.2795487125033182,0.0,0.0,0.0
2021-02-28,0.0443446733407407,0.0,0.0,0.2734536766657817,0.4436237530119111,0.2795487125033182,-0.006095035837536511,0.0,0.006095035837536511
2021-02-28,0.0325639692056325,0.0,0.0,0.2734536766657817,0.4436237530119111,0.2734536766657817,0.0,0.0,0.0
2021-02-28,0.0006679888344729,0.0,0.0,0.2734536766657817,0.4436237530119111,0.2734536766657817,0.0,4.8635156985302874e-05,4.8635156985302874e-05
2021-02-28,0.0017696300731867,0.0,0.0,0.2734536766657817,0.4436237530119111,0.2734536766657817,0.0,6.139368197504614e-05,6.139368197504614e-05
2021-02-28,0.0286135903863029,0.0,0.0,0.2734536766657817,0.4436237530119111,0.2734536766657817,0.0,0.0,0.0
2021-02-28,0.009502504945334,0.0,0.0,0.2734536766657817,0.4436237530119111,0.2734536766657817,0.0,0.0,0.0
2021-02-28,0.0264350629089517,0.0,0.0,0.2734536766657817,0.4436237530119111,0.2734536766657817,0.0,0.0,0.0
2021-02-28,0.003420122967681,0.0,0.0,0.2734536766657817,0.4436237530119111,0.2734536766657817,0.0,0.0010013405893283735,0.0010013405893283735
2021-02-28,0.0471501378976045,0.0,0.0,0.2734536766657817,0.4436237530119111,0.2734536766657817,0.0,0.0,0.0
2021-02-28,0.0082095900874424,0.0,0.0,0.2734536766657817,0.4436237530119111,0.2734536766657817,0.0,0.0,0.0
2021-02-28,0.0530414095080399,0.0,0.0,0.2734536766657817,0.4436237530119111,0.2734536766657817,0.0,0.0,0.0
2021-02-28,0.0315821278621264,0.0,0.0,0.2734536766657817,0.4436237530119111,0.2734536766657817,0.0,0.0,0.0
2021-03-01,0.0,0.0,0.0,0.2675444650915848,0.4370932510640219,0.2734536766657817,-0.005909211574196882,0.0,0.005909211574196882
2021-03-01,0.0,0.0,0.0,0.2675444650915848,0.4370932510640219,0.2675444650915848,0.0,0.0,0.0
2021-03-01,0.0,0.0,0.0,0.2675444650915848,0.4370932510640219,0.2675444650915848,0.0,0.0,0.0
2021-03-01,0.0,0.0,0.0,0.2675444650915848,0.4370932510640219,0.2675444650915848,0.0,0.0,0.0
2021-03-01,0.0,0.0,0.0,0.2675444650915848,0.4370932510640219,0.2675444650915848,0.0,0.0,0.0
2021-03-01,0.0,0.0,0.0,0.2675444650915848,0.4370932510640219,0.2675444650915848,0.0,0.0,0.0
2021-03-01,0.0,0.0,0.0,0.2675444650915848,0.4370932510640219,0.2675444650915848,0.0,0.0,0.0
2021-03-01,0.0,0.0,0.0,0.2675444650915848,0.4370932510640219,0.2675444650915848,0.0,0.0,0.0
2021-03-01,0.0,0.0,0.0,0.2675444650915848,0.4370932510640219,0.2675444650915848,0.0,0.0,0.0
2021-03-01,0.0,0.0,0.0,0.2675444650915848,0.4370932510640219,0.2675444650915848,0.0,0.0,0.0
2021-03-01,0.0,0.0,0.0,0.2675444650915848,0.4370932510640219,0.2675444650915848,0.0,0.0,0.0
2021-03-01,0.0,0.0,0.0,0.2675444650915848,0.4370932510640219,0.2675444650915848,0.0,0.0,0.0
2021-03-02,0.0,0.0,0.0,0.2613246615343774,0.4301123696714484,0.2675444650915848,-0.006219803557207415,0.0,0.006219803557207415
2021-03-02,0.0,0.0,0.0,0.2613246615343774,0.4301123696714484,0.2613246615343774,0.0,0.0,0.0
2021-03-02,0.0,0.0,0.0,0.2613246615343774,0.4301123696714484,0.2613246615343774,0.0,0.0,0.0
2021-03-02,0.0,0.0,0.0,0.2613246615343774,0.4301123696714484,0.2613246615343774,0.0,0.0,0.0
2021-03-02,0.0,0.0,0.0,0.2613246615343774,0.4301123696714484,0.2613246615343774,0.0,0.0,0.0
2021-03-02,0.0,0.0,0.0,0.2613246615343774,0.4301123696714484,0.2613246615343774,0.0,0.0,0.0
2021-03-02,0.0,0.0,0.0,0.2613246615343774,0.4301123696714484,0.2613246615343774,0.0,0.0,0.0
2021-03-02,0.0,0.0,0.0,0.2613246615343774,0.4301123696714484,0.2613246615343774,0.0,0.0,0.0
2021-03-02,0.0,0.0,0.0,0.2613246615343774,0.4301123696714484,0.2613246615343774,0.0,0.0,0.0
2021-03-02,0.0,0.0,0.0,0.2613246615343774,0.4301123696714484,0.2613246615343774,0.0,0.0,0.0
2021-03-02,0.0,0.0,0.0,0.2613246615343774,0.4301123696714484,0.2613246615343774,0.0,0.0,0.0
2021-03-02,0.0,0.0,0.0,0.2613246615343774,0.4301123696714484,0.2613246615343774,0.0,0.0,0.0
2021-03-03,0.0,0.0,0.0,0.2548606318024953,0.4229062985565335,0.2613246615343774,-0.006464029731882093,0.0,0.006464029731882093
2021-03-03,0.0,0.0,0.0,0.2548606318024953,0.4229062985565335,0.2548606318024953,0.0,0.0,0.0
2021-03-03,0.0,0.0,0.0,0.2548606318024953,0.4229062985565335,0.2548606318024953,0.0,0.0,0.0
2021-03-03,0.0,0.0,0.0,0.2548606318024953,0.4229062985565335,0.2548606318024953,0.0,0.0,0.0
2021-03-03,0.0,0.0,0.0,0.2548606318024953,0.4229062985565335,0.2548606318024953,0.0,0.0,0.0
2021-03-03,0.0,0.0,0.0,0.2548606318024953,0.4229062985565335,0.2548606318024953,0.0,0.0,0.0
2021-03-03,0.0,0.0,0.0,0.2548606318024953,0.4229062985565335,0.2548606318024953,0.0,0.0,0.0
2021-03-03,0.0,0.0,0.0,0.2548606318024953,0.4229062985565335,0.2548606318024953,0.0,0.0,0.0
2021-03-03,0.0,0.0,0.0,0.2548606318024953,0.4229062985565335,0.2548606318024953,0.0,0.0,0.0
2021-03-03,0.0,0.0,0.0,0.2548606318024953,0.4229062985565335,0.2548606318024953,0.0,0.0,0.0
2021-03-03,0.0,0.0,0.0,0.2548606318024953,0.4229062985565335,0.2548606318024953,0.0,0.0,0.0
2021-03-03,0.0,0.0,0.0,0.2548606318024953,0.4229062985565335,0.2548606318024953,0.0,0.0,0.0
2021-03-04,0.0,0.0,0.0,0.2480886647199362,0.4154750377192773,0.2548606318024953,-0.006771967082559088,0.0,0.006771967082559088
2021-03-04,0.0,0.0,0.0,0.2480886647199362,0.4154750377192773,0.2480886647199362,0.0,0.0,0.0
2021-03-04,0.0,0.0,0.0,0.2480886647199362,0.4154750377192773,0.2480886647199362,0.0,0.0,0.0
2021-03-04,0.0,0.0,0.0,0.2480886647199362,0.4154750377192773,0.2480886647199362,0.0,0.0,0.0
2021-03-04,0.0,0.0,0.0,0.2480886647199362,0.4154750377192773,0.2480886647199362,0.0,0.0,0.0
2021-03-04,0.0,0.0,0.0,0.2480886647199362,0.4154750377192773,0.2480886647199362,0.0,0.0,0.0
2021-03-04,0.0,0.0,0.0,0.2480886647199362,0.4154750377192773,0.2480886647199362,0.0,0.0,0.0
2021-03-04,0.0,0.0,0.0,0.2480886647199362,0.4154750377192773,0.2480886647199362,0.0,0.0,0.0
2021-03-04,0.0,0.0,0.0,0.2480886647199362,0.4154750377192773,0.2480886647199362,0.0,0.0,0.0
2021-03-04,0.0,0.0,0.0,0.2480886647199362,0.4154750377192773,0.2480886647199362,0.0,0.0,0.0
2021-03-04,0.0,0.0,0.0,0.2480886647199362,0.4154750377192773,0.2480886647199362,0.0,0.0,0.0
2021-03-04,0.0,0.0,0.0,0.2480886647199362,0.4154750377192773,0.2480886647199362,0.0,0.0,0.0
2021-03-05,0.0,0.0,0.0,0.2480886647199362,0.4154750377192773,0.2480886647199362,0.0,0.0,0.0
2021-03-05,0.0,0.0,0.0,0.2480886647199362,0.4154750377192773,0.2480886647199362,0.0,0.0,0.0
2021-03-05,0.0,0.0,0.0,0.2480886647199362,0.4154750377192773,0.2480886647199362,0.0,0.0,0.0
2021-03-05,0.0,0.0,0.0,0.2480886647199362,0.4154750377192773,0.2480886647199362,0.0,0.0,0.0
2021-03-05,0.0,0.0,0.0,0.2480886647199362,0.4154750377192773,0.2480886647199362,0.0,0.0,0.0
2021-03-05,0.0,0.0,0.0,0.2480886647199362,0.4154750377192773,0.2480886647199362,0.0,0.0,0.0
2021-03-05,0.0,0.0,0.0,0.2480886647199362,0.4154750377192773,0.2480886647199362,0.0,0.0,0.0
2021-03-05,0.0,0.0,0.0,0.2480886647199362,0.4154750377192773,0.2480886647199362,0.0,0.0,0.0
2021-03-05,0.0,0.0,0.0,0.2480886647199362,0.4154750377192773,0.2480886647199362,0.0,0.0,0.0
2021-03-05,0.0,0.0,0.0,0.2480886647199362,0.4154750377192773,0.2480886647199362,0.0,0.0,0.0
2021-03-05,0.0,0.0,0.0,0.2480886647199362,0.4154750377192773,0.2480886647199362,0.0,0.0,0.0
2021-03-05,0.0,0.0,0.0,0.2480886647199362,0.4154750377192773,0.2480886647199362,0.0,0.0,0.0
2021-03-06,0.0,0.0,0.0,0.2480886647199362,0.4154750377192773,0.2480886647199362,0.0,0.0,0.0
2021-03-06,0.0,0.0,0.0,0.2480886647199362,0.4154750377192773,0.2480886647199362,0.0,0.0,0.0
2021-03-06,0.0,0.0,0.0,0.2480886647199362,0.4154750377192773,0.2480886647199362,0.0,0.0,0.0
2021-03-06,0.0,0.0,0.0,0.2480886647199362,0.4154750377192773,0.2480886647199362,0.0,0.0,0.0
2021-03-06,0.0,0.0,0.0,0.2480886647199362,0.4154750377192773,0.2480886647199362,0.0,0.0,0.0
2021-03-06,0.0,0.0,0.0,0.2480886647199362,0.4154750377192773,0.2480886647199362,0.0,0.0,0.0
2021-03-06,0.0,0.0,0.0,0.2480886647199362,0.4154750377192773,0.2480886647199362,0.0,0.0,0.0
2021-03-06,0.0,0.0,0.0,0.2480886647199362,0.4154750377192773,0.2480886647199362,0.0,0.0,0.0
2021-03-06,0.0,0.0,0.0,0.2480886647199362,0.4154750377192773,0.2480886647199362,0.0,0.0,0.0
2021-03-06,0.0,0.0,0.0,0.2480886647199362,0.4154750377192773,0.2480886647199362,0.0,0.0,0.0
2021-03-06,0.0,0.0,0.0,0.2480886647199362,0.4154750377192773,0.2480886647199362,0.0,0.0,0.0
2021-03-06,0.0,0.0,0.0,0.2480886647199362,0.4154750377192773,0.2480886647199362,0.0,0.0,0.0
2021-03-07,0.0047244986425773,0.0,0.0,0.2480886647199362,0.4154750377192773,0.2480886647199362,0.0,0.0,0.0
2021-03-07,0.0117457570723907,0.0,0.0,0.2480886647199362,0.4154750377192773,0.2480886647199362,0.0,0.0,0.0
2021-03-07,7.331780752493377e-05,0.0,0.0,0.2480886647199362,0.4154750377192773,0.2480886647199362,0.0,0.0,0.0
2021-03-07,0.044914806197757,0.0,0.0,0.2480886647199362,0.4154750377192773,0.2480886647199362,0.0,0.0017395938412529822,0.0017395938412529822
2021-03-07,0.0277547504126954,0.0,0.0,0.2480886647199362,0.4154750377192773,0.2480886647199362,0.0,0.0,0.0
2021-03-07,0.0042644921575901,0.0,0.0,0.2480886647199362,0.4154750377192773,0.2480886647199362,0.0,0.0008094106716219754,0.0008094106716219754
2021-03-07,0.0068477600420566,0.0,0.0,0.2480886647199362,0.4154750377192773,0.2480886647199362,0.0,0.0,0.0
2021-03-07,0.0306042694259041,0.0,0.0,0.2480886647199362,0.4154750377192773,0.2480886647199362,0.0,0.0,0.0
2021-03-07,0.0043498889257318,0.0,0.0,0.2480886647199362,0.4154750377192773,0.2480886647199362,0.0,0.0,0.0
2021-03-07,0.0192253458109474,0.0,0.0,0.2480886647199362,0.4154750377192773,0.2480886647199362,0.0,0.0,0.0
2021-03-07,0.0445448729984711,0.0,0.0,0.2480886647199362,0.4154750377192773,0.2480886647199362,0.0,0.0,0.0
2021-03-07,0.0013002837694643,0.0,0.0,0.2480886647199362,0.4154750377192773,0.2480886647199362,0.0,0.0,0.0
2021-03-08,0.0609440012809452,0.0,0.0,0.2480886647199362,0.4154750377192773,0.2480886647199362,0.0,0.0006709848685956987,0.0006709848685956987
2021-03-08,0.0479488079595269,0.0,0.0,0.2480886647199362,0.4154750377192773,0.2480886647199362,0.0,0.0,0.0
2021-03-08,0.1318140662960777,0.0,0.0,0.2480886647199362,0.4154750377192773,0.2480886647199362,0.0,7.479426599416001e-05,7.479426599416001e-05
2021-03-08,0.0093651279256391,0.0,0.0,0.2480886647199362,0.4154750377192773,0.2480886647199362,0.0,0.0,0.0
2021-03-08,0.0717477276926427,0.0,0.0,0.2480886647199362,0.4154750377192773,0.2480886647199362,0.0,0.0001978630209715955,0.0001978630209715955
2021-03-08,0.0196125679842283,0.0,0.0,0.2480886647199362,0.4154750377192773,0.2480886647199362,0.0,0.0,0.0
2021-03-08,0.0016452828903712,0.0,0.0,0.2480886647199362,0.4154750377192773,0.2480886647199362,0.0,0.0,0.0
2021-03-08,0.0708127215863771,0.0,0.0,0.2480886647199362,0.4154750377192773,0.2480886647199362,0.0,3.981948500132448e-06,3.981948500132448e-06
2021-03-08,0.0653366508549105,0.0,0.0,0.2480886647199362,0.4154750377192773,0.2480886647199362,0.0,0.0,0.0
2021-03-08,0.1300099013114458,0.0,0.0,0.2480886647199362,0.4154750377192773,0.2480886647199362,0.0,7.479426599416001e-05,7.479426599416001e-05
2021-03-08,0.1469019562869539,0.0,0.0,0.2480886647199362,0.4154750377192773,0.2480886647199362,0.0,0.0,0.0
2021-03-08,0.0938997979958986,0.0,0.0,0.2480886647199362,0.4154750377192773,0.2480886647199362,0.0,0.0010540350411468009,0.0010540350411468009
2021-03-09,0.0,0.0,0.0,0.2480886647199362,0.4154750377192773,0.2480886647199362,0.0,0.0,0.0
2021-03-09,0.0,0.0,0.0,0.2480886647199362,0.4154750377192773,0.2480886647199362,0.0,0.0,0.0
2021-03-09,0.0001173357799858,0.0,0.0,0.2480886647199362,0.4154750377192773,0.2480886647199362,0.0,0.0,0.0
2021-03-09,0.0,0.0,0.0,0.2480886647199362,0.4154750377192773,0.2480886647199362,0.0,0.0,0.0
2021-03-09,6.466754530076691e-05,0.0,0.0,0.2480886647199362,0.4154750377192773,0.2480886647199362,0.0,0.0,0.0
2021-03-09,0.0,0.0,0.0,0.2480886647199362,0.4154750377192773,0.2480886647199362,0.0,0.0,0.0
2021-03-09,0.0150745356677036,0.0,0.0,0.2480886647199362,0.4154750377192773,0.2480886647199362,0.0,0.0,0.0
2021-03-09,0.0,0.0,0.0,0.2480886647199362,0.4154750377192773,0.2480886647199362,0.0,0.0,0.0
2021-03-09,0.0321950413585453,0.0,0.0,0.2480886647199362,0.4154750377192773,0.2480886647199362,0.0,0.0,0.0
2021-03-09,0.0005635669240744,0.0,0.0,0.2480886647199362,0.4154750377192773,0.2480886647199362,0.0,0.0,0.0
2021-03-09,0.0,0.0,0.0,0.2480886647199362,0.4154750377192773,0.2480886647199362,0.0,0.0,0.0
2021-03-09,0.0,0.0,0.0,0.2480886647199362,0.4154750377192773,0.2480886647199362,0.0,0.0,0.0
2021-03-10,0.0,0.0,0.0,0.2480886647199362,0.4154750377192773,0.2480886647199362,0.0,0.0,0.0
2021-03-10,0.0,0.0,0.0,0.2480886647199362,0.4154750377192773,0.2480886647199362,0.0,0.0,0.0
2021-03-10,0.0,0.0,0.0,0.2480886647199362,0.4154750377192773,0.2480886647199362,0.0,0.0,0.0
2021-03-10,0.0,0.0,0.0,0.2480886647199362,0.4154750377192773,0.2480886647199362,0.0,0.0,0.0
2021-03-10,0.0,0.0,0.0,0.2480886647199362,0.4154750377192773,0.2480886647199362,0.0,0.0,0.0
2021-03-10,0.0,0.0,0.0,0.2480886647199362,0.4154750377192773,0.2480886647199362,0.0,0.0,0.0
2021-03-10,0.0,0.0,0.0,0.2480886647199362,0.4154750377192773,0.2480886647199362,0.0,0.0,0.0
2021-03-10,0.0,0.0,0.0,0.2480886647199362,0.4154750377192773,0.2480886647199362,0.0,0.0,0.0
2021-03-10,0.0,0.0,0.0,0.2480886647199362,0.4154750377192773,0.2480886647199362,0.0,0.0,0.0
2021-03-10,0.0,0.0,0.0,0.2480886647199362,0.4154750377192773,0.2480886647199362,0.0,0.0,0.0
2021-03-10,0.0,0.0,0.0,0.2480886647199362,0.4154750377192773,0.2480886647199362,0.0,0.0,0.0
2021-03-10,0.0,0.0,0.0,0.2480886647199362,0.4154750377192773,0.2480886647199362,0.0,0.0,0.0
2021-03-11,0.0358296766338045,0.0,0.0,0.2049827448898327,0.3632310221361496,0.2480886647199362,-0.043105919830103506,0.0,0.043105919830103506
2021-03-11,4.021112629403394e-05,0.0,0.0,0.2049827448898327,0.3632310221361496,0.2049827448898327,0.0,0.0,0.0
2021-03-11,0.0448327137570208,0.0,0.0,0.2049827448898327,0.3632310221361496,0.2049827448898327,0.0,0.0,0.0
2021-03-11,0.0402846697518816,0.0,0.0,0.2049827448898327,0.3632310221361496,0.2049827448898327,0.0,0.0,0.0
2021-03-11,0.0159420633592121,0.0,0.0,0.2049827448898327,0.3632310221361496,0.2049827448898327,0.0,0.0,0.0
2021-03-11,0.0020598578236188,0.0,0.0,0.2049827448898327,0.3632310221361496,0.2049827448898327,0.0,0.0,0.0
2021-03-11,0.0178594774105488,0.0,0.0,0.2049827448898327,0.3632310221361496,0.2049827448898327,0.0,0.0,0.0
2021-03-11,0.0063703720128547,0.0,0.0,0.2049827448898327,0.3632310221361496,0.2049827448898327,0.0,0.0,0.0
2021-03-11,0.0,0.0,0.0,0.2049827448898327,0.3632310221361496,0.2049827448898327,0.0,0.0,0.0
2021-03-11,0.0066579285265944,0.0,0.0,0.2049827448898327,0.3632310221361496,0.2049827448898327,0.0,0.0,0.0
2021-03-11,0.0107805655500295,0.0,0.0,0.2049827448898327,0.3632310221361496,0.2049827448898327,0.0,0.0,0.0
2021-03-11,0.0002443482854396,0.0,0.0,0.2049827448898327,0.3632310221361496,0.2049827448898327,0.0,0.00040747279001858156,0.00040747279001858156
2021-03-12,0.0,0.0,0.0,0.2049827448898327,0.3632310221361496,0.2049827448898327,0.0,0.0,0.0
2021-03-12,2.7487580041865065e-06,0.0,0.0,0.2049827448898327,0.3632310221361496,0.2049827448898327,0.0,0.0,0.0
2021-03-12,0.0,0.0,0.0,0.2049827448898327,0.3632310221361496,0.2049827448898327,0.0,0.0,0.0
2021-03-12,0.0,0.0,0.0,0.2049827448898327,0.3632310221361496,0.2049827448898327,0.0,0.0,0.0
2021-03-12,0.0,0.0,0.0,0.2049827448898327,0.3632310221361496,0.2049827448898327,0.0,0.0,0.0
2021-03-12,0.0,0.0,0.0,0.2049827448898327,0.3632310221361496,0.2049827448898327,0.0,0.0,0.0
2021-03-12,0.0,0.0,0.0,0.2049827448898327,0.3632310221361496,0.2049827448898327,0.0,0.0,0.0
2021-03-12,0.0,0.0,0.0,0.2049827448898327,0.3632310221361496,0.2049827448898327,0.0,0.0,0.0
2021-03-12,0.0,0.0,0.0,0.2049827448898327,0.3632310221361496,0.2049827448898327,0.0,0.0,0.0
2021-03-12,1.2888380846641415e-06,0.0,0.0,0.2049827448898327,0.3632310221361496,0.2049827448898327,0.0,0.0,0.0
2021-03-12,0.0002022545833346,0.0,0.0,0.2049827448898327,0.3632310221361496,0.2049827448898327,0.0,0.0008863153703212133,0.0008863153703212133
2021-03-12,6.991175653563522e-05,0.0,0.0,0.2049827448898327,0.3632310221361496,0.2049827448898327,0.0,0.0,0.0
2021-03-13,0.0061806521332643,0.0,0.0,0.2049827448898327,0.3632310221361496,0.2049827448898327,0.0,0.0,0.0
2021-03-13,0.0003219081172691,0.0,0.0,0.2049827448898327,0.3632310221361496,0.2049827448898327,0.0,0.0,0.0
2021-03-13,0.0145377786415443,0.0,0.0,0.2049827448898327,0.3632310221361496,0.2049827448898327,0.0,0.0,0.0
2021-03-13,1.8980051063961864e-05,0.0,0.0,0.2049827448898327,0.3632310221361496,0.2049827448898327,0.0,0.0,0.0
2021-03-13,7.032643446968026e-05,0.0,0.0,0.2049827448898327,0.3632310221361496,0.2049827448898327,0.0,0.0,0.0
2021-03-13,6.918444818234884e-05,0.0,0.0,0.2049827448898327,0.3632310221361496,0.2049827448898327,0.0,0.0,0.0
2021-03-13,0.0105333890787087,0.0,0.0,0.2049827448898327,0.3632310221361496,0.2049827448898327,0.0,0.0,0.0
2021-03-13,0.0008931875696479,0.0,0.0,0.2049827448898327,0.3632310221361496,0.2049827448898327,0.0,0.0,0.0
2021-03-13,0.0003192431463274,0.0,0.0,0.2049827448898327,0.3632310221361496,0.2049827448898327,0.0,0.0,0.0
2021-03-13,0.0006010633976692,0.0,0.0,0.2049827448898327,0.3632310221361496,0.2049827448898327,0.0,0.0,0.0
2021-03-13,0.0061677906016685,0.0,0.0,0.2049827448898327,0.3632310221361496,0.2049827448898327,0.0,0.0,0.0
2021-03-13,0.0,0.0,0.0,0.2049827448898327,0.3632310221361496,0.2049827448898327,0.0,0.0,0.0
2021-03-14,0.0,0.0,0.0,0.2049827448898327,0.3632310221361496,0.2049827448898327,0.0,0.0,0.0
2021-03-14,0.0,0.0,0.0,0.2049827448898327,0.3632310221361496,0.2049827448898327,0.0,0.0,0.0
2021-03-14,0.0,0.0,0.0,0.2049827448898327,0.3632310221361496,0.2049827448898327,0.0,0.0,0.0
2021-03-14,0.0,0.0,0.0,0.2049827448898327,0.3632310221361496,0.2049827448898327,0.0,0.0,0.0
2021-03-14,0.0,0.0,0.0,0.2049827448898327,0.3632310221361496,0.2049827448898327,0.0,0.0,0.0
2021-03-14,0.0,0.0,0.0,0.2049827448898327,0.3632310221361496,0.2049827448898327,0.0,0.0,0.0
2021-03-14,0.0,0.0,0.0,0.2049827448898327,0.3632310221361496,0.2049827448898327,0.0,0.0,0.0
2021-03-14,0.0,0.0,0.0,0.2049827448898327,0.3632310221361496,0.2049827448898327,0.0,0.0,0.0
2021-03-14,0.0,0.0,0.0,0.2049827448898327,0.3632310221361496,0.2049827448898327,0.0,0.0,0.0
2021-03-14,0.0,0.0,0.0,0.2049827448898327,0.3632310221361496,0.2049827448898327,0.0,0.0,0.0
2021-03-14,0.0,0.0,0.0,0.2049827448898327,0.3632310221361496,0.2049827448898327,0.0,0.0,0.0
2021-03-14,0.0,0.0,0.0,0.2049827448898327,0.3632310221361496,0.2049827448898327,0.0,0.0,0.0
2021-03-15,0.0,0.0,0.0,0.2049827448898327,0.3632310221361496,0.2049827448898327,0.0,0.0,0.0
2021-03-15,0.0,0.0,0.0,0.2049827448898327,0.3632310221361496,0.2049827448898327,0.0,0.0,0.0
2021-03-15,0.0,0.0,0.0,0.2049827448898327,0.3632310221361496,0.2049827448898327,0.0,0.0,0.0
2021-03-15,0.0,0.0,0.0,0.2049827448898327,0.3632310221361496,0.2049827448898327,0.0,0.0,0.0
2021-03-15,0.0,0.0,0.0,0.2049827448898327,0.3632310221361496,0.2049827448898327,0.0,0.0,0.0
2021-03-15,0.0,0.0,0.0,0.2049827448898327,0.3632310221361496,0.2049827448898327,0.0,0.0,0.0
2021-03-15,0.0,0.0,0.0,0.2049827448898327,0.3632310221361496,0.2049827448898327,0.0,0.0,0.0
2021-03-15,0.0,0.0,0.0,0.2049827448898327,0.3632310221361496,0.2049827448898327,0.0,0.0,0.0
2021-03-15,0.0,0.0,0.0,0.2049827448898327,0.3632310221361496,0.2049827448898327,0.0,0.0,0.0
2021-03-15,0.0,0.0,0.0,0.2049827448898327,0.3632310221361496,0.2049827448898327,0.0,0.0,0.0
2021-03-15,0.0,0.0,0.0,0.2049827448898327,0.3632310221361496,0.2049827448898327,0.0,0.0,0.0
2021-03-15,0.0,0.0,0.0,0.2049827448898327,0.3632310221361496,0.2049827448898327,0.0,0.0,0.0
2021-03-16,0.0,0.0,0.0,0.2049827448898327,0.3632310221361496,0.2049827448898327,0.0,0.0,0.0
2021-03-16,0.0,0.0,0.0,0.2049827448898327,0.3632310221361496,0.2049827448898327,0.0,0.0,0.0
2021-03-16,0.0,0.0,0.0,0.2049827448898327,0.3632310221361496,0.2049827448898327,0.0,0.0,0.0
2021-03-16,0.0,0.0,0.0,0.2049827448898327,0.3632310221361496,0.2049827448898327,0.0,0.0,0.0
2021-03-16,0.0,0.0,0.0,0.2049827448898327,0.3632310221361496,0.2049827448898327,0.0,0.0,0.0
2021-03-16,0.0,0.0,0.0,0.2049827448898327,0.3632310221361496,0.2049827448898327,0.0,0.0,0.0
2021-03-16,0.0,0.0,0.0,0.2049827448898327,0.3632310221361496,0.2049827448898327,0.0,0.0,0.0
2021-03-16,0.0,0.0,0.0,0.2049827448898327,0.3632310221361496,0.2049827448898327,0.0,0.0,0.0
2021-03-16,0.0,0.0,0.0,0.2049827448898327,0.3632310221361496,0.2049827448898327,0.0,0.0,0.0
2021-03-16,0.0,0.0,0.0,0.2049827448898327,0.3632310221361496,0.2049827448898327,0.0,0.0,0.0
2021-03-16,0.0,0.0,0.0,0.2049827448898327,0.3632310221361496,0.2049827448898327,0.0,0.0,0.0
2021-03-16,0.0,0.0,0.0,0.2049827448898327,0.3632310221361496,0.2049827448898327,0.0,0.0,0.0
2021-03-17,0.0,0.0,0.0,0.2049827448898327,0.3632310221361496,0.2049827448898327,0.0,0.0,0.0
2021-03-17,0.0,0.0,0.0,0.2049827448898327,0.3632310221361496,0.2049827448898327,0.0,0.0,0.0
2021-03-17,0.0,0.0,0.0,0.2049827448898327,0.3632310221361496,0.2049827448898327,0.0,0.0,0.0
2021-03-17,0.0,0.0,0.0,0.2049827448898327,0.3632310221361496,0.2049827448898327,0.0,0.0,0.0
2021-03-17,0.0,0.0,0.0,0.2049827448898327,0.3632310221361496,0.2049827448898327,0.0,0.0,0.0
2021-03-17,0.0,0.0,0.0,0.2049827448898327,0.3632310221361496,0.2049827448898327,0.0,0.0,0.0
2021-03-17,0.0,0.0,0.0,0.2049827448898327,0.3632310221361496,0.2049827448898327,0.0,0.0,0.0
2021-03-17,0.0,0.0,0.0,0.2049827448898327,0.3632310221361496,0.2049827448898327,0.0,0.0,0.0
2021-03-17,0.0,0.0,0.0,0.2049827448898327,0.3632310221361496,0.2049827448898327,0.0,0.0,0.0
2021-03-17,0.0,0.0,0.0,0.2049827448898327,0.3632310221361496,0.2049827448898327,0.0,0.0,0.0
2021-03-17,0.0,0.0,0.0,0.2049827448898327,0.3632310221361496,0.2049827448898327,0.0,0.0,0.0
2021-03-17,0.0,0.0,0.0,0.2049827448898327,0.3632310221361496,0.2049827448898327,0.0,0.0,0.0
2021-03-18,0.0,0.0,0.0,0.2155561454738518,0.3136892832211142,0.2049827448898327,0.010573400584019094,0.00024859443654767847,0.010324806147471416
2021-03-18,0.0,0.0,0.0,0.2155561454738518,0.3136892832211142,0.2155561454738518,0.0,0.00024859443654767847,0.00024859443654767847
2021-03-18,0.0018007698825098,0.0,0.0,0.2155561454738518,0.3136892832211142,0.2155561454738518,0.0,0.0,0.0
2021-03-18,0.0,0.0,0.0,0.2155561454738518,0.3136892832211142,0.2155561454738518,0.0,0.00024859443654767847,0.00024859443654767847
2021-03-18,0.0015989644618761,0.0,0.0,0.2155561454738518,0.3136892832211142,0.2155561454738518,0.0,0.0,0.0
2021-03-18,0.0002561691193387,0.0,0.0,0.2155561454738518,0.3136892832211142,0.2155561454738518,0.0,0.0005292895981993174,0.0005292895981993174
2021-03-18,0.0,0.0,0.0,0.2155561454738518,0.3136892832211142,0.2155561454738518,0.0,0.00024859443654767847,0.00024859443654767847
2021-03-18,0.0001572270753376,0.0,0.0,0.2155561454738518,0.3136892832211142,0.2155561454738518,0.0,0.00029001828552207805,0.00029001828552207805
2021-03-18,0.0,0.0,0.0,0.2155561454738518,0.3136892832211142,0.2155561454738518,0.0,0.00024859443654767847,0.00024859443654767847
2021-03-18,0.0010224941265574,0.0,0.0,0.2155561454738518,0.3136892832211142,0.2155561454738518,0.0,0.0,0.0
2021-03-18,0.0,0.0,0.0,0.2155561454738518,0.3136892832211142,0.2155561454738518,0.0,0.00024859443654767847,0.00024859443654767847
2021-03-18,0.0,0.0,0.0,0.2155561454738518,0.3136892832211142,0.2155561454738518,0.0,0.00024859443654767847,0.00024859443654767847
2021-03-19,0.0,0.0,0.0,0.2155561454738518,0.3136892832211142,0.2155561454738518,0.0,0.00024859443654767847,0.00024859443654767847
2021-03-19,0.0,0.0,0.0,0.2155561454738518,0.3136892832211142,0.2155561454738518,0.0,0.00024859443654767847,0.00024859443654767847
2021-03-19,0.0,0.0,0.0,0.2155561454738518,0.3136892832211142,0.2155561454738518,0.0,0.00024859443654767847,0.00024859443654767847
2021-03-19,0.0,0.0,0.0,0.2155561454738518,0.3136892832211142,0.2155561454738518,0.0,0.00024859443654767847,0.00024859443654767847
2021-03-19,0.0,0.0,0.0,0.2155561454738518,0.3136892832211142,0.2155561454738518,0.0,0.00024859443654767847,0.00024859443654767847
2021-03-19,0.0,0.0,0.0,0.2155561454738518,0.3136892832211142,0.2155561454738518,0.0,0.00024859443654767847,0.00024859443654767847
2021-03-19,0.0,0.0,0.0,0.2155561454738518,0.3136892832211142,0.2155561454738518,0.0,0.00024859443654767847,0.00024859443654767847
2021-03-19,0.0,0.0,0.0,0.2155561454738518,0.3136892832211142,0.2155561454738518,0.0,0.00024859443654767847,0.00024859443654767847
2021-03-19,0.0,0.0,0.0,0.2155561454738518,0.3136892832211142,0.2155561454738518,0.0,0.00024859443654767847,0.00024859443654767847
2021-03-19,0.0,0.0,0.0,0.2155561454738518,0.3136892832211142,0.2155561454738518,0.0,0.00024859443654767847,0.00024859443654767847
2021-03-19,0.0,0.0,0.0,0.2155561454738518,0.3136892832211142,0.2155561454738518,0.0,0.00024859443654767847,0.00024859443654767847
2021-03-19,0.0,0.0,0.0,0.2155561454738518,0.3136892832211142,0.2155561454738518,0.0,0.00024859443654767847,0.00024859443654767847
2021-03-20,0.0,0.0,0.0,0.2155561454738518,0.3136892832211142,0.2155561454738518,0.0,0.00024859443654767847,0.00024859443654767847
2021-03-20,0.0,0.0,0.0,0.2155561454738518,0.3136892832211142,0.2155561454738518,0.0,0.00024859443654767847,0.00024859443654767847
2021-03-20,0.0020664697269948,0.0,0.0,0.2155561454738518,0.3136892832211142,0.2155561454738518,0.0,0.0,0.0
2021-03-20,0.0,0.0,0.0,0.2155561454738518,0.3136892832211142,0.2155561454738518,0.0,0.00024859443654767847,0.00024859443654767847
2021-03-20,0.0,0.0,0.0,0.2155561454738518,0.3136892832211142,0.2155561454738518,0.0,0.00024859443654767847,0.00024859443654767847
2021-03-20,0.0,0.0,0.0,0.2155561454738518,0.3136892832211142,0.2155561454738518,0.0,0.00024859443654767847,0.00024859443654767847
2021-03-20,0.0,0.0,0.0,0.2155561454738518,0.3136892832211142,0.2155561454738518,0.0,0.00024859443654767847,0.00024859443654767847
2021-03-20,0.0,0.0,0.0,0.2155561454738518,0.3136892832211142,0.2155561454738518,0.0,0.00024859443654767847,0.00024859443654767847
2021-03-20,0.000901586988974,0.0,0.0,0.2155561454738518,0.3136892832211142,0.2155561454738518,0.0,0.0,0.0
2021-03-20,0.0,0.0,0.0,0.2155561454738518,0.3136892832211142,0.2155561454738518,0.0,0.00024859443654767847,0.00024859443654767847
2021-03-20,0.0,0.0,0.0,0.2155561454738518,0.3136892832211142,0.2155561454738518,0.0,0.00024859443654767847,0.00024859443654767847
2021-03-20,0.0,0.0,0.0,0.2155561454738518,0.3136892832211142,0.2155561454738518,0.0,0.00024859443654767847,0.00024859443654767847
2021-03-21,0.0,0.0,0.0,0.2155561454738518,0.3136892832211142,0.2155561454738518,0.0,0.00024859443654767847,0.00024859443654767847
2021-03-21,0.0,0.0,0.0,0.2155561454738518,0.3136892832211142,0.2155561454738518,0.0,0.00024859443654767847,0.00024859443654767847
2021-03-21,0.0,0.0,0.0,0.2155561454738518,0.3136892832211142,0.2155561454738518,0.0,0.00024859443654767847,0.00024859443654767847
2021-03-21,0.0,0.0,0.0,0.2155561454738518,0.3136892832211142,0.2155561454738518,0.0,0.00024859443654767847,0.00024859443654767847
2021-03-21,0.0,0.0,0.0,0.2155561454738518,0.3136892832211142,0.2155561454738518,0.0,0.00024859443654767847,0.00024859443654767847
2021-03-21,0.0,0.0,0.0,0.2155561454738518,0.3136892832211142,0.2155561454738518,0.0,0.00024859443654767847,0.00024859443654767847
2021-03-21,0.0,0.0,0.0,0.2155561454738518,0.3136892832211142,0.2155561454738518,0.0,0.00024859443654767847,0.00024859443654767847
2021-03-21,0.0,0.0,0.0,0.2155561454738518,0.3136892832211142,0.2155561454738518,0.0,0.00024859443654767847,0.00024859443654767847
2021-03-21,0.0,0.0,0.0,0.2155561454738518,0.3136892832211142,0.2155561454738518,0.0,0.00024859443654767847,0.00024859443654767847
2021-03-21,0.0,0.0,0.0,0.2155561454738518,0.3136892832211142,0.2155561454738518,0.0,0.00024859443654767847,0.00024859443654767847
2021-03-21,0.0,0.0,0.0,0.2155561454738518,0.3136892832211142,0.2155561454738518,0.0,0.00024859443654767847,0.00024859443654767847
2021-03-21,0.0,0.0,0.0,0.2155561454738518,0.3136892832211142,0.2155561454738518,0.0,0.00024859443654767847,0.00024859443654767847
2021-03-22,0.0425944399308826,0.0,0.0,0.2155561454738518,0.3136892832211142,0.2155561454738518,0.0,0.0,0.0
2021-03-22,0.0283727984743391,0.0,0.0,0.2155561454738518,0.3136892832211142,0.2155561454738518,0.0,0.0,0.0
2021-03-22,0.0151737585135911,0.0,0.0,0.2155561454738518,0.3136892832211142,0.2155561454738518,0.0,0.0,0.0
2021-03-22,0.0198832994023958,0.0,0.0,0.2155561454738518,0.3136892832211142,0.2155561454738518,0.0,0.0,0.0
2021-03-22,0.0725895247224644,0.0,0.0,0.2155561454738518,0.3136892832211142,0.2155561454738518,0.0,0.0,0.0
2021-03-22,0.0618336298949247,0.0,0.0,0.2155561454738518,0.3136892832211142,0.2155561454738518,0.0,0.0006709848685956987,0.0006709848685956987
2021-03-22,0.1330506500558116,0.0,0.0,0.2155561454738518,0.3136892832211142,0.2155561454738518,0.0,0.0,0.0
2021-03-22,0.1017450109297645,0.0,0.0,0.2155561454738518,0.3136892832211142,0.2155561454738518,0.0,0.0,0.0
2021-03-22,0.1147233737876114,0.0,0.0,0.2155561454738518,0.3136892832211142,0.2155561454738518,0.0,0.0,0.0
2021-03-22,0.0804563952561133,0.0,0.0,0.2155561454738518,0.3136892832211142,0.2155561454738518,0.0,0.0,0.0
2021-03-22,0.0052870535044541,0.0,0.0,0.2155561454738518,0.3136892832211142,0.2155561454738518,0.0,6.384390761879493e-05,6.384390761879493e-05
2021-03-22,0.0470351650275462,0.0,0.0,0.2155561454738518,0.3136892832211142,0.2155561454738518,0.0,0.0,0.0
2021-03-23,0.0614210789565,0.0,0.0,0.2155561454738518,0.3136892832211142,0.2155561454738518,0.0,0.0006709848685956987,0.0006709848685956987
2021-03-23,0.0049361359978955,0.0,0.0,0.2155561454738518,0.3136892832211142,0.2155561454738518,0.0,6.384390761879493e-05,6.384390761879493e-05
2021-03-23,0.052626572727496,0.0,0.0,0.2155561454738518,0.3136892832211142,0.2155561454738518,0.0,0.0,0.0
2021-03-23,0.0668646929233496,0.0,0.0,0.2155561454738518,0.3136892832211142,0.2155561454738518,0.0,0.0,0.0
2021-03-23,0.0164229635684485,0.0,0.0,0.2155561454738518,0.3136892832211142,0.2155561454738518,0.0,0.0,0.0
2021-03-23,0.0215160581214073,0.0,0.0,0.2155561454738518,0.3136892832211142,0.2155561454738518,0.0,0.0,0.0
2021-03-23,0.1185720922914688,0.0,0.0,0.2155561454738518,0.3136892832211142,0.2155561454738518,0.0,0.00029917706397664004,0.00029917706397664004
2021-03-23,0.0233795160347465,0.0,0.0,0.2155561454738518,0.3136892832211142,0.2155561454738518,0.0,0.0,0.0
2021-03-23,0.0356645427178486,0.0,0.0,0.2155561454738518,0.3136892832211142,0.2155561454738518,0.0,0.0,0.0
2021-03-23,0.0580804972324299,0.0,0.0,0.2155561454738518,0.3136892832211142,0.2155561454738518,0.0,0.0,0.0
2021-03-23,0.0687303445620917,0.0,0.0,0.2155561454738518,0.3136892832211142,0.2155561454738518,0.0,0.0,0.0
2021-03-23,0.0659575713699179,0.0,0.0,0.2155561454738518,0.3136892832211142,0.2155561454738518,0.0,0.0,0.0
2021-03-24,0.0466304677495275,0.0,0.0,0.2155561454738518,0.3136892832211142,0.2155561454738518,0.0,0.0,0.0
2021-03-24,0.0225131123097075,0.0,0.0,0.2155561454738518,0.3136892832211142,0.2155561454738518,0.0,0.00014159808866472,0.00014159808866472
2021-03-24,0.0566050889231641,0.0,0.0,0.2155561454738518,0.3136892832211142,0.2155561454738518,0.0,0.0,0.0
2021-03-24,0.0203602270423744,0.0,0.0,0.2155561454738518,0.3136892832211142,0.2155561454738518,0.0,0.0003309662861693653,0.0003309662861693653
2021-03-24,0.0594789782637793,0.0,0.0,0.2155561454738518,0.3136892832211142,0.2155561454738518,0.0,0.0,0.0
2021-03-24,0.0163395100900391,0.0,0.0,0.2155561454738518,0.3136892832211142,0.2155561454738518,0.0,0.0,0.0
2021-03-24,0.0562695245697911,0.0,0.0,0.2155561454738518,0.3136892832211142,0.2155561454738518,0.0,0.0,0.0
2021-03-24,0.0508370639261468,0.0,0.0,0.2155561454738518,0.3136892832211142,0.2155561454738518,0.0,0.0,0.0
2021-03-24,0.0254461727254495,0.0,0.0,0.2155561454738518,0.3136892832211142,0.2155561454738518,0.0,0.0,0.0
2021-03-24,0.048886621908808,0.0,0.0,0.2155561454738518,0.3136892832211142,0.2155561454738518,0.0,0.0,0.0
2021-03-24,0.042750258369203,0.0,0.0,0.2155561454738518,0.3136892832211142,0.2155561454738518,0.0,0.0,0.0
2021-03-24,0.0788267316421129,0.0,0.0,0.2155561454738518,0.3136892832211142,0.2155561454738518,0.0,0.0,0.0
2021-03-25,0.0680012788184366,0.0,0.0,0.1975046456065834,0.2584502443308487,0.2155561454738518,-0.018051499867268395,0.0,0.018051499867268395
2021-03-25,0.0,0.0,0.0,0.1975046456065834,0.2584502443308487,0.1975046456065834,0.0,0.0,0.0
2021-03-25,0.0302793146081678,0.0,0.0,0.1975046456065834,0.2584502443308487,0.1975046456065834,0.0,0.0,0.0
2021-03-25,0.0001431740330349,0.0,0.0,0.1975046456065834,0.2584502443308487,0.1975046456065834,0.0,0.0,0.0
2021-03-25,0.0441194366501096,0.0,0.0,0.1975046456065834,0.2584502443308487,0.1975046456065834,0.0,0.0,0.0
2021-03-25,0.0020129218438426,0.0,0.0,0.1975046456065834,0.2584502443308487,0.1975046456065834,0.0,0.0,0.0
2021-03-25,0.0226374168169299,0.0,0.0,0.1975046456065834,0.2584502443308487,0.1975046456065834,0.0,4.7199362888240006e-05,4.7199362888240006e-05
2021-03-25,0.0209200736191096,0.0,0.0,0.1975046456065834,0.2584502443308487,0.1975046456065834,0.0,0.0,0.0
2021-03-25,0.0345931392980081,0.0,0.0,0.1975046456065834,0.2584502443308487,0.1975046456065834,0.0,0.0,0.0
2021-03-25,0.0019502728143036,0.0,0.0,0.1975046456065834,0.2584502443308487,0.1975046456065834,0.0,0.0,0.0
2021-03-25,0.0094929423638894,0.0,0.0,0.1975046456065834,0.2584502443308487,0.1975046456065834,0.0,0.0,0.0
2021-03-25,0.003320111997712,0.0,0.0,0.1975046456065834,0.2584502443308487,0.1975046456065834,0.0,3.1921953809397466e-05,3.1921953809397466e-05
2021-03-26,0.0,0.0,0.0,0.1975046456065834,0.2584502443308487,0.1975046456065834,0.0,0.0,0.0
2021-03-26,0.0,0.0,0.0,0.1975046456065834,0.2584502443308487,0.1975046456065834,0.0,0.0,0.0
2021-03-26,0.0001097017818069,0.0,0.0,0.1975046456065834,0.2584502443308487,0.1975046456065834,0.0,0.0,0.0
2021-03-26,0.0,0.0,0.0,0.1975046456065834,0.2584502443308487,0.1975046456065834,0.0,0.0,0.0
2021-03-26,0.0,0.0,0.0,0.1975046456065834,0.2584502443308487,0.1975046456065834,0.0,0.0,0.0
2021-03-26,0.0,0.0,0.0,0.1975046456065834,0.2584502443308487,0.1975046456065834,0.0,0.0,0.0
2021-03-26,0.0016914518478555,0.0,0.0,0.1975046456065834,0.2584502443308487,0.1975046456065834,0.0,0.0,0.0
2021-03-26,0.0,0.0,0.0,0.1975046456065834,0.2584502443308487,0.1975046456065834,0.0,0.0,0.0
2021-03-26,0.0,0.0,0.0,0.1975046456065834,0.2584502443308487,0.1975046456065834,0.0,0.0,0.0
2021-03-26,0.0,0.0,0.0,0.1975046456065834,0.2584502443308487,0.1975046456065834,0.0,0.0,0.0
2021-03-26,1.4208640236652795e-05,0.0,0.0,0.1975046456065834,0.2584502443308487,0.1975046456065834,0.0,0.0,0.0
2021-03-26,0.0,0.0,0.0,0.1975046456065834,0.2584502443308487,0.1975046456065834,0.0,0.0,0.0
2021-03-27,0.0,0.0,0.0,0.1975046456065834,0.2584502443308487,0.1975046456065834,0.0,0.0,0.0
2021-03-27,0.0,0.0,0.0,0.1975046456065834,0.2584502443308487,0.1975046456065834,0.0,0.0,0.0
2021-03-27,0.0,0.0,0.0,0.1975046456065834,0.2584502443308487,0.1975046456065834,0.0,0.0,0.0
2021-03-27,0.0,0.0,0.0,0.1975046456065834,0.2584502443308487,0.1975046456065834,0.0,0.0,0.0
2021-03-27,0.0,0.0,0.0,0.1975046456065834,0.2584502443308487,0.1975046456065834,0.0,0.0,0.0
2021-03-27,0.0,0.0,0.0,0.1975046456065834,0.2584502443308487,0.1975046456065834,0.0,0.0,0.0
2021-03-27,0.0,0.0,0.0,0.1975046456065834,0.2584502443308487,0.1975046456065834,0.0,0.0,0.0
2021-03-27,0.0,0.0,0.0,0.1975046456065834,0.2584502443308487,0.1975046456065834,0.0,0.0,0.0
2021-03-27,0.0,0.0,0.0,0.1975046456065834,0.2584502443308487,0.1975046456065834,0.0,0.0,0.0
2021-03-27,0.0,0.0,0.0,0.1975046456065834,0.2584502443308487,0.1975046456065834,0.0,0.0,0.0
2021-03-27,0.0,0.0,0.0,0.1975046456065834,0.2584502443308487,0.1975046456065834,0.0,0.0,0.0
2021-03-27,0.0,0.0,0.0,0.1975046456065834,0.2584502443308487,0.1975046456065834,0.0,0.0,0.0
2021-03-28,0.0,0.0,0.0,0.1975046456065834,0.2584502443308487,0.1975046456065834,0.0,0.0,0.0
2021-03-28,0.0,0.0,0.0,0.1975046456065834,0.2584502443308487,0.1975046456065834,0.0,0.0,0.0
2021-03-28,0.0,0.0,0.0,0.1975046456065834,0.2584502443308487,0.1975046456065834,0.0,0.0,0.0
2021-03-28,0.0,0.0,0.0,0.1975046456065834,0.2584502443308487,0.1975046456065834,0.0,0.0,0.0
2021-03-28,0.0,0.0,0.0,0.1975046456065834,0.2584502443308487,0.1975046456065834,0.0,0.0,0.0
2021-03-28,0.0,0.0,0.0,0.1975046456065834,0.2584502443308487,0.1975046456065834,0.0,0.0,0.0
2021-03-28,0.0,0.0,0.0,0.1975046456065834,0.2584502443308487,0.1975046456065834,0.0,0.0,0.0
2021-03-28,0.0,0.0,0.0,0.1975046456065834,0.2584502443308487,0.1975046456065834,0.0,0.0,0.0
2021-03-28,2.8008692441740214e-05,0.0,0.0,0.1975046456065834,0.2584502443308487,0.1975046456065834,0.0,0.0,0.0
2021-03-28,0.0,0.0,0.0,0.1975046456065834,0.2584502443308487,0.1975046456065834,0.0,0.0,0.0
2021-03-28,0.0,0.0,0.0,0.1975046456065834,0.2584502443308487,0.1975046456065834,0.0,0.0,0.0
2021-03-28,0.0,0.0,0.0,0.1975046456065834,0.2584502443308487,0.1975046456065834,0.0,0.0,0.0
2021-03-29,0.0035955545477785,0.0,0.0,0.1975046456065834,0.2584502443308487,0.1975046456065834,0.0,0.0005863419166445442,0.0005863419166445442
2021-03-29,0.0,0.0,0.0,0.1975046456065834,0.2584502443308487,0.1975046456065834,0.0,0.0,0.0
2021-03-29,0.0143621408469831,0.0,0.0,0.1975046456065834,0.2584502443308487,0.1975046456065834,0.0,0.0,0.0
2021-03-29,0.010445609890739,0.0,0.0,0.1975046456065834,0.2584502443308487,0.1975046456065834,0.0,0.0,0.0
2021-03-29,0.0182337627706735,0.0,0.0,0.1975046456065834,0.2584502443308487,0.1975046456065834,0.0,0.0,0.0
2021-03-29,0.0071779545082285,0.0,0.0,0.1975046456065834,0.2584502443308487,0.1975046456065834,0.0,0.0,0.0
2021-03-29,0.0260280021379296,0.0,0.0,0.1975046456065834,0.2584502443308487,0.1975046456065834,0.0,0.0,0.0
2021-03-29,0.0131263633699762,0.0,0.0,0.1975046456065834,0.2584502443308487,0.1975046456065834,0.0,0.0,0.0
2021-03-29,0.0,0.0,0.0,0.1975046456065834,0.2584502443308487,0.1975046456065834,0.0,0.0,0.0
2021-03-29,0.0,0.0,0.0,0.1975046456065834,0.2584502443308487,0.1975046456065834,0.0,0.0,0.0
2021-03-29,3.109737436427526e-07,0.0,0.0,0.1975046456065834,0.2584502443308487,0.1975046456065834,0.0,0.0,0.0
2021-03-29,5.327394860258544e-05,0.0,0.0,0.1975046456065834,0.2584502443308487,0.1975046456065834,0.0,0.0,0.0
2021-03-30,9.342354652019862e-07,0.0,0.0,0.1975046456065834,0.2584502443308487,0.1975046456065834,0.0,0.0,0.0
2021-03-30,0.0115258795144521,0.0,0.0,0.1975046456065834,0.2584502443308487,0.1975046456065834,0.0,0.0,0.0
2021-03-30,0.0309952527710833,0.0,0.0,0.1975046456065834,0.2584502443308487,0.1975046456065834,0.0,0.0,0.0
2021-03-30,0.0251070790699758,0.0,0.0,0.1975046456065834,0.2584502443308487,0.1975046456065834,0.0,0.0,0.0
2021-03-30,0.0,0.0,0.0,0.1975046456065834,0.2584502443308487,0.1975046456065834,0.0,0.0,0.0
2021-03-30,0.0314833752807296,0.0,0.0,0.1975046456065834,0.2584502443308487,0.1975046456065834,0.0,0.0,0.0
2021-03-30,0.0,0.0,0.0,0.1975046456065834,0.2584502443308487,0.1975046456065834,0.0,0.0,0.0
2021-03-30,0.0407962859206326,0.0,0.0,0.1975046456065834,0.2584502443308487,0.1975046456065834,0.0,0.0,0.0
2021-03-30,0.0,0.0,0.0,0.1975046456065834,0.2584502443308487,0.1975046456065834,0.0,0.0,0.0
2021-03-30,0.0515560363783452,0.0,0.0,0.1975046456065834,0.2584502443308487,0.1975046456065834,0.0,0.0,0.0
2021-03-30,0.0,0.0,0.0,0.1975046456065834,0.2584502443308487,0.1975046456065834,0.0,0.0,0.0
2021-03-30,0.0082436632676644,0.0,0.0,0.1975046456065834,0.2584502443308487,0.1975046456065834,0.0,0.0,0.0
2021-03-31,0.0,0.0,0.0,0.1975046456065834,0.2584502443308487,0.1975046456065834,0.0,0.0,0.0
2021-03-31,0.0,0.0,0.0,0.1975046456065834,0.2584502443308487,0.1975046456065834,0.0,0.0,0.0
2021-03-31,0.0,0.0,0.0,0.1975046456065834,0.2584502443308487,0.1975046456065834,0.0,0.0,0.0
2021-03-31,0.0,0.0,0.0,0.1975046456065834,0.2584502443308487,0.1975046456065834,0.0,0.0,0.0
2021-03-31,0.0,0.0,0.0,0.1975046456065834,0.2584502443308487,0.1975046456065834,0.0,0.0,0.0
2021-03-31,0.0,0.0,0.0,0.1975046456065834,0.2584502443308487,0.1975046456065834,0.0,0.0,0.0
2021-03-31,0.0,0.0,0.0,0.1975046456065834,0.2584502443308487,0.1975046456065834,0.0,0.0,0.0
2021-03-31,0.0,0.0,0.0,0.1975046456065834,0.2584502443308487,0.1975046456065834,0.0,0.0,0.0
2021-03-31,0.0,0.0,0.0,0.1975046456065834,0.2584502443308487,0.1975046456065834,0.0,0.0,0.0
2021-03-31,0.0,0.0,0.0,0.1975046456065834,0.2584502443308487,0.1975046456065834,0.0,0.0,0.0
2021-03-31,0.0,0.0,0.0,0.1975046456065834,0.2584502443308487,0.1975046456065834,0.0,0.0,0.0
2021-03-31,0.0,0.0,0.0,0.1975046456065834,0.2584502443308487,0.1975046456065834,0.0,0.0,0.0
2021-04-01,0.0,0.0,0.0,0.1077780727369259,0.2159569437250876,0.1975046456065834,-0.0897265728696575,0.0,0.0897265728696575
2021-04-01,0.0,0.0,0.0,0.1077780727369259,0.2159569437250876,0.1077780727369259,0.0,0.0,0.0
2021-04-01,0.0,0.0,0.0,0.1077780727369259,0.2159569437250876,0.1077780727369259,0.0,0.0,0.0
2021-04-01,0.0,0.0,0.0,0.1077780727369259,0.2159569437250876,0.1077780727369259,0.0,0.0,0.0
2021-04-01,0.0,0.0,0.0,0.1077780727369259,0.2159569437250876,0.1077780727369259,0.0,0.0,0.0
2021-04-01,0.0,0.0,0.0,0.1077780727369259,0.2159569437250876,0.1077780727369259,0.0,0.0,0.0
2021-04-01,0.0,0.0,0.0,0.1077780727369259,0.2159569437250876,0.1077780727369259,0.0,0.0,0.0
2021-04-01,0.0,0.0,0.0,0.1077780727369259,0.2159569437250876,0.1077780727369259,0.0,0.0,0.0
2021-04-01,0.0,0.0,0.0,0.1077780727369259,0.2159569437250876,0.1077780727369259,0.0,0.0,0.0
2021-04-01,0.0,0.0,0.0,0.1077780727369259,0.2159569437250876,0.1077780727369259,0.0,0.0,0.0
2021-04-01,0.0,0.0,0.0,0.1077780727369259,0.2159569437250876,0.1077780727369259,0.0,0.0,0.0
2021-04-01,0.0,0.0,0.0,0.1077780727369259,0.2159569437250876,0.1077780727369259,0.0,0.0,0.0
2021-04-02,0.0,0.0,0.0,0.1077780727369259,0.2159569437250876,0.1077780727369259,0.0,0.0,0.0
2021-04-02,0.0,0.0,0.0,0.1077780727369259,0.2159569437250876,0.1077780727369259,0.0,0.0,0.0
2021-04-02,0.0,0.0,0.0,0.1077780727369259,0.2159569437250876,0.1077780727369259,0.0,0.0,0.0
2021-04-02,0.0,0.0,0.0,0.1077780727369259,0.2159569437250876,0.1077780727369259,0.0,0.0,0.0
2021-04-02,0.0,0.0,0.0,0.1077780727369259,0.2159569437250876,0.1077780727369259,0.0,0.0,0.0
2021-04-02,0.0,0.0,0.0,0.1077780727369259,0.2159569437250876,0.1077780727369259,0.0,0.0,0.0
2021-04-02,0.0,0.0,0.0,0.1077780727369259,0.2159569437250876,0.1077780727369259,0.0,0.0,0.0
2021-04-02,0.0,0.0,0.0,0.1077780727369259,0.2159569437250876,0.1077780727369259,0.0,0.0,0.0
2021-04-02,0.0,0.0,0.0,0.1077780727369259,0.2159569437250876,0.1077780727369259,0.0,0.0,0.0
2021-04-02,0.0,0.0,0.0,0.1077780727369259,0.2159569437250876,0.1077780727369259,0.0,0.0,0.0
2021-04-02,0.0,0.0,0.0,0.1077780727369259,0.2159569437250876,0.1077780727369259,0.0,0.0,0.0
2021-04-02,0.0,0.0,0.0,0.1077780727369259,0.2159569437250876,0.1077780727369259,0.0,0.0,0.0
2021-04-03,0.0,0.0,0.0,0.1077780727369259,0.2159569437250876,0.1077780727369259,0.0,0.0,0.0
2021-04-03,0.0,0.0,0.0,0.1077780727369259,0.2159569437250876,0.1077780727369259,0.0,0.0,0.0
2021-04-03,0.0,0.0,0.0,0.1077780727369259,0.2159569437250876,0.1077780727369259,0.0,0.0,0.0
2021-04-03,0.0,0.0,0.0,0.1077780727369259,0.2159569437250876,0.1077780727369259,0.0,0.0,0.0
2021-04-03,0.0,0.0,0.0,0.1077780727369259,0.2159569437250876,0.1077780727369259,0.0,0.0,0.0
2021-04-03,0.0,0.0,0.0,0.1077780727369259,0.2159569437250876,0.1077780727369259,0.0,0.0,0.0
2021-04-03,0.0,0.0,0.0,0.1077780727369259,0.2159569437250876,0.1077780727369259,0.0,0.0,0.0
2021-04-03,0.0,0.0,0.0,0.1077780727369259,0.2159569437250876,0.1077780727369259,0.0,0.0,0.0
2021-04-03,0.0,0.0,0.0,0.1077780727369259,0.2159569437250876,0.1077780727369259,0.0,0.0,0.0
2021-04-03,0.0,0.0,0.0,0.1077780727369259,0.2159569437250876,0.1077780727369259,0.0,0.0,0.0
2021-04-03,0.0,0.0,0.0,0.1077780727369259,0.2159569437250876,0.1077780727369259,0.0,0.0,0.0
2021-04-03,0.0,0.0,0.0,0.1077780727369259,0.2159569437250876,0.1077780727369259,0.0,0.0,0.0
2021-04-04,0.0,0.0,0.0,0.1077780727369259,0.2159569437250876,0.1077780727369259,0.0,0.0,0.0
2021-04-04,0.0,0.0,0.0,0.1077780727369259,0.2159569437250876,0.1077780727369259,0.0,0.0,0.0
2021-04-04,0.0,0.0,0.0,0.1077780727369259,0.2159569437250876,0.1077780727369259,0.0,0.0,0.0
2021-04-04,0.0,0.0,0.0,0.1077780727369259,0.2159569437250876,0.1077780727369259,0.0,0.0,0.0
2021-04-04,0.0,0.0,0.0,0.1077780727369259,0.2159569437250876,0.1077780727369259,0.0,0.0,0.0
2021-04-04,0.0,0.0,0.0,0.1077780727369259,0.2159569437250876,0.1077780727369259,0.0,0.0,0.0
2021-04-04,0.0,0.0,0.0,0.1077780727369259,0.2159569437250876,0.1077780727369259,0.0,0.0,0.0
2021-04-04,0.0,0.0,0.0,0.1077780727369259,0.2159569437250876,0.1077780727369259,0.0,0.0,0.0
2021-04-04,0.0,0.0,0.0,0.1077780727369259,0.2159569437250876,0.1077780727369259,0.0,0.0,0.0
2021-04-04,0.0,0.0,0.0,0.1077780727369259,0.2159569437250876,0.1077780727369259,0.0,0.0,0.0
2021-04-04,0.0,0.0,0.0,0.1077780727369259,0.2159569437250876,0.1077780727369259,0.0,0.0,0.0
2021-04-04,0.0,0.0,0.0,0.1077780727369259,0.2159569437250876,0.1077780727369259,0.0,0.0,0.0
2021-04-05,0.0200801627005741,0.0,0.0,0.1077780727369259,0.2159569437250876,0.1077780727369259,0.0,0.0,0.0
2021-04-05,0.0126510620393803,0.0,0.0,0.1077780727369259,0.2159569437250876,0.1077780727369259,0.0,0.002807194053623575,0.002807194053623575
2021-04-05,0.0090263834214892,0.0,0.0,0.1077780727369259,0.2159569437250876,0.1077780727369259,0.0,0.0,0.0
2021-04-05,0.0003070113643281,0.0,0.0,0.1077780727369259,0.2159569437250876,0.1077780727369259,0.0,0.0,0.0
2021-04-05,0.0,0.0,0.0,0.1077780727369259,0.2159569437250876,0.1077780727369259,0.0,0.0,0.0
2021-04-05,0.0,0.0,0.0,0.1077780727369259,0.2159569437250876,0.1077780727369259,0.0,0.0,0.0
2021-04-05,0.0201704796286505,0.0,0.0,0.1077780727369259,0.2159569437250876,0.1077780727369259,0.0,0.0,0.0
2021-04-05,0.0,0.0,0.0,0.1077780727369259,0.2159569437250876,0.1077780727369259,0.0,0.0,0.0
2021-04-05,0.0,0.0,0.0,0.1077780727369259,0.2159569437250876,0.1077780727369259,0.0,0.0,0.0
2021-04-05,0.0136834138207423,0.0,0.0,0.1077780727369259,0.2159569437250876,0.1077780727369259,0.0,0.0,0.0
2021-04-05,0.0026639047737238,0.0,0.0,0.1077780727369259,0.2159569437250876,0.1077780727369259,0.0,0.0,0.0
2021-04-05,0.0,0.0,0.0,0.1077780727369259,0.2159569437250876,0.1077780727369259,0.0,0.0,0.0
2021-04-06,0.0,0.0,0.0,0.1077780727369259,0.2159569437250876,0.1077780727369259,0.0,0.0,0.0
2021-04-06,0.0092817946904106,0.0,0.0,0.1077780727369259,0.2159569437250876,0.1077780727369259,0.0,0.0,0.0
2021-04-06,0.0202830749008249,0.0,0.0,0.1077780727369259,0.2159569437250876,0.1077780727369259,0.0,0.0007300504380143346,0.0007300504380143346
2021-04-06,0.0,0.0,0.0,0.1077780727369259,0.2159569437250876,0.1077780727369259,0.0,0.0,0.0
2021-04-06,0.0,0.0,0.0,0.1077780727369259,0.2159569437250876,0.1077780727369259,0.0,0.0,0.0
2021-04-06,0.0028367037482124,0.0,0.0,0.1077780727369259,0.2159569437250876,0.1077780727369259,0.0,0.0,0.0
2021-04-06,0.0560549996659253,0.0,0.0,0.1077780727369259,0.2159569437250876,0.1077780727369259,0.0,0.0,0.0
2021-04-06,0.0108214790419911,0.0,0.0,0.1077780727369259,0.2159569437250876,0.1077780727369259,0.0,0.0,0.0
2021-04-06,0.0098945213897144,0.0,0.0,0.1077780727369259,0.2159569437250876,0.1077780727369259,0.0,0.0,0.0
2021-04-06,0.0539924696338211,0.0,0.0,0.1077780727369259,0.2159569437250876,0.1077780727369259,0.0,0.0,0.0
2021-04-06,1.554868718213763e-07,0.0,0.0,0.1077780727369259,0.2159569437250876,0.1077780727369259,0.0,0.0,0.0
2021-04-06,0.0,0.0,0.0,0.1077780727369259,0.2159569437250876,0.1077780727369259,0.0,0.0,0.0
2021-04-07,0.1412793255459288,0.0,0.0,0.1077780727369259,0.2159569437250876,0.1077780727369259,0.0,0.0,0.0
2021-04-07,0.0434036612671407,0.0,0.0,0.1077780727369259,0.2159569437250876,0.1077780727369259,0.0,0.0,0.0
2021-04-07,0.1297733032321115,0.0,0.0,0.1077780727369259,0.2159569437250876,0.1077780727369259,0.0,0.0,0.0
2021-04-07,0.2084644697578552,0.0,0.0,0.1077780727369259,0.2159569437250876,0.1077780727369259,0.0,0.0,0.0
2021-04-07,0.1265476215491595,0.0,0.0,0.1077780727369259,0.2159569437250876,0.1077780727369259,0.0,0.0,0.0
2021-04-07,0.1184976421230343,0.0,0.0,0.1077780727369259,0.2159569437250876,0.1077780727369259,0.0,0.0,0.0
2021-04-07,0.1846112893731075,0.0,0.0,0.1077780727369259,0.2159569437250876,0.1077780727369259,0.0,0.0,0.0
2021-04-07,0.1784480388307582,0.0,0.0,0.1077780727369259,0.2159569437250876,0.1077780727369259,0.0,0.0,0.0
2021-04-07,0.0557687084080947,0.0,0.0,0.1077780727369259,0.2159569437250876,0.1077780727369259,0.0,0.0,0.0
2021-04-07,0.0713224865173261,0.0,0.0,0.1077780727369259,0.2159569437250876,0.1077780727369259,0.0,0.0,0.0
2021-04-07,0.0820728377103406,0.0,0.0,0.1077780727369259,0.2159569437250876,0.1077780727369259,0.0,4.5659676134855025e-05,4.5659676134855025e-05
2021-04-07,0.0139122225908741,0.0,0.0,0.1077780727369259,0.2159569437250876,0.1077780727369259,0.0,0.0,0.0
2021-04-08,0.0063193817684268,0.0,0.0,0.0868064773028935,0.1762334767041231,0.1077780727369259,-0.020971595434032403,0.0,0.020971595434032403
2021-04-08,0.0010224941265574,0.0,0.0,0.0868064773028935,0.1762334767041231,0.0868064773028935,0.0,0.0,0.0
2021-04-08,0.0,0.0,0.0,0.0868064773028935,0.1762334767041231,0.0868064773028935,0.0,0.0,0.0
2021-04-08,0.0,0.0,0.0,0.0868064773028935,0.1762334767041231,0.0868064773028935,0.0,0.0,0.0
2021-04-08,0.0026671391690577,0.0,0.0,0.0868064773028935,0.1762334767041231,0.0868064773028935,0.0,0.0,0.0
2021-04-08,0.0,0.0,0.0,0.0868064773028935,0.1762334767041231,0.0868064773028935,0.0,0.0,0.0
2021-04-08,0.0123877179320654,0.0,0.0,0.0868064773028935,0.1762334767041231,0.0868064773028935,0.0,0.0,0.0
2021-04-08,2.663697430129272e-05,0.0,0.0,0.0868064773028935,0.1762334767041231,0.0868064773028935,0.0,0.0,0.0
2021-04-08,0.0001593321269477,0.0,0.0,0.0868064773028935,0.1762334767041231,0.0868064773028935,0.0,0.0,0.0
2021-04-08,0.004835877896352,0.0,0.0,0.0868064773028935,0.1762334767041231,0.0868064773028935,0.0,0.0,0.0
2021-04-08,0.0,0.0,0.0,0.0868064773028935,0.1762334767041231,0.0868064773028935,0.0,0.0,0.0
2021-04-08,0.0002561691193387,0.0,0.0,0.0868064773028935,0.1762334767041231,0.0868064773028935,0.0,0.00026519777010883434,0.00026519777010883434
2021-04-09,0.0,0.0,0.0,0.0868064773028935,0.1762334767041231,0.0868064773028935,0.0,0.0,0.0
2021-04-09,0.0,0.0,0.0,0.0868064773028935,0.1762334767041231,0.0868064773028935,0.0,0.0,0.0
2021-04-09,0.0,0.0,0.0,0.0868064773028935,0.1762334767041231,0.0868064773028935,0.0,0.0,0.0
2021-04-09,0.0,0.0,0.0,0.0868064773028935,0.1762334767041231,0.0868064773028935,0.0,0.0,0.0
2021-04-09,3.762585162936248e-05,0.0,0.0,0.0868064773028935,0.1762334767041231,0.0868064773028935,0.0,0.0,0.0
2021-04-09,0.0,0.0,0.0,0.0868064773028935,0.1762334767041231,0.0868064773028935,0.0,0.0,0.0
2021-04-09,0.0,0.0,0.0,0.0868064773028935,0.1762334767041231,0.0868064773028935,0.0,0.0,0.0
2021-04-09,0.0,0.0,0.0,0.0868064773028935,0.1762334767041231,0.0868064773028935,0.0,0.0,0.0
2021-04-09,0.001930446757319,0.0,0.0,0.0868064773028935,0.1762334767041231,0.0868064773028935,0.0,0.0,0.0
2021-04-09,0.0,0.0,0.0,0.0868064773028935,0.1762334767041231,0.0868064773028935,0.0,0.0,0.0
2021-04-09,0.0040151568621161,0.0,0.0,0.0868064773028935,0.1762334767041231,0.0868064773028935,0.0,6.434828776214457e-05,6.434828776214457e-05
2021-04-09,0.0,0.0,0.0,0.0868064773028935,0.1762334767041231,0.0868064773028935,0.0,0.0,0.0
2021-04-10,0.0,0.0,0.0,0.0868064773028935,0.1762334767041231,0.0868064773028935,0.0,0.0,0.0
2021-04-10,0.0,0.0,0.0,0.0868064773028935,0.1762334767041231,0.0868064773028935,0.0,0.0,0.0
2021-04-10,0.0,0.0,0.0,0.0868064773028935,0.1762334767041231,0.0868064773028935,0.0,0.0,0.0
2021-04-10,0.0,0.0,0.0,0.0868064773028935,0.1762334767041231,0.0868064773028935,0.0,0.0,0.0
2021-04-10,0.0,0.0,0.0,0.0868064773028935,0.1762334767041231,0.0868064773028935,0.0,0.0,0.0
2021-04-10,0.0,0.0,0.0,0.0868064773028935,0.1762334767041231,0.0868064773028935,0.0,0.0,0.0
2021-04-10,0.0,0.0,0.0,0.0868064773028935,0.1762334767041231,0.0868064773028935,0.0,0.0,0.0
2021-04-10,0.0,0.0,0.0,0.0868064773028935,0.1762334767041231,0.0868064773028935,0.0,0.0,0.0
2021-04-10,0.0,0.0,0.0,0.0868064773028935,0.1762334767041231,0.0868064773028935,0.0,0.0,0.0
2021-04-10,0.0,0.0,0.0,0.0868064773028935,0.1762334767041231,0.0868064773028935,0.0,0.0,0.0
2021-04-10,0.0,0.0,0.0,0.0868064773028935,0.1762334767041231,0.0868064773028935,0.0,0.0,0.0
2021-04-10,0.0,0.0,0.0,0.0868064773028935,0.1762334767041231,0.0868064773028935,0.0,0.0,0.0
2021-04-11,0.0,0.0,0.0,0.0868064773028935,0.1762334767041231,0.0868064773028935,0.0,0.0,0.0
2021-04-11,0.0,0.0,0.0,0.0868064773028935,0.1762334767041231,0.0868064773028935,0.0,0.0,0.0
2021-04-11,0.0,0.0,0.0,0.0868064773028935,0.1762334767041231,0.0868064773028935,0.0,0.0,0.0
2021-04-11,0.0,0.0,0.0,0.0868064773028935,0.1762334767041231,0.0868064773028935,0.0,0.0,0.0
2021-04-11,0.0,0.0,0.0,0.0868064773028935,0.1762334767041231,0.0868064773028935,0.0,0.0,0.0
2021-04-11,0.0,0.0,0.0,0.0868064773028935,0.1762334767041231,0.0868064773028935,0.0,0.0,0.0
2021-04-11,0.0,0.0,0.0,0.0868064773028935,0.1762334767041231,0.0868064773028935,0.0,0.0,0.0
2021-04-11,0.0,0.0,0.0,0.0868064773028935,0.1762334767041231,0.0868064773028935,0.0,0.0,0.0
2021-04-11,0.0,0.0,0.0,0.0868064773028935,0.1762334767041231,0.0868064773028935,0.0,0.0,0.0
2021-04-11,0.0,0.0,0.0,0.0868064773028935,0.1762334767041231,0.0868064773028935,0.0,0.0,0.0
2021-04-11,0.0,0.0,0.0,0.0868064773028935,0.1762334767041231,0.0868064773028935,0.0,0.0,0.0
2021-04-11,0.0,0.0,0.0,0.0868064773028935,0.1762334767041231,0.0868064773028935,0.0,0.0,0.0
2021-04-12,0.0,0.0,0.0,0.0868064773028935,0.1762334767041231,0.0868064773028935,0.0,0.0,0.0
2021-04-12,0.0,0.0,0.0,0.0868064773028935,0.1762334767041231,0.0868064773028935,0.0,0.0,0.0
2021-04-12,0.0,0.0,0.0,0.0868064773028935,0.1762334767041231,0.0868064773028935,0.0,0.0,0.0
2021-04-12,0.0,0.0,0.0,0.0868064773028935,0.1762334767041231,0.0868064773028935,0.0,0.0,0.0
2021-04-12,0.0,0.0,0.0,0.0868064773028935,0.1762334767041231,0.0868064773028935,0.0,0.0,0.0
2021-04-12,3.805110822379394e-05,0.0,0.0,0.0868064773028935,0.1762334767041231,0.0868064773028935,0.0,0.0,0.0
2021-04-12,0.0,0.0,0.0,0.0868064773028935,0.1762334767041231,0.0868064773028935,0.0,0.0,0.0
2021-04-12,0.0,0.0,0.0,0.0868064773028935,0.1762334767041231,0.0868064773028935,0.0,0.0,0.0
2021-04-12,0.0,0.0,0.0,0.0868064773028935,0.1762334767041231,0.0868064773028935,0.0,0.0,0.0
2021-04-12,0.0,0.0,0.0,0.0868064773028935,0.1762334767041231,0.0868064773028935,0.0,0.0,0.0
2021-04-12,0.0,0.0,0.0,0.0868064773028935,0.1762334767041231,0.0868064773028935,0.0,0.0,0.0
2021-04-12,0.0,0.0,0.0,0.0868064773028935,0.1762334767041231,0.0868064773028935,0.0,0.0,0.0
2021-04-13,0.0001277358433386,0.0,0.0,0.0868064773028935,0.1762334767041231,0.0868064773028935,0.0,0.0,0.0
2021-04-13,0.0009063987430915,0.0,0.0,0.0868064773028935,0.1762334767041231,0.0868064773028935,0.0,0.0,0.0
2021-04-13,0.0,0.0,0.0,0.0868064773028935,0.1762334767041231,0.0868064773028935,0.0,0.0,0.0
2021-04-13,0.0114953992563758,0.0,0.0,0.0868064773028935,0.1762334767041231,0.0868064773028935,0.0,0.0,0.0
2021-04-13,0.0,0.0,0.0,0.0868064773028935,0.1762334767041231,0.0868064773028935,0.0,0.0,0.0
2021-04-13,0.0079082120587562,0.0,0.0,0.0868064773028935,0.1762334767041231,0.0868064773028935,0.0,0.0,0.0
2021-04-13,0.0,0.0,0.0,0.0868064773028935,0.1762334767041231,0.0868064773028935,0.0,0.0,0.0
2021-04-13,0.0112898676576452,0.0,0.0,0.0868064773028935,0.1762334767041231,0.0868064773028935,0.0,0.0,0.0
2021-04-13,0.0015303172023256,0.0,0.0,0.0868064773028935,0.1762334767041231,0.0868064773028935,0.0,0.0,0.0
2021-04-13,0.002595130264828,0.0,0.0,0.0868064773028935,0.1762334767041231,0.0868064773028935,0.0,0.0,0.0
2021-04-13,0.0246788072241481,0.0,0.0,0.0868064773028935,0.1762334767041231,0.0868064773028935,0.0,8.428457658614344e-05,8.428457658614344e-05
2021-04-13,0.0,0.0,0.0,0.0868064773028935,0.1762334767041231,0.0868064773028935,0.0,0.0,0.0
2021-04-14,0.0,0.0,0.0,0.0868064773028935,0.1762334767041231,0.0868064773028935,0.0,0.0,0.0
2021-04-14,0.0,0.0,0.0,0.0868064773028935,0.1762334767041231,0.0868064773028935,0.0,0.0,0.0
2021-04-14,0.0,0.0,0.0,0.0868064773028935,0.1762334767041231,0.0868064773028935,0.0,0.0,0.0
2021-04-14,0.0,0.0,0.0,0.0868064773028935,0.1762334767041231,0.0868064773028935,0.0,0.0,0.0
2021-04-14,0.0,0.0,0.0,0.0868064773028935,0.1762334767041231,0.0868064773028935,0.0,0.0,0.0
2021-04-14,0.0,0.0,0.0,0.0868064773028935,0.1762334767041231,0.0868064773028935,0.0,0.0,0.0
2021-04-14,0.0,0.0,0.0,0.0868064773028935,0.1762334767041231,0.0868064773028935,0.0,0.0,0.0
2021-04-14,0.0,0.0,0.0,0.0868064773028935,0.1762334767041231,0.0868064773028935,0.0,0.0,0.0
2021-04-14,0.0,0.0,0.0,0.0868064773028935,0.1762334767041231,0.0868064773028935,0.0,0.0,0.0
2021-04-14,0.0,0.0,0.0,0.0868064773028935,0.1762334767041231,0.0868064773028935,0.0,0.0,0.0
2021-04-14,0.0,0.0,0.0,0.0868064773028935,0.1762334767041231,0.0868064773028935,0.0,0.0,0.0
2021-04-14,0.0,0.0,0.0,0.0868064773028935,0.1762334767041231,0.0868064773028935,0.0,0.0,0.0
2021-04-15,0.0,0.0,0.0,0.0753915582691797,0.1557186929988514,0.0868064773028935,-0.011414919033713791,0.0,0.011414919033713791
2021-04-15,0.0,0.0,0.0,0.0753915582691797,0.1557186929988514,0.0753915582691797,0.0,0.0,0.0
2021-04-15,0.0004295726230829,0.0,0.0,0.0753915582691797,0.1557186929988514,0.0753915582691797,0.0,0.0,0.0
2021-04-15,0.0001572270753376,0.0,0.0,0.0753915582691797,0.1557186929988514,0.0753915582691797,0.0,0.0,0.0
2021-04-15,0.0,0.0,0.0,0.0753915582691797,0.1557186929988514,0.0753915582691797,0.0,0.0,0.0
2021-04-15,0.0,0.0,0.0,0.0753915582691797,0.1557186929988514,0.0753915582691797,0.0,0.0,0.0
2021-04-15,0.0010224941265574,0.0,0.0,0.0753915582691797,0.1557186929988514,0.0753915582691797,0.0,0.0,0.0
2021-04-15,0.0,0.0,0.0,0.0753915582691797,0.1557186929988514,0.0753915582691797,0.0,0.0,0.0
2021-04-15,0.0015989644618761,0.0,0.0,0.0753915582691797,0.1557186929988514,0.0753915582691797,0.0,0.0,0.0
2021-04-15,0.0,0.0,0.0,0.0753915582691797,0.1557186929988514,0.0753915582691797,0.0,0.0,0.0
2021-04-15,0.0018007698825098,0.0,0.0,0.0753915582691797,0.1557186929988514,0.0753915582691797,0.0,0.0,0.0
2021-04-15,0.0,0.0,0.0,0.0753915582691797,0.1557186929988514,0.0753915582691797,0.0,0.0,0.0
2021-04-16,0.0,0.0,0.0,0.0753915582691797,0.1557186929988514,0.0753915582691797,0.0,0.0,0.0
2021-04-16,0.0008281312146159,0.0,0.0,0.0753915582691797,0.1557186929988514,0.0753915582691797,0.0,6.1574196973719e-05,6.1574196973719e-05
2021-04-16,0.0,0.0,0.0,0.0753915582691797,0.1557186929988514,0.0753915582691797,0.0,0.0,0.0
2021-04-16,0.0,0.0,0.0,0.0753915582691797,0.1557186929988514,0.0753915582691797,0.0,0.0,0.0
2021-04-16,0.0,0.0,0.0,0.0753915582691797,0.1557186929988514,0.0753915582691797,0.0,0.0,0.0
2021-04-16,0.0,0.0,0.0,0.0753915582691797,0.1557186929988514,0.0753915582691797,0.0,0.0,0.0
2021-04-16,0.0,0.0,0.0,0.0753915582691797,0.1557186929988514,0.0753915582691797,0.0,0.0,0.0
2021-04-16,0.0,0.0,0.0,0.0753915582691797,0.1557186929988514,0.0753915582691797,0.0,0.0,0.0
2021-04-16,0.0,0.0,0.0,0.0753915582691797,0.1557186929988514,0.0753915582691797,0.0,0.0,0.0
2021-04-16,0.0,0.0,0.0,0.0753915582691797,0.1557186929988514,0.0753915582691797,0.0,0.0,0.0
2021-04-16,0.0,0.0,0.0,0.0753915582691797,0.1557186929988514,0.0753915582691797,0.0,0.0,0.0
2021-04-16,0.0,0.0,0.0,0.0753915582691797,0.1557186929988514,0.0753915582691797,0.0,0.0,0.0
2021-04-17,0.0266572808127112,0.0,0.0,0.0753915582691797,0.1557186929988514,0.0753915582691797,0.0,0.0,0.0
2021-04-17,0.0488876904645691,0.0,0.0,0.0753915582691797,0.1557186929988514,0.0753915582691797,0.0,0.0,0.0
2021-04-17,0.0058839555551438,0.0,0.0,0.0753915582691797,0.1557186929988514,0.0753915582691797,0.0,0.0,0.0
2021-04-17,0.068316002923938,0.0,0.0,0.0753915582691797,0.1557186929988514,0.0753915582691797,0.0,0.0,0.0
2021-04-17,0.0338894333150643,0.0,0.0,0.0753915582691797,0.1557186929988514,0.0753915582691797,0.0,0.0,0.0
2021-04-17,0.0149275544738259,0.0,0.0,0.0753915582691797,0.1557186929988514,0.0753915582691797,0.0,0.0,0.0
2021-04-17,0.0231154234617576,0.0,0.0,0.0753915582691797,0.1557186929988514,0.0753915582691797,0.0,4.7199362888240006e-05,4.7199362888240006e-05
2021-04-17,0.0376182905989512,0.0,0.0,0.0753915582691797,0.1557186929988514,0.0753915582691797,0.0,0.0,0.0
2021-04-17,0.0507633638708068,0.0,0.0,0.0753915582691797,0.1557186929988514,0.0753915582691797,0.0,0.0,0.0
2021-04-17,0.0870480699196178,0.0,0.0,0.0753915582691797,0.1557186929988514,0.0753915582691797,0.0,0.0001753119192991759,0.0001753119192991759
2021-04-17,0.0101796729935607,0.0,0.0,0.0753915582691797,0.1557186929988514,0.0753915582691797,0.0,0.0,0.0
2021-04-17,0.0545243815872475,0.0,0.0,0.0753915582691797,0.1557186929988514,0.0753915582691797,0.0,0.0,0.0
2021-04-18,0.1655863640575244,0.0,0.0,0.0753915582691797,0.1557186929988514,0.0753915582691797,0.0,0.0,0.0
2021-04-18,0.1038380430343828,0.0,0.0,0.0753915582691797,0.1557186929988514,0.0753915582691797,0.0,0.0,0.0
2021-04-18,0.2183890410216867,0.0,0.0,0.0753915582691797,0.1557186929988514,0.0753915582691797,0.0,0.0,0.0
2021-04-18,0.0839755669336406,0.0,0.0,0.0753915582691797,0.1557186929988514,0.0753915582691797,0.0,2.1913989912396986e-05,2.1913989912396986e-05
2021-04-18,0.2263440715565688,0.0,0.0,0.0753915582691797,0.1557186929988514,0.0753915582691797,0.0,0.0,0.0
2021-04-18,0.0970098783364095,0.0,0.0,0.0753915582691797,0.1557186929988514,0.0753915582691797,0.0,0.0,0.0
2021-04-18,0.0645762131729899,0.0,0.0,0.0753915582691797,0.1557186929988514,0.0753915582691797,0.0,0.0,0.0
2021-04-18,0.1934276633127852,0.0,0.0,0.0753915582691797,0.1557186929988514,0.0753915582691797,0.0,0.0,0.0
2021-04-18,0.1421282432358731,0.0,0.0,0.0753915582691797,0.1557186929988514,0.0753915582691797,0.0,0.0,0.0
2021-04-18,0.2305165451951394,0.0,0.0,0.0753915582691797,0.1557186929988514,0.0753915582691797,0.0,0.0,0.0
2021-04-18,0.0630169008528484,0.0,0.0,0.0753915582691797,0.1557186929988514,0.0753915582691797,0.0,0.0,0.0
2021-04-18,0.0310869995027529,0.0,0.0,0.0753915582691797,0.1557186929988514,0.0753915582691797,0.0,0.0,0.0
2021-04-19,0.010298202524005,0.0,0.0,0.0753915582691797,0.1557186929988514,0.0753915582691797,0.0,0.0,0.0
2021-04-19,0.0246144259875604,0.0,0.0,0.0753915582691797,0.1557186929988514,0.0753915582691797,0.0,0.0,0.0
2021-04-19,6.362237735665713e-05,0.0,0.0,0.0753915582691797,0.1557186929988514,0.0753915582691797,0.0,0.0,0.0
2021-04-19,0.0160023644907108,0.0,0.0,0.0753915582691797,0.1557186929988514,0.0753915582691797,0.0,0.0,0.0
2021-04-19,0.0,0.0,0.0,0.0753915582691797,0.1557186929988514,0.0753915582691797,0.0,0.0,0.0
2021-04-19,0.0056002681008301,0.0,0.0,0.0753915582691797,0.1557186929988514,0.0753915582691797,0.0,0.0,0.0
2021-04-19,0.0049427171278281,0.0,0.0,0.0753915582691797,0.1557186929988514,0.0753915582691797,0.0,0.0,0.0
2021-04-19,0.0013362998969773,0.0,0.0,0.0753915582691797,0.1557186929988514,0.0753915582691797,0.0,0.0,0.0
2021-04-19,0.0016988695064137,0.0,0.0,0.0753915582691797,0.1557186929988514,0.0753915582691797,0.0,0.0,0.0
2021-04-19,0.0154117094675378,0.0,0.0,0.0753915582691797,0.1557186929988514,0.0753915582691797,0.0,0.0,0.0
2021-04-19,0.012496196615267,0.0,0.0,0.0753915582691797,0.1557186929988514,0.0753915582691797,0.0,0.003376095035837537,0.003376095035837537
2021-04-19,0.0135234653179202,0.0,0.0,0.0753915582691797,0.1557186929988514,0.0753915582691797,0.0,1.7109105388904006e-05,1.7109105388904006e-05
2021-04-20,0.0,0.0,0.0,0.0753915582691797,0.1557186929988514,0.0753915582691797,0.0,0.0,0.0
2021-04-20,0.0,0.0,0.0,0.0753915582691797,0.1557186929988514,0.0753915582691797,0.0,0.0,0.0
2021-04-20,0.0,0.0,0.0,0.0753915582691797,0.1557186929988514,0.0753915582691797,0.0,0.0,0.0
2021-04-20,0.0,0.0,0.0,0.0753915582691797,0.1557186929988514,0.0753915582691797,0.0,0.0,0.0
2021-04-20,0.0,0.0,0.0,0.0753915582691797,0.1557186929988514,0.0753915582691797,0.0,0.0,0.0
2021-04-20,0.0,0.0,0.0,0.0753915582691797,0.1557186929988514,0.0753915582691797,0.0,0.0,0.0
2021-04-20,0.0,0.0,0.0,0.0753915582691797,0.1557186929988514,0.0753915582691797,0.0,0.0,0.0
2021-04-20,0.0,0.0,0.0,0.0753915582691797,0.1557186929988514,0.0753915582691797,0.0,0.0,0.0
2021-04-20,0.0,0.0,0.0,0.0753915582691797,0.1557186929988514,0.0753915582691797,0.0,0.0,0.0
2021-04-20,0.0,0.0,0.0,0.0753915582691797,0.1557186929988514,0.0753915582691797,0.0,0.0,0.0
2021-04-20,0.0,0.0,0.0,0.0753915582691797,0.1557186929988514,0.0753915582691797,0.0,0.0,0.0
2021-04-20,0.0,0.0,0.0,0.0753915582691797,0.1557186929988514,0.0753915582691797,0.0,0.0,0.0
2021-04-21,0.1735767038099629,0.0,0.0,0.0753915582691797,0.1557186929988514,0.0753915582691797,0.0,0.0,0.0
2021-04-21,0.1213966009081588,0.0,0.0,0.0753915582691797,0.1557186929988514,0.0753915582691797,0.0,0.0,0.0
2021-04-21,0.1120942967126654,0.0,0.0,0.0753915582691797,0.1557186929988514,0.0753915582691797,0.0,0.0,0.0
2021-04-21,0.1515558364388874,0.0,0.0,0.0753915582691797,0.1557186929988514,0.0753915582691797,0.0,0.0,0.0
2021-04-21,0.1422199820636268,0.0,0.0,0.0753915582691797,0.1557186929988514,0.0753915582691797,0.0,0.0,0.0
2021-04-21,0.0160161297990041,0.0,0.0,0.0753915582691797,0.1557186929988514,0.0753915582691797,0.0,0.0,0.0
2021-04-21,0.078127175437185,0.0,0.0,0.0753915582691797,0.1557186929988514,0.0753915582691797,0.0,0.0,0.0
2021-04-21,0.1152954869920645,0.0,0.0,0.0753915582691797,0.1557186929988514,0.0753915582691797,0.0,0.0,0.0
2021-04-21,0.1780780705913952,0.0,0.0,0.0753915582691797,0.1557186929988514,0.0753915582691797,0.0,0.0,0.0
2021-04-21,0.2079888433764006,0.0,0.0,0.0753915582691797,0.1557186929988514,0.0753915582691797,0.0,0.0,0.0
2021-04-21,0.0513990105011686,0.0,0.0,0.0753915582691797,0.1557186929988514,0.0753915582691797,0.0,0.0,0.0
2021-04-21,0.1192447743120642,0.0,0.0,0.0753915582691797,0.1557186929988514,0.0753915582691797,0.0,0.0,0.0
2021-04-22,0.070641381930222,0.0,0.0,0.0761879479692062,0.1569572364717277,0.0753915582691797,0.0007963897000264897,0.0004897796655162911,0.00030661003451019854
2021-04-22,0.1289342887601783,0.0,0.0,0.0761879479692062,0.1569572364717277,0.0761879479692062,0.0,0.0,0.0
2021-04-22,0.1348805346977321,0.0,0.0,0.0761879479692062,0.1569572364717277,0.0761879479692062,0.0,0.0,0.0
2021-04-22,0.2304407529343667,0.0,0.0,0.0761879479692062,0.1569572364717277,0.0761879479692062,0.0,0.0,0.0
2021-04-22,0.2257914999976973,0.0,0.0,0.0761879479692062,0.1569572364717277,0.0761879479692062,0.0,0.0,0.0
2021-04-22,0.1503915319546919,0.0,0.0,0.0761879479692062,0.1569572364717277,0.0761879479692062,0.0,0.0,0.0
2021-04-22,0.0544854692390918,0.0,0.0,0.0761879479692062,0.1569572364717277,0.0761879479692062,0.0,0.0,0.0
2021-04-22,0.0376272710393987,0.0,0.0,0.0761879479692062,0.1569572364717277,0.0761879479692062,0.0,0.0,0.0
2021-04-22,0.234829866153791,0.0,0.0,0.0761879479692062,0.1569572364717277,0.0761879479692062,0.0,0.0,0.0
2021-04-22,0.2221298343293304,0.0,0.0,0.0761879479692062,0.1569572364717277,0.0761879479692062,0.0,0.0,0.0
2021-04-22,0.2921357158608915,0.0,0.0,0.0761879479692062,0.1569572364717277,0.0761879479692062,0.0,8.210777807273702e-05,8.210777807273702e-05
2021-04-22,0.1346021382302872,0.0,0.0,0.0761879479692062,0.1569572364717277,0.0761879479692062,0.0,0.0,0.0
2021-04-23,0.0335833822395076,0.0,0.0,0.0761879479692062,0.1569572364717277,0.0761879479692062,0.0,4.7199362888240006e-05,4.7199362888240006e-05
2021-04-23,0.2870632918900105,0.0,0.0,0.0761879479692062,0.1569572364717277,0.0761879479692062,0.0,8.210777807273702e-05,8.210777807273702e-05
2021-04-23,0.2417048114834962,0.0,0.0,0.0761879479692062,0.1569572364717277,0.0761879479692062,0.0,0.0,0.0
2021-04-23,0.2167021993040496,0.0,0.0,0.0761879479692062,0.1569572364717277,0.0761879479692062,0.0,0.0,0.0
2021-04-23,0.2466359027931321,0.0,0.0,0.0761879479692062,0.1569572364717277,0.0761879479692062,0.0,0.0,0.0
2021-04-23,0.3321220647799179,0.0,0.0,0.0761879479692062,0.1569572364717277,0.0761879479692062,0.0,0.0,0.0
2021-04-23,0.1507081611630903,0.0,0.0,0.0761879479692062,0.1569572364717277,0.0761879479692062,0.0,0.0,0.0
2021-04-23,0.2657555188732408,0.0,0.0,0.0761879479692062,0.1569572364717277,0.0761879479692062,0.0,0.0031200955667640045,0.0031200955667640045
2021-04-23,0.243196459702386,0.0,0.0,0.0761879479692062,0.1569572364717277,0.0761879479692062,0.0,0.0,0.0
2021-04-23,0.1848284472435339,0.0,0.0,0.0761879479692062,0.1569572364717277,0.0761879479692062,0.0,0.0,0.0
2021-04-23,0.2881422386166099,0.0,0.0,0.0761879479692062,0.1569572364717277,0.0761879479692062,0.0,8.210777807273702e-05,8.210777807273702e-05
2021-04-23,0.1970606724730203,0.0,0.0,0.0761879479692062,0.1569572364717277,0.0761879479692062,0.0,0.00030752588266525047,0.00030752588266525047
2021-04-24,0.1317791646762496,0.0,0.0,0.0761879479692062,0.1569572364717277,0.0761879479692062,0.0,0.0,0.0
2021-04-24,0.0501966683935334,0.0,0.0,0.0761879479692062,0.1569572364717277,0.0761879479692062,0.0,0.0,0.0
2021-04-24,0.0908080768325641,0.0,0.0,0.0761879479692062,0.1569572364717277,0.0761879479692062,0.0,4.382797982479397e-05,4.382797982479397e-05
2021-04-24,0.1609835971604958,0.0,0.0,0.0761879479692062,0.1569572364717277,0.0761879479692062,0.0,0.0,0.0
2021-04-24,0.0719788500333859,0.0,0.0,0.0761879479692062,0.1569572364717277,0.0761879479692062,0.0,8.760286700291386e-05,8.760286700291386e-05
2021-04-24,0.067427360920436,0.0,0.0,0.0761879479692062,0.1569572364717277,0.0761879479692062,0.0,0.0,0.0
2021-04-24,0.0654479389637617,0.0,0.0,0.0761879479692062,0.1569572364717277,0.0761879479692062,0.0,7.963897000264896e-06,7.963897000264896e-06
2021-04-24,0.1246870329701915,0.0,0.0,0.0761879479692062,0.1569572364717277,0.0761879479692062,0.0,0.0,0.0
2021-04-24,0.0809444474727363,0.0,0.0,0.0761879479692062,0.1569572364717277,0.0761879479692062,0.0,7.963897000264896e-06,7.963897000264896e-06
2021-04-24,0.2101003957259354,0.0,0.0,0.0761879479692062,0.1569572364717277,0.0761879479692062,0.0,0.0,0.0
2021-04-24,0.0882257603981808,0.0,0.0,0.0761879479692062,0.1569572364717277,0.0761879479692062,0.0,0.00013148393947438192,0.00013148393947438192
2021-04-24,0.0136496109007669,0.0,0.0,0.0761879479692062,0.1569572364717277,0.0761879479692062,0.0,0.0,0.0
2021-04-25,0.0,0.0,0.0,0.0761879479692062,0.1569572364717277,0.0761879479692062,0.0,0.0,0.0
2021-04-25,0.0,0.0,0.0,0.0761879479692062,0.1569572364717277,0.0761879479692062,0.0,0.0,0.0
2021-04-25,0.0,0.0,0.0,0.0761879479692062,0.1569572364717277,0.0761879479692062,0.0,0.0,0.0
2021-04-25,2.096697892724928e-05,0.0,0.0,0.0761879479692062,0.1569572364717277,0.0761879479692062,0.0,0.0,0.0
2021-04-25,0.0,0.0,0.0,0.0761879479692062,0.1569572364717277,0.0761879479692062,0.0,0.0,0.0
2021-04-25,0.0,0.0,0.0,0.0761879479692062,0.1569572364717277,0.0761879479692062,0.0,0.0,0.0
2021-04-25,0.0,0.0,0.0,0.0761879479692062,0.1569572364717277,0.0761879479692062,0.0,0.0,0.0
2021-04-25,0.0,0.0,0.0,0.0761879479692062,0.1569572364717277,0.0761879479692062,0.0,0.0,0.0
2021-04-25,0.0,0.0,0.0,0.0761879479692062,0.1569572364717277,0.0761879479692062,0.0,0.0,0.0
2021-04-25,0.0001716156731181,0.0,0.0,0.0761879479692062,0.1569572364717277,0.0761879479692062,0.0,0.0,0.0
2021-04-25,0.0007217725301254,0.0,0.0,0.0761879479692062,0.1569572364717277,0.0761879479692062,0.0,0.0,0.0
2021-04-25,0.0,0.0,0.0,0.0761879479692062,0.1569572364717277,0.0761879479692062,0.0,0.0,0.0
2021-04-26,0.0,0.0,0.0,0.0761879479692062,0.1569572364717277,0.0761879479692062,0.0,0.0,0.0
2021-04-26,0.0,0.0,0.0,0.0761879479692062,0.1569572364717277,0.0761879479692062,0.0,0.0,0.0
2021-04-26,0.0,0.0,0.0,0.0761879479692062,0.1569572364717277,0.0761879479692062,0.0,0.0,0.0
2021-04-26,0.0,0.0,0.0,0.0761879479692062,0.1569572364717277,0.0761879479692062,0.0,0.0,0.0
2021-04-26,0.0,0.0,0.0,0.0761879479692062,0.1569572364717277,0.0761879479692062,0.0,0.0,0.0
2021-04-26,0.0,0.0,0.0,0.0761879479692062,0.1569572364717277,0.0761879479692062,0.0,0.0,0.0
2021-04-26,0.0,0.0,0.0,0.0761879479692062,0.1569572364717277,0.0761879479692062,0.0,0.0,0.0
2021-04-26,0.0,0.0,0.0,0.0761879479692062,0.1569572364717277,0.0761879479692062,0.0,0.0,0.0
2021-04-26,0.0,0.0,0.0,0.0761879479692062,0.1569572364717277,0.0761879479692062,0.0,0.0,0.0
2021-04-26,0.0,0.0,0.0,0.0761879479692062,0.1569572364717277,0.0761879479692062,0.0,0.0,0.0
2021-04-26,0.0,0.0,0.0,0.0761879479692062,0.1569572364717277,0.0761879479692062,0.0,0.0,0.0
2021-04-26,0.0,0.0,0.0,0.0761879479692062,0.1569572364717277,0.0761879479692062,0.0,0.0,0.0
2021-04-27,0.0,0.0,0.0,0.0761879479692062,0.1569572364717277,0.0761879479692062,0.0,0.0,0.0
2021-04-27,0.0,0.0,0.0,0.0761879479692062,0.1569572364717277,0.0761879479692062,0.0,0.0,0.0
2021-04-27,0.0,0.0,0.0,0.0761879479692062,0.1569572364717277,0.0761879479692062,0.0,0.0,0.0
2021-04-27,0.0,0.0,0.0,0.0761879479692062,0.1569572364717277,0.0761879479692062,0.0,0.0,0.0
2021-04-27,0.0,0.0,0.0,0.0761879479692062,0.1569572364717277,0.0761879479692062,0.0,0.0,0.0
2021-04-27,0.0,0.0,0.0,0.0761879479692062,0.1569572364717277,0.0761879479692062,0.0,0.0,0.0
2021-04-27,0.0,0.0,0.0,0.0761879479692062,0.1569572364717277,0.0761879479692062,0.0,0.0,0.0
2021-04-27,0.0,0.0,0.0,0.0761879479692062,0.1569572364717277,0.0761879479692062,0.0,0.0,0.0
2021-04-27,0.0,0.0,0.0,0.0761879479692062,0.1569572364717277,0.0761879479692062,0.0,0.0,0.0
2021-04-27,0.0,0.0,0.0,0.0761879479692062,0.1569572364717277,0.0761879479692062,0.0,0.0,0.0
2021-04-27,0.0,0.0,0.0,0.0761879479692062,0.1569572364717277,0.0761879479692062,0.0,0.0,0.0
2021-04-27,0.0,0.0,0.0,0.0761879479692062,0.1569572364717277,0.0761879479692062,0.0,0.0,0.0
2021-04-28,0.0001459308522929,0.0,0.0,0.0761879479692062,0.1569572364717277,0.0761879479692062,0.0,0.0,0.0
2021-04-28,0.0,0.0,0.0,0.0761879479692062,0.1569572364717277,0.0761879479692062,0.0,0.0,0.0
2021-04-28,0.0,0.0,0.0,0.0761879479692062,0.1569572364717277,0.0761879479692062,0.0,0.0,0.0
2021-04-28,0.0,0.0,0.0,0.0761879479692062,0.1569572364717277,0.0761879479692062,0.0,0.0,0.0
2021-04-28,0.0,0.0,0.0,0.0761879479692062,0.1569572364717277,0.0761879479692062,0.0,0.0,0.0
2021-04-28,0.0,0.0,0.0,0.0761879479692062,0.1569572364717277,0.0761879479692062,0.0,0.0,0.0
2021-04-28,0.0,0.0,0.0,0.0761879479692062,0.1569572364717277,0.0761879479692062,0.0,0.0,0.0
2021-04-28,0.0,0.0,0.0,0.0761879479692062,0.1569572364717277,0.0761879479692062,0.0,0.0,0.0
2021-04-28,0.0,0.0,0.0,0.0761879479692062,0.1569572364717277,0.0761879479692062,0.0,0.0,0.0
2021-04-28,7.999839352444861e-05,0.0,0.0,0.0761879479692062,0.1569572364717277,0.0761879479692062,0.0,0.0,0.0
2021-04-28,0.0,0.0,0.0,0.0761879479692062,0.1569572364717277,0.0761879479692062,0.0,0.0,0.0
2021-04-28,0.0,0.0,0.0,0.0761879479692062,0.1569572364717277,0.0761879479692062,0.0,0.0,0.0
2021-04-29,0.0,0.0,0.0,0.0692859039023095,0.1441214222982871,0.0761879479692062,-0.006902044066896693,0.0,0.006902044066896693
2021-04-29,0.0001463832080279,0.0,0.0,0.0692859039023095,0.1441214222982871,0.0692859039023095,0.0,0.0,0.0
2021-04-29,0.0,0.0,0.0,0.0692859039023095,0.1441214222982871,0.0692859039023095,0.0,0.0,0.0
2021-04-29,0.0,0.0,0.0,0.0692859039023095,0.1441214222982871,0.0692859039023095,0.0,0.0,0.0
2021-04-29,0.0054748375262145,0.0,0.0,0.0692859039023095,0.1441214222982871,0.0692859039023095,0.0,0.0,0.0
2021-04-29,0.0002235231327518,0.0,0.0,0.0692859039023095,0.1441214222982871,0.0692859039023095,0.0,0.0003524032230359628,0.0003524032230359628
2021-04-29,0.0001459308522929,0.0,0.0,0.0692859039023095,0.1441214222982871,0.0692859039023095,0.0,0.0,0.0
2021-04-29,3.007691772657995e-05,0.0,0.0,0.0692859039023095,0.1441214222982871,0.0692859039023095,0.0,0.0,0.0
2021-04-29,0.0011375603812905,0.0,0.0,0.0692859039023095,0.1441214222982871,0.0692859039023095,0.0,0.0,0.0
2021-04-29,0.0,0.0,0.0,0.0692859039023095,0.1441214222982871,0.0692859039023095,0.0,0.0,0.0
2021-04-29,0.0,0.0,0.0,0.0692859039023095,0.1441214222982871,0.0692859039023095,0.0,0.0,0.0
2021-04-29,0.0,0.0,0.0,0.0692859039023095,0.1441214222982871,0.0692859039023095,0.0,0.0,0.0
2021-04-30,0.0005427564223223,0.0,0.0,0.0692859039023095,0.1441214222982871,0.0692859039023095,0.0,0.0,0.0
2021-04-30,0.0009339336910982,0.0,0.0,0.0692859039023095,0.1441214222982871,0.0692859039023095,0.0,0.0,0.0
2021-04-30,0.0,0.0,0.0,0.0692859039023095,0.1441214222982871,0.0692859039023095,0.0,0.0,0.0
2021-04-30,0.0003639443262522,0.0,0.0,0.0692859039023095,0.1441214222982871,0.0692859039023095,0.0,0.0,0.0
2021-04-30,0.0019414928871345,0.0,0.0,0.0692859039023095,0.1441214222982871,0.0692859039023095,0.0,0.0,0.0
2021-04-30,0.0025569264740492,0.0,0.0,0.0692859039023095,0.1441214222982871,0.0692859039023095,0.0,0.0,0.0
2021-04-30,9.689522592664512e-05,0.0,0.0,0.0692859039023095,0.1441214222982871,0.0692859039023095,0.0,0.0,0.0
2021-04-30,0.0003491595146037,0.0,0.0,0.0692859039023095,0.1441214222982871,0.0692859039023095,0.0,0.0,0.0
2021-04-30,0.0044182904882594,0.0,0.0,0.0692859039023095,0.1441214222982871,0.0692859039023095,0.0,0.0,0.0
2021-04-30,0.0008424973778619,0.0,0.0,0.0692859039023095,0.1441214222982871,0.0692859039023095,0.0,0.0,0.0
2021-04-30,0.0011590697224901,0.0,0.0,0.0692859039023095,0.1441214222982871,0.0692859039023095,0.0,0.0,0.0
2021-04-30,0.0146557687806261,0.0,0.0,0.0692859039023095,0.1441214222982871,0.0692859039023095,0.0,0.0,0.0
2021-05-01,0.0,0.0,0.0,0.0692859039023095,0.1441214222982871,0.0692859039023095,0.0,0.0,0.0
2021-05-01,0.0,0.0,0.0,0.0692859039023095,0.1441214222982871,0.0692859039023095,0.0,0.0,0.0
2021-05-01,0.004816373798999,0.0,0.0,0.0692859039023095,0.1441214222982871,0.0692859039023095,0.0,0.0,0.0
2021-05-01,0.0,0.0,0.0,0.0692859039023095,0.1441214222982871,0.0692859039023095,0.0,0.0,0.0
2021-05-01,0.0,0.0,0.0,0.0692859039023095,0.1441214222982871,0.0692859039023095,0.0,0.0,0.0
2021-05-01,0.0,0.0,0.0,0.0692859039023095,0.1441214222982871,0.0692859039023095,0.0,0.0,0.0
2021-05-01,0.0,0.0,0.0,0.0692859039023095,0.1441214222982871,0.0692859039023095,0.0,0.0,0.0
2021-05-01,0.001374615268097,0.0,0.0,0.0692859039023095,0.1441214222982871,0.0692859039023095,0.0,0.0,0.0
2021-05-01,0.0,0.0,0.0,0.0692859039023095,0.1441214222982871,0.0692859039023095,0.0,0.0,0.0
2021-05-01,0.0,0.0,0.0,0.0692859039023095,0.1441214222982871,0.0692859039023095,0.0,0.0,0.0
2021-05-01,0.0,0.0,0.0,0.0692859039023095,0.1441214222982871,0.0692859039023095,0.0,0.0,0.0
2021-05-01,0.0,0.0,0.0,0.0692859039023095,0.1441214222982871,0.0692859039023095,0.0,0.0,0.0
2021-05-02,0.0229358997078283,0.0,0.0,0.0692859039023095,0.1441214222982871,0.0692859039023095,0.0,0.0,0.0
2021-05-02,0.0008069668136373,0.0,0.0,0.0692859039023095,0.1441214222982871,0.0692859039023095,0.0,6.1574196973719e-05,6.1574196973719e-05
2021-05-02,0.001396984303615,0.0,0.0,0.0692859039023095,0.1441214222982871,0.0692859039023095,0.0,0.0,0.0
2021-05-02,0.0440176448094032,0.0,0.0,0.0692859039023095,0.1441214222982871,0.0692859039023095,0.0,0.0,0.0
2021-05-02,0.0174876326482566,0.0,0.0,0.0692859039023095,0.1441214222982871,0.0692859039023095,0.0,0.0,0.0
2021-05-02,0.0258341303608893,0.0,0.0,0.0692859039023095,0.1441214222982871,0.0692859039023095,0.0,0.0,0.0
2021-05-02,0.0240306276115038,0.0,0.0,0.0692859039023095,0.1441214222982871,0.0692859039023095,0.0,0.0,0.0
2021-05-02,0.0185176452221838,0.0,0.0,0.0692859039023095,0.1441214222982871,0.0692859039023095,0.0,0.0,0.0
2021-05-02,0.0109259994274084,0.0,0.0,0.0692859039023095,0.1441214222982871,0.0692859039023095,0.0,0.0,0.0
2021-05-02,0.0029140228808113,0.0,0.0,0.0692859039023095,0.1441214222982871,0.0692859039023095,0.0,0.0,0.0
2021-05-02,0.0262254133329726,0.0,0.0,0.0692859039023095,0.1441214222982871,0.0692859039023095,0.0,0.0,0.0
2021-05-02,0.0098200980335101,0.0,0.0,0.0692859039023095,0.1441214222982871,0.0692859039023095,0.0,0.0,0.0
2021-05-03,0.0,0.0,0.0,0.0692859039023095,0.1441214222982871,0.0692859039023095,0.0,0.0,0.0
2021-05-03,0.0256504407156915,0.0,0.0,0.0692859039023095,0.1441214222982871,0.0692859039023095,0.0,0.0,0.0
2021-05-03,0.0026164880618586,0.0,0.0,0.0692859039023095,0.1441214222982871,0.0692859039023095,0.0,0.0,0.0
2021-05-03,0.0570014181568861,0.0,0.0,0.0692859039023095,0.1441214222982871,0.0692859039023095,0.0,0.0,0.0
2021-05-03,0.0153682680737162,0.0,0.0,0.0692859039023095,0.1441214222982871,0.0692859039023095,0.0,0.0,0.0
2021-05-03,0.0015940628030281,0.0,0.0,0.0692859039023095,0.1441214222982871,0.0692859039023095,0.0,0.0,0.0
2021-05-03,0.0594859715634946,0.0,0.0,0.0692859039023095,0.1441214222982871,0.0692859039023095,0.0,0.0,0.0
2021-05-03,0.0213476686990725,0.0,0.0,0.0692859039023095,0.1441214222982871,0.0692859039023095,0.0,0.0,0.0
2021-05-03,0.0237721587395239,0.0,0.0,0.0692859039023095,0.1441214222982871,0.0692859039023095,0.0,0.0,0.0
2021-05-03,0.0116853078581569,0.0,0.0,0.0692859039023095,0.1441214222982871,0.0692859039023095,0.0,0.0,0.0
2021-05-03,0.0378832453096237,0.0,0.0,0.0692859039023095,0.1441214222982871,0.0692859039023095,0.0,0.0,0.0
2021-05-03,0.0257283465798522,0.0,0.0,0.0692859039023095,0.1441214222982871,0.0692859039023095,0.0,0.0,0.0
2021-05-04,0.0429726685213733,0.0,0.0,0.0692859039023095,0.1441214222982871,0.0692859039023095,0.0,0.0,0.0
2021-05-04,0.0072177294105506,0.0,0.0,0.0692859039023095,0.1441214222982871,0.0692859039023095,0.0,0.0,0.0
2021-05-04,0.0251541637433283,0.0,0.0,0.0692859039023095,0.1441214222982871,0.0692859039023095,0.0,0.0,0.0
2021-05-04,0.0075836815906075,0.0,0.0,0.0692859039023095,0.1441214222982871,0.0692859039023095,0.0,0.0,0.0
2021-05-04,0.0255153502415088,0.0,0.0,0.0692859039023095,0.1441214222982871,0.0692859039023095,0.0,0.0,0.0
2021-05-04,0.0128073496223157,0.0,0.0,0.0692859039023095,0.1441214222982871,0.0692859039023095,0.0,1.7109105388904006e-05,1.7109105388904006e-05
2021-05-04,0.0264183754007507,0.0,0.0,0.0692859039023095,0.1441214222982871,0.0692859039023095,0.0,0.0,0.0
2021-05-04,0.0955019617482452,0.0,0.0,0.0692859039023095,0.1441214222982871,0.0692859039023095,0.0,0.0001826387045394201,0.0001826387045394201
2021-05-04,0.0037497281756294,0.0,0.0,0.0692859039023095,0.1441214222982871,0.0692859039023095,0.0,0.0,0.0
2021-05-04,0.0279167476586675,0.0,0.0,0.0692859039023095,0.1441214222982871,0.0692859039023095,0.0,0.0,0.0
2021-05-04,0.111517515940403,0.0,0.0,0.0692859039023095,0.1441214222982871,0.0692859039023095,0.0,0.0,0.0
2021-05-04,0.0253485472202597,0.0,0.0,0.0692859039023095,0.1441214222982871,0.0692859039023095,0.0,0.0,0.0
2021-05-05,0.186589243700305,0.0,0.0,0.0692859039023095,0.1441214222982871,0.0692859039023095,0.0,0.0,0.0
2021-05-05,0.0618543568780143,0.0,0.0,0.0692859039023095,0.1441214222982871,0.0692859039023095,0.0,0.00016774621714892469,0.00016774621714892469
2021-05-05,0.0965496354373357,0.0,0.0,0.0692859039023095,0.1441214222982871,0.0692859039023095,0.0,0.0,0.0
2021-05-05,0.075939922193925,0.0,0.0,0.0692859039023095,0.1441214222982871,0.0692859039023095,0.0,0.0035493097955933057,0.0035493097955933057
2021-05-05,0.0027586994367984,0.0,0.0,0.0692859039023095,0.1441214222982871,0.0692859039023095,0.0,0.0008102999734536776,0.0008102999734536776
2021-05-05,0.0029236615305058,0.0,0.0,0.0692859039023095,0.1441214222982871,0.0692859039023095,0.0,0.0,0.0
2021-05-05,0.0211540885709789,0.0,0.0,0.0692859039023095,0.1441214222982871,0.0692859039023095,0.0,0.0,0.0
2021-05-05,0.1001863436117411,0.0,0.0,0.0692859039023095,0.1441214222982871,0.0692859039023095,0.0,0.0,0.0
2021-05-05,0.0316697775147236,0.0,0.0,0.0692859039023095,0.1441214222982871,0.0692859039023095,0.0,0.0,0.0
2021-05-05,0.0143566858584852,0.0,0.0,0.0692859039023095,0.1441214222982871,0.0692859039023095,0.0,0.0,0.0
2021-05-05,0.0630009569328464,0.0,0.0,0.0692859039023095,0.1441214222982871,0.0692859039023095,0.0,0.0,0.0
2021-05-05,0.0648538290963382,0.0,0.0,0.0692859039023095,0.1441214222982871,0.0692859039023095,0.0,0.0,0.0
2021-05-06,0.0003682542187253,0.0,0.0,0.0504380143350145,0.1092170153354192,0.0692859039023095,-0.018847889567295002,0.0,0.018847889567295002
2021-05-06,0.0,0.0,0.0,0.0504380143350145,0.1092170153354192,0.0504380143350145,0.0,0.0,0.0
2021-05-06,0.0077765298197831,0.0,0.0,0.0504380143350145,0.1092170153354192,0.0504380143350145,0.0,0.0,0.0
2021-05-06,2.332303077320645e-07,0.0,0.0,0.0504380143350145,0.1092170153354192,0.0504380143350145,0.0,0.0,0.0
2021-05-06,0.0006263056732406,0.0,0.0,0.0504380143350145,0.1092170153354192,0.0504380143350145,0.0,0.0,0.0
2021-05-06,0.0038160685190365,0.0,0.0,0.0504380143350145,0.1092170153354192,0.0504380143350145,0.0,0.0,0.0
2021-05-06,0.0,0.0,0.0,0.0504380143350145,0.1092170153354192,0.0504380143350145,0.0,0.0,0.0
2021-05-06,0.0012218504808772,0.0,0.0,0.0504380143350145,0.1092170153354192,0.0504380143350145,0.0,0.0,0.0
2021-05-06,0.0149913655733733,0.0,0.0,0.0504380143350145,0.1092170153354192,0.0504380143350145,0.0,0.0,0.0
2021-05-06,0.0024405796923749,0.0,0.0,0.0504380143350145,0.1092170153354192,0.0504380143350145,0.0,0.0,0.0
2021-05-06,0.0022364740285761,0.0,0.0,0.0504380143350145,0.1092170153354192,0.0504380143350145,0.0,0.0,0.0
2021-05-06,0.0076529390065576,0.0,0.0,0.0504380143350145,0.1092170153354192,0.0504380143350145,0.0,0.0,0.0
2021-05-07,0.0281848284421531,0.0,0.0,0.0504380143350145,0.1092170153354192,0.0504380143350145,0.0,0.0,0.0
2021-05-07,0.0968151040969058,0.0,0.0,0.0504380143350145,0.1092170153354192,0.0504380143350145,0.0,0.0,0.0
2021-05-07,0.0933631110869143,0.0,0.0,0.0504380143350145,0.1092170153354192,0.0504380143350145,0.0,9.131935226971005e-05,9.131935226971005e-05
2021-05-07,0.0713164340705232,0.0,0.0,0.0504380143350145,0.1092170153354192,0.0504380143350145,0.0,3.981948500132448e-06,3.981948500132448e-06
2021-05-07,0.0631198970782047,0.0,0.0,0.0504380143350145,0.1092170153354192,0.0504380143350145,0.0,0.0,0.0
2021-05-07,0.0284128192032565,0.0,0.0,0.0504380143350145,0.1092170153354192,0.0504380143350145,0.0,0.0,0.0
2021-05-07,0.0634873219780826,0.0,0.0,0.0504380143350145,0.1092170153354192,0.0504380143350145,0.0,0.0,0.0
2021-05-07,0.0650801807851781,0.0,0.0,0.0504380143350145,0.1092170153354192,0.0504380143350145,0.0,0.0,0.0
2021-05-07,0.036507088740889,0.0,0.0,0.0504380143350145,0.1092170153354192,0.0504380143350145,0.0,0.0,0.0
2021-05-07,0.0400553522897892,0.0,0.0,0.0504380143350145,0.1092170153354192,0.0504380143350145,0.0,0.0,0.0
2021-05-07,0.0326798763389215,0.0,0.0,0.0504380143350145,0.1092170153354192,0.0504380143350145,0.0,0.0,0.0
2021-05-07,0.0151034050910429,0.0,0.0,0.0504380143350145,0.1092170153354192,0.0504380143350145,0.0,0.0,0.0
2021-05-08,0.0269357357913468,0.0,0.0,0.0504380143350145,0.1092170153354192,0.0504380143350145,0.0,0.0,0.0
2021-05-08,0.0168558804179789,0.0,0.0,0.0504380143350145,0.1092170153354192,0.0504380143350145,0.0,0.0,0.0
2021-05-08,0.0683628975978862,0.0,0.0,0.0504380143350145,0.1092170153354192,0.0504380143350145,0.0,0.0,0.0
2021-05-08,0.002143815246086,0.0,0.0,0.0504380143350145,0.1092170153354192,0.0504380143350145,0.0,0.0,0.0
2021-05-08,0.0193594640571882,0.0,0.0,0.0504380143350145,0.1092170153354192,0.0504380143350145,0.0,0.0,0.0
2021-05-08,0.0492962986261313,0.0,0.0,0.0504380143350145,0.1092170153354192,0.0504380143350145,0.0,0.0,0.0
2021-05-08,0.0155237965475309,0.0,0.0,0.0504380143350145,0.1092170153354192,0.0504380143350145,0.0,0.0,0.0
2021-05-08,0.1731224698306231,0.0,0.0,0.0504380143350145,0.1092170153354192,0.0504380143350145,0.0,0.0,0.0
2021-05-08,0.0094572729906109,0.0,0.0,0.0504380143350145,0.1092170153354192,0.0504380143350145,0.0,0.0,0.0
2021-05-08,0.0001743316678171,0.0,0.0,0.0504380143350145,0.1092170153354192,0.0504380143350145,0.0,0.0,0.0
2021-05-08,0.0010557191721695,0.0,0.0,0.0504380143350145,0.1092170153354192,0.0504380143350145,0.0,0.0,0.0
2021-05-08,0.0367468124117676,0.0,0.0,0.0504380143350145,0.1092170153354192,0.0504380143350145,0.0,0.0,0.0
2021-05-09,0.0018525864193442,0.0,0.0,0.0504380143350145,0.1092170153354192,0.0504380143350145,0.0,0.0,0.0
2021-05-09,0.0040972086171209,0.0,0.0,0.0504380143350145,0.1092170153354192,0.0504380143350145,0.0,0.00012869657552428914,0.00012869657552428914
2021-05-09,0.0079929533201607,0.0,0.0,0.0504380143350145,0.1092170153354192,0.0504380143350145,0.0,0.0,0.0
2021-05-09,0.008055087901023,0.0,0.0,0.0504380143350145,0.1092170153354192,0.0504380143350145,0.0,0.0,0.0
2021-05-09,0.0005790784054693,0.0,0.0,0.0504380143350145,0.1092170153354192,0.0504380143350145,0.0,0.0,0.0
2021-05-09,3.852190025925881e-05,0.0,0.0,0.0504380143350145,0.1092170153354192,0.0504380143350145,0.0,0.0,0.0
2021-05-09,0.022178175271821,0.0,0.0,0.0504380143350145,0.1092170153354192,0.0504380143350145,0.0,0.0,0.0
2021-05-09,0.0063315608977586,0.0,0.0,0.0504380143350145,0.1092170153354192,0.0504380143350145,0.0,0.0,0.0
2021-05-09,0.0,0.0,0.0,0.0504380143350145,0.1092170153354192,0.0504380143350145,0.0,0.0,0.0
2021-05-09,0.0100531399429825,0.0,0.0,0.0504380143350145,0.1092170153354192,0.0504380143350145,0.0,0.0,0.0
2021-05-09,0.0,0.0,0.0,0.0504380143350145,0.1092170153354192,0.0504380143350145,0.0,0.0,0.0
2021-05-09,0.0002517015650286,0.0,0.0,0.0504380143350145,0.1092170153354192,0.0504380143350145,0.0,0.0,0.0
2021-05-10,0.0006081011499705,0.0,0.0,0.0429280594637642,0.0943544936609086,0.0504380143350145,-0.0075099548712503,0.0,0.0075099548712503
2021-05-10,0.0089913303778092,0.0,0.0,0.0429280594637642,0.0943544936609086,0.0429280594637642,0.0,0.0,0.0
2021-05-10,0.0351997553077183,0.0,0.0,0.0429280594637642,0.0943544936609086,0.0429280594637642,0.0,0.0,0.0
2021-05-10,0.0157611978183651,0.0,0.0,0.0429280594637642,0.0943544936609086,0.0429280594637642,0.0,0.0,0.0
2021-05-10,0.0148358286495874,0.0,0.0,0.0429280594637642,0.0943544936609086,0.0429280594637642,0.0,0.0,0.0
2021-05-10,0.0464566460601396,0.0,0.0,0.0429280594637642,0.0943544936609086,0.0429280594637642,0.0,0.0,0.0
2021-05-10,0.0044354275663889,0.0,0.0,0.0429280594637642,0.0943544936609086,0.0429280594637642,0.0,0.0,0.0
2021-05-10,0.0323975316710839,0.0,0.0,0.0429280594637642,0.0943544936609086,0.0429280594637642,0.0,0.0,0.0
2021-05-10,0.013078882501266,0.0,0.0,0.0429280594637642,0.0943544936609086,0.0429280594637642,0.0,0.0,0.0
2021-05-10,0.0060777155482296,0.0,0.0,0.0429280594637642,0.0943544936609086,0.0429280594637642,0.0,0.0,0.0
2021-05-10,0.0011645638788714,0.0,0.0,0.0429280594637642,0.0943544936609086,0.0429280594637642,0.0,0.0,0.0
2021-05-10,0.0138313596533217,0.0,0.0,0.0429280594637642,0.0943544936609086,0.0429280594637642,0.0,0.0,0.0
2021-05-11,0.0209802104898344,0.0,0.0,0.0429280594637642,0.0943544936609086,0.0429280594637642,0.0,0.0,0.0
2021-05-11,0.044586622676617,0.0,0.0,0.0429280594637642,0.0943544936609086,0.0429280594637642,0.0,0.0,0.0
2021-05-11,0.0226004519973747,0.0,0.0,0.0429280594637642,0.0943544936609086,0.0429280594637642,0.0,2.3599681444120003e-05,2.3599681444120003e-05
2021-05-11,0.0323568370731702,0.0,0.0,0.0429280594637642,0.0943544936609086,0.0429280594637642,0.0,0.0,0.0
2021-05-11,0.0340751107488563,0.0,0.0,0.0429280594637642,0.0943544936609086,0.0429280594637642,0.0,0.0,0.0
2021-05-11,0.0417348395339202,0.0,0.0,0.0429280594637642,0.0943544936609086,0.0429280594637642,0.0,0.0,0.0
2021-05-11,0.0323872292868052,0.0,0.0,0.0429280594637642,0.0943544936609086,0.0429280594637642,0.0,0.0,0.0
2021-05-11,0.0530853590940428,0.0,0.0,0.0429280594637642,0.0943544936609086,0.0429280594637642,0.0,0.0,0.0
2021-05-11,0.0327938555182964,0.0,0.0,0.0429280594637642,0.0943544936609086,0.0429280594637642,0.0,0.0,0.0
2021-05-11,0.0129374864976311,0.0,0.0,0.0429280594637642,0.0943544936609086,0.0429280594637642,0.0,0.0,0.0
2021-05-11,0.0007344558348943,0.0,0.0,0.0429280594637642,0.0943544936609086,0.0429280594637642,0.0,0.0,0.0
2021-05-11,0.0130939512523038,0.0,0.0,0.0429280594637642,0.0943544936609086,0.0429280594637642,0.0,0.0,0.0
2021-05-12,0.0053279273842841,0.0,0.0,0.0429280594637642,0.0943544936609086,0.0429280594637642,0.0,0.0,0.0
2021-05-12,7.172651045389328e-05,0.0,0.0,0.0429280594637642,0.0943544936609086,0.0429280594637642,0.0,0.0,0.0
2021-05-12,0.0359325026195465,0.0,0.0,0.0429280594637642,0.0943544936609086,0.0429280594637642,0.0,0.0,0.0
2021-05-12,0.0037499199427713,0.0,0.0,0.0429280594637642,0.0943544936609086,0.0429280594637642,0.0,0.0,0.0
2021-05-12,0.0311867335209867,0.0,0.0,0.0429280594637642,0.0943544936609086,0.0429280594637642,0.0,0.0,0.0
2021-05-12,0.0,0.0,0.0,0.0429280594637642,0.0943544936609086,0.0429280594637642,0.0,0.0,0.0
2021-05-12,0.038779379050072,0.0,0.0,0.0429280594637642,0.0943544936609086,0.0429280594637642,0.0,0.0,0.0
2021-05-12,0.0036274541696151,0.0,0.0,0.0429280594637642,0.0943544936609086,0.0429280594637642,0.0,3.1921953809397466e-05,3.1921953809397466e-05
2021-05-12,0.0019980196581163,0.0,0.0,0.0429280594637642,0.0943544936609086,0.0429280594637642,0.0,0.0,0.0
2021-05-12,0.0241018208852839,0.0,0.0,0.0429280594637642,0.0943544936609086,0.0429280594637642,0.0,0.0,0.0
2021-05-12,0.0034522195303002,0.0,0.0,0.0429280594637642,0.0943544936609086,0.0429280594637642,0.0,3.1921953809397466e-05,3.1921953809397466e-05
2021-05-12,0.0288427690023208,0.0,0.0,0.0429280594637642,0.0943544936609086,0.0429280594637642,0.0,0.0,0.0
2021-05-13,0.0204255089921982,0.0,0.0,0.0361162728962038,0.0808431103204458,0.0429280594637642,-0.006811786567560402,0.0,0.006811786567560402
2021-05-13,0.1177754292966616,0.0,0.0,0.0361162728962038,0.0808431103204458,0.0361162728962038,0.0,0.0,0.0
2021-05-13,0.1484443245085352,0.0,0.0,0.0361162728962038,0.0808431103204458,0.0361162728962038,0.0,0.0,0.0
2021-05-13,0.0625763889046226,0.0,0.0,0.0361162728962038,0.0808431103204458,0.0361162728962038,0.0,0.0,0.0
2021-05-13,0.0478669924520156,0.0,0.0,0.0361162728962038,0.0808431103204458,0.0361162728962038,0.0,0.0,0.0
2021-05-13,0.1544491799266981,0.0,0.0,0.0361162728962038,0.0808431103204458,0.0361162728962038,0.0,0.0,0.0
2021-05-13,0.0733055195825571,0.0,0.0,0.0361162728962038,0.0808431103204458,0.0361162728962038,0.0,0.0,0.0
2021-05-13,0.0947672505539293,0.0,0.0,0.0361162728962038,0.0808431103204458,0.0361162728962038,0.0,0.0005479161136182603,0.0005479161136182603
2021-05-13,0.017299434800038,0.0,0.0,0.0361162728962038,0.0808431103204458,0.0361162728962038,0.0,0.0,0.0
2021-05-13,0.1300254319510446,0.0,0.0,0.0361162728962038,0.0808431103204458,0.0361162728962038,0.0,0.0,0.0
2021-05-13,0.0421596807285143,0.0,0.0,0.0361162728962038,0.0808431103204458,0.0361162728962038,0.0,0.0,0.0
2021-05-13,0.1192103124054075,0.0,0.0,0.0361162728962038,0.0808431103204458,0.0361162728962038,0.0,0.0,0.0
2021-05-14,0.1057901398022446,0.0,0.0,0.0361162728962038,0.0808431103204458,0.0361162728962038,0.0,0.0,0.0
2021-05-14,0.0140754086913192,0.0,0.0,0.0361162728962038,0.0808431103204458,0.0361162728962038,0.0,0.0,0.0
2021-05-14,0.1053159553764228,0.0,0.0,0.0361162728962038,0.0808431103204458,0.0361162728962038,0.0,0.0,0.0
2021-05-14,0.0183087057029193,0.0,0.0,0.0361162728962038,0.0808431103204458,0.0361162728962038,0.0,0.0,0.0
2021-05-14,0.0964034609334125,0.0,0.0,0.0361162728962038,0.0808431103204458,0.0361162728962038,0.0,0.0,0.0
2021-05-14,0.02197032366088,0.0,0.0,0.0361162728962038,0.0808431103204458,0.0361162728962038,0.0,0.0,0.0
2021-05-14,0.0344850710261068,0.0,0.0,0.0361162728962038,0.0808431103204458,0.0361162728962038,0.0,0.0,0.0
2021-05-14,0.0489039697642006,0.0,0.0,0.0361162728962038,0.0808431103204458,0.0361162728962038,0.0,0.0,0.0
2021-05-14,0.0082219760328241,0.0,0.0,0.0361162728962038,0.0808431103204458,0.0361162728962038,0.0,0.0,0.0
2021-05-14,0.1248272980474684,0.0,0.0,0.0361162728962038,0.0808431103204458,0.0361162728962038,0.0,0.0,0.0
2021-05-14,0.1372086534197182,0.0,0.0,0.0361162728962038,0.0808431103204458,0.0361162728962038,0.0,0.0,0.0
2021-05-14,0.0613079830536191,0.0,0.0,0.0361162728962038,0.0808431103204458,0.0361162728962038,0.0,0.0,0.0
2021-05-15,0.0,0.0,0.0,0.0361162728962038,0.0808431103204458,0.0361162728962038,0.0,0.0,0.0
2021-05-15,0.0153096008778611,0.0,0.0,0.0361162728962038,0.0808431103204458,0.0361162728962038,0.0,0.0,0.0
2021-05-15,0.001987397581723,0.0,0.0,0.0361162728962038,0.0808431103204458,0.0361162728962038,0.0,0.0,0.0
2021-05-15,0.0297783283456846,0.0,0.0,0.0361162728962038,0.0808431103204458,0.0361162728962038,0.0,0.0,0.0
2021-05-15,0.0075665688535776,0.0,0.0,0.0361162728962038,0.0808431103204458,0.0361162728962038,0.0,0.0,0.0
2021-05-15,0.0006298575024274,0.0,0.0,0.0361162728962038,0.0808431103204458,0.0361162728962038,0.0,0.0,0.0
2021-05-15,0.0095449660869805,0.0,0.0,0.0361162728962038,0.0808431103204458,0.0361162728962038,0.0,0.0,0.0
2021-05-15,0.0,0.0,0.0,0.0361162728962038,0.0808431103204458,0.0361162728962038,0.0,0.0,0.0
2021-05-15,0.0,0.0,0.0,0.0361162728962038,0.0808431103204458,0.0361162728962038,0.0,0.0,0.0
2021-05-15,0.0003696920095311,0.0,0.0,0.0361162728962038,0.0808431103204458,0.0361162728962038,0.0,0.0,0.0
2021-05-15,0.0,0.0,0.0,0.0361162728962038,0.0808431103204458,0.0361162728962038,0.0,0.0,0.0
2021-05-15,0.0107690904430408,0.0,0.0,0.0361162728962038,0.0808431103204458,0.0361162728962038,0.0,0.0,0.0
2021-05-16,0.0,0.0,0.0,0.0361162728962038,0.0808431103204458,0.0361162728962038,0.0,0.0,0.0
2021-05-16,0.001596053608808,0.0,0.0,0.0361162728962038,0.0808431103204458,0.0361162728962038,0.0,0.0,0.0
2021-05-16,0.0173439230184793,0.0,0.0,0.0361162728962038,0.0808431103204458,0.0361162728962038,0.0,0.0,0.0
2021-05-16,0.0007500063083245,0.0,0.0,0.0361162728962038,0.0808431103204458,0.0361162728962038,0.0,0.000123148393947438,0.000123148393947438
2021-05-16,0.0056937095005751,0.0,0.0,0.0361162728962038,0.0808431103204458,0.0361162728962038,0.0,0.0,0.0
2021-05-16,0.0001798958765873,0.0,0.0,0.0361162728962038,0.0808431103204458,0.0361162728962038,0.0,0.0,0.0
2021-05-16,0.0115023865587404,0.0,0.0,0.0361162728962038,0.0808431103204458,0.0361162728962038,0.0,0.0,0.0
2021-05-16,0.0007554536705615,0.0,0.0,0.0361162728962038,0.0808431103204458,0.0361162728962038,0.0,0.0014162065303955365,0.0014162065303955365
2021-05-16,8.798196876499754e-06,0.0,0.0,0.0361162728962038,0.0808431103204458,0.0361162728962038,0.0,0.0,0.0
2021-05-16,0.0107183324848933,0.0,0.0,0.0361162728962038,0.0808431103204458,0.0361162728962038,0.0,0.0,0.0
2021-05-16,0.0010661735078446,0.0,0.0,0.0361162728962038,0.0808431103204458,0.0361162728962038,0.0,0.0,0.0
2021-05-16,0.0,0.0,0.0,0.0361162728962038,0.0808431103204458,0.0361162728962038,0.0,0.0,0.0
2021-05-17,0.0,0.0,0.0,0.0361162728962038,0.0808431103204458,0.0361162728962038,0.0,0.0,0.0
2021-05-17,0.0,0.0,0.0,0.0361162728962038,0.0808431103204458,0.0361162728962038,0.0,0.0,0.0
2021-05-17,0.0,0.0,0.0,0.0361162728962038,0.0808431103204458,0.0361162728962038,0.0,0.0,0.0
2021-05-17,0.0,0.0,0.0,0.0361162728962038,0.0808431103204458,0.0361162728962038,0.0,0.0,0.0
2021-05-17,0.0,0.0,0.0,0.0361162728962038,0.0808431103204458,0.0361162728962038,0.0,0.0,0.0
2021-05-17,0.0,0.0,0.0,0.0361162728962038,0.0808431103204458,0.0361162728962038,0.0,0.0,0.0
2021-05-17,0.0,0.0,0.0,0.0361162728962038,0.0808431103204458,0.0361162728962038,0.0,0.0,0.0
2021-05-17,0.0,0.0,0.0,0.0361162728962038,0.0808431103204458,0.0361162728962038,0.0,0.0,0.0
2021-05-17,0.0,0.0,0.0,0.0361162728962038,0.0808431103204458,0.0361162728962038,0.0,0.0,0.0
2021-05-17,0.0,0.0,0.0,0.0361162728962038,0.0808431103204458,0.0361162728962038,0.0,0.0,0.0
2021-05-17,0.0002378472219908,0.0,0.0,0.0361162728962038,0.0808431103204458,0.0361162728962038,0.0,0.0003360100876028608,0.0003360100876028608
2021-05-17,0.0,0.0,0.0,0.0361162728962038,0.0808431103204458,0.0361162728962038,0.0,0.0,0.0
2021-05-18,0.0,0.0,0.0,0.0361162728962038,0.0808431103204458,0.0361162728962038,0.0,0.0,0.0
2021-05-18,0.0,0.0,0.0,0.0361162728962038,0.0808431103204458,0.0361162728962038,0.0,0.0,0.0
2021-05-18,0.0,0.0,0.0,0.0361162728962038,0.0808431103204458,0.0361162728962038,0.0,0.0,0.0
2021-05-18,0.0,0.0,0.0,0.0361162728962038,0.0808431103204458,0.0361162728962038,0.0,0.0,0.0
2021-05-18,0.0,0.0,0.0,0.0361162728962038,0.0808431103204458,0.0361162728962038,0.0,0.0,0.0
2021-05-18,0.000163004828667,0.0,0.0,0.0361162728962038,0.0808431103204458,0.0361162728962038,0.0,0.0,0.0
2021-05-18,0.0028066845920077,0.0,0.0,0.0361162728962038,0.0808431103204458,0.0361162728962038,0.0,0.0,0.0
2021-05-18,0.0,0.0,0.0,0.0361162728962038,0.0808431103204458,0.0361162728962038,0.0,0.0,0.0
2021-05-18,0.0,0.0,0.0,0.0361162728962038,0.0808431103204458,0.0361162728962038,0.0,0.0,0.0
2021-05-18,0.0,0.0,0.0,0.0361162728962038,0.0808431103204458,0.0361162728962038,0.0,0.0,0.0
2021-05-18,0.0,0.0,0.0,0.0361162728962038,0.0808431103204458,0.0361162728962038,0.0,0.0,0.0
2021-05-18,0.0,0.0,0.0,0.0361162728962038,0.0808431103204458,0.0361162728962038,0.0,0.0,0.0
2021-05-19,0.012428836296491,0.0,0.0,0.0361162728962038,0.0808431103204458,0.0361162728962038,0.0,0.0,0.0
2021-05-19,0.0202057550833434,0.0,0.0,0.0361162728962038,0.0808431103204458,0.0361162728962038,0.0,0.0,0.0
2021-05-19,0.0195510750088364,0.0,0.0,0.0361162728962038,0.0808431103204458,0.0361162728962038,0.0,0.0,0.0
2021-05-19,0.0018182133160526,0.0,0.0,0.0361162728962038,0.0808431103204458,0.0361162728962038,0.0,0.0,0.0
2021-05-19,0.0952307060153887,0.0,0.0,0.0361162728962038,0.0808431103204458,0.0361162728962038,0.0,0.0003881072471462677,0.0003881072471462677
2021-05-19,0.0104242920853021,0.0,0.0,0.0361162728962038,0.0808431103204458,0.0361162728962038,0.0,0.0,0.0
2021-05-19,0.0009245578882584,0.0,0.0,0.0361162728962038,0.0808431103204458,0.0361162728962038,0.0,0.0,0.0
2021-05-19,1.3624176191681372e-05,0.0,0.0,0.0361162728962038,0.0808431103204458,0.0361162728962038,0.0,0.0,0.0
2021-05-19,0.0041382377431883,0.0,0.0,0.0361162728962038,0.0808431103204458,0.0361162728962038,0.0,0.00038608972657286746,0.00038608972657286746
2021-05-19,0.0004012310406527,0.0,0.0,0.0361162728962038,0.0808431103204458,0.0361162728962038,0.0,0.0,0.0
2021-05-19,0.0013107727472443,0.0,0.0,0.0361162728962038,0.0808431103204458,0.0361162728962038,0.0,0.0,0.0
2021-05-19,0.0083829435022014,0.0,0.0,0.0361162728962038,0.0808431103204458,0.0361162728962038,0.0,0.0,0.0
2021-05-20,0.0001230712556943,0.0,0.0,0.02480222989116,0.0580989483639964,0.0361162728962038,-0.011314043005043798,0.0,0.011314043005043798
2021-05-20,0.2088892592438092,0.0,0.0,0.02480222989116,0.0580989483639964,0.02480222989116,0.0,0.0,0.0
2021-05-20,0.0,0.0,0.0,0.02480222989116,0.0580989483639964,0.02480222989116,0.0,0.0,0.0
2021-05-20,0.2803512340519152,0.0,0.0,0.02480222989116,0.0580989483639964,0.02480222989116,0.0,8.210777807273702e-05,8.210777807273702e-05
2021-05-20,0.1803796113315396,0.0,0.0,0.02480222989116,0.0580989483639964,0.02480222989116,0.0,0.0,0.0
2021-05-20,0.0304330135383011,0.0,0.0,0.02480222989116,0.0580989483639964,0.02480222989116,0.0,0.0,0.0
2021-05-20,0.0055925773406878,0.0,0.0,0.02480222989116,0.0580989483639964,0.02480222989116,0.0,0.0,0.0
2021-05-20,0.0065965759058698,0.0,0.0,0.02480222989116,0.0580989483639964,0.02480222989116,0.0,0.0,0.0
2021-05-20,0.0235628967886141,0.0,0.0,0.02480222989116,0.0580989483639964,0.02480222989116,0.0,0.0,0.0
2021-05-20,0.0557818786459172,0.0,0.0,0.02480222989116,0.0580989483639964,0.02480222989116,0.0,0.0,0.0
2021-05-20,0.0966769682642557,0.0,0.0,0.02480222989116,0.0580989483639964,0.02480222989116,0.0,0.0,0.0
2021-05-20,0.0112379811979943,0.0,0.0,0.02480222989116,0.0580989483639964,0.02480222989116,0.0,0.0,0.0
2021-05-21,0.0017456635396331,0.0,0.0,0.02480222989116,0.0580989483639964,0.02480222989116,0.0,0.0,0.0
2021-05-21,0.0641324113261701,0.0,0.0,0.02480222989116,0.0580989483639964,0.02480222989116,0.0,0.0,0.0
2021-05-21,0.0637432051311497,0.0,0.0,0.02480222989116,0.0580989483639964,0.02480222989116,0.0,0.0,0.0
2021-05-21,0.0197407953789509,0.0,0.0,0.02480222989116,0.0580989483639964,0.02480222989116,0.0,0.0,0.0
2021-05-21,0.008046252211449,0.0,0.0,0.02480222989116,0.0580989483639964,0.02480222989116,0.0,0.0,0.0
2021-05-21,0.1596056294658698,0.0,0.0,0.02480222989116,0.0580989483639964,0.02480222989116,0.0,0.0,0.0
2021-05-21,0.0,0.0,0.0,0.02480222989116,0.0580989483639964,0.02480222989116,0.0,0.0,0.0
2021-05-21,0.1868619030723865,0.0,0.0,0.02480222989116,0.0580989483639964,0.02480222989116,0.0,0.0,0.0
2021-05-21,0.0271468710999172,0.0,0.0,0.02480222989116,0.0580989483639964,0.02480222989116,0.0,0.0,0.0
2021-05-21,0.0003171143644591,0.0,0.0,0.02480222989116,0.0580989483639964,0.02480222989116,0.0,0.0,0.0
2021-05-21,0.0574337133643498,0.0,0.0,0.02480222989116,0.0580989483639964,0.02480222989116,0.0,0.0,0.0
2021-05-21,0.0096787475190403,0.0,0.0,0.02480222989116,0.0580989483639964,0.02480222989116,0.0,0.0,0.0
2021-05-22,0.005966110310946,0.0,0.0,0.02480222989116,0.0580989483639964,0.02480222989116,0.0,0.0,0.0
2021-05-22,0.0,0.0,0.0,0.02480222989116,0.0580989483639964,0.02480222989116,0.0,0.0,0.0
2021-05-22,0.0030564875142487,0.0,0.0,0.02480222989116,0.0580989483639964,0.02480222989116,0.0,0.0,0.0
2021-05-22,0.0,0.0,0.0,0.02480222989116,0.0580989483639964,0.02480222989116,0.0,0.0,0.0
2021-05-22,0.0559152048901598,0.0,0.0,0.02480222989116,0.0580989483639964,0.02480222989116,0.0,0.0,0.0
2021-05-22,0.0,0.0,0.0,0.02480222989116,0.0580989483639964,0.02480222989116,0.0,0.0,0.0
2021-05-22,0.0075243353058397,0.0,0.0,0.02480222989116,0.0580989483639964,0.02480222989116,0.0,0.0,0.0
2021-05-22,0.0,0.0,0.0,0.02480222989116,0.0580989483639964,0.02480222989116,0.0,0.0,0.0
2021-05-22,0.0,0.0,0.0,0.02480222989116,0.0580989483639964,0.02480222989116,0.0,0.0,0.0
2021-05-22,0.0,0.0,0.0,0.02480222989116,0.0580989483639964,0.02480222989116,0.0,0.0,0.0
2021-05-22,0.0,0.0,0.0,0.02480222989116,0.0580989483639964,0.02480222989116,0.0,0.0,0.0
2021-05-22,0.026827770418436,0.0,0.0,0.02480222989116,0.0580989483639964,0.02480222989116,0.0,0.0,0.0
2021-05-23,0.0,0.0,0.0,0.02480222989116,0.0580989483639964,0.02480222989116,0.0,0.0,0.0
2021-05-23,0.0,0.0,0.0,0.02480222989116,0.0580989483639964,0.02480222989116,0.0,0.0,0.0
2021-05-23,0.0,0.0,0.0,0.02480222989116,0.0580989483639964,0.02480222989116,0.0,0.0,0.0
2021-05-23,0.0,0.0,0.0,0.02480222989116,0.0580989483639964,0.02480222989116,0.0,0.0,0.0
2021-05-23,0.0,0.0,0.0,0.02480222989116,0.0580989483639964,0.02480222989116,0.0,0.0,0.0
2021-05-23,0.0,0.0,0.0,0.02480222989116,0.0580989483639964,0.02480222989116,0.0,0.0,0.0
2021-05-23,0.0,0.0,0.0,0.02480222989116,0.0580989483639964,0.02480222989116,0.0,0.0,0.0
2021-05-23,0.0,0.0,0.0,0.02480222989116,0.0580989483639964,0.02480222989116,0.0,0.0,0.0
2021-05-23,0.0,0.0,0.0,0.02480222989116,0.0580989483639964,0.02480222989116,0.0,0.0,0.0
2021-05-23,0.0,0.0,0.0,0.02480222989116,0.0580989483639964,0.02480222989116,0.0,0.0,0.0
2021-05-23,0.0,0.0,0.0,0.02480222989116,0.0580989483639964,0.02480222989116,0.0,0.0,0.0
2021-05-23,0.0,0.0,0.0,0.02480222989116,0.0580989483639964,0.02480222989116,0.0,0.0,0.0
2021-05-24,0.0697771039606104,0.0,0.0,0.02480222989116,0.0580989483639964,0.02480222989116,0.0,0.0,0.0
2021-05-24,0.0266983889409177,0.0,0.0,0.02480222989116,0.0580989483639964,0.02480222989116,0.0,0.0,0.0
2021-05-24,0.0,0.0,0.0,0.02480222989116,0.0580989483639964,0.02480222989116,0.0,0.0,0.0
2021-05-24,0.0221918902227293,0.0,0.0,0.02480222989116,0.0580989483639964,0.02480222989116,0.0,0.0,0.0
2021-05-24,0.0704725779132497,0.0,0.0,0.02480222989116,0.0580989483639964,0.02480222989116,0.0,2.389169100079469e-05,2.389169100079469e-05
2021-05-24,0.0046742670074909,0.0,0.0,0.02480222989116,0.0580989483639964,0.02480222989116,0.0,0.0,0.0
2021-05-24,0.0320537086047486,0.0,0.0,0.02480222989116,0.0580989483639964,0.02480222989116,0.0,0.0,0.0
2021-05-24,0.0019282989560744,0.0,0.0,0.02480222989116,0.0580989483639964,0.02480222989116,0.0,0.0,0.0
2021-05-24,0.0516406696041394,0.0,0.0,0.02480222989116,0.0580989483639964,0.02480222989116,0.0,0.0,0.0
2021-05-24,0.0680865744645806,0.0,0.0,0.02480222989116,0.0580989483639964,0.02480222989116,0.0,0.0,0.0
2021-05-24,0.0418413272725143,0.0,0.0,0.02480222989116,0.0580989483639964,0.02480222989116,0.0,0.0,0.0
2021-05-24,0.0046660499150323,0.0,0.0,0.02480222989116,0.0580989483639964,0.02480222989116,0.0,0.0,0.0
2021-05-25,0.0,0.0,0.0,0.02480222989116,0.0580989483639964,0.02480222989116,0.0,0.0,0.0
2021-05-25,0.0014868671919398,0.0,0.0,0.02480222989116,0.0580989483639964,0.02480222989116,0.0,5.309264666843647e-05,5.309264666843647e-05
2021-05-25,0.0,0.0,0.0,0.02480222989116,0.0580989483639964,0.02480222989116,0.0,0.0,0.0
2021-05-25,0.0009190551615888,0.0,0.0,0.02480222989116,0.0580989483639964,0.02480222989116,0.0,0.0,0.0
2021-05-25,0.0058115213943197,0.0,0.0,0.02480222989116,0.0580989483639964,0.02480222989116,0.0,0.0,0.0
2021-05-25,0.002975101604007,0.0,0.0,0.02480222989116,0.0580989483639964,0.02480222989116,0.0,0.0,0.0
2021-05-25,0.0116915553021563,0.0,0.0,0.02480222989116,0.0580989483639964,0.02480222989116,0.0,0.0,0.0
2021-05-25,0.0,0.0,0.0,0.02480222989116,0.0580989483639964,0.02480222989116,0.0,0.0,0.0
2021-05-25,0.0,0.0,0.0,0.02480222989116,0.0580989483639964,0.02480222989116,0.0,0.0,0.0
2021-05-25,0.0,0.0,0.0,0.02480222989116,0.0580989483639964,0.02480222989116,0.0,0.0,0.0
2021-05-25,0.0012893319405855,0.0,0.0,0.02480222989116,0.0580989483639964,0.02480222989116,0.0,0.0,0.0
2021-05-25,0.0,0.0,0.0,0.02480222989116,0.0580989483639964,0.02480222989116,0.0,0.0,0.0
2021-05-26,0.0,0.0,0.0,0.02480222989116,0.0580989483639964,0.02480222989116,0.0,0.0,0.0
2021-05-26,0.0,0.0,0.0,0.02480222989116,0.0580989483639964,0.02480222989116,0.0,0.0,0.0
2021-05-26,0.0,0.0,0.0,0.02480222989116,0.0580989483639964,0.02480222989116,0.0,0.0,0.0
2021-05-26,0.0,0.0,0.0,0.02480222989116,0.0580989483639964,0.02480222989116,0.0,0.0,0.0
2021-05-26,0.0,0.0,0.0,0.02480222989116,0.0580989483639964,0.02480222989116,0.0,0.0,0.0
2021-05-26,0.0,0.0,0.0,0.02480222989116,0.0580989483639964,0.02480222989116,0.0,0.0,0.0
2021-05-26,0.0,0.0,0.0,0.02480222989116,0.0580989483639964,0.02480222989116,0.0,0.0,0.0
2021-05-26,0.0,0.0,0.0,0.02480222989116,0.0580989483639964,0.02480222989116,0.0,0.0,0.0
2021-05-26,0.0,0.0,0.0,0.02480222989116,0.0580989483639964,0.02480222989116,0.0,0.0,0.0
2021-05-26,0.0,0.0,0.0,0.02480222989116,0.0580989483639964,0.02480222989116,0.0,0.0,0.0
2021-05-26,0.0,0.0,0.0,0.02480222989116,0.0580989483639964,0.02480222989116,0.0,0.0,0.0
2021-05-26,0.0,0.0,0.0,0.02480222989116,0.0580989483639964,0.02480222989116,0.0,0.0,0.0
2021-05-27,0.0,0.0,0.0,0.002920095566764,0.014412142229828,0.02480222989116,-0.021882134324395997,0.0,0.021882134324395997
2021-05-27,0.0,0.0,0.0,0.002920095566764,0.014412142229828,0.002920095566764,0.0,0.0,0.0
2021-05-27,0.0,0.0,0.0,0.002920095566764,0.014412142229828,0.002920095566764,0.0,0.0,0.0
2021-05-27,0.0,0.0,0.0,0.002920095566764,0.014412142229828,0.002920095566764,0.0,0.0,0.0
2021-05-27,0.0,0.0,0.0,0.002920095566764,0.014412142229828,0.002920095566764,0.0,0.0,0.0
2021-05-27,0.0,0.0,0.0,0.002920095566764,0.014412142229828,0.002920095566764,0.0,0.0,0.0
2021-05-27,0.0,0.0,0.0,0.002920095566764,0.014412142229828,0.002920095566764,0.0,0.0,0.0
2021-05-27,0.0,0.0,0.0,0.002920095566764,0.014412142229828,0.002920095566764,0.0,0.0,0.0
2021-05-27,0.0,0.0,0.0,0.002920095566764,0.014412142229828,0.002920095566764,0.0,0.0,0.0
2021-05-27,0.0,0.0,0.0,0.002920095566764,0.014412142229828,0.002920095566764,0.0,0.0,0.0
2021-05-27,0.0,0.0,0.0,0.002920095566764,0.014412142229828,0.002920095566764,0.0,0.0,0.0
2021-05-27,0.0,0.0,0.0,0.002920095566764,0.014412142229828,0.002920095566764,0.0,0.0,0.0
2021-05-28,0.0,0.0,0.0,0.002920095566764,0.014412142229828,0.002920095566764,0.0,0.0,0.0
2021-05-28,0.0,0.0,0.0,0.002920095566764,0.014412142229828,0.002920095566764,0.0,0.0,0.0
2021-05-28,0.0,0.0,0.0,0.002920095566764,0.014412142229828,0.002920095566764,0.0,0.0,0.0
2021-05-28,0.0,0.0,0.0,0.002920095566764,0.014412142229828,0.002920095566764,0.0,0.0,0.0
2021-05-28,0.0,0.0,0.0,0.002920095566764,0.014412142229828,0.002920095566764,0.0,0.0,0.0
2021-05-28,0.0,0.0,0.0,0.002920095566764,0.014412142229828,0.002920095566764,0.0,0.0,0.0
2021-05-28,0.0,0.0,0.0,0.002920095566764,0.014412142229828,0.002920095566764,0.0,0.0,0.0
2021-05-28,0.0046148834984255,0.0,0.0,0.002920095566764,0.014412142229828,0.002920095566764,0.0,0.0,0.0
2021-05-28,0.0,0.0,0.0,0.002920095566764,0.014412142229828,0.002920095566764,0.0,0.0,0.0
2021-05-28,0.0,0.0,0.0,0.002920095566764,0.014412142229828,0.002920095566764,0.0,0.0,0.0
2021-05-28,0.0,0.0,0.0,0.002920095566764,0.014412142229828,0.002920095566764,0.0,0.0,0.0
2021-05-28,0.0,0.0,0.0,0.002920095566764,0.014412142229828,0.002920095566764,0.0,0.0,0.0
2021-05-29,0.0,0.0,0.0,0.002920095566764,0.014412142229828,0.002920095566764,0.0,0.0,0.0
2021-05-29,0.0036197800317598,0.0,0.0,0.002920095566764,0.014412142229828,0.002920095566764,0.0,0.0,0.0
2021-05-29,0.0,0.0,0.0,0.002920095566764,0.014412142229828,0.002920095566764,0.0,0.0,0.0
2021-05-29,0.0002879099687179,0.0,0.0,0.002920095566764,0.014412142229828,0.002920095566764,0.0,0.0,0.0
2021-05-29,0.0001205412344002,0.0,0.0,0.002920095566764,0.014412142229828,0.002920095566764,0.0,0.0,0.0
2021-05-29,5.689542295072412e-06,0.0,0.0,0.002920095566764,0.014412142229828,0.002920095566764,0.0,0.0,0.0
2021-05-29,0.0075395977583502,0.0,0.0,0.002920095566764,0.014412142229828,0.002920095566764,0.0,0.0,0.0
2021-05-29,0.0,0.0,0.0,0.002920095566764,0.014412142229828,0.002920095566764,0.0,0.0,0.0
2021-05-29,0.0019429609053286,0.0,0.0,0.002920095566764,0.014412142229828,0.002920095566764,0.0,0.0,0.0
2021-05-29,0.0047117918111639,0.0,0.0,0.002920095566764,0.014412142229828,0.002920095566764,0.0,0.0,0.0
2021-05-29,1.105116462850773e-05,0.0,0.0,0.002920095566764,0.014412142229828,0.002920095566764,0.0,0.0,0.0
2021-05-29,0.0005828211595775,0.0,0.0,0.002920095566764,0.014412142229828,0.002920095566764,0.0,0.0,0.0
2021-05-30,0.0250333808471597,0.0,0.0,0.002920095566764,0.014412142229828,0.002920095566764,0.0,0.0,0.0
2021-05-30,0.168995405762761,0.0,0.0,0.002920095566764,0.014412142229828,0.002920095566764,0.0,0.0,0.0
2021-05-30,0.0637712346940019,0.0,0.0,0.002920095566764,0.014412142229828,0.002920095566764,0.0,0.0,0.0
2021-05-30,0.0208286829523764,0.0,0.0,0.002920095566764,0.014412142229828,0.002920095566764,0.0,0.0,0.0
2021-05-30,0.0208380470196594,0.0,0.0,0.002920095566764,0.014412142229828,0.002920095566764,0.0,0.0,0.0
2021-05-30,0.073489103441151,0.0,0.0,0.002920095566764,0.014412142229828,0.002920095566764,0.0,0.0,0.0
2021-05-30,0.0865869863641123,0.0,0.0,0.002920095566764,0.014412142229828,0.002920095566764,0.0,0.00010960976904698591,0.00010960976904698591
2021-05-30,0.0380374860467191,0.0,0.0,0.002920095566764,0.014412142229828,0.002920095566764,0.0,0.0,0.0
2021-05-30,0.0036689918488154,0.0,0.0,0.002920095566764,0.014412142229828,0.002920095566764,0.0,0.0,0.0
2021-05-30,0.0088690887648932,0.0,0.0,0.002920095566764,0.014412142229828,0.002920095566764,0.0,0.0,0.0
2021-05-30,0.0148103665081751,0.0,0.0,0.002920095566764,0.014412142229828,0.002920095566764,0.0,0.0,0.0
2021-05-30,0.0334044364339829,0.0,0.0,0.002920095566764,0.014412142229828,0.002920095566764,0.0,0.0,0.0
2021-05-31,0.000282073602391,0.0,0.0,0.002920095566764,0.014412142229828,0.002920095566764,0.0,0.0,0.0
2021-05-31,0.0203688461979691,0.0,0.0,0.002920095566764,0.014412142229828,0.002920095566764,0.0,0.0,0.0
2021-05-31,0.0,0.0,0.0,0.002920095566764,0.014412142229828,0.002920095566764,0.0,0.0,0.0
2021-05-31,0.002115796363701,0.0,0.0,0.002920095566764,0.014412142229828,0.002920095566764,0.0,0.0,0.0
2021-05-31,0.0323040636257018,0.0,0.0,0.002920095566764,0.014412142229828,0.002920095566764,0.0,0.0,0.0
2021-05-31,0.0050352241255148,0.0,0.0,0.002920095566764,0.014412142229828,0.002920095566764,0.0,0.0,0.0
2021-05-31,0.0129068952422897,0.0,0.0,0.002920095566764,0.014412142229828,0.002920095566764,0.0,0.0,0.0
2021-05-31,0.0062722393705731,0.0,0.0,0.002920095566764,0.014412142229828,0.002920095566764,0.0,0.0,0.0
2021-05-31,6.258121690156513e-05,0.0,0.0,0.002920095566764,0.014412142229828,0.002920095566764,0.0,0.0,0.0
2021-05-31,0.0,0.0,0.0,0.002920095566764,0.014412142229828,0.002920095566764,0.0,0.0,0.0
2021-05-31,0.0,0.0,0.0,0.002920095566764,0.014412142229828,0.002920095566764,0.0,0.0,0.0
2021-05-31,0.013640380950166,0.0,0.0,0.002920095566764,0.014412142229828,0.002920095566764,0.0,0.0,0.0
2021-06-01,0.041356416001764,0.0,0.0,0.363952747544465,0.0,0.002920095566764,0.361032651977701,0.22203508096628652,0.1389975710114145
2021-06-01,0.0861157343003757,0.0,0.0,0.363952747544465,0.0,0.363952747544465,0.0,0.0,0.0
2021-06-01,0.1110346864445079,0.0,0.0,0.363952747544465,0.0,0.363952747544465,0.0,0.0,0.0
2021-06-01,0.1194688359847028,0.0,0.0,0.363952747544465,0.0,0.363952747544465,0.0,0.0,0.0
2021-06-01,0.1311586165708105,0.0,0.0,0.363952747544465,0.0,0.363952747544465,0.0,0.0,0.0
2021-06-01,0.089126913171555,0.0,0.0,0.363952747544465,0.0,0.363952747544465,0.0,0.0,0.0
2021-06-01,0.1151422745785021,0.0,0.0,0.363952747544465,0.0,0.363952747544465,0.0,0.0,0.0
2021-06-01,0.02648532631704,0.0,0.0,0.363952747544465,0.0,0.363952747544465,0.0,0.00361032651977701,0.00361032651977701
2021-06-01,0.2116834489385629,0.0,0.0,0.363952747544465,0.0,0.363952747544465,0.0,0.0,0.0
2021-06-01,0.0824098548201307,0.0,0.0,0.363952747544465,0.0,0.363952747544465,0.0,0.0,0.0
2021-06-01,0.0533153856132913,0.0,0.0,0.363952747544465,0.0,0.363952747544465,0.0,0.03971359171754711,0.03971359171754711
2021-06-01,0.0426342026811652,0.0,0.0,0.363952747544465,0.0,0.363952747544465,0.0,0.0992839792938679,0.0992839792938679
2021-06-02,0.0037774958819301,0.0,0.0,0.363952747544465,0.0,0.363952747544465,0.0,0.0,0.0
2021-06-02,0.0,0.0,0.0,0.363952747544465,0.0,0.363952747544465,0.0,0.0,0.0
2021-06-02,0.0155160520888868,0.0,0.0,0.363952747544465,0.0,0.363952747544465,0.0,0.0,0.0
2021-06-02,0.001953456889273,0.0,0.0,0.363952747544465,0.0,0.363952747544465,0.0,0.0,0.0
2021-06-02,0.0086507373013464,0.0,0.0,0.363952747544465,0.0,0.363952747544465,0.0,0.0,0.0
2021-06-02,0.0011048733017446,0.0,0.0,0.363952747544465,0.0,0.363952747544465,0.0,0.0,0.0
2021-06-02,0.0123809429340671,0.0,0.0,0.363952747544465,0.0,0.363952747544465,0.0,0.0,0.0
2021-06-02,0.0104366956340189,0.0,0.0,0.363952747544465,0.0,0.363952747544465,0.0,0.0,0.0
2021-06-02,0.0155649258423134,0.0,0.0,0.363952747544465,0.0,0.363952747544465,0.0,0.0,0.0
2021-06-02,0.0099820625809633,0.0,0.0,0.363952747544465,0.0,0.363952747544465,0.0,0.0,0.0
2021-06-02,0.005039283943269,0.0,0.0,0.363952747544465,0.0,0.363952747544465,0.0,0.0,0.0
2021-06-02,5.416421275064317e-05,0.0,0.0,0.363952747544465,0.0,0.363952747544465,0.0,0.0,0.0
2021-06-03,0.1322184556267937,0.0,0.0,0.0,0.0092327786159831,0.363952747544465,-0.363952747544465,0.0,0.363952747544465
2021-06-03,0.0421848629935573,0.0,0.0,0.0,0.0092327786159831,0.0,0.0,0.001805163259888505,0.001805163259888505
2021-06-03,0.0168428038147208,0.0,0.0,0.0,0.0092327786159831,0.0,0.0,0.0,0.0
2021-06-03,0.0227205136658374,0.0,0.0,0.0,0.0092327786159831,0.0,0.0,0.0,0.0
2021-06-03,0.0821492627008747,0.0,0.0,0.0,0.0092327786159831,0.0,0.0,0.0,0.0
2021-06-03,0.0014874468062752,0.0,0.0,0.0,0.0092327786159831,0.0,0.0,0.0,0.0
2021-06-03,0.038457965205207,0.0,0.0,0.0,0.0092327786159831,0.0,0.0,0.0,0.0
2021-06-03,0.0005017119234159,0.0,0.0,0.0,0.0092327786159831,0.0,0.0,0.0,0.0
2021-06-03,0.0697898620564157,0.0,0.0,0.0,0.0092327786159831,0.0,0.0,0.0,0.0
2021-06-03,0.0050650881465442,0.0,0.0,0.0,0.0092327786159831,0.0,0.0,0.0,0.0
2021-06-03,0.1286644366665468,0.0,0.0,0.0,0.0092327786159831,0.0,0.0,0.0,0.0
2021-06-03,0.0119868513045133,0.0,0.0,0.0,0.0092327786159831,0.0,0.0,0.0,0.0
2021-06-04,0.0010402641102966,0.0,0.0,0.0,0.0092327786159831,0.0,0.0,0.0,0.0
2021-06-04,0.0030035510369441,0.0,0.0,0.0,0.0092327786159831,0.0,0.0,0.0,0.0
2021-06-04,0.0008134364835462,0.0,0.0,0.0,0.0092327786159831,0.0,0.0,0.0,0.0
2021-06-04,0.0083890997364912,0.0,0.0,0.0,0.0092327786159831,0.0,0.0,0.0,0.0
2021-06-04,0.000723235374679,0.0,0.0,0.0,0.0092327786159831,0.0,0.0,0.0,0.0
2021-06-04,0.0094808957408399,0.0,0.0,0.0,0.0092327786159831,0.0,0.0,0.0,0.0
2021-06-04,0.0116386049791161,0.0,0.0,0.0,0.0092327786159831,0.0,0.0,0.0,0.0
2021-06-04,0.0010499995320585,0.0,0.0,0.0,0.0092327786159831,0.0,0.0,0.0,0.0
2021-06-04,0.003946593546966,0.0,0.0,0.0,0.0092327786159831,0.0,0.0,0.0,0.0
2021-06-04,0.0011942018793713,0.0,0.0,0.0,0.0092327786159831,0.0,0.0,0.0,0.0
2021-06-04,0.0045477585941777,0.0,0.0,0.0,0.0092327786159831,0.0,0.0,0.0,0.0
2021-06-04,0.0023717229512853,0.0,0.0,0.0,0.0092327786159831,0.0,0.0,0.0,0.0
2021-06-05,0.0020624463468485,0.0,0.0,0.0,0.0092327786159831,0.0,0.0,0.0,0.0
2021-06-05,0.0069881468248314,0.0,0.0,0.0,0.0092327786159831,0.0,0.0,0.0,0.0
2021-06-05,0.0009144786831719,0.0,0.0,0.0,0.0092327786159831,0.0,0.0,0.0,0.0
2021-06-05,0.044929009118298,0.0,0.0,0.0,0.0092327786159831,0.0,0.0,0.0,0.0
2021-06-05,0.0127118468923882,0.0,0.0,0.0,0.0092327786159831,0.0,0.0,0.0010394080169896474,0.0010394080169896474
2021-06-05,0.0038922129020429,0.0,0.0,0.0,0.0092327786159831,0.0,0.0,0.0,0.0
2021-06-05,0.0002285609073988,0.0,0.0,0.0,0.0092327786159831,0.0,0.0,0.00021271568887709118,0.00021271568887709118
2021-06-05,0.0014137639933186,0.0,0.0,0.0,0.0092327786159831,0.0,0.0,0.0,0.0
2021-06-05,0.0022747462243233,0.0,0.0,0.0,0.0092327786159831,0.0,0.0,0.0,0.0
2021-06-05,0.0034591056181153,0.0,0.0,0.0,0.0092327786159831,0.0,0.0,0.0,0.0
2021-06-05,0.001395708385749,0.0,0.0,0.0,0.0092327786159831,0.0,0.0,0.0,0.0
2021-06-05,0.0007465427457029,0.0,0.0,0.0,0.0092327786159831,0.0,0.0,0.000123148393947438,0.000123148393947438
2021-06-06,0.0036566572233566,0.0,0.0,0.0,0.0092327786159831,0.0,0.0,0.0,0.0
2021-06-06,2.3137927354371482e-07,0.0,0.0,0.0,0.0092327786159831,0.0,0.0,0.0,0.0
2021-06-06,0.0039560607446189,0.0,0.0,0.0,0.0092327786159831,0.0,0.0,0.0,0.0
2021-06-06,0.0007592964082813,0.0,0.0,0.0,0.0092327786159831,0.0,0.0,0.0008620387576320658,0.0008620387576320658
2021-06-06,0.0020911146460681,0.0,0.0,0.0,0.0092327786159831,0.0,0.0,0.0,0.0
2021-06-06,0.0223194201847903,0.0,0.0,0.0,0.0092327786159831,0.0,0.0,0.0,0.0
2021-06-06,0.0035349193046088,0.0,0.0,0.0,0.0092327786159831,0.0,0.0,6.384390761879493e-05,6.384390761879493e-05
2021-06-06,0.0031430094057562,0.0,0.0,0.0,0.0092327786159831,0.0,0.0,0.0,0.0
2021-06-06,0.0046503371799452,0.0,0.0,0.0,0.0092327786159831,0.0,0.0,0.0,0.0
2021-06-06,0.0162728713043898,0.0,0.0,0.0,0.0092327786159831,0.0,0.0,0.0,0.0
2021-06-06,0.0037993525141642,0.0,0.0,0.0,0.0092327786159831,0.0,0.0,0.0,0.0
2021-06-06,0.0094381472168805,0.0,0.0,0.0,0.0092327786159831,0.0,0.0,0.0,0.0
2021-06-07,0.000252932456488,0.0,0.0,0.0,0.0092327786159831,0.0,0.0,0.0,0.0
2021-06-07,0.0062780620022263,0.0,0.0,0.0,0.0092327786159831,0.0,0.0,0.0,0.0
2021-06-07,0.0278425976631922,0.0,0.0,0.0,0.0092327786159831,0.0,0.0,0.0,0.0
2021-06-07,0.0024935989386732,0.0,0.0,0.0,0.0092327786159831,0.0,0.0,0.0,0.0
2021-06-07,0.0040767178815248,0.0,0.0,0.0,0.0092327786159831,0.0,0.0,0.0,0.0
2021-06-07,0.0155772684272193,0.0,0.0,0.0,0.0092327786159831,0.0,0.0,0.0,0.0
2021-06-07,0.0001838093515787,0.0,0.0,0.0,0.0092327786159831,0.0,0.0,0.0,0.0
2021-06-07,0.0385955968253993,0.0,0.0,0.0,0.0092327786159831,0.0,0.0,0.0,0.0
2021-06-07,0.0,0.0,0.0,0.0,0.0092327786159831,0.0,0.0,0.0,0.0
2021-06-07,0.0,0.0,0.0,0.0,0.0092327786159831,0.0,0.0,0.0,0.0
2021-06-07,0.022223949079782,0.0,0.0,0.0,0.0092327786159831,0.0,0.0,0.0,0.0
2021-06-07,4.458139950238573e-05,0.0,0.0,0.0,0.0092327786159831,0.0,0.0,0.0,0.0
2021-06-08,0.0,0.0,0.0,0.0,0.0092327786159831,0.0,0.0,0.0,0.0
2021-06-08,0.0004388508301451,0.0,0.0,0.0,0.0092327786159831,0.0,0.0,0.0,0.0
2021-06-08,0.0,0.0,0.0,0.0,0.0092327786159831,0.0,0.0,0.0,0.0
2021-06-08,0.0,0.0,0.0,0.0,0.0092327786159831,0.0,0.0,0.0,0.0
2021-06-08,0.0,0.0,0.0,0.0,0.0092327786159831,0.0,0.0,0.0,0.0
2021-06-08,0.0,0.0,0.0,0.0,0.0092327786159831,0.0,0.0,0.0,0.0
2021-06-08,0.002024172892398,0.0,0.0,0.0,0.0092327786159831,0.0,0.0,0.0,0.0
2021-06-08,0.0,0.0,0.0,0.0,0.0092327786159831,0.0,0.0,0.0,0.0
2021-06-08,0.0486647754335688,0.0,0.0,0.0,0.0092327786159831,0.0,0.0,0.0,0.0
2021-06-08,0.0,0.0,0.0,0.0,0.0092327786159831,0.0,0.0,0.0,0.0
2021-06-08,0.0,0.0,0.0,0.0,0.0092327786159831,0.0,0.0,0.0,0.0
2021-06-08,0.0006280468300395,0.0,0.0,0.0,0.0092327786159831,0.0,0.0,0.0,0.0
2021-06-09,0.0,0.0,0.0,0.0,0.0092327786159831,0.0,0.0,0.0,0.0
2021-06-09,0.0,0.0,0.0,0.0,0.0092327786159831,0.0,0.0,0.0,0.0
2021-06-09,0.0,0.0,0.0,0.0,0.0092327786159831,0.0,0.0,0.0,0.0
2021-06-09,0.0,0.0,0.0,0.0,0.0092327786159831,0.0,0.0,0.0,0.0
2021-06-09,0.0,0.0,0.0,0.0,0.0092327786159831,0.0,0.0,0.0,0.0
2021-06-09,0.0,0.0,0.0,0.0,0.0092327786159831,0.0,0.0,0.0,0.0
2021-06-09,0.0,0.0,0.0,0.0,0.0092327786159831,0.0,0.0,0.0,0.0
2021-06-09,8.338279666891442e-06,0.0,0.0,0.0,0.0092327786159831,0.0,0.0,0.0,0.0
2021-06-09,0.0,0.0,0.0,0.0,0.0092327786159831,0.0,0.0,0.0,0.0
2021-06-09,0.0,0.0,0.0,0.0,0.0092327786159831,0.0,0.0,0.0,0.0
2021-06-09,0.0,0.0,0.0,0.0,0.0092327786159831,0.0,0.0,0.0,0.0
2021-06-09,0.0,0.0,0.0,0.0,0.0092327786159831,0.0,0.0,0.0,0.0
2021-06-10,0.0007572009357733,0.0,0.0,0.0123148393947438,0.0333280789064787,0.0,0.0123148393947438,0.007265755242898847,0.005049084151844952
2021-06-10,0.1301040594408837,0.0,0.0,0.0123148393947438,0.0333280789064787,0.0123148393947438,0.0,0.0,0.0
2021-06-10,0.1291977938426813,0.0,0.0,0.0123148393947438,0.0333280789064787,0.0123148393947438,0.0,0.0,0.0
2021-06-10,0.0026910045806136,0.0,0.0,0.0123148393947438,0.0333280789064787,0.0123148393947438,0.0,0.0004051499867268388,0.0004051499867268388
2021-06-10,0.0051948099737187,0.0,0.0,0.0123148393947438,0.0333280789064787,0.0123148393947438,0.0,0.0,0.0
2021-06-10,0.0808158453916734,0.0,0.0,0.0123148393947438,0.0333280789064787,0.0123148393947438,0.0,0.0,0.0
2021-06-10,0.0106627653178002,0.0,0.0,0.0123148393947438,0.0333280789064787,0.0123148393947438,0.0,0.0,0.0
2021-06-10,0.0262496715154729,0.0,0.0,0.0123148393947438,0.0333280789064787,0.0123148393947438,0.0,0.0,0.0
2021-06-10,0.06132268489266,0.0,0.0,0.0123148393947438,0.0333280789064787,0.0123148393947438,0.0,0.00016774621714892469,0.00016774621714892469
2021-06-10,0.1194350978324138,0.0,0.0,0.0123148393947438,0.0333280789064787,0.0123148393947438,0.0,0.0,0.0
2021-06-10,0.0061524148195899,0.0,0.0,0.0123148393947438,0.0333280789064787,0.0123148393947438,0.0,0.0,0.0
2021-06-10,0.0126237909100212,0.0,0.0,0.0123148393947438,0.0333280789064787,0.0123148393947438,0.0,0.002078816033979295,0.002078816033979295
2021-06-11,0.023927815767663,0.0,0.0,0.0123148393947438,0.0333280789064787,0.0123148393947438,0.0,0.00026733474913724354,0.00026733474913724354
2021-06-11,0.0570058633229377,0.0,0.0,0.0123148393947438,0.0333280789064787,0.0123148393947438,0.0,0.0,0.0
2021-06-11,0.0177886612757295,0.0,0.0,0.0123148393947438,0.0333280789064787,0.0123148393947438,0.0,0.0,0.0
2021-06-11,0.0455932104128906,0.0,0.0,0.0123148393947438,0.0333280789064787,0.0123148393947438,0.0,0.0,0.0
2021-06-11,0.012161475583815,0.0,0.0,0.0123148393947438,0.0333280789064787,0.0123148393947438,0.0,0.0,0.0
2021-06-11,0.2287884112546906,0.0,0.0,0.0123148393947438,0.0333280789064787,0.0123148393947438,0.0,0.0,0.0
2021-06-11,0.0288596039546501,0.0,0.0,0.0123148393947438,0.0333280789064787,0.0123148393947438,0.0,0.0,0.0
2021-06-11,0.0093602145312344,0.0,0.0,0.0123148393947438,0.0333280789064787,0.0123148393947438,0.0,0.0,0.0
2021-06-11,0.0049362221265163,0.0,0.0,0.0123148393947438,0.0333280789064787,0.0123148393947438,0.0,0.0,0.0
2021-06-11,0.0435865680914698,0.0,0.0,0.0123148393947438,0.0333280789064787,0.0123148393947438,0.0,0.0,0.0
2021-06-11,0.0021073485305757,0.0,0.0,0.0123148393947438,0.0333280789064787,0.0123148393947438,0.0,0.0,0.0
2021-06-11,0.1513242066278663,0.0,0.0,0.0123148393947438,0.0333280789064787,0.0123148393947438,0.0,0.0,0.0
2021-06-12,0.1578787048986079,0.0,0.0,0.0123148393947438,0.0333280789064787,0.0123148393947438,0.0,0.0,0.0
2021-06-12,0.0221541206475504,0.0,0.0,0.0123148393947438,0.0333280789064787,0.0123148393947438,0.0,0.0,0.0
2021-06-12,0.0359816107046462,0.0,0.0,0.0123148393947438,0.0333280789064787,0.0123148393947438,0.0,0.0,0.0
2021-06-12,0.4318170753372543,0.0,0.0,0.0123148393947438,0.0333280789064787,0.0123148393947438,0.0,0.0,0.0
2021-06-12,0.0488753684261427,0.0,0.0,0.0123148393947438,0.0333280789064787,0.0123148393947438,0.0,0.0,0.0
2021-06-12,0.0978347356361116,0.0,0.0,0.0123148393947438,0.0333280789064787,0.0123148393947438,0.0,0.006479320414122648,0.006479320414122648
2021-06-12,0.1395622979957135,0.0,0.0,0.0123148393947438,0.0333280789064787,0.0123148393947438,0.0,0.0,0.0
2021-06-12,0.0588205719834099,0.0,0.0,0.0123148393947438,0.0333280789064787,0.0123148393947438,0.0,0.0,0.0
2021-06-12,0.1289992921756325,0.0,0.0,0.0123148393947438,0.0333280789064787,0.0123148393947438,0.0,0.0,0.0
2021-06-12,0.0312518041660027,0.0,0.0,0.0123148393947438,0.0333280789064787,0.0123148393947438,0.0,0.0,0.0
2021-06-12,0.1561380454725651,0.0,0.0,0.0123148393947438,0.0333280789064787,0.0123148393947438,0.0,0.0,0.0
2021-06-12,0.0997273389619877,0.0,0.0,0.0123148393947438,0.0333280789064787,0.0123148393947438,0.0,0.0,0.0
2021-06-13,0.127528338704072,0.0,0.0,0.0123148393947438,0.0333280789064787,0.0123148393947438,0.0,0.0,0.0
2021-06-13,0.0795140505211942,0.0,0.0,0.0123148393947438,0.0333280789064787,0.0123148393947438,0.0,0.0,0.0
2021-06-13,0.0266569691448297,0.0,0.0,0.0123148393947438,0.0333280789064787,0.0123148393947438,0.0,0.0,0.0
2021-06-13,0.0409110510213584,0.0,0.0,0.0123148393947438,0.0333280789064787,0.0123148393947438,0.0,0.0,0.0
2021-06-13,0.0476158981557731,0.0,0.0,0.0123148393947438,0.0333280789064787,0.0123148393947438,0.0,0.0,0.0
2021-06-13,0.0416206940113579,0.0,0.0,0.0123148393947438,0.0333280789064787,0.0123148393947438,0.0,0.0,0.0
2021-06-13,0.1132199034761193,0.0,0.0,0.0123148393947438,0.0333280789064787,0.0123148393947438,0.0,0.0,0.0
2021-06-13,0.0183353555604185,0.0,0.0,0.0123148393947438,0.0333280789064787,0.0123148393947438,0.0,0.0,0.0
2021-06-13,0.0700298419011708,0.0,0.0,0.0123148393947438,0.0333280789064787,0.0123148393947438,0.0,0.0,0.0
2021-06-13,0.0318392091340925,0.0,0.0,0.0123148393947438,0.0333280789064787,0.0123148393947438,0.0,0.0,0.0
2021-06-13,0.0407154108865717,0.0,0.0,0.0123148393947438,0.0333280789064787,0.0123148393947438,0.0,0.0,0.0
2021-06-13,0.1807286511305072,0.0,0.0,0.0123148393947438,0.0333280789064787,0.0123148393947438,0.0,0.0,0.0
2021-06-14,0.0014602057469665,0.0,0.0,0.0123148393947438,0.0333280789064787,0.0123148393947438,0.0,0.001875205734005841,0.001875205734005841
2021-06-14,0.03452990774801,0.0,0.0,0.0123148393947438,0.0333280789064787,0.0123148393947438,0.0,0.0,0.0
2021-06-14,0.0181579194953986,0.0,0.0,0.0123148393947438,0.0333280789064787,0.0123148393947438,0.0,0.0,0.0
2021-06-14,0.0260248442736043,0.0,0.0,0.0123148393947438,0.0333280789064787,0.0123148393947438,0.0,0.0,0.0
2021-06-14,0.0255300542184943,0.0,0.0,0.0123148393947438,0.0333280789064787,0.0123148393947438,0.0,0.0,0.0
2021-06-14,0.0229307842915522,0.0,0.0,0.0123148393947438,0.0333280789064787,0.0123148393947438,0.0,0.0,0.0
2021-06-14,0.0049119836945508,0.0,0.0,0.0123148393947438,0.0333280789064787,0.0123148393947438,0.0,0.0,0.0
2021-06-14,0.0158684131522228,0.0,0.0,0.0123148393947438,0.0333280789064787,0.0123148393947438,0.0,0.0,0.0
2021-06-14,0.038498578875906,0.0,0.0,0.0123148393947438,0.0333280789064787,0.0123148393947438,0.0,0.0,0.0
2021-06-14,0.0,0.0,0.0,0.0123148393947438,0.0333280789064787,0.0123148393947438,0.0,0.0,0.0
2021-06-14,0.0004590532208905,0.0,0.0,0.0123148393947438,0.0333280789064787,0.0123148393947438,0.0,0.0,0.0
2021-06-14,0.0082666250968812,0.0,0.0,0.0123148393947438,0.0333280789064787,0.0123148393947438,0.0,0.0,0.0
2021-06-15,0.0014861188650933,0.0,0.0,0.0123148393947438,0.0333280789064787,0.0123148393947438,0.0,0.00017624104061587448,0.00017624104061587448
2021-06-15,0.0087232102598471,0.0,0.0,0.0123148393947438,0.0333280789064787,0.0123148393947438,0.0,0.0,0.0
2021-06-15,0.0739014964400836,0.0,0.0,0.0123148393947438,0.0333280789064787,0.0123148393947438,0.0,0.0,0.0
2021-06-15,0.0691880951269274,0.0,0.0,0.0123148393947438,0.0333280789064787,0.0123148393947438,0.0,0.0,0.0
2021-06-15,0.0007357899770408,0.0,0.0,0.0123148393947438,0.0333280789064787,0.0123148393947438,0.0,0.0011699097425006606,0.0011699097425006606
2021-06-15,0.0006059252130062,0.0,0.0,0.0123148393947438,0.0333280789064787,0.0123148393947438,0.0,0.0,0.0
2021-06-15,0.0014809420222477,0.0,0.0,0.0123148393947438,0.0333280789064787,0.0123148393947438,0.0,0.00017624104061587448,0.00017624104061587448
2021-06-15,0.0013696761350619,0.0,0.0,0.0123148393947438,0.0333280789064787,0.0123148393947438,0.0,0.000184722590921157,0.000184722590921157
2021-06-15,0.000964914468819,0.0,0.0,0.0123148393947438,0.0333280789064787,0.0123148393947438,0.0,0.000554167772763471,0.000554167772763471
2021-06-15,0.0045539933493378,0.0,0.0,0.0123148393947438,0.0333280789064787,0.0123148393947438,0.0,0.0,0.0
2021-06-15,0.0004735846444689,0.0,0.0,0.0123148393947438,0.0333280789064787,0.0123148393947438,0.0,0.0,0.0
2021-06-15,0.0010651861476982,0.0,0.0,0.0123148393947438,0.0333280789064787,0.0123148393947438,0.0,0.000246296787894876,0.000246296787894876
2021-06-16,0.0275460420228149,0.0,0.0,0.0123148393947438,0.0333280789064787,0.0123148393947438,0.0,0.0,0.0
2021-06-16,0.0457710527151287,0.0,0.0,0.0123148393947438,0.0333280789064787,0.0123148393947438,0.0,0.0,0.0
2021-06-16,0.0256423554723982,0.0,0.0,0.0123148393947438,0.0333280789064787,0.0123148393947438,0.0,0.0,0.0
2021-06-16,0.0122339484312537,0.0,0.0,0.0123148393947438,0.0333280789064787,0.0123148393947438,0.0,0.0,0.0
2021-06-16,0.0076906734861283,0.0,0.0,0.0123148393947438,0.0333280789064787,0.0123148393947438,0.0,0.0,0.0
2021-06-16,0.0650166715893069,0.0,0.0,0.0123148393947438,0.0333280789064787,0.0123148393947438,0.0,0.0,0.0
2021-06-16,0.1633716419111575,0.0,0.0,0.0123148393947438,0.0333280789064787,0.0123148393947438,0.0,0.0,0.0
2021-06-16,0.0343992325734423,0.0,0.0,0.0123148393947438,0.0333280789064787,0.0123148393947438,0.0,0.0,0.0
2021-06-16,0.1368654352158247,0.0,0.0,0.0123148393947438,0.0333280789064787,0.0123148393947438,0.0,0.0,0.0
2021-06-16,0.1223490681345989,0.0,0.0,0.0123148393947438,0.0333280789064787,0.0123148393947438,0.0,0.0,0.0
2021-06-16,0.0443288990032358,0.0,0.0,0.0123148393947438,0.0333280789064787,0.0123148393947438,0.0,0.0,0.0
2021-06-16,0.0729629182080413,0.0,0.0,0.0123148393947438,0.0333280789064787,0.0123148393947438,0.0,0.0,0.0
2021-06-17,0.0768069671912482,0.0,0.0,0.0560127422352003,0.1197784133132167,0.0123148393947438,0.0436979028404565,0.02884061587470129,0.01485728696575521
2021-06-17,0.0657050777195945,0.0,0.0,0.0560127422352003,0.1197784133132167,0.0560127422352003,0.0,0.0,0.0
2021-06-17,0.1779992636437916,0.0,0.0,0.0560127422352003,0.1197784133132167,0.0560127422352003,0.0,0.0,0.0
2021-06-17,0.1250495667158405,0.0,0.0,0.0560127422352003,0.1197784133132167,0.0560127422352003,0.0,0.0,0.0
2021-06-17,0.3852078155898156,0.0,0.0,0.0560127422352003,0.1197784133132167,0.0560127422352003,0.0,0.0,0.0
2021-06-17,0.1889949380619527,0.0,0.0,0.0560127422352003,0.1197784133132167,0.0560127422352003,0.0,0.0,0.0
2021-06-17,0.0813562854298124,0.0,0.0,0.0560127422352003,0.1197784133132167,0.0560127422352003,0.0,0.0,0.0
2021-06-17,0.1160209490312997,0.0,0.0,0.0560127422352003,0.1197784133132167,0.0560127422352003,0.0,0.0,0.0
2021-06-17,0.1367862786078629,0.0,0.0,0.0560127422352003,0.1197784133132167,0.0560127422352003,0.0,0.0,0.0
2021-06-17,0.100842482384485,0.0,0.0,0.0560127422352003,0.1197784133132167,0.0560127422352003,0.0,0.0,0.0
2021-06-17,0.0323508868497303,0.0,0.0,0.0560127422352003,0.1197784133132167,0.0560127422352003,0.0,0.0,0.0
2021-06-17,0.1087691541500845,0.0,0.0,0.0560127422352003,0.1197784133132167,0.0560127422352003,0.0,0.0,0.0
2021-06-18,0.0667436271613915,0.0,0.0,0.0560127422352003,0.1197784133132167,0.0560127422352003,0.0,0.0,0.0
2021-06-18,0.0499269555902246,0.0,0.0,0.0560127422352003,0.1197784133132167,0.0560127422352003,0.0,0.0,0.0
2021-06-18,0.1304720136624981,0.0,0.0,0.0560127422352003,0.1197784133132167,0.0560127422352003,0.0,0.0,0.0
2021-06-18,0.0243823581663193,0.0,0.0,0.0560127422352003,0.1197784133132167,0.0560127422352003,0.0,0.0,0.0
2021-06-18,0.0527559933821529,0.0,0.0,0.0560127422352003,0.1197784133132167,0.0560127422352003,0.0,0.0,0.0
2021-06-18,0.1895832363391418,0.0,0.0,0.0560127422352003,0.1197784133132167,0.0560127422352003,0.0,0.0003620387576320705,0.0003620387576320705
2021-06-18,0.0036392260158945,0.0,0.0,0.0560127422352003,0.1197784133132167,0.0560127422352003,0.0,3.1921953809397466e-05,3.1921953809397466e-05
2021-06-18,0.0803298611134249,0.0,0.0,0.0560127422352003,0.1197784133132167,0.0560127422352003,0.0,0.0,0.0
2021-06-18,0.1402512998443339,0.0,0.0,0.0560127422352003,0.1197784133132167,0.0560127422352003,0.0,0.0,0.0
2021-06-18,0.0715445381056637,0.0,0.0,0.0560127422352003,0.1197784133132167,0.0560127422352003,0.0,3.981948500132448e-06,3.981948500132448e-06
2021-06-18,0.0004166701743764,0.0,0.0,0.0560127422352003,0.1197784133132167,0.0560127422352003,0.0,0.0,0.0
2021-06-18,0.0068647844940109,0.0,0.0,0.0560127422352003,0.1197784133132167,0.0560127422352003,0.0,0.0,0.0
2021-06-19,0.0107787476030773,0.0,0.0,0.0560127422352003,0.1197784133132167,0.0560127422352003,0.0,0.0,0.0
2021-06-19,0.0127856926796499,0.0,0.0,0.0560127422352003,0.1197784133132167,0.0560127422352003,0.0,0.0,0.0
2021-06-19,0.0654341645483801,0.0,0.0,0.0560127422352003,0.1197784133132167,0.0560127422352003,0.0,0.0,0.0
2021-06-19,0.0782617300184598,0.0,0.0,0.0560127422352003,0.1197784133132167,0.0560127422352003,0.0,0.000436979028404565,0.000436979028404565
2021-06-19,0.0252759047255377,0.0,0.0,0.0560127422352003,0.1197784133132167,0.0560127422352003,0.0,0.0,0.0
2021-06-19,0.0419656219322347,0.0,0.0,0.0560127422352003,0.1197784133132167,0.0560127422352003,0.0,0.0,0.0
2021-06-19,0.0003304930564968,0.0,0.0,0.0560127422352003,0.1197784133132167,0.0560127422352003,0.0,0.0,0.0
2021-06-19,0.0249506772504655,0.0,0.0,0.0560127422352003,0.1197784133132167,0.0560127422352003,0.0,0.0,0.0
2021-06-19,0.008353033297869,0.0,0.0,0.0560127422352003,0.1197784133132167,0.0560127422352003,0.0,0.0,0.0
2021-06-19,0.0417128211583188,0.0,0.0,0.0560127422352003,0.1197784133132167,0.0560127422352003,0.0,0.0,0.0
2021-06-19,0.002854733422793,0.0,0.0,0.0560127422352003,0.1197784133132167,0.0560127422352003,0.0,0.0,0.0
2021-06-19,0.0425165769644392,0.0,0.0,0.0560127422352003,0.1197784133132167,0.0560127422352003,0.0,0.0,0.0
2021-06-20,0.0532085913434357,0.0,0.0,0.0560127422352003,0.1197784133132167,0.0560127422352003,0.0,0.0,0.0
2021-06-20,0.0046915375359302,0.0,0.0,0.0560127422352003,0.1197784133132167,0.0560127422352003,0.0,0.0,0.0
2021-06-20,0.0248282425006423,0.0,0.0,0.0560127422352003,0.1197784133132167,0.0560127422352003,0.0,3.451022033454376e-07,3.451022033454376e-07
2021-06-20,0.0964851963096538,0.0,0.0,0.0560127422352003,0.1197784133132167,0.0560127422352003,0.0,0.0,0.0
2021-06-20,0.0078357514559087,0.0,0.0,0.0560127422352003,0.1197784133132167,0.0560127422352003,0.0,0.0,0.0
2021-06-20,0.0213900986045171,0.0,0.0,0.0560127422352003,0.1197784133132167,0.0560127422352003,0.0,0.0,0.0
2021-06-20,0.0181606138977838,0.0,0.0,0.0560127422352003,0.1197784133132167,0.0560127422352003,0.0,0.0,0.0
2021-06-20,0.0061370099855297,0.0,0.0,0.0560127422352003,0.1197784133132167,0.0560127422352003,0.0,0.0,0.0
2021-06-20,0.0042929488650916,0.0,0.0,0.0560127422352003,0.1197784133132167,0.0560127422352003,0.0,0.0,0.0
2021-06-20,0.0065627704962535,0.0,0.0,0.0560127422352003,0.1197784133132167,0.0560127422352003,0.0,0.0,0.0
2021-06-20,0.0644872010944439,0.0,0.0,0.0560127422352003,0.1197784133132167,0.0560127422352003,0.0,0.0,0.0
2021-06-20,0.0100759630279317,0.0,0.0,0.0560127422352003,0.1197784133132167,0.0560127422352003,0.0,0.0,0.0
2021-06-21,0.0013163470904267,0.0,0.0,0.0560127422352003,0.1197784133132167,0.0560127422352003,0.0,0.0,0.0
2021-06-21,0.0099198624920011,0.0,0.0,0.0560127422352003,0.1197784133132167,0.0560127422352003,0.0,0.0,0.0
2021-06-21,0.0057817915269931,0.0,0.0,0.0560127422352003,0.1197784133132167,0.0560127422352003,0.0,0.0,0.0
2021-06-21,0.0021640260220163,0.0,0.0,0.0560127422352003,0.1197784133132167,0.0560127422352003,0.0,0.0,0.0
2021-06-21,0.0066119591291058,0.0,0.0,0.0560127422352003,0.1197784133132167,0.0560127422352003,0.0,0.0,0.0
2021-06-21,0.0186418338083901,0.0,0.0,0.0560127422352003,0.1197784133132167,0.0560127422352003,0.0,0.0,0.0
2021-06-21,0.0094561731153514,0.0,0.0,0.0560127422352003,0.1197784133132167,0.0560127422352003,0.0,0.0,0.0
2021-06-21,0.0109994017253889,0.0,0.0,0.0560127422352003,0.1197784133132167,0.0560127422352003,0.0,0.0,0.0
2021-06-21,0.0047667146702766,0.0,0.0,0.0560127422352003,0.1197784133132167,0.0560127422352003,0.0,0.0,0.0
2021-06-21,0.0015220806647528,0.0,0.0,0.0560127422352003,0.1197784133132167,0.0560127422352003,0.0,0.00015927794000530942,0.00015927794000530942
2021-06-21,0.0032041620407471,0.0,0.0,0.0560127422352003,0.1197784133132167,0.0560127422352003,0.0,0.0,0.0
2021-06-21,0.0060971427721327,0.0,0.0,0.0560127422352003,0.1197784133132167,0.0560127422352003,0.0,0.0,0.0
2021-06-22,0.0,0.0,0.0,0.0560127422352003,0.1197784133132167,0.0560127422352003,0.0,0.0,0.0
2021-06-22,0.0,0.0,0.0,0.0560127422352003,0.1197784133132167,0.0560127422352003,0.0,0.0,0.0
2021-06-22,0.0,0.0,0.0,0.0560127422352003,0.1197784133132167,0.0560127422352003,0.0,0.0,0.0
2021-06-22,4.27312260449336e-05,0.0,0.0,0.0560127422352003,0.1197784133132167,0.0560127422352003,0.0,0.0,0.0
2021-06-22,0.0,0.0,0.0,0.0560127422352003,0.1197784133132167,0.0560127422352003,0.0,0.0,0.0
2021-06-22,0.0005322986807442,0.0,0.0,0.0560127422352003,0.1197784133132167,0.0560127422352003,0.0,0.0,0.0
2021-06-22,0.0,0.0,0.0,0.0560127422352003,0.1197784133132167,0.0560127422352003,0.0,0.0,0.0
2021-06-22,0.0002613893319154,0.0,0.0,0.0560127422352003,0.1197784133132167,0.0560127422352003,0.0,0.0,0.0
2021-06-22,0.0,0.0,0.0,0.0560127422352003,0.1197784133132167,0.0560127422352003,0.0,0.0,0.0
2021-06-22,0.0105405069252594,0.0,0.0,0.0560127422352003,0.1197784133132167,0.0560127422352003,0.0,0.0,0.0
2021-06-22,0.0001322587620813,0.0,0.0,0.0560127422352003,0.1197784133132167,0.0560127422352003,0.0,0.0,0.0
2021-06-22,0.0,0.0,0.0,0.0560127422352003,0.1197784133132167,0.0560127422352003,0.0,0.0,0.0
2021-06-23,0.0,0.0,0.0,0.0560127422352003,0.1197784133132167,0.0560127422352003,0.0,0.0,0.0
2021-06-23,0.0,0.0,0.0,0.0560127422352003,0.1197784133132167,0.0560127422352003,0.0,0.0,0.0
2021-06-23,4.408293450580504e-06,0.0,0.0,0.0560127422352003,0.1197784133132167,0.0560127422352003,0.0,0.0,0.0
2021-06-23,0.0,0.0,0.0,0.0560127422352003,0.1197784133132167,0.0560127422352003,0.0,0.0,0.0
2021-06-23,0.0,0.0,0.0,0.0560127422352003,0.1197784133132167,0.0560127422352003,0.0,0.0,0.0
2021-06-23,0.0,0.0,0.0,0.0560127422352003,0.1197784133132167,0.0560127422352003,0.0,0.0,0.0
2021-06-23,0.0,0.0,0.0,0.0560127422352003,0.1197784133132167,0.0560127422352003,0.0,0.0,0.0
2021-06-23,0.0001806698587677,0.0,0.0,0.0560127422352003,0.1197784133132167,0.0560127422352003,0.0,0.0,0.0
2021-06-23,0.002177738779449,0.0,0.0,0.0560127422352003,0.1197784133132167,0.0560127422352003,0.0,0.0,0.0
2021-06-23,0.0003486006781271,0.0,0.0,0.0560127422352003,0.1197784133132167,0.0560127422352003,0.0,0.0,0.0
2021-06-23,0.0,0.0,0.0,0.0560127422352003,0.1197784133132167,0.0560127422352003,0.0,0.0,0.0
2021-06-23,0.0,0.0,0.0,0.0560127422352003,0.1197784133132167,0.0560127422352003,0.0,0.0,0.0
2021-06-24,0.0014584890700947,0.0,0.0,0.0666312715688876,0.1391672484067818,0.0560127422352003,0.010618529333687295,0.0066365808335545765,0.003981948500132718
2021-06-24,0.0,0.0,0.0,0.0666312715688876,0.1391672484067818,0.0666312715688876,0.0,0.0,0.0
2021-06-24,0.0083287206857083,0.0,0.0,0.0666312715688876,0.1391672484067818,0.0666312715688876,0.0,0.0,0.0
2021-06-24,0.0058845439248709,0.0,0.0,0.0666312715688876,0.1391672484067818,0.0666312715688876,0.0,0.0,0.0
2021-06-24,0.0465957808866859,0.0,0.0,0.0666312715688876,0.1391672484067818,0.0666312715688876,0.0,0.0,0.0
2021-06-24,0.0003332456461417,0.0,0.0,0.0666312715688876,0.1391672484067818,0.0666312715688876,0.0,0.0,0.0
2021-06-24,0.0200708858077462,0.0,0.0,0.0666312715688876,0.1391672484067818,0.0666312715688876,0.0,0.0,0.0
2021-06-24,0.0066067870619285,0.0,0.0,0.0666312715688876,0.1391672484067818,0.0666312715688876,0.0,0.0,0.0
2021-06-24,0.0019636257306901,0.0,0.0,0.0666312715688876,0.1391672484067818,0.0666312715688876,0.0,5.309264666843647e-05,5.309264666843647e-05
2021-06-24,0.0005250531683656,0.0,0.0,0.0666312715688876,0.1391672484067818,0.0666312715688876,0.0,5.309264666843647e-05,5.309264666843647e-05
2021-06-24,0.0079821305824062,0.0,0.0,0.0666312715688876,0.1391672484067818,0.0666312715688876,0.0,0.0,0.0
2021-06-24,0.0067830463597287,0.0,0.0,0.0666312715688876,0.1391672484067818,0.0666312715688876,0.0,0.0,0.0
2021-06-25,0.0250246345810473,0.0,0.0,0.0666312715688876,0.1391672484067818,0.0666312715688876,0.0,0.0,0.0
2021-06-25,0.0075189422899665,0.0,0.0,0.0666312715688876,0.1391672484067818,0.0666312715688876,0.0,0.0,0.0
2021-06-25,0.0024548039831057,0.0,0.0,0.0666312715688876,0.1391672484067818,0.0666312715688876,0.0,5.309264666843647e-05,5.309264666843647e-05
2021-06-25,0.0037425031449441,0.0,0.0,0.0666312715688876,0.1391672484067818,0.0666312715688876,0.0,0.0,0.0
2021-06-25,0.0905057606534754,0.0,0.0,0.0666312715688876,0.1391672484067818,0.0666312715688876,0.0,0.0,0.0
2021-06-25,0.0018605888936438,0.0,0.0,0.0666312715688876,0.1391672484067818,0.0666312715688876,0.0,0.00010618529333687294,0.00010618529333687294
2021-06-25,0.0457845351946533,0.0,0.0,0.0666312715688876,0.1391672484067818,0.0666312715688876,0.0,0.0,0.0
2021-06-25,0.0047004396128453,0.0,0.0,0.0666312715688876,0.1391672484067818,0.0666312715688876,0.0,0.0,0.0
2021-06-25,0.0038515384063605,0.0,0.0,0.0666312715688876,0.1391672484067818,0.0666312715688876,0.0,0.0,0.0
2021-06-25,0.0157808359583589,0.0,0.0,0.0666312715688876,0.1391672484067818,0.0666312715688876,0.0,0.0,0.0
2021-06-25,0.0475368217253572,0.0,0.0,0.0666312715688876,0.1391672484067818,0.0666312715688876,0.0,0.0,0.0
2021-06-25,0.1038245547333557,0.0,0.0,0.0666312715688876,0.1391672484067818,0.0666312715688876,0.0,0.0,0.0
2021-06-26,0.0078235726042319,0.0,0.0,0.0666312715688876,0.1391672484067818,0.0666312715688876,0.0,0.0,0.0
2021-06-26,0.1091046214259695,0.0,0.0,0.0666312715688876,0.1391672484067818,0.0666312715688876,0.0,0.0,0.0
2021-06-26,0.010509861203237,0.0,0.0,0.0666312715688876,0.1391672484067818,0.0666312715688876,0.0,0.0,0.0
2021-06-26,0.0662329124185246,0.0,0.0,0.0666312715688876,0.1391672484067818,0.0666312715688876,0.0,0.0,0.0
2021-06-26,0.0037883936050796,0.0,0.0,0.0666312715688876,0.1391672484067818,0.0666312715688876,0.0,0.0,0.0
2021-06-26,0.0508649388998788,0.0,0.0,0.0666312715688876,0.1391672484067818,0.0666312715688876,0.0,0.0,0.0
2021-06-26,0.0043572223807447,0.0,0.0,0.0666312715688876,0.1391672484067818,0.0666312715688876,0.0,0.0,0.0
2021-06-26,0.0794149456232052,0.0,0.0,0.0666312715688876,0.1391672484067818,0.0666312715688876,0.0,0.0,0.0
2021-06-26,0.0273217734138091,0.0,0.0,0.0666312715688876,0.1391672484067818,0.0666312715688876,0.0,0.0,0.0
2021-06-26,0.0075985634519785,0.0,0.0,0.0666312715688876,0.1391672484067818,0.0666312715688876,0.0,0.0,0.0
2021-06-26,0.0204412235598091,0.0,0.0,0.0666312715688876,0.1391672484067818,0.0666312715688876,0.0,0.0,0.0
2021-06-26,0.0335730345789327,0.0,0.0,0.0666312715688876,0.1391672484067818,0.0666312715688876,0.0,0.0,0.0
2021-06-27,1.474768915781306e-05,0.0,0.0,0.0666312715688876,0.1391672484067818,0.0666312715688876,0.0,0.0,0.0
2021-06-27,0.0,0.0,0.0,0.0666312715688876,0.1391672484067818,0.0666312715688876,0.0,0.0,0.0
2021-06-27,0.0001274323847938,0.0,0.0,0.0666312715688876,0.1391672484067818,0.0666312715688876,0.0,0.0,0.0
2021-06-27,0.0003078915681053,0.0,0.0,0.0666312715688876,0.1391672484067818,0.0666312715688876,0.0,0.0,0.0
2021-06-27,0.0,0.0,0.0,0.0666312715688876,0.1391672484067818,0.0666312715688876,0.0,0.0,0.0
2021-06-27,0.0059702994512039,0.0,0.0,0.0666312715688876,0.1391672484067818,0.0666312715688876,0.0,0.0,0.0
2021-06-27,0.0002334188725848,0.0,0.0,0.0666312715688876,0.1391672484067818,0.0666312715688876,0.0,0.0004067294929652166,0.0004067294929652166
2021-06-27,0.0011745747807964,0.0,0.0,0.0666312715688876,0.1391672484067818,0.0666312715688876,0.0,0.00021237058667374588,0.00021237058667374588
2021-06-27,0.0,0.0,0.0,0.0666312715688876,0.1391672484067818,0.0666312715688876,0.0,0.0,0.0
2021-06-27,0.0009242103195689,0.0,0.0,0.0666312715688876,0.1391672484067818,0.0666312715688876,0.0,0.00015927794000530942,0.00015927794000530942
2021-06-27,0.000121244590371,0.0,0.0,0.0666312715688876,0.1391672484067818,0.0666312715688876,0.0,0.0,0.0
2021-06-27,0.0015380586900598,0.0,0.0,0.0666312715688876,0.1391672484067818,0.0666312715688876,0.0,0.0007963897000265468,0.0007963897000265468
2021-06-28,0.0,0.0,0.0,0.0666312715688876,0.1391672484067818,0.0666312715688876,0.0,0.0,0.0
2021-06-28,0.0,0.0,0.0,0.0666312715688876,0.1391672484067818,0.0666312715688876,0.0,0.0,0.0
2021-06-28,0.0,0.0,0.0,0.0666312715688876,0.1391672484067818,0.0666312715688876,0.0,0.0,0.0
2021-06-28,0.0,0.0,0.0,0.0666312715688876,0.1391672484067818,0.0666312715688876,0.0,0.0,0.0
2021-06-28,0.0,0.0,0.0,0.0666312715688876,0.1391672484067818,0.0666312715688876,0.0,0.0,0.0
2021-06-28,0.0,0.0,0.0,0.0666312715688876,0.1391672484067818,0.0666312715688876,0.0,0.0,0.0
2021-06-28,0.0,0.0,0.0,0.0666312715688876,0.1391672484067818,0.0666312715688876,0.0,0.0,0.0
2021-06-28,0.0,0.0,0.0,0.0666312715688876,0.1391672484067818,0.0666312715688876,0.0,0.0,0.0
2021-06-28,0.0,0.0,0.0,0.0666312715688876,0.1391672484067818,0.0666312715688876,0.0,0.0,0.0
2021-06-28,0.0,0.0,0.0,0.0666312715688876,0.1391672484067818,0.0666312715688876,0.0,0.0,0.0
2021-06-28,2.070051330066539e-05,0.0,0.0,0.0666312715688876,0.1391672484067818,0.0666312715688876,0.0,0.0,0.0
2021-06-28,0.0,0.0,0.0,0.0666312715688876,0.1391672484067818,0.0666312715688876,0.0,0.0,0.0
2021-06-29,0.0,0.0,0.0,0.0666312715688876,0.1391672484067818,0.0666312715688876,0.0,0.0,0.0
2021-06-29,0.0,0.0,0.0,0.0666312715688876,0.1391672484067818,0.0666312715688876,0.0,0.0,0.0
2021-06-29,0.0,0.0,0.0,0.0666312715688876,0.1391672484067818,0.0666312715688876,0.0,0.0,0.0
2021-06-29,0.0,0.0,0.0,0.0666312715688876,0.1391672484067818,0.0666312715688876,0.0,0.0,0.0
2021-06-29,0.0178832107970913,0.0,0.0,0.0666312715688876,0.1391672484067818,0.0666312715688876,0.0,0.0,0.0
2021-06-29,0.0,0.0,0.0,0.0666312715688876,0.1391672484067818,0.0666312715688876,0.0,0.0,0.0
2021-06-29,0.0,0.0,0.0,0.0666312715688876,0.1391672484067818,0.0666312715688876,0.0,0.0,0.0
2021-06-29,0.0,0.0,0.0,0.0666312715688876,0.1391672484067818,0.0666312715688876,0.0,0.0,0.0
2021-06-29,0.0,0.0,0.0,0.0666312715688876,0.1391672484067818,0.0666312715688876,0.0,0.0,0.0
2021-06-29,0.0,0.0,0.0,0.0666312715688876,0.1391672484067818,0.0666312715688876,0.0,0.0,0.0
2021-06-29,0.0,0.0,0.0,0.0666312715688876,0.1391672484067818,0.0666312715688876,0.0,0.0,0.0
2021-06-29,0.0,0.0,0.0,0.0666312715688876,0.1391672484067818,0.0666312715688876,0.0,0.0,0.0
2021-06-30,0.0,0.0,0.0,0.0666312715688876,0.1391672484067818,0.0666312715688876,0.0,0.0,0.0
2021-06-30,0.0,0.0,0.0,0.0666312715688876,0.1391672484067818,0.0666312715688876,0.0,0.0,0.0
2021-06-30,0.0,0.0,0.0,0.0666312715688876,0.1391672484067818,0.0666312715688876,0.0,0.0,0.0
2021-06-30,0.0,0.0,0.0,0.0666312715688876,0.1391672484067818,0.0666312715688876,0.0,0.0,0.0
2021-06-30,0.0,0.0,0.0,0.0666312715688876,0.1391672484067818,0.0666312715688876,0.0,0.0,0.0
2021-06-30,0.0,0.0,0.0,0.0666312715688876,0.1391672484067818,0.0666312715688876,0.0,0.0,0.0
2021-06-30,0.0,0.0,0.0,0.0666312715688876,0.1391672484067818,0.0666312715688876,0.0,0.0,0.0
2021-06-30,0.0,0.0,0.0,0.0666312715688876,0.1391672484067818,0.0666312715688876,0.0,0.0,0.0
2021-06-30,0.0,0.0,0.0,0.0666312715688876,0.1391672484067818,0.0666312715688876,0.0,0.0,0.0
2021-06-30,0.0,0.0,0.0,0.0666312715688876,0.1391672484067818,0.0666312715688876,0.0,0.0,0.0
2021-06-30,0.0,0.0,0.0,0.0666312715688876,0.1391672484067818,0.0666312715688876,0.0,0.0,0.0
2021-06-30,0.0,0.0,0.0,0.0666312715688876,0.1391672484067818,0.0666312715688876,0.0,0.0,0.0
2021-07-01,0.0,0.0,0.0,0.0708786833023626,0.1493233048843656,0.0666312715688876,0.0042474117334750094,0.0005539348506290651,0.003693476882845944
2021-07-01,0.0001101773402554,0.0,0.0,0.0708786833023626,0.1493233048843656,0.0708786833023626,0.0,0.0,0.0
2021-07-01,0.0,0.0,0.0,0.0708786833023626,0.1493233048843656,0.0708786833023626,0.0,0.0005539348506290651,0.0005539348506290651
2021-07-01,0.0,0.0,0.0,0.0708786833023626,0.1493233048843656,0.0708786833023626,0.0,0.0005539348506290651,0.0005539348506290651
2021-07-01,0.0,0.0,0.0,0.0708786833023626,0.1493233048843656,0.0708786833023626,0.0,0.0005539348506290651,0.0005539348506290651
2021-07-01,0.0058264121221445,0.0,0.0,0.0708786833023626,0.1493233048843656,0.0708786833023626,0.0,4.719346370527788e-06,4.719346370527788e-06
2021-07-01,4.695283344244809e-05,0.0,0.0,0.0708786833023626,0.1493233048843656,0.0708786833023626,0.0,0.00017603774864194692,0.00017603774864194692
2021-07-01,0.0,0.0,0.0,0.0708786833023626,0.1493233048843656,0.0708786833023626,0.0,0.0005539348506290651,0.0005539348506290651
2021-07-01,0.0,0.0,0.0,0.0708786833023626,0.1493233048843656,0.0708786833023626,0.0,0.0005539348506290651,0.0005539348506290651
2021-07-01,0.0047006633288373,0.0,0.0,0.0708786833023626,0.1493233048843656,0.0708786833023626,0.0,4.719346370527788e-06,4.719346370527788e-06
2021-07-01,0.0,0.0,0.0,0.0708786833023626,0.1493233048843656,0.0708786833023626,0.0,0.0005539348506290651,0.0005539348506290651
2021-07-01,0.0,0.0,0.0,0.0708786833023626,0.1493233048843656,0.0708786833023626,0.0,0.0005539348506290651,0.0005539348506290651
2021-07-02,0.0225235209526037,0.0,0.0,0.0755986195911866,0.1560564775823625,0.0708786833023626,0.004719936288824,0.0028791611361826362,0.0018407751526413642
2021-07-02,0.004519671075445,0.0,0.0,0.0755986195911866,0.1560564775823625,0.0755986195911866,0.0,2.3599681444120003e-05,2.3599681444120003e-05
2021-07-02,0.0004808097029198,0.0,0.0,0.0755986195911866,0.1560564775823625,0.0755986195911866,0.0,0.0,0.0
2021-07-02,0.0297625454471467,0.0,0.0,0.0755986195911866,0.1560564775823625,0.0755986195911866,0.0,0.0002359968144412,0.0002359968144412
2021-07-02,0.0065418830562653,0.0,0.0,0.0755986195911866,0.1560564775823625,0.0755986195911866,0.0,0.0,0.0
2021-07-02,0.0080052933321291,0.0,0.0,0.0755986195911866,0.1560564775823625,0.0755986195911866,0.0,2.3599681444120003e-05,2.3599681444120003e-05
2021-07-02,0.0206077690189061,0.0,0.0,0.0755986195911866,0.1560564775823625,0.0755986195911866,0.0,0.0006634722590921161,0.0006634722590921161
2021-07-02,0.0005575763388341,0.0,0.0,0.0755986195911866,0.1560564775823625,0.0755986195911866,0.0,0.0,0.0
2021-07-02,0.0122138550108909,0.0,0.0,0.0755986195911866,0.1560564775823625,0.0755986195911866,0.0,2.3599681444120003e-05,2.3599681444120003e-05
2021-07-02,0.0,0.0,0.0,0.0755986195911866,0.1560564775823625,0.0755986195911866,0.0,0.0,0.0
2021-07-02,0.0006114619061532,0.0,0.0,0.0755986195911866,0.1560564775823625,0.0755986195911866,0.0,0.0,0.0
2021-07-02,0.0307814387013665,0.0,0.0,0.0755986195911866,0.1560564775823625,0.0755986195911866,0.0,0.0,0.0
2021-07-03,0.0876028083083654,0.0,0.0,0.079981417573666,0.1641633075866408,0.0755986195911866,0.004382797982479397,0.0030679585877355893,0.001314839394743808
2021-07-03,0.0641789807919218,0.0,0.0,0.079981417573666,0.1641633075866408,0.079981417573666,0.0,4.780992832492642e-05,4.780992832492642e-05
2021-07-03,0.0455158033098919,0.0,0.0,0.079981417573666,0.1641633075866408,0.079981417573666,0.0,0.0,0.0
2021-07-03,0.015673415844589,0.0,0.0,0.079981417573666,0.1641633075866408,0.079981417573666,0.0,0.0,0.0
2021-07-03,0.1786476782359709,0.0,0.0,0.079981417573666,0.1641633075866408,0.079981417573666,0.0,6.574196973719096e-05,6.574196973719096e-05
2021-07-03,0.0369890581907692,0.0,0.0,0.079981417573666,0.1641633075866408,0.079981417573666,0.0,0.0,0.0
2021-07-03,0.1455197762863773,0.0,0.0,0.079981417573666,0.1641633075866408,0.079981417573666,0.0,6.574196973719096e-05,6.574196973719096e-05
2021-07-03,0.1428313600531451,0.0,0.0,0.079981417573666,0.1641633075866408,0.079981417573666,0.0,6.574196973719096e-05,6.574196973719096e-05
2021-07-03,0.0198686405443687,0.0,0.0,0.079981417573666,0.1641633075866408,0.079981417573666,0.0,9.439872577648001e-05,9.439872577648001e-05
2021-07-03,0.0401344755236046,0.0,0.0,0.079981417573666,0.1641633075866408,0.079981417573666,0.0,0.0,0.0
2021-07-03,0.04705522141797,0.0,0.0,0.079981417573666,0.1641633075866408,0.079981417573666,0.0,0.0,0.0
2021-07-03,0.0099946933533819,0.0,0.0,0.079981417573666,0.1641633075866408,0.079981417573666,0.0,0.0,0.0
2021-07-04,0.0002344663635768,0.0,0.0,0.0835173878417838,0.1709189992568749,0.079981417573666,0.0035359702681177912,0.002386965755242857,0.0011490045128749343
2021-07-04,0.0001591129644998,0.0,0.0,0.0835173878417838,0.1709189992568749,0.0835173878417838,0.0,5.303955402176687e-05,5.303955402176687e-05
2021-07-04,0.001006247099707,0.0,0.0,0.0835173878417838,0.1709189992568749,0.0835173878417838,0.0,0.0,0.0
2021-07-04,0.001061292497283,0.0,0.0,0.0835173878417838,0.1709189992568749,0.0835173878417838,0.0,0.0,0.0
2021-07-04,0.0001232796821439,0.0,0.0,0.0835173878417838,0.1709189992568749,0.0835173878417838,0.0,0.0,0.0
2021-07-04,0.0034055270170508,0.0,0.0,0.0835173878417838,0.1709189992568749,0.0835173878417838,0.0,6.384390761879493e-05,6.384390761879493e-05
2021-07-04,0.0,0.0,0.0,0.0835173878417838,0.1709189992568749,0.0835173878417838,0.0,0.0,0.0
2021-07-04,0.0019433651619402,0.0,0.0,0.0835173878417838,0.1709189992568749,0.0835173878417838,0.0,0.0,0.0
2021-07-04,0.0002841705001954,0.0,0.0,0.0835173878417838,0.1709189992568749,0.0835173878417838,0.0,0.0,0.0
2021-07-04,0.0030786256054862,0.0,0.0,0.0835173878417838,0.1709189992568749,0.0835173878417838,0.0,0.0,0.0
2021-07-04,0.0,0.0,0.0,0.0835173878417838,0.1709189992568749,0.0835173878417838,0.0,0.0,0.0
2021-07-04,0.0022058251320301,0.0,0.0,0.0835173878417838,0.1709189992568749,0.0835173878417838,0.0,0.0,0.0
2021-07-05,0.0133354961742307,0.0,0.0,0.0869392089195646,0.1772243114824228,0.0835173878417838,0.003421821077780801,0.0020702017520573784,0.0013516193257234227
2021-07-05,0.0664164465490851,0.0,0.0,0.0869392089195646,0.1772243114824228,0.0869392089195646,0.0,0.0,0.0
2021-07-05,0.0266105766749671,0.0,0.0,0.0869392089195646,0.1772243114824228,0.0869392089195646,0.0,0.00019469073533316005,0.00019469073533316005
2021-07-05,0.1532759988080524,0.0,0.0,0.0869392089195646,0.1772243114824228,0.0869392089195646,0.0,0.0,0.0
2021-07-05,0.0051100143289296,0.0,0.0,0.0869392089195646,0.1772243114824228,0.0869392089195646,0.0,5.132731616671202e-05,5.132731616671202e-05
2021-07-05,0.0395246483768051,0.0,0.0,0.0869392089195646,0.1772243114824228,0.0869392089195646,0.0,0.0,0.0
2021-07-05,0.0906197716706384,0.0,0.0,0.0869392089195646,0.1772243114824228,0.0869392089195646,0.0,0.0004601937881603367,0.0004601937881603367
2021-07-05,0.0493477098327543,0.0,0.0,0.0869392089195646,0.1772243114824228,0.0869392089195646,0.0,0.0,0.0
2021-07-05,0.0315481107589851,0.0,0.0,0.0869392089195646,0.1772243114824228,0.0869392089195646,0.0,1.7109105388904006e-05,1.7109105388904006e-05
2021-07-05,0.0077106152790255,0.0,0.0,0.0869392089195646,0.1772243114824228,0.0869392089195646,0.0,0.00022241837005575207,0.00022241837005575207
2021-07-05,0.1538111988738248,0.0,0.0,0.0869392089195646,0.1772243114824228,0.0869392089195646,0.0,0.0,0.0
2021-07-05,0.0482396017469586,0.0,0.0,0.0869392089195646,0.1772243114824228,0.0869392089195646,0.0,0.0,0.0
2021-07-06,0.0,0.0,0.0,0.0898486859569949,0.1826288648186089,0.0869392089195646,0.0029094770374303025,0.0011503864386211025,0.0017590905988092
2021-07-06,0.0,0.0,0.0,0.0898486859569949,0.1826288648186089,0.0898486859569949,0.0,0.0011503864386211025,0.0011503864386211025
2021-07-06,0.0310712950140232,0.0,0.0,0.0898486859569949,0.1826288648186089,0.0898486859569949,0.0,0.0,0.0
2021-07-06,0.0004669616533982,0.0,0.0,0.0898486859569949,0.1826288648186089,0.0898486859569949,0.0,0.0,0.0
2021-07-06,0.0038174442076453,0.0,0.0,0.0898486859569949,0.1826288648186089,0.0898486859569949,0.0,3.1921953809397466e-05,3.1921953809397466e-05
2021-07-06,0.0014267160219758,0.0,0.0,0.0898486859569949,0.1826288648186089,0.0898486859569949,0.0,0.00010618529333687294,0.00010618529333687294
2021-07-06,0.013765130270159,0.0,0.0,0.0898486859569949,0.1826288648186089,0.0898486859569949,0.0,0.00020530926466684807,0.00020530926466684807
2021-07-06,0.000602537357683,0.0,0.0,0.0898486859569949,0.1826288648186089,0.0898486859569949,0.0,0.0,0.0
2021-07-06,2.6083107851454717e-05,0.0,0.0,0.0898486859569949,0.1826288648186089,0.0898486859569949,0.0,0.00011492434297849693,0.00011492434297849693
2021-07-06,0.0035795504784205,0.0,0.0,0.0898486859569949,0.1826288648186089,0.0898486859569949,0.0,0.0005006636580833556,0.0005006636580833556
2021-07-06,1.1808487501158193e-06,0.0,0.0,0.0898486859569949,0.1826288648186089,0.0898486859569949,0.0,0.0003481674188124928,0.0003481674188124928
2021-07-06,0.0048713748828165,0.0,0.0,0.0898486859569949,0.1826288648186089,0.0898486859569949,0.0,0.0,0.0
2021-07-07,0.0,0.0,0.0,0.0953703212105123,0.1929875920462986,0.0898486859569949,0.0055216352535173985,0.0006111500912356658,0.004910485162281732
2021-07-07,0.0,0.0,0.0,0.0953703212105123,0.1929875920462986,0.0953703212105123,0.0,0.0006111500912356658,0.0006111500912356658
2021-07-07,0.0,0.0,0.0,0.0953703212105123,0.1929875920462986,0.0953703212105123,0.0,0.0006111500912356658,0.0006111500912356658
2021-07-07,0.0,0.0,0.0,0.0953703212105123,0.1929875920462986,0.0953703212105123,0.0,0.0006111500912356658,0.0006111500912356658
2021-07-07,0.0007446843814192,0.0,0.0,0.0953703212105123,0.1929875920462986,0.0953703212105123,0.0,1.8405450845057997e-05,1.8405450845057997e-05
2021-07-07,0.0,0.0,0.0,0.0953703212105123,0.1929875920462986,0.0953703212105123,0.0,0.0006111500912356658,0.0006111500912356658
2021-07-07,0.0,0.0,0.0,0.0953703212105123,0.1929875920462986,0.0953703212105123,0.0,0.0006111500912356658,0.0006111500912356658
2021-07-07,0.0,0.0,0.0,0.0953703212105123,0.1929875920462986,0.0953703212105123,0.0,0.0006111500912356658,0.0006111500912356658
2021-07-07,0.0332757361000252,0.0,0.0,0.0953703212105123,0.1929875920462986,0.0953703212105123,0.0,0.0,0.0
2021-07-07,0.0011179449719965,0.0,0.0,0.0953703212105123,0.1929875920462986,0.0953703212105123,0.0,1.8405450845057997e-05,1.8405450845057997e-05
2021-07-07,0.0,0.0,0.0,0.0953703212105123,0.1929875920462986,0.0953703212105123,0.0,0.0006111500912356658,0.0006111500912356658
2021-07-07,0.0,0.0,0.0,0.0953703212105123,0.1929875920462986,0.0953703212105123,0.0,0.0006111500912356658,0.0006111500912356658
2021-07-08,0.0950013884237239,0.0,0.0,0.0999362888239978,0.2013196117729183,0.0953703212105123,0.004565967613485503,0.002922219272630715,0.0016437483408547875
2021-07-08,0.0,0.0,0.0,0.0999362888239978,0.2013196117729183,0.0999362888239978,0.0,0.00014053378412284733,0.00014053378412284733
2021-07-08,0.0107683786000782,0.0,0.0,0.0999362888239978,0.2013196117729183,0.0999362888239978,0.0,0.0,0.0
2021-07-08,0.0003102355141877,0.0,0.0,0.0999362888239978,0.2013196117729183,0.0999362888239978,0.0,2.6882576763117956e-05,2.6882576763117956e-05
2021-07-08,0.0347355758512569,0.0,0.0,0.0999362888239978,0.2013196117729183,0.0999362888239978,0.0,0.0,0.0
2021-07-08,0.0024429359385795,0.0,0.0,0.0999362888239978,0.2013196117729183,0.0999362888239978,0.0,0.0,0.0
2021-07-08,0.0278158452398886,0.0,0.0,0.0999362888239978,0.2013196117729183,0.0999362888239978,0.0,0.0,0.0
2021-07-08,0.0175710886996036,0.0,0.0,0.0999362888239978,0.2013196117729183,0.0999362888239978,0.0,3.421821077780801e-05,3.421821077780801e-05
2021-07-08,0.0016669082821592,0.0,0.0,0.0999362888239978,0.2013196117729183,0.0999362888239978,0.0,0.0,0.0
2021-07-08,0.002296778038433,0.0,0.0,0.0999362888239978,0.2013196117729183,0.0999362888239978,0.0,0.0,0.0
2021-07-08,8.280203469231969e-06,0.0,0.0,0.0999362888239978,0.2013196117729183,0.0999362888239978,0.0,4.7471721270500235e-05,4.7471721270500235e-05
2021-07-08,9.197375175768652e-05,0.0,0.0,0.0999362888239978,0.2013196117729183,0.0999362888239978,0.0,1.928190088529885e-05,1.928190088529885e-05
2021-07-09,0.0028617849190232,0.0,0.0,0.0999362888239978,0.2013196117729183,0.0999362888239978,0.0,0.0,0.0
2021-07-09,0.0226497489064719,0.0,0.0,0.0999362888239978,0.2013196117729183,0.0999362888239978,0.0,4.7199362888240006e-05,4.7199362888240006e-05
2021-07-09,0.0072224946666892,0.0,0.0,0.0999362888239978,0.2013196117729183,0.0999362888239978,0.0,0.0,0.0
2021-07-09,0.0069183373286795,0.0,0.0,0.0999362888239978,0.2013196117729183,0.0999362888239978,0.0,0.0,0.0
2021-07-09,0.0181983668229102,0.0,0.0,0.0999362888239978,0.2013196117729183,0.0999362888239978,0.0,1.7109105388904006e-05,1.7109105388904006e-05
2021-07-09,0.2511045872521763,0.0,0.0,0.0999362888239978,0.2013196117729183,0.0999362888239978,0.0,0.0,0.0
2021-07-09,0.0293355476496404,0.0,0.0,0.0999362888239978,0.2013196117729183,0.0999362888239978,0.0,0.0,0.0
2021-07-09,0.0340252451557805,0.0,0.0,0.0999362888239978,0.2013196117729183,0.0999362888239978,0.0,0.0,0.0
2021-07-09,0.087772333895485,0.0,0.0,0.0999362888239978,0.2013196117729183,0.0999362888239978,0.0,0.0009067162198035512,0.0009067162198035512
2021-07-09,0.0611876766229057,0.0,0.0,0.0999362888239978,0.2013196117729183,0.0999362888239978,0.0,0.0,0.0
2021-07-09,0.2480761175282023,0.0,0.0,0.0999362888239978,0.2013196117729183,0.0999362888239978,0.0,0.0,0.0
2021-07-09,0.0052197935672622,0.0,0.0,0.0999362888239978,0.2013196117729183,0.0999362888239978,0.0,0.0,0.0
2021-07-10,0.1053290911479887,0.0,0.0,0.0999362888239978,0.2013196117729183,0.0999362888239978,0.0,0.0001598088664719926,0.0001598088664719926
2021-07-10,0.0703281386243057,0.0,0.0,0.0999362888239978,0.2013196117729183,0.0999362888239978,0.0,1.5927794000529792e-05,1.5927794000529792e-05
2021-07-10,0.0690323629282898,0.0,0.0,0.0999362888239978,0.2013196117729183,0.0999362888239978,0.0,0.0,0.0
2021-07-10,0.0768961973493871,0.0,0.0,0.0999362888239978,0.2013196117729183,0.0999362888239978,0.0,0.004151300769843367,0.004151300769843367
2021-07-10,0.1280374113297241,0.0,0.0,0.0999362888239978,0.2013196117729183,0.0999362888239978,0.0,0.0,0.0
2021-07-10,0.0011426965939356,0.0,0.0,0.0999362888239978,0.2013196117729183,0.0999362888239978,0.0,0.0,0.0
2021-07-10,0.0624109838584339,0.0,0.0,0.0999362888239978,0.2013196117729183,0.0999362888239978,0.0,0.0,0.0
2021-07-10,0.0106463728459385,0.0,0.0,0.0999362888239978,0.2013196117729183,0.0999362888239978,0.0,0.0,0.0
2021-07-10,0.0255294835076333,0.0,0.0,0.0999362888239978,0.2013196117729183,0.0999362888239978,0.0,0.0,0.0
2021-07-10,0.0063337906905626,0.0,0.0,0.0999362888239978,0.2013196117729183,0.0999362888239978,0.0,0.0,0.0
2021-07-10,0.0469220588144049,0.0,0.0,0.0999362888239978,0.2013196117729183,0.0999362888239978,0.0,0.0,0.0
2021-07-10,0.0343179468967019,0.0,0.0,0.0999362888239978,0.2013196117729183,0.0999362888239978,0.0,0.0,0.0
2021-07-11,0.2669139001405853,0.0,0.0,0.1163578444385452,0.2319454140113048,0.0999362888239978,0.016421555614547403,0.01075611892752858,0.005665436687018823
2021-07-11,0.0651431686372702,0.0,0.0,0.1163578444385452,0.2319454140113048,0.1163578444385452,0.0,0.0,0.0
2021-07-11,0.0452315563990051,0.0,0.0,0.1163578444385452,0.2319454140113048,0.1163578444385452,0.0,0.0,0.0
2021-07-11,0.0070465249909532,0.0,0.0,0.1163578444385452,0.2319454140113048,0.1163578444385452,0.0,0.0,0.0
2021-07-11,0.1202872936113539,0.0,0.0,0.1163578444385452,0.2319454140113048,0.1163578444385452,0.0,0.0,0.0
2021-07-11,0.2225248876914622,0.0,0.0,0.1163578444385452,0.2319454140113048,0.1163578444385452,0.0,0.0,0.0
2021-07-11,0.0079205000288983,0.0,0.0,0.1163578444385452,0.2319454140113048,0.1163578444385452,0.0,0.0,0.0
2021-07-11,0.0384030386070052,0.0,0.0,0.1163578444385452,0.2319454140113048,0.1163578444385452,0.0,0.0,0.0
2021-07-11,0.0422197829293688,0.0,0.0,0.1163578444385452,0.2319454140113048,0.1163578444385452,0.0,0.0,0.0
2021-07-11,0.1141900748265021,0.0,0.0,0.1163578444385452,0.2319454140113048,0.1163578444385452,0.0,0.0,0.0
2021-07-11,0.0992395416605378,0.0,0.0,0.1163578444385452,0.2319454140113048,0.1163578444385452,0.0,2.2829838067427512e-05,2.2829838067427512e-05
2021-07-11,0.2601028647278875,0.0,0.0,0.1163578444385452,0.2319454140113048,0.1163578444385452,0.0,0.0012316166710910547,0.0012316166710910547
2021-07-12,0.0726016377606206,0.0,0.0,0.1163578444385452,0.2319454140113048,0.1163578444385452,0.0,0.0,0.0
2021-07-12,0.0239161263849567,0.0,0.0,0.1163578444385452,0.2319454140113048,0.1163578444385452,0.0,0.0,0.0
2021-07-12,0.1029182254595773,0.0,0.0,0.1163578444385452,0.2319454140113048,0.1163578444385452,0.0,2.2829838067427512e-05,2.2829838067427512e-05
2021-07-12,0.346739134136851,0.0,0.0,0.1163578444385452,0.2319454140113048,0.1163578444385452,0.0,0.0,0.0
2021-07-12,0.0911527479224473,0.0,0.0,0.1163578444385452,0.2319454140113048,0.1163578444385452,0.0,0.00011048579771701546,0.00011048579771701546
2021-07-12,0.1931072174569938,0.0,0.0,0.1163578444385452,0.2319454140113048,0.1163578444385452,0.0,0.0,0.0
2021-07-12,0.7568262178727657,0.0,0.0,0.1163578444385452,0.2319454140113048,0.1163578444385452,0.0,9.60445978232019e-05,9.60445978232019e-05
2021-07-12,0.2226819039802818,0.0,0.0,0.1163578444385452,0.2319454140113048,0.1163578444385452,0.0,0.0,0.0
2021-07-12,0.5331825553999354,0.0,0.0,0.1163578444385452,0.2319454140113048,0.1163578444385452,0.0,0.003197066631271577,0.003197066631271577
2021-07-12,0.3834741811161727,0.0,0.0,0.1163578444385452,0.2319454140113048,0.1163578444385452,0.0,0.0,0.0
2021-07-12,0.2505353511101622,0.0,0.0,0.1163578444385452,0.2319454140113048,0.1163578444385452,0.0,0.0,0.0
2021-07-12,0.2434099061567129,0.0,0.0,0.1163578444385452,0.2319454140113048,0.1163578444385452,0.0,0.0,0.0
2021-07-13,0.1534077674533014,0.0,0.0,0.1163578444385452,0.2319454140113048,0.1163578444385452,0.0,0.0,0.0
2021-07-13,1.0,0.0,0.0,0.1163578444385452,0.2319454140113048,0.1163578444385452,0.0,9.60445978232019e-05,9.60445978232019e-05
2021-07-13,0.0662961899667224,0.0,0.0,0.1163578444385452,0.2319454140113048,0.1163578444385452,0.0,0.0,0.0
2021-07-13,0.3081341387316361,0.0,0.0,0.1163578444385452,0.2319454140113048,0.1163578444385452,0.0,0.0,0.0
2021-07-13,0.6068947919331693,0.0,0.0,0.1163578444385452,0.2319454140113048,0.1163578444385452,0.0,0.0005727501990974261,0.0005727501990974261
2021-07-13,0.2847785435469194,0.0,0.0,0.1163578444385452,0.2319454140113048,0.1163578444385452,0.0,0.0004105388903636851,0.0004105388903636851
2021-07-13,0.1600875789801118,0.0,0.0,0.1163578444385452,0.2319454140113048,0.1163578444385452,0.0,0.0,0.0
2021-07-13,0.253970042873802,0.0,0.0,0.1163578444385452,0.2319454140113048,0.1163578444385452,0.0,0.0,0.0
2021-07-13,0.7294308360853399,0.0,0.0,0.1163578444385452,0.2319454140113048,0.1163578444385452,0.0,9.60445978232019e-05,9.60445978232019e-05
2021-07-13,0.1739826489349142,0.0,0.0,0.1163578444385452,0.2319454140113048,0.1163578444385452,0.0,0.0,0.0
2021-07-13,0.0754564042799049,0.0,0.0,0.1163578444385452,0.2319454140113048,0.1163578444385452,0.0,0.0013109370852136951,0.0013109370852136951
2021-07-13,0.3087167512796607,0.0,0.0,0.1163578444385452,0.2319454140113048,0.1163578444385452,0.0,0.0,0.0
2021-07-14,0.0818387008771251,0.0,0.0,0.1163578444385452,0.2319454140113048,0.1163578444385452,0.0,0.0,0.0
2021-07-14,0.1974751575293029,0.0,0.0,0.1163578444385452,0.2319454140113048,0.1163578444385452,0.0,0.00030752588266525047,0.00030752588266525047
2021-07-14,0.0969112295980307,0.0,0.0,0.1163578444385452,0.2319454140113048,0.1163578444385452,0.0,0.0007367666578178906,0.0007367666578178906
2021-07-14,0.1926990493325341,0.0,0.0,0.1163578444385452,0.2319454140113048,0.1163578444385452,0.0,0.0,0.0
2021-07-14,0.0395672511318222,0.0,0.0,0.1163578444385452,0.2319454140113048,0.1163578444385452,0.0,0.0,0.0
2021-07-14,0.0754441082392537,0.0,0.0,0.1163578444385452,0.2319454140113048,0.1163578444385452,0.0,0.0013109370852136951,0.0013109370852136951
2021-07-14,0.0461632431844884,0.0,0.0,0.1163578444385452,0.2319454140113048,0.1163578444385452,0.0,0.0,0.0
2021-07-14,0.1029711035830291,0.0,0.0,0.1163578444385452,0.2319454140113048,0.1163578444385452,0.0,2.2829838067427512e-05,2.2829838067427512e-05
2021-07-14,0.0420128517821986,0.0,0.0,0.1163578444385452,0.2319454140113048,0.1163578444385452,0.0,0.0,0.0
2021-07-14,0.0106646520121622,0.0,0.0,0.1163578444385452,0.2319454140113048,0.1163578444385452,0.0,0.0,0.0
2021-07-14,0.0392822956820688,0.0,0.0,0.1163578444385452,0.2319454140113048,0.1163578444385452,0.0,0.0,0.0
2021-07-14,0.0775992330821065,0.0,0.0,0.1163578444385452,0.2319454140113048,0.1163578444385452,0.0,0.0,0.0
2021-07-15,0.0977784923325055,0.0,0.0,0.2089195646402973,0.2927016010989245,0.1163578444385452,0.09256172020175209,0.050908946110963714,0.04165277409078837
2021-07-15,0.1030066451053761,0.0,0.0,0.2089195646402973,0.2927016010989245,0.2089195646402973,0.0,0.005553703212105127,0.005553703212105127
2021-07-15,0.0077336102510095,0.0,0.0,0.2089195646402973,0.2927016010989245,0.2089195646402973,0.0,0.0,0.0
2021-07-15,0.0100355001794984,0.0,0.0,0.2089195646402973,0.2927016010989245,0.2089195646402973,0.0,0.0,0.0
2021-07-15,0.0493634728882058,0.0,0.0,0.2089195646402973,0.2927016010989245,0.2089195646402973,0.0,0.0032396602070613235,0.0032396602070613235
2021-07-15,0.0148967454072917,0.0,0.0,0.2089195646402973,0.2927016010989245,0.2089195646402973,0.0,0.0,0.0
2021-07-15,0.1259869653208152,0.0,0.0,0.2089195646402973,0.2927016010989245,0.2089195646402973,0.0,0.002314043005043802,0.002314043005043802
2021-07-15,0.0017679262887681,0.0,0.0,0.2089195646402973,0.2927016010989245,0.2089195646402973,0.0,0.0,0.0
2021-07-15,0.0039250154305912,0.0,0.0,0.2089195646402973,0.2927016010989245,0.2089195646402973,0.0,0.0003739846031324651,0.0003739846031324651
2021-07-15,0.1018537583553647,0.0,0.0,0.2089195646402973,0.2927016010989245,0.2089195646402973,0.0,0.005553703212105127,0.005553703212105127
2021-07-15,0.0047220568415726,0.0,0.0,0.2089195646402973,0.2927016010989245,0.2089195646402973,0.0,0.0,0.0
2021-07-15,0.0129908780424356,0.0,0.0,0.2089195646402973,0.2927016010989245,0.2089195646402973,0.0,0.0,0.0
2021-07-16,0.0309623694634031,0.0,0.0,0.1630422086541013,0.3024297971040592,0.2089195646402973,-0.045877355986195995,0.0,0.045877355986195995
2021-07-16,0.0773652712549184,0.0,0.0,0.1630422086541013,0.3024297971040592,0.1630422086541013,0.0,0.0015862888239978768,0.0015862888239978768
2021-07-16,0.0205252732840961,0.0,0.0,0.1630422086541013,0.3024297971040592,0.1630422086541013,0.0,0.0,0.0
2021-07-16,0.07106369868439,0.0,0.0,0.1630422086541013,0.3024297971040592,0.1630422086541013,0.0,0.0,0.0
2021-07-16,0.0047030509963472,0.0,0.0,0.1630422086541013,0.3024297971040592,0.1630422086541013,0.0,0.0,0.0
2021-07-16,0.084392620651556,0.0,0.0,0.1630422086541013,0.3024297971040592,0.1630422086541013,0.0,0.0015677462171489243,0.0015677462171489243
2021-07-16,0.0729414883502497,0.0,0.0,0.1630422086541013,0.3024297971040592,0.1630422086541013,0.0,0.0,0.0
2021-07-16,0.0,0.0,0.0,0.1630422086541013,0.3024297971040592,0.1630422086541013,0.0,8.184228226559962e-06,8.184228226559962e-06
2021-07-16,0.0160080315799611,0.0,0.0,0.1630422086541013,0.3024297971040592,0.1630422086541013,0.0,0.0,0.0
2021-07-16,0.0219508251166295,0.0,0.0,0.1630422086541013,0.3024297971040592,0.1630422086541013,0.0,0.0,0.0
2021-07-16,0.0032378283266338,0.0,0.0,0.1630422086541013,0.3024297971040592,0.1630422086541013,0.0,9.576586142819241e-05,9.576586142819241e-05
2021-07-16,0.0409815970717794,0.0,0.0,0.1630422086541013,0.3024297971040592,0.1630422086541013,0.0,0.0,0.0
2021-07-17,0.0035455408442021,0.0,0.0,0.1694265994159808,0.3116625757200442,0.1630422086541013,0.006384390761879494,0.004498619591186614,0.0018857711706928796
2021-07-17,0.0008831239872899,0.0,0.0,0.1694265994159808,0.3116625757200442,0.1694265994159808,0.0,0.0,0.0
2021-07-17,0.0,0.0,0.0,0.1694265994159808,0.3116625757200442,0.1694265994159808,0.0,3.630841786537075e-05,3.630841786537075e-05
2021-07-17,0.026322943583943,0.0,0.0,0.1694265994159808,0.3116625757200442,0.1694265994159808,0.0,9.576586142819241e-05,9.576586142819241e-05
2021-07-17,0.0114722307499367,0.0,0.0,0.1694265994159808,0.3116625757200442,0.1694265994159808,0.0,9.576586142819241e-05,9.576586142819241e-05
2021-07-17,0.0029204040620308,0.0,0.0,0.1694265994159808,0.3116625757200442,0.1694265994159808,0.0,0.0006703610299973468,0.0006703610299973468
2021-07-17,0.0014317878463967,0.0,0.0,0.1694265994159808,0.3116625757200442,0.1694265994159808,0.0,0.00021237058667374588,0.00021237058667374588
2021-07-17,0.0017500147194238,0.0,0.0,0.1694265994159808,0.3116625757200442,0.1694265994159808,0.0,3.1921953809397466e-05,3.1921953809397466e-05
2021-07-17,0.0007200979272607,0.0,0.0,0.1694265994159808,0.3116625757200442,0.1694265994159808,0.0,3.545261481284853e-05,3.545261481284853e-05
2021-07-17,3.673539312271496e-05,0.0,0.0,0.1694265994159808,0.3116625757200442,0.1694265994159808,0.0,2.927139112533101e-05,2.927139112533101e-05
2021-07-17,0.0071403251673997,0.0,0.0,0.1694265994159808,0.3116625757200442,0.1694265994159808,0.0,0.00022345367666578227,0.00022345367666578227
2021-07-17,0.0005955801438792,0.0,0.0,0.1694265994159808,0.3116625757200442,0.1694265994159808,0.0,3.545261481284853e-05,3.545261481284853e-05
2021-07-18,0.0002291149311866,0.0,0.0,0.1765171223785505,0.3220213029477339,0.1694265994159808,0.007090522962569706,0.0049876542586885534,0.002102868703881153
2021-07-18,0.0104460691415763,0.0,0.0,0.1765171223785505,0.3220213029477339,0.1765171223785505,0.0,0.0,0.0
2021-07-18,0.0122281051883348,0.0,0.0,0.1765171223785505,0.3220213029477339,0.1765171223785505,0.0,0.0,0.0
2021-07-18,0.1662465796405164,0.0,0.0,0.1765171223785505,0.3220213029477339,0.1765171223785505,0.0,0.0,0.0
2021-07-18,0.0695799056992853,0.0,0.0,0.1765171223785505,0.3220213029477339,0.1765171223785505,0.0,0.0,0.0
2021-07-18,0.0502362844030807,0.0,0.0,0.1765171223785505,0.3220213029477339,0.1765171223785505,0.0,0.0,0.0
2021-07-18,0.0,0.0,0.0,0.1765171223785505,0.3220213029477339,0.1765171223785505,0.0,0.000519537474981541,0.000519537474981541
2021-07-18,0.0017914262876648,0.0,0.0,0.1765171223785505,0.3220213029477339,0.1765171223785505,0.0,0.00010635784443854559,0.00010635784443854559
2021-07-18,0.0017458487818795,0.0,0.0,0.1765171223785505,0.3220213029477339,0.1765171223785505,0.0,0.00010635784443854559,0.00010635784443854559
2021-07-18,0.0329589745704479,0.0,0.0,0.1765171223785505,0.3220213029477339,0.1765171223785505,0.0,0.0,0.0
2021-07-18,0.0469675398720538,0.0,0.0,0.1765171223785505,0.3220213029477339,0.1765171223785505,0.0,0.0,0.0
2021-07-18,0.0229107376560786,0.0,0.0,0.1765171223785505,0.3220213029477339,0.1765171223785505,0.0,0.0,0.0
2021-07-19,0.5652310250041104,0.0,0.0,0.1873931510485797,0.337784583511608,0.1765171223785505,0.010876028670029209,0.006922511282187418,0.003953517387841791
2021-07-19,0.146052882739931,0.0,0.0,0.1873931510485797,0.337784583511608,0.1873931510485797,0.0,0.0,0.0
2021-07-19,0.2468068613491134,0.0,0.0,0.1873931510485797,0.337784583511608,0.1873931510485797,0.0,0.0,0.0
2021-07-19,0.8244131263712738,0.0,0.0,0.1873931510485797,0.337784583511608,0.1873931510485797,0.0,0.0009117467480753926,0.0009117467480753926
2021-07-19,0.0769502453171907,0.0,0.0,0.1873931510485797,0.337784583511608,0.1873931510485797,0.0,0.0016447969206264917,0.0016447969206264917
2021-07-19,0.2363659604800942,0.0,0.0,0.1873931510485797,0.337784583511608,0.1873931510485797,0.0,0.0,0.0
2021-07-19,0.6461034217114789,0.0,0.0,0.1873931510485797,0.337784583511608,0.1873931510485797,0.0,0.0022712503318290463,0.0022712503318290463
2021-07-19,0.3835229107018015,0.0,0.0,0.1873931510485797,0.337784583511608,0.1873931510485797,0.0,0.0,0.0
2021-07-19,0.1050579189893258,0.0,0.0,0.1873931510485797,0.337784583511608,0.1873931510485797,0.0,0.0,0.0
2021-07-19,0.3723993234351575,0.0,0.0,0.1873931510485797,0.337784583511608,0.1873931510485797,0.0,0.0,0.0
2021-07-19,0.1457539918996078,0.0,0.0,0.1873931510485797,0.337784583511608,0.1873931510485797,0.0,0.0,0.0
2021-07-19,0.3906354101699993,0.0,0.0,0.1873931510485797,0.337784583511608,0.1873931510485797,0.0,0.0,0.0
2021-07-20,0.0862008164297261,0.0,0.0,0.1873958056809131,0.3677348165829706,0.1873931510485797,2.6546323333986876e-06,9.126625962302764e-05,8.861162728962895e-05
2021-07-20,0.0875119236125725,0.0,0.0,0.1873958056809131,0.3677348165829706,0.1873958056809131,0.0,0.0003517255110167202,0.0003517255110167202
2021-07-20,0.1499667220148101,0.0,0.0,0.1873958056809131,0.3677348165829706,0.1873958056809131,0.0,0.0,0.0
2021-07-20,0.1631204631429698,0.0,0.0,0.1873958056809131,0.3677348165829706,0.1873958056809131,0.0,0.0,0.0
2021-07-20,0.1415035197526153,0.0,0.0,0.1873958056809131,0.3677348165829706,0.1873958056809131,0.0,0.0,0.0
2021-07-20,0.273555245511031,0.0,0.0,0.1873958056809131,0.3677348165829706,0.1873958056809131,0.0,0.00082107778072737,0.00082107778072737
2021-07-20,0.1366049013208491,0.0,0.0,0.1873958056809131,0.3677348165829706,0.1873958056809131,0.0,0.0,0.0
2021-07-20,0.0886518027103494,0.0,0.0,0.1873958056809131,0.3677348165829706,0.1873958056809131,0.0,0.0005295991505176519,0.0005295991505176519
2021-07-20,0.1010388155649822,0.0,0.0,0.1873958056809131,0.3677348165829706,0.1873958056809131,0.0,0.0,0.0
2021-07-20,0.2378208603023461,0.0,0.0,0.1873958056809131,0.3677348165829706,0.1873958056809131,0.0,0.0,0.0
2021-07-20,0.1891289012007836,0.0,0.0,0.1873958056809131,0.3677348165829706,0.1873958056809131,0.0,0.0006033979293867842,0.0006033979293867842
2021-07-20,0.2240318497938473,0.0,0.0,0.1873958056809131,0.3677348165829706,0.1873958056809131,0.0,0.0,0.0
2021-07-21,0.0763543561524089,0.0,0.0,0.2269684098752322,0.3918301168734661,0.1873958056809131,0.0395726041943191,0.02762681178656761,0.011945792407751489
2021-07-21,0.1336582006619387,0.0,0.0,0.2269684098752322,0.3918301168734661,0.2269684098752322,0.0,0.0001978630209715955,0.0001978630209715955
2021-07-21,0.0384825178317157,0.0,0.0,0.2269684098752322,0.3918301168734661,0.2269684098752322,0.0,0.0,0.0
2021-07-21,0.0411373653378181,0.0,0.0,0.2269684098752322,0.3918301168734661,0.2269684098752322,0.0,0.0,0.0
2021-07-21,0.025205178180773,0.0,0.0,0.2269684098752322,0.3918301168734661,0.2269684098752322,0.0,0.0,0.0
2021-07-21,0.1548111768724325,0.0,0.0,0.2269684098752322,0.3918301168734661,0.2269684098752322,0.0,0.0001978630209715955,0.0001978630209715955
2021-07-21,0.0539923527132466,0.0,0.0,0.2269684098752322,0.3918301168734661,0.2269684098752322,0.0,0.0005936156092381205,0.0005936156092381205
2021-07-21,0.0329458258138771,0.0,0.0,0.2269684098752322,0.3918301168734661,0.2269684098752322,0.0,0.0,0.0
2021-07-21,0.1006833067717331,0.0,0.0,0.2269684098752322,0.3918301168734661,0.2269684098752322,0.0,0.0005935890629147865,0.0005935890629147865
2021-07-21,0.0308828904700719,0.0,0.0,0.2269684098752322,0.3918301168734661,0.2269684098752322,0.0,0.0,0.0
2021-07-21,0.1163404801059952,0.0,0.0,0.2269684098752322,0.3918301168734661,0.2269684098752322,0.0,0.000395726041943191,0.000395726041943191
2021-07-21,0.0888612738836534,0.0,0.0,0.2269684098752322,0.3918301168734661,0.2269684098752322,0.0,0.0023216087071940535,0.0023216087071940535
2021-07-22,0.0835499476290599,0.0,0.0,0.2448871781258295,0.4118720021618216,0.2269684098752322,0.017918768250597295,0.010840934430581341,0.007077833820015953
2021-07-22,0.1624422360718081,0.0,0.0,0.2448871781258295,0.4118720021618216,0.2448871781258295,0.0,0.0014335014600477835,0.0014335014600477835
2021-07-22,0.0252188338615666,0.0,0.0,0.2448871781258295,0.4118720021618216,0.2448871781258295,0.0,0.0,0.0
2021-07-22,0.0497843739158955,0.0,0.0,0.2448871781258295,0.4118720021618216,0.2448871781258295,0.0,0.0,0.0
2021-07-22,0.0106166970473205,0.0,0.0,0.2448871781258295,0.4118720021618216,0.2448871781258295,0.0,0.0,0.0
2021-07-22,0.0303432458213236,0.0,0.0,0.2448871781258295,0.4118720021618216,0.2448871781258295,0.0,0.0,0.0
2021-07-22,0.2782144497000487,0.0,0.0,0.2448871781258295,0.4118720021618216,0.2448871781258295,0.0,0.0009399389434563321,0.0009399389434563321
2021-07-22,0.001311079065637,0.0,0.0,0.2448871781258295,0.4118720021618216,0.2448871781258295,0.0,0.0,0.0
2021-07-22,0.024902770699423,0.0,0.0,0.2448871781258295,0.4118720021618216,0.2448871781258295,0.0,0.00026600743297053834,0.00026600743297053834
2021-07-22,0.0216336254380046,0.0,0.0,0.2448871781258295,0.4118720021618216,0.2448871781258295,0.0,0.0,0.0
2021-07-22,0.0020641916407088,0.0,0.0,0.2448871781258295,0.4118720021618216,0.2448871781258295,0.0,0.0,0.0
2021-07-22,0.0540656742320951,0.0,0.0,0.2448871781258295,0.4118720021618216,0.2448871781258295,0.0,0.0,0.0
2021-07-23,0.1189117036626946,0.0,0.0,0.2598460313246615,0.428536041615061,0.2448871781258295,0.014958853198832,0.009498871781258345,0.005459981417573655
2021-07-23,0.1230238905060263,0.0,0.0,0.2598460313246615,0.428536041615061,0.2598460313246615,0.0,0.003216153437748882,0.003216153437748882
2021-07-23,0.0452022236247878,0.0,0.0,0.2598460313246615,0.428536041615061,0.2598460313246615,0.0,0.0005004512874966802,0.0005004512874966802
2021-07-23,0.1152994107217853,0.0,0.0,0.2598460313246615,0.428536041615061,0.2598460313246615,0.0,0.0022438279798248,0.0022438279798248
2021-07-23,0.0824519081882007,0.0,0.0,0.2598460313246615,0.428536041615061,0.2598460313246615,0.0,0.0010790018582426337,0.0010790018582426337
2021-07-23,0.1110934899134999,0.0,0.0,0.2598460313246615,0.428536041615061,0.2598460313246615,0.0,0.0005983541279532801,0.0005983541279532801
2021-07-23,0.0918888241156495,0.0,0.0,0.2598460313246615,0.428536041615061,0.2598460313246615,0.0,0.00032877621449429296,0.00032877621449429296
2021-07-23,0.1281644925085462,0.0,0.0,0.2598460313246615,0.428536041615061,0.2598460313246615,0.0,0.00044876559596496,0.00044876559596496
2021-07-23,0.049196833776034,0.0,0.0,0.2598460313246615,0.428536041615061,0.2598460313246615,0.0,0.0,0.0
2021-07-23,0.1491072361228226,0.0,0.0,0.2598460313246615,0.428536041615061,0.2598460313246615,0.0,0.00014958853198832002,0.00014958853198832002
2021-07-23,0.0678438651588527,0.0,0.0,0.2598460313246615,0.428536041615061,0.2598460313246615,0.0,0.0,0.0
2021-07-23,0.1321224903326777,0.0,0.0,0.2598460313246615,0.428536041615061,0.2598460313246615,0.0,0.0003739713299708,0.0003739713299708
2021-07-24,0.0041917847563543,0.0,0.0,0.2727156888770904,0.442948183844889,0.2598460313246615,0.012869657552428915,0.007476904698699205,0.00539275285372971
2021-07-24,0.0332151987117779,0.0,0.0,0.2727156888770904,0.442948183844889,0.2727156888770904,0.0,0.0,0.0
2021-07-24,0.054985958424854,0.0,0.0,0.2727156888770904,0.442948183844889,0.2727156888770904,0.0,0.0,0.0
2021-07-24,0.1384275169515119,0.0,0.0,0.2727156888770904,0.442948183844889,0.2727156888770904,0.0,0.0,0.0
2021-07-24,0.0253564241574207,0.0,0.0,0.2727156888770904,0.442948183844889,0.2727156888770904,0.0,0.0,0.0
2021-07-24,0.0055174668528273,0.0,0.0,0.2727156888770904,0.442948183844889,0.2727156888770904,0.0,0.0006773427130342407,0.0006773427130342407
2021-07-24,0.0590600749554822,0.0,0.0,0.2727156888770904,0.442948183844889,0.2727156888770904,0.0,0.0,0.0
2021-07-24,0.0116653142177921,0.0,0.0,0.2727156888770904,0.442948183844889,0.2727156888770904,0.0,0.0,0.0
2021-07-24,0.0077528751577247,0.0,0.0,0.2727156888770904,0.442948183844889,0.2727156888770904,0.0,0.00032174143881072285,0.00032174143881072285
2021-07-24,0.0211193806618785,0.0,0.0,0.2727156888770904,0.442948183844889,0.2727156888770904,0.0,0.0,0.0
2021-07-24,0.0361686841791678,0.0,0.0,0.2727156888770904,0.442948183844889,0.2727156888770904,0.0,0.0,0.0
2021-07-24,0.0232627949091732,0.0,0.0,0.2727156888770904,0.442948183844889,0.2727156888770904,0.0,0.0,0.0
2021-07-25,0.0035953109794448,0.0,0.0,0.284475710114149,0.4560091877406709,0.2727156888770904,0.011760021237058604,0.007611388372710315,0.004148632864348289
2021-07-25,0.0233314082392671,0.0,0.0,0.284475710114149,0.4560091877406709,0.284475710114149,0.0,0.0,0.0
2021-07-25,0.0773866625093919,0.0,0.0,0.284475710114149,0.4560091877406709,0.284475710114149,0.0,0.0006645075657021504,0.0006645075657021504
2021-07-25,0.0066777065214762,0.0,0.0,0.284475710114149,0.4560091877406709,0.284475710114149,0.0,0.0,0.0
2021-07-25,0.0086014855389731,0.0,0.0,0.284475710114149,0.4560091877406709,0.284475710114149,0.0,0.0,0.0
2021-07-25,0.0139470942979898,0.0,0.0,0.284475710114149,0.4560091877406709,0.284475710114149,0.0,0.0,0.0
2021-07-25,0.092012431606693,0.0,0.0,0.284475710114149,0.4560091877406709,0.284475710114149,0.0,0.0,0.0
2021-07-25,0.2131887710246571,0.0,0.0,0.284475710114149,0.4560091877406709,0.284475710114149,0.0,0.002665914520838869,0.002665914520838869
2021-07-25,0.0119656620719111,0.0,0.0,0.284475710114149,0.4560091877406709,0.284475710114149,0.0,0.0,0.0
2021-07-25,0.0054429993957335,0.0,0.0,0.284475710114149,0.4560091877406709,0.284475710114149,0.0,0.0,0.0
2021-07-25,0.0071484993806513,0.0,0.0,0.284475710114149,0.4560091877406709,0.284475710114149,0.0,0.0,0.0
2021-07-25,0.0107004333174781,0.0,0.0,0.284475710114149,0.4560091877406709,0.284475710114149,0.0,0.0,0.0
2021-07-26,0.1899711983892981,0.0,0.0,0.2965436687018847,0.4695205710811354,0.284475710114149,0.012067958587735683,0.007644982744889886,0.0044229758428457975
2021-07-26,0.1308362104698136,0.0,0.0,0.2965436687018847,0.4695205710811354,0.2965436687018847,0.0,0.000798871781258301,0.000798871781258301
2021-07-26,0.0324202019994367,0.0,0.0,0.2965436687018847,0.4695205710811354,0.2965436687018847,0.0,0.0,0.0
2021-07-26,8.098140374051363e-05,0.0,0.0,0.2965436687018847,0.4695205710811354,0.2965436687018847,0.0,0.0,0.0
2021-07-26,0.1031803854880874,0.0,0.0,0.2965436687018847,0.4695205710811354,0.2965436687018847,0.0,0.00018101937881603524,0.00018101937881603524
2021-07-26,0.0046791005853014,0.0,0.0,0.2965436687018847,0.4695205710811354,0.2965436687018847,0.0,0.0,0.0
2021-07-26,0.0359670257769245,0.0,0.0,0.2965436687018847,0.4695205710811354,0.2965436687018847,0.0,0.0,0.0
2021-07-26,0.1111349115236015,0.0,0.0,0.2965436687018847,0.4695205710811354,0.2965436687018847,0.0,0.00018101937881603524,0.00018101937881603524
2021-07-26,0.0703460108128976,0.0,0.0,0.2965436687018847,0.4695205710811354,0.2965436687018847,0.0,3.981948500132448e-06,3.981948500132448e-06
2021-07-26,0.050259462877339,0.0,0.0,0.2965436687018847,0.4695205710811354,0.2965436687018847,0.0,0.0,0.0
2021-07-26,0.0588975942286353,0.0,0.0,0.2965436687018847,0.4695205710811354,0.2965436687018847,0.0,0.0,0.0
2021-07-26,0.0280169293865404,0.0,0.0,0.2965436687018847,0.4695205710811354,0.2965436687018847,0.0,0.0,0.0
2021-07-27,0.1993639377291663,0.0,0.0,0.3170453942129014,0.4922647330375849,0.2965436687018847,0.0205017255110167,0.013344292540483162,0.007157432970533537
2021-07-27,0.1864421417357017,0.0,0.0,0.3170453942129014,0.4922647330375849,0.3170453942129014,0.0,0.0009770905229625716,0.0009770905229625716
2021-07-27,0.1020433253580414,0.0,0.0,0.3170453942129014,0.4922647330375849,0.3170453942129014,0.0,0.0,0.0
2021-07-27,0.0643918235221931,0.0,0.0,0.3170453942129014,0.4922647330375849,0.3170453942129014,0.0,0.0,0.0
2021-07-27,0.0359180918556317,0.0,0.0,0.3170453942129014,0.4922647330375849,0.3170453942129014,0.0,0.0,0.0
2021-07-27,0.188194228613858,0.0,0.0,0.3170453942129014,0.4922647330375849,0.3170453942129014,0.0,0.0009770905229625716,0.0009770905229625716
2021-07-27,0.1181648807814776,0.0,0.0,0.3170453942129014,0.4922647330375849,0.3170453942129014,0.0,0.00127150252190072,0.00127150252190072
2021-07-27,0.0885808961339995,0.0,0.0,0.3170453942129014,0.4922647330375849,0.3170453942129014,0.0,0.0,0.0
2021-07-27,0.0468486095834526,0.0,0.0,0.3170453942129014,0.4922647330375849,0.3170453942129014,0.0,0.0,0.0
2021-07-27,0.0194515934253901,0.0,0.0,0.3170453942129014,0.4922647330375849,0.3170453942129014,0.0,0.0,0.0
2021-07-27,0.1721671770930461,0.0,0.0,0.3170453942129014,0.4922647330375849,0.3170453942129014,0.0,0.0003256968409875238,0.0003256968409875238
2021-07-27,0.1123484488896216,0.0,0.0,0.3170453942129014,0.4922647330375849,0.3170453942129014,0.0,0.0,0.0
2021-07-28,0.509283656229218,0.0,0.0,0.3362543137775418,0.5136577566599865,0.3170453942129014,0.01920891956464038,0.012277475444650942,0.006931444119989439
2021-07-28,0.3935021518901791,0.0,0.0,0.3362543137775418,0.5136577566599865,0.3362543137775418,0.0,0.0,0.0
2021-07-28,0.0416721354083485,0.0,0.0,0.3362543137775418,0.5136577566599865,0.3362543137775418,0.0,0.0,0.0
2021-07-28,0.2513053904951349,0.0,0.0,0.3362543137775418,0.5136577566599865,0.3362543137775418,0.0,0.0,0.0
2021-07-28,0.447502828824488,0.0,0.0,0.3362543137775418,0.5136577566599865,0.3362543137775418,0.0,0.0,0.0
2021-07-28,0.2870807576933016,0.0,0.0,0.3362543137775418,0.5136577566599865,0.3362543137775418,0.0,0.0,0.0
2021-07-28,0.4864119299886448,0.0,0.0,0.3362543137775418,0.5136577566599865,0.3362543137775418,0.0,0.003841783912928073,0.003841783912928073
2021-07-28,0.2929794296458703,0.0,0.0,0.3362543137775418,0.5136577566599865,0.3362543137775418,0.0,0.0,0.0
2021-07-28,0.280670867581353,0.0,0.0,0.3362543137775418,0.5136577566599865,0.3362543137775418,0.0,0.0,0.0
2021-07-28,0.3003587656879035,0.0,0.0,0.3362543137775418,0.5136577566599865,0.3362543137775418,0.0,0.0,0.0
2021-07-28,0.0930071886800759,0.0,0.0,0.3362543137775418,0.5136577566599865,0.3362543137775418,0.0,0.0,0.0
2021-07-28,0.199986365467272,0.0,0.0,0.3362543137775418,0.5136577566599865,0.3362543137775418,0.0,0.0020683435094239434,0.0020683435094239434
2021-07-29,0.061673940212958,0.0,0.0,0.3698035572073267,0.5447339383430538,0.3362543137775418,0.033549243429784936,0.020800530926466703,0.012748712503318233
2021-07-29,0.1187982757120458,0.0,0.0,0.3698035572073267,0.5447339383430538,0.3698035572073267,0.0,0.00029917706397664004,0.00029917706397664004
2021-07-29,0.0769162747675593,0.0,0.0,0.3698035572073267,0.5447339383430538,0.3698035572073267,0.0,0.0008327050703477559,0.0008327050703477559
2021-07-29,0.3144523880280914,0.0,0.0,0.3698035572073267,0.5447339383430538,0.3698035572073267,0.0,0.0,0.0
2021-07-29,0.23967021847179,0.0,0.0,0.3698035572073267,0.5447339383430538,0.3698035572073267,0.0,0.0,0.0
2021-07-29,0.0475142567115945,0.0,0.0,0.3698035572073267,0.5447339383430538,0.3698035572073267,0.0,0.0,0.0
2021-07-29,0.1120332846822315,0.0,0.0,0.3698035572073267,0.5447339383430538,0.3698035572073267,0.0,0.0,0.0
2021-07-29,0.113034338964668,0.0,0.0,0.3698035572073267,0.5447339383430538,0.3698035572073267,0.0,0.0,0.0
2021-07-29,0.0986840399145461,0.0,0.0,0.3698035572073267,0.5447339383430538,0.3698035572073267,0.0,0.0,0.0
2021-07-29,0.1090857894668957,0.0,0.0,0.3698035572073267,0.5447339383430538,0.3698035572073267,0.0,0.0,0.0
2021-07-29,0.3412253735449927,0.0,0.0,0.3698035572073267,0.5447339383430538,0.3698035572073267,0.0,0.0,0.0
2021-07-29,0.0631446428323654,0.0,0.0,0.3698035572073267,0.5447339383430538,0.3698035572073267,0.0,0.00016774621714892469,0.00016774621714892469
2021-07-30,0.3248081812142331,0.0,0.0,0.3698035572073267,0.5447339383430538,0.3698035572073267,0.0,0.0,0.0
2021-07-30,0.1582609449393295,0.0,0.0,0.3698035572073267,0.5447339383430538,0.3698035572073267,0.0,0.0,0.0
2021-07-30,0.049937581294645,0.0,0.0,0.3698035572073267,0.5447339383430538,0.3698035572073267,0.0,0.0,0.0
2021-07-30,0.129114259909071,0.0,0.0,0.3698035572073267,0.5447339383430538,0.3698035572073267,0.0,0.0,0.0
2021-07-30,0.1011280840025081,0.0,0.0,0.3698035572073267,0.5447339383430538,0.3698035572073267,0.0,0.0,0.0
2021-07-30,0.1804992169236887,0.0,0.0,0.3698035572073267,0.5447339383430538,0.3698035572073267,0.0,0.0,0.0
2021-07-30,0.3095973239680185,0.0,0.0,0.3698035572073267,0.5447339383430538,0.3698035572073267,0.0,0.0,0.0
2021-07-30,0.1226515491482821,0.0,0.0,0.3698035572073267,0.5447339383430538,0.3698035572073267,0.0,7.479426599416001e-05,7.479426599416001e-05
2021-07-30,0.0709890581093237,0.0,0.0,0.3698035572073267,0.5447339383430538,0.3698035572073267,0.0,0.0,0.0
2021-07-30,0.2364959078928053,0.0,0.0,0.3698035572073267,0.5447339383430538,0.3698035572073267,0.0,0.0,0.0
2021-07-30,0.2752270179593408,0.0,0.0,0.3698035572073267,0.5447339383430538,0.3698035572073267,0.0,0.0,0.0
2021-07-30,0.095432410711997,0.0,0.0,0.3698035572073267,0.5447339383430538,0.3698035572073267,0.0,2.2829838067427512e-05,2.2829838067427512e-05
2021-07-31,0.1018042078360733,0.0,0.0,0.3698035572073267,0.5447339383430538,0.3698035572073267,0.0,0.0,0.0
2021-07-31,0.0556238436774528,0.0,0.0,0.3698035572073267,0.5447339383430538,0.3698035572073267,0.0,0.0,0.0
2021-07-31,0.1496457251986926,0.0,0.0,0.3698035572073267,0.5447339383430538,0.3698035572073267,0.0,0.0,0.0
2021-07-31,0.0813041558923519,0.0,0.0,0.3698035572073267,0.5447339383430538,0.3698035572073267,0.0,0.0,0.0
2021-07-31,0.0652268974385048,0.0,0.0,0.3698035572073267,0.5447339383430538,0.3698035572073267,0.0,0.0,0.0
2021-07-31,0.1204829080352757,0.0,0.0,0.3698035572073267,0.5447339383430538,0.3698035572073267,0.0,0.00044876559596496,0.00044876559596496
2021-07-31,0.0792529729589671,0.0,0.0,0.3698035572073267,0.5447339383430538,0.3698035572073267,0.0,0.0,0.0
2021-07-31,0.0467409070666517,0.0,0.0,0.3698035572073267,0.5447339383430538,0.3698035572073267,0.0,0.0,0.0
2021-07-31,0.065022694049356,0.0,0.0,0.3698035572073267,0.5447339383430538,0.3698035572073267,0.0,0.0,0.0
2021-07-31,0.0768877511266615,0.0,0.0,0.3698035572073267,0.5447339383430538,0.3698035572073267,0.0,0.0008327050703477559,0.0008327050703477559
2021-07-31,0.1151649453048273,0.0,0.0,0.3698035572073267,0.5447339383430538,0.3698035572073267,0.0,0.0,0.0
2021-07-31,0.0800491303715512,0.0,0.0,0.3698035572073267,0.5447339383430538,0.3698035572073267,0.0,0.0,0.0
2021-08-01,0.0496717420765407,0.0,0.0,0.3698035572073267,0.5447339383430538,0.3698035572073267,0.0,0.0,0.0
2021-08-01,0.0495884976631878,0.0,0.0,0.3698035572073267,0.5447339383430538,0.3698035572073267,0.0,0.0,0.0
2021-08-01,0.1246337805676268,0.0,0.0,0.3698035572073267,0.5447339383430538,0.3698035572073267,0.0,0.0,0.0
2021-08-01,0.0391880475368384,0.0,0.0,0.3698035572073267,0.5447339383430538,0.3698035572073267,0.0,0.0,0.0
2021-08-01,0.0263718701196095,0.0,0.0,0.3698035572073267,0.5447339383430538,0.3698035572073267,0.0,0.0,0.0
2021-08-01,0.0087780440379395,0.0,0.0,0.3698035572073267,0.5447339383430538,0.3698035572073267,0.0,0.0,0.0
2021-08-01,0.0135403171239157,0.0,0.0,0.3698035572073267,0.5447339383430538,0.3698035572073267,0.0,0.0,0.0
2021-08-01,0.0244511565257906,0.0,0.0,0.3698035572073267,0.5447339383430538,0.3698035572073267,0.0,3.7961242367998136e-06,3.7961242367998136e-06
2021-08-01,0.0204736961970443,0.0,0.0,0.3698035572073267,0.5447339383430538,0.3698035572073267,0.0,0.0,0.0
2021-08-01,0.0171768518934384,0.0,0.0,0.3698035572073267,0.5447339383430538,0.3698035572073267,0.0,0.0,0.0
2021-08-01,0.0459061603206328,0.0,0.0,0.3698035572073267,0.5447339383430538,0.3698035572073267,0.0,0.0,0.0
2021-08-01,0.060175040817525,0.0,0.0,0.3698035572073267,0.5447339383430538,0.3698035572073267,0.0,0.00033549243429784937,0.00033549243429784937
2021-08-02,0.0619628908238415,0.0,0.0,0.3698035572073267,0.5447339383430538,0.3698035572073267,0.0,0.0040259092115741925,0.0040259092115741925
2021-08-02,0.0015386117605649,0.0,0.0,0.3698035572073267,0.5447339383430538,0.3698035572073267,0.0,0.0,0.0
2021-08-02,0.3670978858124256,0.0,0.0,0.3698035572073267,0.5447339383430538,0.3698035572073267,0.0,0.0,0.0
2021-08-02,0.0154501385384325,0.0,0.0,0.3698035572073267,0.5447339383430538,0.3698035572073267,0.0,0.0,0.0
2021-08-02,0.0139932999429718,0.0,0.0,0.3698035572073267,0.5447339383430538,0.3698035572073267,0.0,0.0,0.0
2021-08-02,0.0285848265181882,0.0,0.0,0.3698035572073267,0.5447339383430538,0.3698035572073267,0.0,0.0,0.0
2021-08-02,0.0044651981194469,0.0,0.0,0.3698035572073267,0.5447339383430538,0.3698035572073267,0.0,0.0,0.0
2021-08-02,0.0065741312000741,0.0,0.0,0.3698035572073267,0.5447339383430538,0.3698035572073267,0.0,0.0,0.0
2021-08-02,0.0272722662272281,0.0,0.0,0.3698035572073267,0.5447339383430538,0.3698035572073267,0.0,0.0,0.0
2021-08-02,0.0011238800262112,0.0,0.0,0.3698035572073267,0.5447339383430538,0.3698035572073267,0.0,0.0,0.0
2021-08-02,0.0300423405652794,0.0,0.0,0.3698035572073267,0.5447339383430538,0.3698035572073267,0.0,0.0,0.0
2021-08-02,0.0612327170881419,0.0,0.0,0.3698035572073267,0.5447339383430538,0.3698035572073267,0.0,0.0025161932572338704,0.0025161932572338704
2021-08-03,0.0864278626265935,0.0,0.0,0.3698035572073267,0.5447339383430538,0.3698035572073267,0.0,3.9819485000980315e-08,3.9819485000980315e-08
2021-08-03,0.0276626960206333,0.0,0.0,0.3698035572073267,0.5447339383430538,0.3698035572073267,0.0,0.0,0.0
2021-08-03,0.0355000224845122,0.0,0.0,0.3698035572073267,0.5447339383430538,0.3698035572073267,0.0,0.0,0.0
2021-08-03,0.0634044792021278,0.0,0.0,0.3698035572073267,0.5447339383430538,0.3698035572073267,0.0,0.0,0.0
2021-08-03,0.0464294578015811,0.0,0.0,0.3698035572073267,0.5447339383430538,0.3698035572073267,0.0,0.0,0.0
2021-08-03,0.0683937183907221,0.0,0.0,0.3698035572073267,0.5447339383430538,0.3698035572073267,0.0,0.0,0.0
2021-08-03,0.0222378753632636,0.0,0.0,0.3698035572073267,0.5447339383430538,0.3698035572073267,0.0,0.0,0.0
2021-08-03,0.0387202094465175,0.0,0.0,0.3698035572073267,0.5447339383430538,0.3698035572073267,0.0,0.0,0.0
2021-08-03,0.0399924247906669,0.0,0.0,0.3698035572073267,0.5447339383430538,0.3698035572073267,0.0,0.0,0.0
2021-08-03,0.0463278544424309,0.0,0.0,0.3698035572073267,0.5447339383430538,0.3698035572073267,0.0,0.0,0.0
2021-08-03,0.0252884031952877,0.0,0.0,0.3698035572073267,0.5447339383430538,0.3698035572073267,0.0,2.0706132200726257e-06,2.0706132200726257e-06
2021-08-03,0.0862181023217492,0.0,0.0,0.3698035572073267,0.5447339383430538,0.3698035572073267,0.0,1.061852933359475e-07,1.061852933359475e-07
2021-08-04,0.0411836564820692,0.0,0.0,0.3698035572073267,0.5447339383430538,0.3698035572073267,0.0,0.0,0.0
2021-08-04,0.0201162034931177,0.0,0.0,0.3698035572073267,0.5447339383430538,0.3698035572073267,0.0,0.0003650252190071673,0.0003650252190071673
2021-08-04,0.0088538365486019,0.0,0.0,0.3698035572073267,0.5447339383430538,0.3698035572073267,0.0,0.0,0.0
2021-08-04,0.1009912670317172,0.0,0.0,0.3698035572073267,0.5447339383430538,0.3698035572073267,0.0,0.0,0.0
2021-08-04,0.016914318751967,0.0,0.0,0.3698035572073267,0.5447339383430538,0.3698035572073267,0.0,0.0,0.0
2021-08-04,0.0086306715169241,0.0,0.0,0.3698035572073267,0.5447339383430538,0.3698035572073267,0.0,0.0,0.0
2021-08-04,0.021539486216881,0.0,0.0,0.3698035572073267,0.5447339383430538,0.3698035572073267,0.0,0.0,0.0
2021-08-04,0.0186240902018881,0.0,0.0,0.3698035572073267,0.5447339383430538,0.3698035572073267,0.0,0.0,0.0
2021-08-04,0.0059760808695809,0.0,0.0,0.3698035572073267,0.5447339383430538,0.3698035572073267,0.0,0.0,0.0
2021-08-04,0.0828268901850422,0.0,0.0,0.3698035572073267,0.5447339383430538,0.3698035572073267,0.0,0.00026878152375895943,0.00026878152375895943
2021-08-04,0.0173899564524956,0.0,0.0,0.3698035572073267,0.5447339383430538,0.3698035572073267,0.0,0.0,0.0
2021-08-04,0.0551630227096572,0.0,0.0,0.3698035572073267,0.5447339383430538,0.3698035572073267,0.0,0.00027873639500929136,0.00027873639500929136
2021-08-05,0.0124902791736426,0.0,0.0,0.5048473586408282,0.6645348706285041,0.3698035572073267,0.13504380143350148,0.0871032519246086,0.04794054950889287
2021-08-05,0.0075982127828067,0.0,0.0,0.5048473586408282,0.6645348706285041,0.5048473586408282,0.0,0.0,0.0
2021-08-05,0.0376040646052691,0.0,0.0,0.5048473586408282,0.6645348706285041,0.5048473586408282,0.0,0.0,0.0
2021-08-05,0.2046394563382275,0.0,0.0,0.5048473586408282,0.6645348706285041,0.5048473586408282,0.0,0.0001025086275550835,0.0001025086275550835
2021-08-05,0.027574577056828,0.0,0.0,0.5048473586408282,0.6645348706285041,0.5048473586408282,0.0,0.0,0.0
2021-08-05,0.0103660604563018,0.0,0.0,0.5048473586408282,0.6645348706285041,0.5048473586408282,0.0,0.0006752190071675074,0.0006752190071675074
2021-08-05,0.2949048419974246,0.0,0.0,0.5048473586408282,0.6645348706285041,0.5048473586408282,0.0,0.0,0.0
2021-08-05,0.0157572896836074,0.0,0.0,0.5048473586408282,0.6645348706285041,0.5048473586408282,0.0,0.0,0.0
2021-08-05,0.0112986335262096,0.0,0.0,0.5048473586408282,0.6645348706285041,0.5048473586408282,0.0,0.002025657021502522,0.002025657021502522
2021-08-05,0.0408556361203377,0.0,0.0,0.5048473586408282,0.6645348706285041,0.5048473586408282,0.0,0.0,0.0
2021-08-05,0.0194267722045655,0.0,0.0,0.5048473586408282,0.6645348706285041,0.5048473586408282,0.0,0.0,0.0
2021-08-05,0.0552207910525657,0.0,0.0,0.5048473586408282,0.6645348706285041,0.5048473586408282,0.0,0.0025086275550836225,0.0025086275550836225
2021-08-06,0.0365419813369255,0.0,0.0,0.5048473586408282,0.6645348706285041,0.5048473586408282,0.0,0.0,0.0
2021-08-06,0.05250829459526,0.0,0.0,0.5048473586408282,0.6645348706285041,0.5048473586408282,0.0,0.00026546323334218137,0.00026546323334218137
2021-08-06,0.0056733100024541,0.0,0.0,0.5048473586408282,0.6645348706285041,0.5048473586408282,0.0,0.0,0.0
2021-08-06,0.0060656079983898,0.0,0.0,0.5048473586408282,0.6645348706285041,0.5048473586408282,0.0,0.0,0.0
2021-08-06,0.1022344987807385,0.0,0.0,0.5048473586408282,0.6645348706285041,0.5048473586408282,0.0,0.0,0.0
2021-08-06,0.0825538153298268,0.0,0.0,0.5048473586408282,0.6645348706285041,0.5048473586408282,0.0,8.959384125298647e-05,8.959384125298647e-05
2021-08-06,0.0336642793749167,0.0,0.0,0.5048473586408282,0.6645348706285041,0.5048473586408282,0.0,0.0,0.0
2021-08-06,0.0049280851560726,0.0,0.0,0.5048473586408282,0.6645348706285041,0.5048473586408282,0.0,0.0,0.0
2021-08-06,0.002243644463008,0.0,0.0,0.5048473586408282,0.6645348706285041,0.5048473586408282,0.0,0.0,0.0
2021-08-06,0.0039482071212335,0.0,0.0,0.5048473586408282,0.6645348706285041,0.5048473586408282,0.0,0.0003278603663392601,0.0003278603663392601
2021-08-06,0.0203763359172882,0.0,0.0,0.5048473586408282,0.6645348706285041,0.5048473586408282,0.0,0.0003650252190071673,0.0003650252190071673
2021-08-06,0.0155333352969104,0.0,0.0,0.5048473586408282,0.6645348706285041,0.5048473586408282,0.0,0.0,0.0
2021-08-07,0.0342002688790049,0.0,0.0,0.5048473586408282,0.6645348706285041,0.5048473586408282,0.0,0.0,0.0
2021-08-07,0.0418171908140221,0.0,0.0,0.5048473586408282,0.6645348706285041,0.5048473586408282,0.0,0.0,0.0
2021-08-07,0.0239719768805978,0.0,0.0,0.5048473586408282,0.6645348706285041,0.5048473586408282,0.0,0.0016040084948234612,0.0016040084948234612
2021-08-07,0.0265215005506382,0.0,0.0,0.5048473586408282,0.6645348706285041,0.5048473586408282,0.0,0.0,0.0
2021-08-07,0.0376139634085636,0.0,0.0,0.5048473586408282,0.6645348706285041,0.5048473586408282,0.0,0.0,0.0
2021-08-07,0.0099983651666048,0.0,0.0,0.5048473586408282,0.6645348706285041,0.5048473586408282,0.0,0.0,0.0
2021-08-07,0.1643447138321136,0.0,0.0,0.5048473586408282,0.6645348706285041,0.5048473586408282,0.0,0.0,0.0
2021-08-07,0.0593039421663914,0.0,0.0,0.5048473586408282,0.6645348706285041,0.5048473586408282,0.0,0.0,0.0
2021-08-07,0.0221416034638447,0.0,0.0,0.5048473586408282,0.6645348706285041,0.5048473586408282,0.0,0.0,0.0
2021-08-07,0.0337289958893269,0.0,0.0,0.5048473586408282,0.6645348706285041,0.5048473586408282,0.0,0.0,0.0
2021-08-07,0.0266223723440565,0.0,0.0,0.5048473586408282,0.6645348706285041,0.5048473586408282,0.0,0.0,0.0
2021-08-07,0.0198522699517311,0.0,0.0,0.5048473586408282,0.6645348706285041,0.5048473586408282,0.0,0.0003650252190071673,0.0003650252190071673
2021-08-08,0.034965098444958,0.0,0.0,0.5048473586408282,0.6645348706285041,0.5048473586408282,0.0,0.0,0.0
2021-08-08,0.0561531069027626,0.0,0.0,0.5048473586408282,0.6645348706285041,0.5048473586408282,0.0,0.0,0.0
2021-08-08,0.0313750668186321,0.0,0.0,0.5048473586408282,0.6645348706285041,0.5048473586408282,0.0,0.0,0.0
2021-08-08,0.0238876058723067,0.0,0.0,0.5048473586408282,0.6645348706285041,0.5048473586408282,0.0,0.0008020042474117306,0.0008020042474117306
2021-08-08,0.0921280493030212,0.0,0.0,0.5048473586408282,0.6645348706285041,0.5048473586408282,0.0,0.0,0.0
2021-08-08,0.0382067818557097,0.0,0.0,0.5048473586408282,0.6645348706285041,0.5048473586408282,0.0,0.0,0.0
2021-08-08,0.0080046131511062,0.0,0.0,0.5048473586408282,0.6645348706285041,0.5048473586408282,0.0,0.0,0.0
2021-08-08,0.0205493859475437,0.0,0.0,0.5048473586408282,0.6645348706285041,0.5048473586408282,0.0,0.0,0.0
2021-08-08,0.046272907751253,0.0,0.0,0.5048473586408282,0.6645348706285041,0.5048473586408282,0.0,0.00026546323334218137,0.00026546323334218137
2021-08-08,0.0147144244075176,0.0,0.0,0.5048473586408282,0.6645348706285041,0.5048473586408282,0.0,0.0,0.0
2021-08-08,0.037277054019708,0.0,0.0,0.5048473586408282,0.6645348706285041,0.5048473586408282,0.0,0.0,0.0
2021-08-08,0.0419519780795496,0.0,0.0,0.5048473586408282,0.6645348706285041,0.5048473586408282,0.0,0.0,0.0
2021-08-09,0.0374195452062309,0.0,0.0,0.5048473586408282,0.6645348706285041,0.5048473586408282,0.0,0.0,0.0
2021-08-09,0.141119037369078,0.0,0.0,0.5048473586408282,0.6645348706285041,0.5048473586408282,0.0,0.0,0.0
2021-08-09,0.0731651122995787,0.0,0.0,0.5048473586408282,0.6645348706285041,0.5048473586408282,0.0,0.0,0.0
2021-08-09,0.107192449336861,0.0,0.0,0.5048473586408282,0.6645348706285041,0.5048473586408282,0.0,0.0,0.0
2021-08-09,0.0691624492703719,0.0,0.0,0.5048473586408282,0.6645348706285041,0.5048473586408282,0.0,0.0,0.0
2021-08-09,0.0623312428512134,0.0,0.0,0.5048473586408282,0.6645348706285041,0.5048473586408282,0.0,0.00016774621714892469,0.00016774621714892469
2021-08-09,0.043713055171614,0.0,0.0,0.5048473586408282,0.6645348706285041,0.5048473586408282,0.0,0.00020451287496681624,0.00020451287496681624
2021-08-09,0.0555363510480859,0.0,0.0,0.5048473586408282,0.6645348706285041,0.5048473586408282,0.0,0.0008362091850278741,0.0008362091850278741
2021-08-09,0.1095582205931344,0.0,0.0,0.5048473586408282,0.6645348706285041,0.5048473586408282,0.0,0.0,0.0
2021-08-09,0.0679734235026877,0.0,0.0,0.5048473586408282,0.6645348706285041,0.5048473586408282,0.0,0.0,0.0
2021-08-09,0.0676705568537968,0.0,0.0,0.5048473586408282,0.6645348706285041,0.5048473586408282,0.0,0.0,0.0
2021-08-09,0.0794960214481996,0.0,0.0,0.5048473586408282,0.6645348706285041,0.5048473586408282,0.0,0.0,0.0
2021-08-10,0.0604922531849893,0.0,0.0,0.5048473586408282,0.6645348706285041,0.5048473586408282,0.0,0.0,0.0
2021-08-10,0.0445158480512393,0.0,0.0,0.5048473586408282,0.6645348706285041,0.5048473586408282,0.0,0.0029177860366339193,0.0029177860366339193
2021-08-10,0.122416288070942,0.0,0.0,0.5048473586408282,0.6645348706285041,0.5048473586408282,0.0,0.0,0.0
2021-08-10,0.0071693632847398,0.0,0.0,0.5048473586408282,0.6645348706285041,0.5048473586408282,0.0,0.0,0.0
2021-08-10,0.027434428104181,0.0,0.0,0.5048473586408282,0.6645348706285041,0.5048473586408282,0.0,0.0,0.0
2021-08-10,0.0570795110587964,0.0,0.0,0.5048473586408282,0.6645348706285041,0.5048473586408282,0.0,0.0,0.0
2021-08-10,0.3443412844580935,0.0,0.0,0.5048473586408282,0.6645348706285041,0.5048473586408282,0.0,0.0,0.0
2021-08-10,0.0266497914821093,0.0,0.0,0.5048473586408282,0.6645348706285041,0.5048473586408282,0.0,0.0,0.0
2021-08-10,0.0586597290331025,0.0,0.0,0.5048473586408282,0.6645348706285041,0.5048473586408282,0.0,0.0,0.0
2021-08-10,0.0012498008749971,0.0,0.0,0.5048473586408282,0.6645348706285041,0.5048473586408282,0.0,0.0,0.0
2021-08-10,0.0144231911660592,0.0,0.0,0.5048473586408282,0.6645348706285041,0.5048473586408282,0.0,0.0,0.0
2021-08-10,0.0034318070749399,0.0,0.0,0.5048473586408282,0.6645348706285041,0.5048473586408282,0.0,5.880010618529302e-05,5.880010618529302e-05
2021-08-11,0.0197208098368606,0.0,0.0,0.5048473586408282,0.6645348706285041,0.5048473586408282,0.0,0.0,0.0
2021-08-11,0.1196687368484946,0.0,0.0,0.5048473586408282,0.6645348706285041,0.5048473586408282,0.0,0.0,0.0
2021-08-11,0.0022035204371277,0.0,0.0,0.5048473586408282,0.6645348706285041,0.5048473586408282,0.0,0.0,0.0
2021-08-11,0.0163512880539865,0.0,0.0,0.5048473586408282,0.6645348706285041,0.5048473586408282,0.0,0.0,0.0
2021-08-11,0.0169380225219624,0.0,0.0,0.5048473586408282,0.6645348706285041,0.5048473586408282,0.0,0.0,0.0
2021-08-11,0.0100456865964852,0.0,0.0,0.5048473586408282,0.6645348706285041,0.5048473586408282,0.0,0.0,0.0
2021-08-11,0.0006961953469383,0.0,0.0,0.5048473586408282,0.6645348706285041,0.5048473586408282,0.0,0.0,0.0
2021-08-11,0.005152229060905,0.0,0.0,0.5048473586408282,0.6645348706285041,0.5048473586408282,0.0,0.0,0.0
2021-08-11,0.1048503229136545,0.0,0.0,0.5048473586408282,0.6645348706285041,0.5048473586408282,0.0,0.0,0.0
2021-08-11,0.0667906471596095,0.0,0.0,0.5048473586408282,0.6645348706285041,0.5048473586408282,0.0,0.0,0.0
2021-08-11,0.0001355769352225,0.0,0.0,0.5048473586408282,0.6645348706285041,0.5048473586408282,0.0,0.0,0.0
2021-08-11,0.0051294943813486,0.0,0.0,0.5048473586408282,0.6645348706285041,0.5048473586408282,0.0,0.0,0.0
2021-08-12,0.0027348500181778,0.0,0.0,0.585877355986196,0.7258765509942116,0.5048473586408282,0.08102999734536775,0.053884948234669675,0.02714504911069808
2021-08-12,0.0142981901331822,0.0,0.0,0.585877355986196,0.7258765509942116,0.585877355986196,0.0,0.0,0.0
2021-08-12,0.0005801748285501,0.0,0.0,0.585877355986196,0.7258765509942116,0.585877355986196,0.0,0.0,0.0
2021-08-12,0.1232149535145341,0.0,0.0,0.585877355986196,0.7258765509942116,0.585877355986196,0.0,0.0,0.0
2021-08-12,0.0019060442311727,0.0,0.0,0.585877355986196,0.7258765509942116,0.585877355986196,0.0,0.0,0.0
2021-08-12,0.0207735442441669,0.0,0.0,0.585877355986196,0.7258765509942116,0.585877355986196,0.0,0.0,0.0
2021-08-12,0.0063360648526561,0.0,0.0,0.585877355986196,0.7258765509942116,0.585877355986196,0.0,0.0,0.0
2021-08-12,3.1574756081450657e-06,0.0,0.0,0.585877355986196,0.7258765509942116,0.585877355986196,0.0,0.0,0.0
2021-08-12,0.0034296766086305,0.0,0.0,0.585877355986196,0.7258765509942116,0.585877355986196,0.0,0.0012154499601805162,0.0012154499601805162
2021-08-12,0.0079932998059953,0.0,0.0,0.585877355986196,0.7258765509942116,0.585877355986196,0.0,0.0,0.0
2021-08-12,0.0387551961768976,0.0,0.0,0.585877355986196,0.7258765509942116,0.585877355986196,0.0,0.0,0.0
2021-08-12,0.0827615716125071,0.0,0.0,0.585877355986196,0.7258765509942116,0.585877355986196,0.0,8.959384125298647e-05,8.959384125298647e-05
2021-08-13,0.0019991503993709,0.0,0.0,0.585877355986196,0.7258765509942116,0.585877355986196,0.0,0.0,0.0
2021-08-13,0.046707766557771,0.0,0.0,0.585877355986196,0.7258765509942116,0.585877355986196,0.0,0.0,0.0
2021-08-13,0.0791269704980838,0.0,0.0,0.585877355986196,0.7258765509942116,0.585877355986196,0.0,0.0,0.0
2021-08-13,0.0510472097088609,0.0,0.0,0.585877355986196,0.7258765509942116,0.585877355986196,0.0,0.0,0.0
2021-08-13,0.0124379080021792,0.0,0.0,0.585877355986196,0.7258765509942116,0.585877355986196,0.0,0.008466817095832226,0.008466817095832226
2021-08-13,0.0251121654990565,0.0,0.0,0.585877355986196,0.7258765509942116,0.585877355986196,0.0,0.00026393681975046574,0.00026393681975046574
2021-08-13,0.0349953074802498,0.0,0.0,0.585877355986196,0.7258765509942116,0.585877355986196,0.0,0.0,0.0
2021-08-13,0.0334062513359839,0.0,0.0,0.585877355986196,0.7258765509942116,0.585877355986196,0.0,0.0,0.0
2021-08-13,0.1923408305326815,0.0,0.0,0.585877355986196,0.7258765509942116,0.585877355986196,0.0,0.0001025086275550835,0.0001025086275550835
2021-08-13,0.076659330249999,0.0,0.0,0.585877355986196,0.7258765509942116,0.585877355986196,0.0,0.0008533315635784428,0.0008533315635784428
2021-08-13,0.0151578378240681,0.0,0.0,0.585877355986196,0.7258765509942116,0.585877355986196,0.0,0.0,0.0
2021-08-13,0.0137229348074495,0.0,0.0,0.585877355986196,0.7258765509942116,0.585877355986196,0.0,0.0,0.0
2021-08-14,0.0386117783811705,0.0,0.0,0.585877355986196,0.7258765509942116,0.585877355986196,0.0,0.0,0.0
2021-08-14,0.0281863601914543,0.0,0.0,0.585877355986196,0.7258765509942116,0.585877355986196,0.0,0.0,0.0
2021-08-14,0.0041722985955226,0.0,0.0,0.585877355986196,0.7258765509942116,0.585877355986196,0.0,0.00019304486328643373,0.00019304486328643373
2021-08-14,0.0857462939204322,0.0,0.0,0.585877355986196,0.7258765509942116,0.585877355986196,0.0,1.3273161666993438e-08,1.3273161666993438e-08
2021-08-14,0.038967985745467,0.0,0.0,0.585877355986196,0.7258765509942116,0.585877355986196,0.0,0.0,0.0
2021-08-14,0.1127327789330452,0.0,0.0,0.585877355986196,0.7258765509942116,0.585877355986196,0.0,0.0,0.0
2021-08-14,0.0076148846312585,0.0,0.0,0.585877355986196,0.7258765509942116,0.585877355986196,0.0,0.0,0.0
2021-08-14,0.0240276211154992,0.0,0.0,0.585877355986196,0.7258765509942116,0.585877355986196,0.0,0.00454469073533314,0.00454469073533314
2021-08-14,0.0023131187368684,0.0,0.0,0.585877355986196,0.7258765509942116,0.585877355986196,0.0,0.0,0.0
2021-08-14,0.1685347578574068,0.0,0.0,0.585877355986196,0.7258765509942116,0.585877355986196,0.0,0.0,0.0
2021-08-14,0.0099636586365249,0.0,0.0,0.585877355986196,0.7258765509942116,0.585877355986196,0.0,0.0,0.0
2021-08-14,0.0460659800099858,0.0,0.0,0.585877355986196,0.7258765509942116,0.585877355986196,0.0,0.0,0.0
2021-08-15,0.0619067298912567,0.0,0.0,0.585877355986196,0.7258765509942116,0.585877355986196,0.0,0.00016774621714892469,0.00016774621714892469
2021-08-15,0.033527396470288,0.0,0.0,0.585877355986196,0.7258765509942116,0.585877355986196,0.0,0.0,0.0
2021-08-15,0.0190454788660244,0.0,0.0,0.585877355986196,0.7258765509942116,0.585877355986196,0.0,0.0,0.0
2021-08-15,0.0409562967847965,0.0,0.0,0.585877355986196,0.7258765509942116,0.585877355986196,0.0,0.0,0.0
2021-08-15,0.0338458930575067,0.0,0.0,0.585877355986196,0.7258765509942116,0.585877355986196,0.0,0.0,0.0
2021-08-15,0.0138933634401082,0.0,0.0,0.585877355986196,0.7258765509942116,0.585877355986196,0.0,0.0,0.0
2021-08-15,0.0347914099652454,0.0,0.0,0.585877355986196,0.7258765509942116,0.585877355986196,0.0,0.0,0.0
2021-08-15,0.0334256860565755,0.0,0.0,0.585877355986196,0.7258765509942116,0.585877355986196,0.0,0.0,0.0
2021-08-15,0.0752056794038106,0.0,0.0,0.585877355986196,0.7258765509942116,0.585877355986196,0.0,0.0,0.0
2021-08-15,0.0523108328669837,0.0,0.0,0.585877355986196,0.7258765509942116,0.585877355986196,0.0,0.0,0.0
2021-08-15,0.0168026740506345,0.0,0.0,0.585877355986196,0.7258765509942116,0.585877355986196,0.0,0.0,0.0
2021-08-15,0.0161160971493525,0.0,0.0,0.585877355986196,0.7258765509942116,0.585877355986196,0.0,0.0,0.0
2021-08-16,0.057748765722999,0.0,0.0,0.585877355986196,0.7258765509942116,0.585877355986196,0.0,0.0,0.0
2021-08-16,0.0424151142191011,0.0,0.0,0.585877355986196,0.7258765509942116,0.585877355986196,0.0,0.0,0.0
2021-08-16,0.0030431844184473,0.0,0.0,0.585877355986196,0.7258765509942116,0.585877355986196,0.0,0.005266949827448904,0.005266949827448904
2021-08-16,0.0098216942080562,0.0,0.0,0.585877355986196,0.7258765509942116,0.585877355986196,0.0,0.0,0.0
2021-08-16,0.0045313434749127,0.0,0.0,0.585877355986196,0.7258765509942116,0.585877355986196,0.0,0.0,0.0
2021-08-16,0.0258669105844755,0.0,0.0,0.585877355986196,0.7258765509942116,0.585877355986196,0.0,0.0,0.0
2021-08-16,0.0507817324419818,0.0,0.0,0.585877355986196,0.7258765509942116,0.585877355986196,0.0,0.0,0.0
2021-08-16,0.0261448664039767,0.0,0.0,0.585877355986196,0.7258765509942116,0.585877355986196,0.0,0.0,0.0
2021-08-16,0.0124951083367366,0.0,0.0,0.585877355986196,0.7258765509942116,0.585877355986196,0.0,0.02410317228563843,0.02410317228563843
2021-08-16,0.0111495151745339,0.0,0.0,0.585877355986196,0.7258765509942116,0.585877355986196,0.0,0.0,0.0
2021-08-16,0.0180840607138769,0.0,0.0,0.585877355986196,0.7258765509942116,0.585877355986196,0.0,0.0,0.0
2021-08-16,0.0022826436339224,0.0,0.0,0.585877355986196,0.7258765509942116,0.585877355986196,0.0,0.0,0.0
2021-08-17,0.0,0.0,0.0,0.585877355986196,0.7258765509942116,0.585877355986196,0.0,0.0,0.0
2021-08-17,0.0,0.0,0.0,0.585877355986196,0.7258765509942116,0.585877355986196,0.0,0.0,0.0
2021-08-17,0.0,0.0,0.0,0.585877355986196,0.7258765509942116,0.585877355986196,0.0,0.0,0.0
2021-08-17,0.0,0.0,0.0,0.585877355986196,0.7258765509942116,0.585877355986196,0.0,0.0,0.0
2021-08-17,0.0,0.0,0.0,0.585877355986196,0.7258765509942116,0.585877355986196,0.0,0.0,0.0
2021-08-17,0.0,0.0,0.0,0.585877355986196,0.7258765509942116,0.585877355986196,0.0,0.0,0.0
2021-08-17,0.0,0.0,0.0,0.585877355986196,0.7258765509942116,0.585877355986196,0.0,0.0,0.0
2021-08-17,0.0259387748488937,0.0,0.0,0.585877355986196,0.7258765509942116,0.585877355986196,0.0,0.0,0.0
2021-08-17,0.0,0.0,0.0,0.585877355986196,0.7258765509942116,0.585877355986196,0.0,0.0,0.0
2021-08-17,0.0,0.0,0.0,0.585877355986196,0.7258765509942116,0.585877355986196,0.0,0.0,0.0
2021-08-17,0.0,0.0,0.0,0.585877355986196,0.7258765509942116,0.585877355986196,0.0,0.0,0.0
2021-08-17,0.0,0.0,0.0,0.585877355986196,0.7258765509942116,0.585877355986196,0.0,0.0,0.0
2021-08-18,0.0,0.0,0.0,0.585877355986196,0.7258765509942116,0.585877355986196,0.0,0.0,0.0
2021-08-18,0.0,0.0,0.0,0.585877355986196,0.7258765509942116,0.585877355986196,0.0,0.0,0.0
2021-08-18,0.0,0.0,0.0,0.585877355986196,0.7258765509942116,0.585877355986196,0.0,0.0,0.0
2021-08-18,0.0,0.0,0.0,0.585877355986196,0.7258765509942116,0.585877355986196,0.0,0.0,0.0
2021-08-18,0.007870559635531,0.0,0.0,0.585877355986196,0.7258765509942116,0.585877355986196,0.0,0.0,0.0
2021-08-18,0.0,0.0,0.0,0.585877355986196,0.7258765509942116,0.585877355986196,0.0,0.0,0.0
2021-08-18,0.0,0.0,0.0,0.585877355986196,0.7258765509942116,0.585877355986196,0.0,0.0,0.0
2021-08-18,0.0,0.0,0.0,0.585877355986196,0.7258765509942116,0.585877355986196,0.0,0.0,0.0
2021-08-18,0.0,0.0,0.0,0.585877355986196,0.7258765509942116,0.585877355986196,0.0,0.0,0.0
2021-08-18,0.0,0.0,0.0,0.585877355986196,0.7258765509942116,0.585877355986196,0.0,0.0,0.0
2021-08-18,0.0,0.0,0.0,0.585877355986196,0.7258765509942116,0.585877355986196,0.0,0.0,0.0
2021-08-18,0.0,0.0,0.0,0.585877355986196,0.7258765509942116,0.585877355986196,0.0,0.0,0.0
2021-08-19,0.0,0.0,0.0,0.6442792673214759,0.770621748823384,0.585877355986196,0.058401911335279943,0.035041146801168016,0.023360764534111927
2021-08-19,0.0562028670424206,0.0,0.0,0.6442792673214759,0.770621748823384,0.6442792673214759,0.0,0.0005574727900185827,0.0005574727900185827
2021-08-19,4.018040838167827e-05,0.0,0.0,0.6442792673214759,0.770621748823384,0.6442792673214759,0.0,0.0037961242367931963,0.0037961242367931963
2021-08-19,0.0089739743686111,0.0,0.0,0.6442792673214759,0.770621748823384,0.6442792673214759,0.0,0.0,0.0
2021-08-19,0.0007121972228208,0.0,0.0,0.6442792673214759,0.770621748823384,0.6442792673214759,0.0,0.0,0.0
2021-08-19,6.466754530076691e-05,0.0,0.0,0.6442792673214759,0.770621748823384,0.6442792673214759,0.0,0.0037961242367931963,0.0037961242367931963
2021-08-19,0.0208321572602514,0.0,0.0,0.6442792673214759,0.770621748823384,0.6442792673214759,0.0,0.0,0.0
2021-08-19,0.0037058036526294,0.0,0.0,0.6442792673214759,0.770621748823384,0.6442792673214759,0.0,0.0,0.0
2021-08-19,0.0006625651654734,0.0,0.0,0.6442792673214759,0.770621748823384,0.6442792673214759,0.0,0.0,0.0
2021-08-19,0.0711293753672544,0.0,0.0,0.6442792673214759,0.770621748823384,0.6442792673214759,0.0,0.0,0.0
2021-08-19,0.0032378261516686,0.0,0.0,0.6442792673214759,0.770621748823384,0.6442792673214759,0.0,0.0,0.0
2021-08-19,0.0026886004018787,0.0,0.0,0.6442792673214759,0.770621748823384,0.6442792673214759,0.0,0.006887549774356256,0.006887549774356256
2021-08-20,0.1531392127495325,0.0,0.0,0.6442792673214759,0.770621748823384,0.6442792673214759,0.0,0.0,0.0
2021-08-20,0.2102776272516775,0.0,0.0,0.6442792673214759,0.770621748823384,0.6442792673214759,0.0,0.0,0.0
2021-08-20,0.0927122961661513,0.0,0.0,0.6442792673214759,0.770621748823384,0.6442792673214759,0.0,0.0,0.0
2021-08-20,0.2521776038205464,0.0,0.0,0.6442792673214759,0.770621748823384,0.6442792673214759,0.0,0.0,0.0
2021-08-20,0.0754924071262476,0.0,0.0,0.6442792673214759,0.770621748823384,0.6442792673214759,0.0,0.0,0.0
2021-08-20,0.3530102372223221,0.0,0.0,0.6442792673214759,0.770621748823384,0.6442792673214759,0.0,0.0,0.0
2021-08-20,0.0592303257870519,0.0,0.0,0.6442792673214759,0.770621748823384,0.6442792673214759,0.0,0.0,0.0
2021-08-20,0.0542087742330176,0.0,0.0,0.6442792673214759,0.770621748823384,0.6442792673214759,0.0,0.0,0.0
2021-08-20,0.313287385981662,0.0,0.0,0.6442792673214759,0.770621748823384,0.6442792673214759,0.0,0.0,0.0
2021-08-20,0.1362080702254827,0.0,0.0,0.6442792673214759,0.770621748823384,0.6442792673214759,0.0,0.0,0.0
2021-08-20,0.1655327170144708,0.0,0.0,0.6442792673214759,0.770621748823384,0.6442792673214759,0.0,0.0,0.0
2021-08-20,0.1447978629573363,0.0,0.0,0.6442792673214759,0.770621748823384,0.6442792673214759,0.0,0.0,0.0
2021-08-21,0.0681851274674711,0.0,0.0,0.6442792673214759,0.770621748823384,0.6442792673214759,0.0,0.0,0.0
2021-08-21,0.0866623091933597,0.0,0.0,0.6442792673214759,0.770621748823384,0.6442792673214759,0.0,0.0,0.0
2021-08-21,0.0418412690945097,0.0,0.0,0.6442792673214759,0.770621748823384,0.6442792673214759,0.0,0.0,0.0
2021-08-21,0.1046713118961954,0.0,0.0,0.6442792673214759,0.770621748823384,0.6442792673214759,0.0,0.0,0.0
2021-08-21,0.0254393273048555,0.0,0.0,0.6442792673214759,0.770621748823384,0.6442792673214759,0.0,0.0,0.0
2021-08-21,0.094853085600691,0.0,0.0,0.6442792673214759,0.770621748823384,0.6442792673214759,0.0,2.2829838067427512e-05,2.2829838067427512e-05
2021-08-21,0.0422585441313279,0.0,0.0,0.6442792673214759,0.770621748823384,0.6442792673214759,0.0,0.0,0.0
2021-08-21,0.0954440107730486,0.0,0.0,0.6442792673214759,0.770621748823384,0.6442792673214759,0.0,0.0,0.0
2021-08-21,0.0889448162302142,0.0,0.0,0.6442792673214759,0.770621748823384,0.6442792673214759,0.0,0.0,0.0
2021-08-21,0.1234031869396299,0.0,0.0,0.6442792673214759,0.770621748823384,0.6442792673214759,0.0,0.0,0.0
2021-08-21,0.0395251833997269,0.0,0.0,0.6442792673214759,0.770621748823384,0.6442792673214759,0.0,0.0,0.0
2021-08-21,0.0745624874490626,0.0,0.0,0.6442792673214759,0.770621748823384,0.6442792673214759,0.0,0.0,0.0
2021-08-22,0.1462636489893049,0.0,0.0,0.6442792673214759,0.770621748823384,0.6442792673214759,0.0,0.0,0.0
2021-08-22,0.1357175887393564,0.0,0.0,0.6442792673214759,0.770621748823384,0.6442792673214759,0.0,0.0,0.0
2021-08-22,0.1697124929829145,0.0,0.0,0.6442792673214759,0.770621748823384,0.6442792673214759,0.0,0.0,0.0
2021-08-22,0.130478078020706,0.0,0.0,0.6442792673214759,0.770621748823384,0.6442792673214759,0.0,0.0,0.0
2021-08-22,0.0327631571158411,0.0,0.0,0.6442792673214759,0.770621748823384,0.6442792673214759,0.0,0.0,0.0
2021-08-22,0.0868482114630193,0.0,0.0,0.6442792673214759,0.770621748823384,0.6442792673214759,0.0,0.0,0.0
2021-08-22,0.0661433918146113,0.0,0.0,0.6442792673214759,0.770621748823384,0.6442792673214759,0.0,0.0,0.0
2021-08-22,0.2630820540910099,0.0,0.0,0.6442792673214759,0.770621748823384,0.6442792673214759,0.0,0.0,0.0
2021-08-22,0.0305105657161043,0.0,0.0,0.6442792673214759,0.770621748823384,0.6442792673214759,0.0,0.0,0.0
2021-08-22,0.1474300237626884,0.0,0.0,0.6442792673214759,0.770621748823384,0.6442792673214759,0.0,0.0,0.0
2021-08-22,0.112532001049255,0.0,0.0,0.6442792673214759,0.770621748823384,0.6442792673214759,0.0,0.0,0.0
2021-08-22,0.0708917506580833,0.0,0.0,0.6442792673214759,0.770621748823384,0.6442792673214759,0.0,0.0,0.0
2021-08-23,0.0290157533208626,0.0,0.0,0.6442792673214759,0.770621748823384,0.6442792673214759,0.0,0.0,0.0
2021-08-23,0.0740261064882642,0.0,0.0,0.6442792673214759,0.770621748823384,0.6442792673214759,0.0,0.0,0.0
2021-08-23,0.0207542484622015,0.0,0.0,0.6442792673214759,0.770621748823384,0.6442792673214759,0.0,0.0,0.0
2021-08-23,0.0055067404799127,0.0,0.0,0.6442792673214759,0.770621748823384,0.6442792673214759,0.0,0.0,0.0
2021-08-23,0.0155580196707774,0.0,0.0,0.6442792673214759,0.770621748823384,0.6442792673214759,0.0,0.0,0.0
2021-08-23,0.0130699814979507,0.0,0.0,0.6442792673214759,0.770621748823384,0.6442792673214759,0.0,0.0,0.0
2021-08-23,0.0361688683848351,0.0,0.0,0.6442792673214759,0.770621748823384,0.6442792673214759,0.0,0.0,0.0
2021-08-23,0.0335158062845039,0.0,0.0,0.6442792673214759,0.770621748823384,0.6442792673214759,0.0,0.0,0.0
2021-08-23,0.0381175452929925,0.0,0.0,0.6442792673214759,0.770621748823384,0.6442792673214759,0.0,0.0,0.0
2021-08-23,0.0465281955654492,0.0,0.0,0.6442792673214759,0.770621748823384,0.6442792673214759,0.0,0.0,0.0
2021-08-23,0.0073864284368636,0.0,0.0,0.6442792673214759,0.770621748823384,0.6442792673214759,0.0,0.0,0.0
2021-08-23,0.0610958204488396,0.0,0.0,0.6442792673214759,0.770621748823384,0.6442792673214759,0.0,0.0,0.0
2021-08-24,0.0514581163736161,0.0,0.0,0.6442792673214759,0.770621748823384,0.6442792673214759,0.0,0.0,0.0
2021-08-24,0.0012093780181575,0.0,0.0,0.6442792673214759,0.770621748823384,0.6442792673214759,0.0,0.0,0.0
2021-08-24,0.0039901855594396,0.0,0.0,0.6442792673214759,0.770621748823384,0.6442792673214759,0.0,0.0,0.0
2021-08-24,0.0018507611237862,0.0,0.0,0.6442792673214759,0.770621748823384,0.6442792673214759,0.0,0.0,0.0
2021-08-24,0.0035691996895978,0.0,0.0,0.6442792673214759,0.770621748823384,0.6442792673214759,0.0,5.880010618529302e-05,5.880010618529302e-05
2021-08-24,0.0183975710037093,0.0,0.0,0.6442792673214759,0.770621748823384,0.6442792673214759,0.0,0.0,0.0
2021-08-24,0.0300585082753148,0.0,0.0,0.6442792673214759,0.770621748823384,0.6442792673214759,0.0,0.0,0.0
2021-08-24,0.0009148626617039,0.0,0.0,0.6442792673214759,0.770621748823384,0.6442792673214759,0.0,0.0,0.0
2021-08-24,0.001143123794116,0.0,0.0,0.6442792673214759,0.770621748823384,0.6442792673214759,0.0,0.0,0.0
2021-08-24,0.0073009179596917,0.0,0.0,0.6442792673214759,0.770621748823384,0.6442792673214759,0.0,0.0,0.0
2021-08-24,0.0004393439734184,0.0,0.0,0.6442792673214759,0.770621748823384,0.6442792673214759,0.0,0.0,0.0
2021-08-24,0.0284598343795304,0.0,0.0,0.6442792673214759,0.770621748823384,0.6442792673214759,0.0,0.0,0.0
2021-08-25,0.1586686867706157,0.0,0.0,0.6442792673214759,0.770621748823384,0.6442792673214759,0.0,0.0,0.0
2021-08-25,0.0188217907691057,0.0,0.0,0.6442792673214759,0.770621748823384,0.6442792673214759,0.0,0.0,0.0
2021-08-25,0.0874902178766455,0.0,0.0,0.6442792673214759,0.770621748823384,0.6442792673214759,0.0,0.0,0.0
2021-08-25,0.0028812215091594,0.0,0.0,0.6442792673214759,0.770621748823384,0.6442792673214759,0.0,0.005266949827448904,0.005266949827448904
2021-08-25,0.0291112314227802,0.0,0.0,0.6442792673214759,0.770621748823384,0.6442792673214759,0.0,0.0,0.0
2021-08-25,0.0095797336919334,0.0,0.0,0.6442792673214759,0.770621748823384,0.6442792673214759,0.0,0.0,0.0
2021-08-25,0.0136594481108989,0.0,0.0,0.6442792673214759,0.770621748823384,0.6442792673214759,0.0,0.0,0.0
2021-08-25,0.1763643788824424,0.0,0.0,0.6442792673214759,0.770621748823384,0.6442792673214759,0.0,0.0,0.0
2021-08-25,0.1516112347453866,0.0,0.0,0.6442792673214759,0.770621748823384,0.6442792673214759,0.0,0.0,0.0
2021-08-25,0.051631255003623,0.0,0.0,0.6442792673214759,0.770621748823384,0.6442792673214759,0.0,0.0,0.0
2021-08-25,0.0166750237806064,0.0,0.0,0.6442792673214759,0.770621748823384,0.6442792673214759,0.0,0.0,0.0
2021-08-25,0.0510532323540133,0.0,0.0,0.6442792673214759,0.770621748823384,0.6442792673214759,0.0,0.0,0.0
2021-08-26,0.0553240076898179,0.0,0.0,0.7000265463233342,0.8094894948994522,0.6442792673214759,0.055747279001858274,0.03400584019113355,0.021741438810724725
2021-08-26,0.0004202312864997,0.0,0.0,0.7000265463233342,0.8094894948994522,0.7000265463233342,0.0,0.0,0.0
2021-08-26,0.0303413492609494,0.0,0.0,0.7000265463233342,0.8094894948994522,0.7000265463233342,0.0,0.0,0.0
2021-08-26,0.0412676864743317,0.0,0.0,0.7000265463233342,0.8094894948994522,0.7000265463233342,0.0,0.0,0.0
2021-08-26,0.1936366052754148,0.0,0.0,0.7000265463233342,0.8094894948994522,0.7000265463233342,0.0,0.0,0.0
2021-08-26,0.0164304133702154,0.0,0.0,0.7000265463233342,0.8094894948994522,0.7000265463233342,0.0,0.0,0.0
2021-08-26,0.1730037355202665,0.0,0.0,0.7000265463233342,0.8094894948994522,0.7000265463233342,0.0,0.0,0.0
2021-08-26,0.0866202517437593,0.0,0.0,0.7000265463233342,0.8094894948994522,0.7000265463233342,0.0,0.0,0.0
2021-08-26,0.1091016085901728,0.0,0.0,0.7000265463233342,0.8094894948994522,0.7000265463233342,0.0,0.0,0.0
2021-08-26,0.028943027251947,0.0,0.0,0.7000265463233342,0.8094894948994522,0.7000265463233342,0.0,0.0,0.0
2021-08-26,0.1123877596728864,0.0,0.0,0.7000265463233342,0.8094894948994522,0.7000265463233342,0.0,0.0,0.0
2021-08-26,0.036517236674875,0.0,0.0,0.7000265463233342,0.8094894948994522,0.7000265463233342,0.0,0.0,0.0
2021-08-27,0.0369926502706944,0.0,0.0,0.7000265463233342,0.8094894948994522,0.7000265463233342,0.0,0.0,0.0
2021-08-27,0.1437070663726217,0.0,0.0,0.7000265463233342,0.8094894948994522,0.7000265463233342,0.0,0.0,0.0
2021-08-27,0.0523203167239443,0.0,0.0,0.7000265463233342,0.8094894948994522,0.7000265463233342,0.0,0.00027873639500929136,0.00027873639500929136
2021-08-27,0.0580976253885746,0.0,0.0,0.7000265463233342,0.8094894948994522,0.7000265463233342,0.0,0.0005574727900185827,0.0005574727900185827
2021-08-27,0.0024755531323296,0.0,0.0,0.7000265463233342,0.8094894948994522,0.7000265463233342,0.0,0.0,0.0
2021-08-27,0.1665484440747114,0.0,0.0,0.7000265463233342,0.8094894948994522,0.7000265463233342,0.0,0.0,0.0
2021-08-27,0.0408972013892026,0.0,0.0,0.7000265463233342,0.8094894948994522,0.7000265463233342,0.0,0.0,0.0
2021-08-27,0.0233908829395317,0.0,0.0,0.7000265463233342,0.8094894948994522,0.7000265463233342,0.0,0.0018713432439607046,0.0018713432439607046
2021-08-27,0.0004370507734383,0.0,0.0,0.7000265463233342,0.8094894948994522,0.7000265463233342,0.0,0.0,0.0
2021-08-27,0.0048239746266452,0.0,0.0,0.7000265463233342,0.8094894948994522,0.7000265463233342,0.0,0.0,0.0
2021-08-27,0.0051051903857521,0.0,0.0,0.7000265463233342,0.8094894948994522,0.7000265463233342,0.0,0.0,0.0
2021-08-27,0.1075908228064648,0.0,0.0,0.7000265463233342,0.8094894948994522,0.7000265463233342,0.0,0.0,0.0
2021-08-28,0.0729465407943427,0.0,0.0,0.7000265463233342,0.8094894948994522,0.7000265463233342,0.0,0.0,0.0
2021-08-28,0.2039177529164635,0.0,0.0,0.7000265463233342,0.8094894948994522,0.7000265463233342,0.0,0.0,0.0
2021-08-28,0.0754128996455003,0.0,0.0,0.7000265463233342,0.8094894948994522,0.7000265463233342,0.0,0.0,0.0
2021-08-28,0.0859466548310059,0.0,0.0,0.7000265463233342,0.8094894948994522,0.7000265463233342,0.0,0.0,0.0
2021-08-28,0.1103866655673004,0.0,0.0,0.7000265463233342,0.8094894948994522,0.7000265463233342,0.0,0.0,0.0
2021-08-28,0.0655095249998974,0.0,0.0,0.7000265463233342,0.8094894948994522,0.7000265463233342,0.0,0.0,0.0
2021-08-28,0.15406381173075,0.0,0.0,0.7000265463233342,0.8094894948994522,0.7000265463233342,0.0,0.0,0.0
2021-08-28,0.0831888537843957,0.0,0.0,0.7000265463233342,0.8094894948994522,0.7000265463233342,0.0,0.0,0.0
2021-08-28,0.0369066009852359,0.0,0.0,0.7000265463233342,0.8094894948994522,0.7000265463233342,0.0,0.0,0.0
2021-08-28,0.2259718051657092,0.0,0.0,0.7000265463233342,0.8094894948994522,0.7000265463233342,0.0,0.0,0.0
2021-08-28,0.1649040819257662,0.0,0.0,0.7000265463233342,0.8094894948994522,0.7000265463233342,0.0,0.0,0.0
2021-08-28,0.2651937285162493,0.0,0.0,0.7000265463233342,0.8094894948994522,0.7000265463233342,0.0,0.0,0.0
2021-08-29,0.0018034886815256,0.0,0.0,0.7000265463233342,0.8094894948994522,0.7000265463233342,0.0,0.0,0.0
2021-08-29,0.0010833424422725,0.0,0.0,0.7000265463233342,0.8094894948994522,0.7000265463233342,0.0,0.0,0.0
2021-08-29,0.0292757653167488,0.0,0.0,0.7000265463233342,0.8094894948994522,0.7000265463233342,0.0,0.0,0.0
2021-08-29,0.0019152547088939,0.0,0.0,0.7000265463233342,0.8094894948994522,0.7000265463233342,0.0,0.0,0.0
2021-08-29,0.043054049128402,0.0,0.0,0.7000265463233342,0.8094894948994522,0.7000265463233342,0.0,0.0,0.0
2021-08-29,0.0001793552913078,0.0,0.0,0.7000265463233342,0.8094894948994522,0.7000265463233342,0.0,0.0,0.0
2021-08-29,0.0363008443829338,0.0,0.0,0.7000265463233342,0.8094894948994522,0.7000265463233342,0.0,0.0,0.0
2021-08-29,0.0298830894303326,0.0,0.0,0.7000265463233342,0.8094894948994522,0.7000265463233342,0.0,0.0,0.0
2021-08-29,0.0067457488352885,0.0,0.0,0.7000265463233342,0.8094894948994522,0.7000265463233342,0.0,0.0,0.0
2021-08-29,0.0122166429367785,0.0,0.0,0.7000265463233342,0.8094894948994522,0.7000265463233342,0.0,0.0006752190071675074,0.0006752190071675074
2021-08-29,0.0276411309170288,0.0,0.0,0.7000265463233342,0.8094894948994522,0.7000265463233342,0.0,0.0,0.0
2021-08-29,0.0015504479395375,0.0,0.0,0.7000265463233342,0.8094894948994522,0.7000265463233342,0.0,0.0,0.0
2021-08-30,0.0785544525094744,0.0,0.0,0.7000265463233342,0.8094894948994522,0.7000265463233342,0.0,0.0,0.0
2021-08-30,0.1415856419024503,0.0,0.0,0.7000265463233342,0.8094894948994522,0.7000265463233342,0.0,0.0,0.0
2021-08-30,0.0500965962561397,0.0,0.0,0.7000265463233342,0.8094894948994522,0.7000265463233342,0.0,0.00027873639500929136,0.00027873639500929136
2021-08-30,0.0710197556695585,0.0,0.0,0.7000265463233342,0.8094894948994522,0.7000265463233342,0.0,0.0,0.0
2021-08-30,0.0272565255692903,0.0,0.0,0.7000265463233342,0.8094894948994522,0.7000265463233342,0.0,0.0,0.0
2021-08-30,0.02222824380303,0.0,0.0,0.7000265463233342,0.8094894948994522,0.7000265463233342,0.0,0.0,0.0
2021-08-30,0.0058610074976213,0.0,0.0,0.7000265463233342,0.8094894948994522,0.7000265463233342,0.0,0.0,0.0
2021-08-30,0.0155914359652418,0.0,0.0,0.7000265463233342,0.8094894948994522,0.7000265463233342,0.0,0.0,0.0
2021-08-30,0.0012589942954384,0.0,0.0,0.7000265463233342,0.8094894948994522,0.7000265463233342,0.0,0.0,0.0
2021-08-30,0.0286939518972041,0.0,0.0,0.7000265463233342,0.8094894948994522,0.7000265463233342,0.0,0.0,0.0
2021-08-30,0.0037456500696573,0.0,0.0,0.7000265463233342,0.8094894948994522,0.7000265463233342,0.0,0.0,0.0
2021-08-30,0.0550958614603531,0.0,0.0,0.7000265463233342,0.8094894948994522,0.7000265463233342,0.0,0.0033448367401114963,0.0033448367401114963
2021-08-31,0.0,0.0,0.0,0.7000265463233342,0.8094894948994522,0.7000265463233342,0.0,0.0005840191133527994,0.0005840191133527994
2021-08-31,0.0180635955132974,0.0,0.0,0.7000265463233342,0.8094894948994522,0.7000265463233342,0.0,0.0,0.0
2021-08-31,0.1364565419487217,0.0,0.0,0.7000265463233342,0.8094894948994522,0.7000265463233342,0.0,0.0,0.0
2021-08-31,0.0033818170460909,0.0,0.0,0.7000265463233342,0.8094894948994522,0.7000265463233342,0.0,0.0,0.0
2021-08-31,0.0912522599183853,0.0,0.0,0.7000265463233342,0.8094894948994522,0.7000265463233342,0.0,0.0,0.0
2021-08-31,0.0042174127411747,0.0,0.0,0.7000265463233342,0.8094894948994522,0.7000265463233342,0.0,0.0002573931510485783,0.0002573931510485783
2021-08-31,0.0044535862302869,0.0,0.0,0.7000265463233342,0.8094894948994522,0.7000265463233342,0.0,0.0,0.0
2021-08-31,0.0468273674945691,0.0,0.0,0.7000265463233342,0.8094894948994522,0.7000265463233342,0.0,0.0,0.0
2021-08-31,0.0030978690402048,0.0,0.0,0.7000265463233342,0.8094894948994522,0.7000265463233342,0.0,0.0,0.0
2021-08-31,0.0098076796672646,0.0,0.0,0.7000265463233342,0.8094894948994522,0.7000265463233342,0.0,0.0,0.0
2021-08-31,0.0763924712786501,0.0,0.0,0.7000265463233342,0.8094894948994522,0.7000265463233342,0.0,0.0005935890629147865,0.0005935890629147865
2021-08-31,0.036530539641104,0.0,0.0,0.7000265463233342,0.8094894948994522,0.7000265463233342,0.0,0.0,0.0
2021-09-01,0.0213663085393079,0.0,0.0,0.7000265463233342,0.8094894948994522,0.7000265463233342,0.0,0.0,0.0
2021-09-01,0.0,0.0,0.0,0.7000265463233342,0.8094894948994522,0.7000265463233342,0.0,0.0005840191133527994,0.0005840191133527994
2021-09-01,0.0180322968944962,0.0,0.0,0.7000265463233342,0.8094894948994522,0.7000265463233342,0.0,0.0,0.0
2021-09-01,0.0792293553546132,0.0,0.0,0.7000265463233342,0.8094894948994522,0.7000265463233342,0.0,0.0,0.0
2021-09-01,5.985736456238287e-05,0.0,0.0,0.7000265463233342,0.8094894948994522,0.7000265463233342,0.0,0.0,0.0
2021-09-01,0.0367520278856967,0.0,0.0,0.7000265463233342,0.8094894948994522,0.7000265463233342,0.0,0.0,0.0
2021-09-01,0.0085038252158302,0.0,0.0,0.7000265463233342,0.8094894948994522,0.7000265463233342,0.0,0.0,0.0
2021-09-01,0.0554538966468693,0.0,0.0,0.7000265463233342,0.8094894948994522,0.7000265463233342,0.0,0.008640828245288033,0.008640828245288033
2021-09-01,0.0149699902192834,0.0,0.0,0.7000265463233342,0.8094894948994522,0.7000265463233342,0.0,0.0,0.0
2021-09-01,0.0203741313633353,0.0,0.0,0.7000265463233342,0.8094894948994522,0.7000265463233342,0.0,0.011680807008229346,0.011680807008229346
2021-09-01,0.0578722066117104,0.0,0.0,0.7000265463233342,0.8094894948994522,0.7000265463233342,0.0,0.0005574727900185827,0.0005574727900185827
2021-09-01,0.0430694977856966,0.0,0.0,0.7000265463233342,0.8094894948994522,0.7000265463233342,0.0,0.0,0.0
2021-09-02,0.0202770775407994,0.0,0.0,0.7730315901247676,0.8586484112865094,0.7000265463233342,0.07300504380143347,0.0492784045659677,0.023726639235465766
2021-09-02,0.0009723714155778,0.0,0.0,0.7730315901247676,0.8586484112865094,0.7730315901247676,0.0,0.0,0.0
2021-09-02,0.0304380201137669,0.0,0.0,0.7730315901247676,0.8586484112865094,0.7730315901247676,0.0,0.0,0.0
2021-09-02,0.0119977857799466,0.0,0.0,0.7730315901247676,0.8586484112865094,0.7730315901247676,0.0,0.0006752190071675074,0.0006752190071675074
2021-09-02,0.0151466341249673,0.0,0.0,0.7730315901247676,0.8586484112865094,0.7730315901247676,0.0,0.0,0.0
2021-09-02,0.0357329528691748,0.0,0.0,0.7730315901247676,0.8586484112865094,0.7730315901247676,0.0,0.0,0.0
2021-09-02,0.0206563238483972,0.0,0.0,0.7730315901247676,0.8586484112865094,0.7730315901247676,0.0,0.0014601008760286693,0.0014601008760286693
2021-09-02,0.0098063632580257,0.0,0.0,0.7730315901247676,0.8586484112865094,0.7730315901247676,0.0,0.0,0.0
2021-09-02,0.0166967850383038,0.0,0.0,0.7730315901247676,0.8586484112865094,0.7730315901247676,0.0,0.0,0.0
2021-09-02,0.0330292462513262,0.0,0.0,0.7730315901247676,0.8586484112865094,0.7730315901247676,0.0,0.0,0.0
2021-09-02,0.0035801333135554,0.0,0.0,0.7730315901247676,0.8586484112865094,0.7730315901247676,0.0,0.0,0.0
2021-09-02,0.0107786666758626,0.0,0.0,0.7730315901247676,0.8586484112865094,0.7730315901247676,0.0,0.0,0.0
2021-09-03,0.0050059015134751,0.0,0.0,0.7730315901247676,0.8586484112865094,0.7730315901247676,0.0,0.0,0.0
2021-09-03,0.0033340751167739,0.0,0.0,0.7730315901247676,0.8586484112865094,0.7730315901247676,0.0,0.0,0.0
2021-09-03,0.022293623117252,0.0,0.0,0.7730315901247676,0.8586484112865094,0.7730315901247676,0.0,0.0,0.0
2021-09-03,0.080907724768453,0.0,0.0,0.7730315901247676,0.8586484112865094,0.7730315901247676,0.0,0.0,0.0
2021-09-03,0.0322666897183358,0.0,0.0,0.7730315901247676,0.8586484112865094,0.7730315901247676,0.0,0.0,0.0
2021-09-03,0.0487795462354799,0.0,0.0,0.7730315901247676,0.8586484112865094,0.7730315901247676,0.0,0.0,0.0
2021-09-03,0.0178812271548137,0.0,0.0,0.7730315901247676,0.8586484112865094,0.7730315901247676,0.0,0.0,0.0
2021-09-03,0.015760741010893,0.0,0.0,0.7730315901247676,0.8586484112865094,0.7730315901247676,0.0,0.0,0.0
2021-09-03,0.0365713696976996,0.0,0.0,0.7730315901247676,0.8586484112865094,0.7730315901247676,0.0,0.0,0.0
2021-09-03,0.0217791123567682,0.0,0.0,0.7730315901247676,0.8586484112865094,0.7730315901247676,0.0,0.0,0.0
2021-09-03,0.0558545008995804,0.0,0.0,0.7730315901247676,0.8586484112865094,0.7730315901247676,0.0,0.0005574727900185827,0.0005574727900185827
2021-09-03,0.0298025440747159,0.0,0.0,0.7730315901247676,0.8586484112865094,0.7730315901247676,0.0,0.0,0.0
2021-09-04,0.0200533205483882,0.0,0.0,0.7730315901247676,0.8586484112865094,0.7730315901247676,0.0,0.003285226971064506,0.003285226971064506
2021-09-04,0.1152153440605355,0.0,0.0,0.7730315901247676,0.8586484112865094,0.7730315901247676,0.0,0.0,0.0
2021-09-04,0.089359438975675,0.0,0.0,0.7730315901247676,0.8586484112865094,0.7730315901247676,0.0,0.0,0.0
2021-09-04,0.0593459932854549,0.0,0.0,0.7730315901247676,0.8586484112865094,0.7730315901247676,0.0,0.0,0.0
2021-09-04,0.0061232753303625,0.0,0.0,0.7730315901247676,0.8586484112865094,0.7730315901247676,0.0,0.0,0.0
2021-09-04,0.0186273429779914,0.0,0.0,0.7730315901247676,0.8586484112865094,0.7730315901247676,0.0,0.0,0.0
2021-09-04,0.0279832547154688,0.0,0.0,0.7730315901247676,0.8586484112865094,0.7730315901247676,0.0,0.0,0.0
2021-09-04,0.048707718751111,0.0,0.0,0.7730315901247676,0.8586484112865094,0.7730315901247676,0.0,0.0,0.0
2021-09-04,0.06138853892311,0.0,0.0,0.7730315901247676,0.8586484112865094,0.7730315901247676,0.0,0.00016774621714892469,0.00016774621714892469
2021-09-04,0.0133309329307082,0.0,0.0,0.7730315901247676,0.8586484112865094,0.7730315901247676,0.0,1.7109105388904006e-05,1.7109105388904006e-05
2021-09-04,0.0189373121376147,0.0,0.0,0.7730315901247676,0.8586484112865094,0.7730315901247676,0.0,0.0,0.0
2021-09-04,0.0971097455180428,0.0,0.0,0.7730315901247676,0.8586484112865094,0.7730315901247676,0.0,0.0,0.0
2021-09-05,0.0002166101864306,0.0,0.0,0.7730315901247676,0.8586484112865094,0.7730315901247676,0.0,3.545261481284853e-05,3.545261481284853e-05
2021-09-05,0.0010584687538839,0.0,0.0,0.7730315901247676,0.8586484112865094,0.7730315901247676,0.0,0.0,0.0
2021-09-05,0.0003410823325642,0.0,0.0,0.7730315901247676,0.8586484112865094,0.7730315901247676,0.0,0.0,0.0
2021-09-05,0.0042644996080027,0.0,0.0,0.7730315901247676,0.8586484112865094,0.7730315901247676,0.0,0.0,0.0
2021-09-05,0.0204718203867633,0.0,0.0,0.7730315901247676,0.8586484112865094,0.7730315901247676,0.0,0.0025551765330501714,0.0025551765330501714
2021-09-05,0.0,0.0,0.0,0.7730315901247676,0.8586484112865094,0.7730315901247676,0.0,0.0,0.0
2021-09-05,0.0104734782100031,0.0,0.0,0.7730315901247676,0.8586484112865094,0.7730315901247676,0.0,0.0,0.0
2021-09-05,0.0104333619677216,0.0,0.0,0.7730315901247676,0.8586484112865094,0.7730315901247676,0.0,0.0,0.0
2021-09-05,0.0001273005541389,0.0,0.0,0.7730315901247676,0.8586484112865094,0.7730315901247676,0.0,0.0,0.0
2021-09-05,0.0,0.0,0.0,0.7730315901247676,0.8586484112865094,0.7730315901247676,0.0,0.0,0.0
2021-09-05,0.0011022292845099,0.0,0.0,0.7730315901247676,0.8586484112865094,0.7730315901247676,0.0,0.0,0.0
2021-09-05,0.129834129048506,0.0,0.0,0.7730315901247676,0.8586484112865094,0.7730315901247676,0.0,0.0,0.0
2021-09-06,0.0253749425605581,0.0,0.0,0.7730315901247676,0.8586484112865094,0.7730315901247676,0.0,0.0,0.0
2021-09-06,0.0385495737479193,0.0,0.0,0.7730315901247676,0.8586484112865094,0.7730315901247676,0.0,0.0,0.0
2021-09-06,0.0088553459559204,0.0,0.0,0.7730315901247676,0.8586484112865094,0.7730315901247676,0.0,0.0,0.0
2021-09-06,4.143956513313222e-06,0.0,0.0,0.7730315901247676,0.8586484112865094,0.7730315901247676,0.0,0.0,0.0
2021-09-06,6.883968380959777e-05,0.0,0.0,0.7730315901247676,0.8586484112865094,0.7730315901247676,0.0,0.0,0.0
2021-09-06,0.0007594222786062,0.0,0.0,0.7730315901247676,0.8586484112865094,0.7730315901247676,0.0,0.000369445181842314,0.000369445181842314
2021-09-06,0.0,0.0,0.0,0.7730315901247676,0.8586484112865094,0.7730315901247676,0.0,0.0,0.0
2021-09-06,0.0010301947619671,0.0,0.0,0.7730315901247676,0.8586484112865094,0.7730315901247676,0.0,0.0,0.0
2021-09-06,4.59868712512578e-05,0.0,0.0,0.7730315901247676,0.8586484112865094,0.7730315901247676,0.0,0.0,0.0
2021-09-06,0.0011558475717474,0.0,0.0,0.7730315901247676,0.8586484112865094,0.7730315901247676,0.0,0.0,0.0
2021-09-06,0.0105269140500558,0.0,0.0,0.7730315901247676,0.8586484112865094,0.7730315901247676,0.0,0.0,0.0
2021-09-06,0.0009507237651036,0.0,0.0,0.7730315901247676,0.8586484112865094,0.7730315901247676,0.0,0.0,0.0
2021-09-07,0.0011744654957379,0.0,0.0,0.7730315901247676,0.8586484112865094,0.7730315901247676,0.0,0.0,0.0
2021-09-07,0.08044754227788,0.0,0.0,0.7730315901247676,0.8586484112865094,0.7730315901247676,0.0,0.0,0.0
2021-09-07,0.0531427721124285,0.0,0.0,0.7730315901247676,0.8586484112865094,0.7730315901247676,0.0,0.0,0.0
2021-09-07,0.0027016851034114,0.0,0.0,0.7730315901247676,0.8586484112865094,0.7730315901247676,0.0,0.0008102999734536776,0.0008102999734536776
2021-09-07,0.0463462267619502,0.0,0.0,0.7730315901247676,0.8586484112865094,0.7730315901247676,0.0,0.0,0.0
2021-09-07,0.0021185391613751,0.0,0.0,0.7730315901247676,0.8586484112865094,0.7730315901247676,0.0,0.0,0.0
2021-09-07,0.0109559945942101,0.0,0.0,0.7730315901247676,0.8586484112865094,0.7730315901247676,0.0,0.0,0.0
2021-09-07,0.0482716602800804,0.0,0.0,0.7730315901247676,0.8586484112865094,0.7730315901247676,0.0,0.0,0.0
2021-09-07,0.1107614500125181,0.0,0.0,0.7730315901247676,0.8586484112865094,0.7730315901247676,0.0,0.0,0.0
2021-09-07,0.0031160234282139,0.0,0.0,0.7730315901247676,0.8586484112865094,0.7730315901247676,0.0,0.0,0.0
2021-09-07,0.0405653616590579,0.0,0.0,0.7730315901247676,0.8586484112865094,0.7730315901247676,0.0,0.0,0.0
2021-09-07,0.0537841494891064,0.0,0.0,0.7730315901247676,0.8586484112865094,0.7730315901247676,0.0,0.0,0.0
2021-09-08,0.0766648717280693,0.0,0.0,0.7730315901247676,0.8586484112865094,0.7730315901247676,0.0,0.0002184895142022825,0.0002184895142022825
2021-09-08,0.1576891364151038,0.0,0.0,0.7730315901247676,0.8586484112865094,0.7730315901247676,0.0,0.0,0.0
2021-09-08,0.084224102138097,0.0,0.0,0.7730315901247676,0.8586484112865094,0.7730315901247676,0.0,0.0,0.0
2021-09-08,0.0128058979394983,0.0,0.0,0.7730315901247676,0.8586484112865094,0.7730315901247676,0.0,0.011965078311653849,0.011965078311653849
2021-09-08,0.0283044092489544,0.0,0.0,0.7730315901247676,0.8586484112865094,0.7730315901247676,0.0,0.0,0.0
2021-09-08,0.0539166290147802,0.0,0.0,0.7730315901247676,0.8586484112865094,0.7730315901247676,0.0,0.0,0.0
2021-09-08,0.2978179714673297,0.0,0.0,0.7730315901247676,0.8586484112865094,0.7730315901247676,0.0,0.0,0.0
2021-09-08,0.0333182113187867,0.0,0.0,0.7730315901247676,0.8586484112865094,0.7730315901247676,0.0,0.0,0.0
2021-09-08,0.3724514621630027,0.0,0.0,0.7730315901247676,0.8586484112865094,0.7730315901247676,0.0,0.0,0.0
2021-09-08,0.1282320074997389,0.0,0.0,0.7730315901247676,0.8586484112865094,0.7730315901247676,0.0,0.0,0.0
2021-09-08,0.1292312674821849,0.0,0.0,0.7730315901247676,0.8586484112865094,0.7730315901247676,0.0,0.0,0.0
2021-09-08,0.0655359027738813,0.0,0.0,0.7730315901247676,0.8586484112865094,0.7730315901247676,0.0,0.0,0.0
2021-09-09,0.0447112395736242,0.0,0.0,0.8023944783647464,0.8780597653523099,0.7730315901247676,0.02936288823997879,0.02294917706397662,0.00641371117600217
2021-09-09,0.0892818412254101,0.0,0.0,0.8023944783647464,0.8780597653523099,0.8023944783647464,0.0,0.0,0.0
2021-09-09,0.0689184199458884,0.0,0.0,0.8023944783647464,0.8780597653523099,0.8023944783647464,0.0,0.0,0.0
2021-09-09,0.0723891896153072,0.0,0.0,0.8023944783647464,0.8780597653523099,0.8023944783647464,0.0,0.0,0.0
2021-09-09,0.0702585050134224,0.0,0.0,0.8023944783647464,0.8780597653523099,0.8023944783647464,0.0,0.0,0.0
2021-09-09,0.052351041512892,0.0,0.0,0.8023944783647464,0.8780597653523099,0.8023944783647464,0.0,0.0,0.0
2021-09-09,0.0666602317036487,0.0,0.0,0.8023944783647464,0.8780597653523099,0.8023944783647464,0.0,0.0,0.0
2021-09-09,0.0932088081365598,0.0,0.0,0.8023944783647464,0.8780597653523099,0.8023944783647464,0.0,0.0,0.0
2021-09-09,0.0667332752064173,0.0,0.0,0.8023944783647464,0.8780597653523099,0.8023944783647464,0.0,0.0,0.0
2021-09-09,0.1104018209097175,0.0,0.0,0.8023944783647464,0.8780597653523099,0.8023944783647464,0.0,0.0,0.0
2021-09-09,0.0699858950546985,0.0,0.0,0.8023944783647464,0.8780597653523099,0.8023944783647464,0.0,0.0,0.0
2021-09-09,0.0534680433552041,0.0,0.0,0.8023944783647464,0.8780597653523099,0.8023944783647464,0.0,0.0,0.0
2021-09-10,0.0738559590554643,0.0,0.0,0.8023944783647464,0.8780597653523099,0.8023944783647464,0.0,0.0,0.0
2021-09-10,0.0896601733997739,0.0,0.0,0.8023944783647464,0.8780597653523099,0.8023944783647464,0.0,0.0,0.0
2021-09-10,0.1090707715637671,0.0,0.0,0.8023944783647464,0.8780597653523099,0.8023944783647464,0.0,0.0,0.0
2021-09-10,0.0893631251159025,0.0,0.0,0.8023944783647464,0.8780597653523099,0.8023944783647464,0.0,0.0,0.0
2021-09-10,0.1948699687909712,0.0,0.0,0.8023944783647464,0.8780597653523099,0.8023944783647464,0.0,0.0,0.0
2021-09-10,0.0828552759979343,0.0,0.0,0.8023944783647464,0.8780597653523099,0.8023944783647464,0.0,0.0,0.0
2021-09-10,0.2230260861102289,0.0,0.0,0.8023944783647464,0.8780597653523099,0.8023944783647464,0.0,0.0,0.0
2021-09-10,0.0911033411452159,0.0,0.0,0.8023944783647464,0.8780597653523099,0.8023944783647464,0.0,0.0,0.0
2021-09-10,0.040672942155685,0.0,0.0,0.8023944783647464,0.8780597653523099,0.8023944783647464,0.0,0.0,0.0
2021-09-10,0.0588867016791264,0.0,0.0,0.8023944783647464,0.8780597653523099,0.8023944783647464,0.0,0.0,0.0
2021-09-10,0.2851958865999888,0.0,0.0,0.8023944783647464,0.8780597653523099,0.8023944783647464,0.0,0.0,0.0
2021-09-10,0.1023264432583905,0.0,0.0,0.8023944783647464,0.8780597653523099,0.8023944783647464,0.0,0.0,0.0
2021-09-11,0.0563208699721487,0.0,0.0,0.8023944783647464,0.8780597653523099,0.8023944783647464,0.0,0.0,0.0
2021-09-11,0.0745750610152697,0.0,0.0,0.8023944783647464,0.8780597653523099,0.8023944783647464,0.0,0.0,0.0
2021-09-11,0.1650040038054597,0.0,0.0,0.8023944783647464,0.8780597653523099,0.8023944783647464,0.0,0.0,0.0
2021-09-11,0.0702329291074489,0.0,0.0,0.8023944783647464,0.8780597653523099,0.8023944783647464,0.0,0.0,0.0
2021-09-11,0.0941569489407915,0.0,0.0,0.8023944783647464,0.8780597653523099,0.8023944783647464,0.0,0.0,0.0
2021-09-11,0.1905333366481653,0.0,0.0,0.8023944783647464,0.8780597653523099,0.8023944783647464,0.0,0.00012067958587735683,0.00012067958587735683
2021-09-11,0.0978643807816034,0.0,0.0,0.8023944783647464,0.8780597653523099,0.8023944783647464,0.0,0.0013884258030262813,0.0013884258030262813
2021-09-11,0.1223598778966038,0.0,0.0,0.8023944783647464,0.8780597653523099,0.8023944783647464,0.0,0.0,0.0
2021-09-11,0.0925763462197743,0.0,0.0,0.8023944783647464,0.8780597653523099,0.8023944783647464,0.0,0.0,0.0
2021-09-11,0.0318205168077828,0.0,0.0,0.8023944783647464,0.8780597653523099,0.8023944783647464,0.0,0.0,0.0
2021-09-11,0.1888132999642217,0.0,0.0,0.8023944783647464,0.8780597653523099,0.8023944783647464,0.0,0.0,0.0
2021-09-11,0.1317138437158803,0.0,0.0,0.8023944783647464,0.8780597653523099,0.8023944783647464,0.0,0.0,0.0
2021-09-12,0.0740773388387088,0.0,0.0,0.8023944783647464,0.8780597653523099,0.8023944783647464,0.0,0.0,0.0
2021-09-12,0.0436354403455587,0.0,0.0,0.8023944783647464,0.8780597653523099,0.8023944783647464,0.0,0.0002936288823997879,0.0002936288823997879
2021-09-12,0.136914131205183,0.0,0.0,0.8023944783647464,0.8780597653523099,0.8023944783647464,0.0,0.0,0.0
2021-09-12,0.1213600851865184,0.0,0.0,0.8023944783647464,0.8780597653523099,0.8023944783647464,0.0,0.0,0.0
2021-09-12,0.0429904088422896,0.0,0.0,0.8023944783647464,0.8780597653523099,0.8023944783647464,0.0,0.0,0.0
2021-09-12,0.0515263984056109,0.0,0.0,0.8023944783647464,0.8780597653523099,0.8023944783647464,0.0,0.0,0.0
2021-09-12,0.1454176620417911,0.0,0.0,0.8023944783647464,0.8780597653523099,0.8023944783647464,0.0,0.0,0.0
2021-09-12,0.0304284993564398,0.0,0.0,0.8023944783647464,0.8780597653523099,0.8023944783647464,0.0,0.0,0.0
2021-09-12,0.1368819423685096,0.0,0.0,0.8023944783647464,0.8780597653523099,0.8023944783647464,0.0,0.0,0.0
2021-09-12,0.0632073698459748,0.0,0.0,0.8023944783647464,0.8780597653523099,0.8023944783647464,0.0,0.0,0.0
2021-09-12,0.1396314592967133,0.0,0.0,0.8023944783647464,0.8780597653523099,0.8023944783647464,0.0,0.0,0.0
2021-09-12,0.1117366493270669,0.0,0.0,0.8023944783647464,0.8780597653523099,0.8023944783647464,0.0,0.0,0.0
2021-09-13,0.0349198242866554,0.0,0.0,0.8023944783647464,0.8780597653523099,0.8023944783647464,0.0,0.0,0.0
2021-09-13,0.0880750792461054,0.0,0.0,0.8023944783647464,0.8780597653523099,0.8023944783647464,0.0,0.0,0.0
2021-09-13,0.0907936408020326,0.0,0.0,0.8023944783647464,0.8780597653523099,0.8023944783647464,0.0,0.0,0.0
2021-09-13,0.0773640786243356,0.0,0.0,0.8023944783647464,0.8780597653523099,0.8023944783647464,0.0,0.0,0.0
2021-09-13,0.2845125265184711,0.0,0.0,0.8023944783647464,0.8780597653523099,0.8023944783647464,0.0,0.0,0.0
2021-09-13,0.0317521919058362,0.0,0.0,0.8023944783647464,0.8780597653523099,0.8023944783647464,0.0,0.0,0.0
2021-09-13,0.2623046321338321,0.0,0.0,0.8023944783647464,0.8780597653523099,0.8023944783647464,0.0,0.0,0.0
2021-09-13,0.0476041564443303,0.0,0.0,0.8023944783647464,0.8780597653523099,0.8023944783647464,0.0,0.0002936288823997879,0.0002936288823997879
2021-09-13,0.1200740665971299,0.0,0.0,0.8023944783647464,0.8780597653523099,0.8023944783647464,0.0,0.0,0.0
2021-09-13,0.342696193001678,0.0,0.0,0.8023944783647464,0.8780597653523099,0.8023944783647464,0.0,0.0,0.0
2021-09-13,0.16766655239122,0.0,0.0,0.8023944783647464,0.8780597653523099,0.8023944783647464,0.0,0.0,0.0
2021-09-13,0.1608504750390483,0.0,0.0,0.8023944783647464,0.8780597653523099,0.8023944783647464,0.0,0.0,0.0
2021-09-14,0.0332352277716819,0.0,0.0,0.8023944783647464,0.8780597653523099,0.8023944783647464,0.0,0.0,0.0
2021-09-14,0.0422407345817329,0.0,0.0,0.8023944783647464,0.8780597653523099,0.8023944783647464,0.0,0.0,0.0
2021-09-14,0.03958603783311,0.0,0.0,0.8023944783647464,0.8780597653523099,0.8023944783647464,0.0,0.0,0.0
2021-09-14,0.1188818304697908,0.0,0.0,0.8023944783647464,0.8780597653523099,0.8023944783647464,0.0,0.00029917706397664004,0.00029917706397664004
2021-09-14,0.0132133671782347,0.0,0.0,0.8023944783647464,0.8780597653523099,0.8023944783647464,0.0,0.0,0.0
2021-09-14,0.045272554362912,0.0,0.0,0.8023944783647464,0.8780597653523099,0.8023944783647464,0.0,0.005257154234138576,0.005257154234138576
2021-09-14,0.2714549988155602,0.0,0.0,0.8023944783647464,0.8780597653523099,0.8023944783647464,0.0,0.0,0.0
2021-09-14,0.035207439052441,0.0,0.0,0.8023944783647464,0.8780597653523099,0.8023944783647464,0.0,0.0,0.0
2021-09-14,0.0034089457568795,0.0,0.0,0.8023944783647464,0.8780597653523099,0.8023944783647464,0.0,0.0,0.0
2021-09-14,0.1856844056196687,0.0,0.0,0.8023944783647464,0.8780597653523099,0.8023944783647464,0.0,0.0,0.0
2021-09-14,0.1156188639604931,0.0,0.0,0.8023944783647464,0.8780597653523099,0.8023944783647464,0.0,0.0,0.0
2021-09-14,0.0165845104578026,0.0,0.0,0.8023944783647464,0.8780597653523099,0.8023944783647464,0.0,0.0,0.0
2021-09-15,0.043742318680132,0.0,0.0,0.8023944783647464,0.8780597653523099,0.8023944783647464,0.0,0.0002936288823997879,0.0002936288823997879
2021-09-15,0.0418808034271735,0.0,0.0,0.8023944783647464,0.8780597653523099,0.8023944783647464,0.0,0.0,0.0
2021-09-15,0.1108924206769285,0.0,0.0,0.8023944783647464,0.8780597653523099,0.8023944783647464,0.0,0.0,0.0
2021-09-15,0.0009487402431432,0.0,0.0,0.8023944783647464,0.8780597653523099,0.8023944783647464,0.0,0.0,0.0
2021-09-15,0.0,0.0,0.0,0.8023944783647464,0.8780597653523099,0.8023944783647464,0.0,0.0,0.0
2021-09-15,0.0406009502532044,0.0,0.0,0.8023944783647464,0.8780597653523099,0.8023944783647464,0.0,0.0,0.0
2021-09-15,0.0024201088553964,0.0,0.0,0.8023944783647464,0.8780597653523099,0.8023944783647464,0.0,0.0,0.0
2021-09-15,0.0047962638581561,0.0,0.0,0.8023944783647464,0.8780597653523099,0.8023944783647464,0.0,0.0,0.0
2021-09-15,0.0539230822475055,0.0,0.0,0.8023944783647464,0.8780597653523099,0.8023944783647464,0.0,0.0,0.0
2021-09-15,0.0040977313861964,0.0,0.0,0.8023944783647464,0.8780597653523099,0.8023944783647464,0.0,0.0,0.0
2021-09-15,0.0033655636979587,0.0,0.0,0.8023944783647464,0.8780597653523099,0.8023944783647464,0.0,0.0,0.0
2021-09-15,0.0899423557411683,0.0,0.0,0.8023944783647464,0.8780597653523099,0.8023944783647464,0.0,0.0,0.0
2021-09-16,0.012674843358453,0.0,0.0,0.8752322803291744,0.9265881505168104,0.8023944783647464,0.07283780196442802,0.04734457127687829,0.025493230687549724
2021-09-16,0.0160755385561758,0.0,0.0,0.8752322803291744,0.9265881505168104,0.8752322803291744,0.0,0.0,0.0
2021-09-16,0.0343370544192352,0.0,0.0,0.8752322803291744,0.9265881505168104,0.8752322803291744,0.0,0.0,0.0
2021-09-16,0.0146886735973236,0.0,0.0,0.8752322803291744,0.9265881505168104,0.8752322803291744,0.0,0.0,0.0
2021-09-16,0.0175493688402857,0.0,0.0,0.8752322803291744,0.9265881505168104,0.8752322803291744,0.0,0.0,0.0
2021-09-16,0.0740882756094245,0.0,0.0,0.8752322803291744,0.9265881505168104,0.8752322803291744,0.0,0.0,0.0
2021-09-16,0.0647262187993934,0.0,0.0,0.8752322803291744,0.9265881505168104,0.8752322803291744,0.0,0.0,0.0
2021-09-16,0.0835786694972089,0.0,0.0,0.8752322803291744,0.9265881505168104,0.8752322803291744,0.0,0.00026878152375895943,0.00026878152375895943
2021-09-16,0.2990556108718612,0.0,0.0,0.8752322803291744,0.9265881505168104,0.8752322803291744,0.0,0.0,0.0
2021-09-16,0.0129394183849928,0.0,0.0,0.8752322803291744,0.9265881505168104,0.8752322803291744,0.0,0.00036418900982214007,0.00036418900982214007
2021-09-16,0.0800714551951177,0.0,0.0,0.8752322803291744,0.9265881505168104,0.8752322803291744,0.0,0.0,0.0
2021-09-16,0.0265325207659751,0.0,0.0,0.8752322803291744,0.9265881505168104,0.8752322803291744,0.0,0.0,0.0
2021-09-17,0.0131884961553353,0.0,0.0,0.8752322803291744,0.9265881505168104,0.8752322803291744,0.0,0.0,0.0
2021-09-17,0.1566336860686295,0.0,0.0,0.8752322803291744,0.9265881505168104,0.8752322803291744,0.0,0.0,0.0
2021-09-17,0.1295410281505723,0.0,0.0,0.8752322803291744,0.9265881505168104,0.8752322803291744,0.0,0.0,0.0
2021-09-17,0.06293682103233,0.0,0.0,0.8752322803291744,0.9265881505168104,0.8752322803291744,0.0,0.0,0.0
2021-09-17,0.116042870921744,0.0,0.0,0.8752322803291744,0.9265881505168104,0.8752322803291744,0.0,0.0,0.0
2021-09-17,0.0024554869314246,0.0,0.0,0.8752322803291744,0.9265881505168104,0.8752322803291744,0.0,0.0,0.0
2021-09-17,0.173651639504665,0.0,0.0,0.8752322803291744,0.9265881505168104,0.8752322803291744,0.0,0.0,0.0
2021-09-17,0.0112454849944284,0.0,0.0,0.8752322803291744,0.9265881505168104,0.8752322803291744,0.0,0.00036418900982214007,0.00036418900982214007
2021-09-17,0.0202235514720852,0.0,0.0,0.8752322803291744,0.9265881505168104,0.8752322803291744,0.0,0.015331059198301014,0.015331059198301014
2021-09-17,0.1326407551941092,0.0,0.0,0.8752322803291744,0.9265881505168104,0.8752322803291744,0.0,0.0,0.0
2021-09-17,0.0494662241569527,0.0,0.0,0.8752322803291744,0.9265881505168104,0.8752322803291744,0.0,0.0,0.0
2021-09-17,0.1797337639386761,0.0,0.0,0.8752322803291744,0.9265881505168104,0.8752322803291744,0.0,0.0,0.0
2021-09-18,3.766854573291677e-07,0.0,0.0,0.8752322803291744,0.9265881505168104,0.8752322803291744,0.0,0.0,0.0
2021-09-18,0.0034059368545304,0.0,0.0,0.8752322803291744,0.9265881505168104,0.8752322803291744,0.0,0.0,0.0
2021-09-18,0.0005878771113802,0.0,0.0,0.8752322803291744,0.9265881505168104,0.8752322803291744,0.0,0.0,0.0
2021-09-18,0.0135942396378772,0.0,0.0,0.8752322803291744,0.9265881505168104,0.8752322803291744,0.0,0.0,0.0
2021-09-18,0.0001695402287999,0.0,0.0,0.8752322803291744,0.9265881505168104,0.8752322803291744,0.0,0.0,0.0
2021-09-18,0.0079813304080921,0.0,0.0,0.8752322803291744,0.9265881505168104,0.8752322803291744,0.0,0.0,0.0
2021-09-18,0.0546189195766664,0.0,0.0,0.8752322803291744,0.9265881505168104,0.8752322803291744,0.0,0.0,0.0
2021-09-18,0.0617183752511871,0.0,0.0,0.8752322803291744,0.9265881505168104,0.8752322803291744,0.0,0.0011742235200424727,0.0011742235200424727
2021-09-18,0.0247527515512147,0.0,0.0,0.8752322803291744,0.9265881505168104,0.8752322803291744,0.0,0.004764746482612163,0.004764746482612163
2021-09-18,0.0007840061598271,0.0,0.0,0.8752322803291744,0.9265881505168104,0.8752322803291744,0.0,0.0,0.0
2021-09-18,0.0097621856708866,0.0,0.0,0.8752322803291744,0.9265881505168104,0.8752322803291744,0.0,0.0,0.0
2021-09-18,0.0023233406196702,0.0,0.0,0.8752322803291744,0.9265881505168104,0.8752322803291744,0.0,0.0,0.0
2021-09-19,0.0014918392918938,0.0,0.0,0.8752322803291744,0.9265881505168104,0.8752322803291744,0.0,0.0,0.0
2021-09-19,0.0012238826757815,0.0,0.0,0.8752322803291744,0.9265881505168104,0.8752322803291744,0.0,0.0,0.0
2021-09-19,0.0003920839978731,0.0,0.0,0.8752322803291744,0.9265881505168104,0.8752322803291744,0.0,0.0,0.0
2021-09-19,0.1042947779460145,0.0,0.0,0.8752322803291744,0.9265881505168104,0.8752322803291744,0.0,0.0,0.0
2021-09-19,0.0030103027211668,0.0,0.0,0.8752322803291744,0.9265881505168104,0.8752322803291744,0.0,0.0,0.0
2021-09-19,0.0009011693123646,0.0,0.0,0.8752322803291744,0.9265881505168104,0.8752322803291744,0.0,0.0,0.0
2021-09-19,0.0068560507501449,0.0,0.0,0.8752322803291744,0.9265881505168104,0.8752322803291744,0.0,0.0,0.0
2021-09-19,0.0042446685902465,0.0,0.0,0.8752322803291744,0.9265881505168104,0.8752322803291744,0.0,0.0,0.0
2021-09-19,0.0037160523013856,0.0,0.0,0.8752322803291744,0.9265881505168104,0.8752322803291744,0.0,0.0,0.0
2021-09-19,0.0131429180109432,0.0,0.0,0.8752322803291744,0.9265881505168104,0.8752322803291744,0.0,0.0,0.0
2021-09-19,0.0,0.0,0.0,0.8752322803291744,0.9265881505168104,0.8752322803291744,0.0,0.0,0.0
2021-09-19,0.0005791003309693,0.0,0.0,0.8752322803291744,0.9265881505168104,0.8752322803291744,0.0,0.0,0.0
2021-09-20,0.0717486884256624,0.0,0.0,0.8752322803291744,0.9265881505168104,0.8752322803291744,0.0,0.0,0.0
2021-09-20,0.0159868755734226,0.0,0.0,0.8752322803291744,0.9265881505168104,0.8752322803291744,0.0,0.0,0.0
2021-09-20,0.1129341873716317,0.0,0.0,0.8752322803291744,0.9265881505168104,0.8752322803291744,0.0,0.0,0.0
2021-09-20,0.0411066563104265,0.0,0.0,0.8752322803291744,0.9265881505168104,0.8752322803291744,0.0,0.0,0.0
2021-09-20,0.0120844549119687,0.0,0.0,0.8752322803291744,0.9265881505168104,0.8752322803291744,0.0,0.0014567560392885603,0.0014567560392885603
2021-09-20,0.0462962594082699,0.0,0.0,0.8752322803291744,0.9265881505168104,0.8752322803291744,0.0,0.0,0.0
2021-09-20,0.028853776186377,0.0,0.0,0.8752322803291744,0.9265881505168104,0.8752322803291744,0.0,0.0,0.0
2021-09-20,0.0018539159616706,0.0,0.0,0.8752322803291744,0.9265881505168104,0.8752322803291744,0.0,0.0,0.0
2021-09-20,0.0873994836606768,0.0,0.0,0.8752322803291744,0.9265881505168104,0.8752322803291744,0.0,0.0,0.0
2021-09-20,0.0059184035975545,0.0,0.0,0.8752322803291744,0.9265881505168104,0.8752322803291744,0.0,0.0,0.0
2021-09-20,0.0582056514846619,0.0,0.0,0.8752322803291744,0.9265881505168104,0.8752322803291744,0.0,0.0,0.0
2021-09-20,0.0004720533856918,0.0,0.0,0.8752322803291744,0.9265881505168104,0.8752322803291744,0.0,0.0,0.0
2021-09-21,0.0950312072887743,0.0,0.0,0.8752322803291744,0.9265881505168104,0.8752322803291744,0.0,4.5659676134855025e-05,4.5659676134855025e-05
2021-09-21,0.2931063383083061,0.0,0.0,0.8752322803291744,0.9265881505168104,0.8752322803291744,0.0,0.0,0.0
2021-09-21,0.2665747259836347,0.0,0.0,0.8752322803291744,0.9265881505168104,0.8752322803291744,0.0,0.0,0.0
2021-09-21,0.0276218480830475,0.0,0.0,0.8752322803291744,0.9265881505168104,0.8752322803291744,0.0,0.0,0.0
2021-09-21,0.2143353927643547,0.0,0.0,0.8752322803291744,0.9265881505168104,0.8752322803291744,0.0,0.0,0.0
2021-09-21,0.0580114640415062,0.0,0.0,0.8752322803291744,0.9265881505168104,0.8752322803291744,0.0,0.0,0.0
2021-09-21,0.1568030912367199,0.0,0.0,0.8752322803291744,0.9265881505168104,0.8752322803291744,0.0,0.0,0.0
2021-09-21,0.1539978552177921,0.0,0.0,0.8752322803291744,0.9265881505168104,0.8752322803291744,0.0,0.0,0.0
2021-09-21,0.0538819354697051,0.0,0.0,0.8752322803291744,0.9265881505168104,0.8752322803291744,0.0,0.0,0.0
2021-09-21,0.0664996133022987,0.0,0.0,0.8752322803291744,0.9265881505168104,0.8752322803291744,0.0,0.0,0.0
2021-09-21,0.0634659281414164,0.0,0.0,0.8752322803291744,0.9265881505168104,0.8752322803291744,0.0,0.0,0.0
2021-09-21,0.1034773544921645,0.0,0.0,0.8752322803291744,0.9265881505168104,0.8752322803291744,0.0,0.0,0.0
2021-09-22,0.0105570910532009,0.0,0.0,0.8752322803291744,0.9265881505168104,0.8752322803291744,0.0,0.0,0.0
2021-09-22,0.1606029478060039,0.0,0.0,0.8752322803291744,0.9265881505168104,0.8752322803291744,0.0,0.0,0.0
2021-09-22,0.0419216803797202,0.0,0.0,0.8752322803291744,0.9265881505168104,0.8752322803291744,0.0,0.0,0.0
2021-09-22,0.0341021902684113,0.0,0.0,0.8752322803291744,0.9265881505168104,0.8752322803291744,0.0,0.0,0.0
2021-09-22,0.0490333153686763,0.0,0.0,0.8752322803291744,0.9265881505168104,0.8752322803291744,0.0,0.0,0.0
2021-09-22,0.0192632333895559,0.0,0.0,0.8752322803291744,0.9265881505168104,0.8752322803291744,0.0,0.0,0.0
2021-09-22,0.0155416193782962,0.0,0.0,0.8752322803291744,0.9265881505168104,0.8752322803291744,0.0,0.0,0.0
2021-09-22,0.0402759139807087,0.0,0.0,0.8752322803291744,0.9265881505168104,0.8752322803291744,0.0,0.0,0.0
2021-09-22,0.1089249194174478,0.0,0.0,0.8752322803291744,0.9265881505168104,0.8752322803291744,0.0,0.0,0.0
2021-09-22,0.0717431878647028,0.0,0.0,0.8752322803291744,0.9265881505168104,0.8752322803291744,0.0,0.0,0.0
2021-09-22,0.0037633531755313,0.0,0.0,0.8752322803291744,0.9265881505168104,0.8752322803291744,0.0,0.0,0.0
2021-09-22,0.0064928501694296,0.0,0.0,0.8752322803291744,0.9265881505168104,0.8752322803291744,0.0,0.0,0.0
2021-09-23,0.0239464257877375,0.0,0.0,0.9286992301566231,0.9584074582836042,0.8752322803291744,0.053466949827448707,0.03448618263870452,0.01898076718874419
2021-09-23,0.2277828062972538,0.0,0.0,0.9286992301566231,0.9584074582836042,0.9286992301566231,0.0,0.0,0.0
2021-09-23,0.0287222722019963,0.0,0.0,0.9286992301566231,0.9584074582836042,0.9286992301566231,0.0,0.0,0.0
2021-09-23,0.0881749808292091,0.0,0.0,0.9286992301566231,0.9584074582836042,0.9286992301566231,0.0,0.0,0.0
2021-09-23,0.2046550814731217,0.0,0.0,0.9286992301566231,0.9584074582836042,0.9286992301566231,0.0,0.0,0.0
2021-09-23,0.0502246024060008,0.0,0.0,0.9286992301566231,0.9584074582836042,0.9286992301566231,0.0,0.0,0.0
2021-09-23,0.0526164780755292,0.0,0.0,0.9286992301566231,0.9584074582836042,0.9286992301566231,0.0,0.0,0.0
2021-09-23,0.1301505613068668,0.0,0.0,0.9286992301566231,0.9584074582836042,0.9286992301566231,0.0,0.0,0.0
2021-09-23,0.0707760275453582,0.0,0.0,0.9286992301566231,0.9584074582836042,0.9286992301566231,0.0,0.0,0.0
2021-09-23,0.0535604199105115,0.0,0.0,0.9286992301566231,0.9584074582836042,0.9286992301566231,0.0,0.0,0.0
2021-09-23,0.0350389430290474,0.0,0.0,0.9286992301566231,0.9584074582836042,0.9286992301566231,0.0,0.0,0.0
2021-09-23,0.1874689465876977,0.0,0.0,0.9286992301566231,0.9584074582836042,0.9286992301566231,0.0,0.0,0.0
2021-09-24,0.3530292360521279,0.0,0.0,0.9286992301566231,0.9584074582836042,0.9286992301566231,0.0,0.0,0.0
2021-09-24,0.2667707206099788,0.0,0.0,0.9286992301566231,0.9584074582836042,0.9286992301566231,0.0,8.210777807273702e-05,8.210777807273702e-05
2021-09-24,0.0463940097286951,0.0,0.0,0.9286992301566231,0.9584074582836042,0.9286992301566231,0.0,0.0,0.0
2021-09-24,0.08418256734651,0.0,0.0,0.9286992301566231,0.9584074582836042,0.9286992301566231,0.0,0.0,0.0
2021-09-24,0.1270322447897348,0.0,0.0,0.9286992301566231,0.9584074582836042,0.9286992301566231,0.0,0.0,0.0
2021-09-24,0.0937767391143678,0.0,0.0,0.9286992301566231,0.9584074582836042,0.9286992301566231,0.0,0.0,0.0
2021-09-24,0.1775615193248635,0.0,0.0,0.9286992301566231,0.9584074582836042,0.9286992301566231,0.0,0.0,0.0
2021-09-24,0.3073129081632192,0.0,0.0,0.9286992301566231,0.9584074582836042,0.9286992301566231,0.0,0.0,0.0
2021-09-24,0.0760644971650078,0.0,0.0,0.9286992301566231,0.9584074582836042,0.9286992301566231,0.0,0.0001978630209715955,0.0001978630209715955
2021-09-24,0.3374278989790539,0.0,0.0,0.9286992301566231,0.9584074582836042,0.9286992301566231,0.0,0.0,0.0
2021-09-24,0.4205430783079125,0.0,0.0,0.9286992301566231,0.9584074582836042,0.9286992301566231,0.0,0.0,0.0
2021-09-24,0.1670535118953454,0.0,0.0,0.9286992301566231,0.9584074582836042,0.9286992301566231,0.0,0.0,0.0
2021-09-25,0.0005451110118512,0.0,0.0,0.9286992301566231,0.9584074582836042,0.9286992301566231,0.0,0.0,0.0
2021-09-25,0.0023546311124314,0.0,0.0,0.9286992301566231,0.9584074582836042,0.9286992301566231,0.0,0.0,0.0
2021-09-25,0.0001648441180434,0.0,0.0,0.9286992301566231,0.9584074582836042,0.9286992301566231,0.0,0.0,0.0
2021-09-25,0.0,0.0,0.0,0.9286992301566231,0.9584074582836042,0.9286992301566231,0.0,0.0,0.0
2021-09-25,0.0057597532805397,0.0,0.0,0.9286992301566231,0.9584074582836042,0.9286992301566231,0.0,0.0,0.0
2021-09-25,0.0022043989934846,0.0,0.0,0.9286992301566231,0.9584074582836042,0.9286992301566231,0.0,0.0,0.0
2021-09-25,0.0887581980268064,0.0,0.0,0.9286992301566231,0.9584074582836042,0.9286992301566231,0.0,0.0,0.0
2021-09-25,0.0,0.0,0.0,0.9286992301566231,0.9584074582836042,0.9286992301566231,0.0,0.0,0.0
2021-09-25,0.0,0.0,0.0,0.9286992301566231,0.9584074582836042,0.9286992301566231,0.0,0.0,0.0
2021-09-25,0.007014942395742,0.0,0.0,0.9286992301566231,0.9584074582836042,0.9286992301566231,0.0,0.0,0.0
2021-09-25,0.0,0.0,0.0,0.9286992301566231,0.9584074582836042,0.9286992301566231,0.0,0.0,0.0
2021-09-25,0.0039870634756051,0.0,0.0,0.9286992301566231,0.9584074582836042,0.9286992301566231,0.0,0.0,0.0
2021-09-26,0.0110285928584702,0.0,0.0,0.9286992301566231,0.9584074582836042,0.9286992301566231,0.0,0.0,0.0
2021-09-26,0.0,0.0,0.0,0.9286992301566231,0.9584074582836042,0.9286992301566231,0.0,0.0,0.0
2021-09-26,0.0045095697597551,0.0,0.0,0.9286992301566231,0.9584074582836042,0.9286992301566231,0.0,0.0,0.0
2021-09-26,0.0,0.0,0.0,0.9286992301566231,0.9584074582836042,0.9286992301566231,0.0,0.0,0.0
2021-09-26,0.0,0.0,0.0,0.9286992301566231,0.9584074582836042,0.9286992301566231,0.0,0.0,0.0
2021-09-26,0.0225567313657906,0.0,0.0,0.9286992301566231,0.9584074582836042,0.9286992301566231,0.0,0.0032080169896469223,0.0032080169896469223
2021-09-26,0.0001630194518371,0.0,0.0,0.9286992301566231,0.9584074582836042,0.9286992301566231,0.0,0.0,0.0
2021-09-26,0.0,0.0,0.0,0.9286992301566231,0.9584074582836042,0.9286992301566231,0.0,0.0,0.0
2021-09-26,0.0307528251187175,0.0,0.0,0.9286992301566231,0.9584074582836042,0.9286992301566231,0.0,0.0,0.0
2021-09-26,8.396478958324438e-05,0.0,0.0,0.9286992301566231,0.9584074582836042,0.9286992301566231,0.0,0.0,0.0
2021-09-26,0.0,0.0,0.0,0.9286992301566231,0.9584074582836042,0.9286992301566231,0.0,0.0,0.0
2021-09-26,1.0525295070768515e-05,0.0,0.0,0.9286992301566231,0.9584074582836042,0.9286992301566231,0.0,0.0,0.0
2021-09-27,4.307078901161541e-06,0.0,0.0,0.9286992301566231,0.9584074582836042,0.9286992301566231,0.0,0.0,0.0
2021-09-27,0.012110720198605,0.0,0.0,0.9286992301566231,0.9584074582836042,0.9286992301566231,0.0,0.0,0.0
2021-09-27,0.0,0.0,0.0,0.9286992301566231,0.9584074582836042,0.9286992301566231,0.0,0.0,0.0
2021-09-27,0.0,0.0,0.0,0.9286992301566231,0.9584074582836042,0.9286992301566231,0.0,0.0,0.0
2021-09-27,0.0,0.0,0.0,0.9286992301566231,0.9584074582836042,0.9286992301566231,0.0,0.0,0.0
2021-09-27,0.0007714671616835,0.0,0.0,0.9286992301566231,0.9584074582836042,0.9286992301566231,0.0,0.0,0.0
2021-09-27,0.0,0.0,0.0,0.9286992301566231,0.9584074582836042,0.9286992301566231,0.0,0.0,0.0
2021-09-27,3.0137890792744185e-06,0.0,0.0,0.9286992301566231,0.9584074582836042,0.9286992301566231,0.0,0.0,0.0
2021-09-27,0.0,0.0,0.0,0.9286992301566231,0.9584074582836042,0.9286992301566231,0.0,0.0,0.0
2021-09-27,0.0002794862453129,0.0,0.0,0.9286992301566231,0.9584074582836042,0.9286992301566231,0.0,0.0,0.0
2021-09-27,0.0,0.0,0.0,0.9286992301566231,0.9584074582836042,0.9286992301566231,0.0,0.0,0.0
2021-09-27,0.0173485183311691,0.0,0.0,0.9286992301566231,0.9584074582836042,0.9286992301566231,0.0,0.0,0.0
2021-09-28,0.0038708298013749,0.0,0.0,0.9286992301566231,0.9584074582836042,0.9286992301566231,0.0,0.0,0.0
2021-09-28,0.0,0.0,0.0,0.9286992301566231,0.9584074582836042,0.9286992301566231,0.0,0.0,0.0
2021-09-28,0.0296882951904045,0.0,0.0,0.9286992301566231,0.9584074582836042,0.9286992301566231,0.0,0.0,0.0
2021-09-28,0.0,0.0,0.0,0.9286992301566231,0.9584074582836042,0.9286992301566231,0.0,0.0,0.0
2021-09-28,0.0209574934506338,0.0,0.0,0.9286992301566231,0.9584074582836042,0.9286992301566231,0.0,0.0012647199362888217,0.0012647199362888217
2021-09-28,1.4591989417060024e-05,0.0,0.0,0.9286992301566231,0.9584074582836042,0.9286992301566231,0.0,0.0,0.0
2021-09-28,0.0,0.0,0.0,0.9286992301566231,0.9584074582836042,0.9286992301566231,0.0,0.0,0.0
2021-09-28,0.0084985223360667,0.0,0.0,0.9286992301566231,0.9584074582836042,0.9286992301566231,0.0,0.0,0.0
2021-09-28,0.0,0.0,0.0,0.9286992301566231,0.9584074582836042,0.9286992301566231,0.0,0.0,0.0
2021-09-28,0.0,0.0,0.0,0.9286992301566231,0.9584074582836042,0.9286992301566231,0.0,0.0,0.0
2021-09-28,0.0036527425266826,0.0,0.0,0.9286992301566231,0.9584074582836042,0.9286992301566231,0.0,0.0,0.0
2021-09-28,0.0004241644287293,0.0,0.0,0.9286992301566231,0.9584074582836042,0.9286992301566231,0.0,0.0,0.0
2021-09-29,0.01652933097131,0.0,0.0,0.9286992301566231,0.9584074582836042,0.9286992301566231,0.0,0.0,0.0
2021-09-29,0.0075928814063719,0.0,0.0,0.9286992301566231,0.9584074582836042,0.9286992301566231,0.0,0.0,0.0
2021-09-29,0.0130112074604022,0.0,0.0,0.9286992301566231,0.9584074582836042,0.9286992301566231,0.0,0.0,0.0
2021-09-29,0.0305591134746448,0.0,0.0,0.9286992301566231,0.9584074582836042,0.9286992301566231,0.0,0.0,0.0
2021-09-29,0.0058277756124379,0.0,0.0,0.9286992301566231,0.9584074582836042,0.9286992301566231,0.0,0.0,0.0
2021-09-29,0.0557021838682755,0.0,0.0,0.9286992301566231,0.9584074582836042,0.9286992301566231,0.0,0.0016724183700557481,0.0016724183700557481
2021-09-29,0.1069876584109505,0.0,0.0,0.9286992301566231,0.9584074582836042,0.9286992301566231,0.0,0.0,0.0
2021-09-29,0.0265870507986124,0.0,0.0,0.9286992301566231,0.9584074582836042,0.9286992301566231,0.0,0.0,0.0
2021-09-29,0.0039417563041078,0.0,0.0,0.9286992301566231,0.9584074582836042,0.9286992301566231,0.0,0.0,0.0
2021-09-29,0.025649286753213,0.0,0.0,0.9286992301566231,0.9584074582836042,0.9286992301566231,0.0,0.0013217016193257248,0.0013217016193257248
2021-09-29,0.0245578921271177,0.0,0.0,0.9286992301566231,0.9584074582836042,0.9286992301566231,0.0,0.010098831961773282,0.010098831961773282
2021-09-29,0.0115452167225627,0.0,0.0,0.9286992301566231,0.9584074582836042,0.9286992301566231,0.0,0.0,0.0
2021-09-30,0.024838556315057,0.0,0.0,0.9814175736660472,0.9902042470781628,0.9286992301566231,0.05271834350942406,0.033214627024157235,0.019503716485266824
2021-09-30,0.0004318754206752,0.0,0.0,0.9814175736660472,0.9902042470781628,0.9814175736660472,0.0,0.0,0.0
2021-09-30,0.0344980042482567,0.0,0.0,0.9814175736660472,0.9902042470781628,0.9814175736660472,0.0,0.0,0.0
2021-09-30,0.009524885457264,0.0,0.0,0.9814175736660472,0.9902042470781628,0.9814175736660472,0.0,0.0,0.0
2021-09-30,0.014198994590049,0.0,0.0,0.9814175736660472,0.9902042470781628,0.9814175736660472,0.0,0.0,0.0
2021-09-30,0.018754200848049,0.0,0.0,0.9814175736660472,0.9902042470781628,0.9814175736660472,0.0,0.0,0.0
2021-09-30,0.0007500843479258,0.0,0.0,0.9814175736660472,0.9902042470781628,0.9814175736660472,0.0,0.0,0.0
2021-09-30,3.3611745164361985e-05,0.0,0.0,0.9814175736660472,0.9902042470781628,0.9814175736660472,0.0,0.0,0.0
2021-09-30,0.0370891705511359,0.0,0.0,0.9814175736660472,0.9902042470781628,0.9814175736660472,0.0,0.0,0.0
2021-09-30,0.0054790406417805,0.0,0.0,0.9814175736660472,0.9902042470781628,0.9814175736660472,0.0,0.0,0.0
2021-09-30,0.0,0.0,0.0,0.9814175736660472,0.9902042470781628,0.9814175736660472,0.0,0.0,0.0
2021-09-30,0.1071496838759388,0.0,0.0,0.9814175736660472,0.9902042470781628,0.9814175736660472,0.0,0.0,0.0
2021-10-01,0.0066401960170423,0.0,0.0,0.9814175736660472,0.9902042470781628,0.9814175736660472,0.0,0.0,0.0
2021-10-01,0.0070947712623003,0.0,0.0,0.9814175736660472,0.9902042470781628,0.9814175736660472,0.0,0.0,0.0
2021-10-01,0.0103337152627705,0.0,0.0,0.9814175736660472,0.9902042470781628,0.9814175736660472,0.0,0.0,0.0
2021-10-01,0.0007819770376395,0.0,0.0,0.9814175736660472,0.9902042470781628,0.9814175736660472,0.0,0.0,0.0
2021-10-01,0.0037264356128789,0.0,0.0,0.9814175736660472,0.9902042470781628,0.9814175736660472,0.0,0.0,0.0
2021-10-01,0.0350074479044567,0.0,0.0,0.9814175736660472,0.9902042470781628,0.9814175736660472,0.0,0.0,0.0
2021-10-01,0.1258817302325874,0.0,0.0,0.9814175736660472,0.9902042470781628,0.9814175736660472,0.0,0.0,0.0
2021-10-01,0.0088511498465189,0.0,0.0,0.9814175736660472,0.9902042470781628,0.9814175736660472,0.0,0.0,0.0
2021-10-01,0.009733457324118,0.0,0.0,0.9814175736660472,0.9902042470781628,0.9814175736660472,0.0,0.0,0.0
2021-10-01,0.0170063833247171,0.0,0.0,0.9814175736660472,0.9902042470781628,0.9814175736660472,0.0,0.0,0.0
2021-10-01,0.0027026463454654,0.0,0.0,0.9814175736660472,0.9902042470781628,0.9814175736660472,0.0,0.0004051499867268388,0.0004051499867268388
2021-10-01,0.0438688536002548,0.0,0.0,0.9814175736660472,0.9902042470781628,0.9814175736660472,0.0,0.00014681444119989394,0.00014681444119989394
2021-10-02,0.0167836596813967,0.0,0.0,0.9814175736660472,0.9902042470781628,0.9814175736660472,0.0,0.0,0.0
2021-10-02,0.0093353006939142,0.0,0.0,0.9814175736660472,0.9902042470781628,0.9814175736660472,0.0,0.0,0.0
2021-10-02,0.0085940061299144,0.0,0.0,0.9814175736660472,0.9902042470781628,0.9814175736660472,0.0,0.0,0.0
2021-10-02,0.016203495274169,0.0,0.0,0.9814175736660472,0.9902042470781628,0.9814175736660472,0.0,0.0,0.0
2021-10-02,0.0719471532386205,0.0,0.0,0.9814175736660472,0.9902042470781628,0.9814175736660472,0.0,0.0,0.0
2021-10-02,0.0918976607399957,0.0,0.0,0.9814175736660472,0.9902042470781628,0.9814175736660472,0.0,0.0,0.0
2021-10-02,0.0200846350212973,0.0,0.0,0.9814175736660472,0.9902042470781628,0.9814175736660472,0.0,0.0018251260950358367,0.0018251260950358367
2021-10-02,0.0025439767869502,0.0,0.0,0.9814175736660472,0.9902042470781628,0.9814175736660472,0.0,0.0,0.0
2021-10-02,0.0279158779224886,0.0,0.0,0.9814175736660472,0.9902042470781628,0.9814175736660472,0.0,0.0002635917175471203,0.0002635917175471203
2021-10-02,0.0033529005231866,0.0,0.0,0.9814175736660472,0.9902042470781628,0.9814175736660472,0.0,0.0,0.0
2021-10-02,0.0052852436557765,0.0,0.0,0.9814175736660472,0.9902042470781628,0.9814175736660472,0.0,0.0,0.0
2021-10-02,0.0002637241246337,0.0,0.0,0.9814175736660472,0.9902042470781628,0.9814175736660472,0.0,0.0,0.0
2021-10-03,0.0008147621387008,0.0,0.0,0.9814175736660472,0.9902042470781628,0.9814175736660472,0.0,0.0,0.0
2021-10-03,0.0,0.0,0.0,0.9814175736660472,0.9902042470781628,0.9814175736660472,0.0,0.0,0.0
2021-10-03,0.0007143643766278,0.0,0.0,0.9814175736660472,0.9902042470781628,0.9814175736660472,0.0,0.0,0.0
2021-10-03,0.0056805667691206,0.0,0.0,0.9814175736660472,0.9902042470781628,0.9814175736660472,0.0,0.0,0.0
2021-10-03,0.0007452966479977,0.0,0.0,0.9814175736660472,0.9902042470781628,0.9814175736660472,0.0,0.0,0.0
2021-10-03,0.0005572097507683,0.0,0.0,0.9814175736660472,0.9902042470781628,0.9814175736660472,0.0,0.0,0.0
2021-10-03,0.0001430046541515,0.0,0.0,0.9814175736660472,0.9902042470781628,0.9814175736660472,0.0,0.0,0.0
2021-10-03,0.0056442234620597,0.0,0.0,0.9814175736660472,0.9902042470781628,0.9814175736660472,0.0,0.0,0.0
2021-10-03,0.0315184819211045,0.0,0.0,0.9814175736660472,0.9902042470781628,0.9814175736660472,0.0,0.0,0.0
2021-10-03,0.0121669776533675,0.0,0.0,0.9814175736660472,0.9902042470781628,0.9814175736660472,0.0,0.0,0.0
2021-10-03,0.0131126144896113,0.0,0.0,0.9814175736660472,0.9902042470781628,0.9814175736660472,0.0,0.0,0.0
2021-10-03,0.0,0.0,0.0,0.9814175736660472,0.9902042470781628,0.9814175736660472,0.0,0.0,0.0
2021-10-04,0.0,0.0,0.0,0.9814175736660472,0.9902042470781628,0.9814175736660472,0.0,0.0,0.0
2021-10-04,0.0015675411111361,0.0,0.0,0.9814175736660472,0.9902042470781628,0.9814175736660472,0.0,0.0,0.0
2021-10-04,0.0020919686669667,0.0,0.0,0.9814175736660472,0.9902042470781628,0.9814175736660472,0.0,0.0,0.0
2021-10-04,3.516321723484013e-05,0.0,0.0,0.9814175736660472,0.9902042470781628,0.9814175736660472,0.0,0.0,0.0
2021-10-04,0.0018330867089422,0.0,0.0,0.9814175736660472,0.9902042470781628,0.9814175736660472,0.0,0.0,0.0
2021-10-04,0.0020606208384216,0.0,0.0,0.9814175736660472,0.9902042470781628,0.9814175736660472,0.0,0.0,0.0
2021-10-04,0.0001783398694831,0.0,0.0,0.9814175736660472,0.9902042470781628,0.9814175736660472,0.0,0.0,0.0
2021-10-04,0.0015498290925325,0.0,0.0,0.9814175736660472,0.9902042470781628,0.9814175736660472,0.0,0.0,0.0
2021-10-04,8.514757266408704e-07,0.0,0.0,0.9814175736660472,0.9902042470781628,0.9814175736660472,0.0,0.0,0.0
2021-10-04,0.0251850792535836,0.0,0.0,0.9814175736660472,0.9902042470781628,0.9814175736660472,0.0,0.0031631006105654435,0.0031631006105654435
2021-10-04,0.0025222153904252,0.0,0.0,0.9814175736660472,0.9902042470781628,0.9814175736660472,0.0,0.0,0.0
2021-10-04,0.0011147091143457,0.0,0.0,0.9814175736660472,0.9902042470781628,0.9814175736660472,0.0,0.0,0.0
2021-10-05,0.0093576341525551,0.0,0.0,0.9814175736660472,0.9902042470781628,0.9814175736660472,0.0,0.0,0.0
2021-10-05,0.0155639570572951,0.0,0.0,0.9814175736660472,0.9902042470781628,0.9814175736660472,0.0,0.0,0.0
2021-10-05,0.0045208426875346,0.0,0.0,0.9814175736660472,0.9902042470781628,0.9814175736660472,0.0,0.0,0.0
2021-10-05,0.0232116525189902,0.0,0.0,0.9814175736660472,0.9902042470781628,0.9814175736660472,0.0,0.004782081231749398,0.004782081231749398
2021-10-05,0.0087082148375287,0.0,0.0,0.9814175736660472,0.9902042470781628,0.9814175736660472,0.0,0.0,0.0
2021-10-05,0.002210501010983,0.0,0.0,0.9814175736660472,0.9902042470781628,0.9814175736660472,0.0,0.0,0.0
2021-10-05,0.0036296784926131,0.0,0.0,0.9814175736660472,0.9902042470781628,0.9814175736660472,0.0,0.0,0.0
2021-10-05,0.0270884211599448,0.0,0.0,0.9814175736660472,0.9902042470781628,0.9814175736660472,0.0,0.0002635917175471203,0.0002635917175471203
2021-10-05,0.0009288986930025,0.0,0.0,0.9814175736660472,0.9902042470781628,0.9814175736660472,0.0,0.0,0.0
2021-10-05,0.0097687452085054,0.0,0.0,0.9814175736660472,0.9902042470781628,0.9814175736660472,0.0,0.0,0.0
2021-10-05,9.472428675469384e-05,0.0,0.0,0.9814175736660472,0.9902042470781628,0.9814175736660472,0.0,0.0,0.0
2021-10-05,0.0152804607963027,0.0,0.0,0.9814175736660472,0.9902042470781628,0.9814175736660472,0.0,0.0,0.0
2021-10-06,0.0,0.0,0.0,0.9814175736660472,0.9902042470781628,0.9814175736660472,0.0,0.0,0.0
2021-10-06,0.0,0.0,0.0,0.9814175736660472,0.9902042470781628,0.9814175736660472,0.0,0.0,0.0
2021-10-06,9.316207868592328e-05,0.0,0.0,0.9814175736660472,0.9902042470781628,0.9814175736660472,0.0,0.0,0.0
2021-10-06,0.0,0.0,0.0,0.9814175736660472,0.9902042470781628,0.9814175736660472,0.0,0.0,0.0
2021-10-06,0.0009219398132679,0.0,0.0,0.9814175736660472,0.9902042470781628,0.9814175736660472,0.0,0.0,0.0
2021-10-06,0.0,0.0,0.0,0.9814175736660472,0.9902042470781628,0.9814175736660472,0.0,0.0,0.0
2021-10-06,0.0,0.0,0.0,0.9814175736660472,0.9902042470781628,0.9814175736660472,0.0,0.0,0.0
2021-10-06,0.0,0.0,0.0,0.9814175736660472,0.9902042470781628,0.9814175736660472,0.0,0.0,0.0
2021-10-06,0.0030084684018172,0.0,0.0,0.9814175736660472,0.9902042470781628,0.9814175736660472,0.0,0.0,0.0
2021-10-06,0.0,0.0,0.0,0.9814175736660472,0.9902042470781628,0.9814175736660472,0.0,0.0,0.0
2021-10-06,0.0005018975636347,0.0,0.0,0.9814175736660472,0.9902042470781628,0.9814175736660472,0.0,0.0,0.0
2021-10-06,0.0035850930208355,0.0,0.0,0.9814175736660472,0.9902042470781628,0.9814175736660472,0.0,0.0,0.0
2021-10-07,0.0,0.0,0.0,1.0,1.0,0.9814175736660472,0.018582426333952795,0.00022903952676660213,0.018353386807186192
2021-10-07,0.0,0.0,0.0,1.0,1.0,1.0,0.0,0.00022903952676660213,0.00022903952676660213
2021-10-07,0.0,0.0,0.0,1.0,1.0,1.0,0.0,0.00022903952676660213,0.00022903952676660213
2021-10-07,0.0,0.0,0.0,1.0,1.0,1.0,0.0,0.00022903952676660213,0.00022903952676660213
2021-10-07,0.0,0.0,0.0,1.0,1.0,1.0,0.0,0.00022903952676660213,0.00022903952676660213
2021-10-07,0.0,0.0,0.0,1.0,1.0,1.0,0.0,0.00022903952676660213,0.00022903952676660213
2021-10-07,0.0,0.0,0.0,1.0,1.0,1.0,0.0,0.00022903952676660213,0.00022903952676660213
2021-10-07,0.0,0.0,0.0,1.0,1.0,1.0,0.0,0.00022903952676660213,0.00022903952676660213
2021-10-07,0.0,0.0,0.0,1.0,1.0,1.0,0.0,0.00022903952676660213,0.00022903952676660213
2021-10-07,0.0,0.0,0.0,1.0,1.0,1.0,0.0,0.00022903952676660213,0.00022903952676660213
2021-10-07,0.0530699294653797,0.0,0.0,1.0,1.0,1.0,0.0,0.0,0.0
2021-10-07,0.0,0.0,0.0,1.0,1.0,1.0,0.0,0.00022903952676660213,0.00022903952676660213
2021-10-08,0.0,0.0,0.0,1.0,1.0,1.0,0.0,0.00022903952676660213,0.00022903952676660213
2021-10-08,0.0,0.0,0.0,1.0,1.0,1.0,0.0,0.00022903952676660213,0.00022903952676660213
2021-10-08,0.0,0.0,0.0,1.0,1.0,1.0,0.0,0.00022903952676660213,0.00022903952676660213
2021-10-08,0.0,0.0,0.0,1.0,1.0,1.0,0.0,0.00022903952676660213,0.00022903952676660213
2021-10-08,0.0,0.0,0.0,1.0,1.0,1.0,0.0,0.00022903952676660213,0.00022903952676660213
2021-10-08,0.0,0.0,0.0,1.0,1.0,1.0,0.0,0.00022903952676660213,0.00022903952676660213
2021-10-08,0.0,0.0,0.0,1.0,1.0,1.0,0.0,0.00022903952676660213,0.00022903952676660213
2021-10-08,0.0,0.0,0.0,1.0,1.0,1.0,0.0,0.00022903952676660213,0.00022903952676660213
2021-10-08,0.0,0.0,0.0,1.0,1.0,1.0,0.0,0.00022903952676660213,0.00022903952676660213
2021-10-08,0.0,0.0,0.0,1.0,1.0,1.0,0.0,0.00022903952676660213,0.00022903952676660213
2021-10-08,0.0,0.0,0.0,1.0,1.0,1.0,0.0,0.00022903952676660213,0.00022903952676660213
2021-10-08,0.0,0.0,0.0,1.0,1.0,1.0,0.0,0.00022903952676660213,0.00022903952676660213
2021-10-09,0.0,0.0,0.0,1.0,1.0,1.0,0.0,0.00022903952676660213,0.00022903952676660213
2021-10-09,0.0,0.0,0.0,1.0,1.0,1.0,0.0,0.00022903952676660213,0.00022903952676660213
2021-10-09,0.0,0.0,0.0,1.0,1.0,1.0,0.0,0.00022903952676660213,0.00022903952676660213
2021-10-09,0.0,0.0,0.0,1.0,1.0,1.0,0.0,0.00022903952676660213,0.00022903952676660213
2021-10-09,0.0,0.0,0.0,1.0,1.0,1.0,0.0,0.00022903952676660213,0.00022903952676660213
2021-10-09,0.0,0.0,0.0,1.0,1.0,1.0,0.0,0.00022903952676660213,0.00022903952676660213
2021-10-09,0.0,0.0,0.0,1.0,1.0,1.0,0.0,0.00022903952676660213,0.00022903952676660213
2021-10-09,0.0,0.0,0.0,1.0,1.0,1.0,0.0,0.00022903952676660213,0.00022903952676660213
2021-10-09,0.0,0.0,0.0,1.0,1.0,1.0,0.0,0.00022903952676660213,0.00022903952676660213
2021-10-09,0.0,0.0,0.0,1.0,1.0,1.0,0.0,0.00022903952676660213,0.00022903952676660213
2021-10-09,0.0,0.0,0.0,1.0,1.0,1.0,0.0,0.00022903952676660213,0.00022903952676660213
2021-10-09,0.0,0.0,0.0,1.0,1.0,1.0,0.0,0.00022903952676660213,0.00022903952676660213
2021-10-10,6.675974147834578e-05,0.0,0.0,1.0,1.0,1.0,0.0,6.717552078746947e-05,6.717552078746947e-05
2021-10-10,0.0,0.0,0.0,1.0,1.0,1.0,0.0,0.00022903952676660213,0.00022903952676660213
2021-10-10,0.0,0.0,0.0,1.0,1.0,1.0,0.0,0.00022903952676660213,0.00022903952676660213
2021-10-10,0.0,0.0,0.0,1.0,1.0,1.0,0.0,0.00022903952676660213,0.00022903952676660213
2021-10-10,0.0,0.0,0.0,1.0,1.0,1.0,0.0,0.00022903952676660213,0.00022903952676660213
2021-10-10,0.0,0.0,0.0,1.0,1.0,1.0,0.0,0.00022903952676660213,0.00022903952676660213
2021-10-10,0.0,0.0,0.0,1.0,1.0,1.0,0.0,0.00022903952676660213,0.00022903952676660213
2021-10-10,0.009889730644835,0.0,0.0,1.0,1.0,1.0,0.0,0.0,0.0
2021-10-10,0.0,0.0,0.0,1.0,1.0,1.0,0.0,0.00022903952676660213,0.00022903952676660213
2021-10-10,0.0011814139171293,0.0,0.0,1.0,1.0,1.0,0.0,1.9305134933638477e-05,1.9305134933638477e-05
2021-10-10,0.0120141638600175,0.0,0.0,1.0,1.0,1.0,0.0,0.0,0.0
2021-10-10,0.0,0.0,0.0,1.0,1.0,1.0,0.0,0.00022903952676660213,0.00022903952676660213
2021-10-11,0.0,0.0,0.0,1.0,1.0,1.0,0.0,0.00022903952676660213,0.00022903952676660213
2021-10-11,0.0,0.0,0.0,1.0,1.0,1.0,0.0,0.00022903952676660213,0.00022903952676660213
2021-10-11,0.0,0.0,0.0,1.0,1.0,1.0,0.0,0.00022903952676660213,0.00022903952676660213
2021-10-11,0.0,0.0,0.0,1.0,1.0,1.0,0.0,0.00022903952676660213,0.00022903952676660213
2021-10-11,0.0,0.0,0.0,1.0,1.0,1.0,0.0,0.00022903952676660213,0.00022903952676660213
2021-10-11,0.0,0.0,0.0,1.0,1.0,1.0,0.0,0.00022903952676660213,0.00022903952676660213
2021-10-11,0.0,0.0,0.0,1.0,1.0,1.0,0.0,0.00022903952676660213,0.00022903952676660213
2021-10-11,0.0,0.0,0.0,1.0,1.0,1.0,0.0,0.00022903952676660213,0.00022903952676660213
2021-10-11,0.0,0.0,0.0,1.0,1.0,1.0,0.0,0.00022903952676660213,0.00022903952676660213
2021-10-11,0.0,0.0,0.0,1.0,1.0,1.0,0.0,0.00022903952676660213,0.00022903952676660213
2021-10-11,0.0,0.0,0.0,1.0,1.0,1.0,0.0,0.00022903952676660213,0.00022903952676660213
2021-10-11,0.0,0.0,0.0,1.0,1.0,1.0,0.0,0.00022903952676660213,0.00022903952676660213
2021-10-12,0.0,0.0,0.0,1.0,1.0,1.0,0.0,0.00022903952676660213,0.00022903952676660213
2021-10-12,0.0,0.0,0.0,1.0,1.0,1.0,0.0,0.00022903952676660213,0.00022903952676660213
2021-10-12,0.0,0.0,0.0,1.0,1.0,1.0,0.0,0.00022903952676660213,0.00022903952676660213
2021-10-12,0.0,0.0,0.0,1.0,1.0,1.0,0.0,0.00022903952676660213,0.00022903952676660213
2021-10-12,0.0,0.0,0.0,1.0,1.0,1.0,0.0,0.00022903952676660213,0.00022903952676660213
2021-10-12,0.0,0.0,0.0,1.0,1.0,1.0,0.0,0.00022903952676660213,0.00022903952676660213
2021-10-12,0.0,0.0,0.0,1.0,1.0,1.0,0.0,0.00022903952676660213,0.00022903952676660213
2021-10-12,0.0,0.0,0.0,1.0,1.0,1.0,0.0,0.00022903952676660213,0.00022903952676660213
2021-10-12,0.0,0.0,0.0,1.0,1.0,1.0,0.0,0.00022903952676660213,0.00022903952676660213
2021-10-12,0.0,0.0,0.0,1.0,1.0,1.0,0.0,0.00022903952676660213,0.00022903952676660213
2021-10-12,0.0,0.0,0.0,1.0,1.0,1.0,0.0,0.00022903952676660213,0.00022903952676660213
2021-10-12,0.0,0.0,0.0,1.0,1.0,1.0,0.0,0.00022903952676660213,0.00022903952676660213
2021-10-13,0.0,0.0,0.0,1.0,1.0,1.0,0.0,0.00022903952676660213,0.00022903952676660213
2021-10-13,0.0,0.0,0.0,1.0,1.0,1.0,0.0,0.00022903952676660213,0.00022903952676660213
2021-10-13,0.0,0.0,0.0,1.0,1.0,1.0,0.0,0.00022903952676660213,0.00022903952676660213
2021-10-13,0.0,0.0,0.0,1.0,1.0,1.0,0.0,0.00022903952676660213,0.00022903952676660213
2021-10-13,0.0,0.0,0.0,1.0,1.0,1.0,0.0,0.00022903952676660213,0.00022903952676660213
2021-10-13,0.0,0.0,0.0,1.0,1.0,1.0,0.0,0.00022903952676660213,0.00022903952676660213
2021-10-13,0.0,0.0,0.0,1.0,1.0,1.0,0.0,0.00022903952676660213,0.00022903952676660213
2021-10-13,0.0,0.0,0.0,1.0,1.0,1.0,0.0,0.00022903952676660213,0.00022903952676660213
2021-10-13,0.0,0.0,0.0,1.0,1.0,1.0,0.0,0.00022903952676660213,0.00022903952676660213
2021-10-13,0.0,0.0,0.0,1.0,1.0,1.0,0.0,0.00022903952676660213,0.00022903952676660213
2021-10-13,0.0,0.0,0.0,1.0,1.0,1.0,0.0,0.00022903952676660213,0.00022903952676660213
2021-10-13,0.0,0.0,0.0,1.0,1.0,1.0,0.0,0.00022903952676660213,0.00022903952676660213
2021-10-14,0.0,0.0,0.0,0.984072205999469,0.991307676717634,1.0,-0.015927794000531015,0.0,0.015927794000531015
2021-10-14,0.0,0.0,0.0,0.984072205999469,0.991307676717634,0.984072205999469,0.0,0.0,0.0
2021-10-14,0.0,0.0,0.0,0.984072205999469,0.991307676717634,0.984072205999469,0.0,0.0,0.0
2021-10-14,0.0,0.0,0.0,0.984072205999469,0.991307676717634,0.984072205999469,0.0,0.0,0.0
2021-10-14,0.0,0.0,0.0,0.984072205999469,0.991307676717634,0.984072205999469,0.0,0.0,0.0
2021-10-14,0.0,0.0,0.0,0.984072205999469,0.991307676717634,0.984072205999469,0.0,0.0,0.0
2021-10-14,0.0,0.0,0.0,0.984072205999469,0.991307676717634,0.984072205999469,0.0,0.0,0.0
2021-10-14,0.0,0.0,0.0,0.984072205999469,0.991307676717634,0.984072205999469,0.0,0.0,0.0
2021-10-14,0.0,0.0,0.0,0.984072205999469,0.991307676717634,0.984072205999469,0.0,0.0,0.0
2021-10-14,0.0,0.0,0.0,0.984072205999469,0.991307676717634,0.984072205999469,0.0,0.0,0.0
2021-10-14,0.0,0.0,0.0,0.984072205999469,0.991307676717634,0.984072205999469,0.0,0.0,0.0
2021-10-14,0.0,0.0,0.0,0.984072205999469,0.991307676717634,0.984072205999469,0.0,0.0,0.0
2021-10-15,0.0,0.0,0.0,0.984072205999469,0.991307676717634,0.984072205999469,0.0,0.0,0.0
2021-10-15,0.0,0.0,0.0,0.984072205999469,0.991307676717634,0.984072205999469,0.0,0.0,0.0
2021-10-15,0.0,0.0,0.0,0.984072205999469,0.991307676717634,0.984072205999469,0.0,0.0,0.0
2021-10-15,0.0,0.0,0.0,0.984072205999469,0.991307676717634,0.984072205999469,0.0,0.0,0.0
2021-10-15,0.0,0.0,0.0,0.984072205999469,0.991307676717634,0.984072205999469,0.0,0.0,0.0
2021-10-15,0.0,0.0,0.0,0.984072205999469,0.991307676717634,0.984072205999469,0.0,0.0,0.0
2021-10-15,0.0,0.0,0.0,0.984072205999469,0.991307676717634,0.984072205999469,0.0,0.0,0.0
2021-10-15,0.0,0.0,0.0,0.984072205999469,0.991307676717634,0.984072205999469,0.0,0.0,0.0
2021-10-15,0.0,0.0,0.0,0.984072205999469,0.991307676717634,0.984072205999469,0.0,0.0,0.0
2021-10-15,0.0,0.0,0.0,0.984072205999469,0.991307676717634,0.984072205999469,0.0,0.0,0.0
2021-10-15,0.0,0.0,0.0,0.984072205999469,0.991307676717634,0.984072205999469,0.0,0.0,0.0
2021-10-15,0.0,0.0,0.0,0.984072205999469,0.991307676717634,0.984072205999469,0.0,0.0,0.0
2021-10-16,0.0,0.0,0.0,0.984072205999469,0.991307676717634,0.984072205999469,0.0,0.0,0.0
2021-10-16,0.0,0.0,0.0,0.984072205999469,0.991307676717634,0.984072205999469,0.0,0.0,0.0
2021-10-16,0.0,0.0,0.0,0.984072205999469,0.991307676717634,0.984072205999469,0.0,0.0,0.0
2021-10-16,0.0,0.0,0.0,0.984072205999469,0.991307676717634,0.984072205999469,0.0,0.0,0.0
2021-10-16,0.0,0.0,0.0,0.984072205999469,0.991307676717634,0.984072205999469,0.0,0.0,0.0
2021-10-16,0.0,0.0,0.0,0.984072205999469,0.991307676717634,0.984072205999469,0.0,0.0,0.0
2021-10-16,0.0,0.0,0.0,0.984072205999469,0.991307676717634,0.984072205999469,0.0,0.0,0.0
2021-10-16,0.0,0.0,0.0,0.984072205999469,0.991307676717634,0.984072205999469,0.0,0.0,0.0
2021-10-16,0.0,0.0,0.0,0.984072205999469,0.991307676717634,0.984072205999469,0.0,0.0,0.0
2021-10-16,0.0,0.0,0.0,0.984072205999469,0.991307676717634,0.984072205999469,0.0,0.0,0.0
2021-10-16,0.0,0.0,0.0,0.984072205999469,0.991307676717634,0.984072205999469,0.0,0.0,0.0
2021-10-16,0.0,0.0,0.0,0.984072205999469,0.991307676717634,0.984072205999469,0.0,0.0,0.0
2021-10-17,0.0,0.0,0.0,0.984072205999469,0.991307676717634,0.984072205999469,0.0,0.0,0.0
2021-10-17,0.0029823802684079,0.0,0.0,0.984072205999469,0.991307676717634,0.984072205999469,0.0,0.0,0.0
2021-10-17,0.0030435375957704,0.0,0.0,0.984072205999469,0.991307676717634,0.984072205999469,0.0,0.0,0.0
2021-10-17,0.0007408369328173,0.0,0.0,0.984072205999469,0.991307676717634,0.984072205999469,0.0,0.0,0.0
2021-10-17,0.0002937981917676,0.0,0.0,0.984072205999469,0.991307676717634,0.984072205999469,0.0,0.0,0.0
2021-10-17,0.0049965702187524,0.0,0.0,0.984072205999469,0.991307676717634,0.984072205999469,0.0,0.0,0.0
2021-10-17,0.0013968721772191,0.0,0.0,0.984072205999469,0.991307676717634,0.984072205999469,0.0,0.0,0.0
2021-10-17,0.0002452652229903,0.0,0.0,0.984072205999469,0.991307676717634,0.984072205999469,0.0,0.0,0.0
2021-10-17,0.000115103395734,0.0,0.0,0.984072205999469,0.991307676717634,0.984072205999469,0.0,0.0,0.0
2021-10-17,0.0014969004080819,0.0,0.0,0.984072205999469,0.991307676717634,0.984072205999469,0.0,0.0,0.0
2021-10-17,0.0,0.0,0.0,0.984072205999469,0.991307676717634,0.984072205999469,0.0,0.0,0.0
2021-10-17,0.0035844503047446,0.0,0.0,0.984072205999469,0.991307676717634,0.984072205999469,0.0,0.0,0.0
2021-10-18,0.0549791347909324,0.0,0.0,0.984072205999469,0.991307676717634,0.984072205999469,0.0,0.001393681975046457,0.001393681975046457
2021-10-18,0.0249314174433495,0.0,0.0,0.984072205999469,0.991307676717634,0.984072205999469,0.0,0.012125909211574224,0.012125909211574224
2021-10-18,0.0955526494503901,0.0,0.0,0.984072205999469,0.991307676717634,0.984072205999469,0.0,0.0,0.0
2021-10-18,0.2207298719986165,0.0,0.0,0.984072205999469,0.991307676717634,0.984072205999469,0.0,0.0,0.0
2021-10-18,0.1161354228162649,0.0,0.0,0.984072205999469,0.991307676717634,0.984072205999469,0.0,0.0,0.0
2021-10-18,0.1754285832730747,0.0,0.0,0.984072205999469,0.991307676717634,0.984072205999469,0.0,0.0,0.0
2021-10-18,0.1618815032106484,0.0,0.0,0.984072205999469,0.991307676717634,0.984072205999469,0.0,0.0,0.0
2021-10-18,0.0462454489733031,0.0,0.0,0.984072205999469,0.991307676717634,0.984072205999469,0.0,0.0,0.0
2021-10-18,0.185507421114439,0.0,0.0,0.984072205999469,0.991307676717634,0.984072205999469,0.0,0.0,0.0
2021-10-18,0.1700060659871179,0.0,0.0,0.984072205999469,0.991307676717634,0.984072205999469,0.0,0.0,0.0
2021-10-18,0.0139280665735403,0.0,0.0,0.984072205999469,0.991307676717634,0.984072205999469,0.0,0.0,0.0
2021-10-18,0.2092557276402807,0.0,0.0,0.984072205999469,0.991307676717634,0.984072205999469,0.0,0.0,0.0
2021-10-19,0.3265886905372481,0.0,0.0,0.984072205999469,0.991307676717634,0.984072205999469,0.0,0.0,0.0
2021-10-19,0.2330099962546914,0.0,0.0,0.984072205999469,0.991307676717634,0.984072205999469,0.0,0.0,0.0
2021-10-19,0.1898851133603694,0.0,0.0,0.984072205999469,0.991307676717634,0.984072205999469,0.0,0.00012067958587735683,0.00012067958587735683
2021-10-19,0.0066379244741622,0.0,0.0,0.984072205999469,0.991307676717634,0.984072205999469,0.0,0.0,0.0
2021-10-19,8.333403117322234e-05,0.0,0.0,0.984072205999469,0.991307676717634,0.984072205999469,0.0,0.0,0.0
2021-10-19,0.0402579670658666,0.0,0.0,0.984072205999469,0.991307676717634,0.984072205999469,0.0,0.0,0.0
2021-10-19,0.1090868224365246,0.0,0.0,0.984072205999469,0.991307676717634,0.984072205999469,0.0,0.0,0.0
2021-10-19,0.031594343253218,0.0,0.0,0.984072205999469,0.991307676717634,0.984072205999469,0.0,0.0,0.0
2021-10-19,0.0818206927393272,0.0,0.0,0.984072205999469,0.991307676717634,0.984072205999469,0.0,0.0,0.0
2021-10-19,0.2198410461966748,0.0,0.0,0.984072205999469,0.991307676717634,0.984072205999469,0.0,0.0,0.0
2021-10-19,0.443657739550812,0.0,0.0,0.984072205999469,0.991307676717634,0.984072205999469,0.0,0.0,0.0
2021-10-19,0.0515509069682507,0.0,0.0,0.984072205999469,0.991307676717634,0.984072205999469,0.0,0.0,0.0
2021-10-20,0.0,0.0,0.0,0.984072205999469,0.991307676717634,0.984072205999469,0.0,0.0,0.0
2021-10-20,0.0,0.0,0.0,0.984072205999469,0.991307676717634,0.984072205999469,0.0,0.0,0.0
2021-10-20,0.0,0.0,0.0,0.984072205999469,0.991307676717634,0.984072205999469,0.0,0.0,0.0
2021-10-20,0.0,0.0,0.0,0.984072205999469,0.991307676717634,0.984072205999469,0.0,0.0,0.0
2021-10-20,0.0024717436854597,0.0,0.0,0.984072205999469,0.991307676717634,0.984072205999469,0.0,0.0,0.0
2021-10-20,0.0,0.0,0.0,0.984072205999469,0.991307676717634,0.984072205999469,0.0,0.0,0.0
2021-10-20,0.0,0.0,0.0,0.984072205999469,0.991307676717634,0.984072205999469,0.0,0.0,0.0
2021-10-20,0.0,0.0,0.0,0.984072205999469,0.991307676717634,0.984072205999469,0.0,0.0,0.0
2021-10-20,0.0,0.0,0.0,0.984072205999469,0.991307676717634,0.984072205999469,0.0,0.0,0.0
2021-10-20,0.0,0.0,0.0,0.984072205999469,0.991307676717634,0.984072205999469,0.0,0.0,0.0
2021-10-20,0.0,0.0,0.0,0.984072205999469,0.991307676717634,0.984072205999469,0.0,0.0,0.0
2021-10-20,0.0,0.0,0.0,0.984072205999469,0.991307676717634,0.984072205999469,0.0,0.0,0.0
2021-10-21,0.0,0.0,0.0,0.9601805149986724,0.9773233949602548,0.984072205999469,-0.023891691000796578,0.0,0.023891691000796578
2021-10-21,0.0,0.0,0.0,0.9601805149986724,0.9773233949602548,0.9601805149986724,0.0,0.0,0.0
2021-10-21,0.0,0.0,0.0,0.9601805149986724,0.9773233949602548,0.9601805149986724,0.0,0.0,0.0
2021-10-21,0.0,0.0,0.0,0.9601805149986724,0.9773233949602548,0.9601805149986724,0.0,0.0,0.0
2021-10-21,0.0,0.0,0.0,0.9601805149986724,0.9773233949602548,0.9601805149986724,0.0,0.0,0.0
2021-10-21,0.0,0.0,0.0,0.9601805149986724,0.9773233949602548,0.9601805149986724,0.0,0.0,0.0
2021-10-21,0.0,0.0,0.0,0.9601805149986724,0.9773233949602548,0.9601805149986724,0.0,0.0,0.0
2021-10-21,0.0034627588099342,0.0,0.0,0.9601805149986724,0.9773233949602548,0.9601805149986724,0.0,0.0,0.0
2021-10-21,0.0,0.0,0.0,0.9601805149986724,0.9773233949602548,0.9601805149986724,0.0,0.0,0.0
2021-10-21,0.0,0.0,0.0,0.9601805149986724,0.9773233949602548,0.9601805149986724,0.0,0.0,0.0
2021-10-21,0.0,0.0,0.0,0.9601805149986724,0.9773233949602548,0.9601805149986724,0.0,0.0,0.0
2021-10-21,0.0,0.0,0.0,0.9601805149986724,0.9773233949602548,0.9601805149986724,0.0,0.0,0.0
2021-10-22,0.0,0.0,0.0,0.9601805149986724,0.9773233949602548,0.9601805149986724,0.0,0.0,0.0
2021-10-22,0.0,0.0,0.0,0.9601805149986724,0.9773233949602548,0.9601805149986724,0.0,0.0,0.0
2021-10-22,0.0,0.0,0.0,0.9601805149986724,0.9773233949602548,0.9601805149986724,0.0,0.0,0.0
2021-10-22,0.0,0.0,0.0,0.9601805149986724,0.9773233949602548,0.9601805149986724,0.0,0.0,0.0
2021-10-22,0.0,0.0,0.0,0.9601805149986724,0.9773233949602548,0.9601805149986724,0.0,0.0,0.0
2021-10-22,0.0,0.0,0.0,0.9601805149986724,0.9773233949602548,0.9601805149986724,0.0,0.0,0.0
2021-10-22,0.0,0.0,0.0,0.9601805149986724,0.9773233949602548,0.9601805149986724,0.0,0.0,0.0
2021-10-22,0.0,0.0,0.0,0.9601805149986724,0.9773233949602548,0.9601805149986724,0.0,0.0,0.0
2021-10-22,0.0,0.0,0.0,0.9601805149986724,0.9773233949602548,0.9601805149986724,0.0,0.0,0.0
2021-10-22,0.0,0.0,0.0,0.9601805149986724,0.9773233949602548,0.9601805149986724,0.0,0.0,0.0
2021-10-22,0.0,0.0,0.0,0.9601805149986724,0.9773233949602548,0.9601805149986724,0.0,0.0,0.0
2021-10-22,0.0,0.0,0.0,0.9601805149986724,0.9773233949602548,0.9601805149986724,0.0,0.0,0.0
2021-10-23,0.0,0.0,0.0,0.9601805149986724,0.9773233949602548,0.9601805149986724,0.0,0.0,0.0
2021-10-23,0.0,0.0,0.0,0.9601805149986724,0.9773233949602548,0.9601805149986724,0.0,0.0,0.0
2021-10-23,0.0,0.0,0.0,0.9601805149986724,0.9773233949602548,0.9601805149986724,0.0,0.0,0.0
2021-10-23,0.0,0.0,0.0,0.9601805149986724,0.9773233949602548,0.9601805149986724,0.0,0.0,0.0
2021-10-23,0.0,0.0,0.0,0.9601805149986724,0.9773233949602548,0.9601805149986724,0.0,0.0,0.0
2021-10-23,0.0,0.0,0.0,0.9601805149986724,0.9773233949602548,0.9601805149986724,0.0,0.0,0.0
2021-10-23,0.0,0.0,0.0,0.9601805149986724,0.9773233949602548,0.9601805149986724,0.0,0.0,0.0
2021-10-23,0.0,0.0,0.0,0.9601805149986724,0.9773233949602548,0.9601805149986724,0.0,0.0,0.0
2021-10-23,0.0007635546383903,0.0,0.0,0.9601805149986724,0.9773233949602548,0.9601805149986724,0.0,0.000246296787894876,0.000246296787894876
2021-10-23,0.0,0.0,0.0,0.9601805149986724,0.9773233949602548,0.9601805149986724,0.0,0.0,0.0
2021-10-23,0.0,0.0,0.0,0.9601805149986724,0.9773233949602548,0.9601805149986724,0.0,0.0,0.0
2021-10-23,0.0,0.0,0.0,0.9601805149986724,0.9773233949602548,0.9601805149986724,0.0,0.0,0.0
2021-10-24,0.1616578419167047,0.0,0.0,0.9601805149986724,0.9773233949602548,0.9601805149986724,0.0,0.0,0.0
2021-10-24,0.0001485972948068,0.0,0.0,0.9601805149986724,0.9773233949602548,0.9601805149986724,0.0,0.0,0.0
2021-10-24,0.0042928598581127,0.0,0.0,0.9601805149986724,0.9773233949602548,0.9601805149986724,0.0,0.0,0.0
2021-10-24,0.2540732112823584,0.0,0.0,0.9601805149986724,0.9773233949602548,0.9601805149986724,0.0,0.0,0.0
2021-10-24,0.0067466441342496,0.0,0.0,0.9601805149986724,0.9773233949602548,0.9601805149986724,0.0,0.0,0.0
2021-10-24,0.0303893894751706,0.0,0.0,0.9601805149986724,0.9773233949602548,0.9601805149986724,0.0,0.0,0.0
2021-10-24,0.1711083627695896,0.0,0.0,0.9601805149986724,0.9773233949602548,0.9601805149986724,0.0,0.0,0.0
2021-10-24,0.0301272448194995,0.0,0.0,0.9601805149986724,0.9773233949602548,0.9601805149986724,0.0,0.0,0.0
2021-10-24,0.0011539724833698,0.0,0.0,0.9601805149986724,0.9773233949602548,0.9601805149986724,0.0,0.0,0.0
2021-10-24,0.1176390468561465,0.0,0.0,0.9601805149986724,0.9773233949602548,0.9601805149986724,0.0,0.0,0.0
2021-10-24,0.067684599576584,0.0,0.0,0.9601805149986724,0.9773233949602548,0.9601805149986724,0.0,0.0,0.0
2021-10-24,0.0164284937459552,0.0,0.0,0.9601805149986724,0.9773233949602548,0.9601805149986724,0.0,0.0,0.0
2021-10-25,0.0343247252543272,0.0,0.0,0.9601805149986724,0.9773233949602548,0.9601805149986724,0.0,0.0,0.0
2021-10-25,0.2242579213194076,0.0,0.0,0.9601805149986724,0.9773233949602548,0.9601805149986724,0.0,0.0,0.0
2021-10-25,0.1792190482501973,0.0,0.0,0.9601805149986724,0.9773233949602548,0.9601805149986724,0.0,0.0,0.0
2021-10-25,0.1236812099609273,0.0,0.0,0.9601805149986724,0.9773233949602548,0.9601805149986724,0.0,0.0,0.0
2021-10-25,0.2382187738825058,0.0,0.0,0.9601805149986724,0.9773233949602548,0.9601805149986724,0.0,0.0,0.0
2021-10-25,0.1248510758773417,0.0,0.0,0.9601805149986724,0.9773233949602548,0.9601805149986724,0.0,0.0,0.0
2021-10-25,0.080531413932678,0.0,0.0,0.9601805149986724,0.9773233949602548,0.9601805149986724,0.0,0.0,0.0
2021-10-25,0.0710427816741307,0.0,0.0,0.9601805149986724,0.9773233949602548,0.9601805149986724,0.0,0.0,0.0
2021-10-25,0.0887177807878555,0.0,0.0,0.9601805149986724,0.9773233949602548,0.9601805149986724,0.0,0.0,0.0
2021-10-25,0.0648358781832623,0.0,0.0,0.9601805149986724,0.9773233949602548,0.9601805149986724,0.0,0.0,0.0
2021-10-25,0.1014723746030586,0.0,0.0,0.9601805149986724,0.9773233949602548,0.9601805149986724,0.0,0.0,0.0
2021-10-25,0.1900217296790542,0.0,0.0,0.9601805149986724,0.9773233949602548,0.9601805149986724,0.0,0.00024135917175471366,0.00024135917175471366
2021-10-26,0.0,0.0,0.0,0.9601805149986724,0.9773233949602548,0.9601805149986724,0.0,0.0,0.0
2021-10-26,0.0,0.0,0.0,0.9601805149986724,0.9773233949602548,0.9601805149986724,0.0,0.0,0.0
2021-10-26,0.0,0.0,0.0,0.9601805149986724,0.9773233949602548,0.9601805149986724,0.0,0.0,0.0
2021-10-26,0.0,0.0,0.0,0.9601805149986724,0.9773233949602548,0.9601805149986724,0.0,0.0,0.0
2021-10-26,0.0,0.0,0.0,0.9601805149986724,0.9773233949602548,0.9601805149986724,0.0,0.0,0.0
2021-10-26,0.0,0.0,0.0,0.9601805149986724,0.9773233949602548,0.9601805149986724,0.0,0.0,0.0
2021-10-26,0.0,0.0,0.0,0.9601805149986724,0.9773233949602548,0.9601805149986724,0.0,0.0,0.0
2021-10-26,0.0,0.0,0.0,0.9601805149986724,0.9773233949602548,0.9601805149986724,0.0,0.0,0.0
2021-10-26,0.0,0.0,0.0,0.9601805149986724,0.9773233949602548,0.9601805149986724,0.0,0.0,0.0
2021-10-26,0.0,0.0,0.0,0.9601805149986724,0.9773233949602548,0.9601805149986724,0.0,0.0,0.0
2021-10-26,0.0,0.0,0.0,0.9601805149986724,0.9773233949602548,0.9601805149986724,0.0,0.0,0.0
2021-10-26,0.0,0.0,0.0,0.9601805149986724,0.9773233949602548,0.9601805149986724,0.0,0.0,0.0
2021-10-27,0.0,0.0,0.0,0.9601805149986724,0.9773233949602548,0.9601805149986724,0.0,0.0,0.0
2021-10-27,0.0263215499773233,0.0,0.0,0.9601805149986724,0.9773233949602548,0.9601805149986724,0.0,0.0002635917175471203,0.0002635917175471203
2021-10-27,4.59868712512578e-05,0.0,0.0,0.9601805149986724,0.9773233949602548,0.9601805149986724,0.0,0.0,0.0
2021-10-27,0.0008053940361633,0.0,0.0,0.9601805149986724,0.9773233949602548,0.9601805149986724,0.0,0.0,0.0
2021-10-27,0.0221324382901852,0.0,0.0,0.9601805149986724,0.9773233949602548,0.9601805149986724,0.0,0.0018526280860100886,0.0018526280860100886
2021-10-27,0.0,0.0,0.0,0.9601805149986724,0.9773233949602548,0.9601805149986724,0.0,0.0,0.0
2021-10-27,0.0111175786893514,0.0,0.0,0.9601805149986724,0.9773233949602548,0.9601805149986724,0.0,0.0,0.0
2021-10-27,0.004049834044049,0.0,0.0,0.9601805149986724,0.9773233949602548,0.9601805149986724,0.0,0.0,0.0
2021-10-27,0.0049504470280883,0.0,0.0,0.9601805149986724,0.9773233949602548,0.9601805149986724,0.0,0.0,0.0
2021-10-27,0.0,0.0,0.0,0.9601805149986724,0.9773233949602548,0.9601805149986724,0.0,0.0,0.0
2021-10-27,0.0006239748880113,0.0,0.0,0.9601805149986724,0.9773233949602548,0.9601805149986724,0.0,0.0,0.0
2021-10-27,0.000255382661188,0.0,0.0,0.9601805149986724,0.9773233949602548,0.9601805149986724,0.0,0.0,0.0
2021-10-28,0.0073972745809454,0.0,0.0,0.9442527209981418,0.96721237642714,0.9601805149986724,-0.01592779400053057,0.0,0.01592779400053057
2021-10-28,4.381227628678455e-05,0.0,0.0,0.9442527209981418,0.96721237642714,0.9442527209981418,0.0,0.0,0.0
2021-10-28,0.0,0.0,0.0,0.9442527209981418,0.96721237642714,0.9442527209981418,0.0,0.0,0.0
2021-10-28,2.712374076180304e-05,0.0,0.0,0.9442527209981418,0.96721237642714,0.9442527209981418,0.0,0.0,0.0
2021-10-28,0.001714680633223,0.0,0.0,0.9442527209981418,0.96721237642714,0.9442527209981418,0.0,0.0,0.0
2021-10-28,0.0,0.0,0.0,0.9442527209981418,0.96721237642714,0.9442527209981418,0.0,0.0,0.0
2021-10-28,0.0016439082753622,0.0,0.0,0.9442527209981418,0.96721237642714,0.9442527209981418,0.0,0.0,0.0
2021-10-28,0.0222089979989876,0.0,0.0,0.9442527209981418,0.96721237642714,0.9442527209981418,0.0,0.0010693389965489742,0.0010693389965489742
2021-10-28,4.8399268577908335e-06,0.0,0.0,0.9442527209981418,0.96721237642714,0.9442527209981418,0.0,0.0,0.0
2021-10-28,0.0272913801265743,0.0,0.0,0.9442527209981418,0.96721237642714,0.9442527209981418,0.0,0.0,0.0
2021-10-28,0.0006165292788369,0.0,0.0,0.9442527209981418,0.96721237642714,0.9442527209981418,0.0,0.0,0.0
2021-10-28,0.0004423321349293,0.0,0.0,0.9442527209981418,0.96721237642714,0.9442527209981418,0.0,0.0,0.0
2021-10-29,0.0,0.0,0.0,0.9442527209981418,0.96721237642714,0.9442527209981418,0.0,0.0,0.0
2021-10-29,0.0,0.0,0.0,0.9442527209981418,0.96721237642714,0.9442527209981418,0.0,0.0,0.0
2021-10-29,0.0,0.0,0.0,0.9442527209981418,0.96721237642714,0.9442527209981418,0.0,0.0,0.0
2021-10-29,0.0,0.0,0.0,0.9442527209981418,0.96721237642714,0.9442527209981418,0.0,0.0,0.0
2021-10-29,0.0,0.0,0.0,0.9442527209981418,0.96721237642714,0.9442527209981418,0.0,0.0,0.0
2021-10-29,0.0,0.0,0.0,0.9442527209981418,0.96721237642714,0.9442527209981418,0.0,0.0,0.0
2021-10-29,0.0,0.0,0.0,0.9442527209981418,0.96721237642714,0.9442527209981418,0.0,0.0,0.0
2021-10-29,0.0,0.0,0.0,0.9442527209981418,0.96721237642714,0.9442527209981418,0.0,0.0,0.0
2021-10-29,0.0,0.0,0.0,0.9442527209981418,0.96721237642714,0.9442527209981418,0.0,0.0,0.0
2021-10-29,0.0,0.0,0.0,0.9442527209981418,0.96721237642714,0.9442527209981418,0.0,0.0,0.0
2021-10-29,0.0,0.0,0.0,0.9442527209981418,0.96721237642714,0.9442527209981418,0.0,0.0,0.0
2021-10-29,0.0,0.0,0.0,0.9442527209981418,0.96721237642714,0.9442527209981418,0.0,0.0,0.0
2021-10-30,0.0,0.0,0.0,0.9442527209981418,0.96721237642714,0.9442527209981418,0.0,0.0,0.0
2021-10-30,0.0,0.0,0.0,0.9442527209981418,0.96721237642714,0.9442527209981418,0.0,0.0,0.0
2021-10-30,0.0,0.0,0.0,0.9442527209981418,0.96721237642714,0.9442527209981418,0.0,0.0,0.0
2021-10-30,0.0,0.0,0.0,0.9442527209981418,0.96721237642714,0.9442527209981418,0.0,0.0,0.0
2021-10-30,0.0,0.0,0.0,0.9442527209981418,0.96721237642714,0.9442527209981418,0.0,0.0,0.0
2021-10-30,0.0,0.0,0.0,0.9442527209981418,0.96721237642714,0.9442527209981418,0.0,0.0,0.0
2021-10-30,0.0,0.0,0.0,0.9442527209981418,0.96721237642714,0.9442527209981418,0.0,0.0,0.0
2021-10-30,0.0,0.0,0.0,0.9442527209981418,0.96721237642714,0.9442527209981418,0.0,0.0,0.0
2021-10-30,0.0,0.0,0.0,0.9442527209981418,0.96721237642714,0.9442527209981418,0.0,0.0,0.0
2021-10-30,0.0,0.0,0.0,0.9442527209981418,0.96721237642714,0.9442527209981418,0.0,0.0,0.0
2021-10-30,0.0,0.0,0.0,0.9442527209981418,0.96721237642714,0.9442527209981418,0.0,0.0,0.0
2021-10-30,0.0,0.0,0.0,0.9442527209981418,0.96721237642714,0.9442527209981418,0.0,0.0,0.0
2021-10-31,0.0,0.0,0.0,0.9442527209981418,0.96721237642714,0.9442527209981418,0.0,0.0,0.0
2021-10-31,0.0,0.0,0.0,0.9442527209981418,0.96721237642714,0.9442527209981418,0.0,0.0,0.0
2021-10-31,0.0,0.0,0.0,0.9442527209981418,0.96721237642714,0.9442527209981418,0.0,0.0,0.0
2021-10-31,0.0,0.0,0.0,0.9442527209981418,0.96721237642714,0.9442527209981418,0.0,0.0,0.0
2021-10-31,0.0,0.0,0.0,0.9442527209981418,0.96721237642714,0.9442527209981418,0.0,0.0,0.0
2021-10-31,0.0,0.0,0.0,0.9442527209981418,0.96721237642714,0.9442527209981418,0.0,0.0,0.0
2021-10-31,0.0,0.0,0.0,0.9442527209981418,0.96721237642714,0.9442527209981418,0.0,0.0,0.0
2021-10-31,0.0,0.0,0.0,0.9442527209981418,0.96721237642714,0.9442527209981418,0.0,0.0,0.0
2021-10-31,0.0,0.0,0.0,0.9442527209981418,0.96721237642714,0.9442527209981418,0.0,0.0,0.0
2021-10-31,0.0,0.0,0.0,0.9442527209981418,0.96721237642714,0.9442527209981418,0.0,0.0,0.0
2021-10-31,0.0,0.0,0.0,0.9442527209981418,0.96721237642714,0.9442527209981418,0.0,0.0,0.0
2021-10-31,0.0,0.0,0.0,0.9442527209981418,0.96721237642714,0.9442527209981418,0.0,0.0,0.0
2021-11-01,0.0,0.0,0.0,0.9442527209981418,0.96721237642714,0.9442527209981418,0.0,0.0,0.0
2021-11-01,0.0,0.0,0.0,0.9442527209981418,0.96721237642714,0.9442527209981418,0.0,0.0,0.0
2021-11-01,0.0,0.0,0.0,0.9442527209981418,0.96721237642714,0.9442527209981418,0.0,0.0,0.0
2021-11-01,0.0,0.0,0.0,0.9442527209981418,0.96721237642714,0.9442527209981418,0.0,0.0,0.0
2021-11-01,0.0,0.0,0.0,0.9442527209981418,0.96721237642714,0.9442527209981418,0.0,0.0,0.0
2021-11-01,0.0,0.0,0.0,0.9442527209981418,0.96721237642714,0.9442527209981418,0.0,0.0,0.0
2021-11-01,0.0,0.0,0.0,0.9442527209981418,0.96721237642714,0.9442527209981418,0.0,0.0,0.0
2021-11-01,0.0,0.0,0.0,0.9442527209981418,0.96721237642714,0.9442527209981418,0.0,0.0,0.0
2021-11-01,0.0,0.0,0.0,0.9442527209981418,0.96721237642714,0.9442527209981418,0.0,0.0,0.0
2021-11-01,0.0,0.0,0.0,0.9442527209981418,0.96721237642714,0.9442527209981418,0.0,0.0,0.0
2021-11-01,0.0,0.0,0.0,0.9442527209981418,0.96721237642714,0.9442527209981418,0.0,0.0,0.0
2021-11-01,0.0,0.0,0.0,0.9442527209981418,0.96721237642714,0.9442527209981418,0.0,0.0,0.0
2021-11-02,0.0,0.0,0.0,0.9442527209981418,0.96721237642714,0.9442527209981418,0.0,0.0,0.0
2021-11-02,0.0,0.0,0.0,0.9442527209981418,0.96721237642714,0.9442527209981418,0.0,0.0,0.0
2021-11-02,0.0,0.0,0.0,0.9442527209981418,0.96721237642714,0.9442527209981418,0.0,0.0,0.0
2021-11-02,0.0,0.0,0.0,0.9442527209981418,0.96721237642714,0.9442527209981418,0.0,0.0,0.0
2021-11-02,5.288811903636582e-06,0.0,0.0,0.9442527209981418,0.96721237642714,0.9442527209981418,0.0,0.0,0.0
2021-11-02,0.0,0.0,0.0,0.9442527209981418,0.96721237642714,0.9442527209981418,0.0,0.0,0.0
2021-11-02,0.0,0.0,0.0,0.9442527209981418,0.96721237642714,0.9442527209981418,0.0,0.0,0.0
2021-11-02,0.0,0.0,0.0,0.9442527209981418,0.96721237642714,0.9442527209981418,0.0,0.0,0.0
2021-11-02,8.76245525735691e-05,0.0,0.0,0.9442527209981418,0.96721237642714,0.9442527209981418,0.0,0.0,0.0
2021-11-02,0.0,0.0,0.0,0.9442527209981418,0.96721237642714,0.9442527209981418,0.0,0.0,0.0
2021-11-02,0.0,0.0,0.0,0.9442527209981418,0.96721237642714,0.9442527209981418,0.0,0.0,0.0
2021-11-02,0.0,0.0,0.0,0.9442527209981418,0.96721237642714,0.9442527209981418,0.0,0.0,0.0
2021-11-03,0.0041150521424484,0.0,0.0,0.9230156623307672,0.954444119170402,0.9442527209981418,-0.021237058667374686,0.0,0.021237058667374686
2021-11-03,0.0044610595124224,0.0,0.0,0.9230156623307672,0.954444119170402,0.9230156623307672,0.0,0.0,0.0
2021-11-03,0.0088167914496939,0.0,0.0,0.9230156623307672,0.954444119170402,0.9230156623307672,0.0,0.0,0.0
2021-11-03,0.0064092911450507,0.0,0.0,0.9230156623307672,0.954444119170402,0.9230156623307672,0.0,0.0,0.0
2021-11-03,0.0004311364878272,0.0,0.0,0.9230156623307672,0.954444119170402,0.9230156623307672,0.0,0.0,0.0
2021-11-03,0.0093881846203581,0.0,0.0,0.9230156623307672,0.954444119170402,0.9230156623307672,0.0,0.0,0.0
2021-11-03,0.0034360664989659,0.0,0.0,0.9230156623307672,0.954444119170402,0.9230156623307672,0.0,0.0,0.0
2021-11-03,0.0067411698209547,0.0,0.0,0.9230156623307672,0.954444119170402,0.9230156623307672,0.0,0.0,0.0
2021-11-03,0.0443005763568854,0.0,0.0,0.9230156623307672,0.954444119170402,0.9230156623307672,0.0,0.010099203610299977,0.010099203610299977
2021-11-03,0.0048948579354953,0.0,0.0,0.9230156623307672,0.954444119170402,0.9230156623307672,0.0,0.0,0.0
2021-11-03,0.0016833126376604,0.0,0.0,0.9230156623307672,0.954444119170402,0.9230156623307672,0.0,0.0,0.0
2021-11-03,0.003461675408879,0.0,0.0,0.9230156623307672,0.954444119170402,0.9230156623307672,0.0,0.0,0.0
2021-11-04,0.0,0.0,0.0,0.9230156623307672,0.954444119170402,0.9230156623307672,0.0,0.0,0.0
2021-11-04,6.684212175489829e-05,0.0,0.0,0.9230156623307672,0.954444119170402,0.9230156623307672,0.0,0.0,0.0
2021-11-04,6.883968380959777e-05,0.0,0.0,0.9230156623307672,0.954444119170402,0.9230156623307672,0.0,0.0,0.0
2021-11-04,0.0,0.0,0.0,0.9230156623307672,0.954444119170402,0.9230156623307672,0.0,0.0,0.0
2021-11-04,0.0,0.0,0.0,0.9230156623307672,0.954444119170402,0.9230156623307672,0.0,0.0,0.0
2021-11-04,0.0,0.0,0.0,0.9230156623307672,0.954444119170402,0.9230156623307672,0.0,0.0,0.0
2021-11-04,0.0,0.0,0.0,0.9230156623307672,0.954444119170402,0.9230156623307672,0.0,0.0,0.0
2021-11-04,4.59868712512578e-05,0.0,0.0,0.9230156623307672,0.954444119170402,0.9230156623307672,0.0,0.0,0.0
2021-11-04,0.0,0.0,0.0,0.9230156623307672,0.954444119170402,0.9230156623307672,0.0,0.0,0.0
2021-11-04,0.0,0.0,0.0,0.9230156623307672,0.954444119170402,0.9230156623307672,0.0,0.0,0.0
2021-11-04,0.0,0.0,0.0,0.9230156623307672,0.954444119170402,0.9230156623307672,0.0,0.0,0.0
2021-11-04,0.0,0.0,0.0,0.9230156623307672,0.954444119170402,0.9230156623307672,0.0,0.0,0.0
2021-11-05,0.0,0.0,0.0,0.9230156623307672,0.954444119170402,0.9230156623307672,0.0,0.0,0.0
2021-11-05,0.0,0.0,0.0,0.9230156623307672,0.954444119170402,0.9230156623307672,0.0,0.0,0.0
2021-11-05,0.0,0.0,0.0,0.9230156623307672,0.954444119170402,0.9230156623307672,0.0,0.0,0.0
2021-11-05,0.0,0.0,0.0,0.9230156623307672,0.954444119170402,0.9230156623307672,0.0,0.0,0.0
2021-11-05,0.0,0.0,0.0,0.9230156623307672,0.954444119170402,0.9230156623307672,0.0,0.0,0.0
2021-11-05,0.0,0.0,0.0,0.9230156623307672,0.954444119170402,0.9230156623307672,0.0,0.0,0.0
2021-11-05,0.0,0.0,0.0,0.9230156623307672,0.954444119170402,0.9230156623307672,0.0,0.0,0.0
2021-11-05,0.0,0.0,0.0,0.9230156623307672,0.954444119170402,0.9230156623307672,0.0,0.0,0.0
2021-11-05,0.0,0.0,0.0,0.9230156623307672,0.954444119170402,0.9230156623307672,0.0,0.0,0.0
2021-11-05,0.0,0.0,0.0,0.9230156623307672,0.954444119170402,0.9230156623307672,0.0,0.0,0.0
2021-11-05,0.0,0.0,0.0,0.9230156623307672,0.954444119170402,0.9230156623307672,0.0,0.0,0.0
2021-11-05,0.0,0.0,0.0,0.9230156623307672,0.954444119170402,0.9230156623307672,0.0,0.0,0.0
2021-11-06,0.0,0.0,0.0,0.9230156623307672,0.954444119170402,0.9230156623307672,0.0,0.0,0.0
2021-11-06,0.0,0.0,0.0,0.9230156623307672,0.954444119170402,0.9230156623307672,0.0,0.0,0.0
2021-11-06,0.0,0.0,0.0,0.9230156623307672,0.954444119170402,0.9230156623307672,0.0,0.0,0.0
2021-11-06,0.0,0.0,0.0,0.9230156623307672,0.954444119170402,0.9230156623307672,0.0,0.0,0.0
2021-11-06,0.0,0.0,0.0,0.9230156623307672,0.954444119170402,0.9230156623307672,0.0,0.0,0.0
2021-11-06,0.0,0.0,0.0,0.9230156623307672,0.954444119170402,0.9230156623307672,0.0,0.0,0.0
2021-11-06,0.0,0.0,0.0,0.9230156623307672,0.954444119170402,0.9230156623307672,0.0,0.0,0.0
2021-11-06,0.0,0.0,0.0,0.9230156623307672,0.954444119170402,0.9230156623307672,0.0,0.0,0.0
2021-11-06,0.0,0.0,0.0,0.9230156623307672,0.954444119170402,0.9230156623307672,0.0,0.0,0.0
2021-11-06,0.0,0.0,0.0,0.9230156623307672,0.954444119170402,0.9230156623307672,0.0,0.0,0.0
2021-11-06,0.0,0.0,0.0,0.9230156623307672,0.954444119170402,0.9230156623307672,0.0,0.0,0.0
2021-11-06,0.0,0.0,0.0,0.9230156623307672,0.954444119170402,0.9230156623307672,0.0,0.0,0.0
2021-11-07,0.0,0.0,0.0,0.9230156623307672,0.954444119170402,0.9230156623307672,0.0,0.0,0.0
2021-11-07,0.0,0.0,0.0,0.9230156623307672,0.954444119170402,0.9230156623307672,0.0,0.0,0.0
2021-11-07,0.0,0.0,0.0,0.9230156623307672,0.954444119170402,0.9230156623307672,0.0,0.0,0.0
2021-11-07,0.0,0.0,0.0,0.9230156623307672,0.954444119170402,0.9230156623307672,0.0,0.0,0.0
2021-11-07,0.0,0.0,0.0,0.9230156623307672,0.954444119170402,0.9230156623307672,0.0,0.0,0.0
2021-11-07,0.0,0.0,0.0,0.9230156623307672,0.954444119170402,0.9230156623307672,0.0,0.0,0.0
2021-11-07,0.0,0.0,0.0,0.9230156623307672,0.954444119170402,0.9230156623307672,0.0,0.0,0.0
2021-11-07,0.0,0.0,0.0,0.9230156623307672,0.954444119170402,0.9230156623307672,0.0,0.0,0.0
2021-11-07,0.0,0.0,0.0,0.9230156623307672,0.954444119170402,0.9230156623307672,0.0,0.0,0.0
2021-11-07,0.0,0.0,0.0,0.9230156623307672,0.954444119170402,0.9230156623307672,0.0,0.0,0.0
2021-11-07,0.0,0.0,0.0,0.9230156623307672,0.954444119170402,0.9230156623307672,0.0,0.0,0.0
2021-11-07,0.0,0.0,0.0,0.9230156623307672,0.954444119170402,0.9230156623307672,0.0,0.0,0.0
2021-11-08,0.0,0.0,0.0,0.9230156623307672,0.954444119170402,0.9230156623307672,0.0,0.0,0.0
2021-11-08,0.0,0.0,0.0,0.9230156623307672,0.954444119170402,0.9230156623307672,0.0,0.0,0.0
2021-11-08,0.0,0.0,0.0,0.9230156623307672,0.954444119170402,0.9230156623307672,0.0,0.0,0.0
2021-11-08,0.0,0.0,0.0,0.9230156623307672,0.954444119170402,0.9230156623307672,0.0,0.0,0.0
2021-11-08,0.0,0.0,0.0,0.9230156623307672,0.954444119170402,0.9230156623307672,0.0,0.0,0.0
2021-11-08,0.0,0.0,0.0,0.9230156623307672,0.954444119170402,0.9230156623307672,0.0,0.0,0.0
2021-11-08,0.0,0.0,0.0,0.9230156623307672,0.954444119170402,0.9230156623307672,0.0,0.0,0.0
2021-11-08,0.0,0.0,0.0,0.9230156623307672,0.954444119170402,0.9230156623307672,0.0,0.0,0.0
2021-11-08,0.0,0.0,0.0,0.9230156623307672,0.954444119170402,0.9230156623307672,0.0,0.0,0.0
2021-11-08,0.0,0.0,0.0,0.9230156623307672,0.954444119170402,0.9230156623307672,0.0,0.0,0.0
2021-11-08,0.0,0.0,0.0,0.9230156623307672,0.954444119170402,0.9230156623307672,0.0,0.0,0.0
2021-11-08,0.0,0.0,0.0,0.9230156623307672,0.954444119170402,0.9230156623307672,0.0,0.0,0.0
2021-11-09,0.0,0.0,0.0,0.9230156623307672,0.954444119170402,0.9230156623307672,0.0,0.0,0.0
2021-11-09,0.0,0.0,0.0,0.9230156623307672,0.954444119170402,0.9230156623307672,0.0,0.0,0.0
2021-11-09,0.0,0.0,0.0,0.9230156623307672,0.954444119170402,0.9230156623307672,0.0,0.0,0.0
2021-11-09,0.0,0.0,0.0,0.9230156623307672,0.954444119170402,0.9230156623307672,0.0,0.0,0.0
2021-11-09,0.0,0.0,0.0,0.9230156623307672,0.954444119170402,0.9230156623307672,0.0,0.0,0.0
2021-11-09,0.0,0.0,0.0,0.9230156623307672,0.954444119170402,0.9230156623307672,0.0,0.0,0.0
2021-11-09,0.0,0.0,0.0,0.9230156623307672,0.954444119170402,0.9230156623307672,0.0,0.0,0.0
2021-11-09,0.0,0.0,0.0,0.9230156623307672,0.954444119170402,0.9230156623307672,0.0,0.0,0.0
2021-11-09,0.0,0.0,0.0,0.9230156623307672,0.954444119170402,0.9230156623307672,0.0,0.0,0.0
2021-11-09,0.0,0.0,0.0,0.9230156623307672,0.954444119170402,0.9230156623307672,0.0,0.0,0.0
2021-11-09,0.0,0.0,0.0,0.9230156623307672,0.954444119170402,0.9230156623307672,0.0,0.0,0.0
2021-11-09,0.0,0.0,0.0,0.9230156623307672,0.954444119170402,0.9230156623307672,0.0,0.0,0.0
2021-11-10,0.0,0.0,0.0,0.9230156623307672,0.954444119170402,0.9230156623307672,0.0,0.0,0.0
2021-11-10,0.0,0.0,0.0,0.9230156623307672,0.954444119170402,0.9230156623307672,0.0,0.0,0.0
2021-11-10,0.0,0.0,0.0,0.9230156623307672,0.954444119170402,0.9230156623307672,0.0,0.0,0.0
2021-11-10,0.0,0.0,0.0,0.9230156623307672,0.954444119170402,0.9230156623307672,0.0,0.0,0.0
2021-11-10,0.0,0.0,0.0,0.9230156623307672,0.954444119170402,0.9230156623307672,0.0,0.0,0.0
2021-11-10,0.0,0.0,0.0,0.9230156623307672,0.954444119170402,0.9230156623307672,0.0,0.0,0.0
2021-11-10,0.0,0.0,0.0,0.9230156623307672,0.954444119170402,0.9230156623307672,0.0,0.0,0.0
2021-11-10,0.0,0.0,0.0,0.9230156623307672,0.954444119170402,0.9230156623307672,0.0,0.0,0.0
2021-11-10,0.0,0.0,0.0,0.9230156623307672,0.954444119170402,0.9230156623307672,0.0,0.0,0.0
2021-11-10,0.0,0.0,0.0,0.9230156623307672,0.954444119170402,0.9230156623307672,0.0,0.0,0.0
2021-11-10,0.0,0.0,0.0,0.9230156623307672,0.954444119170402,0.9230156623307672,0.0,0.0,0.0
2021-11-10,0.0,0.0,0.0,0.9230156623307672,0.954444119170402,0.9230156623307672,0.0,0.0,0.0
2021-11-11,0.0,0.0,0.0,0.8911600743297053,0.9356407773549228,0.9230156623307672,-0.03185558800106181,0.0,0.03185558800106181
2021-11-11,0.0,0.0,0.0,0.8911600743297053,0.9356407773549228,0.8911600743297053,0.0,0.0,0.0
2021-11-11,0.0,0.0,0.0,0.8911600743297053,0.9356407773549228,0.8911600743297053,0.0,0.0,0.0
2021-11-11,0.0,0.0,0.0,0.8911600743297053,0.9356407773549228,0.8911600743297053,0.0,0.0,0.0
2021-11-11,0.0,0.0,0.0,0.8911600743297053,0.9356407773549228,0.8911600743297053,0.0,0.0,0.0
2021-11-11,0.0,0.0,0.0,0.8911600743297053,0.9356407773549228,0.8911600743297053,0.0,0.0,0.0
2021-11-11,0.0,0.0,0.0,0.8911600743297053,0.9356407773549228,0.8911600743297053,0.0,0.0,0.0
2021-11-11,0.0,0.0,0.0,0.8911600743297053,0.9356407773549228,0.8911600743297053,0.0,0.0,0.0
2021-11-11,0.0,0.0,0.0,0.8911600743297053,0.9356407773549228,0.8911600743297053,0.0,0.0,0.0
2021-11-11,0.0,0.0,0.0,0.8911600743297053,0.9356407773549228,0.8911600743297053,0.0,0.0,0.0
2021-11-11,0.0,0.0,0.0,0.8911600743297053,0.9356407773549228,0.8911600743297053,0.0,0.0,0.0
2021-11-11,0.0,0.0,0.0,0.8911600743297053,0.9356407773549228,0.8911600743297053,0.0,0.0,0.0
2021-11-12,0.0,0.0,0.0,0.8911600743297053,0.9356407773549228,0.8911600743297053,0.0,0.0,0.0
2021-11-12,0.0,0.0,0.0,0.8911600743297053,0.9356407773549228,0.8911600743297053,0.0,0.0,0.0
2021-11-12,0.0,0.0,0.0,0.8911600743297053,0.9356407773549228,0.8911600743297053,0.0,0.0,0.0
2021-11-12,0.0,0.0,0.0,0.8911600743297053,0.9356407773549228,0.8911600743297053,0.0,0.0,0.0
2021-11-12,0.0,0.0,0.0,0.8911600743297053,0.9356407773549228,0.8911600743297053,0.0,0.0,0.0
2021-11-12,0.0,0.0,0.0,0.8911600743297053,0.9356407773549228,0.8911600743297053,0.0,0.0,0.0
2021-11-12,0.0,0.0,0.0,0.8911600743297053,0.9356407773549228,0.8911600743297053,0.0,0.0,0.0
2021-11-12,0.0,0.0,0.0,0.8911600743297053,0.9356407773549228,0.8911600743297053,0.0,0.0,0.0
2021-11-12,0.0,0.0,0.0,0.8911600743297053,0.9356407773549228,0.8911600743297053,0.0,0.0,0.0
2021-11-12,0.0,0.0,0.0,0.8911600743297053,0.9356407773549228,0.8911600743297053,0.0,0.0,0.0
2021-11-12,0.0,0.0,0.0,0.8911600743297053,0.9356407773549228,0.8911600743297053,0.0,0.0,0.0
2021-11-12,0.0,0.0,0.0,0.8911600743297053,0.9356407773549228,0.8911600743297053,0.0,0.0,0.0
2021-11-13,0.0,0.0,0.0,0.8911600743297053,0.9356407773549228,0.8911600743297053,0.0,0.0,0.0
2021-11-13,0.0,0.0,0.0,0.8911600743297053,0.9356407773549228,0.8911600743297053,0.0,0.0,0.0
2021-11-13,0.0,0.0,0.0,0.8911600743297053,0.9356407773549228,0.8911600743297053,0.0,0.0,0.0
2021-11-13,0.0,0.0,0.0,0.8911600743297053,0.9356407773549228,0.8911600743297053,0.0,0.0,0.0
2021-11-13,0.0,0.0,0.0,0.8911600743297053,0.9356407773549228,0.8911600743297053,0.0,0.0,0.0
2021-11-13,0.0,0.0,0.0,0.8911600743297053,0.9356407773549228,0.8911600743297053,0.0,0.0,0.0
2021-11-13,0.0,0.0,0.0,0.8911600743297053,0.9356407773549228,0.8911600743297053,0.0,0.0,0.0
2021-11-13,0.0,0.0,0.0,0.8911600743297053,0.9356407773549228,0.8911600743297053,0.0,0.0,0.0
2021-11-13,0.0,0.0,0.0,0.8911600743297053,0.9356407773549228,0.8911600743297053,0.0,0.0,0.0
2021-11-13,0.0,0.0,0.0,0.8911600743297053,0.9356407773549228,0.8911600743297053,0.0,0.0,0.0
2021-11-13,0.0,0.0,0.0,0.8911600743297053,0.9356407773549228,0.8911600743297053,0.0,0.0,0.0
2021-11-13,0.0,0.0,0.0,0.8911600743297053,0.9356407773549228,0.8911600743297053,0.0,0.0,0.0
2021-11-14,0.0,0.0,0.0,0.8911600743297053,0.9356407773549228,0.8911600743297053,0.0,0.0,0.0
2021-11-14,0.0,0.0,0.0,0.8911600743297053,0.9356407773549228,0.8911600743297053,0.0,0.0,0.0
2021-11-14,0.0,0.0,0.0,0.8911600743297053,0.9356407773549228,0.8911600743297053,0.0,0.0,0.0
2021-11-14,0.0,0.0,0.0,0.8911600743297053,0.9356407773549228,0.8911600743297053,0.0,0.0,0.0
2021-11-14,0.0,0.0,0.0,0.8911600743297053,0.9356407773549228,0.8911600743297053,0.0,0.0,0.0
2021-11-14,0.0,0.0,0.0,0.8911600743297053,0.9356407773549228,0.8911600743297053,0.0,0.0,0.0
2021-11-14,0.0,0.0,0.0,0.8911600743297053,0.9356407773549228,0.8911600743297053,0.0,0.0,0.0
2021-11-14,0.0,0.0,0.0,0.8911600743297053,0.9356407773549228,0.8911600743297053,0.0,0.0,0.0
2021-11-14,0.0,0.0,0.0,0.8911600743297053,0.9356407773549228,0.8911600743297053,0.0,0.0,0.0
2021-11-14,0.0,0.0,0.0,0.8911600743297053,0.9356407773549228,0.8911600743297053,0.0,0.0,0.0
2021-11-14,0.0,0.0,0.0,0.8911600743297053,0.9356407773549228,0.8911600743297053,0.0,0.0,0.0
2021-11-14,0.0,0.0,0.0,0.8911600743297053,0.9356407773549228,0.8911600743297053,0.0,0.0,0.0
2021-11-15,0.0,0.0,0.0,0.8911600743297053,0.9356407773549228,0.8911600743297053,0.0,0.0,0.0
2021-11-15,0.0,0.0,0.0,0.8911600743297053,0.9356407773549228,0.8911600743297053,0.0,0.0,0.0
2021-11-15,0.0,0.0,0.0,0.8911600743297053,0.9356407773549228,0.8911600743297053,0.0,0.0,0.0
2021-11-15,0.0,0.0,0.0,0.8911600743297053,0.9356407773549228,0.8911600743297053,0.0,0.0,0.0
2021-11-15,0.0,0.0,0.0,0.8911600743297053,0.9356407773549228,0.8911600743297053,0.0,0.0,0.0
2021-11-15,0.0,0.0,0.0,0.8911600743297053,0.9356407773549228,0.8911600743297053,0.0,0.0,0.0
2021-11-15,0.0,0.0,0.0,0.8911600743297053,0.9356407773549228,0.8911600743297053,0.0,0.0,0.0
2021-11-15,0.0,0.0,0.0,0.8911600743297053,0.9356407773549228,0.8911600743297053,0.0,0.0,0.0
2021-11-15,0.0,0.0,0.0,0.8911600743297053,0.9356407773549228,0.8911600743297053,0.0,0.0,0.0
2021-11-15,0.0,0.0,0.0,0.8911600743297053,0.9356407773549228,0.8911600743297053,0.0,0.0,0.0
2021-11-15,0.0,0.0,0.0,0.8911600743297053,0.9356407773549228,0.8911600743297053,0.0,0.0,0.0
2021-11-15,0.0,0.0,0.0,0.8911600743297053,0.9356407773549228,0.8911600743297053,0.0,0.0,0.0
2021-11-16,0.0,0.0,0.0,0.8911600743297053,0.9356407773549228,0.8911600743297053,0.0,0.0,0.0
2021-11-16,0.0,0.0,0.0,0.8911600743297053,0.9356407773549228,0.8911600743297053,0.0,0.0,0.0
2021-11-16,0.0,0.0,0.0,0.8911600743297053,0.9356407773549228,0.8911600743297053,0.0,0.0,0.0
2021-11-16,0.0,0.0,0.0,0.8911600743297053,0.9356407773549228,0.8911600743297053,0.0,0.0,0.0
2021-11-16,0.0,0.0,0.0,0.8911600743297053,0.9356407773549228,0.8911600743297053,0.0,0.0,0.0
2021-11-16,0.0,0.0,0.0,0.8911600743297053,0.9356407773549228,0.8911600743297053,0.0,0.0,0.0
2021-11-16,0.0,0.0,0.0,0.8911600743297053,0.9356407773549228,0.8911600743297053,0.0,0.0,0.0
2021-11-16,0.0,0.0,0.0,0.8911600743297053,0.9356407773549228,0.8911600743297053,0.0,0.0,0.0
2021-11-16,0.0,0.0,0.0,0.8911600743297053,0.9356407773549228,0.8911600743297053,0.0,0.0,0.0
2021-11-16,0.0,0.0,0.0,0.8911600743297053,0.9356407773549228,0.8911600743297053,0.0,0.0,0.0
2021-11-16,0.0,0.0,0.0,0.8911600743297053,0.9356407773549228,0.8911600743297053,0.0,0.0,0.0
2021-11-16,0.0,0.0,0.0,0.8911600743297053,0.9356407773549228,0.8911600743297053,0.0,0.0,0.0
2021-11-17,0.0,0.0,0.0,0.8911600743297053,0.9356407773549228,0.8911600743297053,0.0,0.0,0.0
2021-11-17,0.0,0.0,0.0,0.8911600743297053,0.9356407773549228,0.8911600743297053,0.0,0.0,0.0
2021-11-17,0.0,0.0,0.0,0.8911600743297053,0.9356407773549228,0.8911600743297053,0.0,0.0,0.0
2021-11-17,0.0,0.0,0.0,0.8911600743297053,0.9356407773549228,0.8911600743297053,0.0,0.0,0.0
2021-11-17,0.0,0.0,0.0,0.8911600743297053,0.9356407773549228,0.8911600743297053,0.0,0.0,0.0
2021-11-17,0.0,0.0,0.0,0.8911600743297053,0.9356407773549228,0.8911600743297053,0.0,0.0,0.0
2021-11-17,0.0,0.0,0.0,0.8911600743297053,0.9356407773549228,0.8911600743297053,0.0,0.0,0.0
2021-11-17,0.0,0.0,0.0,0.8911600743297053,0.9356407773549228,0.8911600743297053,0.0,0.0,0.0
2021-11-17,0.0,0.0,0.0,0.8911600743297053,0.9356407773549228,0.8911600743297053,0.0,0.0,0.0
2021-11-17,0.0,0.0,0.0,0.8911600743297053,0.9356407773549228,0.8911600743297053,0.0,0.0,0.0
2021-11-17,0.0,0.0,0.0,0.8911600743297053,0.9356407773549228,0.8911600743297053,0.0,0.0,0.0
2021-11-17,0.0,0.0,0.0,0.8911600743297053,0.9356407773549228,0.8911600743297053,0.0,0.0,0.0
2021-11-18,0.0,0.0,0.0,0.8619591186620652,0.9182110928457234,0.8911600743297053,-0.02920095566764014,0.0,0.02920095566764014
2021-11-18,0.0,0.0,0.0,0.8619591186620652,0.9182110928457234,0.8619591186620652,0.0,0.0,0.0
2021-11-18,0.0,0.0,0.0,0.8619591186620652,0.9182110928457234,0.8619591186620652,0.0,0.0,0.0
2021-11-18,0.0,0.0,0.0,0.8619591186620652,0.9182110928457234,0.8619591186620652,0.0,0.0,0.0
2021-11-18,0.0,0.0,0.0,0.8619591186620652,0.9182110928457234,0.8619591186620652,0.0,0.0,0.0
2021-11-18,0.0,0.0,0.0,0.8619591186620652,0.9182110928457234,0.8619591186620652,0.0,0.0,0.0
2021-11-18,0.0,0.0,0.0,0.8619591186620652,0.9182110928457234,0.8619591186620652,0.0,0.0,0.0
2021-11-18,0.0,0.0,0.0,0.8619591186620652,0.9182110928457234,0.8619591186620652,0.0,0.0,0.0
2021-11-18,0.0,0.0,0.0,0.8619591186620652,0.9182110928457234,0.8619591186620652,0.0,0.0,0.0
2021-11-18,0.0,0.0,0.0,0.8619591186620652,0.9182110928457234,0.8619591186620652,0.0,0.0,0.0
2021-11-18,0.0,0.0,0.0,0.8619591186620652,0.9182110928457234,0.8619591186620652,0.0,0.0,0.0
2021-11-18,0.0,0.0,0.0,0.8619591186620652,0.9182110928457234,0.8619591186620652,0.0,0.0,0.0
2021-11-19,0.0,0.0,0.0,0.8619591186620652,0.9182110928457234,0.8619591186620652,0.0,0.0,0.0
2021-11-19,0.0,0.0,0.0,0.8619591186620652,0.9182110928457234,0.8619591186620652,0.0,0.0,0.0
2021-11-19,0.0,0.0,0.0,0.8619591186620652,0.9182110928457234,0.8619591186620652,0.0,0.0,0.0
2021-11-19,0.0,0.0,0.0,0.8619591186620652,0.9182110928457234,0.8619591186620652,0.0,0.0,0.0
2021-11-19,0.0,0.0,0.0,0.8619591186620652,0.9182110928457234,0.8619591186620652,0.0,0.0,0.0
2021-11-19,0.0,0.0,0.0,0.8619591186620652,0.9182110928457234,0.8619591186620652,0.0,0.0,0.0
2021-11-19,0.0,0.0,0.0,0.8619591186620652,0.9182110928457234,0.8619591186620652,0.0,0.0,0.0
2021-11-19,0.0,0.0,0.0,0.8619591186620652,0.9182110928457234,0.8619591186620652,0.0,0.0,0.0
2021-11-19,0.0,0.0,0.0,0.8619591186620652,0.9182110928457234,0.8619591186620652,0.0,0.0,0.0
2021-11-19,0.0,0.0,0.0,0.8619591186620652,0.9182110928457234,0.8619591186620652,0.0,0.0,0.0
2021-11-19,0.0,0.0,0.0,0.8619591186620652,0.9182110928457234,0.8619591186620652,0.0,0.0,0.0
2021-11-19,0.0,0.0,0.0,0.8619591186620652,0.9182110928457234,0.8619591186620652,0.0,0.0,0.0
2021-11-20,0.0,0.0,0.0,0.8619591186620652,0.9182110928457234,0.8619591186620652,0.0,0.0,0.0
2021-11-20,0.0027702981558501,0.0,0.0,0.8619591186620652,0.9182110928457234,0.8619591186620652,0.0,0.00850814972126361,0.00850814972126361
2021-11-20,0.0,0.0,0.0,0.8619591186620652,0.9182110928457234,0.8619591186620652,0.0,0.0,0.0
2021-11-20,0.0,0.0,0.0,0.8619591186620652,0.9182110928457234,0.8619591186620652,0.0,0.0,0.0
2021-11-20,0.0,0.0,0.0,0.8619591186620652,0.9182110928457234,0.8619591186620652,0.0,0.0,0.0
2021-11-20,0.0,0.0,0.0,0.8619591186620652,0.9182110928457234,0.8619591186620652,0.0,0.0,0.0
2021-11-20,0.0,0.0,0.0,0.8619591186620652,0.9182110928457234,0.8619591186620652,0.0,0.0,0.0
2021-11-20,0.0,0.0,0.0,0.8619591186620652,0.9182110928457234,0.8619591186620652,0.0,0.0,0.0
2021-11-20,0.0,0.0,0.0,0.8619591186620652,0.9182110928457234,0.8619591186620652,0.0,0.0,0.0
2021-11-20,0.0,0.0,0.0,0.8619591186620652,0.9182110928457234,0.8619591186620652,0.0,0.0,0.0
2021-11-20,0.0,0.0,0.0,0.8619591186620652,0.9182110928457234,0.8619591186620652,0.0,0.0,0.0
2021-11-20,0.0,0.0,0.0,0.8619591186620652,0.9182110928457234,0.8619591186620652,0.0,0.0,0.0
2021-11-21,0.0,0.0,0.0,0.8619591186620652,0.9182110928457234,0.8619591186620652,0.0,0.0,0.0
2021-11-21,4.169139833445721e-06,0.0,0.0,0.8619591186620652,0.9182110928457234,0.8619591186620652,0.0,0.0,0.0
2021-11-21,0.0,0.0,0.0,0.8619591186620652,0.9182110928457234,0.8619591186620652,0.0,0.0,0.0
2021-11-21,0.0,0.0,0.0,0.8619591186620652,0.9182110928457234,0.8619591186620652,0.0,0.0,0.0
2021-11-21,0.0,0.0,0.0,0.8619591186620652,0.9182110928457234,0.8619591186620652,0.0,0.0,0.0
2021-11-21,0.0,0.0,0.0,0.8619591186620652,0.9182110928457234,0.8619591186620652,0.0,0.0,0.0
2021-11-21,0.0,0.0,0.0,0.8619591186620652,0.9182110928457234,0.8619591186620652,0.0,0.0,0.0
2021-11-21,0.0,0.0,0.0,0.8619591186620652,0.9182110928457234,0.8619591186620652,0.0,0.0,0.0
2021-11-21,0.0,0.0,0.0,0.8619591186620652,0.9182110928457234,0.8619591186620652,0.0,0.0,0.0
2021-11-21,0.0,0.0,0.0,0.8619591186620652,0.9182110928457234,0.8619591186620652,0.0,0.0,0.0
2021-11-21,0.0,0.0,0.0,0.8619591186620652,0.9182110928457234,0.8619591186620652,0.0,0.0,0.0
2021-11-21,0.0,0.0,0.0,0.8619591186620652,0.9182110928457234,0.8619591186620652,0.0,0.0,0.0
2021-11-22,0.0,0.0,0.0,0.8619591186620652,0.9182110928457234,0.8619591186620652,0.0,0.0,0.0
2021-11-22,0.0,0.0,0.0,0.8619591186620652,0.9182110928457234,0.8619591186620652,0.0,0.0,0.0
2021-11-22,0.0,0.0,0.0,0.8619591186620652,0.9182110928457234,0.8619591186620652,0.0,0.0,0.0
2021-11-22,0.0,0.0,0.0,0.8619591186620652,0.9182110928457234,0.8619591186620652,0.0,0.0,0.0
2021-11-22,0.0,0.0,0.0,0.8619591186620652,0.9182110928457234,0.8619591186620652,0.0,0.0,0.0
2021-11-22,0.0,0.0,0.0,0.8619591186620652,0.9182110928457234,0.8619591186620652,0.0,0.0,0.0
2021-11-22,0.0,0.0,0.0,0.8619591186620652,0.9182110928457234,0.8619591186620652,0.0,0.0,0.0
2021-11-22,0.0,0.0,0.0,0.8619591186620652,0.9182110928457234,0.8619591186620652,0.0,0.0,0.0
2021-11-22,0.0,0.0,0.0,0.8619591186620652,0.9182110928457234,0.8619591186620652,0.0,0.0,0.0
2021-11-22,0.0,0.0,0.0,0.8619591186620652,0.9182110928457234,0.8619591186620652,0.0,0.0,0.0
2021-11-22,0.0,0.0,0.0,0.8619591186620652,0.9182110928457234,0.8619591186620652,0.0,0.0,0.0
2021-11-22,0.0,0.0,0.0,0.8619591186620652,0.9182110928457234,0.8619591186620652,0.0,0.0,0.0
2021-11-23,0.0,0.0,0.0,0.8619591186620652,0.9182110928457234,0.8619591186620652,0.0,0.0,0.0
2021-11-23,0.0,0.0,0.0,0.8619591186620652,0.9182110928457234,0.8619591186620652,0.0,0.0,0.0
2021-11-23,0.0,0.0,0.0,0.8619591186620652,0.9182110928457234,0.8619591186620652,0.0,0.0,0.0
2021-11-23,0.0,0.0,0.0,0.8619591186620652,0.9182110928457234,0.8619591186620652,0.0,0.0,0.0
2021-11-23,0.0,0.0,0.0,0.8619591186620652,0.9182110928457234,0.8619591186620652,0.0,0.0,0.0
2021-11-23,0.0,0.0,0.0,0.8619591186620652,0.9182110928457234,0.8619591186620652,0.0,0.0,0.0
2021-11-23,0.0,0.0,0.0,0.8619591186620652,0.9182110928457234,0.8619591186620652,0.0,0.0,0.0
2021-11-23,0.0,0.0,0.0,0.8619591186620652,0.9182110928457234,0.8619591186620652,0.0,0.0,0.0
2021-11-23,0.0,0.0,0.0,0.8619591186620652,0.9182110928457234,0.8619591186620652,0.0,0.0,0.0
2021-11-23,0.0,0.0,0.0,0.8619591186620652,0.9182110928457234,0.8619591186620652,0.0,0.0,0.0
2021-11-23,0.0,0.0,0.0,0.8619591186620652,0.9182110928457234,0.8619591186620652,0.0,0.0,0.0
2021-11-23,0.0,0.0,0.0,0.8619591186620652,0.9182110928457234,0.8619591186620652,0.0,0.0,0.0
2021-11-24,0.0,0.0,0.0,0.8619591186620652,0.9182110928457234,0.8619591186620652,0.0,0.0,0.0
2021-11-24,0.0,0.0,0.0,0.8619591186620652,0.9182110928457234,0.8619591186620652,0.0,0.0,0.0
2021-11-24,0.0,0.0,0.0,0.8619591186620652,0.9182110928457234,0.8619591186620652,0.0,0.0,0.0
2021-11-24,0.0,0.0,0.0,0.8619591186620652,0.9182110928457234,0.8619591186620652,0.0,0.0,0.0
2021-11-24,0.0,0.0,0.0,0.8619591186620652,0.9182110928457234,0.8619591186620652,0.0,0.0,0.0
2021-11-24,0.0,0.0,0.0,0.8619591186620652,0.9182110928457234,0.8619591186620652,0.0,0.0,0.0
2021-11-24,0.0,0.0,0.0,0.8619591186620652,0.9182110928457234,0.8619591186620652,0.0,0.0,0.0
2021-11-24,0.0,0.0,0.0,0.8619591186620652,0.9182110928457234,0.8619591186620652,0.0,0.0,0.0
2021-11-24,0.0,0.0,0.0,0.8619591186620652,0.9182110928457234,0.8619591186620652,0.0,0.0,0.0
2021-11-24,0.0,0.0,0.0,0.8619591186620652,0.9182110928457234,0.8619591186620652,0.0,0.0,0.0
2021-11-24,0.0,0.0,0.0,0.8619591186620652,0.9182110928457234,0.8619591186620652,0.0,0.0,0.0
2021-11-24,0.0,0.0,0.0,0.8619591186620652,0.9182110928457234,0.8619591186620652,0.0,0.0,0.0
2021-11-25,0.0,0.0,0.0,0.8407220599946907,0.90262796405972,0.8619591186620652,-0.021237058667374464,0.0,0.021237058667374464
2021-11-25,0.0,0.0,0.0,0.8407220599946907,0.90262796405972,0.8407220599946907,0.0,0.0,0.0
2021-11-25,0.0,0.0,0.0,0.8407220599946907,0.90262796405972,0.8407220599946907,0.0,0.0,0.0
2021-11-25,0.0,0.0,0.0,0.8407220599946907,0.90262796405972,0.8407220599946907,0.0,0.0,0.0
2021-11-25,0.0,0.0,0.0,0.8407220599946907,0.90262796405972,0.8407220599946907,0.0,0.0,0.0
2021-11-25,0.0,0.0,0.0,0.8407220599946907,0.90262796405972,0.8407220599946907,0.0,0.0,0.0
2021-11-25,0.0,0.0,0.0,0.8407220599946907,0.90262796405972,0.8407220599946907,0.0,0.0,0.0
2021-11-25,0.0,0.0,0.0,0.8407220599946907,0.90262796405972,0.8407220599946907,0.0,0.0,0.0
2021-11-25,0.0,0.0,0.0,0.8407220599946907,0.90262796405972,0.8407220599946907,0.0,0.0,0.0
2021-11-25,0.0,0.0,0.0,0.8407220599946907,0.90262796405972,0.8407220599946907,0.0,0.0,0.0
2021-11-25,0.0,0.0,0.0,0.8407220599946907,0.90262796405972,0.8407220599946907,0.0,0.0,0.0
2021-11-25,0.0,0.0,0.0,0.8407220599946907,0.90262796405972,0.8407220599946907,0.0,0.0,0.0
2021-11-26,0.0,0.0,0.0,0.8407220599946907,0.90262796405972,0.8407220599946907,0.0,0.0,0.0
2021-11-26,0.0,0.0,0.0,0.8407220599946907,0.90262796405972,0.8407220599946907,0.0,0.0,0.0
2021-11-26,0.0,0.0,0.0,0.8407220599946907,0.90262796405972,0.8407220599946907,0.0,0.0,0.0
2021-11-26,0.0,0.0,0.0,0.8407220599946907,0.90262796405972,0.8407220599946907,0.0,0.0,0.0
2021-11-26,0.0,0.0,0.0,0.8407220599946907,0.90262796405972,0.8407220599946907,0.0,0.0,0.0
2021-11-26,0.0,0.0,0.0,0.8407220599946907,0.90262796405972,0.8407220599946907,0.0,0.0,0.0
2021-11-26,0.0,0.0,0.0,0.8407220599946907,0.90262796405972,0.8407220599946907,0.0,0.0,0.0
2021-11-26,0.0,0.0,0.0,0.8407220599946907,0.90262796405972,0.8407220599946907,0.0,0.0,0.0
2021-11-26,0.0,0.0,0.0,0.8407220599946907,0.90262796405972,0.8407220599946907,0.0,0.0,0.0
2021-11-26,0.0,0.0,0.0,0.8407220599946907,0.90262796405972,0.8407220599946907,0.0,0.0,0.0
2021-11-26,0.0,0.0,0.0,0.8407220599946907,0.90262796405972,0.8407220599946907,0.0,0.0,0.0
2021-11-26,0.0,0.0,0.0,0.8407220599946907,0.90262796405972,0.8407220599946907,0.0,0.0,0.0
2021-11-27,0.0,0.0,0.0,0.8407220599946907,0.90262796405972,0.8407220599946907,0.0,0.0,0.0
2021-11-27,0.0,0.0,0.0,0.8407220599946907,0.90262796405972,0.8407220599946907,0.0,0.0,0.0
2021-11-27,0.0,0.0,0.0,0.8407220599946907,0.90262796405972,0.8407220599946907,0.0,0.0,0.0
2021-11-27,0.0,0.0,0.0,0.8407220599946907,0.90262796405972,0.8407220599946907,0.0,0.0,0.0
2021-11-27,0.0,0.0,0.0,0.8407220599946907,0.90262796405972,0.8407220599946907,0.0,0.0,0.0
2021-11-27,0.0,0.0,0.0,0.8407220599946907,0.90262796405972,0.8407220599946907,0.0,0.0,0.0
2021-11-27,0.0,0.0,0.0,0.8407220599946907,0.90262796405972,0.8407220599946907,0.0,0.0,0.0
2021-11-27,0.0,0.0,0.0,0.8407220599946907,0.90262796405972,0.8407220599946907,0.0,0.0,0.0
2021-11-27,0.0,0.0,0.0,0.8407220599946907,0.90262796405972,0.8407220599946907,0.0,0.0,0.0
2021-11-27,0.0,0.0,0.0,0.8407220599946907,0.90262796405972,0.8407220599946907,0.0,0.0,0.0
2021-11-27,0.0,0.0,0.0,0.8407220599946907,0.90262796405972,0.8407220599946907,0.0,0.0,0.0
2021-11-27,0.0,0.0,0.0,0.8407220599946907,0.90262796405972,0.8407220599946907,0.0,0.0,0.0
2021-11-28,0.0,0.0,0.0,0.8407220599946907,0.90262796405972,0.8407220599946907,0.0,0.0,0.0
2021-11-28,0.0,0.0,0.0,0.8407220599946907,0.90262796405972,0.8407220599946907,0.0,0.0,0.0
2021-11-28,0.0,0.0,0.0,0.8407220599946907,0.90262796405972,0.8407220599946907,0.0,0.0,0.0
2021-11-28,0.0,0.0,0.0,0.8407220599946907,0.90262796405972,0.8407220599946907,0.0,0.0,0.0
2021-11-28,0.0,0.0,0.0,0.8407220599946907,0.90262796405972,0.8407220599946907,0.0,0.0,0.0
2021-11-28,0.0,0.0,0.0,0.8407220599946907,0.90262796405972,0.8407220599946907,0.0,0.0,0.0
2021-11-28,0.0,0.0,0.0,0.8407220599946907,0.90262796405972,0.8407220599946907,0.0,0.0,0.0
2021-11-28,0.0,0.0,0.0,0.8407220599946907,0.90262796405972,0.8407220599946907,0.0,0.0,0.0
2021-11-28,0.0,0.0,0.0,0.8407220599946907,0.90262796405972,0.8407220599946907,0.0,0.0,0.0
2021-11-28,0.0,0.0,0.0,0.8407220599946907,0.90262796405972,0.8407220599946907,0.0,0.0,0.0
2021-11-28,0.0,0.0,0.0,0.8407220599946907,0.90262796405972,0.8407220599946907,0.0,0.0,0.0
2021-11-28,0.0,0.0,0.0,0.8407220599946907,0.90262796405972,0.8407220599946907,0.0,0.0,0.0
2021-11-29,0.0,0.0,0.0,0.8407220599946907,0.90262796405972,0.8407220599946907,0.0,0.0,0.0
2021-11-29,0.0,0.0,0.0,0.8407220599946907,0.90262796405972,0.8407220599946907,0.0,0.0,0.0
2021-11-29,0.0,0.0,0.0,0.8407220599946907,0.90262796405972,0.8407220599946907,0.0,0.0,0.0
2021-11-29,0.0,0.0,0.0,0.8407220599946907,0.90262796405972,0.8407220599946907,0.0,0.0,0.0
2021-11-29,0.0,0.0,0.0,0.8407220599946907,0.90262796405972,0.8407220599946907,0.0,0.0,0.0
2021-11-29,0.0,0.0,0.0,0.8407220599946907,0.90262796405972,0.8407220599946907,0.0,0.0,0.0
2021-11-29,0.0,0.0,0.0,0.8407220599946907,0.90262796405972,0.8407220599946907,0.0,0.0,0.0
2021-11-29,0.0,0.0,0.0,0.8407220599946907,0.90262796405972,0.8407220599946907,0.0,0.0,0.0
2021-11-29,0.0,0.0,0.0,0.8407220599946907,0.90262796405972,0.8407220599946907,0.0,0.0,0.0
2021-11-29,0.0,0.0,0.0,0.8407220599946907,0.90262796405972,0.8407220599946907,0.0,0.0,0.0
2021-11-29,0.0,0.0,0.0,0.8407220599946907,0.90262796405972,0.8407220599946907,0.0,0.0,0.0
2021-11-29,0.0,0.0,0.0,0.8407220599946907,0.90262796405972,0.8407220599946907,0.0,0.0,0.0
2021-11-30,0.0,0.0,0.0,0.8407220599946907,0.90262796405972,0.8407220599946907,0.0,0.0,0.0
2021-11-30,0.0,0.0,0.0,0.8407220599946907,0.90262796405972,0.8407220599946907,0.0,0.0,0.0
2021-11-30,0.0,0.0,0.0,0.8407220599946907,0.90262796405972,0.8407220599946907,0.0,0.0,0.0
2021-11-30,0.0,0.0,0.0,0.8407220599946907,0.90262796405972,0.8407220599946907,0.0,0.0,0.0
2021-11-30,0.0,0.0,0.0,0.8407220599946907,0.90262796405972,0.8407220599946907,0.0,0.0,0.0
2021-11-30,0.0,0.0,0.0,0.8407220599946907,0.90262796405972,0.8407220599946907,0.0,0.0,0.0
2021-11-30,0.0,0.0,0.0,0.8407220599946907,0.90262796405972,0.8407220599946907,0.0,0.0,0.0
2021-11-30,0.0,0.0,0.0,0.8407220599946907,0.90262796405972,0.8407220599946907,0.0,0.0,0.0
2021-11-30,0.0,0.0,0.0,0.8407220599946907,0.90262796405972,0.8407220599946907,0.0,0.0,0.0
2021-11-30,0.0,0.0,0.0,0.8407220599946907,0.90262796405972,0.8407220599946907,0.0,0.0,0.0
2021-11-30,0.0,0.0,0.0,0.8407220599946907,0.90262796405972,0.8407220599946907,0.0,0.0,0.0
2021-11-30,0.0,0.0,0.0,0.8407220599946907,0.90262796405972,0.8407220599946907,0.0,0.0,0.0
2021-12-01,0.0,0.0,0.0,0.8407220599946907,0.90262796405972,0.8407220599946907,0.0,0.0,0.0
2021-12-01,0.0,0.0,0.0,0.8407220599946907,0.90262796405972,0.8407220599946907,0.0,0.0,0.0
2021-12-01,0.0,0.0,0.0,0.8407220599946907,0.90262796405972,0.8407220599946907,0.0,0.0,0.0
2021-12-01,0.0,0.0,0.0,0.8407220599946907,0.90262796405972,0.8407220599946907,0.0,0.0,0.0
2021-12-01,0.0,0.0,0.0,0.8407220599946907,0.90262796405972,0.8407220599946907,0.0,0.0,0.0
2021-12-01,0.0,0.0,0.0,0.8407220599946907,0.90262796405972,0.8407220599946907,0.0,0.0,0.0
2021-12-01,0.0,0.0,0.0,0.8407220599946907,0.90262796405972,0.8407220599946907,0.0,0.0,0.0
2021-12-01,0.0,0.0,0.0,0.8407220599946907,0.90262796405972,0.8407220599946907,0.0,0.0,0.0
2021-12-01,0.0,0.0,0.0,0.8407220599946907,0.90262796405972,0.8407220599946907,0.0,0.0,0.0
2021-12-01,0.0,0.0,0.0,0.8407220599946907,0.90262796405972,0.8407220599946907,0.0,0.0,0.0
2021-12-01,0.0,0.0,0.0,0.8407220599946907,0.90262796405972,0.8407220599946907,0.0,0.0,0.0
2021-12-01,0.0,0.0,0.0,0.8407220599946907,0.90262796405972,0.8407220599946907,0.0,0.0,0.0
2021-12-02,0.0010226620338686,0.0,0.0,0.8079638970002654,0.8818429526876397,0.8407220599946907,-0.032758162994425355,0.0,0.032758162994425355
2021-12-02,0.0015086468581722,0.0,0.0,0.8079638970002654,0.8818429526876397,0.8079638970002654,0.0,0.0,0.0
2021-12-02,0.0012377895881903,0.0,0.0,0.8079638970002654,0.8818429526876397,0.8079638970002654,0.0,0.0,0.0
2021-12-02,0.0,0.0,0.0,0.8079638970002654,0.8818429526876397,0.8079638970002654,0.0,0.0,0.0
2021-12-02,0.0020649262236265,0.0,0.0,0.8079638970002654,0.8818429526876397,0.8079638970002654,0.0,0.0,0.0
2021-12-02,0.0,0.0,0.0,0.8079638970002654,0.8818429526876397,0.8079638970002654,0.0,0.0,0.0
2021-12-02,0.0,0.0,0.0,0.8079638970002654,0.8818429526876397,0.8079638970002654,0.0,0.0,0.0
2021-12-02,0.0,0.0,0.0,0.8079638970002654,0.8818429526876397,0.8079638970002654,0.0,0.0,0.0
2021-12-02,0.0,0.0,0.0,0.8079638970002654,0.8818429526876397,0.8079638970002654,0.0,0.0,0.0
2021-12-02,0.0,0.0,0.0,0.8079638970002654,0.8818429526876397,0.8079638970002654,0.0,0.0,0.0
2021-12-02,0.0,0.0,0.0,0.8079638970002654,0.8818429526876397,0.8079638970002654,0.0,0.0,0.0
2021-12-02,0.0,0.0,0.0,0.8079638970002654,0.8818429526876397,0.8079638970002654,0.0,0.0,0.0
2021-12-03,3.406041734127608e-06,0.0,0.0,0.8079638970002654,0.8818429526876397,0.8079638970002654,0.0,0.0,0.0
2021-12-03,0.0368748208939319,0.0,0.0,0.8079638970002654,0.8818429526876397,0.8079638970002654,0.0,0.0,0.0
2021-12-03,0.0242639016591737,0.0,0.0,0.8079638970002654,0.8818429526876397,0.8079638970002654,0.0,0.004812025484470383,0.004812025484470383
2021-12-03,0.0060123622132723,0.0,0.0,0.8079638970002654,0.8818429526876397,0.8079638970002654,0.0,0.0,0.0
2021-12-03,0.0014861580792526,0.0,0.0,0.8079638970002654,0.8818429526876397,0.8079638970002654,0.0,0.0,0.0
2021-12-03,0.0231613762091936,0.0,0.0,0.8079638970002654,0.8818429526876397,0.8079638970002654,0.0,0.00026733474913724354,0.00026733474913724354
2021-12-03,0.0043675765477048,0.0,0.0,0.8079638970002654,0.8818429526876397,0.8079638970002654,0.0,0.0,0.0
2021-12-03,0.0444874907905496,0.0,0.0,0.8079638970002654,0.8818429526876397,0.8079638970002654,0.0,0.012985664985399527,0.012985664985399527
2021-12-03,0.0081297242742417,0.0,0.0,0.8079638970002654,0.8818429526876397,0.8079638970002654,0.0,0.0,0.0
2021-12-03,0.0081952153261425,0.0,0.0,0.8079638970002654,0.8818429526876397,0.8079638970002654,0.0,0.0,0.0
2021-12-03,0.0383485305553989,0.0,0.0,0.8079638970002654,0.8818429526876397,0.8079638970002654,0.0,0.0,0.0
2021-12-03,0.0135261799243436,0.0,0.0,0.8079638970002654,0.8818429526876397,0.8079638970002654,0.0,0.0,0.0
2021-12-04,0.0247725939250657,0.0,0.0,0.8079638970002654,0.8818429526876397,0.8079638970002654,0.0,0.004505641093708531,0.004505641093708531
2021-12-04,8.333403117322234e-05,0.0,0.0,0.8079638970002654,0.8818429526876397,0.8079638970002654,0.0,0.0,0.0
2021-12-04,0.0034831699325499,0.0,0.0,0.8079638970002654,0.8818429526876397,0.8079638970002654,0.0,0.0,0.0
2021-12-04,0.0198101337128604,0.0,0.0,0.8079638970002654,0.8818429526876397,0.8079638970002654,0.0,0.0018251260950358367,0.0018251260950358367
2021-12-04,0.0176855023999991,0.0,0.0,0.8079638970002654,0.8818429526876397,0.8079638970002654,0.0,0.0,0.0
2021-12-04,0.0375310052576478,0.0,0.0,0.8079638970002654,0.8818429526876397,0.8079638970002654,0.0,0.0,0.0
2021-12-04,0.0001217003612641,0.0,0.0,0.8079638970002654,0.8818429526876397,0.8079638970002654,0.0,0.0,0.0
2021-12-04,0.0280678948548757,0.0,0.0,0.8079638970002654,0.8818429526876397,0.8079638970002654,0.0,0.0,0.0
2021-12-04,0.0151612520658837,0.0,0.0,0.8079638970002654,0.8818429526876397,0.8079638970002654,0.0,0.0,0.0
2021-12-04,0.0038944219169881,0.0,0.0,0.8079638970002654,0.8818429526876397,0.8079638970002654,0.0,0.0,0.0
2021-12-04,0.0168883725373489,0.0,0.0,0.8079638970002654,0.8818429526876397,0.8079638970002654,0.0,0.0,0.0
2021-12-04,0.0012283604200349,0.0,0.0,0.8079638970002654,0.8818429526876397,0.8079638970002654,0.0,0.0,0.0
2021-12-05,0.0,0.0,0.0,0.8079638970002654,0.8818429526876397,0.8079638970002654,0.0,0.0,0.0
2021-12-05,0.0,0.0,0.0,0.8079638970002654,0.8818429526876397,0.8079638970002654,0.0,0.0,0.0
2021-12-05,0.0010224941265574,0.0,0.0,0.8079638970002654,0.8818429526876397,0.8079638970002654,0.0,0.0,0.0
2021-12-05,0.0,0.0,0.0,0.8079638970002654,0.8818429526876397,0.8079638970002654,0.0,0.0,0.0
2021-12-05,0.0018007698825098,0.0,0.0,0.8079638970002654,0.8818429526876397,0.8079638970002654,0.0,0.0,0.0
2021-12-05,0.0,0.0,0.0,0.8079638970002654,0.8818429526876397,0.8079638970002654,0.0,0.0,0.0
2021-12-05,0.0001572270753376,0.0,0.0,0.8079638970002654,0.8818429526876397,0.8079638970002654,0.0,0.0,0.0
2021-12-05,0.0,0.0,0.0,0.8079638970002654,0.8818429526876397,0.8079638970002654,0.0,0.0,0.0
2021-12-05,0.0002605774127893,0.0,0.0,0.8079638970002654,0.8818429526876397,0.8079638970002654,0.0,0.0,0.0
2021-12-05,0.0,0.0,0.0,0.8079638970002654,0.8818429526876397,0.8079638970002654,0.0,0.0,0.0
2021-12-05,0.0,0.0,0.0,0.8079638970002654,0.8818429526876397,0.8079638970002654,0.0,0.0,0.0
2021-12-05,0.0015989644618761,0.0,0.0,0.8079638970002654,0.8818429526876397,0.8079638970002654,0.0,0.0,0.0
2021-12-06,0.0965874816823507,0.0,0.0,0.8079638970002654,0.8818429526876397,0.8079638970002654,0.0,0.0,0.0
2021-12-06,0.0407070993450937,0.0,0.0,0.8079638970002654,0.8818429526876397,0.8079638970002654,0.0,0.0,0.0
2021-12-06,0.0742055682603138,0.0,0.0,0.8079638970002654,0.8818429526876397,0.8079638970002654,0.0,0.0,0.0
2021-12-06,0.1223873141104469,0.0,0.0,0.8079638970002654,0.8818429526876397,0.8079638970002654,0.0,0.0,0.0
2021-12-06,0.0118783056508949,0.0,0.0,0.8079638970002654,0.8818429526876397,0.8079638970002654,0.0,0.0,0.0
2021-12-06,0.0497646105719492,0.0,0.0,0.8079638970002654,0.8818429526876397,0.8079638970002654,0.0,0.0,0.0
2021-12-06,0.0704651403190534,0.0,0.0,0.8079638970002654,0.8818429526876397,0.8079638970002654,0.0,0.0,0.0
2021-12-06,0.0263248037900058,0.0,0.0,0.8079638970002654,0.8818429526876397,0.8079638970002654,0.0,0.0,0.0
2021-12-06,0.0552880245569894,0.0,0.0,0.8079638970002654,0.8818429526876397,0.8079638970002654,0.0,0.02675869392089197,0.02675869392089197
2021-12-06,0.048576607334061,0.0,0.0,0.8079638970002654,0.8818429526876397,0.8079638970002654,0.0,0.0,0.0
2021-12-06,0.1195663847460152,0.0,0.0,0.8079638970002654,0.8818429526876397,0.8079638970002654,0.0,0.0,0.0
2021-12-06,0.0560570040212755,0.0,0.0,0.8079638970002654,0.8818429526876397,0.8079638970002654,0.0,0.0,0.0
2021-12-07,0.0352093878582552,0.0,0.0,0.8079638970002654,0.8818429526876397,0.8079638970002654,0.0,0.0,0.0
2021-12-07,0.0550107386082506,0.0,0.0,0.8079638970002654,0.8818429526876397,0.8079638970002654,0.0,0.002229891160074331,0.002229891160074331
2021-12-07,0.0502364449802966,0.0,0.0,0.8079638970002654,0.8818429526876397,0.8079638970002654,0.0,0.0,0.0
2021-12-07,0.0229998143079522,0.0,0.0,0.8079638970002654,0.8818429526876397,0.8079638970002654,0.0,0.0,0.0
2021-12-07,0.0023177375206717,0.0,0.0,0.8079638970002654,0.8818429526876397,0.8079638970002654,0.0,0.0,0.0
2021-12-07,0.0402837281493003,0.0,0.0,0.8079638970002654,0.8818429526876397,0.8079638970002654,0.0,0.0,0.0
2021-12-07,0.0189456554428394,0.0,0.0,0.8079638970002654,0.8818429526876397,0.8079638970002654,0.0,0.0,0.0
2021-12-07,0.0512677922887011,0.0,0.0,0.8079638970002654,0.8818429526876397,0.8079638970002654,0.0,0.0,0.0
2021-12-07,0.004780285388601,0.0,0.0,0.8079638970002654,0.8818429526876397,0.8079638970002654,0.0,0.0,0.0
2021-12-07,0.0248431654919929,0.0,0.0,0.8079638970002654,0.8818429526876397,0.8079638970002654,0.0,0.01715326519777015,0.01715326519777015
2021-12-07,0.0337100379488663,0.0,0.0,0.8079638970002654,0.8818429526876397,0.8079638970002654,0.0,0.0,0.0
2021-12-07,0.0026829468899641,0.0,0.0,0.8079638970002654,0.8818429526876397,0.8079638970002654,0.0,0.0008102999734536776,0.0008102999734536776
2021-12-08,0.0,0.0,0.0,0.8079638970002654,0.8818429526876397,0.8079638970002654,0.0,0.0,0.0
2021-12-08,0.0,0.0,0.0,0.8079638970002654,0.8818429526876397,0.8079638970002654,0.0,0.0,0.0
2021-12-08,0.0,0.0,0.0,0.8079638970002654,0.8818429526876397,0.8079638970002654,0.0,0.0,0.0
2021-12-08,0.0,0.0,0.0,0.8079638970002654,0.8818429526876397,0.8079638970002654,0.0,0.0,0.0
2021-12-08,0.0,0.0,0.0,0.8079638970002654,0.8818429526876397,0.8079638970002654,0.0,0.0,0.0
2021-12-08,0.0,0.0,0.0,0.8079638970002654,0.8818429526876397,0.8079638970002654,0.0,0.0,0.0
2021-12-08,0.0,0.0,0.0,0.8079638970002654,0.8818429526876397,0.8079638970002654,0.0,0.0,0.0
2021-12-08,0.0,0.0,0.0,0.8079638970002654,0.8818429526876397,0.8079638970002654,0.0,0.0,0.0
2021-12-08,0.0,0.0,0.0,0.8079638970002654,0.8818429526876397,0.8079638970002654,0.0,0.0,0.0
2021-12-08,0.0,0.0,0.0,0.8079638970002654,0.8818429526876397,0.8079638970002654,0.0,0.0,0.0
2021-12-08,0.0,0.0,0.0,0.8079638970002654,0.8818429526876397,0.8079638970002654,0.0,0.0,0.0
2021-12-08,0.0,0.0,0.0,0.8079638970002654,0.8818429526876397,0.8079638970002654,0.0,0.0,0.0
2021-12-09,0.0,0.0,0.0,0.7679851340589328,0.8550453757290519,0.8079638970002654,-0.039978762941332624,0.0,0.039978762941332624
2021-12-09,0.0,0.0,0.0,0.7679851340589328,0.8550453757290519,0.7679851340589328,0.0,0.0,0.0
2021-12-09,0.0,0.0,0.0,0.7679851340589328,0.8550453757290519,0.7679851340589328,0.0,0.0,0.0
2021-12-09,0.0,0.0,0.0,0.7679851340589328,0.8550453757290519,0.7679851340589328,0.0,0.0,0.0
2021-12-09,0.0,0.0,0.0,0.7679851340589328,0.8550453757290519,0.7679851340589328,0.0,0.0,0.0
2021-12-09,0.0,0.0,0.0,0.7679851340589328,0.8550453757290519,0.7679851340589328,0.0,0.0,0.0
2021-12-09,0.0,0.0,0.0,0.7679851340589328,0.8550453757290519,0.7679851340589328,0.0,0.0,0.0
2021-12-09,0.0,0.0,0.0,0.7679851340589328,0.8550453757290519,0.7679851340589328,0.0,0.0,0.0
2021-12-09,0.0,0.0,0.0,0.7679851340589328,0.8550453757290519,0.7679851340589328,0.0,0.0,0.0
2021-12-09,0.0,0.0,0.0,0.7679851340589328,0.8550453757290519,0.7679851340589328,0.0,0.0,0.0
2021-12-09,0.0,0.0,0.0,0.7679851340589328,0.8550453757290519,0.7679851340589328,0.0,0.0,0.0
2021-12-09,0.0,0.0,0.0,0.7679851340589328,0.8550453757290519,0.7679851340589328,0.0,0.0,0.0
2021-12-10,0.0,0.0,0.0,0.7679851340589328,0.8550453757290519,0.7679851340589328,0.0,0.0,0.0
2021-12-10,0.0,0.0,0.0,0.7679851340589328,0.8550453757290519,0.7679851340589328,0.0,0.0,0.0
2021-12-10,0.0,0.0,0.0,0.7679851340589328,0.8550453757290519,0.7679851340589328,0.0,0.0,0.0
2021-12-10,0.0,0.0,0.0,0.7679851340589328,0.8550453757290519,0.7679851340589328,0.0,0.0,0.0
2021-12-10,0.0,0.0,0.0,0.7679851340589328,0.8550453757290519,0.7679851340589328,0.0,0.0,0.0
2021-12-10,0.0,0.0,0.0,0.7679851340589328,0.8550453757290519,0.7679851340589328,0.0,0.0,0.0
2021-12-10,0.0,0.0,0.0,0.7679851340589328,0.8550453757290519,0.7679851340589328,0.0,0.0,0.0
2021-12-10,0.0,0.0,0.0,0.7679851340589328,0.8550453757290519,0.7679851340589328,0.0,0.0,0.0
2021-12-10,0.0,0.0,0.0,0.7679851340589328,0.8550453757290519,0.7679851340589328,0.0,0.0,0.0
2021-12-10,0.0,0.0,0.0,0.7679851340589328,0.8550453757290519,0.7679851340589328,0.0,0.0,0.0
2021-12-10,0.0,0.0,0.0,0.7679851340589328,0.8550453757290519,0.7679851340589328,0.0,0.0,0.0
2021-12-10,0.0,0.0,0.0,0.7679851340589328,0.8550453757290519,0.7679851340589328,0.0,0.0,0.0
2021-12-11,0.0,0.0,0.0,0.7679851340589328,0.8550453757290519,0.7679851340589328,0.0,0.0,0.0
2021-12-11,0.0,0.0,0.0,0.7679851340589328,0.8550453757290519,0.7679851340589328,0.0,0.0,0.0
2021-12-11,0.0,0.0,0.0,0.7679851340589328,0.8550453757290519,0.7679851340589328,0.0,0.0,0.0
2021-12-11,0.0,0.0,0.0,0.7679851340589328,0.8550453757290519,0.7679851340589328,0.0,0.0,0.0
2021-12-11,0.0,0.0,0.0,0.7679851340589328,0.8550453757290519,0.7679851340589328,0.0,0.0,0.0
2021-12-11,0.0,0.0,0.0,0.7679851340589328,0.8550453757290519,0.7679851340589328,0.0,0.0,0.0
2021-12-11,0.0,0.0,0.0,0.7679851340589328,0.8550453757290519,0.7679851340589328,0.0,0.0,0.0
2021-12-11,0.0,0.0,0.0,0.7679851340589328,0.8550453757290519,0.7679851340589328,0.0,0.0,0.0
2021-12-11,0.0,0.0,0.0,0.7679851340589328,0.8550453757290519,0.7679851340589328,0.0,0.0,0.0
2021-12-11,0.0,0.0,0.0,0.7679851340589328,0.8550453757290519,0.7679851340589328,0.0,0.0,0.0
2021-12-11,0.0,0.0,0.0,0.7679851340589328,0.8550453757290519,0.7679851340589328,0.0,0.0,0.0
2021-12-11,0.0,0.0,0.0,0.7679851340589328,0.8550453757290519,0.7679851340589328,0.0,0.0,0.0
2021-12-12,0.0,0.0,0.0,0.7679851340589328,0.8550453757290519,0.7679851340589328,0.0,0.0,0.0
2021-12-12,0.0,0.0,0.0,0.7679851340589328,0.8550453757290519,0.7679851340589328,0.0,0.0,0.0
2021-12-12,0.0,0.0,0.0,0.7679851340589328,0.8550453757290519,0.7679851340589328,0.0,0.0,0.0
2021-12-12,0.0,0.0,0.0,0.7679851340589328,0.8550453757290519,0.7679851340589328,0.0,0.0,0.0
2021-12-12,0.0,0.0,0.0,0.7679851340589328,0.8550453757290519,0.7679851340589328,0.0,0.0,0.0
2021-12-12,0.0,0.0,0.0,0.7679851340589328,0.8550453757290519,0.7679851340589328,0.0,0.0,0.0
2021-12-12,0.0,0.0,0.0,0.7679851340589328,0.8550453757290519,0.7679851340589328,0.0,0.0,0.0
2021-12-12,0.0,0.0,0.0,0.7679851340589328,0.8550453757290519,0.7679851340589328,0.0,0.0,0.0
2021-12-12,0.0,0.0,0.0,0.7679851340589328,0.8550453757290519,0.7679851340589328,0.0,0.0,0.0
2021-12-12,0.0,0.0,0.0,0.7679851340589328,0.8550453757290519,0.7679851340589328,0.0,0.0,0.0
2021-12-12,0.0,0.0,0.0,0.7679851340589328,0.8550453757290519,0.7679851340589328,0.0,0.0,0.0
2021-12-12,0.0,0.0,0.0,0.7679851340589328,0.8550453757290519,0.7679851340589328,0.0,0.0,0.0
2021-12-13,0.0,0.0,0.0,0.7679851340589328,0.8550453757290519,0.7679851340589328,0.0,0.0,0.0
2021-12-13,0.0,0.0,0.0,0.7679851340589328,0.8550453757290519,0.7679851340589328,0.0,0.0,0.0
2021-12-13,0.0,0.0,0.0,0.7679851340589328,0.8550453757290519,0.7679851340589328,0.0,0.0,0.0
2021-12-13,0.0,0.0,0.0,0.7679851340589328,0.8550453757290519,0.7679851340589328,0.0,0.0,0.0
2021-12-13,0.0,0.0,0.0,0.7679851340589328,0.8550453757290519,0.7679851340589328,0.0,0.0,0.0
2021-12-13,0.0,0.0,0.0,0.7679851340589328,0.8550453757290519,0.7679851340589328,0.0,0.0,0.0
2021-12-13,0.0,0.0,0.0,0.7679851340589328,0.8550453757290519,0.7679851340589328,0.0,0.0,0.0
2021-12-13,0.0,0.0,0.0,0.7679851340589328,0.8550453757290519,0.7679851340589328,0.0,0.0,0.0
2021-12-13,0.0,0.0,0.0,0.7679851340589328,0.8550453757290519,0.7679851340589328,0.0,0.0,0.0
2021-12-13,0.0,0.0,0.0,0.7679851340589328,0.8550453757290519,0.7679851340589328,0.0,0.0,0.0
2021-12-13,0.0,0.0,0.0,0.7679851340589328,0.8550453757290519,0.7679851340589328,0.0,0.0,0.0
2021-12-13,0.0,0.0,0.0,0.7679851340589328,0.8550453757290519,0.7679851340589328,0.0,0.0,0.0
2021-12-14,0.0,0.0,0.0,0.7679851340589328,0.8550453757290519,0.7679851340589328,0.0,0.0,0.0
2021-12-14,0.0,0.0,0.0,0.7679851340589328,0.8550453757290519,0.7679851340589328,0.0,0.0,0.0
2021-12-14,0.0,0.0,0.0,0.7679851340589328,0.8550453757290519,0.7679851340589328,0.0,0.0,0.0
2021-12-14,0.0,0.0,0.0,0.7679851340589328,0.8550453757290519,0.7679851340589328,0.0,0.0,0.0
2021-12-14,0.0,0.0,0.0,0.7679851340589328,0.8550453757290519,0.7679851340589328,0.0,0.0,0.0
2021-12-14,0.0,0.0,0.0,0.7679851340589328,0.8550453757290519,0.7679851340589328,0.0,0.0,0.0
2021-12-14,0.0,0.0,0.0,0.7679851340589328,0.8550453757290519,0.7679851340589328,0.0,0.0,0.0
2021-12-14,0.0,0.0,0.0,0.7679851340589328,0.8550453757290519,0.7679851340589328,0.0,0.0,0.0
2021-12-14,0.0,0.0,0.0,0.7679851340589328,0.8550453757290519,0.7679851340589328,0.0,0.0,0.0
2021-12-14,0.0,0.0,0.0,0.7679851340589328,0.8550453757290519,0.7679851340589328,0.0,0.0,0.0
2021-12-14,0.0,0.0,0.0,0.7679851340589328,0.8550453757290519,0.7679851340589328,0.0,0.0,0.0
2021-12-14,0.0,0.0,0.0,0.7679851340589328,0.8550453757290519,0.7679851340589328,0.0,0.0,0.0
2021-12-15,0.0,0.0,0.0,0.7679851340589328,0.8550453757290519,0.7679851340589328,0.0,0.0,0.0
2021-12-15,0.0,0.0,0.0,0.7679851340589328,0.8550453757290519,0.7679851340589328,0.0,0.0,0.0
2021-12-15,0.0,0.0,0.0,0.7679851340589328,0.8550453757290519,0.7679851340589328,0.0,0.0,0.0
2021-12-15,0.0,0.0,0.0,0.7679851340589328,0.8550453757290519,0.7679851340589328,0.0,0.0,0.0
2021-12-15,0.0,0.0,0.0,0.7679851340589328,0.8550453757290519,0.7679851340589328,0.0,0.0,0.0
2021-12-15,0.0,0.0,0.0,0.7679851340589328,0.8550453757290519,0.7679851340589328,0.0,0.0,0.0
2021-12-15,0.0,0.0,0.0,0.7679851340589328,0.8550453757290519,0.7679851340589328,0.0,0.0,0.0
2021-12-15,0.0,0.0,0.0,0.7679851340589328,0.8550453757290519,0.7679851340589328,0.0,0.0,0.0
2021-12-15,0.0,0.0,0.0,0.7679851340589328,0.8550453757290519,0.7679851340589328,0.0,0.0,0.0
2021-12-15,0.0,0.0,0.0,0.7679851340589328,0.8550453757290519,0.7679851340589328,0.0,0.0,0.0
2021-12-15,0.0,0.0,0.0,0.7679851340589328,0.8550453757290519,0.7679851340589328,0.0,0.0,0.0
2021-12-15,0.0,0.0,0.0,0.7679851340589328,0.8550453757290519,0.7679851340589328,0.0,0.0,0.0
2021-12-16,0.0,0.0,0.0,0.7977170161932571,0.8237440043236415,0.7679851340589328,0.029731882134324317,0.0,0.029731882134324317
2021-12-16,0.0,0.0,0.0,0.7977170161932571,0.8237440043236415,0.7977170161932571,0.0,0.0,0.0
2021-12-16,0.0,0.0,0.0,0.7977170161932571,0.8237440043236415,0.7977170161932571,0.0,0.0,0.0
2021-12-16,0.0,0.0,0.0,0.7977170161932571,0.8237440043236415,0.7977170161932571,0.0,0.0,0.0
2021-12-16,0.0,0.0,0.0,0.7977170161932571,0.8237440043236415,0.7977170161932571,0.0,0.0,0.0
2021-12-16,0.0,0.0,0.0,0.7977170161932571,0.8237440043236415,0.7977170161932571,0.0,0.0,0.0
2021-12-16,0.0,0.0,0.0,0.7977170161932571,0.8237440043236415,0.7977170161932571,0.0,0.0,0.0
2021-12-16,0.0,0.0,0.0,0.7977170161932571,0.8237440043236415,0.7977170161932571,0.0,0.0,0.0
2021-12-16,0.0,0.0,0.0,0.7977170161932571,0.8237440043236415,0.7977170161932571,0.0,0.0,0.0
2021-12-16,0.0,0.0,0.0,0.7977170161932571,0.8237440043236415,0.7977170161932571,0.0,0.0,0.0
2021-12-16,0.0,0.0,0.0,0.7977170161932571,0.8237440043236415,0.7977170161932571,0.0,0.0,0.0
2021-12-16,0.0,0.0,0.0,0.7977170161932571,0.8237440043236415,0.7977170161932571,0.0,0.0,0.0
2021-12-17,0.0002306817668408,0.0,0.0,0.7977170161932571,0.8237440043236415,0.7977170161932571,0.0,0.00010635784443854559,0.00010635784443854559
2021-12-17,0.0,0.0,0.0,0.7977170161932571,0.8237440043236415,0.7977170161932571,0.0,0.0,0.0
2021-12-17,0.0,0.0,0.0,0.7977170161932571,0.8237440043236415,0.7977170161932571,0.0,0.0,0.0
2021-12-17,0.0,0.0,0.0,0.7977170161932571,0.8237440043236415,0.7977170161932571,0.0,0.0,0.0
2021-12-17,0.0,0.0,0.0,0.7977170161932571,0.8237440043236415,0.7977170161932571,0.0,0.0,0.0
2021-12-17,0.0,0.0,0.0,0.7977170161932571,0.8237440043236415,0.7977170161932571,0.0,0.0,0.0
2021-12-17,0.0,0.0,0.0,0.7977170161932571,0.8237440043236415,0.7977170161932571,0.0,0.0,0.0
2021-12-17,0.0133452513557825,0.0,0.0,0.7977170161932571,0.8237440043236415,0.7977170161932571,0.0,0.00010265463233342404,0.00010265463233342404
2021-12-17,2.2649161776937736e-06,0.0,0.0,0.7977170161932571,0.8237440043236415,0.7977170161932571,0.0,0.0,0.0
2021-12-17,0.0008559775343386,0.0,0.0,0.7977170161932571,0.8237440043236415,0.7977170161932571,0.0,0.0,0.0
2021-12-17,0.0,0.0,0.0,0.7977170161932571,0.8237440043236415,0.7977170161932571,0.0,0.0,0.0
2021-12-17,0.0,0.0,0.0,0.7977170161932571,0.8237440043236415,0.7977170161932571,0.0,0.0,0.0
2021-12-18,0.0,0.0,0.0,0.7977170161932571,0.8237440043236415,0.7977170161932571,0.0,0.0,0.0
2021-12-18,0.0013247860293327,0.0,0.0,0.7977170161932571,0.8237440043236415,0.7977170161932571,0.0,0.0,0.0
2021-12-18,0.0,0.0,0.0,0.7977170161932571,0.8237440043236415,0.7977170161932571,0.0,0.0,0.0
2021-12-18,0.0175823773519184,0.0,0.0,0.7977170161932571,0.8237440043236415,0.7977170161932571,0.0,0.0,0.0
2021-12-18,0.0179230657658971,0.0,0.0,0.7977170161932571,0.8237440043236415,0.7977170161932571,0.0,0.0,0.0
2021-12-18,2.663697430129272e-05,0.0,0.0,0.7977170161932571,0.8237440043236415,0.7977170161932571,0.0,0.0,0.0
2021-12-18,0.024859978074574,0.0,0.0,0.7977170161932571,0.8237440043236415,0.7977170161932571,0.0,0.0150360100876029,0.0150360100876029
2021-12-18,0.0005985116174681,0.0,0.0,0.7977170161932571,0.8237440043236415,0.7977170161932571,0.0,0.0,0.0
2021-12-18,7.783598762010566e-08,0.0,0.0,0.7977170161932571,0.8237440043236415,0.7977170161932571,0.0,0.0,0.0
2021-12-18,0.0,0.0,0.0,0.7977170161932571,0.8237440043236415,0.7977170161932571,0.0,0.0,0.0
2021-12-18,0.0222711697763818,0.0,0.0,0.7977170161932571,0.8237440043236415,0.7977170161932571,0.0,0.0,0.0
2021-12-18,0.0059127636537205,0.0,0.0,0.7977170161932571,0.8237440043236415,0.7977170161932571,0.0,0.0,0.0
2021-12-19,0.0,0.0,0.0,0.7977170161932571,0.8237440043236415,0.7977170161932571,0.0,0.0,0.0
2021-12-19,0.0,0.0,0.0,0.7977170161932571,0.8237440043236415,0.7977170161932571,0.0,0.0,0.0
2021-12-19,0.0,0.0,0.0,0.7977170161932571,0.8237440043236415,0.7977170161932571,0.0,0.0,0.0
2021-12-19,0.0,0.0,0.0,0.7977170161932571,0.8237440043236415,0.7977170161932571,0.0,0.0,0.0
2021-12-19,0.0,0.0,0.0,0.7977170161932571,0.8237440043236415,0.7977170161932571,0.0,0.0,0.0
2021-12-19,0.0,0.0,0.0,0.7977170161932571,0.8237440043236415,0.7977170161932571,0.0,0.0,0.0
2021-12-19,0.0,0.0,0.0,0.7977170161932571,0.8237440043236415,0.7977170161932571,0.0,0.0,0.0
2021-12-19,0.0,0.0,0.0,0.7977170161932571,0.8237440043236415,0.7977170161932571,0.0,0.0,0.0
2021-12-19,0.0,0.0,0.0,0.7977170161932571,0.8237440043236415,0.7977170161932571,0.0,0.0,0.0
2021-12-19,0.0,0.0,0.0,0.7977170161932571,0.8237440043236415,0.7977170161932571,0.0,0.0,0.0
2021-12-19,0.0,0.0,0.0,0.7977170161932571,0.8237440043236415,0.7977170161932571,0.0,0.0,0.0
2021-12-19,0.0,0.0,0.0,0.7977170161932571,0.8237440043236415,0.7977170161932571,0.0,0.0,0.0
2021-12-20,0.0,0.0,0.0,0.7977170161932571,0.8237440043236415,0.7977170161932571,0.0,0.0,0.0
2021-12-20,0.0,0.0,0.0,0.7977170161932571,0.8237440043236415,0.7977170161932571,0.0,0.0,0.0
2021-12-20,0.0,0.0,0.0,0.7977170161932571,0.8237440043236415,0.7977170161932571,0.0,0.0,0.0
2021-12-20,0.0,0.0,0.0,0.7977170161932571,0.8237440043236415,0.7977170161932571,0.0,0.0,0.0
2021-12-20,0.0,0.0,0.0,0.7977170161932571,0.8237440043236415,0.7977170161932571,0.0,0.0,0.0
2021-12-20,0.0,0.0,0.0,0.7977170161932571,0.8237440043236415,0.7977170161932571,0.0,0.0,0.0
2021-12-20,0.0,0.0,0.0,0.7977170161932571,0.8237440043236415,0.7977170161932571,0.0,0.0,0.0
2021-12-20,0.0,0.0,0.0,0.7977170161932571,0.8237440043236415,0.7977170161932571,0.0,0.0,0.0
2021-12-20,0.0,0.0,0.0,0.7977170161932571,0.8237440043236415,0.7977170161932571,0.0,0.0,0.0
2021-12-20,0.0,0.0,0.0,0.7977170161932571,0.8237440043236415,0.7977170161932571,0.0,0.0,0.0
2021-12-20,0.0,0.0,0.0,0.7977170161932571,0.8237440043236415,0.7977170161932571,0.0,0.0,0.0
2021-12-20,0.0,0.0,0.0,0.7977170161932571,0.8237440043236415,0.7977170161932571,0.0,0.0,0.0
2021-12-21,0.0,0.0,0.0,0.7977170161932571,0.8237440043236415,0.7977170161932571,0.0,0.0,0.0
2021-12-21,0.0,0.0,0.0,0.7977170161932571,0.8237440043236415,0.7977170161932571,0.0,0.0,0.0
2021-12-21,0.0,0.0,0.0,0.7977170161932571,0.8237440043236415,0.7977170161932571,0.0,0.0,0.0
2021-12-21,0.0,0.0,0.0,0.7977170161932571,0.8237440043236415,0.7977170161932571,0.0,0.0,0.0
2021-12-21,0.0,0.0,0.0,0.7977170161932571,0.8237440043236415,0.7977170161932571,0.0,0.0,0.0
2021-12-21,0.0,0.0,0.0,0.7977170161932571,0.8237440043236415,0.7977170161932571,0.0,0.0,0.0
2021-12-21,0.0,0.0,0.0,0.7977170161932571,0.8237440043236415,0.7977170161932571,0.0,0.0,0.0
2021-12-21,0.0,0.0,0.0,0.7977170161932571,0.8237440043236415,0.7977170161932571,0.0,0.0,0.0
2021-12-21,0.0,0.0,0.0,0.7977170161932571,0.8237440043236415,0.7977170161932571,0.0,0.0,0.0
2021-12-21,0.0,0.0,0.0,0.7977170161932571,0.8237440043236415,0.7977170161932571,0.0,0.0,0.0
2021-12-21,0.0,0.0,0.0,0.7977170161932571,0.8237440043236415,0.7977170161932571,0.0,0.0,0.0
2021-12-21,0.0,0.0,0.0,0.7977170161932571,0.8237440043236415,0.7977170161932571,0.0,0.0,0.0
2021-12-22,0.0,0.0,0.0,0.7977170161932571,0.8237440043236415,0.7977170161932571,0.0,0.0,0.0
2021-12-22,0.0,0.0,0.0,0.7977170161932571,0.8237440043236415,0.7977170161932571,0.0,0.0,0.0
2021-12-22,0.0,0.0,0.0,0.7977170161932571,0.8237440043236415,0.7977170161932571,0.0,0.0,0.0
2021-12-22,0.0,0.0,0.0,0.7977170161932571,0.8237440043236415,0.7977170161932571,0.0,0.0,0.0
2021-12-22,0.0,0.0,0.0,0.7977170161932571,0.8237440043236415,0.7977170161932571,0.0,0.0,0.0
2021-12-22,0.0,0.0,0.0,0.7977170161932571,0.8237440043236415,0.7977170161932571,0.0,0.0,0.0
2021-12-22,0.0,0.0,0.0,0.7977170161932571,0.8237440043236415,0.7977170161932571,0.0,0.0,0.0
2021-12-22,0.0,0.0,0.0,0.7977170161932571,0.8237440043236415,0.7977170161932571,0.0,0.0,0.0
2021-12-22,0.0,0.0,0.0,0.7977170161932571,0.8237440043236415,0.7977170161932571,0.0,0.0,0.0
2021-12-22,0.0,0.0,0.0,0.7977170161932571,0.8237440043236415,0.7977170161932571,0.0,0.0,0.0
2021-12-22,0.0,0.0,0.0,0.7977170161932571,0.8237440043236415,0.7977170161932571,0.0,0.0,0.0
2021-12-22,0.0,0.0,0.0,0.7977170161932571,0.8237440043236415,0.7977170161932571,0.0,0.0,0.0
2021-12-23,0.0,0.0,0.0,0.7464826121582161,0.7893800526943959,0.7977170161932571,-0.05123440403504098,0.035041146801168016,0.086275550836209
2021-12-23,0.0,0.0,0.0,0.7464826121582161,0.7893800526943959,0.7464826121582161,0.0,0.035041146801168016,0.035041146801168016
2021-12-23,0.0,0.0,0.0,0.7464826121582161,0.7893800526943959,0.7464826121582161,0.0,0.035041146801168016,0.035041146801168016
2021-12-23,0.0,0.0,0.0,0.7464826121582161,0.7893800526943959,0.7464826121582161,0.0,0.035041146801168016,0.035041146801168016
2021-12-23,0.0,0.0,0.0,0.7464826121582161,0.7893800526943959,0.7464826121582161,0.0,0.035041146801168016,0.035041146801168016
2021-12-23,0.0,0.0,0.0,0.7464826121582161,0.7893800526943959,0.7464826121582161,0.0,0.035041146801168016,0.035041146801168016
2021-12-23,0.0,0.0,0.0,0.7464826121582161,0.7893800526943959,0.7464826121582161,0.0,0.035041146801168016,0.035041146801168016
2021-12-23,0.0,0.0,0.0,0.7464826121582161,0.7893800526943959,0.7464826121582161,0.0,0.035041146801168016,0.035041146801168016
2021-12-23,0.0,0.0,0.0,0.7464826121582161,0.7893800526943959,0.7464826121582161,0.0,0.035041146801168016,0.035041146801168016
2021-12-23,0.0,0.0,0.0,0.7464826121582161,0.7893800526943959,0.7464826121582161,0.0,0.035041146801168016,0.035041146801168016
2021-12-23,0.0,0.0,0.0,0.7464826121582161,0.7893800526943959,0.7464826121582161,0.0,0.035041146801168016,0.035041146801168016
2021-12-23,0.0,0.0,0.0,0.7464826121582161,0.7893800526943959,0.7464826121582161,0.0,0.035041146801168016,0.035041146801168016
2021-12-24,0.0,0.0,0.0,0.7464826121582161,0.7893800526943959,0.7464826121582161,0.0,0.035041146801168016,0.035041146801168016
2021-12-24,0.0,0.0,0.0,0.7464826121582161,0.7893800526943959,0.7464826121582161,0.0,0.035041146801168016,0.035041146801168016
2021-12-24,0.0,0.0,0.0,0.7464826121582161,0.7893800526943959,0.7464826121582161,0.0,0.035041146801168016,0.035041146801168016
2021-12-24,0.0002698623853815,0.0,0.0,0.7464826121582161,0.7893800526943959,0.7464826121582161,0.0,0.0006661401645872026,0.0006661401645872026
2021-12-24,0.0,0.0,0.0,0.7464826121582161,0.7893800526943959,0.7464826121582161,0.0,0.035041146801168016,0.035041146801168016
2021-12-24,0.0,0.0,0.0,0.7464826121582161,0.7893800526943959,0.7464826121582161,0.0,0.035041146801168016,0.035041146801168016
2021-12-24,0.0,0.0,0.0,0.7464826121582161,0.7893800526943959,0.7464826121582161,0.0,0.035041146801168016,0.035041146801168016
2021-12-24,1.98524249665892e-05,0.0,0.0,0.7464826121582161,0.7893800526943959,0.7464826121582161,0.0,0.03270507034775682,0.03270507034775682
2021-12-24,0.0,0.0,0.0,0.7464826121582161,0.7893800526943959,0.7464826121582161,0.0,0.035041146801168016,0.035041146801168016
2021-12-24,0.0,0.0,0.0,0.7464826121582161,0.7893800526943959,0.7464826121582161,0.0,0.035041146801168016,0.035041146801168016
2021-12-24,0.0,0.0,0.0,0.7464826121582161,0.7893800526943959,0.7464826121582161,0.0,0.035041146801168016,0.035041146801168016
2021-12-24,0.0,0.0,0.0,0.7464826121582161,0.7893800526943959,0.7464826121582161,0.0,0.035041146801168016,0.035041146801168016
2021-12-25,0.00262159401935,0.0,0.0,0.7464826121582161,0.7893800526943959,0.7464826121582161,0.0,0.006482399787629418,0.006482399787629418
2021-12-25,0.0016345884755618,0.0,0.0,0.7464826121582161,0.7893800526943959,0.7464826121582161,0.0,0.0,0.0
2021-12-25,0.0021245587800867,0.0,0.0,0.7464826121582161,0.7893800526943959,0.7464826121582161,0.0,0.0,0.0
2021-12-25,9.964133695194228e-05,0.0,0.0,0.7464826121582161,0.7893800526943959,0.7464826121582161,0.0,0.0037961242367931963,0.0037961242367931963
2021-12-25,0.0,0.0,0.0,0.7464826121582161,0.7893800526943959,0.7464826121582161,0.0,0.035041146801168016,0.035041146801168016
2021-12-25,0.0,0.0,0.0,0.7464826121582161,0.7893800526943959,0.7464826121582161,0.0,0.035041146801168016,0.035041146801168016
2021-12-25,0.0006941929074085,0.0,0.0,0.7464826121582161,0.7893800526943959,0.7464826121582161,0.0,0.0,0.0
2021-12-25,0.0,0.0,0.0,0.7464826121582161,0.7893800526943959,0.7464826121582161,0.0,0.035041146801168016,0.035041146801168016
2021-12-25,4.7147321604618e-06,0.0,0.0,0.7464826121582161,0.7893800526943959,0.7464826121582161,0.0,0.03270507034775682,0.03270507034775682
2021-12-25,0.0,0.0,0.0,0.7464826121582161,0.7893800526943959,0.7464826121582161,0.0,0.035041146801168016,0.035041146801168016
2021-12-25,0.0,0.0,0.0,0.7464826121582161,0.7893800526943959,0.7464826121582161,0.0,0.035041146801168016,0.035041146801168016
2021-12-25,0.0,0.0,0.0,0.7464826121582161,0.7893800526943959,0.7464826121582161,0.0,0.035041146801168016,0.035041146801168016
2021-12-26,0.0,0.0,0.0,0.7464826121582161,0.7893800526943959,0.7464826121582161,0.0,0.035041146801168016,0.035041146801168016
2021-12-26,0.0,0.0,0.0,0.7464826121582161,0.7893800526943959,0.7464826121582161,0.0,0.035041146801168016,0.035041146801168016
2021-12-26,0.0,0.0,0.0,0.7464826121582161,0.7893800526943959,0.7464826121582161,0.0,0.035041146801168016,0.035041146801168016
2021-12-26,0.0,0.0,0.0,0.7464826121582161,0.7893800526943959,0.7464826121582161,0.0,0.035041146801168016,0.035041146801168016
2021-12-26,0.0,0.0,0.0,0.7464826121582161,0.7893800526943959,0.7464826121582161,0.0,0.035041146801168016,0.035041146801168016
2021-12-26,0.0,0.0,0.0,0.7464826121582161,0.7893800526943959,0.7464826121582161,0.0,0.035041146801168016,0.035041146801168016
2021-12-26,0.0,0.0,0.0,0.7464826121582161,0.7893800526943959,0.7464826121582161,0.0,0.035041146801168016,0.035041146801168016
2021-12-26,0.0,0.0,0.0,0.7464826121582161,0.7893800526943959,0.7464826121582161,0.0,0.035041146801168016,0.035041146801168016
2021-12-26,0.0,0.0,0.0,0.7464826121582161,0.7893800526943959,0.7464826121582161,0.0,0.035041146801168016,0.035041146801168016
2021-12-26,0.0,0.0,0.0,0.7464826121582161,0.7893800526943959,0.7464826121582161,0.0,0.035041146801168016,0.035041146801168016
2021-12-26,0.0,0.0,0.0,0.7464826121582161,0.7893800526943959,0.7464826121582161,0.0,0.035041146801168016,0.035041146801168016
2021-12-26,0.0,0.0,0.0,0.7464826121582161,0.7893800526943959,0.7464826121582161,0.0,0.035041146801168016,0.035041146801168016
2021-12-27,7.998924941555818e-05,0.0,0.0,0.7464826121582161,0.7893800526943959,0.7464826121582161,0.0,0.0037961242367931963,0.0037961242367931963
2021-12-27,0.0002213458908085,0.0,0.0,0.7464826121582161,0.7893800526943959,0.7464826121582161,0.0,0.0009114812848420476,0.0009114812848420476
2021-12-27,0.0178046121185994,0.0,0.0,0.7464826121582161,0.7893800526943959,0.7464826121582161,0.0,0.0,0.0
2021-12-27,0.001129222231196,0.0,0.0,0.7464826121582161,0.7893800526943959,0.7464826121582161,0.0,0.0,0.0
2021-12-27,0.0115673803673272,0.0,0.0,0.7464826121582161,0.7893800526943959,0.7464826121582161,0.0,0.0,0.0
2021-12-27,0.0061903788921862,0.0,0.0,0.7464826121582161,0.7893800526943959,0.7464826121582161,0.0,0.0,0.0
2021-12-27,0.0200923231344607,0.0,0.0,0.7464826121582161,0.7893800526943959,0.7464826121582161,0.0,0.002190151314043004,0.002190151314043004
2021-12-27,0.0172115528148847,0.0,0.0,0.7464826121582161,0.7893800526943959,0.7464826121582161,0.0,0.0,0.0
2021-12-27,0.0442058061829932,0.0,0.0,0.7464826121582161,0.7893800526943959,0.7464826121582161,0.0,0.0012450623838598331,0.0012450623838598331
2021-12-27,0.0040282608884457,0.0,0.0,0.7464826121582161,0.7893800526943959,0.7464826121582161,0.0,0.0,0.0
2021-12-27,0.0,0.0,0.0,0.7464826121582161,0.7893800526943959,0.7464826121582161,0.0,0.035041146801168016,0.035041146801168016
2021-12-27,0.0080615595515385,0.0,0.0,0.7464826121582161,0.7893800526943959,0.7464826121582161,0.0,0.0,0.0
2021-12-28,0.0,0.0,0.0,0.7464826121582161,0.7893800526943959,0.7464826121582161,0.0,0.035041146801168016,0.035041146801168016
2021-12-28,0.0,0.0,0.0,0.7464826121582161,0.7893800526943959,0.7464826121582161,0.0,0.035041146801168016,0.035041146801168016
2021-12-28,0.0,0.0,0.0,0.7464826121582161,0.7893800526943959,0.7464826121582161,0.0,0.035041146801168016,0.035041146801168016
2021-12-28,2.8008692441740214e-05,0.0,0.0,0.7464826121582161,0.7893800526943959,0.7464826121582161,0.0,0.013432439607114401,0.013432439607114401
2021-12-28,0.0,0.0,0.0,0.7464826121582161,0.7893800526943959,0.7464826121582161,0.0,0.035041146801168016,0.035041146801168016
2021-12-28,0.0,0.0,0.0,0.7464826121582161,0.7893800526943959,0.7464826121582161,0.0,0.035041146801168016,0.035041146801168016
2021-12-28,0.0,0.0,0.0,0.7464826121582161,0.7893800526943959,0.7464826121582161,0.0,0.035041146801168016,0.035041146801168016
2021-12-28,0.0,0.0,0.0,0.7464826121582161,0.7893800526943959,0.7464826121582161,0.0,0.035041146801168016,0.035041146801168016
2021-12-28,0.0,0.0,0.0,0.7464826121582161,0.7893800526943959,0.7464826121582161,0.0,0.035041146801168016,0.035041146801168016
2021-12-28,0.0,0.0,0.0,0.7464826121582161,0.7893800526943959,0.7464826121582161,0.0,0.035041146801168016,0.035041146801168016
2021-12-28,0.0,0.0,0.0,0.7464826121582161,0.7893800526943959,0.7464826121582161,0.0,0.035041146801168016,0.035041146801168016
2021-12-28,0.0,0.0,0.0,0.7464826121582161,0.7893800526943959,0.7464826121582161,0.0,0.035041146801168016,0.035041146801168016
2021-12-29,0.0,0.0,0.0,0.7464826121582161,0.7893800526943959,0.7464826121582161,0.0,0.035041146801168016,0.035041146801168016
2021-12-29,0.0,0.0,0.0,0.7464826121582161,0.7893800526943959,0.7464826121582161,0.0,0.035041146801168016,0.035041146801168016
2021-12-29,0.0,0.0,0.0,0.7464826121582161,0.7893800526943959,0.7464826121582161,0.0,0.035041146801168016,0.035041146801168016
2021-12-29,0.0338391260097002,0.0,0.0,0.7464826121582161,0.7893800526943959,0.7464826121582161,0.0,0.0,0.0
2021-12-29,0.0,0.0,0.0,0.7464826121582161,0.7893800526943959,0.7464826121582161,0.0,0.035041146801168016,0.035041146801168016
2021-12-29,0.0,0.0,0.0,0.7464826121582161,0.7893800526943959,0.7464826121582161,0.0,0.035041146801168016,0.035041146801168016
2021-12-29,0.0,0.0,0.0,0.7464826121582161,0.7893800526943959,0.7464826121582161,0.0,0.035041146801168016,0.035041146801168016
2021-12-29,0.0,0.0,0.0,0.7464826121582161,0.7893800526943959,0.7464826121582161,0.0,0.035041146801168016,0.035041146801168016
2021-12-29,2.8008692441740214e-05,0.0,0.0,0.7464826121582161,0.7893800526943959,0.7464826121582161,0.0,0.013432439607114401,0.013432439607114401
2021-12-29,0.0,0.0,0.0,0.7464826121582161,0.7893800526943959,0.7464826121582161,0.0,0.035041146801168016,0.035041146801168016
2021-12-29,0.0005642138697784,0.0,0.0,0.7464826121582161,0.7893800526943959,0.7464826121582161,0.0,0.0,0.0
2021-12-29,0.0,0.0,0.0,0.7464826121582161,0.7893800526943959,0.7464826121582161,0.0,0.035041146801168016,0.035041146801168016
2021-12-30,0.0,0.0,0.0,0.6360499070878682,0.7640687279032576,0.7464826121582161,-0.11043270507034786,0.035041146801168016,0.14547385187151587
2021-12-30,0.0,0.0,0.0,0.6360499070878682,0.7640687279032576,0.6360499070878682,0.0,0.035041146801168016,0.035041146801168016
2021-12-30,0.0,0.0,0.0,0.6360499070878682,0.7640687279032576,0.6360499070878682,0.0,0.035041146801168016,0.035041146801168016
2021-12-30,0.0,0.0,0.0,0.6360499070878682,0.7640687279032576,0.6360499070878682,0.0,0.035041146801168016,0.035041146801168016
2021-12-30,0.0,0.0,0.0,0.6360499070878682,0.7640687279032576,0.6360499070878682,0.0,0.035041146801168016,0.035041146801168016
2021-12-30,0.0,0.0,0.0,0.6360499070878682,0.7640687279032576,0.6360499070878682,0.0,0.035041146801168016,0.035041146801168016
2021-12-30,0.0,0.0,0.0,0.6360499070878682,0.7640687279032576,0.6360499070878682,0.0,0.035041146801168016,0.035041146801168016
2021-12-30,0.0,0.0,0.0,0.6360499070878682,0.7640687279032576,0.6360499070878682,0.0,0.035041146801168016,0.035041146801168016
2021-12-30,0.0,0.0,0.0,0.6360499070878682,0.7640687279032576,0.6360499070878682,0.0,0.035041146801168016,0.035041146801168016
2021-12-30,0.0,0.0,0.0,0.6360499070878682,0.7640687279032576,0.6360499070878682,0.0,0.035041146801168016,0.035041146801168016
2021-12-30,0.0,0.0,0.0,0.6360499070878682,0.7640687279032576,0.6360499070878682,0.0,0.035041146801168016,0.035041146801168016
2021-12-30,0.0,0.0,0.0,0.6360499070878682,0.7640687279032576,0.6360499070878682,0.0,0.035041146801168016,0.035041146801168016
2021-12-31,0.0,0.0,0.0,0.6360499070878682,0.7640687279032576,0.6360499070878682,0.0,0.035041146801168016,0.035041146801168016
2021-12-31,0.0,0.0,0.0,0.6360499070878682,0.7640687279032576,0.6360499070878682,0.0,0.035041146801168016,0.035041146801168016
2021-12-31,0.0,0.0,0.0,0.6360499070878682,0.7640687279032576,0.6360499070878682,0.0,0.035041146801168016,0.035041146801168016
2021-12-31,0.0,0.0,0.0,0.6360499070878682,0.7640687279032576,0.6360499070878682,0.0,0.035041146801168016,0.035041146801168016
2021-12-31,0.0,0.0,0.0,0.6360499070878682,0.7640687279032576,0.6360499070878682,0.0,0.035041146801168016,0.035041146801168016
2021-12-31,0.0,0.0,0.0,0.6360499070878682,0.7640687279032576,0.6360499070878682,0.0,0.035041146801168016,0.035041146801168016
2021-12-31,0.0,0.0,0.0,0.6360499070878682,0.7640687279032576,0.6360499070878682,0.0,0.035041146801168016,0.035041146801168016
2021-12-31,0.0,0.0,0.0,0.6360499070878682,0.7640687279032576,0.6360499070878682,0.0,0.035041146801168016,0.035041146801168016
2021-12-31,0.0,0.0,0.0,0.6360499070878682,0.7640687279032576,0.6360499070878682,0.0,0.035041146801168016,0.035041146801168016
2021-12-31,0.0,0.0,0.0,0.6360499070878682,0.7640687279032576,0.6360499070878682,0.0,0.035041146801168016,0.035041146801168016
2021-12-31,0.0,0.0,0.0,0.6360499070878682,0.7640687279032576,0.6360499070878682,0.0,0.035041146801168016,0.035041146801168016
2021-12-31,0.0,0.0,0.0,0.6360499070878682,0.7640687279032576,0.6360499070878682,0.0,0.035041146801168016,0.035041146801168016
