Date,Avg_rainfall,Full_reservoir_level,Live_capacity_FRL,Storage,Level,Storage_shift,delta_storage,predicted_inflow,estimated_outflow
2020-01-01,0.0,512.06,6.229,4.005,501.09,4.005,0.0,0.0,0.0
2020-01-01,0.0,512.06,6.229,4.005,501.09,4.005,0.0,0.0,0.0
2020-01-01,0.0,512.06,6.229,4.005,501.09,4.005,0.0,0.0,0.0
2020-01-01,0.0,512.06,6.229,4.005,501.09,4.005,0.0,0.0,0.0
2020-01-01,0.0,512.06,6.229,4.005,501.09,4.005,0.0,0.0,0.0
2020-01-01,0.0,512.06,6.229,4.005,501.09,4.005,0.0,0.0,0.0
2020-01-01,0.0,512.06,6.229,4.005,501.09,4.005,0.0,0.0,0.0
2020-01-01,0.0,512.06,6.229,4.005,501.09,4.005,0.0,0.0,0.0
2020-01-01,0.0,512.06,6.229,4.005,501.09,4.005,0.0,0.0,0.0
2020-01-01,0.0,512.06,6.229,4.005,501.09,4.005,0.0,0.0,0.0
2020-01-02,0.0,512.06,6.229,3.985,500.95,4.005,-0.020000000000000018,-0.0016256801832498446,0.018374319816750175
2020-01-02,0.004749476,512.06,6.229,3.985,500.95,3.985,0.0,0.0,0.0
2020-01-02,0.0,512.06,6.229,3.985,500.95,3.985,0.0,-0.0016256801832498446,-0.0016256801832498446
2020-01-02,0.003956775,512.06,6.229,3.985,500.95,3.985,0.0,0.0,0.0
2020-01-02,0.0,512.06,6.229,3.985,500.95,3.985,0.0,-0.0016256801832498446,-0.0016256801832498446
2020-01-02,0.0,512.06,6.229,3.985,500.95,3.985,0.0,-0.0016256801832498446,-0.0016256801832498446
2020-01-02,0.000306648,512.06,6.229,3.985,500.95,3.985,0.0,-0.00012571141277023642,-0.00012571141277023642
2020-01-02,0.0,512.06,6.229,3.985,500.95,3.985,0.0,-0.0016256801832498446,-0.0016256801832498446
2020-01-02,0.0,512.06,6.229,3.985,500.95,3.985,0.0,-0.0016256801832498446,-0.0016256801832498446
2020-01-02,0.0,512.06,6.229,3.985,500.95,3.985,0.0,-0.0016256801832498446,-0.0016256801832498446
2020-01-02,0.140833599,512.06,6.229,3.985,500.95,3.985,0.0,0.0,0.0
2020-01-03,0.541860597,512.06,6.229,3.985,500.95,3.985,0.0,-0.0014499999999999958,-0.0014499999999999958
2020-01-03,0.005423505,512.06,6.229,3.985,500.95,3.985,0.0,0.0,0.0
2020-01-03,0.024641379,512.06,6.229,3.985,500.95,3.985,0.0,-8.725000000000094e-05,-8.725000000000094e-05
2020-01-03,0.424608263,512.06,6.229,3.985,500.95,3.985,0.0,-0.0029185999999999913,-0.0029185999999999913
2020-01-03,0.0,512.06,6.229,3.985,500.95,3.985,0.0,-0.0016256801832498446,-0.0016256801832498446
2020-01-03,0.043308373,512.06,6.229,3.985,500.95,3.985,0.0,0.0,0.0
2020-01-03,0.740363711,512.06,6.229,3.985,500.95,3.985,0.0,0.0,0.0
2020-01-03,0.002137691,512.06,6.229,3.985,500.95,3.985,0.0,0.009786133333333315,0.009786133333333315
2020-01-03,0.0,512.06,6.229,3.985,500.95,3.985,0.0,-0.0016256801832498446,-0.0016256801832498446
2020-01-03,0.280562442,512.06,6.229,3.985,500.95,3.985,0.0,0.0,0.0
2020-01-03,0.106668938,512.06,6.229,3.985,500.95,3.985,0.0,0.0,0.0
2020-01-04,0.755318221,512.06,6.229,3.985,500.95,3.985,0.0,-0.0010036999999999963,-0.0010036999999999963
2020-01-04,1.08999147,512.06,6.229,3.985,500.95,3.985,0.0,0.0,0.0
2020-01-04,5.276415886,512.06,6.229,3.985,500.95,3.985,0.0,0.0029838000000000165,0.0029838000000000165
2020-01-04,0.400426548,512.06,6.229,3.985,500.95,3.985,0.0,-0.0004699999999999993,-0.0004699999999999993
2020-01-04,0.006027086,512.06,6.229,3.985,500.95,3.985,0.0,0.0,0.0
2020-01-04,0.993436001,512.06,6.229,3.985,500.95,3.985,0.0,0.0015028999999999915,0.0015028999999999915
2020-01-04,0.0,512.06,6.229,3.985,500.95,3.985,0.0,-0.0016256801832498446,-0.0016256801832498446
2020-01-04,2.970103514,512.06,6.229,3.985,500.95,3.985,0.0,0.0,0.0
2020-01-04,0.0,512.06,6.229,3.985,500.95,3.985,0.0,-0.0016256801832498446,-0.0016256801832498446
2020-01-04,0.154400834,512.06,6.229,3.985,500.95,3.985,0.0,0.0,0.0
2020-01-04,0.985489731,512.06,6.229,3.985,500.95,3.985,0.0,-0.00023119999999999586,-0.00023119999999999586
2020-01-05,0.445362506,512.06,6.229,3.927,500.55,3.985,-0.05799999999999983,-0.036090999999999894,0.021908999999999935
2020-01-05,1.771855636,512.06,6.229,3.927,500.55,3.927,0.0,-0.000275000000000003,-0.000275000000000003
2020-01-05,0.551743985,512.06,6.229,3.927,500.55,3.927,0.0,-0.0034799999999999896,-0.0034799999999999896
2020-01-05,2.273601963,512.06,6.229,3.927,500.55,3.927,0.0,0.0,0.0
2020-01-05,4.735493551,512.06,6.229,3.927,500.55,3.927,0.0,0.0007459500000000041,0.0007459500000000041
2020-01-05,2.593905315,512.06,6.229,3.927,500.55,3.927,0.0,0.0,0.0
2020-01-05,1.207387482,512.06,6.229,3.927,500.55,3.927,0.0,0.0,0.0
2020-01-05,0.664147721,512.06,6.229,3.927,500.55,3.927,0.0,0.0,0.0
2020-01-05,0.331538841,512.06,6.229,3.927,500.55,3.927,0.0,-0.00028999999999999913,-0.00028999999999999913
2020-01-05,0.437707419,512.06,6.229,3.927,500.55,3.927,0.0,-0.007620999999999966,-0.007620999999999966
2020-01-05,0.323495353,512.06,6.229,3.927,500.55,3.927,0.0,-0.00028999999999999913,-0.00028999999999999913
2020-01-06,0.771537068,512.06,6.229,3.927,500.55,3.927,0.0,0.0,0.0
2020-01-06,0.241031109,512.06,6.229,3.927,500.55,3.927,0.0,0.004182999999999968,0.004182999999999968
2020-01-06,0.063944781,512.06,6.229,3.927,500.55,3.927,0.0,0.0,0.0
2020-01-06,0.757369145,512.06,6.229,3.927,500.55,3.927,0.0,0.0,0.0
2020-01-06,0.017244497,512.06,6.229,3.927,500.55,3.927,0.0,0.0,0.0
2020-01-06,0.177776777,512.06,6.229,3.927,500.55,3.927,0.0,0.0007419000000000042,0.0007419000000000042
2020-01-06,0.0,512.06,6.229,3.927,500.55,3.927,0.0,-1.000000000000001e-05,-1.000000000000001e-05
2020-01-06,0.396111819,512.06,6.229,3.927,500.55,3.927,0.0,-0.0013399999999999968,-0.0013399999999999968
2020-01-06,0.136802702,512.06,6.229,3.927,500.55,3.927,0.0,0.0,0.0
2020-01-06,0.13752452,512.06,6.229,3.927,500.55,3.927,0.0,0.0,0.0
2020-01-06,0.031991783,512.06,6.229,3.927,500.55,3.927,0.0,0.0,0.0
2020-01-07,13.29623678,512.06,6.229,3.927,500.55,3.927,0.0,0.0,0.0
2020-01-07,14.02691543,512.06,6.229,3.927,500.55,3.927,0.0,0.0,0.0
2020-01-07,12.16558856,512.06,6.229,3.927,500.55,3.927,0.0,0.0008490999999999981,0.0008490999999999981
2020-01-07,14.33332563,512.06,6.229,3.927,500.55,3.927,0.0,0.0,0.0
2020-01-07,12.02585957,512.06,6.229,3.927,500.55,3.927,0.0,0.0008490999999999981,0.0008490999999999981
2020-01-07,6.559713261,512.06,6.229,3.927,500.55,3.927,0.0,0.0,0.0
2020-01-07,15.24339975,512.06,6.229,3.927,500.55,3.927,0.0,0.0004451500000000008,0.0004451500000000008
2020-01-07,10.79366867,512.06,6.229,3.927,500.55,3.927,0.0,0.0,0.0
2020-01-07,13.252597,512.06,6.229,3.927,500.55,3.927,0.0,0.0,0.0
2020-01-07,8.888764563,512.06,6.229,3.927,500.55,3.927,0.0,-0.0004760000000000053,-0.0004760000000000053
2020-01-07,15.98407339,512.06,6.229,3.927,500.55,3.927,0.0,0.00029015000000000014,0.00029015000000000014
2020-01-08,13.43046887,512.06,6.229,3.927,500.55,3.927,0.0,0.0,0.0
2020-01-08,19.77384853,512.06,6.229,3.927,500.55,3.927,0.0,0.0,0.0
2020-01-08,35.86668936,512.06,6.229,3.927,500.55,3.927,0.0,0.0,0.0
2020-01-08,21.80268841,512.06,6.229,3.927,500.55,3.927,0.0,0.0,0.0
2020-01-08,31.73107144,512.06,6.229,3.927,500.55,3.927,0.0,-0.00026000000000000025,-0.00026000000000000025
2020-01-08,30.15463362,512.06,6.229,3.927,500.55,3.927,0.0,0.0015306500000000045,0.0015306500000000045
2020-01-08,10.95909511,512.06,6.229,3.927,500.55,3.927,0.0,0.0,0.0
2020-01-08,16.59553752,512.06,6.229,3.927,500.55,3.927,0.0,0.0,0.0
2020-01-08,25.10653497,512.06,6.229,3.927,500.55,3.927,0.0,-0.0006156000000000094,-0.0006156000000000094
2020-01-08,30.6680824,512.06,6.229,3.927,500.55,3.927,0.0,-6.429999999999935e-05,-6.429999999999935e-05
2020-01-08,28.222299,512.06,6.229,3.927,500.55,3.927,0.0,-0.0013000000000000012,-0.0013000000000000012
2020-01-09,27.60321575,512.06,6.229,3.875,500.18,3.927,-0.052000000000000046,-0.03071999999999994,0.021280000000000108
2020-01-09,14.67007067,512.06,6.229,3.875,500.18,3.875,0.0,-0.00010000000000000009,-0.00010000000000000009
2020-01-09,10.18686403,512.06,6.229,3.875,500.18,3.875,0.0,-0.0007050000000000046,-0.0007050000000000046
2020-01-09,4.377617157,512.06,6.229,3.875,500.18,3.875,0.0,-0.0007007999999999815,-0.0007007999999999815
2020-01-09,18.11406819,512.06,6.229,3.875,500.18,3.875,0.0,0.0028859999999999997,0.0028859999999999997
2020-01-09,15.20747442,512.06,6.229,3.875,500.18,3.875,0.0,-0.00030000000000000024,-0.00030000000000000024
2020-01-09,29.08628064,512.06,6.229,3.875,500.18,3.875,0.0,-0.003940000000000003,-0.003940000000000003
2020-01-09,8.221939331,512.06,6.229,3.875,500.18,3.875,0.0,-0.0002100000000000035,-0.0002100000000000035
2020-01-09,23.44585301,512.06,6.229,3.875,500.18,3.875,0.0,-0.003420000000000003,-0.003420000000000003
2020-01-09,6.682709252,512.06,6.229,3.875,500.18,3.875,0.0,-0.00011685000000000167,-0.00011685000000000167
2020-01-09,5.025761461,512.06,6.229,3.875,500.18,3.875,0.0,0.0039315500000000215,0.0039315500000000215
2020-01-10,0.0,512.06,6.229,3.875,500.18,3.875,0.0,0.0,0.0
2020-01-10,0.000611048,512.06,6.229,3.875,500.18,3.875,0.0,0.0,0.0
2020-01-10,0.0,512.06,6.229,3.875,500.18,3.875,0.0,0.0,0.0
2020-01-10,0.0,512.06,6.229,3.875,500.18,3.875,0.0,0.0,0.0
2020-01-10,0.0,512.06,6.229,3.875,500.18,3.875,0.0,0.0,0.0
2020-01-10,0.0,512.06,6.229,3.875,500.18,3.875,0.0,0.0,0.0
2020-01-10,0.0,512.06,6.229,3.875,500.18,3.875,0.0,0.0,0.0
2020-01-10,0.0,512.06,6.229,3.875,500.18,3.875,0.0,0.0,0.0
2020-01-10,0.0,512.06,6.229,3.875,500.18,3.875,0.0,0.0,0.0
2020-01-10,0.0,512.06,6.229,3.875,500.18,3.875,0.0,0.0,0.0
2020-01-10,0.0,512.06,6.229,3.875,500.18,3.875,0.0,0.0,0.0
2020-01-11,0.0,512.06,6.229,3.857,500.05,3.875,-0.017999999999999794,-0.001551420854300481,0.01644857914569931
2020-01-11,0.0,512.06,6.229,3.857,500.05,3.857,0.0,-0.001551420854300481,-0.001551420854300481
2020-01-11,0.0,512.06,6.229,3.857,500.05,3.857,0.0,-0.001551420854300481,-0.001551420854300481
2020-01-11,0.0,512.06,6.229,3.857,500.05,3.857,0.0,-0.001551420854300481,-0.001551420854300481
2020-01-11,0.0,512.06,6.229,3.857,500.05,3.857,0.0,-0.001551420854300481,-0.001551420854300481
2020-01-11,0.0,512.06,6.229,3.857,500.05,3.857,0.0,-0.001551420854300481,-0.001551420854300481
2020-01-11,0.0,512.06,6.229,3.857,500.05,3.857,0.0,-0.001551420854300481,-0.001551420854300481
2020-01-11,0.0,512.06,6.229,3.857,500.05,3.857,0.0,-0.001551420854300481,-0.001551420854300481
2020-01-11,0.0,512.06,6.229,3.857,500.05,3.857,0.0,-0.001551420854300481,-0.001551420854300481
2020-01-11,0.0,512.06,6.229,3.857,500.05,3.857,0.0,-0.001551420854300481,-0.001551420854300481
2020-01-11,0.0,512.06,6.229,3.857,500.05,3.857,0.0,-0.001551420854300481,-0.001551420854300481
2020-01-12,1.632140927,512.06,6.229,3.846,499.98,3.857,-0.01100000000000012,-0.007370000000000081,0.0036300000000000394
2020-01-12,1.476918986,512.06,6.229,3.846,499.98,3.846,0.0,-0.0006600000000000073,-0.0006600000000000073
2020-01-12,0.115831236,512.06,6.229,3.846,499.98,3.846,0.0,0.00013740000000000307,0.00013740000000000307
2020-01-12,1.4159211,512.06,6.229,3.846,499.98,3.846,0.0,-0.0006600000000000073,-0.0006600000000000073
2020-01-12,0.0,512.06,6.229,3.846,499.98,3.846,0.0,3.439120879120864e-05,3.439120879120864e-05
2020-01-12,0.298986069,512.06,6.229,3.846,499.98,3.846,0.0,-0.00014824999999999867,-0.00014824999999999867
2020-01-12,0.0,512.06,6.229,3.846,499.98,3.846,0.0,3.439120879120864e-05,3.439120879120864e-05
2020-01-12,0.652033604,512.06,6.229,3.846,499.98,3.846,0.0,-0.00016500000000000182,-0.00016500000000000182
2020-01-12,0.0,512.06,6.229,3.846,499.98,3.846,0.0,3.439120879120864e-05,3.439120879120864e-05
2020-01-12,3.055438858,512.06,6.229,3.846,499.98,3.846,0.0,-0.0010450000000000114,-0.0010450000000000114
2020-01-12,0.0,512.06,6.229,3.846,499.98,3.846,0.0,3.439120879120864e-05,3.439120879120864e-05
2020-01-13,9.244820675,512.06,6.229,3.832,499.88,3.846,-0.014000000000000234,-0.007701700000000136,0.006298300000000099
2020-01-13,0.0,512.06,6.229,3.832,499.88,3.832,0.0,8.193999999999953e-05,8.193999999999953e-05
2020-01-13,7.262722849,512.06,6.229,3.832,499.88,3.832,0.0,-0.0012214000000000235,-0.0012214000000000235
2020-01-13,0.0,512.06,6.229,3.832,499.88,3.832,0.0,8.193999999999953e-05,8.193999999999953e-05
2020-01-13,0.0,512.06,6.229,3.832,499.88,3.832,0.0,8.193999999999953e-05,8.193999999999953e-05
2020-01-13,15.96253092,512.06,6.229,3.832,499.88,3.832,0.0,0.0014613499999999835,0.0014613499999999835
2020-01-13,2.231871612,512.06,6.229,3.832,499.88,3.832,0.0,-5.5000000000000605e-05,-5.5000000000000605e-05
2020-01-13,0.0,512.06,6.229,3.832,499.88,3.832,0.0,8.193999999999953e-05,8.193999999999953e-05
2020-01-13,0.650167422,512.06,6.229,3.832,499.88,3.832,0.0,0.0,0.0
2020-01-13,3.137999356,512.06,6.229,3.832,499.88,3.832,0.0,-5.5000000000000605e-05,-5.5000000000000605e-05
2020-01-13,1.853659974,512.06,6.229,3.832,499.88,3.832,0.0,-0.00033000000000000363,-0.00033000000000000363
2020-01-14,24.30696475,512.06,6.229,3.824,499.82,3.832,-0.008000000000000007,-0.005113900000000007,0.0028861
2020-01-14,27.64082115,512.06,6.229,3.824,499.82,3.824,0.0,-0.006240000000000006,-0.006240000000000006
2020-01-14,23.58374202,512.06,6.229,3.824,499.82,3.824,0.0,0.0002607999999999988,0.0002607999999999988
2020-01-14,20.69234638,512.06,6.229,3.824,499.82,3.824,0.0,0.0,0.0
2020-01-14,20.23810254,512.06,6.229,3.824,499.82,3.824,0.0,9.539999999999882e-05,9.539999999999882e-05
2020-01-14,23.37128097,512.06,6.229,3.824,499.82,3.824,0.0,-8.000000000000007e-05,-8.000000000000007e-05
2020-01-14,35.82642867,512.06,6.229,3.824,499.82,3.824,0.0,-4.000000000000004e-05,-4.000000000000004e-05
2020-01-14,24.02367967,512.06,6.229,3.824,499.82,3.824,0.0,0.0013524999999999876,0.0013524999999999876
2020-01-14,15.69397318,512.06,6.229,3.824,499.82,3.824,0.0,-0.00040000000000000034,-0.00040000000000000034
2020-01-14,32.33223537,512.06,6.229,3.824,499.82,3.824,0.0,-4.000000000000004e-05,-4.000000000000004e-05
2020-01-14,19.05870297,512.06,6.229,3.824,499.82,3.824,0.0,-0.0003487499999999999,-0.0003487499999999999
2020-01-15,0.0,512.06,6.229,3.82,499.78,3.824,-0.0040000000000000036,-0.0006472720057720059,0.0033527279942279975
2020-01-15,0.007957161,512.06,6.229,3.82,499.78,3.82,0.0,-3.3888888888888925e-05,-3.3888888888888925e-05
2020-01-15,0.164912814,512.06,6.229,3.82,499.78,3.82,0.0,0.0024730000000000142,0.0024730000000000142
2020-01-15,0.000157811,512.06,6.229,3.82,499.78,3.82,0.0,0.02912811507936507,0.02912811507936507
2020-01-15,0.0,512.06,6.229,3.82,499.78,3.82,0.0,-0.0006472720057720059,-0.0006472720057720059
2020-01-15,0.03179335,512.06,6.229,3.82,499.78,3.82,0.0,0.0,0.0
2020-01-15,0.0,512.06,6.229,3.82,499.78,3.82,0.0,-0.0006472720057720059,-0.0006472720057720059
2020-01-15,0.182786369,512.06,6.229,3.82,499.78,3.82,0.0,0.002967600000000017,0.002967600000000017
2020-01-15,0.0,512.06,6.229,3.82,499.78,3.82,0.0,-0.0006472720057720059,-0.0006472720057720059
2020-01-15,0.0,512.06,6.229,3.82,499.78,3.82,0.0,-0.0006472720057720059,-0.0006472720057720059
2020-01-15,0.0,512.06,6.229,3.82,499.78,3.82,0.0,-0.0006472720057720059,-0.0006472720057720059
2020-01-16,0.0,512.06,6.229,3.811,499.72,3.82,-0.008999999999999897,-0.0011886004620379482,0.0078113995379619485
2020-01-16,0.042927399,512.06,6.229,3.811,499.72,3.811,0.0,-2.3999999999999726e-05,-2.3999999999999726e-05
2020-01-16,0.0,512.06,6.229,3.811,499.72,3.811,0.0,-0.0011886004620379482,-0.0011886004620379482
2020-01-16,0.080646948,512.06,6.229,3.811,499.72,3.811,0.0,-1.499999999999983e-05,-1.499999999999983e-05
2020-01-16,0.091318065,512.06,6.229,3.811,499.72,3.811,0.0,-0.000832200000000003,-0.000832200000000003
2020-01-16,0.0,512.06,6.229,3.811,499.72,3.811,0.0,-0.0011886004620379482,-0.0011886004620379482
2020-01-16,0.0,512.06,6.229,3.811,499.72,3.811,0.0,-0.0011886004620379482,-0.0011886004620379482
2020-01-16,0.0,512.06,6.229,3.811,499.72,3.811,0.0,-0.0011886004620379482,-0.0011886004620379482
2020-01-16,0.0,512.06,6.229,3.811,499.72,3.811,0.0,-0.0011886004620379482,-0.0011886004620379482
2020-01-16,0.0,512.06,6.229,3.811,499.72,3.811,0.0,-0.0011886004620379482,-0.0011886004620379482
2020-01-16,0.0,512.06,6.229,3.811,499.72,3.811,0.0,-0.0011886004620379482,-0.0011886004620379482
2020-01-17,5.564230624,512.06,6.229,3.80163,499.64,3.811,-0.0093700000000001,-0.006497400000000053,0.002872600000000047
2020-01-17,1.491026292,512.06,6.229,3.80163,499.64,3.80163,0.0,0.0,0.0
2020-01-17,7.065978667,512.06,6.229,3.80163,499.64,3.80163,0.0,-0.000772700000000004,-0.000772700000000004
2020-01-17,5.450475884,512.06,6.229,3.80163,499.64,3.80163,0.0,-0.0016831000000000085,-0.0016831000000000085
2020-01-17,8.639075576,512.06,6.229,3.80163,499.64,3.80163,0.0,-0.0009856500000000113,-0.0009856500000000113
2020-01-17,1.774908153,512.06,6.229,3.80163,499.64,3.80163,0.0,0.0,0.0
2020-01-17,3.547596295,512.06,6.229,3.80163,499.64,3.80163,0.0,0.0058535500000000094,0.0058535500000000094
2020-01-17,13.8575162,512.06,6.229,3.80163,499.64,3.80163,0.0,0.00042454999999999907,0.00042454999999999907
2020-01-17,2.933542759,512.06,6.229,3.80163,499.64,3.80163,0.0,-0.0009334000000000043,-0.0009334000000000043
2020-01-17,3.020102561,512.06,6.229,3.80163,499.64,3.80163,0.0,0.0,0.0
2020-01-17,12.58763757,512.06,6.229,3.80163,499.64,3.80163,0.0,0.00042454999999999907,0.00042454999999999907
2020-01-18,4.053110966,512.06,6.229,3.78995,499.55,3.80163,-0.01167999999999969,-0.008175999999999784,0.0035039999999999065
2020-01-18,4.005713622,512.06,6.229,3.78995,499.55,3.78995,0.0,-0.002569599999999932,-0.002569599999999932
2020-01-18,12.13835556,512.06,6.229,3.78995,499.55,3.78995,0.0,0.007291499999999993,0.007291499999999993
2020-01-18,0.046687853,512.06,6.229,3.78995,499.55,3.78995,0.0,0.000516700000000001,0.000516700000000001
2020-01-18,1.133973029,512.06,6.229,3.78995,499.55,3.78995,0.0,-0.0011763000000000012,-0.0011763000000000012
2020-01-18,0.069357336,512.06,6.229,3.78995,499.55,3.78995,0.0,0.0002473000000000014,0.0002473000000000014
2020-01-18,1.823078398,512.06,6.229,3.78995,499.55,3.78995,0.0,0.0,0.0
2020-01-18,0.136294218,512.06,6.229,3.78995,499.55,3.78995,0.0,0.0022257000000000127,0.0022257000000000127
2020-01-18,0.628919655,512.06,6.229,3.78995,499.55,3.78995,0.0,0.0,0.0
2020-01-18,0.000236717,512.06,6.229,3.78995,499.55,3.78995,0.0,-4.693181818181765e-05,-4.693181818181765e-05
2020-01-18,0.336833263,512.06,6.229,3.78995,499.55,3.78995,0.0,0.0002473000000000014,0.0002473000000000014
2020-01-19,3.717986742,512.06,6.229,3.77476,499.43,3.78995,-0.015190000000000037,-0.009645650000000023,0.005544350000000014
2020-01-19,3.105142241,512.06,6.229,3.77476,499.43,3.77476,0.0,-0.0005316500000000012,-0.0005316500000000012
2020-01-19,3.258079091,512.06,6.229,3.77476,499.43,3.77476,0.0,-0.0005316500000000012,-0.0005316500000000012
2020-01-19,0.168404231,512.06,6.229,3.77476,499.43,3.77476,0.0,0.008655500000000049,0.008655500000000049
2020-01-19,0.963827892,512.06,6.229,3.77476,499.43,3.77476,0.0,-0.00023119999999999586,-0.00023119999999999586
2020-01-19,0.467637734,512.06,6.229,3.77476,499.43,3.77476,0.0,-0.0021343999999999985,-0.0021343999999999985
2020-01-19,5.028432452,512.06,6.229,3.77476,499.43,3.77476,0.0,-1.6799999999996817e-05,-1.6799999999996817e-05
2020-01-19,0.507259744,512.06,6.229,3.77476,499.43,3.77476,0.0,-0.00016240000000000032,-0.00016240000000000032
2020-01-19,1.361436911,512.06,6.229,3.77476,499.43,3.77476,0.0,0.0,0.0
2020-01-19,3.729634717,512.06,6.229,3.77476,499.43,3.77476,0.0,-0.0018987500000000046,-0.0018987500000000046
2020-01-19,1.488090354,512.06,6.229,3.77476,499.43,3.77476,0.0,0.0,0.0
2020-01-20,0.0,512.06,6.229,3.75879,499.31,3.77476,-0.015970000000000262,-0.001489080588683571,0.01448091941131669
2020-01-20,0.0,512.06,6.229,3.75879,499.31,3.75879,0.0,-0.001489080588683571,-0.001489080588683571
2020-01-20,0.0,512.06,6.229,3.75879,499.31,3.75879,0.0,-0.001489080588683571,-0.001489080588683571
2020-01-20,0.0,512.06,6.229,3.75879,499.31,3.75879,0.0,-0.001489080588683571,-0.001489080588683571
2020-01-20,0.0,512.06,6.229,3.75879,499.31,3.75879,0.0,-0.001489080588683571,-0.001489080588683571
2020-01-20,0.0,512.06,6.229,3.75879,499.31,3.75879,0.0,-0.001489080588683571,-0.001489080588683571
2020-01-20,0.0,512.06,6.229,3.75879,499.31,3.75879,0.0,-0.001489080588683571,-0.001489080588683571
2020-01-20,0.0,512.06,6.229,3.75879,499.31,3.75879,0.0,-0.001489080588683571,-0.001489080588683571
2020-01-20,0.0,512.06,6.229,3.75879,499.31,3.75879,0.0,-0.001489080588683571,-0.001489080588683571
2020-01-20,0.0,512.06,6.229,3.75879,499.31,3.75879,0.0,-0.001489080588683571,-0.001489080588683571
2020-01-20,0.0,512.06,6.229,3.75879,499.31,3.75879,0.0,-0.001489080588683571,-0.001489080588683571
2020-01-21,6.85900469,512.06,6.229,3.75879,499.31,3.75879,0.0,2.7549999999999518e-05,2.7549999999999518e-05
2020-01-21,5.030427805,512.06,6.229,3.75879,499.31,3.75879,0.0,0.004227050000000023,0.004227050000000023
2020-01-21,1.559450307,512.06,6.229,3.75879,499.31,3.75879,0.0,0.0,0.0
2020-01-21,2.484025644,512.06,6.229,3.75879,499.31,3.75879,0.0,0.0,0.0
2020-01-21,6.202959688,512.06,6.229,3.75879,499.31,3.75879,0.0,-4.68500000000005e-05,-4.68500000000005e-05
2020-01-21,4.705816736,512.06,6.229,3.75879,499.31,3.75879,0.0,-0.00026869999999999726,-0.00026869999999999726
2020-01-21,7.81157248,512.06,6.229,3.75879,499.31,3.75879,0.0,0.0,0.0
2020-01-21,1.885705089,512.06,6.229,3.75879,499.31,3.75879,0.0,0.0,0.0
2020-01-21,5.957676379,512.06,6.229,3.75879,499.31,3.75879,0.0,-4.68500000000005e-05,-4.68500000000005e-05
2020-01-21,0.6433482,512.06,6.229,3.75879,499.31,3.75879,0.0,0.0,0.0
2020-01-21,2.367061068,512.06,6.229,3.75879,499.31,3.75879,0.0,0.0,0.0
2020-01-22,3.283502905,512.06,6.229,3.75879,499.31,3.75879,0.0,0.00013114999999999988,0.00013114999999999988
2020-01-22,0.000213045,512.06,6.229,3.75879,499.31,3.75879,0.0,-7.972901515151646e-05,-7.972901515151646e-05
2020-01-22,0.010910227,512.06,6.229,3.75879,499.31,3.75879,0.0,0.00021447277777777863,0.00021447277777777863
2020-01-22,3.554675937,512.06,6.229,3.75879,499.31,3.75879,0.0,-0.00025715000000000156,-0.00025715000000000156
2020-01-22,0.037982234,512.06,6.229,3.75879,499.31,3.75879,0.0,0.000223345000000001,0.000223345000000001
2020-01-22,0.811540938,512.06,6.229,3.75879,499.31,3.75879,0.0,0.0,0.0
2020-01-22,0.0,512.06,6.229,3.75879,499.31,3.75879,0.0,-0.001489080588683571,-0.001489080588683571
2020-01-22,2.521840925,512.06,6.229,3.75879,499.31,3.75879,0.0,0.0,0.0
2020-01-22,1.919903858,512.06,6.229,3.75879,499.31,3.75879,0.0,0.010791999999999939,0.010791999999999939
2020-01-22,2.810819034,512.06,6.229,3.75879,499.31,3.75879,0.0,0.0,0.0
2020-01-22,0.368813424,512.06,6.229,3.75879,499.31,3.75879,0.0,0.0002473000000000014,0.0002473000000000014
2020-01-23,0.0,512.06,6.229,3.69842,498.84,3.75879,-0.06036999999999981,-0.005128116543689779,0.05524188345631004
2020-01-23,0.0,512.06,6.229,3.69842,498.84,3.69842,0.0,-0.005128116543689779,-0.005128116543689779
2020-01-23,0.0,512.06,6.229,3.69842,498.84,3.69842,0.0,-0.005128116543689779,-0.005128116543689779
2020-01-23,0.0,512.06,6.229,3.69842,498.84,3.69842,0.0,-0.005128116543689779,-0.005128116543689779
2020-01-23,0.0,512.06,6.229,3.69842,498.84,3.69842,0.0,-0.005128116543689779,-0.005128116543689779
2020-01-23,0.0,512.06,6.229,3.69842,498.84,3.69842,0.0,-0.005128116543689779,-0.005128116543689779
2020-01-23,0.0,512.06,6.229,3.69842,498.84,3.69842,0.0,-0.005128116543689779,-0.005128116543689779
2020-01-23,0.0,512.06,6.229,3.69842,498.84,3.69842,0.0,-0.005128116543689779,-0.005128116543689779
2020-01-23,0.0,512.06,6.229,3.69842,498.84,3.69842,0.0,-0.005128116543689779,-0.005128116543689779
2020-01-23,0.0,512.06,6.229,3.69842,498.84,3.69842,0.0,-0.005128116543689779,-0.005128116543689779
2020-01-23,0.0,512.06,6.229,3.69842,498.84,3.69842,0.0,-0.005128116543689779,-0.005128116543689779
2020-01-24,0.0,512.06,6.229,3.677,498.67,3.69842,-0.021419999999999995,-0.002187984446080234,0.019232015553919762
2020-01-24,0.0,512.06,6.229,3.677,498.67,3.677,0.0,-0.002187984446080234,-0.002187984446080234
2020-01-24,0.0,512.06,6.229,3.677,498.67,3.677,0.0,-0.002187984446080234,-0.002187984446080234
2020-01-24,0.0,512.06,6.229,3.677,498.67,3.677,0.0,-0.002187984446080234,-0.002187984446080234
2020-01-24,0.0,512.06,6.229,3.677,498.67,3.677,0.0,-0.002187984446080234,-0.002187984446080234
2020-01-24,0.0,512.06,6.229,3.677,498.67,3.677,0.0,-0.002187984446080234,-0.002187984446080234
2020-01-24,0.0,512.06,6.229,3.677,498.67,3.677,0.0,-0.002187984446080234,-0.002187984446080234
2020-01-24,0.0,512.06,6.229,3.677,498.67,3.677,0.0,-0.002187984446080234,-0.002187984446080234
2020-01-24,0.0,512.06,6.229,3.677,498.67,3.677,0.0,-0.002187984446080234,-0.002187984446080234
2020-01-24,0.0,512.06,6.229,3.677,498.67,3.677,0.0,-0.002187984446080234,-0.002187984446080234
2020-01-24,0.0,512.06,6.229,3.677,498.67,3.677,0.0,-0.002187984446080234,-0.002187984446080234
2020-01-25,0.0,512.06,6.229,3.655,498.5,3.677,-0.02200000000000024,-0.002104160478496416,0.019895839521503825
2020-01-25,0.0,512.06,6.229,3.655,498.5,3.655,0.0,-0.002104160478496416,-0.002104160478496416
2020-01-25,0.0,512.06,6.229,3.655,498.5,3.655,0.0,-0.002104160478496416,-0.002104160478496416
2020-01-25,0.0,512.06,6.229,3.655,498.5,3.655,0.0,-0.002104160478496416,-0.002104160478496416
2020-01-25,0.0,512.06,6.229,3.655,498.5,3.655,0.0,-0.002104160478496416,-0.002104160478496416
2020-01-25,0.0,512.06,6.229,3.655,498.5,3.655,0.0,-0.002104160478496416,-0.002104160478496416
2020-01-25,0.0,512.06,6.229,3.655,498.5,3.655,0.0,-0.002104160478496416,-0.002104160478496416
2020-01-25,0.0,512.06,6.229,3.655,498.5,3.655,0.0,-0.002104160478496416,-0.002104160478496416
2020-01-25,0.0,512.06,6.229,3.655,498.5,3.655,0.0,-0.002104160478496416,-0.002104160478496416
2020-01-25,0.0,512.06,6.229,3.655,498.5,3.655,0.0,-0.002104160478496416,-0.002104160478496416
2020-01-25,0.0,512.06,6.229,3.655,498.5,3.655,0.0,-0.002104160478496416,-0.002104160478496416
2020-01-26,0.047314501,512.06,6.229,3.633,498.32,3.655,-0.021999999999999797,-0.011974199999999874,0.010025799999999923
2020-01-26,0.060365394,512.06,6.229,3.633,498.32,3.633,0.0,-0.0045099999999999585,-0.0045099999999999585
2020-01-26,0.0,512.06,6.229,3.633,498.32,3.633,0.0,-0.00010685714285714187,-0.00010685714285714187
2020-01-26,0.021824921,512.06,6.229,3.633,498.32,3.633,0.0,-0.0007699999999999929,-0.0007699999999999929
2020-01-26,0.1632279,512.06,6.229,3.633,498.32,3.633,0.0,-0.00043999999999999595,-0.00043999999999999595
2020-01-26,1.112671979,512.06,6.229,3.633,498.32,3.633,0.0,0.0,0.0
2020-01-26,0.0,512.06,6.229,3.633,498.32,3.633,0.0,-0.00010685714285714187,-0.00010685714285714187
2020-01-26,0.0,512.06,6.229,3.633,498.32,3.633,0.0,-0.00010685714285714187,-0.00010685714285714187
2020-01-26,0.124851709,512.06,6.229,3.633,498.32,3.633,0.0,-0.0005105499999999951,-0.0005105499999999951
2020-01-26,0.0,512.06,6.229,3.633,498.32,3.633,0.0,-0.00010685714285714187,-0.00010685714285714187
2020-01-26,0.031991783,512.06,6.229,3.633,498.32,3.633,0.0,-0.0009899999999999909,-0.0009899999999999909
2020-01-27,0.0,512.06,6.229,3.611,498.15,3.633,-0.021999999999999797,-0.0032427402319902014,0.018757259768009595
2020-01-27,0.040718522,512.06,6.229,3.611,498.15,3.611,0.0,-0.0010329999999999905,-0.0010329999999999905
2020-01-27,0.0,512.06,6.229,3.611,498.15,3.611,0.0,-0.0032427402319902014,-0.0032427402319902014
2020-01-27,0.032156269,512.06,6.229,3.611,498.15,3.611,0.0,-0.00032192857142856844,-0.00032192857142856844
2020-01-27,0.076842287,512.06,6.229,3.611,498.15,3.611,0.0,0.0012855000000000117,0.0012855000000000117
2020-01-27,0.267022558,512.06,6.229,3.611,498.15,3.611,0.0,0.0,0.0
2020-01-27,0.0,512.06,6.229,3.611,498.15,3.611,0.0,-0.0032427402319902014,-0.0032427402319902014
2020-01-27,0.0,512.06,6.229,3.611,498.15,3.611,0.0,-0.0032427402319902014,-0.0032427402319902014
2020-01-27,0.0,512.06,6.229,3.611,498.15,3.611,0.0,-0.0032427402319902014,-0.0032427402319902014
2020-01-27,0.0,512.06,6.229,3.611,498.15,3.611,0.0,-0.0032427402319902014,-0.0032427402319902014
2020-01-27,0.0,512.06,6.229,3.611,498.15,3.611,0.0,-0.0032427402319902014,-0.0032427402319902014
2020-01-28,1.957022578,512.06,6.229,3.589,497.98,3.611,-0.02200000000000024,-0.01364000000000015,0.008360000000000091
2020-01-28,1.446660375,512.06,6.229,3.589,497.98,3.589,0.0,-0.00033000000000000363,-0.00033000000000000363
2020-01-28,1.682252088,512.06,6.229,3.589,497.98,3.589,0.0,-0.0006050000000000067,-0.0006050000000000067
2020-01-28,2.897928857,512.06,6.229,3.589,497.98,3.589,0.0,-0.00033000000000000363,-0.00033000000000000363
2020-01-28,3.906999596,512.06,6.229,3.589,497.98,3.589,0.0,0.0,0.0
2020-01-28,1.556029404,512.06,6.229,3.589,497.98,3.589,0.0,-0.00033000000000000363,-0.00033000000000000363
2020-01-28,1.967113332,512.06,6.229,3.589,497.98,3.589,0.0,-0.0045100000000000496,-0.0045100000000000496
2020-01-28,4.370682072,512.06,6.229,3.589,497.98,3.589,0.0,0.0,0.0
2020-01-28,0.948222179,512.06,6.229,3.589,497.98,3.589,0.0,-0.00021190000000000708,-0.00021190000000000708
2020-01-28,3.53013357,512.06,6.229,3.589,497.98,3.589,0.0,0.001149,0.001149
2020-01-28,3.260831268,512.06,6.229,3.589,497.98,3.589,0.0,0.0005092999999999992,0.0005092999999999992
2020-01-29,15.27585063,512.06,6.229,3.569,497.82,3.589,-0.020000000000000018,-0.009157750000000011,0.010842250000000006
2020-01-29,13.09070237,512.06,6.229,3.569,497.82,3.569,0.0,-0.0010000000000000009,-0.0010000000000000009
2020-01-29,17.83978486,512.06,6.229,3.569,497.82,3.569,0.0,0.0008879999999999999,0.0008879999999999999
2020-01-29,19.41624757,512.06,6.229,3.569,497.82,3.569,0.0,0.00031739999999999877,0.00031739999999999877
2020-01-29,24.98265265,512.06,6.229,3.569,497.82,3.569,0.0,0.0001407999999999987,0.0001407999999999987
2020-01-29,30.00544405,512.06,6.229,3.569,497.82,3.569,0.0,0.0029620500000000073,0.0029620500000000073
2020-01-29,24.45309003,512.06,6.229,3.569,497.82,3.569,0.0,0.003712699999999969,0.003712699999999969
2020-01-29,17.59563573,512.06,6.229,3.569,497.82,3.569,0.0,0.0012762000000000008,0.0012762000000000008
2020-01-29,29.29066422,512.06,6.229,3.569,497.82,3.569,0.0,0.0004557000000000011,0.0004557000000000011
2020-01-29,22.28556659,512.06,6.229,3.569,497.82,3.569,0.0,-4.000000000000004e-05,-4.000000000000004e-05
2020-01-29,16.58807617,512.06,6.229,3.569,497.82,3.569,0.0,9.014999999999996e-05,9.014999999999996e-05
2020-01-30,0.605331602,512.06,6.229,3.55,497.67,3.569,-0.019000000000000128,-0.012935000000000087,0.006065000000000041
2020-01-30,1.329997651,512.06,6.229,3.55,497.67,3.55,0.0,-0.00020500000000000184,-0.00020500000000000184
2020-01-30,0.056831889,512.06,6.229,3.55,497.67,3.55,0.0,-0.00043999999999999595,-0.00043999999999999595
2020-01-30,0.356595762,512.06,6.229,3.55,497.67,3.55,0.0,0.0,0.0
2020-01-30,2.567293802,512.06,6.229,3.55,497.67,3.55,0.0,-0.0006500000000000062,-0.0006500000000000062
2020-01-30,1.515492802,512.06,6.229,3.55,497.67,3.55,0.0,-0.00020500000000000184,-0.00020500000000000184
2020-01-30,0.498148079,512.06,6.229,3.55,497.67,3.55,0.0,-0.001713550000000007,-0.001713550000000007
2020-01-30,0.444145221,512.06,6.229,3.55,497.67,3.55,0.0,-0.004574499999999981,-0.004574499999999981
2020-01-30,0.178158912,512.06,6.229,3.55,497.67,3.55,0.0,0.0,0.0
2020-01-30,0.608342952,512.06,6.229,3.55,497.67,3.55,0.0,-0.00438500000000003,-0.00438500000000003
2020-01-30,1.335723658,512.06,6.229,3.55,497.67,3.55,0.0,-0.00020500000000000184,-0.00020500000000000184
2020-01-31,0.0,512.06,6.229,3.52822,497.5,3.55,-0.02177999999999969,-0.0024421201502908513,0.019337879849708837
2020-01-31,0.0,512.06,6.229,3.52822,497.5,3.52822,0.0,-0.0024421201502908513,-0.0024421201502908513
2020-01-31,0.222985756,512.06,6.229,3.52822,497.5,3.52822,0.0,0.00021068749999999872,0.00021068749999999872
2020-01-31,0.0,512.06,6.229,3.52822,497.5,3.52822,0.0,-0.0024421201502908513,-0.0024421201502908513
2020-01-31,0.0,512.06,6.229,3.52822,497.5,3.52822,0.0,-0.0024421201502908513,-0.0024421201502908513
2020-01-31,0.0,512.06,6.229,3.52822,497.5,3.52822,0.0,-0.0024421201502908513,-0.0024421201502908513
2020-01-31,0.165840724,512.06,6.229,3.52822,497.5,3.52822,0.0,0.0001913375000000022,0.0001913375000000022
2020-01-31,0.0,512.06,6.229,3.52822,497.5,3.52822,0.0,-0.0024421201502908513,-0.0024421201502908513
2020-01-31,0.0,512.06,6.229,3.52822,497.5,3.52822,0.0,-0.0024421201502908513,-0.0024421201502908513
2020-01-31,0.0,512.06,6.229,3.52822,497.5,3.52822,0.0,-0.0024421201502908513,-0.0024421201502908513
2020-01-31,0.0,512.06,6.229,3.52822,497.5,3.52822,0.0,-0.0024421201502908513,-0.0024421201502908513
2020-02-01,0.0,512.06,6.229,3.50485,497.32,3.52822,-0.023370000000000335,-0.0006196831230874832,0.02275031687691285
2020-02-01,0.0,512.06,6.229,3.50485,497.32,3.50485,0.0,-0.0006196831230874832,-0.0006196831230874832
2020-02-01,1.333586872,512.06,6.229,3.50485,497.32,3.50485,0.0,0.0,0.0
2020-02-01,0.00116042,512.06,6.229,3.50485,497.32,3.50485,0.0,0.02453307303855629,0.02453307303855629
2020-02-01,0.0,512.06,6.229,3.50485,497.32,3.50485,0.0,-0.0006196831230874832,-0.0006196831230874832
2020-02-01,0.50690504,512.06,6.229,3.50485,497.32,3.50485,0.0,-0.0013942000000000032,-0.0013942000000000032
2020-02-01,1.739665514,512.06,6.229,3.50485,497.32,3.50485,0.0,0.0,0.0
2020-02-01,1.226985906,512.06,6.229,3.50485,497.32,3.50485,0.0,2.2999999999973043e-06,2.2999999999973043e-06
2020-02-01,3.74959431,512.06,6.229,3.50485,497.32,3.50485,0.0,-0.00010000000000000009,-0.00010000000000000009
2020-02-01,0.127294566,512.06,6.229,3.50485,497.32,3.50485,0.0,-0.0015199999999999925,-0.0015199999999999925
2020-02-01,0.0,512.06,6.229,3.50485,497.32,3.50485,0.0,-0.0006196831230874832,-0.0006196831230874832
2020-02-02,0.344227759,512.06,6.229,3.50485,497.32,3.50485,0.0,0.0,0.0
2020-02-02,1.304314857,512.06,6.229,3.50485,497.32,3.50485,0.0,0.0,0.0
2020-02-02,0.046896046,512.06,6.229,3.50485,497.32,3.50485,0.0,-0.000332921249999997,-0.000332921249999997
2020-02-02,0.352652802,512.06,6.229,3.50485,497.32,3.50485,0.0,0.0,0.0
2020-02-02,1.149225194,512.06,6.229,3.50485,497.32,3.50485,0.0,-0.004728500000000007,-0.004728500000000007
2020-02-02,0.012196416,512.06,6.229,3.50485,497.32,3.50485,0.0,-0.0002766670833333336,-0.0002766670833333336
2020-02-02,0.702576544,512.06,6.229,3.50485,497.32,3.50485,0.0,0.0,0.0
2020-02-02,0.000133939,512.06,6.229,3.50485,497.32,3.50485,0.0,0.016658268572896894,0.016658268572896894
2020-02-02,0.203765349,512.06,6.229,3.50485,497.32,3.50485,0.0,0.0,0.0
2020-02-02,0.0,512.06,6.229,3.50485,497.32,3.50485,0.0,-0.0006196831230874832,-0.0006196831230874832
2020-02-02,0.701252889,512.06,6.229,3.50485,497.32,3.50485,0.0,0.0,0.0
2020-02-03,0.0,512.06,6.229,3.50485,497.32,3.50485,0.0,-0.0006196831230874832,-0.0006196831230874832
2020-02-03,0.0,512.06,6.229,3.50485,497.32,3.50485,0.0,-0.0006196831230874832,-0.0006196831230874832
2020-02-03,0.0,512.06,6.229,3.50485,497.32,3.50485,0.0,-0.0006196831230874832,-0.0006196831230874832
2020-02-03,0.0,512.06,6.229,3.50485,497.32,3.50485,0.0,-0.0006196831230874832,-0.0006196831230874832
2020-02-03,0.0,512.06,6.229,3.50485,497.32,3.50485,0.0,-0.0006196831230874832,-0.0006196831230874832
2020-02-03,0.0,512.06,6.229,3.50485,497.32,3.50485,0.0,-0.0006196831230874832,-0.0006196831230874832
2020-02-03,0.0,512.06,6.229,3.50485,497.32,3.50485,0.0,-0.0006196831230874832,-0.0006196831230874832
2020-02-03,0.0,512.06,6.229,3.50485,497.32,3.50485,0.0,-0.0006196831230874832,-0.0006196831230874832
2020-02-03,0.0,512.06,6.229,3.50485,497.32,3.50485,0.0,-0.0006196831230874832,-0.0006196831230874832
2020-02-03,0.0,512.06,6.229,3.50485,497.32,3.50485,0.0,-0.0006196831230874832,-0.0006196831230874832
2020-02-03,0.0,512.06,6.229,3.50485,497.32,3.50485,0.0,-0.0006196831230874832,-0.0006196831230874832
2020-02-04,0.0,512.06,6.229,3.50485,497.32,3.50485,0.0,-0.0006196831230874832,-0.0006196831230874832
2020-02-04,0.0,512.06,6.229,3.50485,497.32,3.50485,0.0,-0.0006196831230874832,-0.0006196831230874832
2020-02-04,0.0,512.06,6.229,3.50485,497.32,3.50485,0.0,-0.0006196831230874832,-0.0006196831230874832
2020-02-04,0.0,512.06,6.229,3.50485,497.32,3.50485,0.0,-0.0006196831230874832,-0.0006196831230874832
2020-02-04,0.0,512.06,6.229,3.50485,497.32,3.50485,0.0,-0.0006196831230874832,-0.0006196831230874832
2020-02-04,0.0,512.06,6.229,3.50485,497.32,3.50485,0.0,-0.0006196831230874832,-0.0006196831230874832
2020-02-04,0.0,512.06,6.229,3.50485,497.32,3.50485,0.0,-0.0006196831230874832,-0.0006196831230874832
2020-02-04,0.0,512.06,6.229,3.50485,497.32,3.50485,0.0,-0.0006196831230874832,-0.0006196831230874832
2020-02-04,0.0,512.06,6.229,3.50485,497.32,3.50485,0.0,-0.0006196831230874832,-0.0006196831230874832
2020-02-04,0.0,512.06,6.229,3.50485,497.32,3.50485,0.0,-0.0006196831230874832,-0.0006196831230874832
2020-02-04,0.0,512.06,6.229,3.50485,497.32,3.50485,0.0,-0.0006196831230874832,-0.0006196831230874832
2020-02-05,0.0,512.06,6.229,3.50485,497.32,3.50485,0.0,-0.0006196831230874832,-0.0006196831230874832
2020-02-05,0.0,512.06,6.229,3.50485,497.32,3.50485,0.0,-0.0006196831230874832,-0.0006196831230874832
2020-02-05,0.0,512.06,6.229,3.50485,497.32,3.50485,0.0,-0.0006196831230874832,-0.0006196831230874832
2020-02-05,0.0,512.06,6.229,3.50485,497.32,3.50485,0.0,-0.0006196831230874832,-0.0006196831230874832
2020-02-05,0.0,512.06,6.229,3.50485,497.32,3.50485,0.0,-0.0006196831230874832,-0.0006196831230874832
2020-02-05,0.0,512.06,6.229,3.50485,497.32,3.50485,0.0,-0.0006196831230874832,-0.0006196831230874832
2020-02-05,0.0,512.06,6.229,3.50485,497.32,3.50485,0.0,-0.0006196831230874832,-0.0006196831230874832
2020-02-05,0.0,512.06,6.229,3.50485,497.32,3.50485,0.0,-0.0006196831230874832,-0.0006196831230874832
2020-02-05,0.0,512.06,6.229,3.50485,497.32,3.50485,0.0,-0.0006196831230874832,-0.0006196831230874832
2020-02-05,0.0,512.06,6.229,3.50485,497.32,3.50485,0.0,-0.0006196831230874832,-0.0006196831230874832
2020-02-05,0.0,512.06,6.229,3.50485,497.32,3.50485,0.0,-0.0006196831230874832,-0.0006196831230874832
2020-02-06,0.0,512.06,6.229,3.37048,496.27,3.50485,-0.13436999999999966,-0.01466540156813771,0.11970459843186194
2020-02-06,0.0,512.06,6.229,3.37048,496.27,3.37048,0.0,-0.01466540156813771,-0.01466540156813771
2020-02-06,0.0,512.06,6.229,3.37048,496.27,3.37048,0.0,-0.01466540156813771,-0.01466540156813771
2020-02-06,0.0,512.06,6.229,3.37048,496.27,3.37048,0.0,-0.01466540156813771,-0.01466540156813771
2020-02-06,0.0,512.06,6.229,3.37048,496.27,3.37048,0.0,-0.01466540156813771,-0.01466540156813771
2020-02-06,0.0,512.06,6.229,3.37048,496.27,3.37048,0.0,-0.01466540156813771,-0.01466540156813771
2020-02-06,0.0,512.06,6.229,3.37048,496.27,3.37048,0.0,-0.01466540156813771,-0.01466540156813771
2020-02-06,0.0,512.06,6.229,3.37048,496.27,3.37048,0.0,-0.01466540156813771,-0.01466540156813771
2020-02-06,0.0,512.06,6.229,3.37048,496.27,3.37048,0.0,-0.01466540156813771,-0.01466540156813771
2020-02-06,0.0,512.06,6.229,3.37048,496.27,3.37048,0.0,-0.01466540156813771,-0.01466540156813771
2020-02-06,0.0,512.06,6.229,3.37048,496.27,3.37048,0.0,-0.01466540156813771,-0.01466540156813771
2020-02-07,0.469078718,512.06,6.229,3.338,496.01,3.37048,-0.032480000000000064,-0.02042760000000004,0.012052400000000026
2020-02-07,1.242034143,512.06,6.229,3.338,496.01,3.338,0.0,4.599999999994609e-06,4.599999999994609e-06
2020-02-07,0.0,512.06,6.229,3.338,496.01,3.338,0.0,8.372500000000004e-05,8.372500000000004e-05
2020-02-07,0.59991175,512.06,6.229,3.338,496.01,3.338,0.0,-0.00547280000000002,-0.00547280000000002
2020-02-07,0.904377932,512.06,6.229,3.338,496.01,3.338,0.0,-0.00044039999999999856,-0.00044039999999999856
2020-02-07,0.109506489,512.06,6.229,3.338,496.01,3.338,0.0,-0.00016240000000000032,-0.00016240000000000032
2020-02-07,0.41851561,512.06,6.229,3.338,496.01,3.338,0.0,-0.004596000000000006,-0.004596000000000006
2020-02-07,0.0,512.06,6.229,3.338,496.01,3.338,0.0,8.372500000000004e-05,8.372500000000004e-05
2020-02-07,0.0,512.06,6.229,3.338,496.01,3.338,0.0,8.372500000000004e-05,8.372500000000004e-05
2020-02-07,0.0,512.06,6.229,3.338,496.01,3.338,0.0,8.372500000000004e-05,8.372500000000004e-05
2020-02-07,0.029706162,512.06,6.229,3.338,496.01,3.338,0.0,-0.00016240000000000032,-0.00016240000000000032
2020-02-08,0.0,512.06,6.229,3.305,495.76,3.338,-0.03299999999999992,-0.0060807916666666476,0.02691920833333327
2020-02-08,0.120061012,512.06,6.229,3.305,495.76,3.305,0.0,0.0,0.0
2020-02-08,0.0,512.06,6.229,3.305,495.76,3.305,0.0,-0.0060807916666666476,-0.0060807916666666476
2020-02-08,0.003013543,512.06,6.229,3.305,495.76,3.305,0.0,-9.462857142857083e-05,-9.462857142857083e-05
2020-02-08,0.138974079,512.06,6.229,3.305,495.76,3.305,0.0,0.0,0.0
2020-02-08,0.031000104,512.06,6.229,3.305,495.76,3.305,0.0,-0.00010724999999999975,-0.00010724999999999975
2020-02-08,0.0,512.06,6.229,3.305,495.76,3.305,0.0,-0.0060807916666666476,-0.0060807916666666476
2020-02-08,0.0,512.06,6.229,3.305,495.76,3.305,0.0,-0.0060807916666666476,-0.0060807916666666476
2020-02-08,0.19758939,512.06,6.229,3.305,495.76,3.305,0.0,0.0012622500000000004,0.0012622500000000004
2020-02-08,0.0,512.06,6.229,3.305,495.76,3.305,0.0,-0.0060807916666666476,-0.0060807916666666476
2020-02-08,0.007911239,512.06,6.229,3.305,495.76,3.305,0.0,-0.00023689285714285655,-0.00023689285714285655
2020-02-09,0.0,512.06,6.229,3.273,495.5,3.305,-0.03200000000000003,-0.0028721357981543773,0.02912786420184565
2020-02-09,0.0,512.06,6.229,3.273,495.5,3.273,0.0,-0.0028721357981543773,-0.0028721357981543773
2020-02-09,0.0,512.06,6.229,3.273,495.5,3.273,0.0,-0.0028721357981543773,-0.0028721357981543773
2020-02-09,0.0,512.06,6.229,3.273,495.5,3.273,0.0,-0.0028721357981543773,-0.0028721357981543773
2020-02-09,0.0,512.06,6.229,3.273,495.5,3.273,0.0,-0.0028721357981543773,-0.0028721357981543773
2020-02-09,0.0,512.06,6.229,3.273,495.5,3.273,0.0,-0.0028721357981543773,-0.0028721357981543773
2020-02-09,0.0,512.06,6.229,3.273,495.5,3.273,0.0,-0.0028721357981543773,-0.0028721357981543773
2020-02-09,0.0,512.06,6.229,3.273,495.5,3.273,0.0,-0.0028721357981543773,-0.0028721357981543773
2020-02-09,0.0,512.06,6.229,3.273,495.5,3.273,0.0,-0.0028721357981543773,-0.0028721357981543773
2020-02-09,0.0,512.06,6.229,3.273,495.5,3.273,0.0,-0.0028721357981543773,-0.0028721357981543773
2020-02-09,0.0,512.06,6.229,3.273,495.5,3.273,0.0,-0.0028721357981543773,-0.0028721357981543773
2020-02-10,0.0,512.06,6.229,3.273,495.25,3.273,0.0,0.0,0.0
2020-02-10,0.0,512.06,6.229,3.273,495.25,3.273,0.0,0.0,0.0
2020-02-10,0.0,512.06,6.229,3.273,495.25,3.273,0.0,0.0,0.0
2020-02-10,0.0,512.06,6.229,3.273,495.25,3.273,0.0,0.0,0.0
2020-02-10,0.0,512.06,6.229,3.273,495.25,3.273,0.0,0.0,0.0
2020-02-10,0.0,512.06,6.229,3.273,495.25,3.273,0.0,0.0,0.0
2020-02-10,0.0,512.06,6.229,3.273,495.25,3.273,0.0,0.0,0.0
2020-02-10,0.0,512.06,6.229,3.273,495.25,3.273,0.0,0.0,0.0
2020-02-10,0.0,512.06,6.229,3.273,495.25,3.273,0.0,0.0,0.0
2020-02-10,0.0,512.06,6.229,3.273,495.25,3.273,0.0,0.0,0.0
2020-02-10,0.0,512.06,6.229,3.273,495.25,3.273,0.0,0.0,0.0
2020-02-11,0.0,512.06,6.229,3.206,494.98,3.273,-0.06700000000000017,-0.005264494226228351,0.06173550577377182
2020-02-11,0.0,512.06,6.229,3.206,494.98,3.206,0.0,-0.005264494226228351,-0.005264494226228351
2020-02-11,0.0,512.06,6.229,3.206,494.98,3.206,0.0,-0.005264494226228351,-0.005264494226228351
2020-02-11,0.0,512.06,6.229,3.206,494.98,3.206,0.0,-0.005264494226228351,-0.005264494226228351
2020-02-11,0.0,512.06,6.229,3.206,494.98,3.206,0.0,-0.005264494226228351,-0.005264494226228351
2020-02-11,0.0,512.06,6.229,3.206,494.98,3.206,0.0,-0.005264494226228351,-0.005264494226228351
2020-02-11,0.0,512.06,6.229,3.206,494.98,3.206,0.0,-0.005264494226228351,-0.005264494226228351
2020-02-11,0.0,512.06,6.229,3.206,494.98,3.206,0.0,-0.005264494226228351,-0.005264494226228351
2020-02-11,0.0,512.06,6.229,3.206,494.98,3.206,0.0,-0.005264494226228351,-0.005264494226228351
2020-02-11,0.0,512.06,6.229,3.206,494.98,3.206,0.0,-0.005264494226228351,-0.005264494226228351
2020-02-11,0.0,512.06,6.229,3.206,494.98,3.206,0.0,-0.005264494226228351,-0.005264494226228351
2020-02-12,0.407185232,512.06,6.229,3.17,494.7,3.206,-0.03600000000000003,-0.021171500000000006,0.014828500000000026
2020-02-12,0.0,512.06,6.229,3.17,494.7,3.17,0.0,0.0,0.0
2020-02-12,0.0,512.06,6.229,3.17,494.7,3.17,0.0,0.0,0.0
2020-02-12,2.678996516,512.06,6.229,3.17,494.7,3.17,0.0,-0.0016200000000000014,-0.0016200000000000014
2020-02-12,0.0,512.06,6.229,3.17,494.7,3.17,0.0,0.0,0.0
2020-02-12,0.0,512.06,6.229,3.17,494.7,3.17,0.0,0.0,0.0
2020-02-12,0.82654407,512.06,6.229,3.17,494.7,3.17,0.0,-0.0039600000000000034,-0.0039600000000000034
2020-02-12,0.32156269,512.06,6.229,3.17,494.7,3.17,0.0,-0.004791500000000007,-0.004791500000000007
2020-02-12,0.0,512.06,6.229,3.17,494.7,3.17,0.0,0.0,0.0
2020-02-12,0.0,512.06,6.229,3.17,494.7,3.17,0.0,0.0,0.0
2020-02-12,0.0,512.06,6.229,3.17,494.7,3.17,0.0,0.0,0.0
2020-02-13,0.0,512.06,6.229,3.133,494.41,3.17,-0.03699999999999992,-0.005906244103119087,0.031093755896880834
2020-02-13,0.689209407,512.06,6.229,3.133,494.41,3.133,0.0,-0.0010800000000000009,-0.0010800000000000009
2020-02-13,0.0,512.06,6.229,3.133,494.41,3.133,0.0,-0.005906244103119087,-0.005906244103119087
2020-02-13,2.036037379,512.06,6.229,3.133,494.41,3.133,0.0,-0.0005400000000000004,-0.0005400000000000004
2020-02-13,0.244387634,512.06,6.229,3.133,494.41,3.133,0.0,0.003367499999999972,0.003367499999999972
2020-02-13,0.0,512.06,6.229,3.133,494.41,3.133,0.0,-0.005906244103119087,-0.005906244103119087
2020-02-13,0.0,512.06,6.229,3.133,494.41,3.133,0.0,-0.005906244103119087,-0.005906244103119087
2020-02-13,0.309460776,512.06,6.229,3.133,494.41,3.133,0.0,-0.00047150000000000246,-0.00047150000000000246
2020-02-13,0.0,512.06,6.229,3.133,494.41,3.133,0.0,-0.005906244103119087,-0.005906244103119087
2020-02-13,0.0,512.06,6.229,3.133,494.41,3.133,0.0,-0.005906244103119087,-0.005906244103119087
2020-02-13,0.0,512.06,6.229,3.133,494.41,3.133,0.0,-0.005906244103119087,-0.005906244103119087
2020-02-14,0.0,512.06,6.229,3.09707,494.13,3.133,-0.03593000000000002,-0.0032459748234279946,0.032684025176572026
2020-02-14,0.0,512.06,6.229,3.09707,494.13,3.09707,0.0,-0.0032459748234279946,-0.0032459748234279946
2020-02-14,0.0,512.06,6.229,3.09707,494.13,3.09707,0.0,-0.0032459748234279946,-0.0032459748234279946
2020-02-14,0.0,512.06,6.229,3.09707,494.13,3.09707,0.0,-0.0032459748234279946,-0.0032459748234279946
2020-02-14,0.0,512.06,6.229,3.09707,494.13,3.09707,0.0,-0.0032459748234279946,-0.0032459748234279946
2020-02-14,0.0,512.06,6.229,3.09707,494.13,3.09707,0.0,-0.0032459748234279946,-0.0032459748234279946
2020-02-14,0.0,512.06,6.229,3.09707,494.13,3.09707,0.0,-0.0032459748234279946,-0.0032459748234279946
2020-02-14,0.0,512.06,6.229,3.09707,494.13,3.09707,0.0,-0.0032459748234279946,-0.0032459748234279946
2020-02-14,0.0,512.06,6.229,3.09707,494.13,3.09707,0.0,-0.0032459748234279946,-0.0032459748234279946
2020-02-14,0.0,512.06,6.229,3.09707,494.13,3.09707,0.0,-0.0032459748234279946,-0.0032459748234279946
2020-02-14,0.0,512.06,6.229,3.09707,494.13,3.09707,0.0,-0.0032459748234279946,-0.0032459748234279946
2020-02-15,0.0,512.06,6.229,3.0628,493.86,3.09707,-0.0342699999999998,-0.0032281024814332336,0.031041897518566567
2020-02-15,0.0,512.06,6.229,3.0628,493.86,3.0628,0.0,-0.0032281024814332336,-0.0032281024814332336
2020-02-15,0.0,512.06,6.229,3.0628,493.86,3.0628,0.0,-0.0032281024814332336,-0.0032281024814332336
2020-02-15,0.0,512.06,6.229,3.0628,493.86,3.0628,0.0,-0.0032281024814332336,-0.0032281024814332336
2020-02-15,0.0,512.06,6.229,3.0628,493.86,3.0628,0.0,-0.0032281024814332336,-0.0032281024814332336
2020-02-15,0.0,512.06,6.229,3.0628,493.86,3.0628,0.0,-0.0032281024814332336,-0.0032281024814332336
2020-02-15,0.0,512.06,6.229,3.0628,493.86,3.0628,0.0,-0.0032281024814332336,-0.0032281024814332336
2020-02-15,0.0,512.06,6.229,3.0628,493.86,3.0628,0.0,-0.0032281024814332336,-0.0032281024814332336
2020-02-15,0.0,512.06,6.229,3.0628,493.86,3.0628,0.0,-0.0032281024814332336,-0.0032281024814332336
2020-02-15,0.0,512.06,6.229,3.0628,493.86,3.0628,0.0,-0.0032281024814332336,-0.0032281024814332336
2020-02-15,0.0,512.06,6.229,3.0628,493.86,3.0628,0.0,-0.0032281024814332336,-0.0032281024814332336
2020-02-16,0.0,512.06,6.229,3.03622,493.64,3.0628,-0.026580000000000048,-0.002389244589181463,0.024190755410818585
2020-02-16,0.0,512.06,6.229,3.03622,493.64,3.03622,0.0,-0.002389244589181463,-0.002389244589181463
2020-02-16,0.0,512.06,6.229,3.03622,493.64,3.03622,0.0,-0.002389244589181463,-0.002389244589181463
2020-02-16,0.0,512.06,6.229,3.03622,493.64,3.03622,0.0,-0.002389244589181463,-0.002389244589181463
2020-02-16,0.0,512.06,6.229,3.03622,493.64,3.03622,0.0,-0.002389244589181463,-0.002389244589181463
2020-02-16,0.0,512.06,6.229,3.03622,493.64,3.03622,0.0,-0.002389244589181463,-0.002389244589181463
2020-02-16,0.0,512.06,6.229,3.03622,493.64,3.03622,0.0,-0.002389244589181463,-0.002389244589181463
2020-02-16,0.0,512.06,6.229,3.03622,493.64,3.03622,0.0,-0.002389244589181463,-0.002389244589181463
2020-02-16,0.0,512.06,6.229,3.03622,493.64,3.03622,0.0,-0.002389244589181463,-0.002389244589181463
2020-02-16,0.0,512.06,6.229,3.03622,493.64,3.03622,0.0,-0.002389244589181463,-0.002389244589181463
2020-02-16,0.0,512.06,6.229,3.03622,493.64,3.03622,0.0,-0.002389244589181463,-0.002389244589181463
2020-02-17,0.0,512.06,6.229,3.00794,493.38,3.03622,-0.028280000000000083,-0.002928677966392921,0.02535132203360716
2020-02-17,0.0,512.06,6.229,3.00794,493.38,3.00794,0.0,-0.002928677966392921,-0.002928677966392921
2020-02-17,0.0,512.06,6.229,3.00794,493.38,3.00794,0.0,-0.002928677966392921,-0.002928677966392921
2020-02-17,0.0,512.06,6.229,3.00794,493.38,3.00794,0.0,-0.002928677966392921,-0.002928677966392921
2020-02-17,0.0,512.06,6.229,3.00794,493.38,3.00794,0.0,-0.002928677966392921,-0.002928677966392921
2020-02-17,0.0,512.06,6.229,3.00794,493.38,3.00794,0.0,-0.002928677966392921,-0.002928677966392921
2020-02-17,0.0,512.06,6.229,3.00794,493.38,3.00794,0.0,-0.002928677966392921,-0.002928677966392921
2020-02-17,0.0,512.06,6.229,3.00794,493.38,3.00794,0.0,-0.002928677966392921,-0.002928677966392921
2020-02-17,0.0,512.06,6.229,3.00794,493.38,3.00794,0.0,-0.002928677966392921,-0.002928677966392921
2020-02-17,0.0,512.06,6.229,3.00794,493.38,3.00794,0.0,-0.002928677966392921,-0.002928677966392921
2020-02-17,0.0,512.06,6.229,3.00794,493.38,3.00794,0.0,-0.002928677966392921,-0.002928677966392921
2020-02-18,0.0,512.06,6.229,2.97898,493.12,3.00794,-0.028960000000000097,-0.0027333419332026838,0.026226658066797415
2020-02-18,0.0,512.06,6.229,2.97898,493.12,2.97898,0.0,-0.0027333419332026838,-0.0027333419332026838
2020-02-18,0.0,512.06,6.229,2.97898,493.12,2.97898,0.0,-0.0027333419332026838,-0.0027333419332026838
2020-02-18,0.0,512.06,6.229,2.97898,493.12,2.97898,0.0,-0.0027333419332026838,-0.0027333419332026838
2020-02-18,0.0,512.06,6.229,2.97898,493.12,2.97898,0.0,-0.0027333419332026838,-0.0027333419332026838
2020-02-18,0.0,512.06,6.229,2.97898,493.12,2.97898,0.0,-0.0027333419332026838,-0.0027333419332026838
2020-02-18,0.0,512.06,6.229,2.97898,493.12,2.97898,0.0,-0.0027333419332026838,-0.0027333419332026838
2020-02-18,0.0,512.06,6.229,2.97898,493.12,2.97898,0.0,-0.0027333419332026838,-0.0027333419332026838
2020-02-18,0.0,512.06,6.229,2.97898,493.12,2.97898,0.0,-0.0027333419332026838,-0.0027333419332026838
2020-02-18,0.0,512.06,6.229,2.97898,493.12,2.97898,0.0,-0.0027333419332026838,-0.0027333419332026838
2020-02-18,0.0,512.06,6.229,2.97898,493.12,2.97898,0.0,-0.0027333419332026838,-0.0027333419332026838
2020-02-19,0.0,512.06,6.229,2.95138,492.88,2.97898,-0.02760000000000007,-0.0016594421755524676,0.0259405578244476
2020-02-19,0.0,512.06,6.229,2.95138,492.88,2.95138,0.0,-0.0016594421755524676,-0.0016594421755524676
2020-02-19,0.0,512.06,6.229,2.95138,492.88,2.95138,0.0,-0.0016594421755524676,-0.0016594421755524676
2020-02-19,0.0,512.06,6.229,2.95138,492.88,2.95138,0.0,-0.0016594421755524676,-0.0016594421755524676
2020-02-19,0.0,512.06,6.229,2.95138,492.88,2.95138,0.0,-0.0016594421755524676,-0.0016594421755524676
2020-02-19,0.0,512.06,6.229,2.95138,492.88,2.95138,0.0,-0.0016594421755524676,-0.0016594421755524676
2020-02-19,0.0,512.06,6.229,2.95138,492.88,2.95138,0.0,-0.0016594421755524676,-0.0016594421755524676
2020-02-19,0.0,512.06,6.229,2.95138,492.88,2.95138,0.0,-0.0016594421755524676,-0.0016594421755524676
2020-02-19,0.0,512.06,6.229,2.95138,492.88,2.95138,0.0,-0.0016594421755524676,-0.0016594421755524676
2020-02-19,0.0,512.06,6.229,2.95138,492.88,2.95138,0.0,-0.0016594421755524676,-0.0016594421755524676
2020-02-19,0.0,512.06,6.229,2.95138,492.88,2.95138,0.0,-0.0016594421755524676,-0.0016594421755524676
2020-02-20,0.016168509,512.06,6.229,2.95138,492.88,2.95138,0.0,-2.6800000000007187e-05,-2.6800000000007187e-05
2020-02-20,0.0,512.06,6.229,2.95138,492.88,2.95138,0.0,-0.0016594421755524676,-0.0016594421755524676
2020-02-20,0.016748205,512.06,6.229,2.95138,492.88,2.95138,0.0,-2.3000000000000058e-05,-2.3000000000000058e-05
2020-02-20,0.0,512.06,6.229,2.95138,492.88,2.95138,0.0,-0.0016594421755524676,-0.0016594421755524676
2020-02-20,0.0,512.06,6.229,2.95138,492.88,2.95138,0.0,-0.0016594421755524676,-0.0016594421755524676
2020-02-20,0.0,512.06,6.229,2.95138,492.88,2.95138,0.0,-0.0016594421755524676,-0.0016594421755524676
2020-02-20,0.037632245,512.06,6.229,2.95138,492.88,2.95138,0.0,0.0,0.0
2020-02-20,0.0,512.06,6.229,2.95138,492.88,2.95138,0.0,-0.0016594421755524676,-0.0016594421755524676
2020-02-20,0.0,512.06,6.229,2.95138,492.88,2.95138,0.0,-0.0016594421755524676,-0.0016594421755524676
2020-02-20,0.046332496,512.06,6.229,2.95138,492.88,2.95138,0.0,0.0,0.0
2020-02-20,0.097117651,512.06,6.229,2.95138,492.88,2.95138,0.0,0.0010645000000000016,0.0010645000000000016
2020-02-21,15.7972293,512.06,6.229,2.90539,492.47,2.95138,-0.04598999999999975,-0.026298599999999853,0.0196913999999999
2020-02-21,3.835433816,512.06,6.229,2.90539,492.47,2.90539,0.0,-0.0008858500000000036,-0.0008858500000000036
2020-02-21,7.430642129,512.06,6.229,2.90539,492.47,2.90539,0.0,0.0,0.0
2020-02-21,0.003452974,512.06,6.229,2.90539,492.47,2.90539,0.0,5.1585714285714725e-05,5.1585714285714725e-05
2020-02-21,0.290243153,512.06,6.229,2.90539,492.47,2.90539,0.0,-0.00014824999999999867,-0.00014824999999999867
2020-02-21,2.389561719,512.06,6.229,2.90539,492.47,2.90539,0.0,0.00011595000000000022,0.00011595000000000022
2020-02-21,1.336222025,512.06,6.229,2.90539,492.47,2.90539,0.0,0.0,0.0
2020-02-21,0.713891675,512.06,6.229,2.90539,492.47,2.90539,0.0,0.0,0.0
2020-02-21,21.59627099,512.06,6.229,2.90539,492.47,2.90539,0.0,0.00014174999999998051,0.00014174999999998051
2020-02-21,6.021463403,512.06,6.229,2.90539,492.47,2.90539,0.0,0.0,0.0
2020-02-21,7.686949275,512.06,6.229,2.90539,492.47,2.90539,0.0,-0.000967750000000005,-0.000967750000000005
2020-02-22,0.0,512.06,6.229,2.88086,492.25,2.90539,-0.02452999999999994,-0.005100903888888874,0.019429096111111065
2020-02-22,0.118729903,512.06,6.229,2.88086,492.25,2.88086,0.0,-3.085499999999919e-05,-3.085499999999919e-05
2020-02-22,2.465879728,512.06,6.229,2.88086,492.25,2.88086,0.0,0.0,0.0
2020-02-22,0.0,512.06,6.229,2.88086,492.25,2.88086,0.0,-0.005100903888888874,-0.005100903888888874
2020-02-22,0.0,512.06,6.229,2.88086,492.25,2.88086,0.0,-0.005100903888888874,-0.005100903888888874
2020-02-22,1.38487941,512.06,6.229,2.88086,492.25,2.88086,0.0,-6.132499999999985e-05,-6.132499999999985e-05
2020-02-22,0.0,512.06,6.229,2.88086,492.25,2.88086,0.0,-0.005100903888888874,-0.005100903888888874
2020-02-22,0.671494147,512.06,6.229,2.88086,492.25,2.88086,0.0,-6.132499999999985e-05,-6.132499999999985e-05
2020-02-22,0.311267963,512.06,6.229,2.88086,492.25,2.88086,0.0,-6.132499999999985e-05,-6.132499999999985e-05
2020-02-22,1.398360301,512.06,6.229,2.88086,492.25,2.88086,0.0,-6.132499999999985e-05,-6.132499999999985e-05
2020-02-22,0.044478238,512.06,6.229,2.88086,492.25,2.88086,0.0,-0.0005099266666666655,-0.0005099266666666655
2020-02-23,0.0,512.06,6.229,2.8536,492.0,2.88086,-0.027260000000000062,-0.0025313513037311048,0.024728648696268958
2020-02-23,0.0,512.06,6.229,2.8536,492.0,2.8536,0.0,-0.0025313513037311048,-0.0025313513037311048
2020-02-23,0.0,512.06,6.229,2.8536,492.0,2.8536,0.0,-0.0025313513037311048,-0.0025313513037311048
2020-02-23,0.0,512.06,6.229,2.8536,492.0,2.8536,0.0,-0.0025313513037311048,-0.0025313513037311048
2020-02-23,0.016259728,512.06,6.229,2.8536,492.0,2.8536,0.0,-0.0002147969386169391,-0.0002147969386169391
2020-02-23,0.0,512.06,6.229,2.8536,492.0,2.8536,0.0,-0.0025313513037311048,-0.0025313513037311048
2020-02-23,0.0,512.06,6.229,2.8536,492.0,2.8536,0.0,-0.0025313513037311048,-0.0025313513037311048
2020-02-23,0.0,512.06,6.229,2.8536,492.0,2.8536,0.0,-0.0025313513037311048,-0.0025313513037311048
2020-02-23,0.0,512.06,6.229,2.8536,492.0,2.8536,0.0,-0.0025313513037311048,-0.0025313513037311048
2020-02-23,0.0,512.06,6.229,2.8536,492.0,2.8536,0.0,-0.0025313513037311048,-0.0025313513037311048
2020-02-23,0.0,512.06,6.229,2.8536,492.0,2.8536,0.0,-0.0025313513037311048,-0.0025313513037311048
2020-02-24,3.524592789,512.06,6.229,2.82498,491.75,2.8536,-0.02862000000000009,-0.01672900000000006,0.01189100000000003
2020-02-24,1.52487194,512.06,6.229,2.82498,491.75,2.82498,0.0,-0.0005724000000000018,-0.0005724000000000018
2020-02-24,7.228096876,512.06,6.229,2.82498,491.75,2.82498,0.0,-0.0002862000000000009,-0.0002862000000000009
2020-02-24,4.587381668,512.06,6.229,2.82498,491.75,2.82498,0.0,-0.0024599500000000085,-0.0024599500000000085
2020-02-24,0.960215554,512.06,6.229,2.82498,491.75,2.82498,0.0,-7.150000000000212e-05,-7.150000000000212e-05
2020-02-24,0.02227551,512.06,6.229,2.82498,491.75,2.82498,0.0,0.0,0.0
2020-02-24,0.0,512.06,6.229,2.82498,491.75,2.82498,0.0,-0.00031630613289488366,-0.00031630613289488366
2020-02-24,0.0,512.06,6.229,2.82498,491.75,2.82498,0.0,-0.00031630613289488366,-0.00031630613289488366
2020-02-24,0.315573293,512.06,6.229,2.82498,491.75,2.82498,0.0,0.0,0.0
2020-02-24,1.537488505,512.06,6.229,2.82498,491.75,2.82498,0.0,-0.0005724000000000018,-0.0005724000000000018
2020-02-24,0.128330872,512.06,6.229,2.82498,491.75,2.82498,0.0,-0.005319999999999974,-0.005319999999999974
2020-02-25,0.0,512.06,6.229,2.79568,491.48,2.82498,-0.029300000000000104,-0.005927335389610409,0.023372664610389695
2020-02-25,0.23509129,512.06,6.229,2.79568,491.48,2.79568,0.0,-0.0052151000000000055,-0.0052151000000000055
2020-02-25,0.0,512.06,6.229,2.79568,491.48,2.79568,0.0,-0.005927335389610409,-0.005927335389610409
2020-02-25,2.539771259,512.06,6.229,2.79568,491.48,2.79568,0.0,0.00026229999999999976,0.00026229999999999976
2020-02-25,0.0,512.06,6.229,2.79568,491.48,2.79568,0.0,-0.005927335389610409,-0.005927335389610409
2020-02-25,0.353330712,512.06,6.229,2.79568,491.48,2.79568,0.0,-0.001778999999999984,-0.001778999999999984
2020-02-25,0.0,512.06,6.229,2.79568,491.48,2.79568,0.0,-0.005927335389610409,-0.005927335389610409
2020-02-25,0.042712259,512.06,6.229,2.79568,491.48,2.79568,0.0,-0.00029195357142857244,-0.00029195357142857244
2020-02-25,0.0,512.06,6.229,2.79568,491.48,2.79568,0.0,-0.005927335389610409,-0.005927335389610409
2020-02-25,4.033480822,512.06,6.229,2.79568,491.48,2.79568,0.0,0.00019249999999999769,0.00019249999999999769
2020-02-25,0.126633563,512.06,6.229,2.79568,491.48,2.79568,0.0,-0.003076624999999985,-0.003076624999999985
2020-02-26,0.300200302,512.06,6.229,2.76603,491.22,2.79568,-0.029649999999999732,-0.01912424999999983,0.010525749999999903
2020-02-26,1.05926007,512.06,6.229,2.76603,491.22,2.76603,0.0,-0.0011859999999999894,-0.0011859999999999894
2020-02-26,4.88e-05,512.06,6.229,2.76603,491.22,2.76603,0.0,0.002098090476190483,0.002098090476190483
2020-02-26,0.096363911,512.06,6.229,2.76603,491.22,2.76603,0.0,0.003406400000000005,0.003406400000000005
2020-02-26,0.160231003,512.06,6.229,2.76603,491.22,2.76603,0.0,-0.00014824999999999867,-0.00014824999999999867
2020-02-26,5.791142337,512.06,6.229,2.76603,491.22,2.76603,0.0,-0.00029649999999999734,-0.00029649999999999734
2020-02-26,0.02422966,512.06,6.229,2.76603,491.22,2.76603,0.0,0.00014200000000000066,0.00014200000000000066
2020-02-26,1.032620152,512.06,6.229,2.76603,491.22,2.76603,0.0,-0.0011859999999999894,-0.0011859999999999894
2020-02-26,3.739344173,512.06,6.229,2.76603,491.22,2.76603,0.0,-0.00018064999999999775,-0.00018064999999999775
2020-02-26,0.194141447,512.06,6.229,2.76603,491.22,2.76603,0.0,0.0001635000000000053,0.0001635000000000053
2020-02-26,0.084016815,512.06,6.229,2.76603,491.22,2.76603,0.0,0.0,0.0
2020-02-27,0.0,512.06,6.229,2.736,490.95,2.76603,-0.03003,-0.0008527487430978946,0.029177251256902105
2020-02-27,0.0,512.06,6.229,2.736,490.95,2.736,0.0,-0.0008527487430978946,-0.0008527487430978946
2020-02-27,0.0,512.06,6.229,2.736,490.95,2.736,0.0,-0.0008527487430978946,-0.0008527487430978946
2020-02-27,0.0,512.06,6.229,2.736,490.95,2.736,0.0,-0.0008527487430978946,-0.0008527487430978946
2020-02-27,0.0,512.06,6.229,2.736,490.95,2.736,0.0,-0.0008527487430978946,-0.0008527487430978946
2020-02-27,0.0,512.06,6.229,2.736,490.95,2.736,0.0,-0.0008527487430978946,-0.0008527487430978946
2020-02-27,0.0,512.06,6.229,2.736,490.95,2.736,0.0,-0.0008527487430978946,-0.0008527487430978946
2020-02-27,0.0,512.06,6.229,2.736,490.95,2.736,0.0,-0.0008527487430978946,-0.0008527487430978946
2020-02-27,0.0,512.06,6.229,2.736,490.95,2.736,0.0,-0.0008527487430978946,-0.0008527487430978946
2020-02-27,0.0,512.06,6.229,2.736,490.95,2.736,0.0,-0.0008527487430978946,-0.0008527487430978946
2020-02-27,0.0,512.06,6.229,2.736,490.95,2.736,0.0,-0.0008527487430978946,-0.0008527487430978946
2020-02-28,0.0,512.06,6.229,2.736,490.95,2.736,0.0,-0.0008527487430978946,-0.0008527487430978946
2020-02-28,0.0,512.06,6.229,2.736,490.95,2.736,0.0,-0.0008527487430978946,-0.0008527487430978946
2020-02-28,0.0,512.06,6.229,2.736,490.95,2.736,0.0,-0.0008527487430978946,-0.0008527487430978946
2020-02-28,0.0,512.06,6.229,2.736,490.95,2.736,0.0,-0.0008527487430978946,-0.0008527487430978946
2020-02-28,0.0,512.06,6.229,2.736,490.95,2.736,0.0,-0.0008527487430978946,-0.0008527487430978946
2020-02-28,0.0,512.06,6.229,2.736,490.95,2.736,0.0,-0.0008527487430978946,-0.0008527487430978946
2020-02-28,0.0,512.06,6.229,2.736,490.95,2.736,0.0,-0.0008527487430978946,-0.0008527487430978946
2020-02-28,0.0,512.06,6.229,2.736,490.95,2.736,0.0,-0.0008527487430978946,-0.0008527487430978946
2020-02-28,0.0,512.06,6.229,2.736,490.95,2.736,0.0,-0.0008527487430978946,-0.0008527487430978946
2020-02-28,0.0,512.06,6.229,2.736,490.95,2.736,0.0,-0.0008527487430978946,-0.0008527487430978946
2020-02-28,0.0,512.06,6.229,2.736,490.95,2.736,0.0,-0.0008527487430978946,-0.0008527487430978946
2020-02-29,0.438074401,512.06,6.229,2.736,490.95,2.736,0.0,0.0045854000000000285,0.0045854000000000285
2020-02-29,4.145360029,512.06,6.229,2.736,490.95,2.736,0.0,0.0,0.0
2020-02-29,1.24548537,512.06,6.229,2.736,490.95,2.736,0.0,4.599999999994609e-06,4.599999999994609e-06
2020-02-29,1.320788179,512.06,6.229,2.736,490.95,2.736,0.0,0.0,0.0
2020-02-29,0.30684616,512.06,6.229,2.736,490.95,2.736,0.0,-0.0005929999999999947,-0.0005929999999999947
2020-02-29,0.998150974,512.06,6.229,2.736,490.95,2.736,0.0,0.002146999999999988,0.002146999999999988
2020-02-29,0.0,512.06,6.229,2.736,490.95,2.736,0.0,-0.0008527487430978946,-0.0008527487430978946
2020-02-29,1.213018432,512.06,6.229,2.736,490.95,2.736,0.0,2.2999999999973043e-06,2.2999999999973043e-06
2020-02-29,1.789444887,512.06,6.229,2.736,490.95,2.736,0.0,0.0,0.0
2020-02-29,3.531314965,512.06,6.229,2.736,490.95,2.736,0.0,-0.0004890500000000087,-0.0004890500000000087
2020-02-29,0.512570358,512.06,6.229,2.736,490.95,2.736,0.0,0.0,0.0
2020-03-01,9.479756839,512.06,6.229,2.736,490.95,2.736,0.0,0.000264000000000002,0.000264000000000002
2020-03-01,7.651461991,512.06,6.229,2.736,490.95,2.736,0.0,-0.0005259999999999909,-0.0005259999999999909
2020-03-01,11.84586593,512.06,6.229,2.736,490.95,2.736,0.0,0.00042454999999999907,0.00042454999999999907
2020-03-01,18.22095841,512.06,6.229,2.736,490.95,2.736,0.0,0.002292249999999998,0.002292249999999998
2020-03-01,2.562313524,512.06,6.229,2.736,490.95,2.736,0.0,0.0002588999999999997,0.0002588999999999997
2020-03-01,9.528193839,512.06,6.229,2.736,490.95,2.736,0.0,0.000264000000000002,0.000264000000000002
2020-03-01,14.14158218,512.06,6.229,2.736,490.95,2.736,0.0,0.0,0.0
2020-03-01,10.60723117,512.06,6.229,2.736,490.95,2.736,0.0,0.0,0.0
2020-03-01,2.924214294,512.06,6.229,2.736,490.95,2.736,0.0,0.0010355999999999987,0.0010355999999999987
2020-03-01,9.963774905,512.06,6.229,2.736,490.95,2.736,0.0,-0.0007099999999999973,-0.0007099999999999973
2020-03-01,10.04896156,512.06,6.229,2.736,490.95,2.736,0.0,-0.0039049999999999853,-0.0039049999999999853
2020-03-02,0.393539237,512.06,6.229,2.736,490.95,2.736,0.0,0.0,0.0
2020-03-02,0.003397541,512.06,6.229,2.736,490.95,2.736,0.0,-7.093958805231988e-05,-7.093958805231988e-05
2020-03-02,0.015058493,512.06,6.229,2.736,490.95,2.736,0.0,0.0,0.0
2020-03-02,0.256408589,512.06,6.229,2.736,490.95,2.736,0.0,5.964999999999998e-05,5.964999999999998e-05
2020-03-02,4.131153739,512.06,6.229,2.736,490.95,2.736,0.0,0.0,0.0
2020-03-02,0.061415646,512.06,6.229,2.736,490.95,2.736,0.0,0.0,0.0
2020-03-02,1.846092905,512.06,6.229,2.736,490.95,2.736,0.0,0.0,0.0
2020-03-02,0.0,512.06,6.229,2.736,490.95,2.736,0.0,-0.0008527487430978946,-0.0008527487430978946
2020-03-02,0.009931791,512.06,6.229,2.736,490.95,2.736,0.0,0.0,0.0
2020-03-02,0.009447728,512.06,6.229,2.736,490.95,2.736,0.0,0.0,0.0
2020-03-02,0.0,512.06,6.229,2.736,490.95,2.736,0.0,-0.0008527487430978946,-0.0008527487430978946
2020-03-03,0.0,512.06,6.229,2.736,490.95,2.736,0.0,-0.0008527487430978946,-0.0008527487430978946
2020-03-03,0.0,512.06,6.229,2.736,490.95,2.736,0.0,-0.0008527487430978946,-0.0008527487430978946
2020-03-03,0.007990405,512.06,6.229,2.736,490.95,2.736,0.0,0.0,0.0
2020-03-03,0.029458049,512.06,6.229,2.736,490.95,2.736,0.0,0.0,0.0
2020-03-03,0.0,512.06,6.229,2.736,490.95,2.736,0.0,-0.0008527487430978946,-0.0008527487430978946
2020-03-03,0.0,512.06,6.229,2.736,490.95,2.736,0.0,-0.0008527487430978946,-0.0008527487430978946
2020-03-03,0.379766251,512.06,6.229,2.736,490.95,2.736,0.0,0.0,0.0
2020-03-03,0.0,512.06,6.229,2.736,490.95,2.736,0.0,-0.0008527487430978946,-0.0008527487430978946
2020-03-03,0.071488602,512.06,6.229,2.736,490.95,2.736,0.0,0.0,0.0
2020-03-03,0.0,512.06,6.229,2.736,490.95,2.736,0.0,-0.0008527487430978946,-0.0008527487430978946
2020-03-03,0.010815518,512.06,6.229,2.736,490.95,2.736,0.0,0.0,0.0
2020-03-04,0.0,512.06,6.229,2.583,489.59,2.736,-0.15300000000000002,-0.014160366879830697,0.13883963312016934
2020-03-04,0.0,512.06,6.229,2.583,489.59,2.583,0.0,-0.014160366879830697,-0.014160366879830697
2020-03-04,0.0,512.06,6.229,2.583,489.59,2.583,0.0,-0.014160366879830697,-0.014160366879830697
2020-03-04,0.0,512.06,6.229,2.583,489.59,2.583,0.0,-0.014160366879830697,-0.014160366879830697
2020-03-04,0.0,512.06,6.229,2.583,489.59,2.583,0.0,-0.014160366879830697,-0.014160366879830697
2020-03-04,0.0,512.06,6.229,2.583,489.59,2.583,0.0,-0.014160366879830697,-0.014160366879830697
2020-03-04,0.0,512.06,6.229,2.583,489.59,2.583,0.0,-0.014160366879830697,-0.014160366879830697
2020-03-04,0.0,512.06,6.229,2.583,489.59,2.583,0.0,-0.014160366879830697,-0.014160366879830697
2020-03-04,0.0,512.06,6.229,2.583,489.59,2.583,0.0,-0.014160366879830697,-0.014160366879830697
2020-03-04,0.0,512.06,6.229,2.583,489.59,2.583,0.0,-0.014160366879830697,-0.014160366879830697
2020-03-04,0.0,512.06,6.229,2.583,489.59,2.583,0.0,-0.014160366879830697,-0.014160366879830697
2020-03-05,0.144954421,512.06,6.229,2.58341,489.59,2.583,0.00041000000000002146,0.00012295454545455881,-0.00028704545454546267
2020-03-05,0.184379903,512.06,6.229,2.58341,489.59,2.58341,0.0,0.00025810000000000335,0.00025810000000000335
2020-03-05,3.803655943,512.06,6.229,2.58341,489.59,2.58341,0.0,0.0002725999999999984,0.0002725999999999984
2020-03-05,0.65962366,512.06,6.229,2.58341,489.59,2.58341,0.0,4.100000000000215e-06,4.100000000000215e-06
2020-03-05,0.341477845,512.06,6.229,2.58341,489.59,2.58341,0.0,6.150000000000322e-06,6.150000000000322e-06
2020-03-05,4.503877303,512.06,6.229,2.58341,489.59,2.58341,0.0,0.0002725999999999984,0.0002725999999999984
2020-03-05,1.097565772,512.06,6.229,2.58341,489.59,2.58341,0.0,0.0,0.0
2020-03-05,5.95215953,512.06,6.229,2.58341,489.59,2.58341,0.0,-0.002105399999999993,-0.002105399999999993
2020-03-05,5.237253817,512.06,6.229,2.58341,489.59,2.58341,0.0,0.003398299999999983,0.003398299999999983
2020-03-05,4.022039698,512.06,6.229,2.58341,489.59,2.58341,0.0,0.0002725999999999984,0.0002725999999999984
2020-03-05,1.899841973,512.06,6.229,2.58341,489.59,2.58341,0.0,0.0,0.0
2020-03-06,6.232712727,512.06,6.229,2.56433,489.41,2.58341,-0.019080000000000208,-0.011448000000000125,0.007632000000000083
2020-03-06,3.706140965,512.06,6.229,2.56433,489.41,2.56433,0.0,-0.0003269500000000014,-0.0003269500000000014
2020-03-06,6.870990511,512.06,6.229,2.56433,489.41,2.56433,0.0,-0.0024528500000000277,-0.0024528500000000277
2020-03-06,9.028234781,512.06,6.229,2.56433,489.41,2.56433,0.0,-0.001813000000000018,-0.001813000000000018
2020-03-06,4.884386284,512.06,6.229,2.56433,489.41,2.56433,0.0,0.0005516999999999972,0.0005516999999999972
2020-03-06,5.148962836,512.06,6.229,2.56433,489.41,2.56433,0.0,0.0031708999999999943,0.0031708999999999943
2020-03-06,0.639462224,512.06,6.229,2.56433,489.41,2.56433,0.0,0.0,0.0
2020-03-06,2.775931607,512.06,6.229,2.56433,489.41,2.56433,0.0,0.0,0.0
2020-03-06,6.178051252,512.06,6.229,2.56433,489.41,2.56433,0.0,-0.002385000000000026,-0.002385000000000026
2020-03-06,2.030787741,512.06,6.229,2.56433,489.41,2.56433,0.0,0.0,0.0
2020-03-06,2.595310879,512.06,6.229,2.56433,489.41,2.56433,0.0,0.0,0.0
2020-03-07,7.717124972,512.06,6.229,2.54763,489.26,2.56433,-0.01670000000000016,-0.012206750000000084,0.004493250000000075
2020-03-07,3.46597827,512.06,6.229,2.54763,489.26,2.54763,0.0,-0.0002249000000000012,-0.0002249000000000012
2020-03-07,15.20061291,512.06,6.229,2.54763,489.26,2.54763,0.0,0.00020645000000000025,0.00020645000000000025
2020-03-07,11.83087007,512.06,6.229,2.54763,489.26,2.54763,0.0,0.0,0.0
2020-03-07,35.52737632,512.06,6.229,2.54763,489.26,2.54763,0.0,0.0,0.0
2020-03-07,13.34019649,512.06,6.229,2.54763,489.26,2.54763,0.0,0.0,0.0
2020-03-07,7.126603063,512.06,6.229,2.54763,489.26,2.54763,0.0,-0.0002505000000000024,-0.0002505000000000024
2020-03-07,12.45385792,512.06,6.229,2.54763,489.26,2.54763,0.0,0.0,0.0
2020-03-07,7.576293396,512.06,6.229,2.54763,489.26,2.54763,0.0,-0.00180775000000001,-0.00180775000000001
2020-03-07,22.57446003,512.06,6.229,2.54763,489.26,2.54763,0.0,0.0,0.0
2020-03-07,2.95145237,512.06,6.229,2.54763,489.26,2.54763,0.0,-0.0009078500000000056,-0.0009078500000000056
2020-03-08,7.617894067,512.06,6.229,2.53878,489.19,2.54763,-0.008849999999999802,-0.005521249999999882,0.0033287499999999203
2020-03-08,7.569057241,512.06,6.229,2.53878,489.19,2.53878,0.0,-0.0007422499999999888,-0.0007422499999999888
2020-03-08,8.487668065,512.06,6.229,2.53878,489.19,2.53878,0.0,-0.0008257499999999896,-0.0008257499999999896
2020-03-08,12.95313906,512.06,6.229,2.53878,489.19,2.53878,0.0,0.0,0.0
2020-03-08,12.53479873,512.06,6.229,2.53878,489.19,2.53878,0.0,0.0,0.0
2020-03-08,6.131403887,512.06,6.229,2.53878,489.19,2.53878,0.0,-9.540000000000104e-05,-9.540000000000104e-05
2020-03-08,6.747629182,512.06,6.229,2.53878,489.19,2.53878,0.0,0.0,0.0
2020-03-08,10.66696745,512.06,6.229,2.53878,489.19,2.53878,0.0,-0.00017199999999999881,-0.00017199999999999881
2020-03-08,6.694906653,512.06,6.229,2.53878,489.19,2.53878,0.0,0.0,0.0
2020-03-08,4.255020459,512.06,6.229,2.53878,489.19,2.53878,0.0,0.00012259999999999938,0.00012259999999999938
2020-03-08,6.240753131,512.06,6.229,2.53878,489.19,2.53878,0.0,-0.0021942000000000237,-0.0021942000000000237
2020-03-09,0.0,512.06,6.229,2.52788,489.09,2.53878,-0.01089999999999991,-0.0017374187423687295,0.00916258125763118
2020-03-09,0.0,512.06,6.229,2.52788,489.09,2.52788,0.0,-0.0017374187423687295,-0.0017374187423687295
2020-03-09,0.0,512.06,6.229,2.52788,489.09,2.52788,0.0,-0.0017374187423687295,-0.0017374187423687295
2020-03-09,0.00548312,512.06,6.229,2.52788,489.09,2.52788,0.0,-4.645476190476151e-05,-4.645476190476151e-05
2020-03-09,0.082535741,512.06,6.229,2.52788,489.09,2.52788,0.0,4.100000000000215e-06,4.100000000000215e-06
2020-03-09,0.000125829,512.06,6.229,2.52788,489.09,2.52788,0.0,0.00029882509018759276,0.00029882509018759276
2020-03-09,0.001948879,512.06,6.229,2.52788,489.09,2.52788,0.0,0.004176487301587295,0.004176487301587295
2020-03-09,0.0,512.06,6.229,2.52788,489.09,2.52788,0.0,-0.0017374187423687295,-0.0017374187423687295
2020-03-09,0.0,512.06,6.229,2.52788,489.09,2.52788,0.0,-0.0017374187423687295,-0.0017374187423687295
2020-03-09,0.0,512.06,6.229,2.52788,489.09,2.52788,0.0,-0.0017374187423687295,-0.0017374187423687295
2020-03-09,0.012493095,512.06,6.229,2.52788,489.09,2.52788,0.0,-1.557142857142844e-05,-1.557142857142844e-05
2020-03-10,0.0,512.06,6.229,2.51425,488.97,2.52788,-0.013630000000000031,-0.0008393598184345729,0.012790640181565458
2020-03-10,0.0,512.06,6.229,2.51425,488.97,2.51425,0.0,-0.0008393598184345729,-0.0008393598184345729
2020-03-10,0.0,512.06,6.229,2.51425,488.97,2.51425,0.0,-0.0008393598184345729,-0.0008393598184345729
2020-03-10,0.0,512.06,6.229,2.51425,488.97,2.51425,0.0,-0.0008393598184345729,-0.0008393598184345729
2020-03-10,0.0,512.06,6.229,2.51425,488.97,2.51425,0.0,-0.0008393598184345729,-0.0008393598184345729
2020-03-10,0.0,512.06,6.229,2.51425,488.97,2.51425,0.0,-0.0008393598184345729,-0.0008393598184345729
2020-03-10,0.0,512.06,6.229,2.51425,488.97,2.51425,0.0,-0.0008393598184345729,-0.0008393598184345729
2020-03-10,0.0,512.06,6.229,2.51425,488.97,2.51425,0.0,-0.0008393598184345729,-0.0008393598184345729
2020-03-10,0.0,512.06,6.229,2.51425,488.97,2.51425,0.0,-0.0008393598184345729,-0.0008393598184345729
2020-03-10,0.0,512.06,6.229,2.51425,488.97,2.51425,0.0,-0.0008393598184345729,-0.0008393598184345729
2020-03-10,0.0,512.06,6.229,2.51425,488.97,2.51425,0.0,-0.0008393598184345729,-0.0008393598184345729
2020-03-11,0.237827554,512.06,6.229,2.51425,488.97,2.51425,0.0,0.0017933499999999935,0.0017933499999999935
2020-03-11,0.020537066,512.06,6.229,2.51425,488.97,2.51425,0.0,0.0,0.0
2020-03-11,0.0,512.06,6.229,2.51425,488.97,2.51425,0.0,-0.0008393598184345729,-0.0008393598184345729
2020-03-11,0.0,512.06,6.229,2.51425,488.97,2.51425,0.0,-0.0008393598184345729,-0.0008393598184345729
2020-03-11,0.045970516,512.06,6.229,2.51425,488.97,2.51425,0.0,0.0,0.0
2020-03-11,0.361889602,512.06,6.229,2.51425,488.97,2.51425,0.0,0.0014480000000000048,0.0014480000000000048
2020-03-11,0.0,512.06,6.229,2.51425,488.97,2.51425,0.0,-0.0008393598184345729,-0.0008393598184345729
2020-03-11,0.0,512.06,6.229,2.51425,488.97,2.51425,0.0,-0.0008393598184345729,-0.0008393598184345729
2020-03-11,6.52e-06,512.06,6.229,2.51425,488.97,2.51425,0.0,-0.0002663952483938926,-0.0002663952483938926
2020-03-11,4.4e-05,512.06,6.229,2.51425,488.97,2.51425,0.0,-3.6750619380619465e-05,-3.6750619380619465e-05
2020-03-11,0.0,512.06,6.229,2.51425,488.97,2.51425,0.0,-0.0008393598184345729,-0.0008393598184345729
2020-03-12,19.02780713,512.06,6.229,2.491,488.76,2.51425,-0.023249999999999993,-0.015344999999999996,0.007904999999999997
2020-03-12,24.86007837,512.06,6.229,2.491,488.76,2.491,0.0,0.0,0.0
2020-03-12,26.38776526,512.06,6.229,2.491,488.76,2.491,0.0,-0.00026000000000000025,-0.00026000000000000025
2020-03-12,17.72683152,512.06,6.229,2.491,488.76,2.491,0.0,0.003335400000000002,0.003335400000000002
2020-03-12,12.44838903,512.06,6.229,2.491,488.76,2.491,0.0,0.0,0.0
2020-03-12,24.21511431,512.06,6.229,2.491,488.76,2.491,0.0,0.0,0.0
2020-03-12,28.36620483,512.06,6.229,2.491,488.76,2.491,0.0,0.0,0.0
2020-03-12,23.00506433,512.06,6.229,2.491,488.76,2.491,0.0,-0.00011624999999999997,-0.00011624999999999997
2020-03-12,34.55861306,512.06,6.229,2.491,488.76,2.491,0.0,0.0,0.0
2020-03-12,24.3770182,512.06,6.229,2.491,488.76,2.491,0.0,0.0,0.0
2020-03-12,22.89440188,512.06,6.229,2.491,488.76,2.491,0.0,-0.00011624999999999997,-0.00011624999999999997
2020-03-13,48.76569449,512.06,6.229,2.49108,488.76,2.491,8.000000000008001e-05,5.4000000000054005e-05,-2.6000000000026002e-05
2020-03-13,7.49064137,512.06,6.229,2.49108,488.76,2.49108,0.0,-0.0001277499999999998,-0.0001277499999999998
2020-03-13,22.11228983,512.06,6.229,2.49108,488.76,2.49108,0.0,-0.00011624999999999997,-0.00011624999999999997
2020-03-13,31.39628549,512.06,6.229,2.49108,488.76,2.49108,0.0,0.0,0.0
2020-03-13,47.25478681,512.06,6.229,2.49108,488.76,2.49108,0.0,2.4000000000024004e-06,2.4000000000024004e-06
2020-03-13,31.44297113,512.06,6.229,2.49108,488.76,2.49108,0.0,0.0,0.0
2020-03-13,45.94096924,512.06,6.229,2.49108,488.76,2.49108,0.0,2.4000000000024004e-06,2.4000000000024004e-06
2020-03-13,17.89558019,512.06,6.229,2.49108,488.76,2.49108,0.0,-0.00011624999999999997,-0.00011624999999999997
2020-03-13,28.00171223,512.06,6.229,2.49108,488.76,2.49108,0.0,0.0,0.0
2020-03-13,18.69890156,512.06,6.229,2.49108,488.76,2.49108,0.0,-0.0010462499999999997,-0.0010462499999999997
2020-03-13,24.97451958,512.06,6.229,2.49108,488.76,2.49108,0.0,0.0,0.0
2020-03-14,17.59769886,512.06,6.229,2.50437,488.88,2.49108,0.013290000000000024,0.010155450000000016,-0.0031345500000000085
2020-03-14,19.91413467,512.06,6.229,2.50437,488.88,2.50437,0.0,0.0,0.0
2020-03-14,18.68489629,512.06,6.229,2.50437,488.88,2.50437,0.0,0.0001662000000000008,0.0001662000000000008
2020-03-14,6.491236637,512.06,6.229,2.50437,488.88,2.50437,0.0,0.0,0.0
2020-03-14,19.35297734,512.06,6.229,2.50437,488.88,2.50437,0.0,-0.0007472999999999997,-0.0007472999999999997
2020-03-14,22.22003797,512.06,6.229,2.50437,488.88,2.50437,0.0,0.0,0.0
2020-03-14,22.43685145,512.06,6.229,2.50437,488.88,2.50437,0.0,0.0,0.0
2020-03-14,14.58647537,512.06,6.229,2.50437,488.88,2.50437,0.0,6.645000000000012e-05,6.645000000000012e-05
2020-03-14,8.132452287,512.06,6.229,2.50437,488.88,2.50437,0.0,0.0,0.0
2020-03-14,28.89162458,512.06,6.229,2.50437,488.88,2.50437,0.0,0.0,0.0
2020-03-14,15.72333906,512.06,6.229,2.50437,488.88,2.50437,0.0,0.000407900000000001,0.000407900000000001
2020-03-15,4.938933084,512.06,6.229,2.51663,488.99,2.50437,0.012259999999999938,0.008030299999999959,-0.004229699999999979
2020-03-15,4.698588511,512.06,6.229,2.51663,488.99,2.51663,0.0,0.0010420999999999946,0.0010420999999999946
2020-03-15,6.375065711,512.06,6.229,2.51663,488.99,2.51663,0.0,6.129999999999969e-05,6.129999999999969e-05
2020-03-15,6.19083324,512.06,6.229,2.51663,488.99,2.51663,0.0,-0.00022490000000000343,-0.00022490000000000343
2020-03-15,1.056509732,512.06,6.229,2.51663,488.99,2.51663,0.0,0.0006405000000000016,0.0006405000000000016
2020-03-15,5.855056937,512.06,6.229,2.51663,488.99,2.51663,0.0,0.00012259999999999938,0.00012259999999999938
2020-03-15,3.902730799,512.06,6.229,2.51663,488.99,2.51663,0.0,0.0004290999999999978,0.0004290999999999978
2020-03-15,8.245693195,512.06,6.229,2.51663,488.99,2.51663,0.0,6.129999999999969e-05,6.129999999999969e-05
2020-03-15,0.85016615,512.06,6.229,2.51663,488.99,2.51663,0.0,0.0006405000000000016,0.0006405000000000016
2020-03-15,12.36019,512.06,6.229,2.51663,488.99,2.51663,0.0,0.0,0.0
2020-03-15,9.36712664,512.06,6.229,2.51663,488.99,2.51663,0.0,0.003493300000000026,0.003493300000000026
2020-03-16,0.0,512.06,6.229,2.51902,489.01,2.51663,0.00238999999999967,0.00022777433605606942,-0.002162225663943601
2020-03-16,0.0,512.06,6.229,2.51902,489.01,2.51902,0.0,0.00022777433605606942,0.00022777433605606942
2020-03-16,0.0,512.06,6.229,2.51902,489.01,2.51902,0.0,0.00022777433605606942,0.00022777433605606942
2020-03-16,0.0,512.06,6.229,2.51902,489.01,2.51902,0.0,0.00022777433605606942,0.00022777433605606942
2020-03-16,0.0,512.06,6.229,2.51902,489.01,2.51902,0.0,0.00022777433605606942,0.00022777433605606942
2020-03-16,0.0,512.06,6.229,2.51902,489.01,2.51902,0.0,0.00022777433605606942,0.00022777433605606942
2020-03-16,0.0,512.06,6.229,2.51902,489.01,2.51902,0.0,0.00022777433605606942,0.00022777433605606942
2020-03-16,0.0,512.06,6.229,2.51902,489.01,2.51902,0.0,0.00022777433605606942,0.00022777433605606942
2020-03-16,0.0,512.06,6.229,2.51902,489.01,2.51902,0.0,0.00022777433605606942,0.00022777433605606942
2020-03-16,0.0,512.06,6.229,2.51902,489.01,2.51902,0.0,0.00022777433605606942,0.00022777433605606942
2020-03-16,0.0,512.06,6.229,2.51902,489.01,2.51902,0.0,0.00022777433605606942,0.00022777433605606942
2020-03-17,0.0,512.06,6.229,2.51697,488.99,2.51902,-0.002049999999999663,-8.664294755724826e-05,0.0019633570524424148
2020-03-17,0.0,512.06,6.229,2.51697,488.99,2.51697,0.0,-8.664294755724826e-05,-8.664294755724826e-05
2020-03-17,0.0,512.06,6.229,2.51697,488.99,2.51697,0.0,-8.664294755724826e-05,-8.664294755724826e-05
2020-03-17,0.0,512.06,6.229,2.51697,488.99,2.51697,0.0,-8.664294755724826e-05,-8.664294755724826e-05
2020-03-17,0.0,512.06,6.229,2.51697,488.99,2.51697,0.0,-8.664294755724826e-05,-8.664294755724826e-05
2020-03-17,0.0,512.06,6.229,2.51697,488.99,2.51697,0.0,-8.664294755724826e-05,-8.664294755724826e-05
2020-03-17,0.0,512.06,6.229,2.51697,488.99,2.51697,0.0,-8.664294755724826e-05,-8.664294755724826e-05
2020-03-17,0.0,512.06,6.229,2.51697,488.99,2.51697,0.0,-8.664294755724826e-05,-8.664294755724826e-05
2020-03-17,0.0,512.06,6.229,2.51697,488.99,2.51697,0.0,-8.664294755724826e-05,-8.664294755724826e-05
2020-03-17,0.0,512.06,6.229,2.51697,488.99,2.51697,0.0,-8.664294755724826e-05,-8.664294755724826e-05
2020-03-17,0.0,512.06,6.229,2.51697,488.99,2.51697,0.0,-8.664294755724826e-05,-8.664294755724826e-05
2020-03-18,0.0,512.06,6.229,2.51697,488.99,2.51697,0.0,-8.664294755724826e-05,-8.664294755724826e-05
2020-03-18,0.0,512.06,6.229,2.51697,488.99,2.51697,0.0,-8.664294755724826e-05,-8.664294755724826e-05
2020-03-18,0.0,512.06,6.229,2.51697,488.99,2.51697,0.0,-8.664294755724826e-05,-8.664294755724826e-05
2020-03-18,0.0,512.06,6.229,2.51697,488.99,2.51697,0.0,-8.664294755724826e-05,-8.664294755724826e-05
2020-03-18,0.0,512.06,6.229,2.51697,488.99,2.51697,0.0,-8.664294755724826e-05,-8.664294755724826e-05
2020-03-18,0.0,512.06,6.229,2.51697,488.99,2.51697,0.0,-8.664294755724826e-05,-8.664294755724826e-05
2020-03-18,0.0,512.06,6.229,2.51697,488.99,2.51697,0.0,-8.664294755724826e-05,-8.664294755724826e-05
2020-03-18,0.0,512.06,6.229,2.51697,488.99,2.51697,0.0,-8.664294755724826e-05,-8.664294755724826e-05
2020-03-18,0.0,512.06,6.229,2.51697,488.99,2.51697,0.0,-8.664294755724826e-05,-8.664294755724826e-05
2020-03-18,0.0,512.06,6.229,2.51697,488.99,2.51697,0.0,-8.664294755724826e-05,-8.664294755724826e-05
2020-03-18,0.0,512.06,6.229,2.51697,488.99,2.51697,0.0,-8.664294755724826e-05,-8.664294755724826e-05
2020-03-19,0.094153859,512.06,6.229,2.50675,488.9,2.51697,-0.01022000000000034,-0.00600430000000022,0.00421570000000012
2020-03-19,0.001274682,512.06,6.229,2.50675,488.9,2.50675,0.0,0.0003066499999999994,0.0003066499999999994
2020-03-19,0.0,512.06,6.229,2.50675,488.9,2.50675,0.0,0.0,0.0
2020-03-19,0.117284112,512.06,6.229,2.50675,488.9,2.50675,0.0,-0.0002044000000000068,-0.0002044000000000068
2020-03-19,1.572170747,512.06,6.229,2.50675,488.9,2.50675,0.0,0.0,0.0
2020-03-19,0.236891589,512.06,6.229,2.50675,488.9,2.50675,0.0,-0.009008650000000012,-0.009008650000000012
2020-03-19,0.028443041,512.06,6.229,2.50675,488.9,2.50675,0.0,0.0,0.0
2020-03-19,0.0,512.06,6.229,2.50675,488.9,2.50675,0.0,0.0,0.0
2020-03-19,0.280556571,512.06,6.229,2.50675,488.9,2.50675,0.0,0.0,0.0
2020-03-19,0.030729027,512.06,6.229,2.50675,488.9,2.50675,0.0,0.0,0.0
2020-03-19,1.732778492,512.06,6.229,2.50675,488.9,2.50675,0.0,0.0,0.0
2020-03-20,0.142394938,512.06,6.229,2.50675,488.9,2.50675,0.0,-0.00021604999999999875,-0.00021604999999999875
2020-03-20,0.265030919,512.06,6.229,2.50675,488.9,2.50675,0.0,0.0,0.0
2020-03-20,0.989718163,512.06,6.229,2.50675,488.9,2.50675,0.0,0.0008587999999999951,0.0008587999999999951
2020-03-20,0.0,512.06,6.229,2.50675,488.9,2.50675,0.0,0.0,0.0
2020-03-20,0.0,512.06,6.229,2.50675,488.9,2.50675,0.0,0.0,0.0
2020-03-20,0.044110279,512.06,6.229,2.50675,488.9,2.50675,0.0,0.0,0.0
2020-03-20,0.384721687,512.06,6.229,2.50675,488.9,2.50675,0.0,0.0,0.0
2020-03-20,1.517869736,512.06,6.229,2.50675,488.9,2.50675,0.0,0.0,0.0
2020-03-20,0.109210323,512.06,6.229,2.50675,488.9,2.50675,0.0,-0.0002044000000000068,-0.0002044000000000068
2020-03-20,0.017512038,512.06,6.229,2.50675,488.9,2.50675,0.0,-9.500000000017828e-07,-9.500000000017828e-07
2020-03-20,1.568432847,512.06,6.229,2.50675,488.9,2.50675,0.0,0.0,0.0
2020-03-21,0.0,512.06,6.229,2.50675,488.9,2.50675,0.0,0.0,0.0
2020-03-21,0.0,512.06,6.229,2.50675,488.9,2.50675,0.0,0.0,0.0
2020-03-21,0.0,512.06,6.229,2.50675,488.9,2.50675,0.0,0.0,0.0
2020-03-21,0.0,512.06,6.229,2.50675,488.9,2.50675,0.0,0.0,0.0
2020-03-21,0.0,512.06,6.229,2.50675,488.9,2.50675,0.0,0.0,0.0
2020-03-21,0.0,512.06,6.229,2.50675,488.9,2.50675,0.0,0.0,0.0
2020-03-21,0.0,512.06,6.229,2.50675,488.9,2.50675,0.0,0.0,0.0
2020-03-21,0.0,512.06,6.229,2.50675,488.9,2.50675,0.0,0.0,0.0
2020-03-21,0.0,512.06,6.229,2.50675,488.9,2.50675,0.0,0.0,0.0
2020-03-21,0.0,512.06,6.229,2.50675,488.9,2.50675,0.0,0.0,0.0
2020-03-21,0.0,512.06,6.229,2.50675,488.9,2.50675,0.0,0.0,0.0
2020-03-22,2.051764807,512.06,6.229,2.50675,488.9,2.50675,0.0,0.0,0.0
2020-03-22,3.004917864,512.06,6.229,2.50675,488.9,2.50675,0.0,0.0007766999999999991,0.0007766999999999991
2020-03-22,3.523845348,512.06,6.229,2.50675,488.9,2.50675,0.0,-0.0011448000000000035,-0.0011448000000000035
2020-03-22,2.587711702,512.06,6.229,2.50675,488.9,2.50675,0.0,0.0,0.0
2020-03-22,0.952176601,512.06,6.229,2.50675,488.9,2.50675,0.0,-0.0002944999999999931,-0.0002944999999999931
2020-03-22,5.437384563,512.06,6.229,2.50675,488.9,2.50675,0.0,0.0010948999999999965,0.0010948999999999965
2020-03-22,5.927231485,512.06,6.229,2.50675,488.9,2.50675,0.0,0.0,0.0
2020-03-22,1.547867885,512.06,6.229,2.50675,488.9,2.50675,0.0,0.0,0.0
2020-03-22,3.2095537,512.06,6.229,2.50675,488.9,2.50675,0.0,0.0,0.0
2020-03-22,4.496922807,512.06,6.229,2.50675,488.9,2.50675,0.0,6.129999999999969e-05,6.129999999999969e-05
2020-03-22,3.362240047,512.06,6.229,2.50675,488.9,2.50675,0.0,0.00024699999999999944,0.00024699999999999944
2020-03-23,0.081256556,512.06,6.229,2.50675,488.9,2.50675,0.0,-5.11000000000017e-05,-5.11000000000017e-05
2020-03-23,0.0,512.06,6.229,2.50675,488.9,2.50675,0.0,0.0,0.0
2020-03-23,0.001274682,512.06,6.229,2.50675,488.9,2.50675,0.0,0.0003066499999999994,0.0003066499999999994
2020-03-23,0.226836825,512.06,6.229,2.50675,488.9,2.50675,0.0,0.001233900000000001,0.001233900000000001
2020-03-23,0.0360886,512.06,6.229,2.50675,488.9,2.50675,0.0,0.0,0.0
2020-03-23,0.549851386,512.06,6.229,2.50675,488.9,2.50675,0.0,0.0,0.0
2020-03-23,0.05316801,512.06,6.229,2.50675,488.9,2.50675,0.0,0.0,0.0
2020-03-23,0.073185225,512.06,6.229,2.50675,488.9,2.50675,0.0,0.0,0.0
2020-03-23,0.0,512.06,6.229,2.50675,488.9,2.50675,0.0,0.0,0.0
2020-03-23,0.0,512.06,6.229,2.50675,488.9,2.50675,0.0,0.0,0.0
2020-03-23,0.005644976,512.06,6.229,2.50675,488.9,2.50675,0.0,0.0,0.0
2020-03-24,0.0,512.06,6.229,2.50675,488.9,2.50675,0.0,0.0,0.0
2020-03-24,0.0,512.06,6.229,2.50675,488.9,2.50675,0.0,0.0,0.0
2020-03-24,0.43282191,512.06,6.229,2.50675,488.9,2.50675,0.0,0.001725550000000009,0.001725550000000009
2020-03-24,0.0,512.06,6.229,2.50675,488.9,2.50675,0.0,0.0,0.0
2020-03-24,0.0,512.06,6.229,2.50675,488.9,2.50675,0.0,0.0,0.0
2020-03-24,0.0,512.06,6.229,2.50675,488.9,2.50675,0.0,0.0,0.0
2020-03-24,0.0,512.06,6.229,2.50675,488.9,2.50675,0.0,0.0,0.0
2020-03-24,0.077470139,512.06,6.229,2.50675,488.9,2.50675,0.0,0.00023460000000000036,0.00023460000000000036
2020-03-24,0.0,512.06,6.229,2.50675,488.9,2.50675,0.0,0.0,0.0
2020-03-24,0.0,512.06,6.229,2.50675,488.9,2.50675,0.0,0.0,0.0
2020-03-24,1.7813484,512.06,6.229,2.50675,488.9,2.50675,0.0,0.0,0.0
2020-03-25,11.60169129,512.06,6.229,2.409,488.02,2.50675,-0.09775,-0.06255999999999981,0.03519000000000019
2020-03-25,8.739731939,512.06,6.229,2.409,488.02,2.409,0.0,0.0,0.0
2020-03-25,10.87807022,512.06,6.229,2.409,488.02,2.409,0.0,-0.00048875,-0.00048875
2020-03-25,8.881132337,512.06,6.229,2.409,488.02,2.409,0.0,0.0,0.0
2020-03-25,1.746352469,512.06,6.229,2.409,488.02,2.409,0.0,0.0,0.0
2020-03-25,19.17664781,512.06,6.229,2.409,488.02,2.409,0.0,-0.003603749999999999,-0.003603749999999999
2020-03-25,11.61860372,512.06,6.229,2.409,488.02,2.409,0.0,-0.01417375,-0.01417375
2020-03-25,14.52378829,512.06,6.229,2.409,488.02,2.409,0.0,-0.0004359500000000005,-0.0004359500000000005
2020-03-25,10.34836334,512.06,6.229,2.409,488.02,2.409,0.0,-0.0033287499999999893,-0.0033287499999999893
2020-03-25,16.94320027,512.06,6.229,2.409,488.02,2.409,0.0,0.0,0.0
2020-03-25,7.928054797,512.06,6.229,2.409,488.02,2.409,0.0,0.0,0.0
2020-03-26,0.076363336,512.06,6.229,2.409,488.02,2.409,0.0,0.0,0.0
2020-03-26,0.0,512.06,6.229,2.409,488.02,2.409,0.0,0.0,0.0
2020-03-26,0.0,512.06,6.229,2.409,488.02,2.409,0.0,0.0,0.0
2020-03-26,0.0,512.06,6.229,2.409,488.02,2.409,0.0,0.0,0.0
2020-03-26,0.0,512.06,6.229,2.409,488.02,2.409,0.0,0.0,0.0
2020-03-26,0.044586232,512.06,6.229,2.409,488.02,2.409,0.0,0.0,0.0
2020-03-26,0.347661457,512.06,6.229,2.409,488.02,2.409,0.0,0.0,0.0
2020-03-26,0.0,512.06,6.229,2.409,488.02,2.409,0.0,0.0,0.0
2020-03-26,0.087701791,512.06,6.229,2.409,488.02,2.409,0.0,-0.0022411,-0.0022411
2020-03-26,0.000105672,512.06,6.229,2.409,488.02,2.409,0.0,0.0006212499999999998,0.0006212499999999998
2020-03-26,0.107332584,512.06,6.229,2.409,488.02,2.409,0.0,-5.11000000000017e-05,-5.11000000000017e-05
2020-03-27,2.832287132,512.06,6.229,2.409,488.02,2.409,0.0,0.0,0.0
2020-03-27,6.270729291,512.06,6.229,2.409,488.02,2.409,0.0,0.0,0.0
2020-03-27,4.901530648,512.06,6.229,2.409,488.02,2.409,0.0,0.0020781999999999966,0.0020781999999999966
2020-03-27,1.845944986,512.06,6.229,2.409,488.02,2.409,0.0,0.0,0.0
2020-03-27,3.165338459,512.06,6.229,2.409,488.02,2.409,0.0,0.0,0.0
2020-03-27,3.227384469,512.06,6.229,2.409,488.02,2.409,0.0,0.0,0.0
2020-03-27,3.103417227,512.06,6.229,2.409,488.02,2.409,0.0,0.0,0.0
2020-03-27,5.809410282,512.06,6.229,2.409,488.02,2.409,0.0,0.0,0.0
2020-03-27,6.252673187,512.06,6.229,2.409,488.02,2.409,0.0,0.0,0.0
2020-03-27,1.029090019,512.06,6.229,2.409,488.02,2.409,0.0,0.0,0.0
2020-03-27,2.507448301,512.06,6.229,2.409,488.02,2.409,0.0,0.0,0.0
2020-03-28,18.89109637,512.06,6.229,2.409,488.02,2.409,0.0,-0.0013949999999999995,-0.0013949999999999995
2020-03-28,27.86856721,512.06,6.229,2.409,488.02,2.409,0.0,0.0,0.0
2020-03-28,10.68883081,512.06,6.229,2.409,488.02,2.409,0.0,-0.00048875,-0.00048875
2020-03-28,26.34257383,512.06,6.229,2.409,488.02,2.409,0.0,0.0,0.0
2020-03-28,7.375772401,512.06,6.229,2.409,488.02,2.409,0.0,0.0010142499999999943,0.0010142499999999943
2020-03-28,19.67726854,512.06,6.229,2.409,488.02,2.409,0.0,0.0,0.0
2020-03-28,23.75453992,512.06,6.229,2.409,488.02,2.409,0.0,0.0,0.0
2020-03-28,48.51811603,512.06,6.229,2.409,488.02,2.409,0.0,1.7200000000017203e-05,1.7200000000017203e-05
2020-03-28,16.86931162,512.06,6.229,2.409,488.02,2.409,0.0,0.0,0.0
2020-03-28,11.01344476,512.06,6.229,2.409,488.02,2.409,0.0,-0.00010894999999998988,-0.00010894999999998988
2020-03-28,43.07066423,512.06,6.229,2.409,488.02,2.409,0.0,4.0000000000040005e-07,4.0000000000040005e-07
2020-03-29,2.725984008,512.06,6.229,2.409,488.02,2.409,0.0,0.0,0.0
2020-03-29,1.782329376,512.06,6.229,2.409,488.02,2.409,0.0,0.0,0.0
2020-03-29,0.443801519,512.06,6.229,2.409,488.02,2.409,0.0,0.0017376000000000058,0.0017376000000000058
2020-03-29,0.0,512.06,6.229,2.409,488.02,2.409,0.0,0.0,0.0
2020-03-29,0.028598448,512.06,6.229,2.409,488.02,2.409,0.0,0.0,0.0
2020-03-29,0.062118171,512.06,6.229,2.409,488.02,2.409,0.0,0.0,0.0
2020-03-29,2.25804047,512.06,6.229,2.409,488.02,2.409,0.0,0.0,0.0
2020-03-29,0.535738688,512.06,6.229,2.409,488.02,2.409,0.0,0.0,0.0
2020-03-29,1.254138829,512.06,6.229,2.409,488.02,2.409,0.0,1.3799999999983825e-05,1.3799999999983825e-05
2020-03-29,0.247041352,512.06,6.229,2.409,488.02,2.409,0.0,0.00030814999999999814,0.00030814999999999814
2020-03-29,0.574088126,512.06,6.229,2.409,488.02,2.409,0.0,0.0,0.0
2020-03-30,1.299104632,512.06,6.229,2.409,488.02,2.409,0.0,1.1499999999986522e-06,1.1499999999986522e-06
2020-03-30,0.0,512.06,6.229,2.409,488.02,2.409,0.0,0.0,0.0
2020-03-30,0.0,512.06,6.229,2.409,488.02,2.409,0.0,0.0,0.0
2020-03-30,0.0,512.06,6.229,2.409,488.02,2.409,0.0,0.0,0.0
2020-03-30,0.352447448,512.06,6.229,2.409,488.02,2.409,0.0,0.0,0.0
2020-03-30,0.486491168,512.06,6.229,2.409,488.02,2.409,0.0,0.0004148000000000007,0.0004148000000000007
2020-03-30,0.0,512.06,6.229,2.409,488.02,2.409,0.0,0.0,0.0
2020-03-30,0.0,512.06,6.229,2.409,488.02,2.409,0.0,0.0,0.0
2020-03-30,0.0,512.06,6.229,2.409,488.02,2.409,0.0,0.0,0.0
2020-03-30,0.0,512.06,6.229,2.409,488.02,2.409,0.0,0.0,0.0
2020-03-30,0.169769325,512.06,6.229,2.409,488.02,2.409,0.0,0.0004946000000000028,0.0004946000000000028
2020-03-31,0.0,512.06,6.229,2.409,488.02,2.409,0.0,0.0,0.0
2020-03-31,0.0,512.06,6.229,2.409,488.02,2.409,0.0,0.0,0.0
2020-03-31,0.0,512.06,6.229,2.409,488.02,2.409,0.0,0.0,0.0
2020-03-31,0.0,512.06,6.229,2.409,488.02,2.409,0.0,0.0,0.0
2020-03-31,0.0,512.06,6.229,2.409,488.02,2.409,0.0,0.0,0.0
2020-03-31,0.0,512.06,6.229,2.409,488.02,2.409,0.0,0.0,0.0
2020-03-31,0.0,512.06,6.229,2.409,488.02,2.409,0.0,0.0,0.0
2020-03-31,0.0,512.06,6.229,2.409,488.02,2.409,0.0,0.0,0.0
2020-03-31,0.0,512.06,6.229,2.409,488.02,2.409,0.0,0.0,0.0
2020-03-31,0.0,512.06,6.229,2.409,488.02,2.409,0.0,0.0,0.0
2020-03-31,0.0,512.06,6.229,2.409,488.02,2.409,0.0,0.0,0.0
2020-04-01,10.09236241,512.06,6.229,2.338,487.34,2.409,-0.07099999999999973,-0.040114999999999845,0.030884999999999885
2020-04-01,8.460707144,512.06,6.229,2.338,487.34,2.338,0.0,-0.0003273499999999985,-0.0003273499999999985
2020-04-01,6.551362588,512.06,6.229,2.338,487.34,2.338,0.0,0.00020284999999999886,0.00020284999999999886
2020-04-01,8.637620084,512.06,6.229,2.338,487.34,2.338,0.0,-0.0006823499999999972,-0.0006823499999999972
2020-04-01,7.851047021,512.06,6.229,2.338,487.34,2.338,0.0,0.0003538999999999981,0.0003538999999999981
2020-04-01,11.46407394,512.06,6.229,2.338,487.34,2.338,0.0,-0.01188294999999998,-0.01188294999999998
2020-04-01,4.50403306,512.06,6.229,2.338,487.34,2.338,0.0,0.0,0.0
2020-04-01,13.02875062,512.06,6.229,2.338,487.34,2.338,0.0,-0.0032412499999999933,-0.0032412499999999933
2020-04-01,17.3565834,512.06,6.229,2.338,487.34,2.338,0.0,0.005641150000000017,0.005641150000000017
2020-04-01,0.868021709,512.06,6.229,2.338,487.34,2.338,0.0,0.0,0.0
2020-04-01,6.62409754,512.06,6.229,2.338,487.34,2.338,0.0,0.00020284999999999886,0.00020284999999999886
2020-04-02,1.241346026,512.06,6.229,2.33823,487.34,2.338,0.00022999999999973042,0.00041369999999983696,0.00018370000000010654
2020-04-02,0.0,512.06,6.229,2.33823,487.34,2.33823,0.0,0.0,0.0
2020-04-02,0.0,512.06,6.229,2.33823,487.34,2.33823,0.0,0.0,0.0
2020-04-02,3.120488619,512.06,6.229,2.33823,487.34,2.33823,0.0,0.0,0.0
2020-04-02,2.124433474,512.06,6.229,2.33823,487.34,2.33823,0.0,0.00013670000000000072,0.00013670000000000072
2020-04-02,3.700799988,512.06,6.229,2.33823,487.34,2.33823,0.0,0.0,0.0
2020-04-02,0.01708578,512.06,6.229,2.33823,487.34,2.33823,0.0,-3.800000000007131e-06,-3.800000000007131e-06
2020-04-02,1.812477075,512.06,6.229,2.33823,487.34,2.33823,0.0,0.00013670000000000072,0.00013670000000000072
2020-04-02,0.192097626,512.06,6.229,2.33823,487.34,2.33823,0.0,0.0016220000000000034,0.0016220000000000034
2020-04-02,0.216986672,512.06,6.229,2.33823,487.34,2.33823,0.0,0.0,0.0
2020-04-02,0.848032767,512.06,6.229,2.33823,487.34,2.33823,0.0,0.0,0.0
2020-04-03,0.376887616,512.06,6.229,2.33823,487.34,2.33823,0.0,0.0,0.0
2020-04-03,0.258414699,512.06,6.229,2.33823,487.34,2.33823,0.0,0.0,0.0
2020-04-03,1.634517069,512.06,6.229,2.33823,487.34,2.33823,0.0,0.00013670000000000072,0.00013670000000000072
2020-04-03,0.0,512.06,6.229,2.33823,487.34,2.33823,0.0,0.0,0.0
2020-04-03,1.719811759,512.06,6.229,2.33823,487.34,2.33823,0.0,0.00013670000000000072,0.00013670000000000072
2020-04-03,0.944443281,512.06,6.229,2.33823,487.34,2.33823,0.0,0.0,0.0
2020-04-03,0.150937879,512.06,6.229,2.33823,487.34,2.33823,0.0,2.0500000000001074e-06,2.0500000000001074e-06
2020-04-03,0.710564496,512.06,6.229,2.33823,487.34,2.33823,0.0,0.0,0.0
2020-04-03,0.432042589,512.06,6.229,2.33823,487.34,2.33823,0.0,0.00028960000000000097,0.00028960000000000097
2020-04-03,0.168085414,512.06,6.229,2.33823,487.34,2.33823,0.0,0.0002473000000000014,0.0002473000000000014
2020-04-03,1.046678855,512.06,6.229,2.33823,487.34,2.33823,0.0,6.8999999999919125e-06,6.8999999999919125e-06
2020-04-04,0.0,512.06,6.229,2.33823,487.34,2.33823,0.0,0.0,0.0
2020-04-04,0.0,512.06,6.229,2.33823,487.34,2.33823,0.0,0.0,0.0
2020-04-04,0.0,512.06,6.229,2.33823,487.34,2.33823,0.0,0.0,0.0
2020-04-04,0.0,512.06,6.229,2.33823,487.34,2.33823,0.0,0.0,0.0
2020-04-04,0.0,512.06,6.229,2.33823,487.34,2.33823,0.0,0.0,0.0
2020-04-04,0.0,512.06,6.229,2.33823,487.34,2.33823,0.0,0.0,0.0
2020-04-04,0.0,512.06,6.229,2.33823,487.34,2.33823,0.0,0.0,0.0
2020-04-04,0.0,512.06,6.229,2.33823,487.34,2.33823,0.0,0.0,0.0
2020-04-04,0.0,512.06,6.229,2.33823,487.34,2.33823,0.0,0.0,0.0
2020-04-04,0.0,512.06,6.229,2.33823,487.34,2.33823,0.0,0.0,0.0
2020-04-04,0.0,512.06,6.229,2.33823,487.34,2.33823,0.0,0.0,0.0
2020-04-05,0.0,512.06,6.229,2.33823,487.34,2.33823,0.0,0.0,0.0
2020-04-05,0.0,512.06,6.229,2.33823,487.34,2.33823,0.0,0.0,0.0
2020-04-05,0.070510852,512.06,6.229,2.33823,487.34,2.33823,0.0,0.0,0.0
2020-04-05,0.0,512.06,6.229,2.33823,487.34,2.33823,0.0,0.0,0.0
2020-04-05,0.0,512.06,6.229,2.33823,487.34,2.33823,0.0,0.0,0.0
2020-04-05,0.0,512.06,6.229,2.33823,487.34,2.33823,0.0,0.0,0.0
2020-04-05,0.08613823,512.06,6.229,2.33823,487.34,2.33823,0.0,-0.001146100000000001,-0.001146100000000001
2020-04-05,0.092052159,512.06,6.229,2.33823,487.34,2.33823,0.0,-0.0062817000000000185,-0.0062817000000000185
2020-04-05,0.0,512.06,6.229,2.33823,487.34,2.33823,0.0,0.0,0.0
2020-04-05,0.0,512.06,6.229,2.33823,487.34,2.33823,0.0,0.0,0.0
2020-04-05,0.0,512.06,6.229,2.33823,487.34,2.33823,0.0,0.0,0.0
2020-04-06,0.197008303,512.06,6.229,2.33823,487.34,2.33823,0.0,0.00486600000000001,0.00486600000000001
2020-04-06,0.0,512.06,6.229,2.33823,487.34,2.33823,0.0,0.0,0.0
2020-04-06,0.757092278,512.06,6.229,2.33823,487.34,2.33823,0.0,0.0,0.0
2020-04-06,0.0,512.06,6.229,2.33823,487.34,2.33823,0.0,0.0,0.0
2020-04-06,0.0,512.06,6.229,2.33823,487.34,2.33823,0.0,0.0,0.0
2020-04-06,2.067859969,512.06,6.229,2.33823,487.34,2.33823,0.0,0.00013670000000000072,0.00013670000000000072
2020-04-06,0.574421597,512.06,6.229,2.33823,487.34,2.33823,0.0,0.0,0.0
2020-04-06,0.0,512.06,6.229,2.33823,487.34,2.33823,0.0,0.0,0.0
2020-04-06,0.0,512.06,6.229,2.33823,487.34,2.33823,0.0,0.0,0.0
2020-04-06,1.630043579,512.06,6.229,2.33823,487.34,2.33823,0.0,0.00013670000000000072,0.00013670000000000072
2020-04-06,0.152130886,512.06,6.229,2.33823,487.34,2.33823,0.0,2.0500000000001074e-06,2.0500000000001074e-06
2020-04-07,0.571566156,512.06,6.229,2.33823,487.34,2.33823,0.0,0.0,0.0
2020-04-07,0.303498683,512.06,6.229,2.33823,487.34,2.33823,0.0,-0.00014824999999999867,-0.00014824999999999867
2020-04-07,0.457488604,512.06,6.229,2.33823,487.34,2.33823,0.0,0.00028960000000000097,0.00028960000000000097
2020-04-07,0.226738502,512.06,6.229,2.33823,487.34,2.33823,0.0,0.00022014999999999895,0.00022014999999999895
2020-04-07,0.0,512.06,6.229,2.33823,487.34,2.33823,0.0,0.0,0.0
2020-04-07,0.0,512.06,6.229,2.33823,487.34,2.33823,0.0,0.0,0.0
2020-04-07,0.0,512.06,6.229,2.33823,487.34,2.33823,0.0,0.0,0.0
2020-04-07,0.0,512.06,6.229,2.33823,487.34,2.33823,0.0,0.0,0.0
2020-04-07,0.796861522,512.06,6.229,2.33823,487.34,2.33823,0.0,0.0,0.0
2020-04-07,0.028917646,512.06,6.229,2.33823,487.34,2.33823,0.0,0.0,0.0
2020-04-07,0.27708936,512.06,6.229,2.33823,487.34,2.33823,0.0,0.0,0.0
2020-04-08,5.479299631,512.06,6.229,2.253,486.44,2.33823,-0.0852299999999997,-0.051573349999999636,0.03365665000000006
2020-04-08,0.774613525,512.06,6.229,2.253,486.44,2.253,0.0,-0.00044404999999999917,-0.00044404999999999917
2020-04-08,1.318866746,512.06,6.229,2.253,486.44,2.253,0.0,4.599999999994609e-06,4.599999999994609e-06
2020-04-08,4.176456593,512.06,6.229,2.253,486.44,2.253,0.0,-0.006392249999999977,-0.006392249999999977
2020-04-08,1.900401406,512.06,6.229,2.253,486.44,2.253,0.0,0.0,0.0
2020-04-08,2.763952459,512.06,6.229,2.253,486.44,2.253,0.0,0.0,0.0
2020-04-08,1.593650729,512.06,6.229,2.253,486.44,2.253,0.0,0.0,0.0
2020-04-08,2.440677887,512.06,6.229,2.253,486.44,2.253,0.0,0.00011595000000000022,0.00011595000000000022
2020-04-08,0.218820378,512.06,6.229,2.253,486.44,2.253,0.0,0.0,0.0
2020-04-08,2.156235797,512.06,6.229,2.253,486.44,2.253,0.0,0.0,0.0
2020-04-08,1.224585324,512.06,6.229,2.253,486.44,2.253,0.0,-1.2950000000013784e-05,-1.2950000000013784e-05
2020-04-09,0.190628327,512.06,6.229,2.253,486.44,2.253,0.0,0.0006082500000000013,0.0006082500000000013
2020-04-09,1.508679465,512.06,6.229,2.253,486.44,2.253,0.0,0.0,0.0
2020-04-09,0.881462918,512.06,6.229,2.253,486.44,2.253,0.0,0.0,0.0
2020-04-09,1.668860886,512.06,6.229,2.253,486.44,2.253,0.0,0.0,0.0
2020-04-09,2.19267157,512.06,6.229,2.253,486.44,2.253,0.0,0.0,0.0
2020-04-09,0.606948732,512.06,6.229,2.253,486.44,2.253,0.0,0.0,0.0
2020-04-09,0.006800389,512.06,6.229,2.253,486.44,2.253,0.0,0.0,0.0
2020-04-09,8.68e-05,512.06,6.229,2.253,486.44,2.253,0.0,0.0006212499999999998,0.0006212499999999998
2020-04-09,0.209482288,512.06,6.229,2.253,486.44,2.253,0.0,0.0,0.0
2020-04-09,0.009892877,512.06,6.229,2.253,486.44,2.253,0.0,0.0,0.0
2020-04-09,0.01073093,512.06,6.229,2.253,486.44,2.253,0.0,0.0,0.0
2020-04-10,0.0,512.06,6.229,2.253,486.44,2.253,0.0,0.0,0.0
2020-04-10,0.0,512.06,6.229,2.253,486.44,2.253,0.0,0.0,0.0
2020-04-10,0.0,512.06,6.229,2.253,486.44,2.253,0.0,0.0,0.0
2020-04-10,0.0,512.06,6.229,2.253,486.44,2.253,0.0,0.0,0.0
2020-04-10,0.0,512.06,6.229,2.253,486.44,2.253,0.0,0.0,0.0
2020-04-10,0.0,512.06,6.229,2.253,486.44,2.253,0.0,0.0,0.0
2020-04-10,0.0,512.06,6.229,2.253,486.44,2.253,0.0,0.0,0.0
2020-04-10,0.0,512.06,6.229,2.253,486.44,2.253,0.0,0.0,0.0
2020-04-10,0.0,512.06,6.229,2.253,486.44,2.253,0.0,0.0,0.0
2020-04-10,0.0,512.06,6.229,2.253,486.44,2.253,0.0,0.0,0.0
2020-04-10,0.0,512.06,6.229,2.253,486.44,2.253,0.0,0.0,0.0
2020-04-11,0.0,512.06,6.229,2.253,486.44,2.253,0.0,0.0,0.0
2020-04-11,0.0,512.06,6.229,2.253,486.44,2.253,0.0,0.0,0.0
2020-04-11,0.0,512.06,6.229,2.253,486.44,2.253,0.0,0.0,0.0
2020-04-11,0.0,512.06,6.229,2.253,486.44,2.253,0.0,0.0,0.0
2020-04-11,0.304685075,512.06,6.229,2.253,486.44,2.253,0.0,0.0,0.0
2020-04-11,0.0,512.06,6.229,2.253,486.44,2.253,0.0,0.0,0.0
2020-04-11,0.097114648,512.06,6.229,2.253,486.44,2.253,0.0,0.0037506000000000063,0.0037506000000000063
2020-04-11,0.0,512.06,6.229,2.253,486.44,2.253,0.0,0.0,0.0
2020-04-11,0.0,512.06,6.229,2.253,486.44,2.253,0.0,0.0,0.0
2020-04-11,0.290543248,512.06,6.229,2.253,486.44,2.253,0.0,0.0,0.0
2020-04-11,0.0,512.06,6.229,2.253,486.44,2.253,0.0,0.0,0.0
2020-04-12,0.0,512.06,6.229,2.253,486.44,2.253,0.0,0.0,0.0
2020-04-12,0.0,512.06,6.229,2.253,486.44,2.253,0.0,0.0,0.0
2020-04-12,0.0,512.06,6.229,2.253,486.44,2.253,0.0,0.0,0.0
2020-04-12,0.0,512.06,6.229,2.253,486.44,2.253,0.0,0.0,0.0
2020-04-12,0.0,512.06,6.229,2.253,486.44,2.253,0.0,0.0,0.0
2020-04-12,0.0,512.06,6.229,2.253,486.44,2.253,0.0,0.0,0.0
2020-04-12,0.0,512.06,6.229,2.253,486.44,2.253,0.0,0.0,0.0
2020-04-12,0.0,512.06,6.229,2.253,486.44,2.253,0.0,0.0,0.0
2020-04-12,0.0,512.06,6.229,2.253,486.44,2.253,0.0,0.0,0.0
2020-04-12,0.0,512.06,6.229,2.253,486.44,2.253,0.0,0.0,0.0
2020-04-12,0.0,512.06,6.229,2.253,486.44,2.253,0.0,0.0,0.0
2020-04-13,0.0,512.06,6.229,2.253,486.44,2.253,0.0,0.0,0.0
2020-04-13,0.0,512.06,6.229,2.253,486.44,2.253,0.0,0.0,0.0
2020-04-13,0.0,512.06,6.229,2.253,486.44,2.253,0.0,0.0,0.0
2020-04-13,0.0,512.06,6.229,2.253,486.44,2.253,0.0,0.0,0.0
2020-04-13,0.0,512.06,6.229,2.253,486.44,2.253,0.0,0.0,0.0
2020-04-13,0.0,512.06,6.229,2.253,486.44,2.253,0.0,0.0,0.0
2020-04-13,0.0,512.06,6.229,2.253,486.44,2.253,0.0,0.0,0.0
2020-04-13,0.0,512.06,6.229,2.253,486.44,2.253,0.0,0.0,0.0
2020-04-13,0.0,512.06,6.229,2.253,486.44,2.253,0.0,0.0,0.0
2020-04-13,0.0,512.06,6.229,2.253,486.44,2.253,0.0,0.0,0.0
2020-04-13,0.0,512.06,6.229,2.253,486.44,2.253,0.0,0.0,0.0
2020-04-14,0.0,512.06,6.229,2.253,486.44,2.253,0.0,0.0,0.0
2020-04-14,0.0,512.06,6.229,2.253,486.44,2.253,0.0,0.0,0.0
2020-04-14,0.0,512.06,6.229,2.253,486.44,2.253,0.0,0.0,0.0
2020-04-14,0.0,512.06,6.229,2.253,486.44,2.253,0.0,0.0,0.0
2020-04-14,0.0,512.06,6.229,2.253,486.44,2.253,0.0,0.0,0.0
2020-04-14,0.0,512.06,6.229,2.253,486.44,2.253,0.0,0.0,0.0
2020-04-14,0.0,512.06,6.229,2.253,486.44,2.253,0.0,0.0,0.0
2020-04-14,0.0,512.06,6.229,2.253,486.44,2.253,0.0,0.0,0.0
2020-04-14,0.0,512.06,6.229,2.253,486.44,2.253,0.0,0.0,0.0
2020-04-14,0.0,512.06,6.229,2.253,486.44,2.253,0.0,0.0,0.0
2020-04-14,0.0,512.06,6.229,2.253,486.44,2.253,0.0,0.0,0.0
2020-04-15,0.090350686,512.06,6.229,2.18,485.68,2.253,-0.07299999999999995,-0.04343500000000011,0.02956499999999984
2020-04-15,1.495448874,512.06,6.229,2.18,485.68,2.18,0.0,-0.00036499999999999976,-0.00036499999999999976
2020-04-15,1.201378832,512.06,6.229,2.18,485.68,2.18,0.0,-0.0003976500000000049,-0.0003976500000000049
2020-04-15,0.518864936,512.06,6.229,2.18,485.68,2.18,0.0,-0.001459999999999999,-0.001459999999999999
2020-04-15,1.530060671,512.06,6.229,2.18,485.68,2.18,0.0,-0.00036499999999999976,-0.00036499999999999976
2020-04-15,0.342334706,512.06,6.229,2.18,485.68,2.18,0.0,-0.001459999999999999,-0.001459999999999999
2020-04-15,0.0,512.06,6.229,2.18,485.68,2.18,0.0,-0.00036499999999999976,-0.00036499999999999976
2020-04-15,1.149856834,512.06,6.229,2.18,485.68,2.18,0.0,-0.0006795500000000221,-0.0006795500000000221
2020-04-15,3.878969177,512.06,6.229,2.18,485.68,2.18,0.0,0.0,0.0
2020-04-15,0.0,512.06,6.229,2.18,485.68,2.18,0.0,-0.00036499999999999976,-0.00036499999999999976
2020-04-15,0.0,512.06,6.229,2.18,485.68,2.18,0.0,-0.00036499999999999976,-0.00036499999999999976
2020-04-16,1.148098282,512.06,6.229,2.17767,485.64,2.18,-0.0023300000000001653,-0.002609250000000103,-0.00027924999999993753
2020-04-16,1.354681798,512.06,6.229,2.17767,485.64,2.17767,0.0,-2.640000000001086e-05,-2.640000000001086e-05
2020-04-16,0.91834887,512.06,6.229,2.17767,485.64,2.17767,0.0,0.0,0.0
2020-04-16,0.035154449,512.06,6.229,2.17767,485.64,2.17767,0.0,-0.00036499999999999976,-0.00036499999999999976
2020-04-16,2.015830753,512.06,6.229,2.17767,485.64,2.17767,0.0,0.0,0.0
2020-04-16,1.848878229,512.06,6.229,2.17767,485.64,2.17767,0.0,0.0,0.0
2020-04-16,11.4602793,512.06,6.229,2.17767,485.64,2.17767,0.0,-0.004208849999999995,-0.004208849999999995
2020-04-16,0.384155713,512.06,6.229,2.17767,485.64,2.17767,0.0,0.0,0.0
2020-04-16,0.0,512.06,6.229,2.17767,485.64,2.17767,0.0,0.0,0.0
2020-04-16,0.0,512.06,6.229,2.17767,485.64,2.17767,0.0,0.0,0.0
2020-04-16,1.019386896,512.06,6.229,2.17767,485.64,2.17767,0.0,-1.1650000000000827e-05,-1.1650000000000827e-05
2020-04-17,0.0,512.06,6.229,2.17767,485.64,2.17767,0.0,0.0,0.0
2020-04-17,0.0,512.06,6.229,2.17767,485.64,2.17767,0.0,0.0,0.0
2020-04-17,0.0,512.06,6.229,2.17767,485.64,2.17767,0.0,0.0,0.0
2020-04-17,0.0,512.06,6.229,2.17767,485.64,2.17767,0.0,0.0,0.0
2020-04-17,0.0,512.06,6.229,2.17767,485.64,2.17767,0.0,0.0,0.0
2020-04-17,0.0,512.06,6.229,2.17767,485.64,2.17767,0.0,0.0,0.0
2020-04-17,0.0,512.06,6.229,2.17767,485.64,2.17767,0.0,0.0,0.0
2020-04-17,0.0,512.06,6.229,2.17767,485.64,2.17767,0.0,0.0,0.0
2020-04-17,0.0,512.06,6.229,2.17767,485.64,2.17767,0.0,0.0,0.0
2020-04-17,0.0,512.06,6.229,2.17767,485.64,2.17767,0.0,0.0,0.0
2020-04-17,0.0,512.06,6.229,2.17767,485.64,2.17767,0.0,0.0,0.0
2020-04-18,9.104273199,512.06,6.229,2.17767,485.64,2.17767,0.0,0.0,0.0
2020-04-18,17.91181561,512.06,6.229,2.17767,485.64,2.17767,0.0,0.0028803000000000045,0.0028803000000000045
2020-04-18,1.653871552,512.06,6.229,2.17767,485.64,2.17767,0.0,0.0,0.0
2020-04-18,22.22641288,512.06,6.229,2.17767,485.64,2.17767,0.0,0.0,0.0
2020-04-18,6.023868882,512.06,6.229,2.17767,485.64,2.17767,0.0,0.0,0.0
2020-04-18,28.21892721,512.06,6.229,2.17767,485.64,2.17767,0.0,0.0,0.0
2020-04-18,6.833502134,512.06,6.229,2.17767,485.64,2.17767,0.0,0.0,0.0
2020-04-18,22.66576519,512.06,6.229,2.17767,485.64,2.17767,0.0,0.0,0.0
2020-04-18,22.60455246,512.06,6.229,2.17767,485.64,2.17767,0.0,0.0,0.0
2020-04-18,11.71584904,512.06,6.229,2.17767,485.64,2.17767,0.0,0.0,0.0
2020-04-18,14.88925527,512.06,6.229,2.17767,485.64,2.17767,0.0,0.0,0.0
2020-04-19,4.724999283,512.06,6.229,2.17767,485.64,2.17767,0.0,0.0,0.0
2020-04-19,11.68418013,512.06,6.229,2.17767,485.64,2.17767,0.0,-0.0009775,-0.0009775
2020-04-19,6.031602098,512.06,6.229,2.17767,485.64,2.17767,0.0,0.0,0.0
2020-04-19,4.733154677,512.06,6.229,2.17767,485.64,2.17767,0.0,0.0,0.0
2020-04-19,1.131874955,512.06,6.229,2.17767,485.64,2.17767,0.0,-0.00029125000000002066,-0.00029125000000002066
2020-04-19,5.614818069,512.06,6.229,2.17767,485.64,2.17767,0.0,-0.0012784499999999954,-0.0012784499999999954
2020-04-19,9.120633122,512.06,6.229,2.17767,485.64,2.17767,0.0,0.0,0.0
2020-04-19,6.865288098,512.06,6.229,2.17767,485.64,2.17767,0.0,2.7549999999999518e-05,2.7549999999999518e-05
2020-04-19,3.8669863,512.06,6.229,2.17767,485.64,2.17767,0.0,0.0,0.0
2020-04-19,6.292937595,512.06,6.229,2.17767,485.64,2.17767,0.0,0.0,0.0
2020-04-19,7.421833889,512.06,6.229,2.17767,485.64,2.17767,0.0,0.0,0.0
2020-04-20,3.58296043,512.06,6.229,2.17767,485.64,2.17767,0.0,0.0,0.0
2020-04-20,1.998029961,512.06,6.229,2.17767,485.64,2.17767,0.0,0.0011793999999999993,0.0011793999999999993
2020-04-20,0.382688017,512.06,6.229,2.17767,485.64,2.17767,0.0,0.0,0.0
2020-04-20,0.219692991,512.06,6.229,2.17767,485.64,2.17767,0.0,-0.00036499999999999976,-0.00036499999999999976
2020-04-20,0.557889284,512.06,6.229,2.17767,485.64,2.17767,0.0,0.0,0.0
2020-04-20,3.894223542,512.06,6.229,2.17767,485.64,2.17767,0.0,0.0,0.0
2020-04-20,3.83100353,512.06,6.229,2.17767,485.64,2.17767,0.0,0.0,0.0
2020-04-20,0.815907371,512.06,6.229,2.17767,485.64,2.17767,0.0,0.0,0.0
2020-04-20,1.646017304,512.06,6.229,2.17767,485.64,2.17767,0.0,0.0,0.0
2020-04-20,2.212377327,512.06,6.229,2.17767,485.64,2.17767,0.0,0.0,0.0
2020-04-20,2.888690483,512.06,6.229,2.17767,485.64,2.17767,0.0,-0.0016334500000000074,-0.0016334500000000074
2020-04-21,5.802927623,512.06,6.229,2.17767,485.64,2.17767,0.0,0.0,0.0
2020-04-21,11.31538599,512.06,6.229,2.17767,485.64,2.17767,0.0,0.00031650000000000845,0.00031650000000000845
2020-04-21,0.724146142,512.06,6.229,2.17767,485.64,2.17767,0.0,0.0,0.0
2020-04-21,2.364368735,512.06,6.229,2.17767,485.64,2.17767,0.0,0.00021665000000000044,0.00021665000000000044
2020-04-21,5.644055507,512.06,6.229,2.17767,485.64,2.17767,0.0,0.0,0.0
2020-04-21,0.545748038,512.06,6.229,2.17767,485.64,2.17767,0.0,0.0,0.0
2020-04-21,3.569046846,512.06,6.229,2.17767,485.64,2.17767,0.0,0.0,0.0
2020-04-21,0.990538236,512.06,6.229,2.17767,485.64,2.17767,0.0,0.0006440999999999963,0.0006440999999999963
2020-04-21,3.212196493,512.06,6.229,2.17767,485.64,2.17767,0.0,0.00017554999999999988,0.00017554999999999988
2020-04-21,1.802379891,512.06,6.229,2.17767,485.64,2.17767,0.0,0.0,0.0
2020-04-21,1.913853709,512.06,6.229,2.17767,485.64,2.17767,0.0,0.0016682999999999915,0.0016682999999999915
2020-04-22,2.939021952,512.06,6.229,2.131,485.14,2.17767,-0.04667000000000021,-0.030802200000000238,0.015867799999999974
2020-04-22,1.763908093,512.06,6.229,2.131,485.14,2.131,0.0,0.0,0.0
2020-04-22,1.629388425,512.06,6.229,2.131,485.14,2.131,0.0,0.0,0.0
2020-04-22,9.043546417,512.06,6.229,2.131,485.14,2.131,0.0,0.00015104999999999925,0.00015104999999999925
2020-04-22,0.035136442,512.06,6.229,2.131,485.14,2.131,0.0,0.0,0.0
2020-04-22,8.960024872,512.06,6.229,2.131,485.14,2.131,0.0,0.00015104999999999925,0.00015104999999999925
2020-04-22,1.927094015,512.06,6.229,2.131,485.14,2.131,0.0,0.002224399999999989,0.002224399999999989
2020-04-22,1.780029262,512.06,6.229,2.131,485.14,2.131,0.0,0.0,0.0
2020-04-22,0.975574105,512.06,6.229,2.131,485.14,2.131,0.0,0.0,0.0
2020-04-22,3.347081545,512.06,6.229,2.131,485.14,2.131,0.0,0.0011132499999999968,0.0011132499999999968
2020-04-22,0.28118418,512.06,6.229,2.131,485.14,2.131,0.0,0.0,0.0
2020-04-23,0.034988319,512.06,6.229,2.131,485.14,2.131,0.0,0.0,0.0
2020-04-23,0.389424675,512.06,6.229,2.131,485.14,2.131,0.0,0.0,0.0
2020-04-23,0.0,512.06,6.229,2.131,485.14,2.131,0.0,0.0,0.0
2020-04-23,0.38238081,512.06,6.229,2.131,485.14,2.131,0.0,0.0,0.0
2020-04-23,0.035843005,512.06,6.229,2.131,485.14,2.131,0.0,0.0,0.0
2020-04-23,0.0,512.06,6.229,2.131,485.14,2.131,0.0,0.0,0.0
2020-04-23,0.0,512.06,6.229,2.131,485.14,2.131,0.0,0.0,0.0
2020-04-23,0.106367449,512.06,6.229,2.131,485.14,2.131,0.0,0.00021290000000000032,0.00021290000000000032
2020-04-23,0.27253796,512.06,6.229,2.131,485.14,2.131,0.0,0.0,0.0
2020-04-23,0.0,512.06,6.229,2.131,485.14,2.131,0.0,0.0,0.0
2020-04-23,0.0,512.06,6.229,2.131,485.14,2.131,0.0,0.0,0.0
2020-04-24,0.226503173,512.06,6.229,2.131,485.14,2.131,0.0,0.0008805999999999958,0.0008805999999999958
2020-04-24,0.505399287,512.06,6.229,2.131,485.14,2.131,0.0,0.0,0.0
2020-04-24,0.0,512.06,6.229,2.131,485.14,2.131,0.0,0.0,0.0
2020-04-24,0.0,512.06,6.229,2.131,485.14,2.131,0.0,0.0,0.0
2020-04-24,0.006545996,512.06,6.229,2.131,485.14,2.131,0.0,0.0,0.0
2020-04-24,0.0,512.06,6.229,2.131,485.14,2.131,0.0,0.0,0.0
2020-04-24,0.597280594,512.06,6.229,2.131,485.14,2.131,0.0,0.0,0.0
2020-04-24,0.040078279,512.06,6.229,2.131,485.14,2.131,0.0,0.0,0.0
2020-04-24,0.013846637,512.06,6.229,2.131,485.14,2.131,0.0,-9.500000000017828e-07,-9.500000000017828e-07
2020-04-24,0.121343826,512.06,6.229,2.131,485.14,2.131,0.0,-0.005146649999999974,-0.005146649999999974
2020-04-24,1.353504504,512.06,6.229,2.131,485.14,2.131,0.0,0.0,0.0
2020-04-25,0.0,512.06,6.229,2.131,485.14,2.131,0.0,0.0,0.0
2020-04-25,0.0,512.06,6.229,2.131,485.14,2.131,0.0,0.0,0.0
2020-04-25,0.0,512.06,6.229,2.131,485.14,2.131,0.0,0.0,0.0
2020-04-25,0.0,512.06,6.229,2.131,485.14,2.131,0.0,0.0,0.0
2020-04-25,0.0,512.06,6.229,2.131,485.14,2.131,0.0,0.0,0.0
2020-04-25,0.333027944,512.06,6.229,2.131,485.14,2.131,0.0,0.0,0.0
2020-04-25,0.432599521,512.06,6.229,2.131,485.14,2.131,0.0,0.0,0.0
2020-04-25,0.0,512.06,6.229,2.131,485.14,2.131,0.0,0.0,0.0
2020-04-25,0.0,512.06,6.229,2.131,485.14,2.131,0.0,0.0,0.0
2020-04-25,0.0,512.06,6.229,2.131,485.14,2.131,0.0,0.0,0.0
2020-04-25,0.035792715,512.06,6.229,2.131,485.14,2.131,0.0,0.0,0.0
2020-04-26,1.395667202,512.06,6.229,2.131,485.14,2.131,0.0,0.0004101000000000021,0.0004101000000000021
2020-04-26,1.244464924,512.06,6.229,2.131,485.14,2.131,0.0,-5.900000000007566e-06,-5.900000000007566e-06
2020-04-26,6.14524928,512.06,6.229,2.131,485.14,2.131,0.0,0.0,0.0
2020-04-26,7.390872491,512.06,6.229,2.131,485.14,2.131,0.0,0.00020284999999999886,0.00020284999999999886
2020-04-26,0.564800417,512.06,6.229,2.131,485.14,2.131,0.0,0.0,0.0
2020-04-26,2.052521613,512.06,6.229,2.131,485.14,2.131,0.0,0.0,0.0
2020-04-26,12.59531327,512.06,6.229,2.131,485.14,2.131,0.0,0.0005208000000000013,0.0005208000000000013
2020-04-26,0.438079152,512.06,6.229,2.131,485.14,2.131,0.0,0.0011463500000000071,0.0011463500000000071
2020-04-26,6.81742968,512.06,6.229,2.131,485.14,2.131,0.0,2.7549999999999518e-05,2.7549999999999518e-05
2020-04-26,0.81086495,512.06,6.229,2.131,485.14,2.131,0.0,0.0,0.0
2020-04-26,6.917462789,512.06,6.229,2.131,485.14,2.131,0.0,0.0,0.0
2020-04-27,3.00430896,512.06,6.229,2.131,485.14,2.131,0.0,-0.0031082000000000197,-0.0031082000000000197
2020-04-27,6.612625769,512.06,6.229,2.131,485.14,2.131,0.0,0.0,0.0
2020-04-27,2.377907342,512.06,6.229,2.131,485.14,2.131,0.0,0.0007964000000000016,0.0007964000000000016
2020-04-27,6.233406497,512.06,6.229,2.131,485.14,2.131,0.0,-0.0001908000000000021,-0.0001908000000000021
2020-04-27,5.135647314,512.06,6.229,2.131,485.14,2.131,0.0,0.004122749999999997,0.004122749999999997
2020-04-27,1.159102818,512.06,6.229,2.131,485.14,2.131,0.0,-4.660000000000331e-05,-4.660000000000331e-05
2020-04-27,5.211138526,512.06,6.229,2.131,485.14,2.131,0.0,0.0,0.0
2020-04-27,2.797154956,512.06,6.229,2.131,485.14,2.131,0.0,-0.0014001000000000063,-0.0014001000000000063
2020-04-27,2.260536176,512.06,6.229,2.131,485.14,2.131,0.0,0.00020140000000000048,0.00020140000000000048
2020-04-27,4.381068485,512.06,6.229,2.131,485.14,2.131,0.0,0.0,0.0
2020-04-27,0.735052321,512.06,6.229,2.131,485.14,2.131,0.0,0.0,0.0
2020-04-28,0.210500258,512.06,6.229,2.131,485.14,2.131,0.0,0.0,0.0
2020-04-28,1.127330268,512.06,6.229,2.131,485.14,2.131,0.0,-6.990000000000495e-05,-6.990000000000495e-05
2020-04-28,0.526401948,512.06,6.229,2.131,485.14,2.131,0.0,0.0,0.0
2020-04-28,5.965288301,512.06,6.229,2.131,485.14,2.131,0.0,0.0,0.0
2020-04-28,2.88131192,512.06,6.229,2.131,485.14,2.131,0.0,-0.003733600000000017,-0.003733600000000017
2020-04-28,2.205246173,512.06,6.229,2.131,485.14,2.131,0.0,0.0,0.0
2020-04-28,0.409348337,512.06,6.229,2.131,485.14,2.131,0.0,-0.0003600000000000003,-0.0003600000000000003
2020-04-28,1.449137229,512.06,6.229,2.131,485.14,2.131,0.0,0.0,0.0
2020-04-28,2.158500299,512.06,6.229,2.131,485.14,2.131,0.0,0.0,0.0
2020-04-28,1.936844336,512.06,6.229,2.131,485.14,2.131,0.0,0.0,0.0
2020-04-28,4.836060404,512.06,6.229,2.131,485.14,2.131,0.0,0.0028949999999999944,0.0028949999999999944
2020-04-29,0.128061416,512.06,6.229,2.055,484.34,2.131,-0.07599999999999962,-0.04936054999999986,0.026639449999999766
2020-04-29,0.095072562,512.06,6.229,2.055,484.34,2.055,0.0,-0.002089100000000017,-0.002089100000000017
2020-04-29,0.902471923,512.06,6.229,2.055,484.34,2.055,0.0,0.0,0.0
2020-04-29,0.0,512.06,6.229,2.055,484.34,2.055,0.0,0.0,0.0
2020-04-29,0.379925566,512.06,6.229,2.055,484.34,2.055,0.0,0.0,0.0
2020-04-29,0.006592083,512.06,6.229,2.055,484.34,2.055,0.0,-5.700000000010697e-06,-5.700000000010697e-06
2020-04-29,0.92117277,512.06,6.229,2.055,484.34,2.055,0.0,0.0,0.0
2020-04-29,0.951083468,512.06,6.229,2.055,484.34,2.055,0.0,-6.329999999999724e-05,-6.329999999999724e-05
2020-04-29,0.058252906,512.06,6.229,2.055,484.34,2.055,0.0,-2.8500000000053484e-06,-2.8500000000053484e-06
2020-04-29,0.578029711,512.06,6.229,2.055,484.34,2.055,0.0,0.0,0.0
2020-04-29,0.344085442,512.06,6.229,2.055,484.34,2.055,0.0,0.0,0.0
2020-04-30,0.016087006,512.06,6.229,2.05481,484.34,2.055,-0.00019000000000035655,-0.00011780000000022106,7.220000000013549e-05
2020-04-30,0.320858024,512.06,6.229,2.05481,484.34,2.05481,0.0,0.0,0.0
2020-04-30,0.0,512.06,6.229,2.05481,484.34,2.05481,0.0,0.0,0.0
2020-04-30,0.0,512.06,6.229,2.05481,484.34,2.05481,0.0,0.0,0.0
2020-04-30,0.0,512.06,6.229,2.05481,484.34,2.05481,0.0,0.0,0.0
2020-04-30,0.0,512.06,6.229,2.05481,484.34,2.05481,0.0,0.0,0.0
2020-04-30,0.032929024,512.06,6.229,2.05481,484.34,2.05481,0.0,-1.045000000001961e-05,-1.045000000001961e-05
2020-04-30,0.0,512.06,6.229,2.05481,484.34,2.05481,0.0,0.0,0.0
2020-04-30,0.0,512.06,6.229,2.05481,484.34,2.05481,0.0,0.0,0.0
2020-04-30,0.034303285,512.06,6.229,2.05481,484.34,2.05481,0.0,-1.045000000001961e-05,-1.045000000001961e-05
2020-04-30,0.156752386,512.06,6.229,2.05481,484.34,2.05481,0.0,-0.002819849999999986,-0.002819849999999986
2020-05-01,1.562623855,512.06,6.229,2.05481,484.34,2.05481,0.0,0.0,0.0
2020-05-01,2.780790736,512.06,6.229,2.05481,484.34,2.05481,0.0,0.0,0.0
2020-05-01,2.695934107,512.06,6.229,2.05481,484.34,2.05481,0.0,0.0,0.0
2020-05-01,1.815435533,512.06,6.229,2.05481,484.34,2.05481,0.0,0.0,0.0
2020-05-01,2.91862345,512.06,6.229,2.05481,484.34,2.05481,0.0,-0.0030335500000000138,-0.0030335500000000138
2020-05-01,2.700643447,512.06,6.229,2.05481,484.34,2.05481,0.0,0.0,0.0
2020-05-01,1.678725258,512.06,6.229,2.05481,484.34,2.05481,0.0,0.0,0.0
2020-05-01,0.394744539,512.06,6.229,2.05481,484.34,2.05481,0.0,0.0,0.0
2020-05-01,0.681787299,512.06,6.229,2.05481,484.34,2.05481,0.0,0.0,0.0
2020-05-01,0.736696968,512.06,6.229,2.05481,484.34,2.05481,0.0,-0.00044404999999999917,-0.00044404999999999917
2020-05-01,1.750088971,512.06,6.229,2.05481,484.34,2.05481,0.0,0.0,0.0
2020-05-02,0.0,512.06,6.229,2.05481,484.34,2.05481,0.0,0.0,0.0
2020-05-02,0.0,512.06,6.229,2.05481,484.34,2.05481,0.0,0.0,0.0
2020-05-02,0.0,512.06,6.229,2.05481,484.34,2.05481,0.0,0.0,0.0
2020-05-02,0.0,512.06,6.229,2.05481,484.34,2.05481,0.0,0.0,0.0
2020-05-02,0.0,512.06,6.229,2.05481,484.34,2.05481,0.0,0.0,0.0
2020-05-02,0.0,512.06,6.229,2.05481,484.34,2.05481,0.0,0.0,0.0
2020-05-02,0.0,512.06,6.229,2.05481,484.34,2.05481,0.0,0.0,0.0
2020-05-02,0.0,512.06,6.229,2.05481,484.34,2.05481,0.0,0.0,0.0
2020-05-02,0.0,512.06,6.229,2.05481,484.34,2.05481,0.0,0.0,0.0
2020-05-02,0.0,512.06,6.229,2.05481,484.34,2.05481,0.0,0.0,0.0
2020-05-02,0.0,512.06,6.229,2.05481,484.34,2.05481,0.0,0.0,0.0
2020-05-03,3.62687654,512.06,6.229,2.05481,484.34,2.05481,0.0,0.0,0.0
2020-05-03,0.302172821,512.06,6.229,2.05481,484.34,2.05481,0.0,-0.00029649999999999734,-0.00029649999999999734
2020-05-03,1.008473841,512.06,6.229,2.05481,484.34,2.05481,0.0,0.0,0.0
2020-05-03,4.459557417,512.06,6.229,2.05481,484.34,2.05481,0.0,0.0,0.0
2020-05-03,0.112597821,512.06,6.229,2.05481,484.34,2.05481,0.0,-0.0015199999999999925,-0.0015199999999999925
2020-05-03,1.727015015,512.06,6.229,2.05481,484.34,2.05481,0.0,0.0,0.0
2020-05-03,0.167779809,512.06,6.229,2.05481,484.34,2.05481,0.0,-0.0024398499999999878,-0.0024398499999999878
2020-05-03,0.450514767,512.06,6.229,2.05481,484.34,2.05481,0.0,0.0,0.0
2020-05-03,1.93656322,512.06,6.229,2.05481,484.34,2.05481,0.0,0.00010070000000000024,0.00010070000000000024
2020-05-03,3.428039994,512.06,6.229,2.05481,484.34,2.05481,0.0,0.0,0.0
2020-05-03,0.942393657,512.06,6.229,2.05481,484.34,2.05481,0.0,0.0,0.0
2020-05-04,5.442400168,512.06,6.229,2.05481,484.34,2.05481,0.0,0.0005352000000000024,0.0005352000000000024
2020-05-04,7.038323783,512.06,6.229,2.05481,484.34,2.05481,0.0,0.0,0.0
2020-05-04,6.559139811,512.06,6.229,2.05481,484.34,2.05481,0.0,0.0,0.0
2020-05-04,4.635705385,512.06,6.229,2.05481,484.34,2.05481,0.0,0.0,0.0
2020-05-04,10.23404825,512.06,6.229,2.05481,484.34,2.05481,0.0,-0.00045679999999999056,-0.00045679999999999056
2020-05-04,5.563346818,512.06,6.229,2.05481,484.34,2.05481,0.0,-0.00023014999999999454,-0.00023014999999999454
2020-05-04,9.046406524,512.06,6.229,2.05481,484.34,2.05481,0.0,0.0007537500000000008,0.0007537500000000008
2020-05-04,0.012536946,512.06,6.229,2.05481,484.34,2.05481,0.0,-1.7100000000032088e-05,-1.7100000000032088e-05
2020-05-04,0.108868409,512.06,6.229,2.05481,484.34,2.05481,0.0,-0.0011399999999999943,-0.0011399999999999943
2020-05-04,1.639652038,512.06,6.229,2.05481,484.34,2.05481,0.0,0.0,0.0
2020-05-04,11.77823399,512.06,6.229,2.05481,484.34,2.05481,0.0,6.330000000000169e-05,6.330000000000169e-05
2020-05-05,0.0,512.06,6.229,2.05481,484.34,2.05481,0.0,0.0,0.0
2020-05-05,0.356946249,512.06,6.229,2.05481,484.34,2.05481,0.0,0.0,0.0
2020-05-05,0.636426776,512.06,6.229,2.05481,484.34,2.05481,0.0,0.0,0.0
2020-05-05,0.559379441,512.06,6.229,2.05481,484.34,2.05481,0.0,0.0,0.0
2020-05-05,0.0,512.06,6.229,2.05481,484.34,2.05481,0.0,0.0,0.0
2020-05-05,0.332699752,512.06,6.229,2.05481,484.34,2.05481,0.0,0.0,0.0
2020-05-05,1.646547946,512.06,6.229,2.05481,484.34,2.05481,0.0,0.0,0.0
2020-05-05,0.666271398,512.06,6.229,2.05481,484.34,2.05481,0.0,0.0,0.0
2020-05-05,0.820670111,512.06,6.229,2.05481,484.34,2.05481,0.0,-0.00044404999999999917,-0.00044404999999999917
2020-05-05,0.0,512.06,6.229,2.05481,484.34,2.05481,0.0,0.0,0.0
2020-05-05,0.411169534,512.06,6.229,2.05481,484.34,2.05481,0.0,0.0,0.0
2020-05-06,0.753752013,512.06,6.229,1.966,483.4,2.05481,-0.08880999999999983,-0.05417409999999993,0.0346358999999999
2020-05-06,0.0,512.06,6.229,1.966,483.4,1.966,0.0,0.0,0.0
2020-05-06,0.0,512.06,6.229,1.966,483.4,1.966,0.0,0.0,0.0
2020-05-06,0.820174851,512.06,6.229,1.966,483.4,1.966,0.0,-0.0039964499999999925,-0.0039964499999999925
2020-05-06,0.001378479,512.06,6.229,1.966,483.4,1.966,0.0,0.0,0.0
2020-05-06,0.069710103,512.06,6.229,1.966,483.4,1.966,0.0,0.0,0.0
2020-05-06,1.798745356,512.06,6.229,1.966,483.4,1.966,0.0,0.0,0.0
2020-05-06,0.211867978,512.06,6.229,1.966,483.4,1.966,0.0,0.0008805999999999958,0.0008805999999999958
2020-05-06,0.898680426,512.06,6.229,1.966,483.4,1.966,0.0,-0.0008880999999999983,-0.0008880999999999983
2020-05-06,0.516081704,512.06,6.229,1.966,483.4,1.966,0.0,0.0,0.0
2020-05-06,0.0,512.06,6.229,1.966,483.4,1.966,0.0,0.0,0.0
2020-05-07,9.17298783,512.06,6.229,1.966,483.4,1.966,0.0,0.0014383999999999996,0.0014383999999999996
2020-05-07,6.05621388,512.06,6.229,1.966,483.4,1.966,0.0,0.00017979999999999995,0.00017979999999999995
2020-05-07,1.661214538,512.06,6.229,1.966,483.4,1.966,0.0,0.0,0.0
2020-05-07,3.230639678,512.06,6.229,1.966,483.4,1.966,0.0,0.0,0.0
2020-05-07,1.153381489,512.06,6.229,1.966,483.4,1.966,0.0,-3.4950000000002476e-05,-3.4950000000002476e-05
2020-05-07,3.27263917,512.06,6.229,1.966,483.4,1.966,0.0,0.0,0.0
2020-05-07,4.56891408,512.06,6.229,1.966,483.4,1.966,0.0,0.0,0.0
2020-05-07,2.486308438,512.06,6.229,1.966,483.4,1.966,0.0,0.0,0.0
2020-05-07,3.475852426,512.06,6.229,1.966,483.4,1.966,0.0,-0.00014310000000000044,-0.00014310000000000044
2020-05-07,0.316053249,512.06,6.229,1.966,483.4,1.966,0.0,0.0,0.0
2020-05-07,0.000571242,512.06,6.229,1.966,483.4,1.966,0.0,0.0,0.0
2020-05-08,0.0,512.06,6.229,1.966,483.4,1.966,0.0,0.0,0.0
2020-05-08,0.0,512.06,6.229,1.966,483.4,1.966,0.0,0.0,0.0
2020-05-08,0.0,512.06,6.229,1.966,483.4,1.966,0.0,0.0,0.0
2020-05-08,0.0,512.06,6.229,1.966,483.4,1.966,0.0,0.0,0.0
2020-05-08,0.0,512.06,6.229,1.966,483.4,1.966,0.0,0.0,0.0
2020-05-08,0.0,512.06,6.229,1.966,483.4,1.966,0.0,0.0,0.0
2020-05-08,0.013424253,512.06,6.229,1.966,483.4,1.966,0.0,-1.9000000000035656e-06,-1.9000000000035656e-06
2020-05-08,0.0,512.06,6.229,1.966,483.4,1.966,0.0,0.0,0.0
2020-05-08,0.024381891,512.06,6.229,1.966,483.4,1.966,0.0,-8.550000000016044e-06,-8.550000000016044e-06
2020-05-08,0.0,512.06,6.229,1.966,483.4,1.966,0.0,0.0,0.0
2020-05-08,0.0,512.06,6.229,1.966,483.4,1.966,0.0,0.0,0.0
2020-05-09,0.0,512.06,6.229,1.966,483.4,1.966,0.0,0.0,0.0
2020-05-09,0.0,512.06,6.229,1.966,483.4,1.966,0.0,0.0,0.0
2020-05-09,0.0,512.06,6.229,1.966,483.4,1.966,0.0,0.0,0.0
2020-05-09,0.0,512.06,6.229,1.966,483.4,1.966,0.0,0.0,0.0
2020-05-09,0.0,512.06,6.229,1.966,483.4,1.966,0.0,0.0,0.0
2020-05-09,0.0,512.06,6.229,1.966,483.4,1.966,0.0,0.0,0.0
2020-05-09,0.0,512.06,6.229,1.966,483.4,1.966,0.0,0.0,0.0
2020-05-09,0.658707156,512.06,6.229,1.966,483.4,1.966,0.0,0.0,0.0
2020-05-09,0.0,512.06,6.229,1.966,483.4,1.966,0.0,0.0,0.0
2020-05-09,0.0,512.06,6.229,1.966,483.4,1.966,0.0,0.0,0.0
2020-05-09,0.0,512.06,6.229,1.966,483.4,1.966,0.0,0.0,0.0
2020-05-10,4.757893135,512.06,6.229,1.966,483.4,1.966,0.0,0.0007237499999999986,0.0007237499999999986
2020-05-10,0.572687631,512.06,6.229,1.966,483.4,1.966,0.0,0.0,0.0
2020-05-10,0.06520403,512.06,6.229,1.966,483.4,1.966,0.0,0.0,0.0
2020-05-10,0.253562012,512.06,6.229,1.966,483.4,1.966,0.0,0.00027979999999999894,0.00027979999999999894
2020-05-10,2.747478163,512.06,6.229,1.966,483.4,1.966,0.0,0.0,0.0
2020-05-10,2.613065589,512.06,6.229,1.966,483.4,1.966,0.0,0.0,0.0
2020-05-10,0.644226266,512.06,6.229,1.966,483.4,1.966,0.0,0.0,0.0
2020-05-10,0.734348953,512.06,6.229,1.966,483.4,1.966,0.0,-0.002664299999999995,-0.002664299999999995
2020-05-10,0.703597811,512.06,6.229,1.966,483.4,1.966,0.0,-0.00044404999999999917,-0.00044404999999999917
2020-05-10,6.678859041,512.06,6.229,1.966,483.4,1.966,0.0,0.0003349500000000005,0.0003349500000000005
2020-05-10,5.810305143,512.06,6.229,1.966,483.4,1.966,0.0,0.0001338000000000006,0.0001338000000000006
2020-05-11,4.625552058,512.06,6.229,1.966,483.4,1.966,0.0,0.0,0.0
2020-05-11,9.799543498,512.06,6.229,1.966,483.4,1.966,0.0,-0.0005255999999999961,-0.0005255999999999961
2020-05-11,2.816447958,512.06,6.229,1.966,483.4,1.966,0.0,0.0,0.0
2020-05-11,2.386862119,512.06,6.229,1.966,483.4,1.966,0.0,0.001492100000000003,0.001492100000000003
2020-05-11,0.364133129,512.06,6.229,1.966,483.4,1.966,0.0,0.0,0.0
2020-05-11,1.869802197,512.06,6.229,1.966,483.4,1.966,0.0,0.0,0.0
2020-05-11,6.876918976,512.06,6.229,1.966,483.4,1.966,0.0,0.0004726999999999981,0.0004726999999999981
2020-05-11,3.14796169,512.06,6.229,1.966,483.4,1.966,0.0,0.0,0.0
2020-05-11,0.179584323,512.06,6.229,1.966,483.4,1.966,0.0,0.0004402999999999979,0.0004402999999999979
2020-05-11,3.556494708,512.06,6.229,1.966,483.4,1.966,0.0,0.0004897000000000007,0.0004897000000000007
2020-05-11,1.238960717,512.06,6.229,1.966,483.4,1.966,0.0,6.8999999999919125e-06,6.8999999999919125e-06
2020-05-12,0.0,512.06,6.229,1.966,483.4,1.966,0.0,0.0,0.0
2020-05-12,0.0,512.06,6.229,1.966,483.4,1.966,0.0,0.0,0.0
2020-05-12,1.169552673,512.06,6.229,1.966,483.4,1.966,0.0,0.0,0.0
2020-05-12,0.002381147,512.06,6.229,1.966,483.4,1.966,0.0,0.00521304999999999,0.00521304999999999
2020-05-12,0.008621868,512.06,6.229,1.966,483.4,1.966,0.0,0.0,0.0
2020-05-12,0.059908378,512.06,6.229,1.966,483.4,1.966,0.0,-1.85499999999994e-05,-1.85499999999994e-05
2020-05-12,0.842692678,512.06,6.229,1.966,483.4,1.966,0.0,-0.0013321499999999974,-0.0013321499999999974
2020-05-12,1.307708803,512.06,6.229,1.966,483.4,1.966,0.0,0.0,0.0
2020-05-12,0.080507822,512.06,6.229,1.966,483.4,1.966,0.0,0.0,0.0
2020-05-12,0.492920436,512.06,6.229,1.966,483.4,1.966,0.0,7.98499999999991e-05,7.98499999999991e-05
2020-05-12,0.744688327,512.06,6.229,1.966,483.4,1.966,0.0,-0.008880999999999983,-0.008880999999999983
2020-05-13,0.0,512.06,6.229,1.69919,480.33,1.966,-0.26681,-0.17742864999999974,0.08938135000000025
2020-05-13,0.078992457,512.06,6.229,1.69919,480.33,1.69919,0.0,0.0,0.0
2020-05-13,0.000190414,512.06,6.229,1.69919,480.33,1.69919,0.0,-0.01734265,-0.01734265
2020-05-13,0.081353129,512.06,6.229,1.69919,480.33,1.69919,0.0,0.0,0.0
2020-05-13,0.425082337,512.06,6.229,1.69919,480.33,1.69919,0.0,0.0,0.0
2020-05-13,0.76782007,512.06,6.229,1.69919,480.33,1.69919,0.0,-0.00044404999999999917,-0.00044404999999999917
2020-05-13,0.029213516,512.06,6.229,1.69919,480.33,1.69919,0.0,-0.00133405,-0.00133405
2020-05-13,6.24e-05,512.06,6.229,1.69919,480.33,1.69919,0.0,-0.049359849999999955,-0.049359849999999955
2020-05-13,0.901328402,512.06,6.229,1.69919,480.33,1.69919,0.0,0.0,0.0
2020-05-13,0.054346216,512.06,6.229,1.69919,480.33,1.69919,0.0,0.0,0.0
2020-05-13,0.315823645,512.06,6.229,1.69919,480.33,1.69919,0.0,0.0,0.0
2020-05-14,1.990593715,512.06,6.229,1.81713,481.87,1.69919,0.11793999999999993,0.07489190000000022,-0.043048099999999714
2020-05-14,1.902758456,512.06,6.229,1.81713,481.87,1.81713,0.0,0.0011793999999999993,0.0011793999999999993
2020-05-14,0.702141763,512.06,6.229,1.81713,481.87,1.81713,0.0,0.0,0.0
2020-05-14,0.454054428,512.06,6.229,1.81713,481.87,1.81713,0.0,0.0,0.0
2020-05-14,0.94467924,512.06,6.229,1.81713,481.87,1.81713,0.0,0.0,0.0
2020-05-14,1.08243475,512.06,6.229,1.81713,481.87,1.81713,0.0,0.0,0.0
2020-05-14,1.025700072,512.06,6.229,1.81713,481.87,1.81713,0.0,0.0,0.0
2020-05-14,0.051762045,512.06,6.229,1.81713,481.87,1.81713,0.0,0.0,0.0
2020-05-14,0.668034146,512.06,6.229,1.81713,481.87,1.81713,0.0,0.0,0.0
2020-05-14,0.051800969,512.06,6.229,1.81713,481.87,1.81713,0.0,0.0,0.0
2020-05-14,0.422966557,512.06,6.229,1.81713,481.87,1.81713,0.0,0.0,0.0
2020-05-15,2.004300533,512.06,6.229,1.81713,481.87,1.81713,0.0,0.007666099999999996,0.007666099999999996
2020-05-15,6.96615327,512.06,6.229,1.81713,481.87,1.81713,0.0,5.5099999999999035e-05,5.5099999999999035e-05
2020-05-15,0.202438889,512.06,6.229,1.81713,481.87,1.81713,0.0,0.0,0.0
2020-05-15,5.021780166,512.06,6.229,1.81713,481.87,1.81713,0.0,0.0009649999999999981,0.0009649999999999981
2020-05-15,1.891143555,512.06,6.229,1.81713,481.87,1.81713,0.0,0.0011793999999999993,0.0011793999999999993
2020-05-15,5.016846078,512.06,6.229,1.81713,481.87,1.81713,0.0,0.0012062499999999977,0.0012062499999999977
2020-05-15,0.996482838,512.06,6.229,1.81713,481.87,1.81713,0.0,0.0,0.0
2020-05-15,1.928674432,512.06,6.229,1.81713,481.87,1.81713,0.0,0.0017354999999999966,0.0017354999999999966
2020-05-15,2.136532617,512.06,6.229,1.81713,481.87,1.81713,0.0,0.0,0.0
2020-05-15,2.090161278,512.06,6.229,1.81713,481.87,1.81713,0.0,0.0,0.0
2020-05-15,0.663224013,512.06,6.229,1.81713,481.87,1.81713,0.0,0.0,0.0
2020-05-16,0.262908232,512.06,6.229,1.81713,481.87,1.81713,0.0,0.0,0.0
2020-05-16,0.040391128,512.06,6.229,1.81713,481.87,1.81713,0.0,0.0,0.0
2020-05-16,1.079138694,512.06,6.229,1.81713,481.87,1.81713,0.0,0.0,0.0
2020-05-16,0.811403299,512.06,6.229,1.81713,481.87,1.81713,0.0,-0.00044404999999999917,-0.00044404999999999917
2020-05-16,0.0,512.06,6.229,1.81713,481.87,1.81713,0.0,0.0,0.0
2020-05-16,0.0,512.06,6.229,1.81713,481.87,1.81713,0.0,0.0,0.0
2020-05-16,0.153801719,512.06,6.229,1.81713,481.87,1.81713,0.0,0.0,0.0
2020-05-16,0.0,512.06,6.229,1.81713,481.87,1.81713,0.0,0.0,0.0
2020-05-16,0.0,512.06,6.229,1.81713,481.87,1.81713,0.0,0.0,0.0
2020-05-16,0.014515034,512.06,6.229,1.81713,481.87,1.81713,0.0,0.0,0.0
2020-05-16,0.009283693,512.06,6.229,1.81713,481.87,1.81713,0.0,0.0,0.0
2020-05-17,0.0,512.06,6.229,1.81713,481.87,1.81713,0.0,0.0,0.0
2020-05-17,0.0,512.06,6.229,1.81713,481.87,1.81713,0.0,0.0,0.0
2020-05-17,0.0,512.06,6.229,1.81713,481.87,1.81713,0.0,0.0,0.0
2020-05-17,0.0,512.06,6.229,1.81713,481.87,1.81713,0.0,0.0,0.0
2020-05-17,0.0,512.06,6.229,1.81713,481.87,1.81713,0.0,0.0,0.0
2020-05-17,0.0,512.06,6.229,1.81713,481.87,1.81713,0.0,0.0,0.0
2020-05-17,0.0,512.06,6.229,1.81713,481.87,1.81713,0.0,0.0,0.0
2020-05-17,0.0,512.06,6.229,1.81713,481.87,1.81713,0.0,0.0,0.0
2020-05-17,0.0,512.06,6.229,1.81713,481.87,1.81713,0.0,0.0,0.0
2020-05-17,0.0,512.06,6.229,1.81713,481.87,1.81713,0.0,0.0,0.0
2020-05-17,0.0,512.06,6.229,1.81713,481.87,1.81713,0.0,0.0,0.0
2020-05-18,0.000672469,512.06,6.229,1.81713,481.87,1.81713,0.0,0.0,0.0
2020-05-18,0.0,512.06,6.229,1.81713,481.87,1.81713,0.0,0.0,0.0
2020-05-18,0.0,512.06,6.229,1.81713,481.87,1.81713,0.0,0.0,0.0
2020-05-18,0.0,512.06,6.229,1.81713,481.87,1.81713,0.0,0.0,0.0
2020-05-18,0.0,512.06,6.229,1.81713,481.87,1.81713,0.0,0.0,0.0
2020-05-18,0.0,512.06,6.229,1.81713,481.87,1.81713,0.0,0.0,0.0
2020-05-18,0.0,512.06,6.229,1.81713,481.87,1.81713,0.0,0.0,0.0
2020-05-18,0.0,512.06,6.229,1.81713,481.87,1.81713,0.0,0.0,0.0
2020-05-18,0.0,512.06,6.229,1.81713,481.87,1.81713,0.0,0.0,0.0
2020-05-18,0.0,512.06,6.229,1.81713,481.87,1.81713,0.0,0.0,0.0
2020-05-18,0.0,512.06,6.229,1.81713,481.87,1.81713,0.0,0.0,0.0
2020-05-19,0.084749456,512.06,6.229,1.81713,481.87,1.81713,0.0,0.0,0.0
2020-05-19,0.0,512.06,6.229,1.81713,481.87,1.81713,0.0,0.0,0.0
2020-05-19,0.257038165,512.06,6.229,1.81713,481.87,1.81713,0.0,5.964999999999998e-05,5.964999999999998e-05
2020-05-19,0.0,512.06,6.229,1.81713,481.87,1.81713,0.0,0.0,0.0
2020-05-19,0.0,512.06,6.229,1.81713,481.87,1.81713,0.0,0.0,0.0
2020-05-19,0.008946935,512.06,6.229,1.81713,481.87,1.81713,0.0,0.0,0.0
2020-05-19,0.0,512.06,6.229,1.81713,481.87,1.81713,0.0,0.0,0.0
2020-05-19,0.568693132,512.06,6.229,1.81713,481.87,1.81713,0.0,0.0,0.0
2020-05-19,0.427694714,512.06,6.229,1.81713,481.87,1.81713,0.0,0.0,0.0
2020-05-19,0.058040146,512.06,6.229,1.81713,481.87,1.81713,0.0,0.0,0.0
2020-05-19,0.481520122,512.06,6.229,1.81713,481.87,1.81713,0.0,0.00012519999999999976,0.00012519999999999976
2020-05-20,0.0,512.06,6.229,1.419,476.65,1.81713,-0.3981299999999999,-0.020598543747761565,0.37753145625223833
2020-05-20,0.0,512.06,6.229,1.419,476.65,1.419,0.0,-0.020598543747761565,-0.020598543747761565
2020-05-20,0.0,512.06,6.229,1.419,476.65,1.419,0.0,-0.020598543747761565,-0.020598543747761565
2020-05-20,0.0,512.06,6.229,1.419,476.65,1.419,0.0,-0.020598543747761565,-0.020598543747761565
2020-05-20,0.0,512.06,6.229,1.419,476.65,1.419,0.0,-0.020598543747761565,-0.020598543747761565
2020-05-20,0.0,512.06,6.229,1.419,476.65,1.419,0.0,-0.020598543747761565,-0.020598543747761565
2020-05-20,0.0,512.06,6.229,1.419,476.65,1.419,0.0,-0.020598543747761565,-0.020598543747761565
2020-05-20,0.0,512.06,6.229,1.419,476.65,1.419,0.0,-0.020598543747761565,-0.020598543747761565
2020-05-20,0.0,512.06,6.229,1.419,476.65,1.419,0.0,-0.020598543747761565,-0.020598543747761565
2020-05-20,0.0,512.06,6.229,1.419,476.65,1.419,0.0,-0.020598543747761565,-0.020598543747761565
2020-05-20,0.0,512.06,6.229,1.419,476.65,1.419,0.0,-0.020598543747761565,-0.020598543747761565
2020-05-21,0.0,512.06,6.229,1.419,476.65,1.419,0.0,-0.020598543747761565,-0.020598543747761565
2020-05-21,0.0,512.06,6.229,1.419,476.65,1.419,0.0,-0.020598543747761565,-0.020598543747761565
2020-05-21,0.0,512.06,6.229,1.419,476.65,1.419,0.0,-0.020598543747761565,-0.020598543747761565
2020-05-21,0.0,512.06,6.229,1.419,476.65,1.419,0.0,-0.020598543747761565,-0.020598543747761565
2020-05-21,0.0,512.06,6.229,1.419,476.65,1.419,0.0,-0.020598543747761565,-0.020598543747761565
2020-05-21,0.0,512.06,6.229,1.419,476.65,1.419,0.0,-0.020598543747761565,-0.020598543747761565
2020-05-21,0.0,512.06,6.229,1.419,476.65,1.419,0.0,-0.020598543747761565,-0.020598543747761565
2020-05-21,0.0,512.06,6.229,1.419,476.65,1.419,0.0,-0.020598543747761565,-0.020598543747761565
2020-05-21,0.0,512.06,6.229,1.419,476.65,1.419,0.0,-0.020598543747761565,-0.020598543747761565
2020-05-21,0.0,512.06,6.229,1.419,476.65,1.419,0.0,-0.020598543747761565,-0.020598543747761565
2020-05-21,0.0,512.06,6.229,1.419,476.65,1.419,0.0,-0.020598543747761565,-0.020598543747761565
2020-05-22,0.0,512.06,6.229,1.39095,476.27,1.419,-0.02805000000000013,-0.002724943200549462,0.025325056799450667
2020-05-22,0.0,512.06,6.229,1.39095,476.27,1.39095,0.0,-0.002724943200549462,-0.002724943200549462
2020-05-22,0.0,512.06,6.229,1.39095,476.27,1.39095,0.0,-0.002724943200549462,-0.002724943200549462
2020-05-22,0.0,512.06,6.229,1.39095,476.27,1.39095,0.0,-0.002724943200549462,-0.002724943200549462
2020-05-22,0.0,512.06,6.229,1.39095,476.27,1.39095,0.0,-0.002724943200549462,-0.002724943200549462
2020-05-22,0.0,512.06,6.229,1.39095,476.27,1.39095,0.0,-0.002724943200549462,-0.002724943200549462
2020-05-22,0.0,512.06,6.229,1.39095,476.27,1.39095,0.0,-0.002724943200549462,-0.002724943200549462
2020-05-22,0.0,512.06,6.229,1.39095,476.27,1.39095,0.0,-0.002724943200549462,-0.002724943200549462
2020-05-22,0.0,512.06,6.229,1.39095,476.27,1.39095,0.0,-0.002724943200549462,-0.002724943200549462
2020-05-22,0.0,512.06,6.229,1.39095,476.27,1.39095,0.0,-0.002724943200549462,-0.002724943200549462
2020-05-22,0.0,512.06,6.229,1.39095,476.27,1.39095,0.0,-0.002724943200549462,-0.002724943200549462
2020-05-23,0.0,512.06,6.229,1.37333,476.04,1.39095,-0.01761999999999997,-0.0015120247340589393,0.01610797526594103
2020-05-23,0.0,512.06,6.229,1.37333,476.04,1.37333,0.0,-0.0015120247340589393,-0.0015120247340589393
2020-05-23,0.0,512.06,6.229,1.37333,476.04,1.37333,0.0,-0.0015120247340589393,-0.0015120247340589393
2020-05-23,0.0,512.06,6.229,1.37333,476.04,1.37333,0.0,-0.0015120247340589393,-0.0015120247340589393
2020-05-23,0.0,512.06,6.229,1.37333,476.04,1.37333,0.0,-0.0015120247340589393,-0.0015120247340589393
2020-05-23,0.0,512.06,6.229,1.37333,476.04,1.37333,0.0,-0.0015120247340589393,-0.0015120247340589393
2020-05-23,0.0,512.06,6.229,1.37333,476.04,1.37333,0.0,-0.0015120247340589393,-0.0015120247340589393
2020-05-23,0.0,512.06,6.229,1.37333,476.04,1.37333,0.0,-0.0015120247340589393,-0.0015120247340589393
2020-05-23,0.0,512.06,6.229,1.37333,476.04,1.37333,0.0,-0.0015120247340589393,-0.0015120247340589393
2020-05-23,0.0,512.06,6.229,1.37333,476.04,1.37333,0.0,-0.0015120247340589393,-0.0015120247340589393
2020-05-23,0.0,512.06,6.229,1.37333,476.04,1.37333,0.0,-0.0015120247340589393,-0.0015120247340589393
2020-05-24,0.491897107,512.06,6.229,1.3615,475.89,1.37333,-0.011830000000000007,-0.007240950000000006,0.004589050000000001
2020-05-24,3.688912735,512.06,6.229,1.3615,475.89,1.3615,0.0,0.0,0.0
2020-05-24,2.576408309,512.06,6.229,1.3615,475.89,1.3615,0.0,0.0,0.0
2020-05-24,1.878468984,512.06,6.229,1.3615,475.89,1.3615,0.0,-0.00023660000000000014,-0.00023660000000000014
2020-05-24,2.402361969,512.06,6.229,1.3615,475.89,1.3615,0.0,0.00011595000000000022,0.00011595000000000022
2020-05-24,0.245093698,512.06,6.229,1.3615,475.89,1.3615,0.0,0.00012079999999999979,0.00012079999999999979
2020-05-24,2.121721956,512.06,6.229,1.3615,475.89,1.3615,0.0,0.0,0.0
2020-05-24,2.012754225,512.06,6.229,1.3615,475.89,1.3615,0.0,0.0,0.0
2020-05-24,0.116843537,512.06,6.229,1.3615,475.89,1.3615,0.0,0.0003217000000000048,0.0003217000000000048
2020-05-24,0.831655081,512.06,6.229,1.3615,475.89,1.3615,0.0,-0.0010647000000000007,-0.0010647000000000007
2020-05-24,0.408875133,512.06,6.229,1.3615,475.89,1.3615,0.0,-0.0012380999999999998,-0.0012380999999999998
2020-05-25,0.059300182,512.06,6.229,1.35779,475.84,1.3615,-0.00370999999999988,-0.002411499999999922,0.001298499999999958
2020-05-25,0.050131579,512.06,6.229,1.35779,475.84,1.35779,0.0,-1.85499999999994e-05,-1.85499999999994e-05
2020-05-25,0.0,512.06,6.229,1.35779,475.84,1.35779,0.0,0.0,0.0
2020-05-25,0.0,512.06,6.229,1.35779,475.84,1.35779,0.0,0.0,0.0
2020-05-25,0.0,512.06,6.229,1.35779,475.84,1.35779,0.0,0.0,0.0
2020-05-25,0.379094326,512.06,6.229,1.35779,475.84,1.35779,0.0,-0.0001377499999999976,-0.0001377499999999976
2020-05-25,0.000253918,512.06,6.229,1.35779,475.84,1.35779,0.0,0.0,0.0
2020-05-25,0.0,512.06,6.229,1.35779,475.84,1.35779,0.0,0.0,0.0
2020-05-25,0.0,512.06,6.229,1.35779,475.84,1.35779,0.0,0.0,0.0
2020-05-25,0.0,512.06,6.229,1.35779,475.84,1.35779,0.0,0.0,0.0
2020-05-25,0.056691048,512.06,6.229,1.35779,475.84,1.35779,0.0,-0.0003524499999999886,-0.0003524499999999886
2020-05-26,0.574421597,512.06,6.229,1.3557,475.81,1.35779,-0.0020900000000001473,-0.0012958000000000912,0.0007942000000000561
2020-05-26,0.0,512.06,6.229,1.3557,475.81,1.3557,0.0,0.0,0.0
2020-05-26,0.0,512.06,6.229,1.3557,475.81,1.3557,0.0,0.0,0.0
2020-05-26,0.465712682,512.06,6.229,1.3557,475.81,1.3557,0.0,-0.0002692000000000072,-0.0002692000000000072
2020-05-26,0.323027736,512.06,6.229,1.3557,475.81,1.3557,0.0,9.365000000000844e-05,9.365000000000844e-05
2020-05-26,0.0,512.06,6.229,1.3557,475.81,1.3557,0.0,0.0,0.0
2020-05-26,0.120720777,512.06,6.229,1.3557,475.81,1.3557,0.0,0.0017207500000000209,0.0017207500000000209
2020-05-26,0.024381891,512.06,6.229,1.3557,475.81,1.3557,0.0,1.1499999999997624e-06,1.1499999999997624e-06
2020-05-26,0.058340509,512.06,6.229,1.3557,475.81,1.3557,0.0,-0.00042549999999998644,-0.00042549999999998644
2020-05-26,0.0,512.06,6.229,1.3557,475.81,1.3557,0.0,0.0,0.0
2020-05-26,0.555661934,512.06,6.229,1.3557,475.81,1.3557,0.0,-0.0005329500000000375,-0.0005329500000000375
2020-05-27,0.18866347,512.06,6.229,1.35802,475.83,1.3557,0.0023200000000000998,0.0014384000000000619,-0.0008816000000000379
2020-05-27,0.853050289,512.06,6.229,1.35802,475.83,1.35802,0.0,0.0,0.0
2020-05-27,0.116434634,512.06,6.229,1.35802,475.83,1.35802,0.0,0.0004871000000000114,0.0004871000000000114
2020-05-27,0.702129906,512.06,6.229,1.35802,475.83,1.35802,0.0,-4.180000000000295e-05,-4.180000000000295e-05
2020-05-27,0.801940758,512.06,6.229,1.35802,475.83,1.35802,0.0,0.0,0.0
2020-05-27,0.027879521,512.06,6.229,1.35802,475.83,1.35802,0.0,2.3200000000000998e-05,2.3200000000000998e-05
2020-05-27,0.487473642,512.06,6.229,1.35802,475.83,1.35802,0.0,-0.00028999999999999805,-0.00028999999999999805
2020-05-27,0.937748952,512.06,6.229,1.35802,475.83,1.35802,0.0,0.0,0.0
2020-05-27,1.410286664,512.06,6.229,1.35802,475.83,1.35802,0.0,0.0,0.0
2020-05-27,0.0,512.06,6.229,1.35802,475.83,1.35802,0.0,0.0,0.0
2020-05-27,0.977877621,512.06,6.229,1.35802,475.83,1.35802,0.0,0.0,0.0
2020-05-28,1.651610046,512.06,6.229,1.35372,475.84,1.35802,-0.0042999999999999705,-0.0025799999999999825,0.001719999999999988
2020-05-28,0.090790927,512.06,6.229,1.35372,475.84,1.35372,0.0,-0.0017011499999999913,-0.0017011499999999913
2020-05-28,2.34121069,512.06,6.229,1.35372,475.84,1.35372,0.0,0.0,0.0
2020-05-28,2.542971317,512.06,6.229,1.35372,475.84,1.35372,0.0,0.0,0.0
2020-05-28,0.0,512.06,6.229,1.35372,475.84,1.35372,0.0,0.0,0.0
2020-05-28,1.444408743,512.06,6.229,1.35372,475.84,1.35372,0.0,0.0,0.0
2020-05-28,1.34191768,512.06,6.229,1.35372,475.84,1.35372,0.0,0.0,0.0
2020-05-28,0.698734893,512.06,6.229,1.35372,475.84,1.35372,0.0,-1.0450000000000737e-05,-1.0450000000000737e-05
2020-05-28,0.218267701,512.06,6.229,1.35372,475.84,1.35372,0.0,0.0001369000000000087,0.0001369000000000087
2020-05-28,4.469630429,512.06,6.229,1.35372,475.84,1.35372,0.0,0.0,0.0
2020-05-28,0.05019489,512.06,6.229,1.35372,475.84,1.35372,0.0,-1.85499999999994e-05,-1.85499999999994e-05
2020-05-29,7.749882327,512.06,6.229,1.35372,475.84,1.35372,0.0,0.0,0.0
2020-05-29,8.594509029,512.06,6.229,1.35372,475.84,1.35372,0.0,0.0003595999999999999,0.0003595999999999999
2020-05-29,17.4905901,512.06,6.229,1.35372,475.84,1.35372,0.0,0.0018492000000000042,0.0018492000000000042
2020-05-29,2.446680042,512.06,6.229,1.35372,475.84,1.35372,0.0,0.0,0.0
2020-05-29,1.390546451,512.06,6.229,1.35372,475.84,1.35372,0.0,0.0,0.0
2020-05-29,4.745972342,512.06,6.229,1.35372,475.84,1.35372,0.0,0.0,0.0
2020-05-29,1.239226614,512.06,6.229,1.35372,475.84,1.35372,0.0,1.1499999999986522e-06,1.1499999999986522e-06
2020-05-29,12.56474121,512.06,6.229,1.35372,475.84,1.35372,0.0,0.0,0.0
2020-05-29,0.942300719,512.06,6.229,1.35372,475.84,1.35372,0.0,0.0,0.0
2020-05-29,2.197833886,512.06,6.229,1.35372,475.84,1.35372,0.0,0.0,0.0
2020-05-29,8.717340071,512.06,6.229,1.35372,475.84,1.35372,0.0,0.0,0.0
2020-05-30,4.376594993,512.06,6.229,1.35372,475.84,1.35372,0.0,0.0,0.0
2020-05-30,2.3544771,512.06,6.229,1.35372,475.84,1.35372,0.0,0.0,0.0
2020-05-30,0.485893117,512.06,6.229,1.35372,475.84,1.35372,0.0,-0.00017055000000000043,-0.00017055000000000043
2020-05-30,0.906261345,512.06,6.229,1.35372,475.84,1.35372,0.0,0.0,0.0
2020-05-30,7.413874715,512.06,6.229,1.35372,475.84,1.35372,0.0,2.7549999999999518e-05,2.7549999999999518e-05
2020-05-30,1.27090117,512.06,6.229,1.35372,475.84,1.35372,0.0,0.0,0.0
2020-05-30,2.238973892,512.06,6.229,1.35372,475.84,1.35372,0.0,0.0,0.0
2020-05-30,10.62460696,512.06,6.229,1.35372,475.84,1.35372,0.0,0.0,0.0
2020-05-30,3.393221507,512.06,6.229,1.35372,475.84,1.35372,0.0,0.0,0.0
2020-05-30,0.005976779,512.06,6.229,1.35372,475.84,1.35372,0.0,0.0,0.0
2020-05-30,2.406183512,512.06,6.229,1.35372,475.84,1.35372,0.0,0.00011595000000000022,0.00011595000000000022
2020-05-31,31.38732482,512.06,6.229,1.35372,475.84,1.35372,0.0,0.0,0.0
2020-05-31,1.221802996,512.06,6.229,1.35372,475.84,1.35372,0.0,0.0,0.0
2020-05-31,21.31073466,512.06,6.229,1.35372,475.84,1.35372,0.0,0.0,0.0
2020-05-31,16.89101808,512.06,6.229,1.35372,475.84,1.35372,0.0,0.0001319999999999988,0.0001319999999999988
2020-05-31,17.76038723,512.06,6.229,1.35372,475.84,1.35372,0.0,0.0019788000000000006,0.0019788000000000006
2020-05-31,67.08294302,512.06,6.229,1.35372,475.84,1.35372,0.0,6.0000000000060005e-06,6.0000000000060005e-06
2020-05-31,14.49619818,512.06,6.229,1.35372,475.84,1.35372,0.0,0.001293599999999988,0.001293599999999988
2020-05-31,8.695859174,512.06,6.229,1.35372,475.84,1.35372,0.0,0.0,0.0
2020-05-31,6.750114757,512.06,6.229,1.35372,475.84,1.35372,0.0,0.0002754999999999952,0.0002754999999999952
2020-05-31,39.39995523,512.06,6.229,1.35372,475.84,1.35372,0.0,0.0,0.0
2020-05-31,3.420103135,512.06,6.229,1.35372,475.84,1.35372,0.0,0.0,0.0
2020-06-01,14.50118955,512.06,6.229,1.359,475.85,1.35372,0.005279999999999951,0.00327359999999997,-0.0020063999999999815
2020-06-01,10.76517119,512.06,6.229,1.359,475.85,1.359,0.0,0.0,0.0
2020-06-01,2.784649103,512.06,6.229,1.359,475.85,1.359,0.0,0.0,0.0
2020-06-01,8.116354799,512.06,6.229,1.359,475.85,1.359,0.0,0.0,0.0
2020-06-01,5.063526842,512.06,6.229,1.359,475.85,1.359,0.0,0.001013400000000002,0.001013400000000002
2020-06-01,12.28467438,512.06,6.229,1.359,475.85,1.359,0.0,2.6399999999999757e-05,2.6399999999999757e-05
2020-06-01,9.537975093,512.06,6.229,1.359,475.85,1.359,0.0,0.0,0.0
2020-06-01,1.850452681,512.06,6.229,1.359,475.85,1.359,0.0,-2.1499999999999852e-05,-2.1499999999999852e-05
2020-06-01,9.127921186,512.06,6.229,1.359,475.85,1.359,0.0,0.0,0.0
2020-06-01,4.233136396,512.06,6.229,1.359,475.85,1.359,0.0,0.0,0.0
2020-06-01,6.525939684,512.06,6.229,1.359,475.85,1.359,0.0,0.00015515000000000057,0.00015515000000000057
2020-06-02,0.390814769,512.06,6.229,1.359,475.85,1.359,0.0,-0.0003856999999999933,-0.0003856999999999933
2020-06-02,1.582062367,512.06,6.229,1.359,475.85,1.359,0.0,0.0,0.0
2020-06-02,2.284122216,512.06,6.229,1.359,475.85,1.359,0.0,0.0008056000000000019,0.0008056000000000019
2020-06-02,0.039012761,512.06,6.229,1.359,475.85,1.359,0.0,0.0,0.0
2020-06-02,2.762918749,512.06,6.229,1.359,475.85,1.359,0.0,0.0,0.0
2020-06-02,1.948602567,512.06,6.229,1.359,475.85,1.359,0.0,-2.1499999999999852e-05,-2.1499999999999852e-05
2020-06-02,0.844726732,512.06,6.229,1.359,475.85,1.359,0.0,0.0,0.0
2020-06-02,0.0,512.06,6.229,1.359,475.85,1.359,0.0,0.0,0.0
2020-06-02,1.590531651,512.06,6.229,1.359,475.85,1.359,0.0,0.0,0.0
2020-06-02,0.784445172,512.06,6.229,1.359,475.85,1.359,0.0,0.0,0.0
2020-06-02,1.663956372,512.06,6.229,1.359,475.85,1.359,0.0,-8.599999999999941e-05,-8.599999999999941e-05
2020-06-03,6.867668757,512.06,6.229,1.36451,475.93,1.359,0.005509999999999904,0.0034161999999999405,-0.0020937999999999634
2020-06-03,0.251970221,512.06,6.229,1.36451,475.93,1.36451,0.0,0.0007157999999999997,0.0007157999999999997
2020-06-03,0.274304627,512.06,6.229,1.36451,475.93,1.36451,0.0,0.0,0.0
2020-06-03,0.570086067,512.06,6.229,1.36451,475.93,1.36451,0.0,-0.00021925000000000305,-0.00021925000000000305
2020-06-03,0.718954514,512.06,6.229,1.36451,475.93,1.36451,0.0,-5.9150000000000035e-05,-5.9150000000000035e-05
2020-06-03,0.243974164,512.06,6.229,1.36451,475.93,1.36451,0.0,0.00035789999999999986,0.00035789999999999986
2020-06-03,4.747658799,512.06,6.229,1.36451,475.93,1.36451,0.0,0.00029634999999999856,0.00029634999999999856
2020-06-03,2.037549348,512.06,6.229,1.36451,475.93,1.36451,0.0,2.7549999999999518e-05,2.7549999999999518e-05
2020-06-03,4.271304215,512.06,6.229,1.36451,475.93,1.36451,0.0,2.7549999999999518e-05,2.7549999999999518e-05
2020-06-03,2.191165074,512.06,6.229,1.36451,475.93,1.36451,0.0,2.7549999999999518e-05,2.7549999999999518e-05
2020-06-03,7.663721692,512.06,6.229,1.36451,475.93,1.36451,0.0,0.000688749999999988,0.000688749999999988
2020-06-04,0.336363181,512.06,6.229,1.359,475.85,1.36451,-0.005509999999999904,-0.0037192499999999353,0.0017907499999999686
2020-06-04,3.60332027,512.06,6.229,1.359,475.85,1.359,0.0,0.0,0.0
2020-06-04,12.36819523,512.06,6.229,1.359,475.85,1.359,0.0,2.6399999999999757e-05,2.6399999999999757e-05
2020-06-04,17.60189266,512.06,6.229,1.359,475.85,1.359,0.0,0.0028740000000000033,0.0028740000000000033
2020-06-04,4.217834805,512.06,6.229,1.359,475.85,1.359,0.0,0.0,0.0
2020-06-04,2.920325086,512.06,6.229,1.359,475.85,1.359,0.0,-0.00023335000000000106,-0.00023335000000000106
2020-06-04,3.149878986,512.06,6.229,1.359,475.85,1.359,0.0,0.0,0.0
2020-06-04,2.668308984,512.06,6.229,1.359,475.85,1.359,0.0,0.0,0.0
2020-06-04,2.336850114,512.06,6.229,1.359,475.85,1.359,0.0,0.0,0.0
2020-06-04,2.300138833,512.06,6.229,1.359,475.85,1.359,0.0,0.00010070000000000024,0.00010070000000000024
2020-06-04,0.035791086,512.06,6.229,1.359,475.85,1.359,0.0,0.0,0.0
2020-06-05,1.633281615,512.06,6.229,1.359,475.85,1.359,0.0,-0.00019349999999999869,-0.00019349999999999869
2020-06-05,1.037061142,512.06,6.229,1.359,475.85,1.359,0.0,0.0,0.0
2020-06-05,1.98563688,512.06,6.229,1.359,475.85,1.359,0.0,0.010614599999999995,0.010614599999999995
2020-06-05,8.952470406,512.06,6.229,1.359,475.85,1.359,0.0,0.0,0.0
2020-06-05,2.485273758,512.06,6.229,1.359,475.85,1.359,0.0,0.0,0.0
2020-06-05,0.553466472,512.06,6.229,1.359,475.85,1.359,0.0,-2.0900000000001474e-05,-2.0900000000001474e-05
2020-06-05,1.513031399,512.06,6.229,1.359,475.85,1.359,0.0,0.0,0.0
2020-06-05,6.455713739,512.06,6.229,1.359,475.85,1.359,0.0,0.0006655500000000048,0.0006655500000000048
2020-06-05,1.195568972,512.06,6.229,1.359,475.85,1.359,0.0,0.0,0.0
2020-06-05,6.487450422,512.06,6.229,1.359,475.85,1.359,0.0,0.00015515000000000057,0.00015515000000000057
2020-06-05,11.55507997,512.06,6.229,1.359,475.85,1.359,0.0,-0.0048875,-0.0048875
2020-06-06,8.094905517,512.06,6.229,1.359,475.85,1.359,0.0,0.0,0.0
2020-06-06,1.573208423,512.06,6.229,1.359,475.85,1.359,0.0,0.0,0.0
2020-06-06,13.14800955,512.06,6.229,1.359,475.85,1.359,0.0,5.2799999999999515e-05,5.2799999999999515e-05
2020-06-06,15.02471802,512.06,6.229,1.359,475.85,1.359,0.0,0.0010031999999999908,0.0010031999999999908
2020-06-06,6.331062069,512.06,6.229,1.359,475.85,1.359,0.0,0.00012760000000000104,0.00012760000000000104
2020-06-06,23.18248325,512.06,6.229,1.359,475.85,1.359,0.0,0.0,0.0
2020-06-06,4.143368515,512.06,6.229,1.359,475.85,1.359,0.0,0.0,0.0
2020-06-06,0.609839632,512.06,6.229,1.359,475.85,1.359,0.0,-3.135000000000221e-05,-3.135000000000221e-05
2020-06-06,17.45864695,512.06,6.229,1.359,475.85,1.359,0.0,0.0018492000000000042,0.0018492000000000042
2020-06-06,4.552201146,512.06,6.229,1.359,475.85,1.359,0.0,0.0,0.0
2020-06-06,22.78059022,512.06,6.229,1.359,475.85,1.359,0.0,0.0,0.0
2020-06-07,1.082086695,512.06,6.229,1.359,475.85,1.359,0.0,0.0,0.0
2020-06-07,0.966495805,512.06,6.229,1.359,475.85,1.359,0.0,0.0,0.0
2020-06-07,0.891276599,512.06,6.229,1.359,475.85,1.359,0.0,0.0,0.0
2020-06-07,0.19160927,512.06,6.229,1.359,475.85,1.359,0.0,0.00010440000000000449,0.00010440000000000449
2020-06-07,1.142564667,512.06,6.229,1.359,475.85,1.359,0.0,-4.660000000000331e-05,-4.660000000000331e-05
2020-06-07,7.373438772,512.06,6.229,1.359,475.85,1.359,0.0,2.7549999999999518e-05,2.7549999999999518e-05
2020-06-07,0.573254837,512.06,6.229,1.359,475.85,1.359,0.0,-0.0001672000000000118,-0.0001672000000000118
2020-06-07,0.157914107,512.06,6.229,1.359,475.85,1.359,0.0,0.0,0.0
2020-06-07,1.059802696,512.06,6.229,1.359,475.85,1.359,0.0,0.0,0.0
2020-06-07,4.812467437,512.06,6.229,1.359,475.85,1.359,0.0,0.0038599999999999923,0.0038599999999999923
2020-06-07,1.53192058,512.06,6.229,1.359,475.85,1.359,0.0,0.0,0.0
2020-06-08,0.0,512.06,6.229,1.359,475.85,1.359,0.0,0.0,0.0
2020-06-08,5.14e-05,512.06,6.229,1.359,475.85,1.359,0.0,0.0,0.0
2020-06-08,0.0,512.06,6.229,1.359,475.85,1.359,0.0,0.0,0.0
2020-06-08,1.229730452,512.06,6.229,1.359,475.85,1.359,0.0,0.0,0.0
2020-06-08,0.039172471,512.06,6.229,1.359,475.85,1.359,0.0,0.0,0.0
2020-06-08,0.321811236,512.06,6.229,1.359,475.85,1.359,0.0,-0.0004132499999999928,-0.0004132499999999928
2020-06-08,0.0,512.06,6.229,1.359,475.85,1.359,0.0,0.0,0.0
2020-06-08,0.132320315,512.06,6.229,1.359,475.85,1.359,0.0,-0.00044554999999999346,-0.00044554999999999346
2020-06-08,2.112084989,512.06,6.229,1.359,475.85,1.359,0.0,0.0,0.0
2020-06-08,0.053022424,512.06,6.229,1.359,475.85,1.359,0.0,-1.85499999999994e-05,-1.85499999999994e-05
2020-06-08,7.715767722,512.06,6.229,1.359,475.85,1.359,0.0,0.0,0.0
2020-06-09,0.0,512.06,6.229,1.359,475.85,1.359,0.0,0.0,0.0
2020-06-09,0.132582649,512.06,6.229,1.359,475.85,1.359,0.0,-0.00044554999999999346,-0.00044554999999999346
2020-06-09,0.165877128,512.06,6.229,1.359,475.85,1.359,0.0,2.3200000000000998e-05,2.3200000000000998e-05
2020-06-09,0.073284905,512.06,6.229,1.359,475.85,1.359,0.0,-0.0005008499999999838,-0.0005008499999999838
2020-06-09,3.193187155,512.06,6.229,1.359,475.85,1.359,0.0,0.0,0.0
2020-06-09,1.115711841,512.06,6.229,1.359,475.85,1.359,0.0,0.0,0.0
2020-06-09,1.105833702,512.06,6.229,1.359,475.85,1.359,0.0,0.0,0.0
2020-06-09,0.10382868,512.06,6.229,1.359,475.85,1.359,0.0,0.0,0.0
2020-06-09,1.671000186,512.06,6.229,1.359,475.85,1.359,0.0,-8.599999999999941e-05,-8.599999999999941e-05
2020-06-09,0.696118842,512.06,6.229,1.359,475.85,1.359,0.0,0.0,0.0
2020-06-09,5.12636664,512.06,6.229,1.359,475.85,1.359,0.0,0.0024736499999999982,0.0024736499999999982
2020-06-10,0.120265358,512.06,6.229,1.37,476.0,1.359,0.01100000000000012,0.007370000000000081,-0.0036300000000000394
2020-06-10,0.0,512.06,6.229,1.37,476.0,1.37,0.0,0.0,0.0
2020-06-10,0.540763396,512.06,6.229,1.37,476.0,1.37,0.0,0.0,0.0
2020-06-10,0.792631624,512.06,6.229,1.37,476.0,1.37,0.0,0.0,0.0
2020-06-10,2.927754651,512.06,6.229,1.37,476.0,1.37,0.0,0.0001075999999999977,0.0001075999999999977
2020-06-10,1.592809947,512.06,6.229,1.37,476.0,1.37,0.0,0.0,0.0
2020-06-10,0.089419363,512.06,6.229,1.37,476.0,1.37,0.0,-0.000984999999999998,-0.000984999999999998
2020-06-10,0.0,512.06,6.229,1.37,476.0,1.37,0.0,0.0,0.0
2020-06-10,0.096899956,512.06,6.229,1.37,476.0,1.37,0.0,0.00048790000000000335,0.00048790000000000335
2020-06-10,0.0,512.06,6.229,1.37,476.0,1.37,0.0,0.0,0.0
2020-06-10,0.0,512.06,6.229,1.37,476.0,1.37,0.0,0.0,0.0
2020-06-11,3.451831757,512.06,6.229,1.37,476.0,1.37,0.0,0.0,0.0
2020-06-11,0.684814488,512.06,6.229,1.37,476.0,1.37,0.0,0.0,0.0
2020-06-11,1.889331887,512.06,6.229,1.37,476.0,1.37,0.0,0.0,0.0
2020-06-11,2.878741789,512.06,6.229,1.37,476.0,1.37,0.0,0.00011364999999999959,0.00011364999999999959
2020-06-11,0.678919974,512.06,6.229,1.37,476.0,1.37,0.0,0.0,0.0
2020-06-11,1.077507429,512.06,6.229,1.37,476.0,1.37,0.0,0.0,0.0
2020-06-11,0.972696573,512.06,6.229,1.37,476.0,1.37,0.0,0.0,0.0
2020-06-11,1.435567083,512.06,6.229,1.37,476.0,1.37,0.0,0.0,0.0
2020-06-11,0.613213898,512.06,6.229,1.37,476.0,1.37,0.0,0.0,0.0
2020-06-11,1.189280261,512.06,6.229,1.37,476.0,1.37,0.0,0.0,0.0
2020-06-11,0.805191948,512.06,6.229,1.37,476.0,1.37,0.0,0.0,0.0
2020-06-12,0.0,512.06,6.229,1.37,476.0,1.37,0.0,0.0,0.0
2020-06-12,0.0,512.06,6.229,1.37,476.0,1.37,0.0,0.0,0.0
2020-06-12,0.157088969,512.06,6.229,1.37,476.0,1.37,0.0,0.00011000000000000121,0.00011000000000000121
2020-06-12,0.0,512.06,6.229,1.37,476.0,1.37,0.0,0.0,0.0
2020-06-12,0.0,512.06,6.229,1.37,476.0,1.37,0.0,0.0,0.0
2020-06-12,0.0,512.06,6.229,1.37,476.0,1.37,0.0,0.0,0.0
2020-06-12,0.0,512.06,6.229,1.37,476.0,1.37,0.0,0.0,0.0
2020-06-12,0.0,512.06,6.229,1.37,476.0,1.37,0.0,0.0,0.0
2020-06-12,0.00212931,512.06,6.229,1.37,476.0,1.37,0.0,0.0027598499999999947,0.0027598499999999947
2020-06-12,0.0,512.06,6.229,1.37,476.0,1.37,0.0,0.0,0.0
2020-06-12,0.0,512.06,6.229,1.37,476.0,1.37,0.0,0.0,0.0
2020-06-13,0.0,512.06,6.229,1.37,476.0,1.37,0.0,0.0,0.0
2020-06-13,0.0,512.06,6.229,1.37,476.0,1.37,0.0,0.0,0.0
2020-06-13,0.052072229,512.06,6.229,1.37,476.0,1.37,0.0,0.0,0.0
2020-06-13,0.058778435,512.06,6.229,1.37,476.0,1.37,0.0,-7.41999999999976e-05,-7.41999999999976e-05
2020-06-13,0.756817176,512.06,6.229,1.37,476.0,1.37,0.0,0.0,0.0
2020-06-13,0.008105873,512.06,6.229,1.37,476.0,1.37,0.0,0.0,0.0
2020-06-13,1.062127025,512.06,6.229,1.37,476.0,1.37,0.0,0.0,0.0
2020-06-13,0.0,512.06,6.229,1.37,476.0,1.37,0.0,0.0,0.0
2020-06-13,0.0,512.06,6.229,1.37,476.0,1.37,0.0,0.0,0.0
2020-06-13,0.236251626,512.06,6.229,1.37,476.0,1.37,0.0,-0.0013539000000000012,-0.0013539000000000012
2020-06-13,1.38987788,512.06,6.229,1.37,476.0,1.37,0.0,0.0,0.0
2020-06-14,0.011092166,512.06,6.229,1.37,476.0,1.37,0.0,0.0,0.0
2020-06-14,0.848871755,512.06,6.229,1.37,476.0,1.37,0.0,0.0,0.0
2020-06-14,0.518164023,512.06,6.229,1.37,476.0,1.37,0.0,-0.00017055000000000043,-0.00017055000000000043
2020-06-14,0.185604402,512.06,6.229,1.37,476.0,1.37,0.0,8.120000000000349e-05,8.120000000000349e-05
2020-06-14,5.752836743,512.06,6.229,1.37,476.0,1.37,0.0,0.0003204499999999977,0.0003204499999999977
2020-06-14,0.302072108,512.06,6.229,1.37,476.0,1.37,0.0,0.0,0.0
2020-06-14,0.622073384,512.06,6.229,1.37,476.0,1.37,0.0,0.0,0.0
2020-06-14,0.355744611,512.06,6.229,1.37,476.0,1.37,0.0,-0.0003856999999999933,-0.0003856999999999933
2020-06-14,0.32972442,512.06,6.229,1.37,476.0,1.37,0.0,-0.0003856999999999933,-0.0003856999999999933
2020-06-14,3.669460224,512.06,6.229,1.37,476.0,1.37,0.0,0.0,0.0
2020-06-14,0.622261554,512.06,6.229,1.37,476.0,1.37,0.0,0.0,0.0
2020-06-15,0.047788952,512.06,6.229,1.37,476.0,1.37,0.0,-0.00010999999999999899,-0.00010999999999999899
2020-06-15,0.0,512.06,6.229,1.37,476.0,1.37,0.0,0.0,0.0
2020-06-15,0.0,512.06,6.229,1.37,476.0,1.37,0.0,0.0,0.0
2020-06-15,0.0,512.06,6.229,1.37,476.0,1.37,0.0,0.0,0.0
2020-06-15,0.0,512.06,6.229,1.37,476.0,1.37,0.0,0.0,0.0
2020-06-15,0.406282788,512.06,6.229,1.37,476.0,1.37,0.0,-0.00018000000000000015,-0.00018000000000000015
2020-06-15,0.229852598,512.06,6.229,1.37,476.0,1.37,0.0,0.0004402999999999979,0.0004402999999999979
2020-06-15,0.0,512.06,6.229,1.37,476.0,1.37,0.0,0.0,0.0
2020-06-15,0.111106909,512.06,6.229,1.37,476.0,1.37,0.0,0.001265000000000014,0.001265000000000014
2020-06-15,0.028224879,512.06,6.229,1.37,476.0,1.37,0.0,0.0,0.0
2020-06-15,0.0,512.06,6.229,1.37,476.0,1.37,0.0,0.0,0.0
2020-06-16,0.167054233,512.06,6.229,1.37,476.0,1.37,0.0,0.00011000000000000121,0.00011000000000000121
2020-06-16,0.426465333,512.06,6.229,1.37,476.0,1.37,0.0,0.0,0.0
2020-06-16,0.439131304,512.06,6.229,1.37,476.0,1.37,0.0,0.0011584000000000039,0.0011584000000000039
2020-06-16,0.0,512.06,6.229,1.37,476.0,1.37,0.0,0.0,0.0
2020-06-16,0.0,512.06,6.229,1.37,476.0,1.37,0.0,0.0,0.0
2020-06-16,0.0,512.06,6.229,1.37,476.0,1.37,0.0,0.0,0.0
2020-06-16,0.798031394,512.06,6.229,1.37,476.0,1.37,0.0,0.0,0.0
2020-06-16,0.304890208,512.06,6.229,1.37,476.0,1.37,0.0,0.0,0.0
2020-06-16,0.000928336,512.06,6.229,1.37,476.0,1.37,0.0,0.0033513000000000037,0.0033513000000000037
2020-06-16,3.760349327,512.06,6.229,1.37,476.0,1.37,0.0,0.0001888000000000001,0.0001888000000000001
2020-06-16,0.710963472,512.06,6.229,1.37,476.0,1.37,0.0,0.0,0.0
2020-06-17,0.0,512.06,6.229,1.482,477.47,1.37,0.11199999999999988,0.0093196541985706,-0.10268034580142928
2020-06-17,0.0,512.06,6.229,1.482,477.47,1.482,0.0,0.0093196541985706,0.0093196541985706
2020-06-17,2.812249359,512.06,6.229,1.482,477.47,1.482,0.0,0.0006818999999999975,0.0006818999999999975
2020-06-17,0.0,512.06,6.229,1.482,477.47,1.482,0.0,0.0093196541985706,0.0093196541985706
2020-06-17,0.028096447,512.06,6.229,1.482,477.47,1.482,0.0,0.0008327552447552439,0.0008327552447552439
2020-06-17,0.0,512.06,6.229,1.482,477.47,1.482,0.0,0.0093196541985706,0.0093196541985706
2020-06-17,0.0,512.06,6.229,1.482,477.47,1.482,0.0,0.0093196541985706,0.0093196541985706
2020-06-17,0.0,512.06,6.229,1.482,477.47,1.482,0.0,0.0093196541985706,0.0093196541985706
2020-06-17,0.069870145,512.06,6.229,1.482,477.47,1.482,0.0,8.615384615384606e-05,8.615384615384606e-05
2020-06-17,0.0,512.06,6.229,1.482,477.47,1.482,0.0,0.0093196541985706,0.0093196541985706
2020-06-17,0.0,512.06,6.229,1.482,477.47,1.482,0.0,0.0093196541985706,0.0093196541985706
2020-06-18,1.183591185,512.06,6.229,1.482,477.47,1.482,0.0,0.0,0.0
2020-06-18,0.056589778,512.06,6.229,1.482,477.47,1.482,0.0,8.615384615384606e-05,8.615384615384606e-05
2020-06-18,0.480021778,512.06,6.229,1.482,477.47,1.482,0.0,0.0003100499999999995,0.0003100499999999995
2020-06-18,1.131406332,512.06,6.229,1.482,477.47,1.482,0.0,0.0,0.0
2020-06-18,0.0,512.06,6.229,1.482,477.47,1.482,0.0,0.0093196541985706,0.0093196541985706
2020-06-18,0.0,512.06,6.229,1.482,477.47,1.482,0.0,0.0093196541985706,0.0093196541985706
2020-06-18,0.011695466,512.06,6.229,1.482,477.47,1.482,0.0,0.002065445221445219,0.002065445221445219
2020-06-18,0.3234018,512.06,6.229,1.482,477.47,1.482,0.0,0.00017894999999999993,0.00017894999999999993
2020-06-18,3.416564805,512.06,6.229,1.482,477.47,1.482,0.0,0.0,0.0
2020-06-18,0.0,512.06,6.229,1.482,477.47,1.482,0.0,0.0093196541985706,0.0093196541985706
2020-06-18,0.0,512.06,6.229,1.482,477.47,1.482,0.0,0.0093196541985706,0.0093196541985706
2020-06-19,0.250584612,512.06,6.229,1.49393,477.63,1.482,0.011929999999999996,0.007581449999999997,-0.004348549999999999
2020-06-19,0.052629597,512.06,6.229,1.49393,477.63,1.49393,0.0,0.0,0.0
2020-06-19,0.068321045,512.06,6.229,1.49393,477.63,1.49393,0.0,0.0,0.0
2020-06-19,0.177250424,512.06,6.229,1.49393,477.63,1.49393,0.0,0.0009341999999999995,0.0009341999999999995
2020-06-19,3.099969539,512.06,6.229,1.49393,477.63,1.49393,0.0,0.001363799999999995,0.001363799999999995
2020-06-19,0.007092342,512.06,6.229,1.49393,477.63,1.49393,0.0,8.974358974358965e-05,8.974358974358965e-05
2020-06-19,0.362647259,512.06,6.229,1.49393,477.63,1.49393,0.0,0.0013181999999999994,0.0013181999999999994
2020-06-19,0.083442036,512.06,6.229,1.49393,477.63,1.49393,0.0,0.0,0.0
2020-06-19,7.035892503,512.06,6.229,1.49393,477.63,1.49393,0.0,0.00045819999999999525,0.00045819999999999525
2020-06-19,1.602236555,512.06,6.229,1.49393,477.63,1.49393,0.0,0.00011929999999999996,0.00011929999999999996
2020-06-19,0.806547016,512.06,6.229,1.49393,477.63,1.49393,0.0,0.0002982499999999999,0.0002982499999999999
2020-06-20,2.967570181,512.06,6.229,1.51666,477.93,1.49393,0.022729999999999917,0.013853199999999984,-0.008876799999999933
2020-06-20,9.284115836,512.06,6.229,1.51666,477.93,1.51666,0.0,0.0,0.0
2020-06-20,2.498637256,512.06,6.229,1.51666,477.93,1.51666,0.0,0.002388949999999992,0.002388949999999992
2020-06-20,0.370208968,512.06,6.229,1.51666,477.93,1.51666,0.0,0.0003041499999999997,0.0003041499999999997
2020-06-20,0.854206594,512.06,6.229,1.51666,477.93,1.51666,0.0,0.0,0.0
2020-06-20,1.185820876,512.06,6.229,1.51666,477.93,1.51666,0.0,0.0,0.0
2020-06-20,0.191045934,512.06,6.229,1.51666,477.93,1.51666,0.0,0.0001587499999999997,0.0001587499999999997
2020-06-20,7.314816117,512.06,6.229,1.51666,477.93,1.51666,0.0,0.0004056999999999977,0.0004056999999999977
2020-06-20,4.724318135,512.06,6.229,1.51666,477.93,1.51666,0.0,0.005124099999999989,0.005124099999999989
2020-06-20,0.205106317,512.06,6.229,1.51666,477.93,1.51666,0.0,0.0002183999999999997,0.0002183999999999997
2020-06-20,7.731428506,512.06,6.229,1.51666,477.93,1.51666,0.0,0.0,0.0
2020-06-21,6.410108299,512.06,6.229,1.54218,478.26,1.51666,0.02552000000000021,0.016715600000000136,-0.008804400000000073
2020-06-21,6.334304722,512.06,6.229,1.54218,478.26,1.54218,0.0,0.0042108000000000345,0.0042108000000000345
2020-06-21,1.401266881,512.06,6.229,1.54218,478.26,1.54218,0.0,0.00012760000000000104,0.00012760000000000104
2020-06-21,1.171592996,512.06,6.229,1.54218,478.26,1.54218,0.0,0.0,0.0
2020-06-21,1.737909621,512.06,6.229,1.54218,478.26,1.54218,0.0,0.00012760000000000104,0.00012760000000000104
2020-06-21,3.692698979,512.06,6.229,1.54218,478.26,1.54218,0.0,0.0016469,0.0016469
2020-06-21,1.03151666,512.06,6.229,1.54218,478.26,1.54218,0.0,0.0,0.0
2020-06-21,8.186576078,512.06,6.229,1.54218,478.26,1.54218,0.0,0.0008178000000000052,0.0008178000000000052
2020-06-21,0.246263646,512.06,6.229,1.54218,478.26,1.54218,0.0,0.001357649999999999,0.001357649999999999
2020-06-21,0.122845357,512.06,6.229,1.54218,478.26,1.54218,0.0,0.0014895999999999976,0.0014895999999999976
2020-06-21,6.743449744,512.06,6.229,1.54218,478.26,1.54218,0.0,0.003372700000000026,0.003372700000000026
2020-06-22,0.489934481,512.06,6.229,1.56722,478.59,1.54218,0.02503999999999995,0.015090049999999926,-0.009949950000000025
2020-06-22,0.0,512.06,6.229,1.56722,478.59,1.56722,0.0,0.0,0.0
2020-06-22,0.0,512.06,6.229,1.56722,478.59,1.56722,0.0,0.0,0.0
2020-06-22,0.32149893,512.06,6.229,1.56722,478.59,1.56722,0.0,0.0007511999999999985,0.0007511999999999985
2020-06-22,0.757789414,512.06,6.229,1.56722,478.59,1.56722,0.0,0.002503999999999995,0.002503999999999995
2020-06-22,5.206589652,512.06,6.229,1.56722,478.59,1.56722,0.0,0.000890800000000006,0.000890800000000006
2020-06-22,0.0,512.06,6.229,1.56722,478.59,1.56722,0.0,0.0,0.0
2020-06-22,2.302100344,512.06,6.229,1.56722,478.59,1.56722,0.0,0.002780050000000004,0.002780050000000004
2020-06-22,0.409799603,512.06,6.229,1.56722,478.59,1.56722,0.0,0.002003199999999996,0.002003199999999996
2020-06-22,0.0,512.06,6.229,1.56722,478.59,1.56722,0.0,0.0,0.0
2020-06-22,0.124265189,512.06,6.229,1.56722,478.59,1.56722,0.0,0.0018852499999999904,0.0018852499999999904
2020-06-23,0.123659597,512.06,6.229,1.57511,478.69,1.56722,0.007889999999999953,0.005538549999999968,-0.002351449999999985
2020-06-23,0.0,512.06,6.229,1.57511,478.69,1.57511,0.0,7.889999999999953e-05,7.889999999999953e-05
2020-06-23,0.424372958,512.06,6.229,1.57511,478.69,1.57511,0.0,0.00024354999999999904,0.00024354999999999904
2020-06-23,0.708953733,512.06,6.229,1.57511,478.69,1.57511,0.0,0.00012519999999999976,0.00012519999999999976
2020-06-23,0.732397263,512.06,6.229,1.57511,478.69,1.57511,0.0,0.00012519999999999976,0.00012519999999999976
2020-06-23,1.972995507,512.06,6.229,1.57511,478.69,1.57511,0.0,0.008145799999999995,0.008145799999999995
2020-06-23,0.070646737,512.06,6.229,1.57511,478.69,1.57511,0.0,0.0005128499999999969,0.0005128499999999969
2020-06-23,2.5605729,512.06,6.229,1.57511,478.69,1.57511,0.0,0.0005797500000000011,0.0005797500000000011
2020-06-23,1.726697388,512.06,6.229,1.57511,478.69,1.57511,0.0,0.0,0.0
2020-06-23,0.409086587,512.06,6.229,1.57511,478.69,1.57511,0.0,0.0003224499999999986,0.0003224499999999986
2020-06-23,0.020242983,512.06,6.229,1.57511,478.69,1.57511,0.0,0.0003944999999999976,0.0003944999999999976
2020-06-24,2.383159492,512.06,6.229,1.5983,479.0,1.57511,0.023190000000000044,0.015653250000000028,-0.007536750000000016
2020-06-24,2.587449437,512.06,6.229,1.5983,479.0,1.5983,0.0,0.001043550000000002,0.001043550000000002
2020-06-24,33.46293787,512.06,6.229,1.5983,479.0,1.5983,0.0,0.0,0.0
2020-06-24,37.05458864,512.06,6.229,1.5983,479.0,1.5983,0.0,0.0,0.0
2020-06-24,10.6285629,512.06,6.229,1.5983,479.0,1.5983,0.0,0.0,0.0
2020-06-24,9.83561422,512.06,6.229,1.5983,479.0,1.5983,0.0,-0.00035499999999999865,-0.00035499999999999865
2020-06-24,11.19764678,512.06,6.229,1.5983,479.0,1.5983,0.0,0.0006330000000000169,0.0006330000000000169
2020-06-24,8.052914638,512.06,6.229,1.5983,479.0,1.5983,0.0,0.0003308499999999992,0.0003308499999999992
2020-06-24,3.639990316,512.06,6.229,1.5983,479.0,1.5983,0.0,0.0004591999999999996,0.0004591999999999996
2020-06-24,5.418811496,512.06,6.229,1.5983,479.0,1.5983,0.0,0.00024124999999999952,0.00024124999999999952
2020-06-24,2.786868573,512.06,6.229,1.5983,479.0,1.5983,0.0,0.001950449999999998,0.001950449999999998
2020-06-25,4.821621505,512.06,6.229,1.64655,479.63,1.5983,0.048249999999999904,0.029673749999999853,-0.01857625000000005
2020-06-25,14.50881897,512.06,6.229,1.64655,479.63,1.64655,0.0,0.00021119999999999806,0.00021119999999999806
2020-06-25,14.70062184,512.06,6.229,1.64655,479.63,1.64655,0.0,2.6399999999999757e-05,2.6399999999999757e-05
2020-06-25,3.075156939,512.06,6.229,1.64655,479.63,1.64655,0.0,0.0003216999999999992,0.0003216999999999992
2020-06-25,16.74553154,512.06,6.229,1.64655,479.63,1.64655,0.0,0.00026040000000000064,0.00026040000000000064
2020-06-25,1.267960947,512.06,6.229,1.64655,479.63,1.64655,0.0,0.0,0.0
2020-06-25,3.25437096,512.06,6.229,1.64655,479.63,1.64655,0.0,9.440000000000004e-05,9.440000000000004e-05
2020-06-25,5.753753168,512.06,6.229,1.64655,479.63,1.64655,0.0,0.0001338000000000006,0.0001338000000000006
2020-06-25,0.940680944,512.06,6.229,1.64655,479.63,1.64655,0.0,0.0,0.0
2020-06-25,0.80526285,512.06,6.229,1.64655,479.63,1.64655,0.0,0.0,0.0
2020-06-25,7.766653834,512.06,6.229,1.64655,479.63,1.64655,0.0,0.0,0.0
2020-06-26,0.05413125,512.06,6.229,1.64655,479.63,1.64655,0.0,0.0,0.0
2020-06-26,0.514804892,512.06,6.229,1.64655,479.63,1.64655,0.0,0.00037559999999999926,0.00037559999999999926
2020-06-26,0.0,512.06,6.229,1.64655,479.63,1.64655,0.0,0.0,0.0
2020-06-26,0.391568376,512.06,6.229,1.64655,479.63,1.64655,0.0,0.0,0.0
2020-06-26,1.624517464,512.06,6.229,1.64655,479.63,1.64655,0.0,0.0,0.0
2020-06-26,0.020593136,512.06,6.229,1.64655,479.63,1.64655,0.0,0.0,0.0
2020-06-26,0.578304846,512.06,6.229,1.64655,479.63,1.64655,0.0,0.0,0.0
2020-06-26,0.229664859,512.06,6.229,1.64655,479.63,1.64655,0.0,0.001439249999999993,0.001439249999999993
2020-06-26,0.561077331,512.06,6.229,1.64655,479.63,1.64655,0.0,0.0,0.0
2020-06-26,0.0,512.06,6.229,1.64655,479.63,1.64655,0.0,0.0,0.0
2020-06-26,0.0,512.06,6.229,1.64655,479.63,1.64655,0.0,0.0,0.0
2020-06-27,0.045386428,512.06,6.229,1.64655,479.63,1.64655,0.0,0.0,0.0
2020-06-27,0.036447644,512.06,6.229,1.64655,479.63,1.64655,0.0,0.0,0.0
2020-06-27,0.119603015,512.06,6.229,1.64655,479.63,1.64655,0.0,0.0008345000000000024,0.0008345000000000024
2020-06-27,0.01135308,512.06,6.229,1.64655,479.63,1.64655,0.0,0.0,0.0
2020-06-27,0.324148338,512.06,6.229,1.64655,479.63,1.64655,0.0,0.0,0.0
2020-06-27,4.339431388,512.06,6.229,1.64655,479.63,1.64655,0.0,0.0026537499999999947,0.0026537499999999947
2020-06-27,3.132450906,512.06,6.229,1.64655,479.63,1.64655,0.0,9.440000000000004e-05,9.440000000000004e-05
2020-06-27,1.790200862,512.06,6.229,1.64655,479.63,1.64655,0.0,0.0,0.0
2020-06-27,0.000560231,512.06,6.229,1.64655,479.63,1.64655,0.0,0.0,0.0
2020-06-27,9.223878052,512.06,6.229,1.64655,479.63,1.64655,0.0,0.0,0.0
2020-06-27,2.050752719,512.06,6.229,1.64655,479.63,1.64655,0.0,0.0,0.0
2020-06-28,0.0,512.06,6.229,1.64655,479.63,1.64655,0.0,0.0,0.0
2020-06-28,0.0,512.06,6.229,1.64655,479.63,1.64655,0.0,0.0,0.0
2020-06-28,0.0,512.06,6.229,1.64655,479.63,1.64655,0.0,0.0,0.0
2020-06-28,0.0,512.06,6.229,1.64655,479.63,1.64655,0.0,0.0,0.0
2020-06-28,0.0,512.06,6.229,1.64655,479.63,1.64655,0.0,0.0,0.0
2020-06-28,0.016259728,512.06,6.229,1.64655,479.63,1.64655,0.0,-1.9000000000035656e-06,-1.9000000000035656e-06
2020-06-28,0.0,512.06,6.229,1.64655,479.63,1.64655,0.0,0.0,0.0
2020-06-28,0.0,512.06,6.229,1.64655,479.63,1.64655,0.0,0.0,0.0
2020-06-28,0.0,512.06,6.229,1.64655,479.63,1.64655,0.0,0.0,0.0
2020-06-28,0.0,512.06,6.229,1.64655,479.63,1.64655,0.0,0.0,0.0
2020-06-28,0.0,512.06,6.229,1.64655,479.63,1.64655,0.0,0.0,0.0
2020-06-29,2.334193656,512.06,6.229,1.64655,479.63,1.64655,0.0,0.0005492500000000011,0.0005492500000000011
2020-06-29,2.675202726,512.06,6.229,1.64655,479.63,1.64655,0.0,0.00023190000000000043,0.00023190000000000043
2020-06-29,5.335425098,512.06,6.229,1.64655,479.63,1.64655,0.0,0.00048249999999999904,0.00048249999999999904
2020-06-29,5.419107125,512.06,6.229,1.64655,479.63,1.64655,0.0,0.00048249999999999904,0.00048249999999999904
2020-06-29,8.176474466,512.06,6.229,1.64655,479.63,1.64655,0.0,0.0003308499999999992,0.0003308499999999992
2020-06-29,0.445880918,512.06,6.229,1.64655,479.63,1.64655,0.0,0.0,0.0
2020-06-29,6.326051726,512.06,6.229,1.64655,479.63,1.64655,0.0,0.00012760000000000104,0.00012760000000000104
2020-06-29,1.440504183,512.06,6.229,1.64655,479.63,1.64655,0.0,0.0,0.0
2020-06-29,0.345786058,512.06,6.229,1.64655,479.63,1.64655,0.0,0.0,0.0
2020-06-29,2.106603886,512.06,6.229,1.64655,479.63,1.64655,0.0,0.0,0.0
2020-06-29,10.71644077,512.06,6.229,1.64655,479.63,1.64655,0.0,0.0,0.0
2020-06-30,0.271771849,512.06,6.229,1.64655,479.63,1.64655,0.0,0.0,0.0
2020-06-30,2.249644528,512.06,6.229,1.64655,479.63,1.64655,0.0,0.0003021000000000007,0.0003021000000000007
2020-06-30,0.232496799,512.06,6.229,1.64655,479.63,1.64655,0.0,0.001879549999999991,0.001879549999999991
2020-06-30,3.376954414,512.06,6.229,1.64655,479.63,1.64655,0.0,0.0004204999999999992,0.0004204999999999992
2020-06-30,1.430215878,512.06,6.229,1.64655,479.63,1.64655,0.0,0.0,0.0
2020-06-30,0.039040595,512.06,6.229,1.64655,479.63,1.64655,0.0,0.0,0.0
2020-06-30,0.587942428,512.06,6.229,1.64655,479.63,1.64655,0.0,0.0,0.0
2020-06-30,0.003360765,512.06,6.229,1.64655,479.63,1.64655,0.0,0.0,0.0
2020-06-30,0.377856483,512.06,6.229,1.64655,479.63,1.64655,0.0,0.0,0.0
2020-06-30,1.991338484,512.06,6.229,1.64655,479.63,1.64655,0.0,0.022408599999999987,0.022408599999999987
2020-06-30,8.784093715,512.06,6.229,1.64655,479.63,1.64655,0.0,0.0003595999999999999,0.0003595999999999999
2020-07-01,0.0,512.06,6.229,1.87612,482.44,1.64655,0.22957000000000005,0.026778377587759455,-0.2027916224122406
2020-07-01,0.0,512.06,6.229,1.87612,482.44,1.87612,0.0,0.026778377587759455,0.026778377587759455
2020-07-01,0.107090036,512.06,6.229,1.87612,482.44,1.87612,0.0,0.0013086400992063495,0.0013086400992063495
2020-07-01,0.0,512.06,6.229,1.87612,482.44,1.87612,0.0,0.026778377587759455,0.026778377587759455
2020-07-01,0.0,512.06,6.229,1.87612,482.44,1.87612,0.0,0.026778377587759455,0.026778377587759455
2020-07-01,0.0,512.06,6.229,1.87612,482.44,1.87612,0.0,0.026778377587759455,0.026778377587759455
2020-07-01,0.0,512.06,6.229,1.87612,482.44,1.87612,0.0,0.026778377587759455,0.026778377587759455
2020-07-01,0.0,512.06,6.229,1.87612,482.44,1.87612,0.0,0.026778377587759455,0.026778377587759455
2020-07-01,0.0,512.06,6.229,1.87612,482.44,1.87612,0.0,0.026778377587759455,0.026778377587759455
2020-07-01,0.41372243,512.06,6.229,1.87612,482.44,1.87612,0.0,0.0006231185714285715,0.0006231185714285715
2020-07-01,0.195055129,512.06,6.229,1.87612,482.44,1.87612,0.0,0.0011651588492063495,0.0011651588492063495
2020-07-02,3.938925079,512.06,6.229,1.895,482.64,1.87612,0.018880000000000008,0.01142240000000002,-0.007457599999999988
2020-07-02,0.039127189,512.06,6.229,1.895,482.64,1.895,0.0,0.0,0.0
2020-07-02,0.505490479,512.06,6.229,1.895,482.64,1.895,0.0,0.0002195999999999998,0.0002195999999999998
2020-07-02,0.001622801,512.06,6.229,1.895,482.64,1.895,0.0,0.0022783785504772993,0.0022783785504772993
2020-07-02,8.559482058,512.06,6.229,1.895,482.64,1.895,0.0,0.004271600000000001,0.004271600000000001
2020-07-02,0.196293541,512.06,6.229,1.895,482.64,1.895,0.0,0.002027500000000004,0.002027500000000004
2020-07-02,3.325217128,512.06,6.229,1.895,482.64,1.895,0.0,0.0033189,0.0033189
2020-07-02,0.169551199,512.06,6.229,1.895,482.64,1.895,0.0,0.0002473000000000014,0.0002473000000000014
2020-07-02,4.050842482,512.06,6.229,1.895,482.64,1.895,0.0,0.0037760000000000016,0.0037760000000000016
2020-07-02,0.009535082,512.06,6.229,1.895,482.64,1.895,0.0,0.0004939970804195802,0.0004939970804195802
2020-07-02,4.211486718,512.06,6.229,1.895,482.64,1.895,0.0,0.0012272000000000006,0.0012272000000000006
2020-07-03,0.0,512.06,6.229,1.91871,482.89,1.895,0.023709999999999898,0.004538310806277037,-0.019171689193722863
2020-07-03,0.099433871,512.06,6.229,1.91871,482.89,1.91871,0.0,0.0008516000000000013,0.0008516000000000013
2020-07-03,0.063187963,512.06,6.229,1.91871,482.89,1.91871,0.0,0.0,0.0
2020-07-03,2.5055302,512.06,6.229,1.91871,482.89,1.91871,0.0,0.0003776000000000002,0.0003776000000000002
2020-07-03,1.620516958,512.06,6.229,1.91871,482.89,1.91871,0.0,9.440000000000004e-05,9.440000000000004e-05
2020-07-03,0.0,512.06,6.229,1.91871,482.89,1.91871,0.0,0.004538310806277037,0.004538310806277037
2020-07-03,0.0,512.06,6.229,1.91871,482.89,1.91871,0.0,0.004538310806277037,0.004538310806277037
2020-07-03,0.015593954,512.06,6.229,1.91871,482.89,1.91871,0.0,0.00041481203463200064,0.00041481203463200064
2020-07-03,0.0,512.06,6.229,1.91871,482.89,1.91871,0.0,0.004538310806277037,0.004538310806277037
2020-07-03,0.052024887,512.06,6.229,1.91871,482.89,1.91871,0.0,0.0,0.0
2020-07-03,0.0,512.06,6.229,1.91871,482.89,1.91871,0.0,0.004538310806277037,0.004538310806277037
2020-07-04,5.465878005,512.06,6.229,1.94547,483.18,1.91871,0.026760000000000117,0.01853995000000008,-0.008220050000000038
2020-07-04,26.16193413,512.06,6.229,1.94547,483.18,1.94547,0.0,0.0,0.0
2020-07-04,0.450364302,512.06,6.229,1.94547,483.18,1.94547,0.0,0.0001338000000000006,0.0001338000000000006
2020-07-04,20.55902104,512.06,6.229,1.94547,483.18,1.94547,0.0,0.0,0.0
2020-07-04,27.06120403,512.06,6.229,1.94547,483.18,1.94547,0.0,-0.00026000000000000025,-0.00026000000000000025
2020-07-04,1.044741403,512.06,6.229,1.94547,483.18,1.94547,0.0,0.0001338000000000006,0.0001338000000000006
2020-07-04,6.409779008,512.06,6.229,1.94547,483.18,1.94547,0.0,0.0044872000000000245,0.0044872000000000245
2020-07-04,1.568544676,512.06,6.229,1.94547,483.18,1.94547,0.0,0.0001338000000000006,0.0001338000000000006
2020-07-04,13.41890637,512.06,6.229,1.94547,483.18,1.94547,0.0,0.0001338000000000006,0.0001338000000000006
2020-07-04,2.839437826,512.06,6.229,1.94547,483.18,1.94547,0.0,0.0006296000000000024,0.0006296000000000024
2020-07-04,21.99214207,512.06,6.229,1.94547,483.18,1.94547,0.0,0.0,0.0
2020-07-05,8.551074476,512.06,6.229,1.98143,483.56,1.94547,0.03595999999999999,0.026430600000000096,-0.009529399999999896
2020-07-05,15.36484613,512.06,6.229,1.98143,483.56,1.98143,0.0,0.0017540999999999928,0.0017540999999999928
2020-07-05,11.60994396,512.06,6.229,1.98143,483.56,1.98143,0.0,-0.009623050000000001,-0.009623050000000001
2020-07-05,13.09792929,512.06,6.229,1.98143,483.56,1.98143,0.0,0.0003595999999999999,0.0003595999999999999
2020-07-05,23.34086799,512.06,6.229,1.98143,483.56,1.98143,0.0,0.0,0.0
2020-07-05,27.60410656,512.06,6.229,1.98143,483.56,1.98143,0.0,0.0,0.0
2020-07-05,3.139962467,512.06,6.229,1.98143,483.56,1.98143,0.0,0.0016181999999999995,0.0016181999999999995
2020-07-05,25.94396591,512.06,6.229,1.98143,483.56,1.98143,0.0,0.0,0.0
2020-07-05,15.97622636,512.06,6.229,1.98143,483.56,1.98143,0.0,0.0016219000000000027,0.0016219000000000027
2020-07-05,24.25890905,512.06,6.229,1.98143,483.56,1.98143,0.0,0.0,0.0
2020-07-05,20.29569981,512.06,6.229,1.98143,483.56,1.98143,0.0,0.0006677999999999917,0.0006677999999999917
2020-07-06,0.231158995,512.06,6.229,2.02546,484.03,1.98143,0.04402999999999979,0.027518749999999797,-0.016511249999999995
2020-07-06,1.424715448,512.06,6.229,2.02546,484.03,2.02546,0.0,0.00022014999999999895,0.00022014999999999895
2020-07-06,0.00285621,512.06,6.229,2.02546,484.03,2.02546,0.0,-9.500000000017828e-07,-9.500000000017828e-07
2020-07-06,0.267842186,512.06,6.229,2.02546,484.03,2.02546,0.0,0.0024216499999999887,0.0024216499999999887
2020-07-06,0.274703044,512.06,6.229,2.02546,484.03,2.02546,0.0,0.0024216499999999887,0.0024216499999999887
2020-07-06,0.10414599,512.06,6.229,2.02546,484.03,2.02546,0.0,0.0006604499999999969,0.0006604499999999969
2020-07-06,1.385510105,512.06,6.229,2.02546,484.03,2.02546,0.0,0.0004935500000000004,0.0004935500000000004
2020-07-06,0.0,512.06,6.229,2.02546,484.03,2.02546,0.0,0.0,0.0
2020-07-06,0.0,512.06,6.229,2.02546,484.03,2.02546,0.0,0.0,0.0
2020-07-06,0.11137755,512.06,6.229,2.02546,484.03,2.02546,0.0,0.0006604499999999969,0.0006604499999999969
2020-07-06,0.0,512.06,6.229,2.02546,484.03,2.02546,0.0,0.0,0.0
2020-07-07,2.277036773,512.06,6.229,2.0456,484.24,2.02546,0.020140000000000047,0.012386100000000028,-0.007753900000000018
2020-07-07,7.628337706,512.06,6.229,2.0456,484.24,2.0456,0.0,0.00010960000000000414,0.00010960000000000414
2020-07-07,1.450980275,512.06,6.229,2.0456,484.24,2.0456,0.0,0.00040280000000000095,0.00040280000000000095
2020-07-07,8.338371196,512.06,6.229,2.0456,484.24,2.0456,0.0,0.0017404999999999981,0.0017404999999999981
2020-07-07,6.313486826,512.06,6.229,2.0456,484.24,2.0456,0.0,0.0,0.0
2020-07-07,0.854772903,512.06,6.229,2.0456,484.24,2.0456,0.0,0.0003021000000000007,0.0003021000000000007
2020-07-07,7.364383283,512.06,6.229,2.0456,484.24,2.0456,0.0,0.0003538999999999981,0.0003538999999999981
2020-07-07,3.42132917,512.06,6.229,2.0456,484.24,2.0456,0.0,0.0010070000000000023,0.0010070000000000023
2020-07-07,4.682977783,512.06,6.229,2.0456,484.24,2.0456,0.0,0.0003021000000000007,0.0003021000000000007
2020-07-07,2.200195318,512.06,6.229,2.0456,484.24,2.0456,0.0,0.00422940000000001,0.00422940000000001
2020-07-07,12.59708089,512.06,6.229,2.0456,484.24,2.0456,0.0,0.0,0.0
2020-07-08,11.05467244,512.06,6.229,2.05826,484.37,2.0456,0.012660000000000338,0.007279500000000194,-0.005380500000000144
2020-07-08,10.29248106,512.06,6.229,2.05826,484.37,2.05826,0.0,0.0006826000000000398,0.0006826000000000398
2020-07-08,7.739054645,512.06,6.229,2.05826,484.37,2.05826,0.0,-9.210000000000606e-05,-9.210000000000606e-05
2020-07-08,0.572204114,512.06,6.229,2.05826,484.37,2.05826,0.0,0.0,0.0
2020-07-08,7.121570499,512.06,6.229,2.05826,484.37,2.05826,0.0,0.0,0.0
2020-07-08,7.246069621,512.06,6.229,2.05826,484.37,2.05826,0.0,0.0016227999999999909,0.0016227999999999909
2020-07-08,24.4063784,512.06,6.229,2.05826,484.37,2.05826,0.0,0.00032370000000000234,0.00032370000000000234
2020-07-08,12.11783121,512.06,6.229,2.05826,484.37,2.05826,0.0,0.007615700000000007,0.007615700000000007
2020-07-08,19.75719325,512.06,6.229,2.05826,484.37,2.05826,0.0,0.000584100000000003,0.000584100000000003
2020-07-08,40.52955275,512.06,6.229,2.05826,484.37,2.05826,0.0,6.330000000000169e-05,6.330000000000169e-05
2020-07-08,4.949890817,512.06,6.229,2.05826,484.37,2.05826,0.0,0.0004903999999999975,0.0004903999999999975
2020-07-09,7.995597154,512.06,6.229,2.08847,484.69,2.05826,0.030209999999999848,0.0196364999999999,-0.010573499999999948
2020-07-09,5.30647819,512.06,6.229,2.08847,484.69,2.08847,0.0,0.0,0.0
2020-07-09,2.325548362,512.06,6.229,2.08847,484.69,2.08847,0.0,0.0009811500000000018,0.0009811500000000018
2020-07-09,1.271139804,512.06,6.229,2.08847,484.69,2.08847,0.0,-1.1650000000000827e-05,-1.1650000000000827e-05
2020-07-09,6.65346597,512.06,6.229,2.08847,484.69,2.08847,0.0,0.0013594499999999932,0.0013594499999999932
2020-07-09,8.426321717,512.06,6.229,2.08847,484.69,2.08847,0.0,0.004199149999999982,0.004199149999999982
2020-07-09,3.335781863,512.06,6.229,2.08847,484.69,2.08847,0.0,0.005266499999999996,0.005266499999999996
2020-07-09,7.534258074,512.06,6.229,2.08847,484.69,2.08847,0.0,0.0028699499999999857,0.0028699499999999857
2020-07-09,0.078205076,512.06,6.229,2.08847,484.69,2.08847,0.0,0.0002837999999999985,0.0002837999999999985
2020-07-09,4.672437771,512.06,6.229,2.08847,484.69,2.08847,0.0,0.0,0.0
2020-07-09,0.87574064,512.06,6.229,2.08847,484.69,2.08847,0.0,0.0,0.0
2020-07-10,3.335333738,512.06,6.229,2.12358,485.065,2.08847,0.035109999999999975,0.021065999999999977,-0.014043999999999997
2020-07-10,4.986529545,512.06,6.229,2.12358,485.065,2.12358,0.0,0.00035109999999999975,0.00035109999999999975
2020-07-10,3.590657045,512.06,6.229,2.12358,485.065,2.12358,0.0,0.0015799499999999988,0.0015799499999999988
2020-07-10,3.400370317,512.06,6.229,2.12358,485.065,2.12358,0.0,0.003918249999999996,0.003918249999999996
2020-07-10,1.737648031,512.06,6.229,2.12358,485.065,2.12358,0.0,0.0,0.0
2020-07-10,0.171277815,512.06,6.229,2.12358,485.065,2.12358,0.0,0.0,0.0
2020-07-10,0.668339083,512.06,6.229,2.12358,485.065,2.12358,0.0,0.0,0.0
2020-07-10,0.652789828,512.06,6.229,2.12358,485.065,2.12358,0.0,0.0,0.0
2020-07-10,0.983356268,512.06,6.229,2.12358,485.065,2.12358,0.0,0.0,0.0
2020-07-10,3.093522971,512.06,6.229,2.12358,485.065,2.12358,0.0,0.003686549999999997,0.003686549999999997
2020-07-10,1.503894087,512.06,6.229,2.12358,485.065,2.12358,0.0,0.0,0.0
2020-07-11,17.39714187,512.06,6.229,2.17566,485.616,2.12358,0.052080000000000126,0.037417350000000085,-0.014662650000000041
2020-07-11,13.62798808,512.06,6.229,2.17566,485.616,2.17566,0.0,0.0031248000000000074,0.0031248000000000074
2020-07-11,2.96319907,512.06,6.229,2.17566,485.616,2.17566,0.0,-0.004673050000000023,-0.004673050000000023
2020-07-11,2.594408242,512.06,6.229,2.17566,485.616,2.17566,0.0,0.0,0.0
2020-07-11,10.89539853,512.06,6.229,2.17566,485.616,2.17566,0.0,0.0010977000000000103,0.0010977000000000103
2020-07-11,0.238611565,512.06,6.229,2.17566,485.616,2.17566,0.0,0.0014342999999999906,0.0014342999999999906
2020-07-11,3.053205144,512.06,6.229,2.17566,485.616,2.17566,0.0,-0.0004411500000000035,-0.0004411500000000035
2020-07-11,5.00501062,512.06,6.229,2.17566,485.616,2.17566,0.0,0.0,0.0
2020-07-11,0.315124204,512.06,6.229,2.17566,485.616,2.17566,0.0,0.0,0.0
2020-07-11,1.546113065,512.06,6.229,2.17566,485.616,2.17566,0.0,0.0,0.0
2020-07-11,0.827826068,512.06,6.229,2.17566,485.616,2.17566,0.0,0.0,0.0
2020-07-12,17.63111322,512.06,6.229,2.21796,486.065,2.17566,0.042300000000000004,0.02905770000000001,-0.013242299999999995
2020-07-12,18.42477732,512.06,6.229,2.21796,486.065,2.21796,0.0,0.00047190000000000063,0.00047190000000000063
2020-07-12,13.37621162,512.06,6.229,2.21796,486.065,2.21796,0.0,0.0,0.0
2020-07-12,18.08130985,512.06,6.229,2.21796,486.065,2.21796,0.0,0.003766800000000001,0.003766800000000001
2020-07-12,13.04845807,512.06,6.229,2.21796,486.065,2.21796,0.0,0.0,0.0
2020-07-12,6.539117467,512.06,6.229,2.21796,486.065,2.21796,0.0,0.0,0.0
2020-07-12,4.213301794,512.06,6.229,2.21796,486.065,2.21796,0.0,0.0,0.0
2020-07-12,8.635844911,512.06,6.229,2.21796,486.065,2.21796,0.0,0.00017979999999999995,0.00017979999999999995
2020-07-12,18.87526486,512.06,6.229,2.21796,486.065,2.21796,0.0,-0.00010934999999999917,-0.00010934999999999917
2020-07-12,17.03543892,512.06,6.229,2.21796,486.065,2.21796,0.0,0.0035796000000000027,0.0035796000000000027
2020-07-12,10.69405521,512.06,6.229,2.21796,486.065,2.21796,0.0,-0.00029169999999999695,-0.00029169999999999695
2020-07-13,0.096383499,512.06,6.229,2.26054,486.52,2.21796,0.04258000000000006,0.025496900000000034,-0.017083100000000028
2020-07-13,0.0,512.06,6.229,2.26054,486.52,2.26054,0.0,0.0,0.0
2020-07-13,0.018807729,512.06,6.229,2.26054,486.52,2.26054,0.0,-2.8500000000053484e-06,-2.8500000000053484e-06
2020-07-13,0.069676762,512.06,6.229,2.26054,486.52,2.26054,0.0,0.00042580000000000065,0.00042580000000000065
2020-07-13,0.0,512.06,6.229,2.26054,486.52,2.26054,0.0,0.0,0.0
2020-07-13,0.005644976,512.06,6.229,2.26054,486.52,2.26054,0.0,0.0,0.0
2020-07-13,0.0,512.06,6.229,2.26054,486.52,2.26054,0.0,0.0,0.0
2020-07-13,0.045970516,512.06,6.229,2.26054,486.52,2.26054,0.0,0.0,0.0
2020-07-13,0.0,512.06,6.229,2.26054,486.52,2.26054,0.0,0.0,0.0
2020-07-13,0.019369794,512.06,6.229,2.26054,486.52,2.26054,0.0,-2.8500000000053484e-06,-2.8500000000053484e-06
2020-07-13,0.081256556,512.06,6.229,2.26054,486.52,2.26054,0.0,0.0017032000000000026,0.0017032000000000026
2020-07-14,0.0,512.06,6.229,2.29392,486.87,2.26054,0.03337999999999974,0.0029936673002721515,-0.03038633269972759
2020-07-14,0.0,512.06,6.229,2.29392,486.87,2.29392,0.0,0.0029936673002721515,0.0029936673002721515
2020-07-14,0.0,512.06,6.229,2.29392,486.87,2.29392,0.0,0.0029936673002721515,0.0029936673002721515
2020-07-14,0.0,512.06,6.229,2.29392,486.87,2.29392,0.0,0.0029936673002721515,0.0029936673002721515
2020-07-14,0.0,512.06,6.229,2.29392,486.87,2.29392,0.0,0.0029936673002721515,0.0029936673002721515
2020-07-14,0.0,512.06,6.229,2.29392,486.87,2.29392,0.0,0.0029936673002721515,0.0029936673002721515
2020-07-14,0.0,512.06,6.229,2.29392,486.87,2.29392,0.0,0.0029936673002721515,0.0029936673002721515
2020-07-14,0.0,512.06,6.229,2.29392,486.87,2.29392,0.0,0.0029936673002721515,0.0029936673002721515
2020-07-14,0.0,512.06,6.229,2.29392,486.87,2.29392,0.0,0.0029936673002721515,0.0029936673002721515
2020-07-14,0.0,512.06,6.229,2.29392,486.87,2.29392,0.0,0.0029936673002721515,0.0029936673002721515
2020-07-14,0.0,512.06,6.229,2.29392,486.87,2.29392,0.0,0.0029936673002721515,0.0029936673002721515
2020-07-15,1.369796406,512.06,6.229,2.32126,487.16,2.29392,0.027340000000000142,0.017638900000000086,-0.009701100000000056
2020-07-15,6.292014292,512.06,6.229,2.32126,487.16,2.32126,0.0,0.0,0.0
2020-07-15,8.037014783,512.06,6.229,2.32126,487.16,2.32126,0.0,0.0010573499999999947,0.0010573499999999947
2020-07-15,5.963499746,512.06,6.229,2.32126,487.16,2.32126,0.0,0.0,0.0
2020-07-15,1.085876731,512.06,6.229,2.32126,487.16,2.32126,0.0,0.0021872000000000115,0.0021872000000000115
2020-07-15,3.068747199,512.06,6.229,2.32126,487.16,2.32126,0.0,0.00013670000000000072,0.00013670000000000072
2020-07-15,0.306574208,512.06,6.229,2.32126,487.16,2.32126,0.0,0.0007158900000000019,0.0007158900000000019
2020-07-15,2.964288855,512.06,6.229,2.32126,487.16,2.32126,0.0,0.0005007000000000006,0.0005007000000000006
2020-07-15,1.951111048,512.06,6.229,2.32126,487.16,2.32126,0.0,0.004291100000000021,0.004291100000000021
2020-07-15,0.878396271,512.06,6.229,2.32126,487.16,2.32126,0.0,0.00191380000000001,0.00191380000000001
2020-07-15,10.25284455,512.06,6.229,2.32126,487.16,2.32126,0.0,-0.0056799999999999785,-0.0056799999999999785
2020-07-16,7.263345046,512.06,6.229,2.36183,487.59,2.32126,0.04056999999999977,0.023733449999999868,-0.016836549999999905
2020-07-16,0.48849142,512.06,6.229,2.36183,487.59,2.36183,0.0,0.0006652000000000002,0.0006652000000000002
2020-07-16,2.661282719,512.06,6.229,2.36183,487.59,2.36183,0.0,0.0,0.0
2020-07-16,1.275315077,512.06,6.229,2.36183,487.59,2.36183,0.0,0.00014934999999998588,0.00014934999999998588
2020-07-16,0.0,512.06,6.229,2.36183,487.59,2.36183,0.0,0.0,0.0
2020-07-16,6.740425133,512.06,6.229,2.36183,487.59,2.36183,0.0,0.004868399999999972,0.004868399999999972
2020-07-16,0.210395442,512.06,6.229,2.36183,487.59,2.36183,0.0,0.0,0.0
2020-07-16,16.48679125,512.06,6.229,2.36183,487.59,2.36183,0.0,0.0016227999999999909,0.0016227999999999909
2020-07-16,0.214569396,512.06,6.229,2.36183,487.59,2.36183,0.0,0.0,0.0
2020-07-16,0.0,512.06,6.229,2.36183,487.59,2.36183,0.0,0.0,0.0
2020-07-16,5.433174829,512.06,6.229,2.36183,487.59,2.36183,0.0,0.001759499999999996,0.001759499999999996
2020-07-17,5.125938482,512.06,6.229,2.4168,488.09,2.36183,0.05496999999999996,0.03545564999999998,-0.019514349999999986
2020-07-17,20.12627994,512.06,6.229,2.4168,488.09,2.4168,0.0,-0.00011624999999999997,-0.00011624999999999997
2020-07-17,2.925974088,512.06,6.229,2.4168,488.09,2.4168,0.0,4.149999999999876e-05,4.149999999999876e-05
2020-07-17,7.261671912,512.06,6.229,2.4168,488.09,2.4168,0.0,0.0022313499999999874,0.0022313499999999874
2020-07-17,4.097095015,512.06,6.229,2.4168,488.09,2.4168,0.0,0.0013742499999999992,0.0013742499999999992
2020-07-17,8.479893051,512.06,6.229,2.4168,488.09,2.4168,0.0,0.0,0.0
2020-07-17,7.931251124,512.06,6.229,2.4168,488.09,2.4168,0.0,0.0,0.0
2020-07-17,12.95409218,512.06,6.229,2.4168,488.09,2.4168,0.0,0.0,0.0
2020-07-17,11.78748755,512.06,6.229,2.4168,488.09,2.4168,0.0,0.0,0.0
2020-07-17,4.307569727,512.06,6.229,2.4168,488.09,2.4168,0.0,0.0016490999999999988,0.0016490999999999988
2020-07-17,1.28528429,512.06,6.229,2.4168,488.09,2.4168,0.0,0.00027599999999999847,0.00027599999999999847
2020-07-18,0.196771281,512.06,6.229,2.45735,488.46,2.4168,0.040550000000000086,0.024330000000000008,-0.016220000000000078
2020-07-18,6.579580435,512.06,6.229,2.45735,488.46,2.45735,0.0,0.0002748499999999998,0.0002748499999999998
2020-07-18,13.49724057,512.06,6.229,2.45735,488.46,2.45735,0.0,6.645000000000012e-05,6.645000000000012e-05
2020-07-18,3.12288414,512.06,6.229,2.45735,488.46,2.45735,0.0,0.0,0.0
2020-07-18,1.780537744,512.06,6.229,2.45735,488.46,2.45735,0.0,0.0,0.0
2020-07-18,1.365169933,512.06,6.229,2.45735,488.46,2.45735,0.0,0.000956900000000005,0.000956900000000005
2020-07-18,9.022656212,512.06,6.229,2.45735,488.46,2.45735,0.0,0.0,0.0
2020-07-18,17.49986392,512.06,6.229,2.45735,488.46,2.45735,0.0,0.003222000000000005,0.003222000000000005
2020-07-18,1.624089295,512.06,6.229,2.45735,488.46,2.45735,0.0,0.0,0.0
2020-07-18,2.457698459,512.06,6.229,2.45735,488.46,2.45735,0.0,0.0,0.0
2020-07-18,11.16555748,512.06,6.229,2.45735,488.46,2.45735,0.0,0.00025320000000000675,0.00025320000000000675
2020-07-19,0.438488798,512.06,6.229,2.51527,488.98,2.45735,0.057920000000000194,0.03204505000000011,-0.025874950000000084
2020-07-19,9.809707987,512.06,6.229,2.51527,488.98,2.51527,0.0,-0.0004459999999999953,-0.0004459999999999953
2020-07-19,2.697275862,512.06,6.229,2.51527,488.98,2.51527,0.0,0.0005792000000000019,0.0005792000000000019
2020-07-19,5.112467982,512.06,6.229,2.51527,488.98,2.51527,0.0,0.00849269999999999,0.00849269999999999
2020-07-19,6.307330362,512.06,6.229,2.51527,488.98,2.51527,0.0,0.0,0.0
2020-07-19,5.510532386,512.06,6.229,2.51527,488.98,2.51527,0.0,-0.0017588499999999952,-0.0017588499999999952
2020-07-19,21.86484884,512.06,6.229,2.51527,488.98,2.51527,0.0,0.0,0.0
2020-07-19,14.62706626,512.06,6.229,2.51527,488.98,2.51527,0.0,6.645000000000012e-05,6.645000000000012e-05
2020-07-19,8.777343402,512.06,6.229,2.51527,488.98,2.51527,0.0,0.0,0.0
2020-07-19,15.20690256,512.06,6.229,2.51527,488.98,2.51527,0.0,0.00027290000000000034,0.00027290000000000034
2020-07-19,0.75749847,512.06,6.229,2.51527,488.98,2.51527,0.0,0.0043440000000000145,0.0043440000000000145
2020-07-20,5.476758934,512.06,6.229,2.56979,489.46,2.51527,0.05451999999999968,0.027648249999999895,-0.026871749999999785
2020-07-20,1.788189988,512.06,6.229,2.56979,489.46,2.56979,0.0,0.0,0.0
2020-07-20,12.53701456,512.06,6.229,2.56979,489.46,2.56979,0.0,0.00017719999999999737,0.00017719999999999737
2020-07-20,5.488873824,512.06,6.229,2.56979,489.46,2.56979,0.0,0.00011564999999998271,0.00011564999999998271
2020-07-20,0.155469907,512.06,6.229,2.56979,489.46,2.56979,0.0,5.3300000000002786e-05,5.3300000000002786e-05
2020-07-20,6.032005611,512.06,6.229,2.56979,489.46,2.56979,0.0,0.0009949999999999926,0.0009949999999999926
2020-07-20,1.444302693,512.06,6.229,2.56979,489.46,2.56979,0.0,0.0,0.0
2020-07-20,3.293803733,512.06,6.229,2.56979,489.46,2.56979,0.0,0.0021086999999999968,0.0021086999999999968
2020-07-20,12.44873352,512.06,6.229,2.56979,489.46,2.56979,0.0,0.00017719999999999737,0.00017719999999999737
2020-07-20,3.318385776,512.06,6.229,2.56979,489.46,2.56979,0.0,0.0026797499999999964,0.0026797499999999964
2020-07-20,4.874822329,512.06,6.229,2.56979,489.46,2.56979,0.0,0.004271499999999977,0.004271499999999977
2020-07-21,9.335358899,512.06,6.229,2.62259,489.94,2.56979,0.0528000000000004,0.03319400000000025,-0.01960600000000015
2020-07-21,17.07891621,512.06,6.229,2.62259,489.94,2.62259,0.0,0.001190949999999995,0.001190949999999995
2020-07-21,8.560525872,512.06,6.229,2.62259,489.94,2.62259,0.0,0.004752000000000037,0.004752000000000037
2020-07-21,3.444689659,512.06,6.229,2.62259,489.94,2.62259,0.0,0.0009573499999999968,0.0009573499999999968
2020-07-21,20.65125111,512.06,6.229,2.62259,489.94,2.62259,0.0,0.000224899999999999,0.000224899999999999
2020-07-21,4.730781364,512.06,6.229,2.62259,489.94,2.62259,0.0,0.0,0.0
2020-07-21,6.307050659,512.06,6.229,2.62259,489.94,2.62259,0.0,0.000696600000000005,0.000696600000000005
2020-07-21,20.99392755,512.06,6.229,2.62259,489.94,2.62259,0.0,0.000224899999999999,0.000224899999999999
2020-07-21,23.54893794,512.06,6.229,2.62259,489.94,2.62259,0.0,0.000224899999999999,0.000224899999999999
2020-07-21,16.1644338,512.06,6.229,2.62259,489.94,2.62259,0.0,0.0028292999999999903,0.0028292999999999903
2020-07-21,10.72958316,512.06,6.229,2.62259,489.94,2.62259,0.0,0.0036960000000000283,0.0036960000000000283
2020-07-22,15.30947294,512.06,6.229,2.66757,490.34,2.62259,0.0449799999999998,0.02953749999999987,-0.015442499999999929
2020-07-22,3.036374846,512.06,6.229,2.66757,490.34,2.66757,0.0,0.006990299999999992,0.006990299999999992
2020-07-22,8.775812824,512.06,6.229,2.66757,490.34,2.66757,0.0,0.001544900000000009,0.001544900000000009
2020-07-22,6.802916406,512.06,6.229,2.66757,490.34,2.66757,0.0,0.000264000000000002,0.000264000000000002
2020-07-22,5.99391269,512.06,6.229,2.66757,490.34,2.66757,0.0,0.000264000000000002,0.000264000000000002
2020-07-22,13.17173217,512.06,6.229,2.66757,490.34,2.66757,0.0,0.004722899999999979,0.004722899999999979
2020-07-22,0.283657128,512.06,6.229,2.66757,490.34,2.66757,0.0,0.0,0.0
2020-07-22,9.909032657,512.06,6.229,2.66757,490.34,2.66757,0.0,0.0027739000000000223,0.0027739000000000223
2020-07-22,4.691490024,512.06,6.229,2.66757,490.34,2.66757,0.0,0.0,0.0
2020-07-22,0.739780707,512.06,6.229,2.66757,490.34,2.66757,0.0,0.0,0.0
2020-07-22,4.638768743,512.06,6.229,2.66757,490.34,2.66757,0.0,0.0,0.0
2020-07-23,3.028600519,512.06,6.229,2.71935,490.8,2.66757,0.05177999999999994,0.030032399999999963,-0.021747599999999975
2020-07-23,0.139044465,512.06,6.229,2.71935,490.8,2.71935,0.0,6.150000000000322e-06,6.150000000000322e-06
2020-07-23,0.564436872,512.06,6.229,2.71935,490.8,2.71935,0.0,0.0,0.0
2020-07-23,0.394005876,512.06,6.229,2.71935,490.8,2.71935,0.0,0.0,0.0
2020-07-23,0.231363511,512.06,6.229,2.71935,490.8,2.71935,0.0,0.0026417999999999876,0.0026417999999999876
2020-07-23,0.489427753,512.06,6.229,2.71935,490.8,2.71935,0.0,0.0010407999999999995,0.0010407999999999995
2020-07-23,0.143372002,512.06,6.229,2.71935,490.8,2.71935,0.0,1.8450000000000967e-05,1.8450000000000967e-05
2020-07-23,0.10355678,512.06,6.229,2.71935,490.8,2.71935,0.0,-5.11000000000017e-05,-5.11000000000017e-05
2020-07-23,4.773815804,512.06,6.229,2.71935,490.8,2.71935,0.0,0.004919099999999994,0.004919099999999994
2020-07-23,0.24365736,512.06,6.229,2.71935,490.8,2.71935,0.0,0.0019879999999999854,0.0019879999999999854
2020-07-23,0.412417412,512.06,6.229,2.71935,490.8,2.71935,0.0,-0.00018000000000000015,-0.00018000000000000015
2020-07-24,0.0,512.06,6.229,2.76195,491.18,2.71935,0.04260000000000019,0.010672449357142906,-0.03192755064285729
2020-07-24,0.0,512.06,6.229,2.76195,491.18,2.76195,0.0,0.010672449357142906,0.010672449357142906
2020-07-24,0.038248623,512.06,6.229,2.76195,491.18,2.76195,0.0,0.0004422285714285735,0.0004422285714285735
2020-07-24,0.0,512.06,6.229,2.76195,491.18,2.76195,0.0,0.010672449357142906,0.010672449357142906
2020-07-24,1.172225877,512.06,6.229,2.76195,491.18,2.76195,0.0,-0.0001471,-0.0001471
2020-07-24,0.0,512.06,6.229,2.76195,491.18,2.76195,0.0,0.010672449357142906,0.010672449357142906
2020-07-24,2.958868652,512.06,6.229,2.76195,491.18,2.76195,0.0,0.0007766999999999991,0.0007766999999999991
2020-07-24,0.286018642,512.06,6.229,2.76195,491.18,2.76195,0.0,-0.0003799999999999937,-0.0003799999999999937
2020-07-24,0.252907459,512.06,6.229,2.76195,491.18,2.76195,0.0,-7.184999999999553e-05,-7.184999999999553e-05
2020-07-24,0.053807519,512.06,6.229,2.76195,491.18,2.76195,0.0,0.0004422285714285735,0.0004422285714285735
2020-07-24,2.661913866,512.06,6.229,2.76195,491.18,2.76195,0.0,0.0,0.0
2020-07-25,3.295868984,512.06,6.229,2.78818,491.42,2.76195,0.026229999999999976,0.015557549999999984,-0.010672449999999991
2020-07-25,2.921977604,512.06,6.229,2.78818,491.42,2.78818,0.0,0.0006557499999999994,0.0006557499999999994
2020-07-25,15.91710173,512.06,6.229,2.78818,491.42,2.78818,0.0,0.006083050000000003,0.006083050000000003
2020-07-25,5.3399619,512.06,6.229,2.78818,491.42,2.78818,0.0,0.0002725999999999984,0.0002725999999999984
2020-07-25,1.040949376,512.06,6.229,2.78818,491.42,2.78818,0.0,0.00026229999999999976,0.00026229999999999976
2020-07-25,8.100236637,512.06,6.229,2.78818,491.42,2.78818,0.0,0.0,0.0
2020-07-25,15.40856037,512.06,6.229,2.78818,491.42,2.78818,0.0,0.004103999999999985,0.004103999999999985
2020-07-25,16.758575,512.06,6.229,2.78818,491.42,2.78818,0.0,0.0004339000000000004,0.0004339000000000004
2020-07-25,21.86499138,512.06,6.229,2.78818,491.42,2.78818,0.0,0.0006677999999999917,0.0006677999999999917
2020-07-25,3.343758986,512.06,6.229,2.78818,491.42,2.78818,0.0,0.0049297499999999906,0.0049297499999999906
2020-07-25,12.17635426,512.06,6.229,2.78818,491.42,2.78818,0.0,0.0025472999999999945,0.0025472999999999945
2020-07-26,3.385174382,512.06,6.229,2.81135,491.62,2.78818,0.023169999999999913,0.014486349999999936,-0.008683649999999977
2020-07-26,3.018655587,512.06,6.229,2.81135,491.62,2.81135,0.0,0.0038052999999999937,0.0038052999999999937
2020-07-26,23.20436334,512.06,6.229,2.81135,491.62,2.81135,0.0,0.0011447999999999858,0.0011447999999999858
2020-07-26,1.415580144,512.06,6.229,2.81135,491.62,2.81135,0.0,0.0,0.0
2020-07-26,19.00622387,512.06,6.229,2.81135,491.62,2.81135,0.0,-0.001719750000000011,-0.001719750000000011
2020-07-26,6.879265562,512.06,6.229,2.81135,491.62,2.81135,0.0,0.00011584999999999956,0.00011584999999999956
2020-07-26,7.896805458,512.06,6.229,2.81135,491.62,2.81135,0.0,3.234999999999877e-05,3.234999999999877e-05
2020-07-26,1.545476107,512.06,6.229,2.81135,491.62,2.81135,0.0,0.0,0.0
2020-07-26,12.95943215,512.06,6.229,2.81135,491.62,2.81135,0.0,0.0,0.0
2020-07-26,1.068289727,512.06,6.229,2.81135,491.62,2.81135,0.0,0.0,0.0
2020-07-26,12.65407384,512.06,6.229,2.81135,491.62,2.81135,0.0,0.0,0.0
2020-07-27,20.26307468,512.06,6.229,2.83043,491.79,2.81135,0.019079999999999764,0.012306599999999848,-0.006773399999999916
2020-07-27,2.040531029,512.06,6.229,2.83043,491.79,2.83043,0.0,0.0,0.0
2020-07-27,5.915838222,512.06,6.229,2.83043,491.79,2.83043,0.0,0.0,0.0
2020-07-27,9.147445359,512.06,6.229,2.83043,491.79,2.83043,0.0,0.0003180000000000005,0.0003180000000000005
2020-07-27,1.99917102,512.06,6.229,2.83043,491.79,2.83043,0.0,0.0005896999999999996,0.0005896999999999996
2020-07-27,6.254635638,512.06,6.229,2.83043,491.79,2.83043,0.0,0.0,0.0
2020-07-27,7.896357438,512.06,6.229,2.83043,491.79,2.83043,0.0,-8.35000000000008e-05,-8.35000000000008e-05
2020-07-27,1.141468862,512.06,6.229,2.83043,491.79,2.83043,0.0,-9.320000000000662e-05,-9.320000000000662e-05
2020-07-27,7.03474367,512.06,6.229,2.83043,491.79,2.83043,0.0,0.0,0.0
2020-07-27,1.75456866,512.06,6.229,2.83043,491.79,2.83043,0.0,0.0,0.0
2020-07-27,4.631300695,512.06,6.229,2.83043,491.79,2.83043,0.0,-2.7250000000000886e-05,-2.7250000000000886e-05
2020-07-28,0.0,512.06,6.229,2.85905,492.05,2.83043,0.02862000000000009,0.002764295506772648,-0.02585570449322744
2020-07-28,0.0,512.06,6.229,2.85905,492.05,2.85905,0.0,0.002764295506772648,0.002764295506772648
2020-07-28,0.0,512.06,6.229,2.85905,492.05,2.85905,0.0,0.002764295506772648,0.002764295506772648
2020-07-28,0.0,512.06,6.229,2.85905,492.05,2.85905,0.0,0.002764295506772648,0.002764295506772648
2020-07-28,0.0,512.06,6.229,2.85905,492.05,2.85905,0.0,0.002764295506772648,0.002764295506772648
2020-07-28,0.0,512.06,6.229,2.85905,492.05,2.85905,0.0,0.002764295506772648,0.002764295506772648
2020-07-28,0.0,512.06,6.229,2.85905,492.05,2.85905,0.0,0.002764295506772648,0.002764295506772648
2020-07-28,0.0,512.06,6.229,2.85905,492.05,2.85905,0.0,0.002764295506772648,0.002764295506772648
2020-07-28,0.0,512.06,6.229,2.85905,492.05,2.85905,0.0,0.002764295506772648,0.002764295506772648
2020-07-28,0.0,512.06,6.229,2.85905,492.05,2.85905,0.0,0.002764295506772648,0.002764295506772648
2020-07-28,0.0,512.06,6.229,2.85905,492.05,2.85905,0.0,0.002764295506772648,0.002764295506772648
2020-07-29,0.0,512.06,6.229,2.89516,492.37,2.85905,0.03611000000000031,0.005180175702075747,-0.03092982429792456
2020-07-29,0.0,512.06,6.229,2.89516,492.37,2.89516,0.0,0.005180175702075747,0.005180175702075747
2020-07-29,0.004749476,512.06,6.229,2.89516,492.37,2.89516,0.0,0.00020956696428571606,0.00020956696428571606
2020-07-29,0.003956775,512.06,6.229,2.89516,492.37,2.89516,0.0,0.00020956696428571606,0.00020956696428571606
2020-07-29,0.0,512.06,6.229,2.89516,492.37,2.89516,0.0,0.005180175702075747,0.005180175702075747
2020-07-29,0.0,512.06,6.229,2.89516,492.37,2.89516,0.0,0.005180175702075747,0.005180175702075747
2020-07-29,0.000306648,512.06,6.229,2.89516,492.37,2.89516,0.0,0.0015731606204906245,0.0015731606204906245
2020-07-29,0.140833599,512.06,6.229,2.89516,492.37,2.89516,0.0,0.0,0.0
2020-07-29,0.0,512.06,6.229,2.89516,492.37,2.89516,0.0,0.005180175702075747,0.005180175702075747
2020-07-29,0.0,512.06,6.229,2.89516,492.37,2.89516,0.0,0.005180175702075747,0.005180175702075747
2020-07-29,0.0,512.06,6.229,2.89516,492.37,2.89516,0.0,0.005180175702075747,0.005180175702075747
2020-07-30,0.002137691,512.06,6.229,2.95649,492.92,2.89516,0.061329999999999885,0.040764735714285634,-0.02056526428571425
2020-07-30,0.541860597,512.06,6.229,2.95649,492.92,2.95649,0.0,0.0,0.0
2020-07-30,0.0,512.06,6.229,2.95649,492.92,2.95649,0.0,0.0003542181456314566,0.0003542181456314566
2020-07-30,0.024641379,512.06,6.229,2.95649,492.92,2.95649,0.0,0.0003066499999999994,0.0003066499999999994
2020-07-30,0.280562442,512.06,6.229,2.95649,492.92,2.95649,0.0,0.00034874999999999766,0.00034874999999999766
2020-07-30,0.043308373,512.06,6.229,2.95649,492.92,2.95649,0.0,0.0003066499999999994,0.0003066499999999994
2020-07-30,0.005423505,512.06,6.229,2.95649,492.92,2.95649,0.0,0.0027598499999999947,0.0027598499999999947
2020-07-30,0.106668938,512.06,6.229,2.95649,492.92,2.95649,0.0,0.0,0.0
2020-07-30,0.740363711,512.06,6.229,2.95649,492.92,2.95649,0.0,0.0,0.0
2020-07-30,0.424608263,512.06,6.229,2.95649,492.92,2.95649,0.0,0.0007652500000000084,0.0007652500000000084
2020-07-30,0.0,512.06,6.229,2.95649,492.92,2.95649,0.0,0.0003542181456314566,0.0003542181456314566
2020-07-31,0.993436001,512.06,6.229,2.99943,493.31,2.95649,0.042939999999999756,0.027910999999999842,-0.015028999999999914
2020-07-31,0.755318221,512.06,6.229,2.99943,493.31,2.99943,0.0,0.0012588999999999895,0.0012588999999999895
2020-07-31,0.006027086,512.06,6.229,2.99943,493.31,2.99943,0.0,0.0005648121212121199,0.0005648121212121199
2020-07-31,0.0,512.06,6.229,2.99943,493.31,2.99943,0.0,-0.0004437483882766713,-0.0004437483882766713
2020-07-31,0.985489731,512.06,6.229,2.99943,493.31,2.99943,0.0,0.010949699999999937,0.010949699999999937
2020-07-31,0.154400834,512.06,6.229,2.99943,493.31,2.99943,0.0,0.0,0.0
2020-07-31,5.276415886,512.06,6.229,2.99943,493.31,2.99943,0.0,0.00021469999999999877,0.00021469999999999877
2020-07-31,0.0,512.06,6.229,2.99943,493.31,2.99943,0.0,-0.0004437483882766713,-0.0004437483882766713
2020-07-31,2.970103514,512.06,6.229,2.99943,493.31,2.99943,0.0,0.0015028999999999915,0.0015028999999999915
2020-07-31,0.400426548,512.06,6.229,2.99943,493.31,2.99943,0.0,0.001581800000000011,0.001581800000000011
2020-07-31,1.08999147,512.06,6.229,2.99943,493.31,2.99943,0.0,0.008158599999999953,0.008158599999999953
2020-08-01,0.437707419,512.06,6.229,3.03724,493.64,2.99943,0.03781000000000034,0.021502400000000196,-0.016307600000000148
2020-08-01,0.323495353,512.06,6.229,3.03724,493.64,3.03724,0.0,0.0005671500000000052,0.0005671500000000052
2020-08-01,1.771855636,512.06,6.229,3.03724,493.64,3.03724,0.0,0.0,0.0
2020-08-01,0.331538841,512.06,6.229,3.03724,493.64,3.03724,0.0,0.0005671500000000052,0.0005671500000000052
2020-08-01,2.593905315,512.06,6.229,3.03724,493.64,3.03724,0.0,0.0,0.0
2020-08-01,0.551743985,512.06,6.229,3.03724,493.64,3.03724,0.0,0.00037810000000000344,0.00037810000000000344
2020-08-01,2.273601963,512.06,6.229,3.03724,493.64,3.03724,0.0,0.0,0.0
2020-08-01,0.664147721,512.06,6.229,3.03724,493.64,3.03724,0.0,0.00037810000000000344,0.00037810000000000344
2020-08-01,1.207387482,512.06,6.229,3.03724,493.64,3.03724,0.0,0.0008331499999999981,0.0008331499999999981
2020-08-01,4.735493551,512.06,6.229,3.03724,493.64,3.03724,0.0,0.0,0.0
2020-08-01,0.445362506,512.06,6.229,3.03724,493.64,3.03724,0.0,0.0013339000000000456,0.0013339000000000456
2020-08-02,0.241031109,512.06,6.229,3.08694,494.05,3.03724,0.04969999999999963,0.032304999999999764,-0.01739499999999987
2020-08-02,0.031991783,512.06,6.229,3.08694,494.05,3.08694,0.0,0.0,0.0
2020-08-02,0.017244497,512.06,6.229,3.08694,494.05,3.08694,0.0,0.0,0.0
2020-08-02,0.136802702,512.06,6.229,3.08694,494.05,3.08694,0.0,0.0,0.0
2020-08-02,0.063944781,512.06,6.229,3.08694,494.05,3.08694,0.0,0.0,0.0
2020-08-02,0.0,512.06,6.229,3.08694,494.05,3.08694,0.0,-0.0012467344735491122,-0.0012467344735491122
2020-08-02,0.13752452,512.06,6.229,3.08694,494.05,3.08694,0.0,0.0,0.0
2020-08-02,0.771537068,512.06,6.229,3.08694,494.05,3.08694,0.0,0.0002484999999999982,0.0002484999999999982
2020-08-02,0.177776777,512.06,6.229,3.08694,494.05,3.08694,0.0,0.0,0.0
2020-08-02,0.757369145,512.06,6.229,3.08694,494.05,3.08694,0.0,0.0002484999999999982,0.0002484999999999982
2020-08-02,0.396111819,512.06,6.229,3.08694,494.05,3.08694,0.0,0.004064249999999983,0.004064249999999983
2020-08-03,15.24339975,512.06,6.229,3.12823,494.37,3.08694,0.04129000000000005,0.020427500000000032,-0.020862500000000016
2020-08-03,13.29623678,512.06,6.229,3.12823,494.37,3.12823,0.0,0.0,0.0
2020-08-03,10.79366867,512.06,6.229,3.12823,494.37,3.12823,0.0,0.0,0.0
2020-08-03,8.888764563,512.06,6.229,3.12823,494.37,3.12823,0.0,0.0,0.0
2020-08-03,13.252597,512.06,6.229,3.12823,494.37,3.12823,0.0,0.0,0.0
2020-08-03,6.559713261,512.06,6.229,3.12823,494.37,3.12823,0.0,0.0,0.0
2020-08-03,12.16558856,512.06,6.229,3.12823,494.37,3.12823,0.0,0.0025472999999999945,0.0025472999999999945
2020-08-03,14.02691543,512.06,6.229,3.12823,494.37,3.12823,0.0,0.0,0.0
2020-08-03,12.02585957,512.06,6.229,3.12823,494.37,3.12823,0.0,0.0008490999999999981,0.0008490999999999981
2020-08-03,15.98407339,512.06,6.229,3.12823,494.37,3.12823,0.0,0.005847800000000005,0.005847800000000005
2020-08-03,14.33332563,512.06,6.229,3.12823,494.37,3.12823,0.0,0.00020645000000000025,0.00020645000000000025
2020-08-04,30.15463362,512.06,6.229,3.1738,494.73,3.12823,0.04557000000000011,0.028936949999999982,-0.01663305000000013
2020-08-04,35.86668936,512.06,6.229,3.1738,494.73,3.1738,0.0,0.0011392500000000027,0.0011392500000000027
2020-08-04,10.95909511,512.06,6.229,3.1738,494.73,3.1738,0.0,0.0,0.0
2020-08-04,28.222299,512.06,6.229,3.1738,494.73,3.1738,0.0,0.004557000000000011,0.004557000000000011
2020-08-04,19.77384853,512.06,6.229,3.1738,494.73,3.1738,0.0,0.0027941999999999845,0.0027941999999999845
2020-08-04,16.59553752,512.06,6.229,3.1738,494.73,3.1738,0.0,0.0027166,0.0027166
2020-08-04,25.10653497,512.06,6.229,3.1738,494.73,3.1738,0.0,0.002387549999999996,0.002387549999999996
2020-08-04,30.6680824,512.06,6.229,3.1738,494.73,3.1738,0.0,0.01184820000000003,0.01184820000000003
2020-08-04,21.80268841,512.06,6.229,3.1738,494.73,3.1738,0.0,0.0005393999999999988,0.0005393999999999988
2020-08-04,13.43046887,512.06,6.229,3.1738,494.73,3.1738,0.0,0.0,0.0
2020-08-04,31.73107144,512.06,6.229,3.1738,494.73,3.1738,0.0,0.0031899000000000077,0.0031899000000000077
2020-08-05,18.11406819,512.06,6.229,3.2182,495.08,3.1738,0.044399999999999995,0.026135849999999933,-0.018264150000000062
2020-08-05,6.682709252,512.06,6.229,3.2182,495.08,3.2182,0.0,0.0,0.0
2020-08-05,4.377617157,512.06,6.229,3.2182,495.08,3.2182,0.0,0.0,0.0
2020-08-05,14.67007067,512.06,6.229,3.2182,495.08,3.2182,0.0,0.00012199999999999989,0.00012199999999999989
2020-08-05,8.221939331,512.06,6.229,3.2182,495.08,3.2182,0.0,0.0,0.0
2020-08-05,23.44585301,512.06,6.229,3.2182,495.08,3.2182,0.0,0.0032423999999999964,0.0032423999999999964
2020-08-05,27.60321575,512.06,6.229,3.2182,495.08,3.2182,0.0,-0.0008501500000000006,-0.0008501500000000006
2020-08-05,15.20747442,512.06,6.229,3.2182,495.08,3.2182,0.0,0.0031407500000000033,0.0031407500000000033
2020-08-05,29.08628064,512.06,6.229,3.2182,495.08,3.2182,0.0,0.002050650000000005,0.002050650000000005
2020-08-05,10.18686403,512.06,6.229,3.2182,495.08,3.2182,0.0,-0.00035499999999999865,-0.00035499999999999865
2020-08-05,5.025761461,512.06,6.229,3.2182,495.08,3.2182,0.0,6.129999999999969e-05,6.129999999999969e-05
2020-08-06,0.0,512.06,6.229,3.24857,495.32,3.2182,0.030370000000000008,0.0031543478820281034,-0.027215652117971903
2020-08-06,0.0,512.06,6.229,3.24857,495.32,3.24857,0.0,0.0031543478820281034,0.0031543478820281034
2020-08-06,0.0,512.06,6.229,3.24857,495.32,3.24857,0.0,0.0031543478820281034,0.0031543478820281034
2020-08-06,0.0,512.06,6.229,3.24857,495.32,3.24857,0.0,0.0031543478820281034,0.0031543478820281034
2020-08-06,0.0,512.06,6.229,3.24857,495.32,3.24857,0.0,0.0031543478820281034,0.0031543478820281034
2020-08-06,0.0,512.06,6.229,3.24857,495.32,3.24857,0.0,0.0031543478820281034,0.0031543478820281034
2020-08-06,0.000611048,512.06,6.229,3.24857,495.32,3.24857,0.0,0.002813952561898885,0.002813952561898885
2020-08-06,0.0,512.06,6.229,3.24857,495.32,3.24857,0.0,0.0031543478820281034,0.0031543478820281034
2020-08-06,0.0,512.06,6.229,3.24857,495.32,3.24857,0.0,0.0031543478820281034,0.0031543478820281034
2020-08-06,0.0,512.06,6.229,3.24857,495.32,3.24857,0.0,0.0031543478820281034,0.0031543478820281034
2020-08-06,0.0,512.06,6.229,3.24857,495.32,3.24857,0.0,0.0031543478820281034,0.0031543478820281034
2020-08-07,0.0,512.06,6.229,3.2848,495.6,3.24857,0.036230000000000206,0.003231987362968578,-0.03299801263703163
2020-08-07,0.0,512.06,6.229,3.2848,495.6,3.2848,0.0,0.003231987362968578,0.003231987362968578
2020-08-07,0.0,512.06,6.229,3.2848,495.6,3.2848,0.0,0.003231987362968578,0.003231987362968578
2020-08-07,0.0,512.06,6.229,3.2848,495.6,3.2848,0.0,0.003231987362968578,0.003231987362968578
2020-08-07,0.0,512.06,6.229,3.2848,495.6,3.2848,0.0,0.003231987362968578,0.003231987362968578
2020-08-07,0.0,512.06,6.229,3.2848,495.6,3.2848,0.0,0.003231987362968578,0.003231987362968578
2020-08-07,0.0,512.06,6.229,3.2848,495.6,3.2848,0.0,0.003231987362968578,0.003231987362968578
2020-08-07,0.0,512.06,6.229,3.2848,495.6,3.2848,0.0,0.003231987362968578,0.003231987362968578
2020-08-07,0.0,512.06,6.229,3.2848,495.6,3.2848,0.0,0.003231987362968578,0.003231987362968578
2020-08-07,0.0,512.06,6.229,3.2848,495.6,3.2848,0.0,0.003231987362968578,0.003231987362968578
2020-08-07,0.0,512.06,6.229,3.2848,495.6,3.2848,0.0,0.003231987362968578,0.003231987362968578
2020-08-08,0.0,512.06,6.229,3.31829,495.86,3.2848,0.03349000000000002,0.008110445582611843,-0.025379554417388178
2020-08-08,0.0,512.06,6.229,3.31829,495.86,3.31829,0.0,0.008110445582611843,0.008110445582611843
2020-08-08,0.115831236,512.06,6.229,3.31829,495.86,3.31829,0.0,0.00033490000000000017,0.00033490000000000017
2020-08-08,0.652033604,512.06,6.229,3.31829,495.86,3.31829,0.0,-9.500000000000064e-05,-9.500000000000064e-05
2020-08-08,1.4159211,512.06,6.229,3.31829,495.86,3.31829,0.0,0.0,0.0
2020-08-08,0.298986069,512.06,6.229,3.31829,495.86,3.31829,0.0,-0.0004714499999999977,-0.0004714499999999977
2020-08-08,3.055438858,512.06,6.229,3.31829,495.86,3.31829,0.0,0.0008079499999999996,0.0008079499999999996
2020-08-08,1.476918986,512.06,6.229,3.31829,495.86,3.31829,0.0,0.0,0.0
2020-08-08,0.0,512.06,6.229,3.31829,495.86,3.31829,0.0,0.008110445582611843,0.008110445582611843
2020-08-08,0.0,512.06,6.229,3.31829,495.86,3.31829,0.0,0.008110445582611843,0.008110445582611843
2020-08-08,1.632140927,512.06,6.229,3.31829,495.86,3.31829,0.0,-5.5000000000000605e-05,-5.5000000000000605e-05
2020-08-09,15.96253092,512.06,6.229,3.37632,496.31,3.31829,0.058030000000000026,0.032466950000000105,-0.02556304999999992
2020-08-09,2.231871612,512.06,6.229,3.37632,496.31,3.37632,0.0,-0.00022000000000000242,-0.00022000000000000242
2020-08-09,9.244820675,512.06,6.229,3.37632,496.31,3.37632,0.0,0.001210449999999994,0.001210449999999994
2020-08-09,1.853659974,512.06,6.229,3.37632,496.31,3.37632,0.0,-0.0006600000000000073,-0.0006600000000000073
2020-08-09,0.0,512.06,6.229,3.37632,496.31,3.37632,0.0,-0.00021835124999999945,-0.00021835124999999945
2020-08-09,0.0,512.06,6.229,3.37632,496.31,3.37632,0.0,-0.00021835124999999945,-0.00021835124999999945
2020-08-09,7.262722849,512.06,6.229,3.37632,496.31,3.37632,0.0,0.001276149999999998,0.001276149999999998
2020-08-09,0.0,512.06,6.229,3.37632,496.31,3.37632,0.0,-0.00021835124999999945,-0.00021835124999999945
2020-08-09,0.650167422,512.06,6.229,3.37632,496.31,3.37632,0.0,-0.00041980000000000126,-0.00041980000000000126
2020-08-09,0.0,512.06,6.229,3.37632,496.31,3.37632,0.0,-0.00021835124999999945,-0.00021835124999999945
2020-08-09,3.137999356,512.06,6.229,3.37632,496.31,3.37632,0.0,0.00029015000000000014,0.00029015000000000014
2020-08-10,24.02367967,512.06,6.229,3.44448,496.85,3.37632,0.06815999999999978,0.043963199999999814,-0.024196799999999963
2020-08-10,19.05870297,512.06,6.229,3.44448,496.85,3.44448,0.0,0.0014641999999999978,0.0014641999999999978
2020-08-10,15.69397318,512.06,6.229,3.44448,496.85,3.44448,0.0,0.0007680500000000068,0.0007680500000000068
2020-08-10,27.64082115,512.06,6.229,3.44448,496.85,3.44448,0.0,0.0011031999999999954,0.0011031999999999954
2020-08-10,24.30696475,512.06,6.229,3.44448,496.85,3.44448,0.0,0.013091199999999956,0.013091199999999956
2020-08-10,23.58374202,512.06,6.229,3.44448,496.85,3.44448,0.0,0.0013631999999999956,0.0013631999999999956
2020-08-10,35.82642867,512.06,6.229,3.44448,496.85,3.44448,0.0,0.0009094499999999983,0.0009094499999999983
2020-08-10,23.37128097,512.06,6.229,3.44448,496.85,3.44448,0.0,0.0010223999999999967,0.0010223999999999967
2020-08-10,20.69234638,512.06,6.229,3.44448,496.85,3.44448,0.0,0.00031739999999999877,0.00031739999999999877
2020-08-10,32.33223537,512.06,6.229,3.44448,496.85,3.44448,0.0,0.0011372999999999989,0.0011372999999999989
2020-08-10,20.23810254,512.06,6.229,3.44448,496.85,3.44448,0.0,0.0007943999999999929,0.0007943999999999929
2020-08-11,0.000157811,512.06,6.229,3.56873,497.33,3.44448,0.12424999999999997,0.09132374999999998,-0.03292624999999999
2020-08-11,0.03179335,512.06,6.229,3.56873,497.33,3.56873,0.0,0.0018637499999999995,0.0018637499999999995
2020-08-11,0.164912814,512.06,6.229,3.56873,497.33,3.56873,0.0,0.0,0.0
2020-08-11,0.0,512.06,6.229,3.56873,497.33,3.56873,0.0,-3.436764705882402e-06,-3.436764705882402e-06
2020-08-11,0.0,512.06,6.229,3.56873,497.33,3.56873,0.0,-3.436764705882402e-06,-3.436764705882402e-06
2020-08-11,0.182786369,512.06,6.229,3.56873,497.33,3.56873,0.0,0.0,0.0
2020-08-11,0.007957161,512.06,6.229,3.56873,497.33,3.56873,0.0,0.007454999999999998,0.007454999999999998
2020-08-11,0.0,512.06,6.229,3.56873,497.33,3.56873,0.0,-3.436764705882402e-06,-3.436764705882402e-06
2020-08-11,0.0,512.06,6.229,3.56873,497.33,3.56873,0.0,-3.436764705882402e-06,-3.436764705882402e-06
2020-08-11,0.0,512.06,6.229,3.56873,497.33,3.56873,0.0,-3.436764705882402e-06,-3.436764705882402e-06
2020-08-11,0.0,512.06,6.229,3.56873,497.33,3.56873,0.0,-3.436764705882402e-06,-3.436764705882402e-06
2020-08-12,0.0,512.06,6.229,3.56873,497.82,3.56873,0.0,0.0,0.0
2020-08-12,0.042927399,512.06,6.229,3.56873,497.82,3.56873,0.0,-0.00032999999999999696,-0.00032999999999999696
2020-08-12,0.0,512.06,6.229,3.56873,497.82,3.56873,0.0,0.0,0.0
2020-08-12,0.080646948,512.06,6.229,3.56873,497.82,3.56873,0.0,0.0,0.0
2020-08-12,0.091318065,512.06,6.229,3.56873,497.82,3.56873,0.0,-0.0009344000000000063,-0.0009344000000000063
2020-08-12,0.0,512.06,6.229,3.56873,497.82,3.56873,0.0,0.0,0.0
2020-08-12,0.0,512.06,6.229,3.56873,497.82,3.56873,0.0,0.0,0.0
2020-08-12,0.0,512.06,6.229,3.56873,497.82,3.56873,0.0,0.0,0.0
2020-08-12,0.0,512.06,6.229,3.56873,497.82,3.56873,0.0,0.0,0.0
2020-08-12,0.0,512.06,6.229,3.56873,497.82,3.56873,0.0,0.0,0.0
2020-08-12,0.0,512.06,6.229,3.56873,497.82,3.56873,0.0,0.0,0.0
2020-08-13,3.547596295,512.06,6.229,3.64779,498.44,3.56873,0.07906000000000013,0.04850990000000008,-0.030550100000000052
2020-08-13,13.8575162,512.06,6.229,3.64779,498.44,3.64779,0.0,0.0008490999999999981,0.0008490999999999981
2020-08-13,8.639075576,512.06,6.229,3.64779,498.44,3.64779,0.0,0.0,0.0
2020-08-13,1.491026292,512.06,6.229,3.64779,498.44,3.64779,0.0,0.0,0.0
2020-08-13,7.065978667,512.06,6.229,3.64779,498.44,3.64779,0.0,0.0,0.0
2020-08-13,12.58763757,512.06,6.229,3.64779,498.44,3.64779,0.0,0.0021227499999999953,0.0021227499999999953
2020-08-13,5.564230624,512.06,6.229,3.64779,498.44,3.64779,0.0,-0.0001612500000000039,-0.0001612500000000039
2020-08-13,2.933542759,512.06,6.229,3.64779,498.44,3.64779,0.0,0.0025143000000000006,0.0025143000000000006
2020-08-13,1.774908153,512.06,6.229,3.64779,498.44,3.64779,0.0,0.0,0.0
2020-08-13,3.020102561,512.06,6.229,3.64779,498.44,3.64779,0.0,0.003953000000000007,0.003953000000000007
2020-08-13,5.450475884,512.06,6.229,3.64779,498.44,3.64779,0.0,0.0031155500000000047,0.0031155500000000047
2020-08-14,12.13835556,512.06,6.229,3.7327,499.1,3.64779,0.08490999999999982,0.04924779999999998,-0.03566219999999984
2020-08-14,0.628919655,512.06,6.229,3.7327,499.1,3.7327,0.0,0.0,0.0
2020-08-14,0.046687853,512.06,6.229,3.7327,499.1,3.7327,0.0,-0.00021999999999999797,-0.00021999999999999797
2020-08-14,4.053110966,512.06,6.229,3.7327,499.1,3.7327,0.0,-0.00018869999999998388,-0.00018869999999998388
2020-08-14,0.000236717,512.06,6.229,3.7327,499.1,3.7327,0.0,-1.4639166666666906e-05,-1.4639166666666906e-05
2020-08-14,4.005713622,512.06,6.229,3.7327,499.1,3.7327,0.0,0.00039530000000000066,0.00039530000000000066
2020-08-14,1.823078398,512.06,6.229,3.7327,499.1,3.7327,0.0,0.0,0.0
2020-08-14,0.069357336,512.06,6.229,3.7327,499.1,3.7327,0.0,0.0,0.0
2020-08-14,0.336833263,512.06,6.229,3.7327,499.1,3.7327,0.0,0.0,0.0
2020-08-14,1.133973029,512.06,6.229,3.7327,499.1,3.7327,0.0,-0.0011763000000000012,-0.0011763000000000012
2020-08-14,0.136294218,512.06,6.229,3.7327,499.1,3.7327,0.0,0.0004946000000000028,0.0004946000000000028
2020-08-15,0.168404231,512.06,6.229,3.78216,499.49,3.7327,0.04946000000000028,0.03017060000000008,-0.019289400000000203
2020-08-15,0.467637734,512.06,6.229,3.78216,499.49,3.78216,0.0,-0.001230099999999994,-0.001230099999999994
2020-08-15,5.028432452,512.06,6.229,3.78216,499.49,3.78216,0.0,0.0002637000000000089,0.0002637000000000089
2020-08-15,0.507259744,512.06,6.229,3.78216,499.49,3.78216,0.0,0.000579500000000004,0.000579500000000004
2020-08-15,3.258079091,512.06,6.229,3.78216,499.49,3.78216,0.0,0.0,0.0
2020-08-15,3.729634717,512.06,6.229,3.78216,499.49,3.78216,0.0,-0.00015190000000000036,-0.00015190000000000036
2020-08-15,1.488090354,512.06,6.229,3.78216,499.49,3.78216,0.0,0.0,0.0
2020-08-15,3.105142241,512.06,6.229,3.78216,499.49,3.78216,0.0,0.0,0.0
2020-08-15,1.361436911,512.06,6.229,3.78216,499.49,3.78216,0.0,0.0,0.0
2020-08-15,3.717986742,512.06,6.229,3.78216,499.49,3.78216,0.0,-0.002582300000000006,-0.002582300000000006
2020-08-15,0.963827892,512.06,6.229,3.78216,499.49,3.78216,0.0,-0.00023119999999999586,-0.00023119999999999586
2020-08-16,0.0,512.06,6.229,3.84,499.94,3.78216,0.05783999999999967,0.00516647214982641,-0.05267352785017326
2020-08-16,0.0,512.06,6.229,3.84,499.94,3.84,0.0,0.00516647214982641,0.00516647214982641
2020-08-16,0.0,512.06,6.229,3.84,499.94,3.84,0.0,0.00516647214982641,0.00516647214982641
2020-08-16,0.0,512.06,6.229,3.84,499.94,3.84,0.0,0.00516647214982641,0.00516647214982641
2020-08-16,0.0,512.06,6.229,3.84,499.94,3.84,0.0,0.00516647214982641,0.00516647214982641
2020-08-16,0.0,512.06,6.229,3.84,499.94,3.84,0.0,0.00516647214982641,0.00516647214982641
2020-08-16,0.0,512.06,6.229,3.84,499.94,3.84,0.0,0.00516647214982641,0.00516647214982641
2020-08-16,0.0,512.06,6.229,3.84,499.94,3.84,0.0,0.00516647214982641,0.00516647214982641
2020-08-16,0.0,512.06,6.229,3.84,499.94,3.84,0.0,0.00516647214982641,0.00516647214982641
2020-08-16,0.0,512.06,6.229,3.84,499.94,3.84,0.0,0.00516647214982641,0.00516647214982641
2020-08-16,0.0,512.06,6.229,3.84,499.94,3.84,0.0,0.00516647214982641,0.00516647214982641
2020-08-17,5.030427805,512.06,6.229,3.88973,500.28,3.84,0.049730000000000274,0.03232450000000018,-0.017405500000000095
2020-08-17,0.6433482,512.06,6.229,3.88973,500.28,3.88973,0.0,0.0,0.0
2020-08-17,5.957676379,512.06,6.229,3.88973,500.28,3.88973,0.0,0.00020180000000000087,0.00020180000000000087
2020-08-17,2.484025644,512.06,6.229,3.88973,500.28,3.88973,0.0,0.00024865000000000135,0.00024865000000000135
2020-08-17,6.202959688,512.06,6.229,3.88973,500.28,3.88973,0.0,0.00020180000000000087,0.00020180000000000087
2020-08-17,1.559450307,512.06,6.229,3.88973,500.28,3.88973,0.0,-0.00033000000000000363,-0.00033000000000000363
2020-08-17,2.367061068,512.06,6.229,3.88973,500.28,3.88973,0.0,0.00024865000000000135,0.00024865000000000135
2020-08-17,4.705816736,512.06,6.229,3.88973,500.28,3.88973,0.0,0.0032324500000000178,0.0032324500000000178
2020-08-17,6.85900469,512.06,6.229,3.88973,500.28,3.88973,0.0,2.7549999999999518e-05,2.7549999999999518e-05
2020-08-17,7.81157248,512.06,6.229,3.88973,500.28,3.88973,0.0,0.0,0.0
2020-08-17,1.885705089,512.06,6.229,3.88973,500.28,3.88973,0.0,0.00028109999999999415,0.00028109999999999415
2020-08-18,1.919903858,512.06,6.229,4.00095,501.06,3.88973,0.11121999999999943,0.06667699999999967,-0.04454299999999976
2020-08-18,3.283502905,512.06,6.229,4.00095,501.06,4.00095,0.0,0.0,0.0
2020-08-18,2.810819034,512.06,6.229,4.00095,501.06,4.00095,0.0,0.0,0.0
2020-08-18,0.037982234,512.06,6.229,4.00095,501.06,4.00095,0.0,0.0011121999999999944,0.0011121999999999944
2020-08-18,3.554675937,512.06,6.229,4.00095,501.06,4.00095,0.0,0.0,0.0
2020-08-18,0.368813424,512.06,6.229,4.00095,501.06,4.00095,0.0,0.0016682999999999915,0.0016682999999999915
2020-08-18,0.811540938,512.06,6.229,4.00095,501.06,4.00095,0.0,0.0007216000000000156,0.0007216000000000156
2020-08-18,0.0,512.06,6.229,4.00095,501.06,4.00095,0.0,0.0,0.0
2020-08-18,2.521840925,512.06,6.229,4.00095,501.06,4.00095,0.0,0.002224399999999989,0.002224399999999989
2020-08-18,0.010910227,512.06,6.229,4.00095,501.06,4.00095,0.0,0.0011121999999999944,0.0011121999999999944
2020-08-18,0.000213045,512.06,6.229,4.00095,501.06,4.00095,0.0,0.0,0.0
2020-08-19,0.0,512.06,6.229,4.05502,501.44,4.00095,0.054070000000000285,0.002626611482854904,-0.05144338851714538
2020-08-19,0.0,512.06,6.229,4.05502,501.44,4.05502,0.0,0.002626611482854904,0.002626611482854904
2020-08-19,0.0,512.06,6.229,4.05502,501.44,4.05502,0.0,0.002626611482854904,0.002626611482854904
2020-08-19,0.0,512.06,6.229,4.05502,501.44,4.05502,0.0,0.002626611482854904,0.002626611482854904
2020-08-19,0.0,512.06,6.229,4.05502,501.44,4.05502,0.0,0.002626611482854904,0.002626611482854904
2020-08-19,0.0,512.06,6.229,4.05502,501.44,4.05502,0.0,0.002626611482854904,0.002626611482854904
2020-08-19,0.0,512.06,6.229,4.05502,501.44,4.05502,0.0,0.002626611482854904,0.002626611482854904
2020-08-19,0.0,512.06,6.229,4.05502,501.44,4.05502,0.0,0.002626611482854904,0.002626611482854904
2020-08-19,0.0,512.06,6.229,4.05502,501.44,4.05502,0.0,0.002626611482854904,0.002626611482854904
2020-08-19,0.0,512.06,6.229,4.05502,501.44,4.05502,0.0,0.002626611482854904,0.002626611482854904
2020-08-19,0.0,512.06,6.229,4.05502,501.44,4.05502,0.0,0.002626611482854904,0.002626611482854904
2020-08-20,0.0,512.06,6.229,4.05502,501.44,4.05502,0.0,0.002626611482854904,0.002626611482854904
2020-08-20,0.0,512.06,6.229,4.05502,501.44,4.05502,0.0,0.002626611482854904,0.002626611482854904
2020-08-20,0.0,512.06,6.229,4.05502,501.44,4.05502,0.0,0.002626611482854904,0.002626611482854904
2020-08-20,0.0,512.06,6.229,4.05502,501.44,4.05502,0.0,0.002626611482854904,0.002626611482854904
2020-08-20,0.0,512.06,6.229,4.05502,501.44,4.05502,0.0,0.002626611482854904,0.002626611482854904
2020-08-20,0.0,512.06,6.229,4.05502,501.44,4.05502,0.0,0.002626611482854904,0.002626611482854904
2020-08-20,0.0,512.06,6.229,4.05502,501.44,4.05502,0.0,0.002626611482854904,0.002626611482854904
2020-08-20,0.0,512.06,6.229,4.05502,501.44,4.05502,0.0,0.002626611482854904,0.002626611482854904
2020-08-20,0.0,512.06,6.229,4.05502,501.44,4.05502,0.0,0.002626611482854904,0.002626611482854904
2020-08-20,0.0,512.06,6.229,4.05502,501.44,4.05502,0.0,0.002626611482854904,0.002626611482854904
2020-08-20,0.0,512.06,6.229,4.05502,501.44,4.05502,0.0,0.002626611482854904,0.002626611482854904
2020-08-21,0.0,512.06,6.229,4.12089,501.9,4.05502,0.06587000000000032,0.005343793396049707,-0.06052620660395061
2020-08-21,0.0,512.06,6.229,4.12089,501.9,4.12089,0.0,0.005343793396049707,0.005343793396049707
2020-08-21,0.0,512.06,6.229,4.12089,501.9,4.12089,0.0,0.005343793396049707,0.005343793396049707
2020-08-21,0.0,512.06,6.229,4.12089,501.9,4.12089,0.0,0.005343793396049707,0.005343793396049707
2020-08-21,0.0,512.06,6.229,4.12089,501.9,4.12089,0.0,0.005343793396049707,0.005343793396049707
2020-08-21,0.0,512.06,6.229,4.12089,501.9,4.12089,0.0,0.005343793396049707,0.005343793396049707
2020-08-21,0.0,512.06,6.229,4.12089,501.9,4.12089,0.0,0.005343793396049707,0.005343793396049707
2020-08-21,0.0,512.06,6.229,4.12089,501.9,4.12089,0.0,0.005343793396049707,0.005343793396049707
2020-08-21,0.0,512.06,6.229,4.12089,501.9,4.12089,0.0,0.005343793396049707,0.005343793396049707
2020-08-21,0.0,512.06,6.229,4.12089,501.9,4.12089,0.0,0.005343793396049707,0.005343793396049707
2020-08-21,0.0,512.06,6.229,4.12089,501.9,4.12089,0.0,0.005343793396049707,0.005343793396049707
2020-08-22,0.047314501,512.06,6.229,4.19677,502.43,4.12089,0.07587999999999973,0.04975079999999982,-0.026129199999999908
2020-08-22,0.0,512.06,6.229,4.19677,502.43,4.19677,0.0,0.0,0.0
2020-08-22,0.1632279,512.06,6.229,4.19677,502.43,4.19677,0.0,0.0020216999999999974,0.0020216999999999974
2020-08-22,0.0,512.06,6.229,4.19677,502.43,4.19677,0.0,0.0,0.0
2020-08-22,0.0,512.06,6.229,4.19677,502.43,4.19677,0.0,0.0,0.0
2020-08-22,0.124851709,512.06,6.229,4.19677,502.43,4.19677,0.0,0.0018537999999999988,0.0018537999999999988
2020-08-22,0.021824921,512.06,6.229,4.19677,502.43,4.19677,0.0,0.0013823499999999944,0.0013823499999999944
2020-08-22,0.060365394,512.06,6.229,4.19677,502.43,4.19677,0.0,0.01613139999999996,0.01613139999999996
2020-08-22,0.031991783,512.06,6.229,4.19677,502.43,4.19677,0.0,0.0026557999999999903,0.0026557999999999903
2020-08-22,1.112671979,512.06,6.229,4.19677,502.43,4.19677,0.0,-0.000841500000000015,-0.000841500000000015
2020-08-22,0.0,512.06,6.229,4.19677,502.43,4.19677,0.0,0.0,0.0
2020-08-23,0.076842287,512.06,6.229,4.25391,502.83,4.19677,0.05714000000000041,0.03861500000000026,-0.018525000000000152
2020-08-23,0.0,512.06,6.229,4.25391,502.83,4.25391,0.0,0.0,0.0
2020-08-23,0.267022558,512.06,6.229,4.25391,502.83,4.25391,0.0,0.005598100000000015,0.005598100000000015
2020-08-23,0.0,512.06,6.229,4.25391,502.83,4.25391,0.0,0.0,0.0
2020-08-23,0.0,512.06,6.229,4.25391,502.83,4.25391,0.0,0.0,0.0
2020-08-23,0.0,512.06,6.229,4.25391,502.83,4.25391,0.0,0.0,0.0
2020-08-23,0.040718522,512.06,6.229,4.25391,502.83,4.25391,0.0,0.006927499999999984,0.006927499999999984
2020-08-23,0.0,512.06,6.229,4.25391,502.83,4.25391,0.0,0.0,0.0
2020-08-23,0.0,512.06,6.229,4.25391,502.83,4.25391,0.0,0.0,0.0
2020-08-23,0.0,512.06,6.229,4.25391,502.83,4.25391,0.0,0.0,0.0
2020-08-23,0.032156269,512.06,6.229,4.25391,502.83,4.25391,0.0,0.001138199999999996,0.001138199999999996
2020-08-24,0.948222179,512.06,6.229,4.28749,503.06,4.25391,0.03357999999999972,0.01847729999999986,-0.015102699999999861
2020-08-24,3.906999596,512.06,6.229,4.28749,503.06,4.28749,0.0,0.0,0.0
2020-08-24,1.967113332,512.06,6.229,4.28749,503.06,4.28749,0.0,0.0016682999999999915,0.0016682999999999915
2020-08-24,3.53013357,512.06,6.229,4.28749,503.06,4.28749,0.0,-0.00014190000000000147,-0.00014190000000000147
2020-08-24,4.370682072,512.06,6.229,4.28749,503.06,4.28749,0.0,0.0,0.0
2020-08-24,2.897928857,512.06,6.229,4.28749,503.06,4.28749,0.0,0.0,0.0
2020-08-24,1.446660375,512.06,6.229,4.28749,503.06,4.28749,0.0,0.0001678999999999986,0.0001678999999999986
2020-08-24,1.682252088,512.06,6.229,4.28749,503.06,4.28749,0.0,-0.00010710000000000442,-0.00010710000000000442
2020-08-24,1.556029404,512.06,6.229,4.28749,503.06,4.28749,0.0,0.0001678999999999986,0.0001678999999999986
2020-08-24,3.260831268,512.06,6.229,4.28749,503.06,4.28749,0.0,0.0,0.0
2020-08-24,1.957022578,512.06,6.229,4.28749,503.06,4.28749,0.0,0.001448299999999989,0.001448299999999989
2020-08-25,24.45309003,512.06,6.229,4.31671,503.27,4.28749,0.02921999999999958,0.01734589999999975,-0.011874099999999829
2020-08-25,29.29066422,512.06,6.229,4.31671,503.27,4.31671,0.0,0.00014609999999999789,0.00014609999999999789
2020-08-25,22.28556659,512.06,6.229,4.31671,503.27,4.31671,0.0,0.001168799999999983,0.001168799999999983
2020-08-25,19.41624757,512.06,6.229,4.31671,503.27,4.31671,0.0,0.0,0.0
2020-08-25,17.83978486,512.06,6.229,4.31671,503.27,4.31671,0.0,0.0,0.0
2020-08-25,17.59563573,512.06,6.229,4.31671,503.27,4.31671,0.0,0.00034440000000000024,0.00034440000000000024
2020-08-25,24.98265265,512.06,6.229,4.31671,503.27,4.31671,0.0,0.0021914999999999686,0.0021914999999999686
2020-08-25,13.09070237,512.06,6.229,4.31671,503.27,4.31671,0.0,0.0,0.0
2020-08-25,16.58807617,512.06,6.229,4.31671,503.27,4.31671,0.0,0.0,0.0
2020-08-25,30.00544405,512.06,6.229,4.31671,503.27,4.31671,0.0,0.00014609999999999789,0.00014609999999999789
2020-08-25,15.27585063,512.06,6.229,4.31671,503.27,4.31671,0.0,-0.0007751000000000019,-0.0007751000000000019
2020-08-26,0.444145221,512.06,6.229,4.34899,503.49,4.31671,0.032280000000000086,0.018661000000000063,-0.013619000000000023
2020-08-26,1.515492802,512.06,6.229,4.34899,503.49,4.34899,0.0,-8.324999999999694e-05,-8.324999999999694e-05
2020-08-26,0.178158912,512.06,6.229,4.34899,503.49,4.34899,0.0,0.0004471000000000025,0.0004471000000000025
2020-08-26,0.498148079,512.06,6.229,4.34899,503.49,4.34899,0.0,0.005649000000000015,0.005649000000000015
2020-08-26,1.335723658,512.06,6.229,4.34899,503.49,4.34899,0.0,0.0,0.0
2020-08-26,0.356595762,512.06,6.229,4.34899,503.49,4.34899,0.0,0.0035278000000000097,0.0035278000000000097
2020-08-26,0.056831889,512.06,6.229,4.34899,503.49,4.34899,0.0,0.0037616500000000074,0.0037616500000000074
2020-08-26,0.608342952,512.06,6.229,4.34899,503.49,4.34899,0.0,0.001129800000000003,0.001129800000000003
2020-08-26,1.329997651,512.06,6.229,4.34899,503.49,4.34899,0.0,0.0,0.0
2020-08-26,2.567293802,512.06,6.229,4.34899,503.49,4.34899,0.0,0.0,0.0
2020-08-26,0.605331602,512.06,6.229,4.34899,503.49,4.34899,0.0,0.0010348000000000024,0.0010348000000000024
2020-08-27,0.0,512.06,6.229,4.38781,503.76,4.34899,0.0388200000000003,0.004451086266062406,-0.03436891373393789
2020-08-27,0.0,512.06,6.229,4.38781,503.76,4.38781,0.0,0.004451086266062406,0.004451086266062406
2020-08-27,0.0,512.06,6.229,4.38781,503.76,4.38781,0.0,0.004451086266062406,0.004451086266062406
2020-08-27,0.222985756,512.06,6.229,4.38781,503.76,4.38781,0.0,0.00046868022727273,0.00046868022727273
2020-08-27,0.0,512.06,6.229,4.38781,503.76,4.38781,0.0,0.004451086266062406,0.004451086266062406
2020-08-27,0.0,512.06,6.229,4.38781,503.76,4.38781,0.0,0.004451086266062406,0.004451086266062406
2020-08-27,0.0,512.06,6.229,4.38781,503.76,4.38781,0.0,0.004451086266062406,0.004451086266062406
2020-08-27,0.165840724,512.06,6.229,4.38781,503.76,4.38781,0.0,0.002317180227272734,0.002317180227272734
2020-08-27,0.0,512.06,6.229,4.38781,503.76,4.38781,0.0,0.004451086266062406,0.004451086266062406
2020-08-27,0.0,512.06,6.229,4.38781,503.76,4.38781,0.0,0.004451086266062406,0.004451086266062406
2020-08-27,0.0,512.06,6.229,4.38781,503.76,4.38781,0.0,0.004451086266062406,0.004451086266062406
2020-08-28,0.00116042,512.06,6.229,4.72294,504.11,4.38781,0.33513000000000037,0.1994346999999998,-0.13569530000000057
2020-08-28,1.333586872,512.06,6.229,4.72294,504.11,4.72294,0.0,0.0016756500000000018,0.0016756500000000018
2020-08-28,0.0,512.06,6.229,4.72294,504.11,4.72294,0.0,0.001708000000000002,0.001708000000000002
2020-08-28,0.0,512.06,6.229,4.72294,504.11,4.72294,0.0,0.001708000000000002,0.001708000000000002
2020-08-28,0.50690504,512.06,6.229,4.72294,504.11,4.72294,0.0,0.01740210000000002,0.01740210000000002
2020-08-28,3.74959431,512.06,6.229,4.72294,504.11,4.72294,0.0,-0.004267000000000021,-0.004267000000000021
2020-08-28,0.0,512.06,6.229,4.72294,504.11,4.72294,0.0,0.001708000000000002,0.001708000000000002
2020-08-28,1.739665514,512.06,6.229,4.72294,504.11,4.72294,0.0,0.0016756500000000018,0.0016756500000000018
2020-08-28,0.0,512.06,6.229,4.72294,504.11,4.72294,0.0,0.001708000000000002,0.001708000000000002
2020-08-28,1.226985906,512.06,6.229,4.72294,504.11,4.72294,0.0,0.0016756500000000018,0.0016756500000000018
2020-08-28,0.127294566,512.06,6.229,4.72294,504.11,4.72294,0.0,0.043431650000000044,0.043431650000000044
2020-08-29,1.149225194,512.06,6.229,4.48768,504.46,4.72294,-0.23526000000000025,-0.15409530000000016,0.08116470000000009
2020-08-29,0.012196416,512.06,6.229,4.48768,504.46,4.48768,0.0,-0.002153240000000001,-0.002153240000000001
2020-08-29,0.046896046,512.06,6.229,4.48768,504.46,4.48768,0.0,0.0025313099999999897,0.0025313099999999897
2020-08-29,0.000133939,512.06,6.229,4.48768,504.46,4.48768,0.0,0.003526770769230773,0.003526770769230773
2020-08-29,0.702576544,512.06,6.229,4.48768,504.46,4.48768,0.0,-0.0023526000000000024,-0.0023526000000000024
2020-08-29,0.344227759,512.06,6.229,4.48768,504.46,4.48768,0.0,-0.00018440000000000012,-0.00018440000000000012
2020-08-29,0.352652802,512.06,6.229,4.48768,504.46,4.48768,0.0,-0.0004610000000000003,-0.0004610000000000003
2020-08-29,0.203765349,512.06,6.229,4.48768,504.46,4.48768,0.0,0.0,0.0
2020-08-29,0.0,512.06,6.229,4.48768,504.46,4.48768,0.0,0.0002813884782090981,0.0002813884782090981
2020-08-29,0.701252889,512.06,6.229,4.48768,504.46,4.48768,0.0,-0.0023526000000000024,-0.0023526000000000024
2020-08-29,1.304314857,512.06,6.229,4.48768,504.46,4.48768,0.0,-0.04469940000000005,-0.04469940000000005
2020-08-30,0.0,512.06,6.229,4.51996,504.69,4.48768,0.032280000000000086,0.002824451077874661,-0.029455548922125426
2020-08-30,0.0,512.06,6.229,4.51996,504.69,4.51996,0.0,0.002824451077874661,0.002824451077874661
2020-08-30,0.0,512.06,6.229,4.51996,504.69,4.51996,0.0,0.002824451077874661,0.002824451077874661
2020-08-30,0.0,512.06,6.229,4.51996,504.69,4.51996,0.0,0.002824451077874661,0.002824451077874661
2020-08-30,0.0,512.06,6.229,4.51996,504.69,4.51996,0.0,0.002824451077874661,0.002824451077874661
2020-08-30,0.0,512.06,6.229,4.51996,504.69,4.51996,0.0,0.002824451077874661,0.002824451077874661
2020-08-30,0.0,512.06,6.229,4.51996,504.69,4.51996,0.0,0.002824451077874661,0.002824451077874661
2020-08-30,0.0,512.06,6.229,4.51996,504.69,4.51996,0.0,0.002824451077874661,0.002824451077874661
2020-08-30,0.0,512.06,6.229,4.51996,504.69,4.51996,0.0,0.002824451077874661,0.002824451077874661
2020-08-30,0.0,512.06,6.229,4.51996,504.69,4.51996,0.0,0.002824451077874661,0.002824451077874661
2020-08-30,0.0,512.06,6.229,4.51996,504.69,4.51996,0.0,0.002824451077874661,0.002824451077874661
2020-08-31,0.0,512.06,6.229,4.5518,504.91,4.51996,0.03183999999999987,0.002769046142811423,-0.029070953857188445
2020-08-31,0.0,512.06,6.229,4.5518,504.91,4.5518,0.0,0.002769046142811423,0.002769046142811423
2020-08-31,0.0,512.06,6.229,4.5518,504.91,4.5518,0.0,0.002769046142811423,0.002769046142811423
2020-08-31,0.0,512.06,6.229,4.5518,504.91,4.5518,0.0,0.002769046142811423,0.002769046142811423
2020-08-31,0.0,512.06,6.229,4.5518,504.91,4.5518,0.0,0.002769046142811423,0.002769046142811423
2020-08-31,0.0,512.06,6.229,4.5518,504.91,4.5518,0.0,0.002769046142811423,0.002769046142811423
2020-08-31,0.0,512.06,6.229,4.5518,504.91,4.5518,0.0,0.002769046142811423,0.002769046142811423
2020-08-31,0.0,512.06,6.229,4.5518,504.91,4.5518,0.0,0.002769046142811423,0.002769046142811423
2020-08-31,0.0,512.06,6.229,4.5518,504.91,4.5518,0.0,0.002769046142811423,0.002769046142811423
2020-08-31,0.0,512.06,6.229,4.5518,504.91,4.5518,0.0,0.002769046142811423,0.002769046142811423
2020-08-31,0.0,512.06,6.229,4.5518,504.91,4.5518,0.0,0.002769046142811423,0.002769046142811423
2020-09-01,0.0,512.06,6.229,4.58887,505.17,4.5518,0.037069999999999936,0.003629995296331417,-0.03344000470366852
2020-09-01,0.0,512.06,6.229,4.58887,505.17,4.58887,0.0,0.003629995296331417,0.003629995296331417
2020-09-01,0.0,512.06,6.229,4.58887,505.17,4.58887,0.0,0.003629995296331417,0.003629995296331417
2020-09-01,0.0,512.06,6.229,4.58887,505.17,4.58887,0.0,0.003629995296331417,0.003629995296331417
2020-09-01,0.0,512.06,6.229,4.58887,505.17,4.58887,0.0,0.003629995296331417,0.003629995296331417
2020-09-01,0.0,512.06,6.229,4.58887,505.17,4.58887,0.0,0.003629995296331417,0.003629995296331417
2020-09-01,0.0,512.06,6.229,4.58887,505.17,4.58887,0.0,0.003629995296331417,0.003629995296331417
2020-09-01,0.0,512.06,6.229,4.58887,505.17,4.58887,0.0,0.003629995296331417,0.003629995296331417
2020-09-01,0.0,512.06,6.229,4.58887,505.17,4.58887,0.0,0.003629995296331417,0.003629995296331417
2020-09-01,0.0,512.06,6.229,4.58887,505.17,4.58887,0.0,0.003629995296331417,0.003629995296331417
2020-09-01,0.0,512.06,6.229,4.58887,505.17,4.58887,0.0,0.003629995296331417,0.003629995296331417
2020-09-02,0.0,512.06,6.229,4.62158,505.4,4.58887,0.032709999999999795,0.003426413962795654,-0.02928358603720414
2020-09-02,0.0,512.06,6.229,4.62158,505.4,4.62158,0.0,0.003426413962795654,0.003426413962795654
2020-09-02,0.0,512.06,6.229,4.62158,505.4,4.62158,0.0,0.003426413962795654,0.003426413962795654
2020-09-02,0.0,512.06,6.229,4.62158,505.4,4.62158,0.0,0.003426413962795654,0.003426413962795654
2020-09-02,0.0,512.06,6.229,4.62158,505.4,4.62158,0.0,0.003426413962795654,0.003426413962795654
2020-09-02,0.0,512.06,6.229,4.62158,505.4,4.62158,0.0,0.003426413962795654,0.003426413962795654
2020-09-02,0.0,512.06,6.229,4.62158,505.4,4.62158,0.0,0.003426413962795654,0.003426413962795654
2020-09-02,0.0,512.06,6.229,4.62158,505.4,4.62158,0.0,0.003426413962795654,0.003426413962795654
2020-09-02,0.0,512.06,6.229,4.62158,505.4,4.62158,0.0,0.003426413962795654,0.003426413962795654
2020-09-02,0.0,512.06,6.229,4.62158,505.4,4.62158,0.0,0.003426413962795654,0.003426413962795654
2020-09-02,0.0,512.06,6.229,4.62158,505.4,4.62158,0.0,0.003426413962795654,0.003426413962795654
2020-09-03,0.109506489,512.06,6.229,4.64906,505.59,4.62158,0.027480000000000615,0.01727985000000041,-0.010200150000000206
2020-09-03,0.0,512.06,6.229,4.64906,505.59,4.64906,0.0,0.00010608428030303353,0.00010608428030303353
2020-09-03,0.0,512.06,6.229,4.64906,505.59,4.64906,0.0,0.00010608428030303353,0.00010608428030303353
2020-09-03,0.469078718,512.06,6.229,4.64906,505.59,4.64906,0.0,0.0008954000000000106,0.0008954000000000106
2020-09-03,0.904377932,512.06,6.229,4.64906,505.59,4.64906,0.0,0.0001678999999999986,0.0001678999999999986
2020-09-03,0.41851561,512.06,6.229,4.64906,505.59,4.64906,0.0,0.0006870000000000154,0.0006870000000000154
2020-09-03,1.242034143,512.06,6.229,4.64906,505.59,4.64906,0.0,0.0,0.0
2020-09-03,0.029706162,512.06,6.229,4.64906,505.59,4.64906,0.0,0.00012640000000001096,0.00012640000000001096
2020-09-03,0.59991175,512.06,6.229,4.64906,505.59,4.64906,0.0,0.0,0.0
2020-09-03,0.0,512.06,6.229,4.64906,505.59,4.64906,0.0,0.00010608428030303353,0.00010608428030303353
2020-09-03,0.0,512.06,6.229,4.64906,505.59,4.64906,0.0,0.00010608428030303353,0.00010608428030303353
2020-09-04,0.0,512.06,6.229,4.6918,505.89,4.64906,0.042739999999999334,0.00914969809884545,-0.033590301901153884
2020-09-04,0.003013543,512.06,6.229,4.6918,505.89,4.6918,0.0,0.0018955698809523516,0.0018955698809523516
2020-09-04,0.031000104,512.06,6.229,4.6918,505.89,4.6918,0.0,3.5833333333286714e-06,3.5833333333286714e-06
2020-09-04,0.0,512.06,6.229,4.6918,505.89,4.6918,0.0,0.00914969809884545,0.00914969809884545
2020-09-04,0.120061012,512.06,6.229,4.6918,505.89,4.6918,0.0,-0.0002856499999999995,-0.0002856499999999995
2020-09-04,0.138974079,512.06,6.229,4.6918,505.89,4.6918,0.0,-0.0002856499999999995,-0.0002856499999999995
2020-09-04,0.19758939,512.06,6.229,4.6918,505.89,4.6918,0.0,0.00020275000000000043,0.00020275000000000043
2020-09-04,0.0,512.06,6.229,4.6918,505.89,4.6918,0.0,0.00914969809884545,0.00914969809884545
2020-09-04,0.007911239,512.06,6.229,4.6918,505.89,4.6918,0.0,0.0006998674999999891,0.0006998674999999891
2020-09-04,0.0,512.06,6.229,4.6918,505.89,4.6918,0.0,0.00914969809884545,0.00914969809884545
2020-09-04,0.0,512.06,6.229,4.6918,505.89,4.6918,0.0,0.00914969809884545,0.00914969809884545
2020-09-05,0.0,512.06,6.229,4.72836,506.13,4.6918,0.03656000000000059,0.003029873654774926,-0.03353012634522567
2020-09-05,0.0,512.06,6.229,4.72836,506.13,4.72836,0.0,0.003029873654774926,0.003029873654774926
2020-09-05,0.0,512.06,6.229,4.72836,506.13,4.72836,0.0,0.003029873654774926,0.003029873654774926
2020-09-05,0.0,512.06,6.229,4.72836,506.13,4.72836,0.0,0.003029873654774926,0.003029873654774926
2020-09-05,0.0,512.06,6.229,4.72836,506.13,4.72836,0.0,0.003029873654774926,0.003029873654774926
2020-09-05,0.0,512.06,6.229,4.72836,506.13,4.72836,0.0,0.003029873654774926,0.003029873654774926
2020-09-05,0.0,512.06,6.229,4.72836,506.13,4.72836,0.0,0.003029873654774926,0.003029873654774926
2020-09-05,0.0,512.06,6.229,4.72836,506.13,4.72836,0.0,0.003029873654774926,0.003029873654774926
2020-09-05,0.0,512.06,6.229,4.72836,506.13,4.72836,0.0,0.003029873654774926,0.003029873654774926
2020-09-05,0.0,512.06,6.229,4.72836,506.13,4.72836,0.0,0.003029873654774926,0.003029873654774926
2020-09-05,0.0,512.06,6.229,4.72836,506.13,4.72836,0.0,0.003029873654774926,0.003029873654774926
2020-09-06,0.0,512.06,6.229,4.76356,506.36,4.72836,0.035199999999999676,0.002175660763513898,-0.033024339236485775
2020-09-06,0.0,512.06,6.229,4.76356,506.36,4.76356,0.0,0.002175660763513898,0.002175660763513898
2020-09-06,0.0,512.06,6.229,4.76356,506.36,4.76356,0.0,0.002175660763513898,0.002175660763513898
2020-09-06,0.0,512.06,6.229,4.76356,506.36,4.76356,0.0,0.002175660763513898,0.002175660763513898
2020-09-06,0.0,512.06,6.229,4.76356,506.36,4.76356,0.0,0.002175660763513898,0.002175660763513898
2020-09-06,0.0,512.06,6.229,4.76356,506.36,4.76356,0.0,0.002175660763513898,0.002175660763513898
2020-09-06,0.0,512.06,6.229,4.76356,506.36,4.76356,0.0,0.002175660763513898,0.002175660763513898
2020-09-06,0.0,512.06,6.229,4.76356,506.36,4.76356,0.0,0.002175660763513898,0.002175660763513898
2020-09-06,0.0,512.06,6.229,4.76356,506.36,4.76356,0.0,0.002175660763513898,0.002175660763513898
2020-09-06,0.0,512.06,6.229,4.76356,506.36,4.76356,0.0,0.002175660763513898,0.002175660763513898
2020-09-06,0.0,512.06,6.229,4.76356,506.36,4.76356,0.0,0.002175660763513898,0.002175660763513898
2020-09-07,0.0,512.06,6.229,4.79924,506.58,4.76356,0.035680000000000156,0.0030764631623863017,-0.032603536837613856
2020-09-07,0.0,512.06,6.229,4.79924,506.58,4.79924,0.0,0.0030764631623863017,0.0030764631623863017
2020-09-07,0.0,512.06,6.229,4.79924,506.58,4.79924,0.0,0.0030764631623863017,0.0030764631623863017
2020-09-07,0.0,512.06,6.229,4.79924,506.58,4.79924,0.0,0.0030764631623863017,0.0030764631623863017
2020-09-07,0.0,512.06,6.229,4.79924,506.58,4.79924,0.0,0.0030764631623863017,0.0030764631623863017
2020-09-07,0.0,512.06,6.229,4.79924,506.58,4.79924,0.0,0.0030764631623863017,0.0030764631623863017
2020-09-07,0.0,512.06,6.229,4.79924,506.58,4.79924,0.0,0.0030764631623863017,0.0030764631623863017
2020-09-07,0.0,512.06,6.229,4.79924,506.58,4.79924,0.0,0.0030764631623863017,0.0030764631623863017
2020-09-07,0.0,512.06,6.229,4.79924,506.58,4.79924,0.0,0.0030764631623863017,0.0030764631623863017
2020-09-07,0.0,512.06,6.229,4.79924,506.58,4.79924,0.0,0.0030764631623863017,0.0030764631623863017
2020-09-07,0.0,512.06,6.229,4.79924,506.58,4.79924,0.0,0.0030764631623863017,0.0030764631623863017
2020-09-08,0.0,512.06,6.229,4.82161,506.73,4.79924,0.022369999999999557,0.0032272297520534376,-0.01914277024794612
2020-09-08,0.0,512.06,6.229,4.82161,506.73,4.82161,0.0,0.0032272297520534376,0.0032272297520534376
2020-09-08,0.32156269,512.06,6.229,4.82161,506.73,4.82161,0.0,7.829499999999845e-05,7.829499999999845e-05
2020-09-08,0.0,512.06,6.229,4.82161,506.73,4.82161,0.0,0.0032272297520534376,0.0032272297520534376
2020-09-08,2.678996516,512.06,6.229,4.82161,506.73,4.82161,0.0,2.2369999999999557e-05,2.2369999999999557e-05
2020-09-08,0.407185232,512.06,6.229,4.82161,506.73,4.82161,0.0,-0.0004106675000000013,-0.0004106675000000013
2020-09-08,0.0,512.06,6.229,4.82161,506.73,4.82161,0.0,0.0032272297520534376,0.0032272297520534376
2020-09-08,0.0,512.06,6.229,4.82161,506.73,4.82161,0.0,0.0032272297520534376,0.0032272297520534376
2020-09-08,0.82654407,512.06,6.229,4.82161,506.73,4.82161,0.0,-6.98300000000005e-05,-6.98300000000005e-05
2020-09-08,0.0,512.06,6.229,4.82161,506.73,4.82161,0.0,0.0032272297520534376,0.0032272297520534376
2020-09-08,0.0,512.06,6.229,4.82161,506.73,4.82161,0.0,0.0032272297520534376,0.0032272297520534376
2020-09-09,0.0,512.06,6.229,4.83,506.797,4.82161,0.008390000000000342,0.0005221060374211136,-0.007867893962579229
2020-09-09,2.036037379,512.06,6.229,4.83,506.797,4.83,0.0,-8.324999999999694e-05,-8.324999999999694e-05
2020-09-09,0.0,512.06,6.229,4.83,506.797,4.83,0.0,0.0005221060374211136,0.0005221060374211136
2020-09-09,0.0,512.06,6.229,4.83,506.797,4.83,0.0,0.0005221060374211136,0.0005221060374211136
2020-09-09,0.0,512.06,6.229,4.83,506.797,4.83,0.0,0.0005221060374211136,0.0005221060374211136
2020-09-09,0.244387634,512.06,6.229,4.83,506.797,4.83,0.0,7.2418947368424e-06,7.2418947368424e-06
2020-09-09,0.0,512.06,6.229,4.83,506.797,4.83,0.0,0.0005221060374211136,0.0005221060374211136
2020-09-09,0.309460776,512.06,6.229,4.83,506.797,4.83,0.0,7.2418947368424e-06,7.2418947368424e-06
2020-09-09,0.689209407,512.06,6.229,4.83,506.797,4.83,0.0,-9.220000000000006e-05,-9.220000000000006e-05
2020-09-09,0.0,512.06,6.229,4.83,506.797,4.83,0.0,0.0005221060374211136,0.0005221060374211136
2020-09-09,0.0,512.06,6.229,4.83,506.797,4.83,0.0,0.0005221060374211136,0.0005221060374211136
2020-09-10,0.0,512.06,6.229,4.83,506.797,4.83,0.0,0.0005221060374211136,0.0005221060374211136
2020-09-10,0.0,512.06,6.229,4.83,506.797,4.83,0.0,0.0005221060374211136,0.0005221060374211136
2020-09-10,0.0,512.06,6.229,4.83,506.797,4.83,0.0,0.0005221060374211136,0.0005221060374211136
2020-09-10,0.0,512.06,6.229,4.83,506.797,4.83,0.0,0.0005221060374211136,0.0005221060374211136
2020-09-10,0.0,512.06,6.229,4.83,506.797,4.83,0.0,0.0005221060374211136,0.0005221060374211136
2020-09-10,0.0,512.06,6.229,4.83,506.797,4.83,0.0,0.0005221060374211136,0.0005221060374211136
2020-09-10,0.0,512.06,6.229,4.83,506.797,4.83,0.0,0.0005221060374211136,0.0005221060374211136
2020-09-10,0.0,512.06,6.229,4.83,506.797,4.83,0.0,0.0005221060374211136,0.0005221060374211136
2020-09-10,0.0,512.06,6.229,4.83,506.797,4.83,0.0,0.0005221060374211136,0.0005221060374211136
2020-09-10,0.0,512.06,6.229,4.83,506.797,4.83,0.0,0.0005221060374211136,0.0005221060374211136
2020-09-10,0.0,512.06,6.229,4.83,506.797,4.83,0.0,0.0005221060374211136,0.0005221060374211136
2020-09-11,0.0,512.06,6.229,4.83017,506.78,4.83,0.00016999999999978144,1.5686927966019637e-05,-0.0001543130720337618
2020-09-11,0.0,512.06,6.229,4.83017,506.78,4.83017,0.0,1.5686927966019637e-05,1.5686927966019637e-05
2020-09-11,0.0,512.06,6.229,4.83017,506.78,4.83017,0.0,1.5686927966019637e-05,1.5686927966019637e-05
2020-09-11,0.0,512.06,6.229,4.83017,506.78,4.83017,0.0,1.5686927966019637e-05,1.5686927966019637e-05
2020-09-11,0.0,512.06,6.229,4.83017,506.78,4.83017,0.0,1.5686927966019637e-05,1.5686927966019637e-05
2020-09-11,0.0,512.06,6.229,4.83017,506.78,4.83017,0.0,1.5686927966019637e-05,1.5686927966019637e-05
2020-09-11,0.0,512.06,6.229,4.83017,506.78,4.83017,0.0,1.5686927966019637e-05,1.5686927966019637e-05
2020-09-11,0.0,512.06,6.229,4.83017,506.78,4.83017,0.0,1.5686927966019637e-05,1.5686927966019637e-05
2020-09-11,0.0,512.06,6.229,4.83017,506.78,4.83017,0.0,1.5686927966019637e-05,1.5686927966019637e-05
2020-09-11,0.0,512.06,6.229,4.83017,506.78,4.83017,0.0,1.5686927966019637e-05,1.5686927966019637e-05
2020-09-11,0.0,512.06,6.229,4.83017,506.78,4.83017,0.0,1.5686927966019637e-05,1.5686927966019637e-05
2020-09-12,0.0,512.06,6.229,4.82827,506.77,4.83017,-0.0019000000000000128,-0.0001773128736051543,0.0017226871263948584
2020-09-12,0.0,512.06,6.229,4.82827,506.77,4.82827,0.0,-0.0001773128736051543,-0.0001773128736051543
2020-09-12,0.0,512.06,6.229,4.82827,506.77,4.82827,0.0,-0.0001773128736051543,-0.0001773128736051543
2020-09-12,0.0,512.06,6.229,4.82827,506.77,4.82827,0.0,-0.0001773128736051543,-0.0001773128736051543
2020-09-12,0.0,512.06,6.229,4.82827,506.77,4.82827,0.0,-0.0001773128736051543,-0.0001773128736051543
2020-09-12,0.0,512.06,6.229,4.82827,506.77,4.82827,0.0,-0.0001773128736051543,-0.0001773128736051543
2020-09-12,0.0,512.06,6.229,4.82827,506.77,4.82827,0.0,-0.0001773128736051543,-0.0001773128736051543
2020-09-12,0.0,512.06,6.229,4.82827,506.77,4.82827,0.0,-0.0001773128736051543,-0.0001773128736051543
2020-09-12,0.0,512.06,6.229,4.82827,506.77,4.82827,0.0,-0.0001773128736051543,-0.0001773128736051543
2020-09-12,0.0,512.06,6.229,4.82827,506.77,4.82827,0.0,-0.0001773128736051543,-0.0001773128736051543
2020-09-12,0.0,512.06,6.229,4.82827,506.77,4.82827,0.0,-0.0001773128736051543,-0.0001773128736051543
2020-09-13,0.0,512.06,6.229,4.82113,506.72,4.82827,-0.007139999999999702,-0.0002379725238096463,0.006902027476190056
2020-09-13,0.0,512.06,6.229,4.82113,506.72,4.82113,0.0,-0.0002379725238096463,-0.0002379725238096463
2020-09-13,0.0,512.06,6.229,4.82113,506.72,4.82113,0.0,-0.0002379725238096463,-0.0002379725238096463
2020-09-13,0.0,512.06,6.229,4.82113,506.72,4.82113,0.0,-0.0002379725238096463,-0.0002379725238096463
2020-09-13,0.0,512.06,6.229,4.82113,506.72,4.82113,0.0,-0.0002379725238096463,-0.0002379725238096463
2020-09-13,0.0,512.06,6.229,4.82113,506.72,4.82113,0.0,-0.0002379725238096463,-0.0002379725238096463
2020-09-13,0.0,512.06,6.229,4.82113,506.72,4.82113,0.0,-0.0002379725238096463,-0.0002379725238096463
2020-09-13,0.0,512.06,6.229,4.82113,506.72,4.82113,0.0,-0.0002379725238096463,-0.0002379725238096463
2020-09-13,0.0,512.06,6.229,4.82113,506.72,4.82113,0.0,-0.0002379725238096463,-0.0002379725238096463
2020-09-13,0.0,512.06,6.229,4.82113,506.72,4.82113,0.0,-0.0002379725238096463,-0.0002379725238096463
2020-09-13,0.0,512.06,6.229,4.82113,506.72,4.82113,0.0,-0.0002379725238096463,-0.0002379725238096463
2020-09-14,0.0,512.06,6.229,4.82113,506.72,4.82113,0.0,-0.0002379725238096463,-0.0002379725238096463
2020-09-14,0.0,512.06,6.229,4.82113,506.72,4.82113,0.0,-0.0002379725238096463,-0.0002379725238096463
2020-09-14,0.0,512.06,6.229,4.82113,506.72,4.82113,0.0,-0.0002379725238096463,-0.0002379725238096463
2020-09-14,0.0,512.06,6.229,4.82113,506.72,4.82113,0.0,-0.0002379725238096463,-0.0002379725238096463
2020-09-14,0.0,512.06,6.229,4.82113,506.72,4.82113,0.0,-0.0002379725238096463,-0.0002379725238096463
2020-09-14,0.0,512.06,6.229,4.82113,506.72,4.82113,0.0,-0.0002379725238096463,-0.0002379725238096463
2020-09-14,0.0,512.06,6.229,4.82113,506.72,4.82113,0.0,-0.0002379725238096463,-0.0002379725238096463
2020-09-14,0.0,512.06,6.229,4.82113,506.72,4.82113,0.0,-0.0002379725238096463,-0.0002379725238096463
2020-09-14,0.0,512.06,6.229,4.82113,506.72,4.82113,0.0,-0.0002379725238096463,-0.0002379725238096463
2020-09-14,0.0,512.06,6.229,4.82113,506.72,4.82113,0.0,-0.0002379725238096463,-0.0002379725238096463
2020-09-14,0.0,512.06,6.229,4.82113,506.72,4.82113,0.0,-0.0002379725238096463,-0.0002379725238096463
2020-09-15,0.0,512.06,6.229,4.82113,506.72,4.82113,0.0,-0.0002379725238096463,-0.0002379725238096463
2020-09-15,0.0,512.06,6.229,4.82113,506.72,4.82113,0.0,-0.0002379725238096463,-0.0002379725238096463
2020-09-15,0.0,512.06,6.229,4.82113,506.72,4.82113,0.0,-0.0002379725238096463,-0.0002379725238096463
2020-09-15,0.0,512.06,6.229,4.82113,506.72,4.82113,0.0,-0.0002379725238096463,-0.0002379725238096463
2020-09-15,0.0,512.06,6.229,4.82113,506.72,4.82113,0.0,-0.0002379725238096463,-0.0002379725238096463
2020-09-15,0.0,512.06,6.229,4.82113,506.72,4.82113,0.0,-0.0002379725238096463,-0.0002379725238096463
2020-09-15,0.0,512.06,6.229,4.82113,506.72,4.82113,0.0,-0.0002379725238096463,-0.0002379725238096463
2020-09-15,0.0,512.06,6.229,4.82113,506.72,4.82113,0.0,-0.0002379725238096463,-0.0002379725238096463
2020-09-15,0.0,512.06,6.229,4.82113,506.72,4.82113,0.0,-0.0002379725238096463,-0.0002379725238096463
2020-09-15,0.0,512.06,6.229,4.82113,506.72,4.82113,0.0,-0.0002379725238096463,-0.0002379725238096463
2020-09-15,0.0,512.06,6.229,4.82113,506.72,4.82113,0.0,-0.0002379725238096463,-0.0002379725238096463
2020-09-16,0.097117651,512.06,6.229,4.764,506.36,4.82113,-0.0571299999999999,-0.03389834999999991,0.023231649999999993
2020-09-16,0.046332496,512.06,6.229,4.764,506.36,4.764,0.0,0.00018749999999999821,0.00018749999999999821
2020-09-16,0.0,512.06,6.229,4.764,506.36,4.764,0.0,0.002175660763513898,0.002175660763513898
2020-09-16,0.0,512.06,6.229,4.764,506.36,4.764,0.0,0.002175660763513898,0.002175660763513898
2020-09-16,0.0,512.06,6.229,4.764,506.36,4.764,0.0,0.002175660763513898,0.002175660763513898
2020-09-16,0.016748205,512.06,6.229,4.764,506.36,4.764,0.0,-0.00024115501672240794,-0.00024115501672240794
2020-09-16,0.016168509,512.06,6.229,4.764,506.36,4.764,0.0,-0.00024115501672240794,-0.00024115501672240794
2020-09-16,0.0,512.06,6.229,4.764,506.36,4.764,0.0,0.002175660763513898,0.002175660763513898
2020-09-16,0.0,512.06,6.229,4.764,506.36,4.764,0.0,0.002175660763513898,0.002175660763513898
2020-09-16,0.037632245,512.06,6.229,4.764,506.36,4.764,0.0,-0.000571299999999999,-0.000571299999999999
2020-09-16,0.0,512.06,6.229,4.764,506.36,4.764,0.0,0.002175660763513898,0.002175660763513898
2020-09-17,0.003452974,512.06,6.229,4.764,506.36,4.764,0.0,0.00036815127786184046,0.00036815127786184046
2020-09-17,0.713891675,512.06,6.229,4.764,506.36,4.764,0.0,-9.220000000000006e-05,-9.220000000000006e-05
2020-09-17,2.389561719,512.06,6.229,4.764,506.36,4.764,0.0,-8.324999999999694e-05,-8.324999999999694e-05
2020-09-17,6.021463403,512.06,6.229,4.764,506.36,4.764,0.0,-0.004689999999999981,-0.004689999999999981
2020-09-17,0.290243153,512.06,6.229,4.764,506.36,4.764,0.0,0.0,0.0
2020-09-17,3.835433816,512.06,6.229,4.764,506.36,4.764,0.0,0.0,0.0
2020-09-17,7.430642129,512.06,6.229,4.764,506.36,4.764,0.0,0.0,0.0
2020-09-17,15.7972293,512.06,6.229,4.764,506.36,4.764,0.0,-0.0025294499999999865,-0.0025294499999999865
2020-09-17,21.59627099,512.06,6.229,4.764,506.36,4.764,0.0,0.0,0.0
2020-09-17,7.686949275,512.06,6.229,4.764,506.36,4.764,0.0,-0.0011317500000000002,-0.0011317500000000002
2020-09-17,1.336222025,512.06,6.229,4.764,506.36,4.764,0.0,0.0,0.0
2020-09-18,0.0,512.06,6.229,4.74168,506.21,4.764,-0.02232000000000056,-0.005013940000000126,0.017306060000000435
2020-09-18,0.0,512.06,6.229,4.74168,506.21,4.74168,0.0,-0.005013940000000126,-0.005013940000000126
2020-09-18,0.0,512.06,6.229,4.74168,506.21,4.74168,0.0,-0.005013940000000126,-0.005013940000000126
2020-09-18,1.38487941,512.06,6.229,4.74168,506.21,4.74168,0.0,0.0,0.0
2020-09-18,0.044478238,512.06,6.229,4.74168,506.21,4.74168,0.0,-0.001137840000000021,-0.001137840000000021
2020-09-18,0.0,512.06,6.229,4.74168,506.21,4.74168,0.0,-0.005013940000000126,-0.005013940000000126
2020-09-18,0.671494147,512.06,6.229,4.74168,506.21,4.74168,0.0,-0.00024020000000000153,-0.00024020000000000153
2020-09-18,2.465879728,512.06,6.229,4.74168,506.21,4.74168,0.0,-8.324999999999694e-05,-8.324999999999694e-05
2020-09-18,0.311267963,512.06,6.229,4.74168,506.21,4.74168,0.0,-0.0001674000000000042,-0.0001674000000000042
2020-09-18,1.398360301,512.06,6.229,4.74168,506.21,4.74168,0.0,0.0,0.0
2020-09-18,0.118729903,512.06,6.229,4.74168,506.21,4.74168,0.0,-0.0024156399999999997,-0.0024156399999999997
2020-09-19,0.0,512.06,6.229,4.72122,506.08,4.74168,-0.020459999999999923,-0.0020235385345291896,0.018436461465470733
2020-09-19,0.0,512.06,6.229,4.72122,506.08,4.72122,0.0,-0.0020235385345291896,-0.0020235385345291896
2020-09-19,0.0,512.06,6.229,4.72122,506.08,4.72122,0.0,-0.0020235385345291896,-0.0020235385345291896
2020-09-19,0.0,512.06,6.229,4.72122,506.08,4.72122,0.0,-0.0020235385345291896,-0.0020235385345291896
2020-09-19,0.0,512.06,6.229,4.72122,506.08,4.72122,0.0,-0.0020235385345291896,-0.0020235385345291896
2020-09-19,0.0,512.06,6.229,4.72122,506.08,4.72122,0.0,-0.0020235385345291896,-0.0020235385345291896
2020-09-19,0.0,512.06,6.229,4.72122,506.08,4.72122,0.0,-0.0020235385345291896,-0.0020235385345291896
2020-09-19,0.0,512.06,6.229,4.72122,506.08,4.72122,0.0,-0.0020235385345291896,-0.0020235385345291896
2020-09-19,0.0,512.06,6.229,4.72122,506.08,4.72122,0.0,-0.0020235385345291896,-0.0020235385345291896
2020-09-19,0.016259728,512.06,6.229,4.72122,506.08,4.72122,0.0,-0.0004170607234432224,-0.0004170607234432224
2020-09-19,0.0,512.06,6.229,4.72122,506.08,4.72122,0.0,-0.0020235385345291896,-0.0020235385345291896
2020-09-20,1.537488505,512.06,6.229,4.70457,505.98,4.72122,-0.016649999999999388,-0.010655999999999608,0.005993999999999779
2020-09-20,0.02227551,512.06,6.229,4.70457,505.98,4.70457,0.0,-0.0016577500000000177,-0.0016577500000000177
2020-09-20,0.315573293,512.06,6.229,4.70457,505.98,4.70457,0.0,-0.0003598499999999971,-0.0003598499999999971
2020-09-20,0.128330872,512.06,6.229,4.70457,505.98,4.70457,0.0,-0.000571299999999999,-0.000571299999999999
2020-09-20,0.0,512.06,6.229,4.70457,505.98,4.70457,0.0,0.001099737976190459,0.001099737976190459
2020-09-20,0.960215554,512.06,6.229,4.70457,505.98,4.70457,0.0,-0.0007891499999999718,-0.0007891499999999718
2020-09-20,7.228096876,512.06,6.229,4.70457,505.98,4.70457,0.0,-0.0002497499999999908,-0.0002497499999999908
2020-09-20,0.0,512.06,6.229,4.70457,505.98,4.70457,0.0,0.001099737976190459,0.001099737976190459
2020-09-20,4.587381668,512.06,6.229,4.70457,505.98,4.70457,0.0,-0.00033299999999998777,-0.00033299999999998777
2020-09-20,1.52487194,512.06,6.229,4.70457,505.98,4.70457,0.0,-0.0034132499999998743,-0.0034132499999998743
2020-09-20,3.524592789,512.06,6.229,4.70457,505.98,4.70457,0.0,-0.0015972999999999792,-0.0015972999999999792
2020-09-21,0.353330712,512.06,6.229,4.68613,505.85,4.70457,-0.018440000000000012,-0.011248400000000007,0.007191600000000005
2020-09-21,0.0,512.06,6.229,4.68613,505.85,4.68613,0.0,6.105714285714191e-05,6.105714285714191e-05
2020-09-21,0.0,512.06,6.229,4.68613,505.85,4.68613,0.0,6.105714285714191e-05,6.105714285714191e-05
2020-09-21,2.539771259,512.06,6.229,4.68613,505.85,4.68613,0.0,-0.000969449999999985,-0.000969449999999985
2020-09-21,0.0,512.06,6.229,4.68613,505.85,4.68613,0.0,6.105714285714191e-05,6.105714285714191e-05
2020-09-21,0.042712259,512.06,6.229,4.68613,505.85,4.68613,0.0,-0.00034900000000000377,-0.00034900000000000377
2020-09-21,0.0,512.06,6.229,4.68613,505.85,4.68613,0.0,6.105714285714191e-05,6.105714285714191e-05
2020-09-21,0.0,512.06,6.229,4.68613,505.85,4.68613,0.0,6.105714285714191e-05,6.105714285714191e-05
2020-09-21,0.126633563,512.06,6.229,4.68613,505.85,4.68613,0.0,-0.0007376000000000005,-0.0007376000000000005
2020-09-21,0.23509129,512.06,6.229,4.68613,505.85,4.68613,0.0,-0.0064298000000000055,-0.0064298000000000055
2020-09-21,4.033480822,512.06,6.229,4.68613,505.85,4.68613,0.0,-0.0006948499999999958,-0.0006948499999999958
2020-09-22,0.02422966,512.06,6.229,4.66868,505.73,4.68613,-0.017450000000000188,-0.011342500000000122,0.006107500000000066
2020-09-22,1.032620152,512.06,6.229,4.66868,505.73,4.66868,0.0,-9.220000000000006e-05,-9.220000000000006e-05
2020-09-22,0.160231003,512.06,6.229,4.66868,505.73,4.66868,0.0,0.0,0.0
2020-09-22,0.194141447,512.06,6.229,4.66868,505.73,4.66868,0.0,0.0,0.0
2020-09-22,0.096363911,512.06,6.229,4.66868,505.73,4.66868,0.0,-0.006602499999999969,-0.006602499999999969
2020-09-22,0.084016815,512.06,6.229,4.66868,505.73,4.66868,0.0,-0.0001242999999999972,-0.0001242999999999972
2020-09-22,4.88e-05,512.06,6.229,4.66868,505.73,4.66868,0.0,0.002566049999999995,0.002566049999999995
2020-09-22,3.739344173,512.06,6.229,4.66868,505.73,4.66868,0.0,-0.0012550000000000061,-0.0012550000000000061
2020-09-22,0.300200302,512.06,6.229,4.66868,505.73,4.66868,0.0,-0.000609249999999999,-0.000609249999999999
2020-09-22,1.05926007,512.06,6.229,4.66868,505.73,4.66868,0.0,-9.220000000000006e-05,-9.220000000000006e-05
2020-09-22,5.791142337,512.06,6.229,4.66868,505.73,4.66868,0.0,-0.0066999999999999725,-0.0066999999999999725
2020-09-23,0.0,512.06,6.229,4.64775,505.58,4.66868,-0.020929999999999893,-0.0020692704403164667,0.018860729559683428
2020-09-23,0.0,512.06,6.229,4.64775,505.58,4.64775,0.0,-0.0020692704403164667,-0.0020692704403164667
2020-09-23,0.0,512.06,6.229,4.64775,505.58,4.64775,0.0,-0.0020692704403164667,-0.0020692704403164667
2020-09-23,0.0,512.06,6.229,4.64775,505.58,4.64775,0.0,-0.0020692704403164667,-0.0020692704403164667
2020-09-23,0.0,512.06,6.229,4.64775,505.58,4.64775,0.0,-0.0020692704403164667,-0.0020692704403164667
2020-09-23,0.0,512.06,6.229,4.64775,505.58,4.64775,0.0,-0.0020692704403164667,-0.0020692704403164667
2020-09-23,0.0,512.06,6.229,4.64775,505.58,4.64775,0.0,-0.0020692704403164667,-0.0020692704403164667
2020-09-23,0.0,512.06,6.229,4.64775,505.58,4.64775,0.0,-0.0020692704403164667,-0.0020692704403164667
2020-09-23,0.0,512.06,6.229,4.64775,505.58,4.64775,0.0,-0.0020692704403164667,-0.0020692704403164667
2020-09-23,0.0,512.06,6.229,4.64775,505.58,4.64775,0.0,-0.0020692704403164667,-0.0020692704403164667
2020-09-23,0.0,512.06,6.229,4.64775,505.58,4.64775,0.0,-0.0020692704403164667,-0.0020692704403164667
2020-09-24,0.0,512.06,6.229,4.629,505.45,4.64775,-0.01875000000000071,-0.0005724894796043242,0.018177510520396387
2020-09-24,0.0,512.06,6.229,4.629,505.45,4.629,0.0,-0.0005724894796043242,-0.0005724894796043242
2020-09-24,0.0,512.06,6.229,4.629,505.45,4.629,0.0,-0.0005724894796043242,-0.0005724894796043242
2020-09-24,0.0,512.06,6.229,4.629,505.45,4.629,0.0,-0.0005724894796043242,-0.0005724894796043242
2020-09-24,0.0,512.06,6.229,4.629,505.45,4.629,0.0,-0.0005724894796043242,-0.0005724894796043242
2020-09-24,0.0,512.06,6.229,4.629,505.45,4.629,0.0,-0.0005724894796043242,-0.0005724894796043242
2020-09-24,0.0,512.06,6.229,4.629,505.45,4.629,0.0,-0.0005724894796043242,-0.0005724894796043242
2020-09-24,0.0,512.06,6.229,4.629,505.45,4.629,0.0,-0.0005724894796043242,-0.0005724894796043242
2020-09-24,0.0,512.06,6.229,4.629,505.45,4.629,0.0,-0.0005724894796043242,-0.0005724894796043242
2020-09-24,0.0,512.06,6.229,4.629,505.45,4.629,0.0,-0.0005724894796043242,-0.0005724894796043242
2020-09-24,0.0,512.06,6.229,4.629,505.45,4.629,0.0,-0.0005724894796043242,-0.0005724894796043242
2020-09-25,3.531314965,512.06,6.229,4.629,505.45,4.629,0.0,-0.0006451000000000029,-0.0006451000000000029
2020-09-25,1.213018432,512.06,6.229,4.629,505.45,4.629,0.0,-0.0011763000000000012,-0.0011763000000000012
2020-09-25,0.438074401,512.06,6.229,4.629,505.45,4.629,0.0,0.0,0.0
2020-09-25,0.998150974,512.06,6.229,4.629,505.45,4.629,0.0,0.00021469999999999877,0.00021469999999999877
2020-09-25,4.145360029,512.06,6.229,4.629,505.45,4.629,0.0,-5.839999999999845e-05,-5.839999999999845e-05
2020-09-25,0.30684616,512.06,6.229,4.629,505.45,4.629,0.0,0.00013740000000000307,0.00013740000000000307
2020-09-25,0.512570358,512.06,6.229,4.629,505.45,4.629,0.0,0.0,0.0
2020-09-25,1.789444887,512.06,6.229,4.629,505.45,4.629,0.0,0.0,0.0
2020-09-25,1.24548537,512.06,6.229,4.629,505.45,4.629,0.0,0.0,0.0
2020-09-25,1.320788179,512.06,6.229,4.629,505.45,4.629,0.0,0.0,0.0
2020-09-25,0.0,512.06,6.229,4.629,505.45,4.629,0.0,-0.0005724894796043242,-0.0005724894796043242
2020-09-26,7.651461991,512.06,6.229,4.629,505.45,4.629,0.0,0.0,0.0
2020-09-26,2.924214294,512.06,6.229,4.629,505.45,4.629,0.0,0.0,0.0
2020-09-26,9.528193839,512.06,6.229,4.629,505.45,4.629,0.0,0.0,0.0
2020-09-26,18.22095841,512.06,6.229,4.629,505.45,4.629,0.0,0.0,0.0
2020-09-26,2.562313524,512.06,6.229,4.629,505.45,4.629,0.0,0.0,0.0
2020-09-26,9.963774905,512.06,6.229,4.629,505.45,4.629,0.0,0.0,0.0
2020-09-26,11.84586593,512.06,6.229,4.629,505.45,4.629,0.0,0.0,0.0
2020-09-26,10.04896156,512.06,6.229,4.629,505.45,4.629,0.0,-0.00035499999999999865,-0.00035499999999999865
2020-09-26,14.14158218,512.06,6.229,4.629,505.45,4.629,0.0,0.0,0.0
2020-09-26,10.60723117,512.06,6.229,4.629,505.45,4.629,0.0,0.0,0.0
2020-09-26,9.479756839,512.06,6.229,4.629,505.45,4.629,0.0,0.0,0.0
2020-09-27,0.009931791,512.06,6.229,4.629,505.45,4.629,0.0,-9.61538461538498e-06,-9.61538461538498e-06
2020-09-27,0.256408589,512.06,6.229,4.629,505.45,4.629,0.0,0.00013740000000000307,0.00013740000000000307
2020-09-27,0.0,512.06,6.229,4.629,505.45,4.629,0.0,-0.0005724894796043242,-0.0005724894796043242
2020-09-27,1.846092905,512.06,6.229,4.629,505.45,4.629,0.0,0.0,0.0
2020-09-27,0.015058493,512.06,6.229,4.629,505.45,4.629,0.0,-0.0005898653846153871,-0.0005898653846153871
2020-09-27,0.393539237,512.06,6.229,4.629,505.45,4.629,0.0,-9.220000000000006e-05,-9.220000000000006e-05
2020-09-27,4.131153739,512.06,6.229,4.629,505.45,4.629,0.0,-5.839999999999845e-05,-5.839999999999845e-05
2020-09-27,0.009447728,512.06,6.229,4.629,505.45,4.629,0.0,-9.61538461538498e-06,-9.61538461538498e-06
2020-09-27,0.0,512.06,6.229,4.629,505.45,4.629,0.0,-0.0005724894796043242,-0.0005724894796043242
2020-09-27,0.003397541,512.06,6.229,4.629,505.45,4.629,0.0,-0.00012044468893674545,-0.00012044468893674545
2020-09-27,0.061415646,512.06,6.229,4.629,505.45,4.629,0.0,0.0009508000000000027,0.0009508000000000027
2020-09-28,0.029458049,512.06,6.229,4.629,505.45,4.629,0.0,-0.00043625000000000467,-0.00043625000000000467
2020-09-28,0.0,512.06,6.229,4.629,505.45,4.629,0.0,-0.0005724894796043242,-0.0005724894796043242
2020-09-28,0.071488602,512.06,6.229,4.629,505.45,4.629,0.0,0.0027087000000000218,0.0027087000000000218
2020-09-28,0.379766251,512.06,6.229,4.629,505.45,4.629,0.0,-0.0005532000000000003,-0.0005532000000000003
2020-09-28,0.007990405,512.06,6.229,4.629,505.45,4.629,0.0,-9.61538461538498e-06,-9.61538461538498e-06
2020-09-28,0.0,512.06,6.229,4.629,505.45,4.629,0.0,-0.0005724894796043242,-0.0005724894796043242
2020-09-28,0.0,512.06,6.229,4.629,505.45,4.629,0.0,-0.0005724894796043242,-0.0005724894796043242
2020-09-28,0.0,512.06,6.229,4.629,505.45,4.629,0.0,-0.0005724894796043242,-0.0005724894796043242
2020-09-28,0.0,512.06,6.229,4.629,505.45,4.629,0.0,-0.0005724894796043242,-0.0005724894796043242
2020-09-28,0.0,512.06,6.229,4.629,505.45,4.629,0.0,-0.0005724894796043242,-0.0005724894796043242
2020-09-28,0.010815518,512.06,6.229,4.629,505.45,4.629,0.0,-9.61538461538498e-06,-9.61538461538498e-06
2020-09-29,0.0,512.06,6.229,4.629,505.45,4.629,0.0,-0.0005724894796043242,-0.0005724894796043242
2020-09-29,0.0,512.06,6.229,4.629,505.45,4.629,0.0,-0.0005724894796043242,-0.0005724894796043242
2020-09-29,0.0,512.06,6.229,4.629,505.45,4.629,0.0,-0.0005724894796043242,-0.0005724894796043242
2020-09-29,0.0,512.06,6.229,4.629,505.45,4.629,0.0,-0.0005724894796043242,-0.0005724894796043242
2020-09-29,0.0,512.06,6.229,4.629,505.45,4.629,0.0,-0.0005724894796043242,-0.0005724894796043242
2020-09-29,0.0,512.06,6.229,4.629,505.45,4.629,0.0,-0.0005724894796043242,-0.0005724894796043242
2020-09-29,0.0,512.06,6.229,4.629,505.45,4.629,0.0,-0.0005724894796043242,-0.0005724894796043242
2020-09-29,0.0,512.06,6.229,4.629,505.45,4.629,0.0,-0.0005724894796043242,-0.0005724894796043242
2020-09-29,0.0,512.06,6.229,4.629,505.45,4.629,0.0,-0.0005724894796043242,-0.0005724894796043242
2020-09-29,0.0,512.06,6.229,4.629,505.45,4.629,0.0,-0.0005724894796043242,-0.0005724894796043242
2020-09-29,0.0,512.06,6.229,4.629,505.45,4.629,0.0,-0.0005724894796043242,-0.0005724894796043242
2020-09-30,5.95215953,512.06,6.229,4.495,504.18,4.629,-0.13399999999999945,-0.09446999999999997,0.03952999999999948
2020-09-30,4.022039698,512.06,6.229,4.495,504.18,4.495,0.0,-0.003514000000000017,-0.003514000000000017
2020-09-30,3.803655943,512.06,6.229,4.495,504.18,4.495,0.0,-0.009036000000000044,-0.009036000000000044
2020-09-30,0.65962366,512.06,6.229,4.495,504.18,4.495,0.0,-0.0011763000000000012,-0.0011763000000000012
2020-09-30,0.144954421,512.06,6.229,4.495,504.18,4.495,0.0,0.0,0.0
2020-09-30,0.184379903,512.06,6.229,4.495,504.18,4.495,0.0,0.0,0.0
2020-09-30,1.899841973,512.06,6.229,4.495,504.18,4.495,0.0,0.0005560999999999972,0.0005560999999999972
2020-09-30,4.503877303,512.06,6.229,4.495,504.18,4.495,0.0,0.0,0.0
2020-09-30,0.341477845,512.06,6.229,4.495,504.18,4.495,0.0,0.00016140000000000043,0.00016140000000000043
2020-09-30,5.237253817,512.06,6.229,4.495,504.18,4.495,0.0,-0.0026799999999999892,-0.0026799999999999892
2020-09-30,1.097565772,512.06,6.229,4.495,504.18,4.495,0.0,-0.01882080000000002,-0.01882080000000002
2020-10-01,3.706140965,512.06,6.229,4.4448,504.18,4.495,-0.050200000000000244,-0.03338300000000016,0.016817000000000082
2020-10-01,5.148962836,512.06,6.229,4.4448,504.18,4.4448,0.0,0.0005235000000000012,0.0005235000000000012
2020-10-01,4.884386284,512.06,6.229,4.4448,504.18,4.4448,0.0,0.0,0.0
2020-10-01,2.030787741,512.06,6.229,4.4448,504.18,4.4448,0.0,-0.0002510000000000012,-0.0002510000000000012
2020-10-01,2.595310879,512.06,6.229,4.4448,504.18,4.4448,0.0,-0.0005020000000000024,-0.0005020000000000024
2020-10-01,2.775931607,512.06,6.229,4.4448,504.18,4.4448,0.0,-0.0005020000000000024,-0.0005020000000000024
2020-10-01,0.639462224,512.06,6.229,4.4448,504.18,4.4448,0.0,-0.0011763000000000012,-0.0011763000000000012
2020-10-01,9.028234781,512.06,6.229,4.4448,504.18,4.4448,0.0,-0.0038162500000000054,-0.0038162500000000054
2020-10-01,6.232712727,512.06,6.229,4.4448,504.18,4.4448,0.0,-0.007560799999999972,-0.007560799999999972
2020-10-01,6.178051252,512.06,6.229,4.4448,504.18,4.4448,0.0,-0.00736999999999997,-0.00736999999999997
2020-10-01,6.870990511,512.06,6.229,4.4448,504.18,4.4448,0.0,-0.004019999999999984,-0.004019999999999984
2020-10-02,7.717124972,512.06,6.229,4.41965,503.99,4.4448,-0.025150000000000006,-0.015223000000000004,0.009927000000000002
2020-10-02,2.95145237,512.06,6.229,4.41965,503.99,4.41965,0.0,-0.0011297500000000049,-0.0011297500000000049
2020-10-02,12.45385792,512.06,6.229,4.41965,503.99,4.41965,0.0,-0.00012575000000000002,-0.00012575000000000002
2020-10-02,3.46597827,512.06,6.229,4.41965,503.99,4.41965,0.0,-0.0031377500000000147,-0.0031377500000000147
2020-10-02,11.83087007,512.06,6.229,4.41965,503.99,4.41965,0.0,-0.00038450000000000094,-0.00038450000000000094
2020-10-02,13.34019649,512.06,6.229,4.41965,503.99,4.41965,0.0,-0.00012575000000000002,-0.00012575000000000002
2020-10-02,35.52737632,512.06,6.229,4.41965,503.99,4.41965,0.0,0.0,0.0
2020-10-02,7.576293396,512.06,6.229,4.41965,503.99,4.41965,0.0,-0.0025150000000000007,-0.0025150000000000007
2020-10-02,7.126603063,512.06,6.229,4.41965,503.99,4.41965,0.0,-0.0011317500000000002,-0.0011317500000000002
2020-10-02,15.20061291,512.06,6.229,4.41965,503.99,4.41965,0.0,0.0,0.0
2020-10-02,22.57446003,512.06,6.229,4.41965,503.99,4.41965,0.0,0.0,0.0
2020-10-03,8.487668065,512.06,6.229,4.39305,503.8,4.41965,-0.02660000000000018,-0.017918750000000115,0.008681250000000064
2020-10-03,6.240753131,512.06,6.229,4.39305,503.8,4.39305,0.0,-0.0001908000000000021,-0.0001908000000000021
2020-10-03,6.131403887,512.06,6.229,4.39305,503.8,4.39305,0.0,0.0,0.0
2020-10-03,4.255020459,512.06,6.229,4.39305,503.8,4.39305,0.0,0.0,0.0
2020-10-03,6.694906653,512.06,6.229,4.39305,503.8,4.39305,0.0,0.0,0.0
2020-10-03,7.569057241,512.06,6.229,4.39305,503.8,4.39305,0.0,-0.0005102500000000009,-0.0005102500000000009
2020-10-03,12.95313906,512.06,6.229,4.39305,503.8,4.39305,0.0,-0.0001330000000000009,-0.0001330000000000009
2020-10-03,7.617894067,512.06,6.229,4.39305,503.8,4.39305,0.0,-0.0010350000000000038,-0.0010350000000000038
2020-10-03,12.53479873,512.06,6.229,4.39305,503.8,4.39305,0.0,-0.0001330000000000009,-0.0001330000000000009
2020-10-03,6.747629182,512.06,6.229,4.39305,503.8,4.39305,0.0,0.0,0.0
2020-10-03,10.66696745,512.06,6.229,4.39305,503.8,4.39305,0.0,-0.0006650000000000045,-0.0006650000000000045
2020-10-04,0.012493095,512.06,6.229,4.366,503.61,4.39305,-0.02705000000000002,-0.01704150000000001,0.010008500000000007
2020-10-04,0.082535741,512.06,6.229,4.366,503.61,4.366,0.0,0.0005162000000000156,0.0005162000000000156
2020-10-04,0.0,512.06,6.229,4.366,503.61,4.366,0.0,0.0,0.0
2020-10-04,0.00548312,512.06,6.229,4.366,503.61,4.366,0.0,0.0007289000000000012,0.0007289000000000012
2020-10-04,0.001948879,512.06,6.229,4.366,503.61,4.366,0.0,0.011937100000000011,0.011937100000000011
2020-10-04,0.0,512.06,6.229,4.366,503.61,4.366,0.0,0.0,0.0
2020-10-04,0.0,512.06,6.229,4.366,503.61,4.366,0.0,0.0,0.0
2020-10-04,0.000125829,512.06,6.229,4.366,503.61,4.366,0.0,0.0006212499999999998,0.0006212499999999998
2020-10-04,0.0,512.06,6.229,4.366,503.61,4.366,0.0,0.0,0.0
2020-10-04,0.0,512.06,6.229,4.366,503.61,4.366,0.0,0.0,0.0
2020-10-04,0.0,512.06,6.229,4.366,503.61,4.366,0.0,0.0,0.0
2020-10-05,0.0,512.06,6.229,4.33678,503.41,4.366,-0.02921999999999958,-0.000586009003312051,0.02863399099668753
2020-10-05,0.0,512.06,6.229,4.33678,503.41,4.33678,0.0,-0.000586009003312051,-0.000586009003312051
2020-10-05,0.0,512.06,6.229,4.33678,503.41,4.33678,0.0,-0.000586009003312051,-0.000586009003312051
2020-10-05,0.0,512.06,6.229,4.33678,503.41,4.33678,0.0,-0.000586009003312051,-0.000586009003312051
2020-10-05,0.0,512.06,6.229,4.33678,503.41,4.33678,0.0,-0.000586009003312051,-0.000586009003312051
2020-10-05,0.0,512.06,6.229,4.33678,503.41,4.33678,0.0,-0.000586009003312051,-0.000586009003312051
2020-10-05,0.0,512.06,6.229,4.33678,503.41,4.33678,0.0,-0.000586009003312051,-0.000586009003312051
2020-10-05,0.0,512.06,6.229,4.33678,503.41,4.33678,0.0,-0.000586009003312051,-0.000586009003312051
2020-10-05,0.0,512.06,6.229,4.33678,503.41,4.33678,0.0,-0.000586009003312051,-0.000586009003312051
2020-10-05,0.0,512.06,6.229,4.33678,503.41,4.33678,0.0,-0.000586009003312051,-0.000586009003312051
2020-10-05,0.0,512.06,6.229,4.33678,503.41,4.33678,0.0,-0.000586009003312051,-0.000586009003312051
2020-10-06,0.045970516,512.06,6.229,4.33678,503.41,4.33678,0.0,0.005041099999999981,0.005041099999999981
2020-10-06,0.0,512.06,6.229,4.33678,503.41,4.33678,0.0,-0.000586009003312051,-0.000586009003312051
2020-10-06,0.020537066,512.06,6.229,4.33678,503.41,4.33678,0.0,-0.001591556522914628,-0.001591556522914628
2020-10-06,0.237827554,512.06,6.229,4.33678,503.41,4.33678,0.0,-0.012880600000000015,-0.012880600000000015
2020-10-06,0.0,512.06,6.229,4.33678,503.41,4.33678,0.0,-0.000586009003312051,-0.000586009003312051
2020-10-06,0.361889602,512.06,6.229,4.33678,503.41,4.33678,0.0,0.0017754000000000047,0.0017754000000000047
2020-10-06,6.52e-06,512.06,6.229,4.33678,503.41,4.33678,0.0,0.00045020730087888257,0.00045020730087888257
2020-10-06,0.0,512.06,6.229,4.33678,503.41,4.33678,0.0,-0.000586009003312051,-0.000586009003312051
2020-10-06,0.0,512.06,6.229,4.33678,503.41,4.33678,0.0,-0.000586009003312051,-0.000586009003312051
2020-10-06,4.4e-05,512.06,6.229,4.33678,503.41,4.33678,0.0,0.0005656715731622142,0.0005656715731622142
2020-10-06,0.0,512.06,6.229,4.33678,503.41,4.33678,0.0,-0.000586009003312051,-0.000586009003312051
2020-10-07,19.02780713,512.06,6.229,4.33678,503.41,4.33678,0.0,-0.00046499999999999986,-0.00046499999999999986
2020-10-07,22.89440188,512.06,6.229,4.33678,503.41,4.33678,0.0,0.0,0.0
2020-10-07,34.55861306,512.06,6.229,4.33678,503.41,4.33678,0.0,0.0,0.0
2020-10-07,23.00506433,512.06,6.229,4.33678,503.41,4.33678,0.0,0.0,0.0
2020-10-07,26.38776526,512.06,6.229,4.33678,503.41,4.33678,0.0,-0.0028600000000000027,-0.0028600000000000027
2020-10-07,24.86007837,512.06,6.229,4.33678,503.41,4.33678,0.0,0.0007304999999999895,0.0007304999999999895
2020-10-07,12.44838903,512.06,6.229,4.33678,503.41,4.33678,0.0,0.0,0.0
2020-10-07,24.21511431,512.06,6.229,4.33678,503.41,4.33678,0.0,0.0014156999999999798,0.0014156999999999798
2020-10-07,28.36620483,512.06,6.229,4.33678,503.41,4.33678,0.0,0.0,0.0
2020-10-07,24.3770182,512.06,6.229,4.33678,503.41,4.33678,0.0,0.0029080999999999556,0.0029080999999999556
2020-10-07,17.72683152,512.06,6.229,4.33678,503.41,4.33678,0.0,0.0008460000000000001,0.0008460000000000001
2020-10-08,7.49064137,512.06,6.229,4.33678,503.41,4.33678,0.0,0.0,0.0
2020-10-08,24.97451958,512.06,6.229,4.33678,503.41,4.33678,0.0,0.0007304999999999895,0.0007304999999999895
2020-10-08,17.89558019,512.06,6.229,4.33678,503.41,4.33678,0.0,0.0,0.0
2020-10-08,48.76569449,512.06,6.229,4.33678,503.41,4.33678,0.0,8.000000000008001e-07,8.000000000008001e-07
2020-10-08,18.69890156,512.06,6.229,4.33678,503.41,4.33678,0.0,0.0,0.0
2020-10-08,28.00171223,512.06,6.229,4.33678,503.41,4.33678,0.0,0.0,0.0
2020-10-08,47.25478681,512.06,6.229,4.33678,503.41,4.33678,0.0,0.0,0.0
2020-10-08,22.11228983,512.06,6.229,4.33678,503.41,4.33678,0.0,0.0,0.0
2020-10-08,45.94096924,512.06,6.229,4.33678,503.41,4.33678,0.0,0.0,0.0
2020-10-08,31.39628549,512.06,6.229,4.33678,503.41,4.33678,0.0,0.0,0.0
2020-10-08,31.44297113,512.06,6.229,4.33678,503.41,4.33678,0.0,0.0,0.0
2020-10-09,28.89162458,512.06,6.229,4.33678,503.41,4.33678,0.0,0.0,0.0
2020-10-09,22.22003797,512.06,6.229,4.33678,503.41,4.33678,0.0,0.0,0.0
2020-10-09,17.59769886,512.06,6.229,4.33678,503.41,4.33678,0.0,0.000743100000000001,0.000743100000000001
2020-10-09,19.91413467,512.06,6.229,4.33678,503.41,4.33678,0.0,0.0,0.0
2020-10-09,14.58647537,512.06,6.229,4.33678,503.41,4.33678,0.0,0.0,0.0
2020-10-09,22.43685145,512.06,6.229,4.33678,503.41,4.33678,0.0,0.0,0.0
2020-10-09,18.68489629,512.06,6.229,4.33678,503.41,4.33678,0.0,0.0,0.0
2020-10-09,6.491236637,512.06,6.229,4.33678,503.41,4.33678,0.0,0.0,0.0
2020-10-09,8.132452287,512.06,6.229,4.33678,503.41,4.33678,0.0,-0.0005320000000000036,-0.0005320000000000036
2020-10-09,15.72333906,512.06,6.229,4.33678,503.41,4.33678,0.0,-0.00010000000000000009,-0.00010000000000000009
2020-10-09,19.35297734,512.06,6.229,4.33678,503.41,4.33678,0.0,0.0,0.0
2020-10-10,9.36712664,512.06,6.229,4.33678,503.41,4.33678,0.0,5.900000000000016e-05,5.900000000000016e-05
2020-10-10,12.36019,512.06,6.229,4.33678,503.41,4.33678,0.0,0.0,0.0
2020-10-10,8.245693195,512.06,6.229,4.33678,503.41,4.33678,0.0,-0.0005320000000000036,-0.0005320000000000036
2020-10-10,6.19083324,512.06,6.229,4.33678,503.41,4.33678,0.0,0.0,0.0
2020-10-10,4.938933084,512.06,6.229,4.33678,503.41,4.33678,0.0,0.0009298500000000032,0.0009298500000000032
2020-10-10,0.85016615,512.06,6.229,4.33678,503.41,4.33678,0.0,0.003179099999999977,0.003179099999999977
2020-10-10,1.056509732,512.06,6.229,4.33678,503.41,4.33678,0.0,0.0013431999999999888,0.0013431999999999888
2020-10-10,5.855056937,512.06,6.229,4.33678,503.41,4.33678,0.0,-0.0013399999999999946,-0.0013399999999999946
2020-10-10,4.698588511,512.06,6.229,4.33678,503.41,4.33678,0.0,0.0,0.0
2020-10-10,6.375065711,512.06,6.229,4.33678,503.41,4.33678,0.0,0.0,0.0
2020-10-10,3.902730799,512.06,6.229,4.33678,503.41,4.33678,0.0,0.0,0.0
2020-10-11,0.0,512.06,6.229,4.33678,503.41,4.33678,0.0,-0.000586009003312051,-0.000586009003312051
2020-10-11,0.0,512.06,6.229,4.33678,503.41,4.33678,0.0,-0.000586009003312051,-0.000586009003312051
2020-10-11,0.0,512.06,6.229,4.33678,503.41,4.33678,0.0,-0.000586009003312051,-0.000586009003312051
2020-10-11,0.0,512.06,6.229,4.33678,503.41,4.33678,0.0,-0.000586009003312051,-0.000586009003312051
2020-10-11,0.0,512.06,6.229,4.33678,503.41,4.33678,0.0,-0.000586009003312051,-0.000586009003312051
2020-10-11,0.0,512.06,6.229,4.33678,503.41,4.33678,0.0,-0.000586009003312051,-0.000586009003312051
2020-10-11,0.0,512.06,6.229,4.33678,503.41,4.33678,0.0,-0.000586009003312051,-0.000586009003312051
2020-10-11,0.0,512.06,6.229,4.33678,503.41,4.33678,0.0,-0.000586009003312051,-0.000586009003312051
2020-10-11,0.0,512.06,6.229,4.33678,503.41,4.33678,0.0,-0.000586009003312051,-0.000586009003312051
2020-10-11,0.0,512.06,6.229,4.33678,503.41,4.33678,0.0,-0.000586009003312051,-0.000586009003312051
2020-10-11,0.0,512.06,6.229,4.33678,503.41,4.33678,0.0,-0.000586009003312051,-0.000586009003312051
2020-10-12,0.0,512.06,6.229,4.33678,503.41,4.33678,0.0,-0.000586009003312051,-0.000586009003312051
2020-10-12,0.0,512.06,6.229,4.33678,503.41,4.33678,0.0,-0.000586009003312051,-0.000586009003312051
2020-10-12,0.0,512.06,6.229,4.33678,503.41,4.33678,0.0,-0.000586009003312051,-0.000586009003312051
2020-10-12,0.0,512.06,6.229,4.33678,503.41,4.33678,0.0,-0.000586009003312051,-0.000586009003312051
2020-10-12,0.0,512.06,6.229,4.33678,503.41,4.33678,0.0,-0.000586009003312051,-0.000586009003312051
2020-10-12,0.0,512.06,6.229,4.33678,503.41,4.33678,0.0,-0.000586009003312051,-0.000586009003312051
2020-10-12,0.0,512.06,6.229,4.33678,503.41,4.33678,0.0,-0.000586009003312051,-0.000586009003312051
2020-10-12,0.0,512.06,6.229,4.33678,503.41,4.33678,0.0,-0.000586009003312051,-0.000586009003312051
2020-10-12,0.0,512.06,6.229,4.33678,503.41,4.33678,0.0,-0.000586009003312051,-0.000586009003312051
2020-10-12,0.0,512.06,6.229,4.33678,503.41,4.33678,0.0,-0.000586009003312051,-0.000586009003312051
2020-10-12,0.0,512.06,6.229,4.33678,503.41,4.33678,0.0,-0.000586009003312051,-0.000586009003312051
2020-10-13,0.0,512.06,6.229,4.33678,503.41,4.33678,0.0,-0.000586009003312051,-0.000586009003312051
2020-10-13,0.0,512.06,6.229,4.33678,503.41,4.33678,0.0,-0.000586009003312051,-0.000586009003312051
2020-10-13,0.0,512.06,6.229,4.33678,503.41,4.33678,0.0,-0.000586009003312051,-0.000586009003312051
2020-10-13,0.0,512.06,6.229,4.33678,503.41,4.33678,0.0,-0.000586009003312051,-0.000586009003312051
2020-10-13,0.0,512.06,6.229,4.33678,503.41,4.33678,0.0,-0.000586009003312051,-0.000586009003312051
2020-10-13,0.0,512.06,6.229,4.33678,503.41,4.33678,0.0,-0.000586009003312051,-0.000586009003312051
2020-10-13,0.0,512.06,6.229,4.33678,503.41,4.33678,0.0,-0.000586009003312051,-0.000586009003312051
2020-10-13,0.0,512.06,6.229,4.33678,503.41,4.33678,0.0,-0.000586009003312051,-0.000586009003312051
2020-10-13,0.0,512.06,6.229,4.33678,503.41,4.33678,0.0,-0.000586009003312051,-0.000586009003312051
2020-10-13,0.0,512.06,6.229,4.33678,503.41,4.33678,0.0,-0.000586009003312051,-0.000586009003312051
2020-10-13,0.0,512.06,6.229,4.33678,503.41,4.33678,0.0,-0.000586009003312051,-0.000586009003312051
2020-10-14,0.236891589,512.06,6.229,4.066,501.51,4.33678,-0.27078000000000024,-0.17465310000000078,0.09612689999999946
2020-10-14,1.572170747,512.06,6.229,4.066,501.51,4.066,0.0,0.0,0.0
2020-10-14,0.117284112,512.06,6.229,4.066,501.51,4.066,0.0,-0.0012164999999999982,-0.0012164999999999982
2020-10-14,0.0,512.06,6.229,4.066,501.51,4.066,0.0,3.3343166666666846e-05,3.3343166666666846e-05
2020-10-14,1.732778492,512.06,6.229,4.066,501.51,4.066,0.0,0.0,0.0
2020-10-14,0.001274682,512.06,6.229,4.066,501.51,4.066,0.0,0.005333600000000005,0.005333600000000005
2020-10-14,0.028443041,512.06,6.229,4.066,501.51,4.066,0.0,0.0,0.0
2020-10-14,0.0,512.06,6.229,4.066,501.51,4.066,0.0,3.3343166666666846e-05,3.3343166666666846e-05
2020-10-14,0.280556571,512.06,6.229,4.066,501.51,4.066,0.0,-0.009477300000000008,-0.009477300000000008
2020-10-14,0.094153859,512.06,6.229,4.066,501.51,4.066,0.0,0.00018349999999999866,0.00018349999999999866
2020-10-14,0.030729027,512.06,6.229,4.066,501.51,4.066,0.0,0.0,0.0
2020-10-15,0.989718163,512.06,6.229,4.066,501.51,4.066,0.0,-0.002468599999999976,-0.002468599999999976
2020-10-15,0.0,512.06,6.229,4.066,501.51,4.066,0.0,3.3343166666666846e-05,3.3343166666666846e-05
2020-10-15,1.517869736,512.06,6.229,4.066,501.51,4.066,0.0,0.0,0.0
2020-10-15,0.384721687,512.06,6.229,4.066,501.51,4.066,0.0,-0.0027078000000000024,-0.0027078000000000024
2020-10-15,0.265030919,512.06,6.229,4.066,501.51,4.066,0.0,-0.009477300000000008,-0.009477300000000008
2020-10-15,0.0,512.06,6.229,4.066,501.51,4.066,0.0,3.3343166666666846e-05,3.3343166666666846e-05
2020-10-15,0.142394938,512.06,6.229,4.066,501.51,4.066,0.0,-0.004061700000000004,-0.004061700000000004
2020-10-15,0.044110279,512.06,6.229,4.066,501.51,4.066,0.0,0.001138199999999996,0.001138199999999996
2020-10-15,1.568432847,512.06,6.229,4.066,501.51,4.066,0.0,0.0,0.0
2020-10-15,0.017512038,512.06,6.229,4.066,501.51,4.066,0.0,0.0,0.0
2020-10-15,0.109210323,512.06,6.229,4.066,501.51,4.066,0.0,-0.000793399999999993,-0.000793399999999993
2020-10-16,0.0,512.06,6.229,4.03627,501.31,4.066,-0.029729999999999812,-0.0027887544091937293,0.026941245590806084
2020-10-16,0.0,512.06,6.229,4.03627,501.31,4.03627,0.0,-0.0027887544091937293,-0.0027887544091937293
2020-10-16,0.0,512.06,6.229,4.03627,501.31,4.03627,0.0,-0.0027887544091937293,-0.0027887544091937293
2020-10-16,0.0,512.06,6.229,4.03627,501.31,4.03627,0.0,-0.0027887544091937293,-0.0027887544091937293
2020-10-16,0.0,512.06,6.229,4.03627,501.31,4.03627,0.0,-0.0027887544091937293,-0.0027887544091937293
2020-10-16,0.0,512.06,6.229,4.03627,501.31,4.03627,0.0,-0.0027887544091937293,-0.0027887544091937293
2020-10-16,0.0,512.06,6.229,4.03627,501.31,4.03627,0.0,-0.0027887544091937293,-0.0027887544091937293
2020-10-16,0.0,512.06,6.229,4.03627,501.31,4.03627,0.0,-0.0027887544091937293,-0.0027887544091937293
2020-10-16,0.0,512.06,6.229,4.03627,501.31,4.03627,0.0,-0.0027887544091937293,-0.0027887544091937293
2020-10-16,0.0,512.06,6.229,4.03627,501.31,4.03627,0.0,-0.0027887544091937293,-0.0027887544091937293
2020-10-16,0.0,512.06,6.229,4.03627,501.31,4.03627,0.0,-0.0027887544091937293,-0.0027887544091937293
2020-10-17,0.952176601,512.06,6.229,4.01315,501.15,4.03627,-0.023119999999999585,-0.01484079999999972,0.008279199999999865
2020-10-17,5.927231485,512.06,6.229,4.01315,501.15,4.01315,0.0,-0.0011381999999999937,-0.0011381999999999937
2020-10-17,1.547867885,512.06,6.229,4.01315,501.15,4.01315,0.0,-0.0001374999999999904,-0.0001374999999999904
2020-10-17,5.437384563,512.06,6.229,4.01315,501.15,4.01315,0.0,0.0014919000000000082,0.0014919000000000082
2020-10-17,3.362240047,512.06,6.229,4.01315,501.15,4.01315,0.0,0.00023169999999999913,0.00023169999999999913
2020-10-17,4.496922807,512.06,6.229,4.01315,501.15,4.01315,0.0,0.0,0.0
2020-10-17,3.523845348,512.06,6.229,4.01315,501.15,4.01315,0.0,-0.0003202000000000016,-0.0003202000000000016
2020-10-17,3.2095537,512.06,6.229,4.01315,501.15,4.01315,0.0,0.0,0.0
2020-10-17,3.004917864,512.06,6.229,4.01315,501.15,4.01315,0.0,0.0,0.0
2020-10-17,2.051764807,512.06,6.229,4.01315,501.15,4.01315,0.0,0.0005560999999999972,0.0005560999999999972
2020-10-17,2.587711702,512.06,6.229,4.01315,501.15,4.01315,0.0,0.0,0.0
2020-10-18,0.001274682,512.06,6.229,4.01315,501.15,4.01315,0.0,0.003657950000000003,0.003657950000000003
2020-10-18,0.0,512.06,6.229,4.01315,501.15,4.01315,0.0,0.0,0.0
2020-10-18,0.0,512.06,6.229,4.01315,501.15,4.01315,0.0,0.0,0.0
2020-10-18,0.0,512.06,6.229,4.01315,501.15,4.01315,0.0,0.0,0.0
2020-10-18,0.073185225,512.06,6.229,4.01315,501.15,4.01315,0.0,0.0017142000000000123,0.0017142000000000123
2020-10-18,0.081256556,512.06,6.229,4.01315,501.15,4.01315,0.0,0.00028570000000000207,0.00028570000000000207
2020-10-18,0.549851386,512.06,6.229,4.01315,501.15,4.01315,0.0,-0.0017927999999999722,-0.0017927999999999722
2020-10-18,0.226836825,512.06,6.229,4.01315,501.15,4.01315,0.0,-0.0035659000000000042,-0.0035659000000000042
2020-10-18,0.005644976,512.06,6.229,4.01315,501.15,4.01315,0.0,0.0,0.0
2020-10-18,0.05316801,512.06,6.229,4.01315,501.15,4.01315,0.0,0.0004288000000000003,0.0004288000000000003
2020-10-18,0.0360886,512.06,6.229,4.01315,501.15,4.01315,0.0,0.0,0.0
2020-10-19,0.0,512.06,6.229,4.01315,501.15,4.01315,0.0,0.0,0.0
2020-10-19,0.0,512.06,6.229,4.01315,501.15,4.01315,0.0,0.0,0.0
2020-10-19,0.0,512.06,6.229,4.01315,501.15,4.01315,0.0,0.0,0.0
2020-10-19,0.0,512.06,6.229,4.01315,501.15,4.01315,0.0,0.0,0.0
2020-10-19,0.0,512.06,6.229,4.01315,501.15,4.01315,0.0,0.0,0.0
2020-10-19,0.0,512.06,6.229,4.01315,501.15,4.01315,0.0,0.0,0.0
2020-10-19,0.077470139,512.06,6.229,4.01315,501.15,4.01315,0.0,0.0025713000000000185,0.0025713000000000185
2020-10-19,0.0,512.06,6.229,4.01315,501.15,4.01315,0.0,0.0,0.0
2020-10-19,1.7813484,512.06,6.229,4.01315,501.15,4.01315,0.0,0.0010958999999999986,0.0010958999999999986
2020-10-19,0.0,512.06,6.229,4.01315,501.15,4.01315,0.0,0.0,0.0
2020-10-19,0.43282191,512.06,6.229,4.01315,501.15,4.01315,0.0,-0.0005367499999999881,-0.0005367499999999881
2020-10-20,8.739731939,512.06,6.229,4.01315,501.15,4.01315,0.0,-0.0010640000000000072,-0.0010640000000000072
2020-10-20,10.34836334,512.06,6.229,4.01315,501.15,4.01315,0.0,-0.00035499999999999865,-0.00035499999999999865
2020-10-20,10.87807022,512.06,6.229,4.01315,501.15,4.01315,0.0,0.0,0.0
2020-10-20,16.94320027,512.06,6.229,4.01315,501.15,4.01315,0.0,0.0,0.0
2020-10-20,14.52378829,512.06,6.229,4.01315,501.15,4.01315,0.0,0.0,0.0
2020-10-20,19.17664781,512.06,6.229,4.01315,501.15,4.01315,0.0,0.0,0.0
2020-10-20,7.928054797,512.06,6.229,4.01315,501.15,4.01315,0.0,0.0,0.0
2020-10-20,11.61860372,512.06,6.229,4.01315,501.15,4.01315,0.0,-0.002996700000000001,-0.002996700000000001
2020-10-20,1.746352469,512.06,6.229,4.01315,501.15,4.01315,0.0,0.0009803000000000006,0.0009803000000000006
2020-10-20,11.60169129,512.06,6.229,4.01315,501.15,4.01315,0.0,-0.0166817,-0.0166817
2020-10-20,8.881132337,512.06,6.229,4.01315,501.15,4.01315,0.0,-0.0007420000000000071,-0.0007420000000000071
2020-10-21,0.0,512.06,6.229,3.928,500.55,4.01315,-0.0851500000000005,-1.000000000000001e-05,0.08514000000000051
2020-10-21,0.347661457,512.06,6.229,3.928,500.55,3.928,0.0,-0.00028999999999999913,-0.00028999999999999913
2020-10-21,0.107332584,512.06,6.229,3.928,500.55,3.928,0.0,0.0,0.0
2020-10-21,0.0,512.06,6.229,3.928,500.55,3.928,0.0,-1.000000000000001e-05,-1.000000000000001e-05
2020-10-21,0.044586232,512.06,6.229,3.928,500.55,3.928,0.0,0.0,0.0
2020-10-21,0.0,512.06,6.229,3.928,500.55,3.928,0.0,-1.000000000000001e-05,-1.000000000000001e-05
2020-10-21,0.087701791,512.06,6.229,3.928,500.55,3.928,0.0,-0.00036499999999999976,-0.00036499999999999976
2020-10-21,0.000105672,512.06,6.229,3.928,500.55,3.928,0.0,0.006823749999999998,0.006823749999999998
2020-10-21,0.0,512.06,6.229,3.928,500.55,3.928,0.0,-1.000000000000001e-05,-1.000000000000001e-05
2020-10-21,0.076363336,512.06,6.229,3.928,500.55,3.928,0.0,0.003999800000000029,0.003999800000000029
2020-10-21,0.0,512.06,6.229,3.928,500.55,3.928,0.0,-1.000000000000001e-05,-1.000000000000001e-05
2020-10-22,3.165338459,512.06,6.229,3.928,500.55,3.928,0.0,0.00024865000000000135,0.00024865000000000135
2020-10-22,1.845944986,512.06,6.229,3.928,500.55,3.928,0.0,0.0003360999999999947,0.0003360999999999947
2020-10-22,1.029090019,512.06,6.229,3.928,500.55,3.928,0.0,0.0,0.0
2020-10-22,6.270729291,512.06,6.229,3.928,500.55,3.928,0.0,0.0,0.0
2020-10-22,5.809410282,512.06,6.229,3.928,500.55,3.928,0.0,0.00020180000000000087,0.00020180000000000087
2020-10-22,2.507448301,512.06,6.229,3.928,500.55,3.928,0.0,0.0,0.0
2020-10-22,4.901530648,512.06,6.229,3.928,500.55,3.928,0.0,0.0064649000000000355,0.0064649000000000355
2020-10-22,2.832287132,512.06,6.229,3.928,500.55,3.928,0.0,0.0,0.0
2020-10-22,3.227384469,512.06,6.229,3.928,500.55,3.928,0.0,0.00024865000000000135,0.00024865000000000135
2020-10-22,3.103417227,512.06,6.229,3.928,500.55,3.928,0.0,0.00024865000000000135,0.00024865000000000135
2020-10-22,6.252673187,512.06,6.229,3.928,500.55,3.928,0.0,0.0,0.0
2020-10-23,43.07066423,512.06,6.229,3.928,500.55,3.928,0.0,0.0,0.0
2020-10-23,16.86931162,512.06,6.229,3.928,500.55,3.928,0.0,0.0,0.0
2020-10-23,19.67726854,512.06,6.229,3.928,500.55,3.928,0.0,0.0,0.0
2020-10-23,7.375772401,512.06,6.229,3.928,500.55,3.928,0.0,0.0,0.0
2020-10-23,27.86856721,512.06,6.229,3.928,500.55,3.928,0.0,-0.003120000000000003,-0.003120000000000003
2020-10-23,23.75453992,512.06,6.229,3.928,500.55,3.928,0.0,0.000917399999999986,0.000917399999999986
2020-10-23,10.68883081,512.06,6.229,3.928,500.55,3.928,0.0,0.0,0.0
2020-10-23,48.51811603,512.06,6.229,3.928,500.55,3.928,0.0,8.000000000008001e-07,8.000000000008001e-07
2020-10-23,26.34257383,512.06,6.229,3.928,500.55,3.928,0.0,-0.003680000000000003,-0.003680000000000003
2020-10-23,18.89109637,512.06,6.229,3.928,500.55,3.928,0.0,0.0,0.0
2020-10-23,11.01344476,512.06,6.229,3.928,500.55,3.928,0.0,0.00012660000000000338,0.00012660000000000338
2020-10-24,0.028598448,512.06,6.229,3.928,500.55,3.928,0.0,0.0,0.0
2020-10-24,1.782329376,512.06,6.229,3.928,500.55,3.928,0.0,-0.000275000000000003,-0.000275000000000003
2020-10-24,0.247041352,512.06,6.229,3.928,500.55,3.928,0.0,0.0005151499999999954,0.0005151499999999954
2020-10-24,0.574088126,512.06,6.229,3.928,500.55,3.928,0.0,-0.0018299999999999983,-0.0018299999999999983
2020-10-24,1.254138829,512.06,6.229,3.928,500.55,3.928,0.0,0.0,0.0
2020-10-24,2.25804047,512.06,6.229,3.928,500.55,3.928,0.0,0.0,0.0
2020-10-24,0.062118171,512.06,6.229,3.928,500.55,3.928,0.0,0.0,0.0
2020-10-24,2.725984008,512.06,6.229,3.928,500.55,3.928,0.0,0.0,0.0
2020-10-24,0.443801519,512.06,6.229,3.928,500.55,3.928,0.0,-0.02317154999999992,-0.02317154999999992
2020-10-24,0.535738688,512.06,6.229,3.928,500.55,3.928,0.0,-0.004639999999999986,-0.004639999999999986
2020-10-24,0.0,512.06,6.229,3.928,500.55,3.928,0.0,-1.000000000000001e-05,-1.000000000000001e-05
2020-10-25,0.0,512.06,6.229,3.928,500.55,3.928,0.0,-1.000000000000001e-05,-1.000000000000001e-05
2020-10-25,0.0,512.06,6.229,3.928,500.55,3.928,0.0,-1.000000000000001e-05,-1.000000000000001e-05
2020-10-25,0.0,512.06,6.229,3.928,500.55,3.928,0.0,-1.000000000000001e-05,-1.000000000000001e-05
2020-10-25,0.0,512.06,6.229,3.928,500.55,3.928,0.0,-1.000000000000001e-05,-1.000000000000001e-05
2020-10-25,0.352447448,512.06,6.229,3.928,500.55,3.928,0.0,-0.00028999999999999913,-0.00028999999999999913
2020-10-25,1.299104632,512.06,6.229,3.928,500.55,3.928,0.0,0.0,0.0
2020-10-25,0.0,512.06,6.229,3.928,500.55,3.928,0.0,-1.000000000000001e-05,-1.000000000000001e-05
2020-10-25,0.0,512.06,6.229,3.928,500.55,3.928,0.0,-1.000000000000001e-05,-1.000000000000001e-05
2020-10-25,0.0,512.06,6.229,3.928,500.55,3.928,0.0,-1.000000000000001e-05,-1.000000000000001e-05
2020-10-25,0.486491168,512.06,6.229,3.928,500.55,3.928,0.0,-0.016924399999999954,-0.016924399999999954
2020-10-25,0.169769325,512.06,6.229,3.928,500.55,3.928,0.0,0.009397400000000054,0.009397400000000054
2020-10-26,0.0,512.06,6.229,3.928,500.55,3.928,0.0,-1.000000000000001e-05,-1.000000000000001e-05
2020-10-26,0.0,512.06,6.229,3.928,500.55,3.928,0.0,-1.000000000000001e-05,-1.000000000000001e-05
2020-10-26,0.0,512.06,6.229,3.928,500.55,3.928,0.0,-1.000000000000001e-05,-1.000000000000001e-05
2020-10-26,0.0,512.06,6.229,3.928,500.55,3.928,0.0,-1.000000000000001e-05,-1.000000000000001e-05
2020-10-26,0.0,512.06,6.229,3.928,500.55,3.928,0.0,-1.000000000000001e-05,-1.000000000000001e-05
2020-10-26,0.0,512.06,6.229,3.928,500.55,3.928,0.0,-1.000000000000001e-05,-1.000000000000001e-05
2020-10-26,0.0,512.06,6.229,3.928,500.55,3.928,0.0,-1.000000000000001e-05,-1.000000000000001e-05
2020-10-26,0.0,512.06,6.229,3.928,500.55,3.928,0.0,-1.000000000000001e-05,-1.000000000000001e-05
2020-10-26,0.0,512.06,6.229,3.928,500.55,3.928,0.0,-1.000000000000001e-05,-1.000000000000001e-05
2020-10-26,0.0,512.06,6.229,3.928,500.55,3.928,0.0,-1.000000000000001e-05,-1.000000000000001e-05
2020-10-26,0.0,512.06,6.229,3.928,500.55,3.928,0.0,-1.000000000000001e-05,-1.000000000000001e-05
2020-10-27,8.637620084,512.06,6.229,3.928,500.55,3.928,0.0,-0.001197000000000008,-0.001197000000000008
2020-10-27,17.3565834,512.06,6.229,3.928,500.55,3.928,0.0,0.0017739000000000038,0.0017739000000000038
2020-10-27,7.851047021,512.06,6.229,3.928,500.55,3.928,0.0,0.0,0.0
2020-10-27,0.868021709,512.06,6.229,3.928,500.55,3.928,0.0,-0.0004623999999999917,-0.0004623999999999917
2020-10-27,4.50403306,512.06,6.229,3.928,500.55,3.928,0.0,0.0004973000000000027,0.0004973000000000027
2020-10-27,11.46407394,512.06,6.229,3.928,500.55,3.928,0.0,-0.0009775,-0.0009775
2020-10-27,10.09236241,512.06,6.229,3.928,500.55,3.928,0.0,-0.00816499999999997,-0.00816499999999997
2020-10-27,8.460707144,512.06,6.229,3.928,500.55,3.928,0.0,-0.001330000000000009,-0.001330000000000009
2020-10-27,13.02875062,512.06,6.229,3.928,500.55,3.928,0.0,0.0,0.0
2020-10-27,6.62409754,512.06,6.229,3.928,500.55,3.928,0.0,0.0,0.0
2020-10-27,6.551362588,512.06,6.229,3.928,500.55,3.928,0.0,0.0,0.0
2020-10-28,0.01708578,512.06,6.229,3.828,499.85,3.928,-0.10000000000000009,0.0,0.10000000000000009
2020-10-28,0.0,512.06,6.229,3.828,499.85,3.828,0.0,-1.6666666666666684e-05,-1.6666666666666684e-05
2020-10-28,2.124433474,512.06,6.229,3.828,499.85,3.828,0.0,-0.00016500000000000182,-0.00016500000000000182
2020-10-28,0.0,512.06,6.229,3.828,499.85,3.828,0.0,-1.6666666666666684e-05,-1.6666666666666684e-05
2020-10-28,3.120488619,512.06,6.229,3.828,499.85,3.828,0.0,-5.5000000000000605e-05,-5.5000000000000605e-05
2020-10-28,1.241346026,512.06,6.229,3.828,499.85,3.828,0.0,1.034999999998787e-05,1.034999999998787e-05
2020-10-28,3.700799988,512.06,6.229,3.828,499.85,3.828,0.0,-0.00452230000000001,-0.00452230000000001
2020-10-28,1.812477075,512.06,6.229,3.828,499.85,3.828,0.0,-0.00033000000000000363,-0.00033000000000000363
2020-10-28,0.216986672,512.06,6.229,3.828,499.85,3.828,0.0,0.0024730000000000142,0.0024730000000000142
2020-10-28,0.848032767,512.06,6.229,3.828,499.85,3.828,0.0,0.0,0.0
2020-10-28,0.192097626,512.06,6.229,3.828,499.85,3.828,0.0,0.0033731000000000178,0.0033731000000000178
2020-10-29,0.0,512.06,6.229,3.82773,499.85,3.828,-0.00026999999999999247,-1.6666666666666684e-05,0.0002533333333333258
2020-10-29,0.0,512.06,6.229,3.82773,499.85,3.82773,0.0,-1.6666666666666684e-05,-1.6666666666666684e-05
2020-10-29,0.0,512.06,6.229,3.82773,499.85,3.82773,0.0,-1.6666666666666684e-05,-1.6666666666666684e-05
2020-10-29,0.0,512.06,6.229,3.82773,499.85,3.82773,0.0,-1.6666666666666684e-05,-1.6666666666666684e-05
2020-10-29,0.0,512.06,6.229,3.82773,499.85,3.82773,0.0,-1.6666666666666684e-05,-1.6666666666666684e-05
2020-10-29,0.0,512.06,6.229,3.82773,499.85,3.82773,0.0,-1.6666666666666684e-05,-1.6666666666666684e-05
2020-10-29,0.0,512.06,6.229,3.82773,499.85,3.82773,0.0,-1.6666666666666684e-05,-1.6666666666666684e-05
2020-10-29,0.0,512.06,6.229,3.82773,499.85,3.82773,0.0,-1.6666666666666684e-05,-1.6666666666666684e-05
2020-10-29,0.0,512.06,6.229,3.82773,499.85,3.82773,0.0,-1.6666666666666684e-05,-1.6666666666666684e-05
2020-10-29,0.0,512.06,6.229,3.82773,499.85,3.82773,0.0,-1.6666666666666684e-05,-1.6666666666666684e-05
2020-10-29,0.0,512.06,6.229,3.82773,499.85,3.82773,0.0,-1.6666666666666684e-05,-1.6666666666666684e-05
2020-10-30,0.0,512.06,6.229,3.817,499.77,3.82773,-0.010729999999999684,-0.0006472720057720059,0.010082727994227679
2020-10-30,0.140833599,512.06,6.229,3.817,499.77,3.817,0.0,0.0007419000000000042,0.0007419000000000042
2020-10-30,0.0,512.06,6.229,3.817,499.77,3.817,0.0,-0.0006472720057720059,-0.0006472720057720059
2020-10-30,0.0,512.06,6.229,3.817,499.77,3.817,0.0,-0.0006472720057720059,-0.0006472720057720059
2020-10-30,0.0,512.06,6.229,3.817,499.77,3.817,0.0,-0.0006472720057720059,-0.0006472720057720059
2020-10-30,0.004749476,512.06,6.229,3.817,499.77,3.817,0.0,-3.3888888888888925e-05,-3.3888888888888925e-05
2020-10-30,0.003956775,512.06,6.229,3.817,499.77,3.817,0.0,-6.377777777777783e-05,-6.377777777777783e-05
2020-10-30,0.0,512.06,6.229,3.817,499.77,3.817,0.0,-0.0006472720057720059,-0.0006472720057720059
2020-10-30,0.0,512.06,6.229,3.817,499.77,3.817,0.0,-0.0006472720057720059,-0.0006472720057720059
2020-10-30,0.000306648,512.06,6.229,3.817,499.77,3.817,0.0,-7.063492063492069e-05,-7.063492063492069e-05
2020-10-30,0.0,512.06,6.229,3.817,499.77,3.817,0.0,-0.0006472720057720059,-0.0006472720057720059
2020-10-31,0.541860597,512.06,6.229,3.804,499.66,3.817,-0.013000000000000345,-0.00028999999999999913,0.012710000000000346
2020-10-31,0.0,512.06,6.229,3.804,499.66,3.804,0.0,-0.0011886004620379482,-0.0011886004620379482
2020-10-31,0.005423505,512.06,6.229,3.804,499.66,3.804,0.0,-0.00011912549950049811,-0.00011912549950049811
2020-10-31,0.002137691,512.06,6.229,3.804,499.66,3.804,0.0,0.011529074500499479,0.011529074500499479
2020-10-31,0.106668938,512.06,6.229,3.804,499.66,3.804,0.0,0.0,0.0
2020-10-31,0.740363711,512.06,6.229,3.804,499.66,3.804,0.0,0.0,0.0
2020-10-31,0.024641379,512.06,6.229,3.804,499.66,3.804,0.0,-0.0001262500000000005,-0.0001262500000000005
2020-10-31,0.043308373,512.06,6.229,3.804,499.66,3.804,0.0,-2.3999999999999726e-05,-2.3999999999999726e-05
2020-10-31,0.280562442,512.06,6.229,3.804,499.66,3.804,0.0,0.0,0.0
2020-10-31,0.424608263,512.06,6.229,3.804,499.66,3.804,0.0,-0.001809999999999996,-0.001809999999999996
2020-10-31,0.0,512.06,6.229,3.804,499.66,3.804,0.0,-0.0011886004620379482,-0.0011886004620379482
2020-11-01,0.0,512.06,6.229,3.791,499.56,3.804,-0.0129999999999999,-0.0010883895729270603,0.01191161042707284
2020-11-01,0.755318221,512.06,6.229,3.791,499.56,3.791,0.0,-0.0008880999999999983,-0.0008880999999999983
2020-11-01,1.08999147,512.06,6.229,3.791,499.56,3.791,0.0,0.0,0.0
2020-11-01,0.400426548,512.06,6.229,3.791,499.56,3.791,0.0,6.730000000000124e-05,6.730000000000124e-05
2020-11-01,0.0,512.06,6.229,3.791,499.56,3.791,0.0,-0.0010883895729270603,-0.0010883895729270603
2020-11-01,0.006027086,512.06,6.229,3.791,499.56,3.791,0.0,0.0002341181818181834,0.0002341181818181834
2020-11-01,5.276415886,512.06,6.229,3.791,499.56,3.791,0.0,-0.002719499999999939,-0.002719499999999939
2020-11-01,0.985489731,512.06,6.229,3.791,499.56,3.791,0.0,9.910000000000085e-05,9.910000000000085e-05
2020-11-01,0.993436001,512.06,6.229,3.791,499.56,3.791,0.0,0.0023616999999999866,0.0023616999999999866
2020-11-01,2.970103514,512.06,6.229,3.791,499.56,3.791,0.0,-0.0005839999999999845,-0.0005839999999999845
2020-11-01,0.154400834,512.06,6.229,3.791,499.56,3.791,0.0,0.00346220000000002,0.00346220000000002
2020-11-02,1.771855636,512.06,6.229,3.782,499.49,3.791,-0.008999999999999897,0.0,0.008999999999999897
2020-11-02,0.551743985,512.06,6.229,3.782,499.49,3.782,0.0,0.0007419000000000042,0.0007419000000000042
2020-11-02,0.445362506,512.06,6.229,3.782,499.49,3.782,0.0,-0.016241899999999945,-0.016241899999999945
2020-11-02,2.273601963,512.06,6.229,3.782,499.49,3.782,0.0,0.0,0.0
2020-11-02,0.323495353,512.06,6.229,3.782,499.49,3.782,0.0,0.0049460000000000285,0.0049460000000000285
2020-11-02,0.664147721,512.06,6.229,3.782,499.49,3.782,0.0,0.0007419000000000042,0.0007419000000000042
2020-11-02,4.735493551,512.06,6.229,3.782,499.49,3.782,0.0,-0.0007007999999999815,-0.0007007999999999815
2020-11-02,0.331538841,512.06,6.229,3.782,499.49,3.782,0.0,0.0049460000000000285,0.0049460000000000285
2020-11-02,1.207387482,512.06,6.229,3.782,499.49,3.782,0.0,0.0,0.0
2020-11-02,0.437707419,512.06,6.229,3.782,499.49,3.782,0.0,0.002006750000000035,0.002006750000000035
2020-11-02,2.593905315,512.06,6.229,3.782,499.49,3.782,0.0,0.0,0.0
2020-11-03,0.031991783,512.06,6.229,3.772,499.41,3.782,-0.010000000000000231,0.0009892000000000056,0.010989200000000237
2020-11-03,0.177776777,512.06,6.229,3.772,499.41,3.772,0.0,0.0039568000000000225,0.0039568000000000225
2020-11-03,0.241031109,512.06,6.229,3.772,499.41,3.772,0.0,0.008439399999999963,0.008439399999999963
2020-11-03,0.771537068,512.06,6.229,3.772,499.41,3.772,0.0,0.0,0.0
2020-11-03,0.0,512.06,6.229,3.772,499.41,3.772,0.0,-0.000902946742657516,-0.000902946742657516
2020-11-03,0.136802702,512.06,6.229,3.772,499.41,3.772,0.0,0.0032149000000000184,0.0032149000000000184
2020-11-03,0.063944781,512.06,6.229,3.772,499.41,3.772,0.0,0.0012365000000000071,0.0012365000000000071
2020-11-03,0.757369145,512.06,6.229,3.772,499.41,3.772,0.0,0.0,0.0
2020-11-03,0.13752452,512.06,6.229,3.772,499.41,3.772,0.0,0.0032149000000000184,0.0032149000000000184
2020-11-03,0.396111819,512.06,6.229,3.772,499.41,3.772,0.0,0.0005619000000000041,0.0005619000000000041
2020-11-03,0.017244497,512.06,6.229,3.772,499.41,3.772,0.0,0.0009892000000000056,0.0009892000000000056
2020-11-04,13.252597,512.06,6.229,3.751,499.34,3.772,-0.020999999999999908,0.005519149999999988,0.026519149999999894
2020-11-04,14.02691543,512.06,6.229,3.751,499.34,3.751,0.0,0.005519149999999988,0.005519149999999988
2020-11-04,8.888764563,512.06,6.229,3.751,499.34,3.751,0.0,0.00035909999999998997,0.00035909999999998997
2020-11-04,15.98407339,512.06,6.229,3.751,499.34,3.751,0.0,0.003911099999999992,0.003911099999999992
2020-11-04,13.29623678,512.06,6.229,3.751,499.34,3.751,0.0,0.005519149999999988,0.005519149999999988
2020-11-04,14.33332563,512.06,6.229,3.751,499.34,3.751,0.0,0.005419149999999988,0.005419149999999988
2020-11-04,15.24339975,512.06,6.229,3.751,499.34,3.751,0.0,0.00251644999999999,0.00251644999999999
2020-11-04,10.79366867,512.06,6.229,3.751,499.34,3.751,0.0,0.00601824999999998,0.00601824999999998
2020-11-04,6.559713261,512.06,6.229,3.751,499.34,3.751,0.0,0.0,0.0
2020-11-04,12.02585957,512.06,6.229,3.751,499.34,3.751,0.0,0.00743189999999998,0.00743189999999998
2020-11-04,12.16558856,512.06,6.229,3.751,499.34,3.751,0.0,0.008066449999999982,0.008066449999999982
2020-11-05,25.10653497,512.06,6.229,3.751,499.24,3.751,0.0,0.002836149999999986,0.002836149999999986
2020-11-05,30.15463362,512.06,6.229,3.751,499.24,3.751,0.0,0.0071987,0.0071987
2020-11-05,30.6680824,512.06,6.229,3.751,499.24,3.751,0.0,0.0046923499999999944,0.0046923499999999944
2020-11-05,28.222299,512.06,6.229,3.751,499.24,3.751,0.0,0.0021900499999999877,0.0021900499999999877
2020-11-05,10.95909511,512.06,6.229,3.751,499.24,3.751,0.0,0.00785644999999998,0.00785644999999998
2020-11-05,21.80268841,512.06,6.229,3.751,499.24,3.751,0.0,0.00467004999999999,0.00467004999999999
2020-11-05,35.86668936,512.06,6.229,3.751,499.24,3.751,0.0,0.0037809499999999917,0.0037809499999999917
2020-11-05,13.43046887,512.06,6.229,3.751,499.24,3.751,0.0,0.006368249999999987,0.006368249999999987
2020-11-05,31.73107144,512.06,6.229,3.751,499.24,3.751,0.0,0.0037809499999999917,0.0037809499999999917
2020-11-05,19.77384853,512.06,6.229,3.751,499.24,3.751,0.0,0.00467004999999999,0.00467004999999999
2020-11-05,16.59553752,512.06,6.229,3.751,499.24,3.751,0.0,0.00467004999999999,0.00467004999999999
2020-11-06,14.67007067,512.06,6.229,3.738,499.14,3.751,-0.0129999999999999,0.021874799999999944,0.034874799999999845
2020-11-06,5.025761461,512.06,6.229,3.738,499.14,3.738,0.0,0.00042454999999999907,0.00042454999999999907
2020-11-06,4.377617157,512.06,6.229,3.738,499.14,3.738,0.0,0.00016170000000000683,0.00016170000000000683
2020-11-06,29.08628064,512.06,6.229,3.738,499.14,3.738,0.0,0.01834019999999996,0.01834019999999996
2020-11-06,8.221939331,512.06,6.229,3.738,499.14,3.738,0.0,0.016487449999999963,0.016487449999999963
2020-11-06,15.20747442,512.06,6.229,3.738,499.14,3.738,0.0,0.021574799999999943,0.021574799999999943
2020-11-06,27.60321575,512.06,6.229,3.738,499.14,3.738,0.0,0.005700199999999949,0.005700199999999949
2020-11-06,6.682709252,512.06,6.229,3.738,499.14,3.738,0.0,0.00467004999999999,0.00467004999999999
2020-11-06,10.18686403,512.06,6.229,3.738,499.14,3.738,0.0,0.02193614999999995,0.02193614999999995
2020-11-06,23.44585301,512.06,6.229,3.738,499.14,3.738,0.0,0.019449299999999958,0.019449299999999958
2020-11-06,18.11406819,512.06,6.229,3.738,499.14,3.738,0.0,0.023525299999999954,0.023525299999999954
2020-11-07,0.0,512.06,6.229,3.726,499.06,3.738,-0.01200000000000001,-0.003921529056778479,0.008078470943221533
2020-11-07,0.0,512.06,6.229,3.726,499.06,3.726,0.0,-0.003921529056778479,-0.003921529056778479
2020-11-07,0.0,512.06,6.229,3.726,499.06,3.726,0.0,-0.003921529056778479,-0.003921529056778479
2020-11-07,0.0,512.06,6.229,3.726,499.06,3.726,0.0,-0.003921529056778479,-0.003921529056778479
2020-11-07,0.0,512.06,6.229,3.726,499.06,3.726,0.0,-0.003921529056778479,-0.003921529056778479
2020-11-07,0.0,512.06,6.229,3.726,499.06,3.726,0.0,-0.003921529056778479,-0.003921529056778479
2020-11-07,0.000611048,512.06,6.229,3.726,499.06,3.726,0.0,-0.0001072522348484848,-0.0001072522348484848
2020-11-07,0.0,512.06,6.229,3.726,499.06,3.726,0.0,-0.003921529056778479,-0.003921529056778479
2020-11-07,0.0,512.06,6.229,3.726,499.06,3.726,0.0,-0.003921529056778479,-0.003921529056778479
2020-11-07,0.0,512.06,6.229,3.726,499.06,3.726,0.0,-0.003921529056778479,-0.003921529056778479
2020-11-07,0.0,512.06,6.229,3.726,499.06,3.726,0.0,-0.003921529056778479,-0.003921529056778479
2020-11-08,0.0,512.06,6.229,3.716,498.98,3.726,-0.009999999999999787,-0.003921529056778479,0.006078470943221308
2020-11-08,0.0,512.06,6.229,3.716,498.98,3.716,0.0,-0.003921529056778479,-0.003921529056778479
2020-11-08,0.0,512.06,6.229,3.716,498.98,3.716,0.0,-0.003921529056778479,-0.003921529056778479
2020-11-08,0.0,512.06,6.229,3.716,498.98,3.716,0.0,-0.003921529056778479,-0.003921529056778479
2020-11-08,0.0,512.06,6.229,3.716,498.98,3.716,0.0,-0.003921529056778479,-0.003921529056778479
2020-11-08,0.0,512.06,6.229,3.716,498.98,3.716,0.0,-0.003921529056778479,-0.003921529056778479
2020-11-08,0.0,512.06,6.229,3.716,498.98,3.716,0.0,-0.003921529056778479,-0.003921529056778479
2020-11-08,0.0,512.06,6.229,3.716,498.98,3.716,0.0,-0.003921529056778479,-0.003921529056778479
2020-11-08,0.0,512.06,6.229,3.716,498.98,3.716,0.0,-0.003921529056778479,-0.003921529056778479
2020-11-08,0.0,512.06,6.229,3.716,498.98,3.716,0.0,-0.003921529056778479,-0.003921529056778479
2020-11-08,0.0,512.06,6.229,3.716,498.98,3.716,0.0,-0.003921529056778479,-0.003921529056778479
2020-11-09,0.0,512.06,6.229,3.716,498.98,3.716,0.0,-0.003921529056778479,-0.003921529056778479
2020-11-09,1.632140927,512.06,6.229,3.716,498.98,3.716,0.0,-0.002090000000000023,-0.002090000000000023
2020-11-09,1.476918986,512.06,6.229,3.716,498.98,3.716,0.0,0.0,0.0
2020-11-09,0.0,512.06,6.229,3.716,498.98,3.716,0.0,-0.003921529056778479,-0.003921529056778479
2020-11-09,0.652033604,512.06,6.229,3.716,498.98,3.716,0.0,0.0,0.0
2020-11-09,3.055438858,512.06,6.229,3.716,498.98,3.716,0.0,0.0014448000000000017,0.0014448000000000017
2020-11-09,0.0,512.06,6.229,3.716,498.98,3.716,0.0,-0.003921529056778479,-0.003921529056778479
2020-11-09,1.4159211,512.06,6.229,3.716,498.98,3.716,0.0,0.0,0.0
2020-11-09,0.0,512.06,6.229,3.716,498.98,3.716,0.0,-0.003921529056778479,-0.003921529056778479
2020-11-09,0.115831236,512.06,6.229,3.716,498.98,3.716,0.0,0.0002473000000000014,0.0002473000000000014
2020-11-09,0.298986069,512.06,6.229,3.716,498.98,3.716,0.0,-0.00014824999999999867,-0.00014824999999999867
2020-11-10,7.262722849,512.06,6.229,3.716,498.98,3.716,0.0,0.004872899999999989,0.004872899999999989
2020-11-10,2.231871612,512.06,6.229,3.716,498.98,3.716,0.0,0.0011859000000000019,0.0011859000000000019
2020-11-10,0.0,512.06,6.229,3.716,498.98,3.716,0.0,-0.003921529056778479,-0.003921529056778479
2020-11-10,15.96253092,512.06,6.229,3.716,498.98,3.716,0.0,0.023560199999999955,0.023560199999999955
2020-11-10,3.137999356,512.06,6.229,3.716,498.98,3.716,0.0,0.0011859000000000019,0.0011859000000000019
2020-11-10,0.650167422,512.06,6.229,3.716,498.98,3.716,0.0,0.0,0.0
2020-11-10,0.0,512.06,6.229,3.716,498.98,3.716,0.0,-0.003921529056778479,-0.003921529056778479
2020-11-10,0.0,512.06,6.229,3.716,498.98,3.716,0.0,-0.003921529056778479,-0.003921529056778479
2020-11-10,9.244820675,512.06,6.229,3.716,498.98,3.716,0.0,0.01568309999999992,0.01568309999999992
2020-11-10,1.853659974,512.06,6.229,3.716,498.98,3.716,0.0,0.0,0.0
2020-11-10,0.0,512.06,6.229,3.716,498.98,3.716,0.0,-0.003921529056778479,-0.003921529056778479
2020-11-11,35.82642867,512.06,6.229,3.661,498.55,3.716,-0.05500000000000016,0.0012736499999999973,0.056273650000000154
2020-11-11,23.37128097,512.06,6.229,3.661,498.55,3.661,0.0,0.001915249999999995,0.001915249999999995
2020-11-11,24.02367967,512.06,6.229,3.661,498.55,3.661,0.0,0.00909284999999997,0.00909284999999997
2020-11-11,15.69397318,512.06,6.229,3.661,498.55,3.661,0.0,-0.00010595000000000131,-0.00010595000000000131
2020-11-11,27.64082115,512.06,6.229,3.661,498.55,3.661,0.0,-0.0011063500000000049,-0.0011063500000000049
2020-11-11,20.23810254,512.06,6.229,3.661,498.55,3.661,0.0,0.001464449999999995,0.001464449999999995
2020-11-11,32.33223537,512.06,6.229,3.661,498.55,3.661,0.0,0.0015014999999999978,0.0015014999999999978
2020-11-11,23.58374202,512.06,6.229,3.661,498.55,3.661,0.0,0.002256049999999994,0.002256049999999994
2020-11-11,19.05870297,512.06,6.229,3.661,498.55,3.661,0.0,0.0010202999999999961,0.0010202999999999961
2020-11-11,20.69234638,512.06,6.229,3.661,498.55,3.661,0.0,0.0012736499999999973,0.0012736499999999973
2020-11-11,24.30696475,512.06,6.229,3.661,498.55,3.661,0.0,0.001358449999999989,0.001358449999999989
2020-11-12,0.0,512.06,6.229,3.66142,498.55,3.661,0.00042000000000008697,-0.002104160478496416,-0.002524160478496503
2020-11-12,0.000157811,512.06,6.229,3.66142,498.55,3.66142,0.0,0.06290426972455648,0.06290426972455648
2020-11-12,0.0,512.06,6.229,3.66142,498.55,3.66142,0.0,-0.002104160478496416,-0.002104160478496416
2020-11-12,0.0,512.06,6.229,3.66142,498.55,3.66142,0.0,-0.002104160478496416,-0.002104160478496416
2020-11-12,0.164912814,512.06,6.229,3.66142,498.55,3.66142,0.0,5.051282051313395e-07,5.051282051313395e-07
2020-11-12,0.0,512.06,6.229,3.66142,498.55,3.66142,0.0,-0.002104160478496416,-0.002104160478496416
2020-11-12,0.182786369,512.06,6.229,3.66142,498.55,3.66142,0.0,0.0004678051282051307,0.0004678051282051307
2020-11-12,0.0,512.06,6.229,3.66142,498.55,3.66142,0.0,-0.002104160478496416,-0.002104160478496416
2020-11-12,0.03179335,512.06,6.229,3.66142,498.55,3.66142,0.0,-0.0007226044404941432,-0.0007226044404941432
2020-11-12,0.007957161,512.06,6.229,3.66142,498.55,3.66142,0.0,-0.0006478731325863706,-0.0006478731325863706
2020-11-12,0.0,512.06,6.229,3.66142,498.55,3.66142,0.0,-0.002104160478496416,-0.002104160478496416
2020-11-13,0.042927399,512.06,6.229,3.64779,498.44,3.66142,-0.013630000000000031,-0.005608101998491655,0.008021898001508376
2020-11-13,0.0,512.06,6.229,3.64779,498.44,3.64779,0.0,-0.0020963033356392728,-0.0020963033356392728
2020-11-13,0.0,512.06,6.229,3.64779,498.44,3.64779,0.0,-0.0020963033356392728,-0.0020963033356392728
2020-11-13,0.091318065,512.06,6.229,3.64779,498.44,3.64779,0.0,-0.0020711948717948682,-0.0020711948717948682
2020-11-13,0.0,512.06,6.229,3.64779,498.44,3.64779,0.0,-0.0020963033356392728,-0.0020963033356392728
2020-11-13,0.0,512.06,6.229,3.64779,498.44,3.64779,0.0,-0.0020963033356392728,-0.0020963033356392728
2020-11-13,0.080646948,512.06,6.229,3.64779,498.44,3.64779,0.0,-0.0027052654600301426,-0.0027052654600301426
2020-11-13,0.0,512.06,6.229,3.64779,498.44,3.64779,0.0,-0.0020963033356392728,-0.0020963033356392728
2020-11-13,0.0,512.06,6.229,3.64779,498.44,3.64779,0.0,-0.0020963033356392728,-0.0020963033356392728
2020-11-13,0.0,512.06,6.229,3.64779,498.44,3.64779,0.0,-0.0020963033356392728,-0.0020963033356392728
2020-11-13,0.0,512.06,6.229,3.64779,498.44,3.64779,0.0,-0.0020963033356392728,-0.0020963033356392728
2020-11-14,12.58763757,512.06,6.229,3.63221,498.32,3.64779,-0.015579999999999927,0.000324549999999999,0.015904549999999927
2020-11-14,5.564230624,512.06,6.229,3.63221,498.32,3.63221,0.0,-0.0009050000000000047,-0.0009050000000000047
2020-11-14,5.450475884,512.06,6.229,3.63221,498.32,3.63221,0.0,0.0023718000000000038,0.0023718000000000038
2020-11-14,2.933542759,512.06,6.229,3.63221,498.32,3.63221,0.0,0.0004663999999999957,0.0004663999999999957
2020-11-14,3.020102561,512.06,6.229,3.63221,498.32,3.63221,0.0,0.0026307000000000036,0.0026307000000000036
2020-11-14,3.547596295,512.06,6.229,3.63221,498.32,3.63221,0.0,0.03862740000000006,0.03862740000000006
2020-11-14,1.491026292,512.06,6.229,3.63221,498.32,3.63221,0.0,0.0,0.0
2020-11-14,1.774908153,512.06,6.229,3.63221,498.32,3.63221,0.0,-0.0008800000000000097,-0.0008800000000000097
2020-11-14,7.065978667,512.06,6.229,3.63221,498.32,3.63221,0.0,0.0,0.0
2020-11-14,13.8575162,512.06,6.229,3.63221,498.32,3.63221,0.0,-0.00010000000000000009,-0.00010000000000000009
2020-11-14,8.639075576,512.06,6.229,3.63221,498.32,3.63221,0.0,0.0,0.0
2020-11-15,0.336833263,512.06,6.229,3.61741,498.2,3.63221,-0.014800000000000146,0.0,0.014800000000000146
2020-11-15,0.628919655,512.06,6.229,3.61741,498.2,3.61741,0.0,-0.0010600000000000076,-0.0010600000000000076
2020-11-15,4.053110966,512.06,6.229,3.61741,498.2,3.61741,0.0,0.0011724000000000135,0.0011724000000000135
2020-11-15,0.069357336,512.06,6.229,3.61741,498.2,3.61741,0.0,-0.00014299999999999868,-0.00014299999999999868
2020-11-15,4.005713622,512.06,6.229,3.61741,498.2,3.61741,0.0,0.0015812000000000027,0.0015812000000000027
2020-11-15,1.133973029,512.06,6.229,3.61741,498.2,3.61741,0.0,-0.0012863000000000024,-0.0012863000000000024
2020-11-15,1.823078398,512.06,6.229,3.61741,498.2,3.61741,0.0,-0.00363000000000004,-0.00363000000000004
2020-11-15,12.13835556,512.06,6.229,3.61741,498.2,3.61741,0.0,0.021976599999999954,0.021976599999999954
2020-11-15,0.000236717,512.06,6.229,3.61741,498.2,3.61741,0.0,0.012332289682539688,0.012332289682539688
2020-11-15,0.046687853,512.06,6.229,3.61741,498.2,3.61741,0.0,-0.003552999999999967,-0.003552999999999967
2020-11-15,0.136294218,512.06,6.229,3.61741,498.2,3.61741,0.0,0.0,0.0
2020-11-16,0.963827892,512.06,6.229,3.60651,498.12,3.61741,-0.01089999999999991,-0.00031090000000000284,0.010589099999999907
2020-11-16,1.361436911,512.06,6.229,3.60651,498.12,3.60651,0.0,-0.00022000000000000242,-0.00022000000000000242
2020-11-16,3.717986742,512.06,6.229,3.60651,498.12,3.60651,0.0,-7.415000000000172e-05,-7.415000000000172e-05
2020-11-16,5.028432452,512.06,6.229,3.60651,498.12,3.60651,0.0,0.0009539000000000031,0.0009539000000000031
2020-11-16,3.105142241,512.06,6.229,3.60651,498.12,3.60651,0.0,0.00039530000000000066,0.00039530000000000066
2020-11-16,0.168404231,512.06,6.229,3.60651,498.12,3.60651,0.0,0.0039568000000000225,0.0039568000000000225
2020-11-16,0.507259744,512.06,6.229,3.60651,498.12,3.60651,0.0,-0.0012346000000000056,-0.0012346000000000056
2020-11-16,0.467637734,512.06,6.229,3.60651,498.12,3.60651,0.0,-0.0038032000000000066,-0.0038032000000000066
2020-11-16,3.729634717,512.06,6.229,3.60651,498.12,3.60651,0.0,0.0015052500000000025,0.0015052500000000025
2020-11-16,1.488090354,512.06,6.229,3.60651,498.12,3.60651,0.0,-0.00033000000000000363,-0.00033000000000000363
2020-11-16,3.258079091,512.06,6.229,3.60651,498.12,3.60651,0.0,0.0012999000000000005,0.0012999000000000005
2020-11-17,0.0,512.06,6.229,3.60651,498.12,3.60651,0.0,-0.0032427402319902014,-0.0032427402319902014
2020-11-17,0.0,512.06,6.229,3.60651,498.12,3.60651,0.0,-0.0032427402319902014,-0.0032427402319902014
2020-11-17,0.0,512.06,6.229,3.60651,498.12,3.60651,0.0,-0.0032427402319902014,-0.0032427402319902014
2020-11-17,0.0,512.06,6.229,3.60651,498.12,3.60651,0.0,-0.0032427402319902014,-0.0032427402319902014
2020-11-17,0.0,512.06,6.229,3.60651,498.12,3.60651,0.0,-0.0032427402319902014,-0.0032427402319902014
2020-11-17,0.0,512.06,6.229,3.60651,498.12,3.60651,0.0,-0.0032427402319902014,-0.0032427402319902014
2020-11-17,0.0,512.06,6.229,3.60651,498.12,3.60651,0.0,-0.0032427402319902014,-0.0032427402319902014
2020-11-17,0.0,512.06,6.229,3.60651,498.12,3.60651,0.0,-0.0032427402319902014,-0.0032427402319902014
2020-11-17,0.0,512.06,6.229,3.60651,498.12,3.60651,0.0,-0.0032427402319902014,-0.0032427402319902014
2020-11-17,0.0,512.06,6.229,3.60651,498.12,3.60651,0.0,-0.0032427402319902014,-0.0032427402319902014
2020-11-17,0.0,512.06,6.229,3.60651,498.12,3.60651,0.0,-0.0032427402319902014,-0.0032427402319902014
2020-11-18,6.85900469,512.06,6.229,3.58,497.915,3.60651,-0.026510000000000034,2.7549999999999518e-05,0.026537550000000035
2020-11-18,5.030427805,512.06,6.229,3.58,497.915,3.58,0.0,0.0030451000000000163,0.0030451000000000163
2020-11-18,1.559450307,512.06,6.229,3.58,497.915,3.58,0.0,-0.00033000000000000363,-0.00033000000000000363
2020-11-18,5.957676379,512.06,6.229,3.58,497.915,3.58,0.0,0.0,0.0
2020-11-18,7.81157248,512.06,6.229,3.58,497.915,3.58,0.0,0.0,0.0
2020-11-18,2.484025644,512.06,6.229,3.58,497.915,3.58,0.0,-0.0014300000000000157,-0.0014300000000000157
2020-11-18,4.705816736,512.06,6.229,3.58,497.915,3.58,0.0,0.0,0.0
2020-11-18,0.6433482,512.06,6.229,3.58,497.915,3.58,0.0,-0.0014550000000000108,-0.0014550000000000108
2020-11-18,6.202959688,512.06,6.229,3.58,497.915,3.58,0.0,-9.540000000000104e-05,-9.540000000000104e-05
2020-11-18,1.885705089,512.06,6.229,3.58,497.915,3.58,0.0,-0.006820000000000075,-0.006820000000000075
2020-11-18,2.367061068,512.06,6.229,3.58,497.915,3.58,0.0,-0.0019800000000000217,-0.0019800000000000217
2020-11-19,3.283502905,512.06,6.229,3.56639,497.8,3.58,-0.0136099999999999,0.0017054999999999976,0.015315499999999897
2020-11-19,2.810819034,512.06,6.229,3.56639,497.8,3.56639,0.0,-0.00010000000000000009,-0.00010000000000000009
2020-11-19,0.000213045,512.06,6.229,3.56639,497.8,3.56639,0.0,0.014288749999999996,0.014288749999999996
2020-11-19,0.010910227,512.06,6.229,3.56639,497.8,3.56639,0.0,0.0006212499999999998,0.0006212499999999998
2020-11-19,0.368813424,512.06,6.229,3.56639,497.8,3.56639,0.0,0.0,0.0
2020-11-19,1.919903858,512.06,6.229,3.56639,497.8,3.56639,0.0,0.005163699999999905,0.005163699999999905
2020-11-19,2.521840925,512.06,6.229,3.56639,497.8,3.56639,0.0,-0.0006500000000000062,-0.0006500000000000062
2020-11-19,0.037982234,512.06,6.229,3.56639,497.8,3.56639,0.0,0.0,0.0
2020-11-19,0.811540938,512.06,6.229,3.56639,497.8,3.56639,0.0,-0.0013450000000000096,-0.0013450000000000096
2020-11-19,0.0,512.06,6.229,3.56639,497.8,3.56639,0.0,0.0,0.0
2020-11-19,3.554675937,512.06,6.229,3.56639,497.8,3.56639,0.0,0.003646900000000004,0.003646900000000004
2020-11-20,0.0,512.06,6.229,3.55315,497.7,3.56639,-0.01324000000000014,-2.722499999999961e-05,0.013212775000000142
2020-11-20,0.0,512.06,6.229,3.55315,497.7,3.55315,0.0,-2.722499999999961e-05,-2.722499999999961e-05
2020-11-20,0.0,512.06,6.229,3.55315,497.7,3.55315,0.0,-2.722499999999961e-05,-2.722499999999961e-05
2020-11-20,0.0,512.06,6.229,3.55315,497.7,3.55315,0.0,-2.722499999999961e-05,-2.722499999999961e-05
2020-11-20,0.0,512.06,6.229,3.55315,497.7,3.55315,0.0,-2.722499999999961e-05,-2.722499999999961e-05
2020-11-20,0.0,512.06,6.229,3.55315,497.7,3.55315,0.0,-2.722499999999961e-05,-2.722499999999961e-05
2020-11-20,0.0,512.06,6.229,3.55315,497.7,3.55315,0.0,-2.722499999999961e-05,-2.722499999999961e-05
2020-11-20,0.0,512.06,6.229,3.55315,497.7,3.55315,0.0,-2.722499999999961e-05,-2.722499999999961e-05
2020-11-20,0.0,512.06,6.229,3.55315,497.7,3.55315,0.0,-2.722499999999961e-05,-2.722499999999961e-05
2020-11-20,0.0,512.06,6.229,3.55315,497.7,3.55315,0.0,-2.722499999999961e-05,-2.722499999999961e-05
2020-11-20,0.0,512.06,6.229,3.55315,497.7,3.55315,0.0,-2.722499999999961e-05,-2.722499999999961e-05
2020-11-21,0.0,512.06,6.229,3.53796,497.58,3.55315,-0.015190000000000037,-0.0024421201502908513,0.012747879849709185
2020-11-21,0.0,512.06,6.229,3.53796,497.58,3.53796,0.0,-0.0024421201502908513,-0.0024421201502908513
2020-11-21,0.0,512.06,6.229,3.53796,497.58,3.53796,0.0,-0.0024421201502908513,-0.0024421201502908513
2020-11-21,0.0,512.06,6.229,3.53796,497.58,3.53796,0.0,-0.0024421201502908513,-0.0024421201502908513
2020-11-21,0.0,512.06,6.229,3.53796,497.58,3.53796,0.0,-0.0024421201502908513,-0.0024421201502908513
2020-11-21,0.0,512.06,6.229,3.53796,497.58,3.53796,0.0,-0.0024421201502908513,-0.0024421201502908513
2020-11-21,0.0,512.06,6.229,3.53796,497.58,3.53796,0.0,-0.0024421201502908513,-0.0024421201502908513
2020-11-21,0.0,512.06,6.229,3.53796,497.58,3.53796,0.0,-0.0024421201502908513,-0.0024421201502908513
2020-11-21,0.0,512.06,6.229,3.53796,497.58,3.53796,0.0,-0.0024421201502908513,-0.0024421201502908513
2020-11-21,0.0,512.06,6.229,3.53796,497.58,3.53796,0.0,-0.0024421201502908513,-0.0024421201502908513
2020-11-21,0.0,512.06,6.229,3.53796,497.58,3.53796,0.0,-0.0024421201502908513,-0.0024421201502908513
2020-11-22,0.0,512.06,6.229,3.52043,497.44,3.53796,-0.017529999999999824,-0.0024421201502908513,0.015087879849708972
2020-11-22,0.0,512.06,6.229,3.52043,497.44,3.52043,0.0,-0.0024421201502908513,-0.0024421201502908513
2020-11-22,0.0,512.06,6.229,3.52043,497.44,3.52043,0.0,-0.0024421201502908513,-0.0024421201502908513
2020-11-22,0.0,512.06,6.229,3.52043,497.44,3.52043,0.0,-0.0024421201502908513,-0.0024421201502908513
2020-11-22,0.0,512.06,6.229,3.52043,497.44,3.52043,0.0,-0.0024421201502908513,-0.0024421201502908513
2020-11-22,0.0,512.06,6.229,3.52043,497.44,3.52043,0.0,-0.0024421201502908513,-0.0024421201502908513
2020-11-22,0.0,512.06,6.229,3.52043,497.44,3.52043,0.0,-0.0024421201502908513,-0.0024421201502908513
2020-11-22,0.0,512.06,6.229,3.52043,497.44,3.52043,0.0,-0.0024421201502908513,-0.0024421201502908513
2020-11-22,0.0,512.06,6.229,3.52043,497.44,3.52043,0.0,-0.0024421201502908513,-0.0024421201502908513
2020-11-22,0.0,512.06,6.229,3.52043,497.44,3.52043,0.0,-0.0024421201502908513,-0.0024421201502908513
2020-11-22,0.0,512.06,6.229,3.52043,497.44,3.52043,0.0,-0.0024421201502908513,-0.0024421201502908513
2020-11-23,0.047314501,512.06,6.229,3.52043,497.44,3.52043,0.0,-0.0019861946428571028,-0.0019861946428571028
2020-11-23,0.0,512.06,6.229,3.52043,497.44,3.52043,0.0,-0.0024421201502908513,-0.0024421201502908513
2020-11-23,0.0,512.06,6.229,3.52043,497.44,3.52043,0.0,-0.0024421201502908513,-0.0024421201502908513
2020-11-23,0.021824921,512.06,6.229,3.52043,497.44,3.52043,0.0,0.00014122694085327113,0.00014122694085327113
2020-11-23,0.1632279,512.06,6.229,3.52043,497.44,3.52043,0.0,-7.411249999999894e-05,-7.411249999999894e-05
2020-11-23,0.0,512.06,6.229,3.52043,497.44,3.52043,0.0,-0.0024421201502908513,-0.0024421201502908513
2020-11-23,0.124851709,512.06,6.229,3.52043,497.44,3.52043,0.0,-8.168749999999851e-05,-8.168749999999851e-05
2020-11-23,1.112671979,512.06,6.229,3.52043,497.44,3.52043,0.0,-1.3612499999999806e-05,-1.3612499999999806e-05
2020-11-23,0.0,512.06,6.229,3.52043,497.44,3.52043,0.0,-0.0024421201502908513,-0.0024421201502908513
2020-11-23,0.031991783,512.06,6.229,3.52043,497.44,3.52043,0.0,0.00016845194085327072,0.00016845194085327072
2020-11-23,0.060365394,512.06,6.229,3.52043,497.44,3.52043,0.0,-2.1994642857135536e-05,-2.1994642857135536e-05
2020-11-24,0.0,512.06,6.229,3.52043,497.44,3.52043,0.0,-0.0024421201502908513,-0.0024421201502908513
2020-11-24,0.040718522,512.06,6.229,3.52043,497.44,3.52043,0.0,-4.247305914672738e-05,-4.247305914672738e-05
2020-11-24,0.267022558,512.06,6.229,3.52043,497.44,3.52043,0.0,-3.781249999999946e-05,-3.781249999999946e-05
2020-11-24,0.0,512.06,6.229,3.52043,497.44,3.52043,0.0,-0.0024421201502908513,-0.0024421201502908513
2020-11-24,0.0,512.06,6.229,3.52043,497.44,3.52043,0.0,-0.0024421201502908513,-0.0024421201502908513
2020-11-24,0.076842287,512.06,6.229,3.52043,497.44,3.52043,0.0,0.0014508053571428696,0.0014508053571428696
2020-11-24,0.032156269,512.06,6.229,3.52043,497.44,3.52043,0.0,0.00016845194085327072,0.00016845194085327072
2020-11-24,0.0,512.06,6.229,3.52043,497.44,3.52043,0.0,-0.0024421201502908513,-0.0024421201502908513
2020-11-24,0.0,512.06,6.229,3.52043,497.44,3.52043,0.0,-0.0024421201502908513,-0.0024421201502908513
2020-11-24,0.0,512.06,6.229,3.52043,497.44,3.52043,0.0,-0.0024421201502908513,-0.0024421201502908513
2020-11-24,0.0,512.06,6.229,3.52043,497.44,3.52043,0.0,-0.0024421201502908513,-0.0024421201502908513
2020-11-25,3.260831268,512.06,6.229,3.47136,497.06,3.52043,-0.04907000000000039,0.0008874499999999985,0.04995745000000039
2020-11-25,4.370682072,512.06,6.229,3.47136,497.06,3.47136,0.0,-0.00010000000000000009,-0.00010000000000000009
2020-11-25,3.906999596,512.06,6.229,3.47136,497.06,3.47136,0.0,-0.00010000000000000009,-0.00010000000000000009
2020-11-25,1.957022578,512.06,6.229,3.47136,497.06,3.47136,0.0,-0.007370000000000081,-0.007370000000000081
2020-11-25,1.446660375,512.06,6.229,3.47136,497.06,3.47136,0.0,0.0,0.0
2020-11-25,1.556029404,512.06,6.229,3.47136,497.06,3.47136,0.0,0.0,0.0
2020-11-25,2.897928857,512.06,6.229,3.47136,497.06,3.47136,0.0,0.0,0.0
2020-11-25,0.948222179,512.06,6.229,3.47136,497.06,3.47136,0.0,0.0006027999999999967,0.0006027999999999967
2020-11-25,1.967113332,512.06,6.229,3.47136,497.06,3.47136,0.0,-0.002090000000000023,-0.002090000000000023
2020-11-25,3.53013357,512.06,6.229,3.47136,497.06,3.47136,0.0,0.0011976999999999992,0.0011976999999999992
2020-11-25,1.682252088,512.06,6.229,3.47136,497.06,3.47136,0.0,-5.5000000000000605e-05,-5.5000000000000605e-05
2020-11-26,13.09070237,512.06,6.229,3.47136,497.06,3.47136,0.0,0.0002803,0.0002803
2020-11-26,24.45309003,512.06,6.229,3.47136,497.06,3.47136,0.0,0.014167799999999944,0.014167799999999944
2020-11-26,15.27585063,512.06,6.229,3.47136,497.06,3.47136,0.0,-0.0005004000000000031,-0.0005004000000000031
2020-11-26,16.58807617,512.06,6.229,3.47136,497.06,3.47136,0.0,0.0037739500000000016,0.0037739500000000016
2020-11-26,30.00544405,512.06,6.229,3.47136,497.06,3.47136,0.0,0.00979560000000002,0.00979560000000002
2020-11-26,29.29066422,512.06,6.229,3.47136,497.06,3.47136,0.0,0.003300900000000002,0.003300900000000002
2020-11-26,24.98265265,512.06,6.229,3.47136,497.06,3.47136,0.0,0.0068159999999999775,0.0068159999999999775
2020-11-26,17.59563573,512.06,6.229,3.47136,497.06,3.47136,0.0,0.00680445,0.00680445
2020-11-26,17.83978486,512.06,6.229,3.47136,497.06,3.47136,0.0,0.006949349999999998,0.006949349999999998
2020-11-26,19.41624757,512.06,6.229,3.47136,497.06,3.47136,0.0,0.0004127999999999976,0.0004127999999999976
2020-11-26,22.28556659,512.06,6.229,3.47136,497.06,3.47136,0.0,0.0,0.0
2020-11-27,0.178158912,512.06,6.229,3.47136,497.06,3.47136,0.0,0.0,0.0
2020-11-27,0.356595762,512.06,6.229,3.47136,497.06,3.47136,0.0,0.0,0.0
2020-11-27,1.515492802,512.06,6.229,3.47136,497.06,3.47136,0.0,0.0,0.0
2020-11-27,0.608342952,512.06,6.229,3.47136,497.06,3.47136,0.0,-0.0021850000000000146,-0.0021850000000000146
2020-11-27,0.605331602,512.06,6.229,3.47136,497.06,3.47136,0.0,-0.007315000000000049,-0.007315000000000049
2020-11-27,0.444145221,512.06,6.229,3.47136,497.06,3.47136,0.0,-0.004455699999999984,-0.004455699999999984
2020-11-27,0.498148079,512.06,6.229,3.47136,497.06,3.47136,0.0,-0.0014533500000000032,-0.0014533500000000032
2020-11-27,2.567293802,512.06,6.229,3.47136,497.06,3.47136,0.0,-0.00011000000000000121,-0.00011000000000000121
2020-11-27,0.056831889,512.06,6.229,3.47136,497.06,3.47136,0.0,-0.00011292124999999903,-0.00011292124999999903
2020-11-27,1.335723658,512.06,6.229,3.47136,497.06,3.47136,0.0,0.0,0.0
2020-11-27,1.329997651,512.06,6.229,3.47136,497.06,3.47136,0.0,0.0,0.0
2020-11-28,0.0,512.06,6.229,3.47136,497.06,3.47136,0.0,-0.0006196831230874832,-0.0006196831230874832
2020-11-28,0.0,512.06,6.229,3.47136,497.06,3.47136,0.0,-0.0006196831230874832,-0.0006196831230874832
2020-11-28,0.0,512.06,6.229,3.47136,497.06,3.47136,0.0,-0.0006196831230874832,-0.0006196831230874832
2020-11-28,0.0,512.06,6.229,3.47136,497.06,3.47136,0.0,-0.0006196831230874832,-0.0006196831230874832
2020-11-28,0.165840724,512.06,6.229,3.47136,497.06,3.47136,0.0,0.0002473000000000014,0.0002473000000000014
2020-11-28,0.0,512.06,6.229,3.47136,497.06,3.47136,0.0,-0.0006196831230874832,-0.0006196831230874832
2020-11-28,0.222985756,512.06,6.229,3.47136,497.06,3.47136,0.0,0.0007454999999999945,0.0007454999999999945
2020-11-28,0.0,512.06,6.229,3.47136,497.06,3.47136,0.0,-0.0006196831230874832,-0.0006196831230874832
2020-11-28,0.0,512.06,6.229,3.47136,497.06,3.47136,0.0,-0.0006196831230874832,-0.0006196831230874832
2020-11-28,0.0,512.06,6.229,3.47136,497.06,3.47136,0.0,-0.0006196831230874832,-0.0006196831230874832
2020-11-28,0.0,512.06,6.229,3.47136,497.06,3.47136,0.0,-0.0006196831230874832,-0.0006196831230874832
2020-11-29,0.0,512.06,6.229,3.47136,497.06,3.47136,0.0,-0.0006196831230874832,-0.0006196831230874832
2020-11-29,0.00116042,512.06,6.229,3.47136,497.06,3.47136,0.0,0.02453307303855629,0.02453307303855629
2020-11-29,3.74959431,512.06,6.229,3.47136,497.06,3.47136,0.0,-0.00010000000000000009,-0.00010000000000000009
2020-11-29,0.127294566,512.06,6.229,3.47136,497.06,3.47136,0.0,-0.0015199999999999925,-0.0015199999999999925
2020-11-29,1.226985906,512.06,6.229,3.47136,497.06,3.47136,0.0,2.2999999999973043e-06,2.2999999999973043e-06
2020-11-29,1.739665514,512.06,6.229,3.47136,497.06,3.47136,0.0,0.0,0.0
2020-11-29,0.0,512.06,6.229,3.47136,497.06,3.47136,0.0,-0.0006196831230874832,-0.0006196831230874832
2020-11-29,1.333586872,512.06,6.229,3.47136,497.06,3.47136,0.0,0.0,0.0
2020-11-29,0.50690504,512.06,6.229,3.47136,497.06,3.47136,0.0,-0.0013942000000000032,-0.0013942000000000032
2020-11-29,0.0,512.06,6.229,3.47136,497.06,3.47136,0.0,-0.0006196831230874832,-0.0006196831230874832
2020-11-29,0.0,512.06,6.229,3.47136,497.06,3.47136,0.0,-0.0006196831230874832,-0.0006196831230874832
2020-11-30,0.012196416,512.06,6.229,3.47136,497.06,3.47136,0.0,-0.0002766670833333336,-0.0002766670833333336
2020-11-30,1.304314857,512.06,6.229,3.47136,497.06,3.47136,0.0,0.0,0.0
2020-11-30,0.702576544,512.06,6.229,3.47136,497.06,3.47136,0.0,0.0,0.0
2020-11-30,0.203765349,512.06,6.229,3.47136,497.06,3.47136,0.0,0.0,0.0
2020-11-30,0.000133939,512.06,6.229,3.47136,497.06,3.47136,0.0,0.016658268572896894,0.016658268572896894
2020-11-30,1.149225194,512.06,6.229,3.47136,497.06,3.47136,0.0,-0.004728500000000007,-0.004728500000000007
2020-11-30,0.352652802,512.06,6.229,3.47136,497.06,3.47136,0.0,0.0,0.0
2020-11-30,0.701252889,512.06,6.229,3.47136,497.06,3.47136,0.0,0.0,0.0
2020-11-30,0.0,512.06,6.229,3.47136,497.06,3.47136,0.0,-0.0006196831230874832,-0.0006196831230874832
2020-11-30,0.344227759,512.06,6.229,3.47136,497.06,3.47136,0.0,0.0,0.0
2020-11-30,0.046896046,512.06,6.229,3.47136,497.06,3.47136,0.0,-0.000332921249999997,-0.000332921249999997
2020-12-01,0.0,512.06,6.229,3.47136,497.06,3.47136,0.0,-0.0006196831230874832,-0.0006196831230874832
2020-12-01,0.0,512.06,6.229,3.47136,497.06,3.47136,0.0,-0.0006196831230874832,-0.0006196831230874832
2020-12-01,0.0,512.06,6.229,3.47136,497.06,3.47136,0.0,-0.0006196831230874832,-0.0006196831230874832
2020-12-01,0.0,512.06,6.229,3.47136,497.06,3.47136,0.0,-0.0006196831230874832,-0.0006196831230874832
2020-12-01,0.0,512.06,6.229,3.47136,497.06,3.47136,0.0,-0.0006196831230874832,-0.0006196831230874832
2020-12-01,0.0,512.06,6.229,3.47136,497.06,3.47136,0.0,-0.0006196831230874832,-0.0006196831230874832
2020-12-01,0.0,512.06,6.229,3.47136,497.06,3.47136,0.0,-0.0006196831230874832,-0.0006196831230874832
2020-12-01,0.0,512.06,6.229,3.47136,497.06,3.47136,0.0,-0.0006196831230874832,-0.0006196831230874832
2020-12-01,0.0,512.06,6.229,3.47136,497.06,3.47136,0.0,-0.0006196831230874832,-0.0006196831230874832
2020-12-01,0.0,512.06,6.229,3.47136,497.06,3.47136,0.0,-0.0006196831230874832,-0.0006196831230874832
2020-12-01,0.0,512.06,6.229,3.47136,497.06,3.47136,0.0,-0.0006196831230874832,-0.0006196831230874832
2020-12-02,0.0,512.06,6.229,3.371,496.28,3.47136,-0.10035999999999978,-0.01466540156813771,0.08569459843186207
2020-12-02,0.0,512.06,6.229,3.371,496.28,3.371,0.0,-0.01466540156813771,-0.01466540156813771
2020-12-02,0.0,512.06,6.229,3.371,496.28,3.371,0.0,-0.01466540156813771,-0.01466540156813771
2020-12-02,0.0,512.06,6.229,3.371,496.28,3.371,0.0,-0.01466540156813771,-0.01466540156813771
2020-12-02,0.0,512.06,6.229,3.371,496.28,3.371,0.0,-0.01466540156813771,-0.01466540156813771
2020-12-02,0.0,512.06,6.229,3.371,496.28,3.371,0.0,-0.01466540156813771,-0.01466540156813771
2020-12-02,0.0,512.06,6.229,3.371,496.28,3.371,0.0,-0.01466540156813771,-0.01466540156813771
2020-12-02,0.0,512.06,6.229,3.371,496.28,3.371,0.0,-0.01466540156813771,-0.01466540156813771
2020-12-02,0.0,512.06,6.229,3.371,496.28,3.371,0.0,-0.01466540156813771,-0.01466540156813771
2020-12-02,0.0,512.06,6.229,3.371,496.28,3.371,0.0,-0.01466540156813771,-0.01466540156813771
2020-12-02,0.0,512.06,6.229,3.371,496.28,3.371,0.0,-0.01466540156813771,-0.01466540156813771
2020-12-03,0.0,512.06,6.229,3.37126,496.28,3.371,0.00025999999999992696,-0.01466540156813771,-0.014925401568137637
2020-12-03,0.0,512.06,6.229,3.37126,496.28,3.37126,0.0,-0.01466540156813771,-0.01466540156813771
2020-12-03,0.0,512.06,6.229,3.37126,496.28,3.37126,0.0,-0.01466540156813771,-0.01466540156813771
2020-12-03,0.0,512.06,6.229,3.37126,496.28,3.37126,0.0,-0.01466540156813771,-0.01466540156813771
2020-12-03,0.0,512.06,6.229,3.37126,496.28,3.37126,0.0,-0.01466540156813771,-0.01466540156813771
2020-12-03,0.0,512.06,6.229,3.37126,496.28,3.37126,0.0,-0.01466540156813771,-0.01466540156813771
2020-12-03,0.0,512.06,6.229,3.37126,496.28,3.37126,0.0,-0.01466540156813771,-0.01466540156813771
2020-12-03,0.0,512.06,6.229,3.37126,496.28,3.37126,0.0,-0.01466540156813771,-0.01466540156813771
2020-12-03,0.0,512.06,6.229,3.37126,496.28,3.37126,0.0,-0.01466540156813771,-0.01466540156813771
2020-12-03,0.0,512.06,6.229,3.37126,496.28,3.37126,0.0,-0.01466540156813771,-0.01466540156813771
2020-12-03,0.0,512.06,6.229,3.37126,496.28,3.37126,0.0,-0.01466540156813771,-0.01466540156813771
2020-12-04,0.0,512.06,6.229,3.37126,496.28,3.37126,0.0,-0.01466540156813771,-0.01466540156813771
2020-12-04,0.0,512.06,6.229,3.37126,496.28,3.37126,0.0,-0.01466540156813771,-0.01466540156813771
2020-12-04,0.0,512.06,6.229,3.37126,496.28,3.37126,0.0,-0.01466540156813771,-0.01466540156813771
2020-12-04,0.0,512.06,6.229,3.37126,496.28,3.37126,0.0,-0.01466540156813771,-0.01466540156813771
2020-12-04,0.0,512.06,6.229,3.37126,496.28,3.37126,0.0,-0.01466540156813771,-0.01466540156813771
2020-12-04,0.0,512.06,6.229,3.37126,496.28,3.37126,0.0,-0.01466540156813771,-0.01466540156813771
2020-12-04,0.0,512.06,6.229,3.37126,496.28,3.37126,0.0,-0.01466540156813771,-0.01466540156813771
2020-12-04,0.0,512.06,6.229,3.37126,496.28,3.37126,0.0,-0.01466540156813771,-0.01466540156813771
2020-12-04,0.0,512.06,6.229,3.37126,496.28,3.37126,0.0,-0.01466540156813771,-0.01466540156813771
2020-12-04,0.0,512.06,6.229,3.37126,496.28,3.37126,0.0,-0.01466540156813771,-0.01466540156813771
2020-12-04,0.0,512.06,6.229,3.37126,496.28,3.37126,0.0,-0.01466540156813771,-0.01466540156813771
2020-12-05,0.0,512.06,6.229,3.37126,496.28,3.37126,0.0,-0.01466540156813771,-0.01466540156813771
2020-12-05,0.41851561,512.06,6.229,3.37126,496.28,3.37126,0.0,-0.004538972921122991,-0.004538972921122991
2020-12-05,0.904377932,512.06,6.229,3.37126,496.28,3.37126,0.0,-0.0026703229211229866,-0.0026703229211229866
2020-12-05,0.109506489,512.06,6.229,3.37126,496.28,3.37126,0.0,-0.0031567507435211768,-0.0031567507435211768
2020-12-05,0.029706162,512.06,6.229,3.37126,496.28,3.37126,0.0,-0.004430395796042181,-0.004430395796042181
2020-12-05,0.0,512.06,6.229,3.37126,496.28,3.37126,0.0,-0.01466540156813771,-0.01466540156813771
2020-12-05,1.242034143,512.06,6.229,3.37126,496.28,3.37126,0.0,-0.0018254484568372808,-0.0018254484568372808
2020-12-05,0.469078718,512.06,6.229,3.37126,496.28,3.37126,0.0,-0.016161522921123016,-0.016161522921123016
2020-12-05,0.0,512.06,6.229,3.37126,496.28,3.37126,0.0,-0.01466540156813771,-0.01466540156813771
2020-12-05,0.59991175,512.06,6.229,3.37126,496.28,3.37126,0.0,-0.006893922921123012,-0.006893922921123012
2020-12-05,0.0,512.06,6.229,3.37126,496.28,3.37126,0.0,-0.01466540156813771,-0.01466540156813771
2020-12-06,0.0,512.06,6.229,3.37126,496.28,3.37126,0.0,-0.01466540156813771,-0.01466540156813771
2020-12-06,0.003013543,512.06,6.229,3.37126,496.28,3.37126,0.0,-0.003817095796042183,-0.003817095796042183
2020-12-06,0.0,512.06,6.229,3.37126,496.28,3.37126,0.0,-0.01466540156813771,-0.01466540156813771
2020-12-06,0.120061012,512.06,6.229,3.37126,496.28,3.37126,0.0,-0.0031567507435211768,-0.0031567507435211768
2020-12-06,0.031000104,512.06,6.229,3.37126,496.28,3.37126,0.0,-0.004430395796042181,-0.004430395796042181
2020-12-06,0.0,512.06,6.229,3.37126,496.28,3.37126,0.0,-0.01466540156813771,-0.01466540156813771
2020-12-06,0.138974079,512.06,6.229,3.37126,496.28,3.37126,0.0,-0.003319150743521177,-0.003319150743521177
2020-12-06,0.19758939,512.06,6.229,3.37126,496.28,3.37126,0.0,-0.0021641399742904056,-0.0021641399742904056
2020-12-06,0.0,512.06,6.229,3.37126,496.28,3.37126,0.0,-0.01466540156813771,-0.01466540156813771
2020-12-06,0.007911239,512.06,6.229,3.37126,496.28,3.37126,0.0,-0.004430395796042181,-0.004430395796042181
2020-12-06,0.0,512.06,6.229,3.37126,496.28,3.37126,0.0,-0.01466540156813771,-0.01466540156813771
2020-12-07,0.0,512.06,6.229,3.37126,496.28,3.37126,0.0,-0.01466540156813771,-0.01466540156813771
2020-12-07,0.0,512.06,6.229,3.37126,496.28,3.37126,0.0,-0.01466540156813771,-0.01466540156813771
2020-12-07,0.0,512.06,6.229,3.37126,496.28,3.37126,0.0,-0.01466540156813771,-0.01466540156813771
2020-12-07,0.0,512.06,6.229,3.37126,496.28,3.37126,0.0,-0.01466540156813771,-0.01466540156813771
2020-12-07,0.0,512.06,6.229,3.37126,496.28,3.37126,0.0,-0.01466540156813771,-0.01466540156813771
2020-12-07,0.0,512.06,6.229,3.37126,496.28,3.37126,0.0,-0.01466540156813771,-0.01466540156813771
2020-12-07,0.0,512.06,6.229,3.37126,496.28,3.37126,0.0,-0.01466540156813771,-0.01466540156813771
2020-12-07,0.0,512.06,6.229,3.37126,496.28,3.37126,0.0,-0.01466540156813771,-0.01466540156813771
2020-12-07,0.0,512.06,6.229,3.37126,496.28,3.37126,0.0,-0.01466540156813771,-0.01466540156813771
2020-12-07,0.0,512.06,6.229,3.37126,496.28,3.37126,0.0,-0.01466540156813771,-0.01466540156813771
2020-12-07,0.0,512.06,6.229,3.37126,496.28,3.37126,0.0,-0.01466540156813771,-0.01466540156813771
2020-12-08,0.0,512.06,6.229,3.37126,496.28,3.37126,0.0,-0.01466540156813771,-0.01466540156813771
2020-12-08,0.0,512.06,6.229,3.37126,496.28,3.37126,0.0,-0.01466540156813771,-0.01466540156813771
2020-12-08,0.0,512.06,6.229,3.37126,496.28,3.37126,0.0,-0.01466540156813771,-0.01466540156813771
2020-12-08,0.0,512.06,6.229,3.37126,496.28,3.37126,0.0,-0.01466540156813771,-0.01466540156813771
2020-12-08,0.0,512.06,6.229,3.37126,496.28,3.37126,0.0,-0.01466540156813771,-0.01466540156813771
2020-12-08,0.0,512.06,6.229,3.37126,496.28,3.37126,0.0,-0.01466540156813771,-0.01466540156813771
2020-12-08,0.0,512.06,6.229,3.37126,496.28,3.37126,0.0,-0.01466540156813771,-0.01466540156813771
2020-12-08,0.0,512.06,6.229,3.37126,496.28,3.37126,0.0,-0.01466540156813771,-0.01466540156813771
2020-12-08,0.0,512.06,6.229,3.37126,496.28,3.37126,0.0,-0.01466540156813771,-0.01466540156813771
2020-12-08,0.0,512.06,6.229,3.37126,496.28,3.37126,0.0,-0.01466540156813771,-0.01466540156813771
2020-12-08,0.0,512.06,6.229,3.37126,496.28,3.37126,0.0,-0.01466540156813771,-0.01466540156813771
2020-12-09,0.0,512.06,6.229,3.32974,495.41,3.37126,-0.04151999999999978,0.0031543478820281034,0.044674347882027884
2020-12-09,0.0,512.06,6.229,3.32974,495.41,3.32974,0.0,0.0031543478820281034,0.0031543478820281034
2020-12-09,0.0,512.06,6.229,3.32974,495.41,3.32974,0.0,0.0031543478820281034,0.0031543478820281034
2020-12-09,0.0,512.06,6.229,3.32974,495.41,3.32974,0.0,0.0031543478820281034,0.0031543478820281034
2020-12-09,0.0,512.06,6.229,3.32974,495.41,3.32974,0.0,0.0031543478820281034,0.0031543478820281034
2020-12-09,0.0,512.06,6.229,3.32974,495.41,3.32974,0.0,0.0031543478820281034,0.0031543478820281034
2020-12-09,0.0,512.06,6.229,3.32974,495.41,3.32974,0.0,0.0031543478820281034,0.0031543478820281034
2020-12-09,0.0,512.06,6.229,3.32974,495.41,3.32974,0.0,0.0031543478820281034,0.0031543478820281034
2020-12-09,0.0,512.06,6.229,3.32974,495.41,3.32974,0.0,0.0031543478820281034,0.0031543478820281034
2020-12-09,0.0,512.06,6.229,3.32974,495.41,3.32974,0.0,0.0031543478820281034,0.0031543478820281034
2020-12-09,0.0,512.06,6.229,3.32974,495.41,3.32974,0.0,0.0031543478820281034,0.0031543478820281034
2020-12-10,2.678996516,512.06,6.229,3.23806,495.23,3.32974,-0.0916800000000002,-0.0005400000000000004,0.09114000000000021
2020-12-10,0.0,512.06,6.229,3.23806,495.23,3.23806,0.0,0.0,0.0
2020-12-10,0.0,512.06,6.229,3.23806,495.23,3.23806,0.0,0.0,0.0
2020-12-10,0.0,512.06,6.229,3.23806,495.23,3.23806,0.0,0.0,0.0
2020-12-10,0.0,512.06,6.229,3.23806,495.23,3.23806,0.0,0.0,0.0
2020-12-10,0.0,512.06,6.229,3.23806,495.23,3.23806,0.0,0.0,0.0
2020-12-10,0.32156269,512.06,6.229,3.23806,495.23,3.23806,0.0,-0.0036000000000000034,-0.0036000000000000034
2020-12-10,0.0,512.06,6.229,3.23806,495.23,3.23806,0.0,0.0,0.0
2020-12-10,0.407185232,512.06,6.229,3.23806,495.23,3.23806,0.0,-0.016182400000000013,-0.016182400000000013
2020-12-10,0.82654407,512.06,6.229,3.23806,495.23,3.23806,0.0,-0.0021600000000000018,-0.0021600000000000018
2020-12-10,0.0,512.06,6.229,3.23806,495.23,3.23806,0.0,0.0,0.0
2020-12-11,0.0,512.06,6.229,3.21586,495.06,3.23806,-0.022199999999999775,-0.005105876801985926,0.01709412319801385
2020-12-11,0.0,512.06,6.229,3.21586,495.06,3.21586,0.0,-0.005105876801985926,-0.005105876801985926
2020-12-11,0.309460776,512.06,6.229,3.21586,495.06,3.21586,0.0,-0.0035202397928868565,-0.0035202397928868565
2020-12-11,0.689209407,512.06,6.229,3.21586,495.06,3.21586,0.0,-0.0035385793650793682,-0.0035385793650793682
2020-12-11,0.0,512.06,6.229,3.21586,495.06,3.21586,0.0,-0.005105876801985926,-0.005105876801985926
2020-12-11,0.0,512.06,6.229,3.21586,495.06,3.21586,0.0,-0.005105876801985926,-0.005105876801985926
2020-12-11,2.036037379,512.06,6.229,3.21586,495.06,3.21586,0.0,-0.0010472222222222243,-0.0010472222222222243
2020-12-11,0.244387634,512.06,6.229,3.21586,495.06,3.21586,0.0,0.0002323511162040326,0.0002323511162040326
2020-12-11,0.0,512.06,6.229,3.21586,495.06,3.21586,0.0,-0.005105876801985926,-0.005105876801985926
2020-12-11,0.0,512.06,6.229,3.21586,495.06,3.21586,0.0,-0.005105876801985926,-0.005105876801985926
2020-12-11,0.0,512.06,6.229,3.21586,495.06,3.21586,0.0,-0.005105876801985926,-0.005105876801985926
2020-12-12,0.0,512.06,6.229,3.19561,494.9,3.21586,-0.020250000000000323,-0.005264494226228351,0.014985505773771973
2020-12-12,0.0,512.06,6.229,3.19561,494.9,3.19561,0.0,-0.005264494226228351,-0.005264494226228351
2020-12-12,0.0,512.06,6.229,3.19561,494.9,3.19561,0.0,-0.005264494226228351,-0.005264494226228351
2020-12-12,0.0,512.06,6.229,3.19561,494.9,3.19561,0.0,-0.005264494226228351,-0.005264494226228351
2020-12-12,0.0,512.06,6.229,3.19561,494.9,3.19561,0.0,-0.005264494226228351,-0.005264494226228351
2020-12-12,0.0,512.06,6.229,3.19561,494.9,3.19561,0.0,-0.005264494226228351,-0.005264494226228351
2020-12-12,0.0,512.06,6.229,3.19561,494.9,3.19561,0.0,-0.005264494226228351,-0.005264494226228351
2020-12-12,0.0,512.06,6.229,3.19561,494.9,3.19561,0.0,-0.005264494226228351,-0.005264494226228351
2020-12-12,0.0,512.06,6.229,3.19561,494.9,3.19561,0.0,-0.005264494226228351,-0.005264494226228351
2020-12-12,0.0,512.06,6.229,3.19561,494.9,3.19561,0.0,-0.005264494226228351,-0.005264494226228351
2020-12-12,0.0,512.06,6.229,3.19561,494.9,3.19561,0.0,-0.005264494226228351,-0.005264494226228351
2020-12-13,0.0,512.06,6.229,3.17574,494.75,3.19561,-0.019870000000000054,0.0,0.019870000000000054
2020-12-13,0.0,512.06,6.229,3.17574,494.75,3.17574,0.0,0.0,0.0
2020-12-13,0.0,512.06,6.229,3.17574,494.75,3.17574,0.0,0.0,0.0
2020-12-13,0.0,512.06,6.229,3.17574,494.75,3.17574,0.0,0.0,0.0
2020-12-13,0.0,512.06,6.229,3.17574,494.75,3.17574,0.0,0.0,0.0
2020-12-13,0.0,512.06,6.229,3.17574,494.75,3.17574,0.0,0.0,0.0
2020-12-13,0.0,512.06,6.229,3.17574,494.75,3.17574,0.0,0.0,0.0
2020-12-13,0.0,512.06,6.229,3.17574,494.75,3.17574,0.0,0.0,0.0
2020-12-13,0.0,512.06,6.229,3.17574,494.75,3.17574,0.0,0.0,0.0
2020-12-13,0.0,512.06,6.229,3.17574,494.75,3.17574,0.0,0.0,0.0
2020-12-13,0.0,512.06,6.229,3.17574,494.75,3.17574,0.0,0.0,0.0
2020-12-14,0.0,512.06,6.229,3.15393,494.57,3.17574,-0.021809999999999885,0.0,0.021809999999999885
2020-12-14,0.0,512.06,6.229,3.15393,494.57,3.15393,0.0,0.0,0.0
2020-12-14,0.0,512.06,6.229,3.15393,494.57,3.15393,0.0,0.0,0.0
2020-12-14,0.0,512.06,6.229,3.15393,494.57,3.15393,0.0,0.0,0.0
2020-12-14,0.0,512.06,6.229,3.15393,494.57,3.15393,0.0,0.0,0.0
2020-12-14,0.0,512.06,6.229,3.15393,494.57,3.15393,0.0,0.0,0.0
2020-12-14,0.0,512.06,6.229,3.15393,494.57,3.15393,0.0,0.0,0.0
2020-12-14,0.0,512.06,6.229,3.15393,494.57,3.15393,0.0,0.0,0.0
2020-12-14,0.0,512.06,6.229,3.15393,494.57,3.15393,0.0,0.0,0.0
2020-12-14,0.0,512.06,6.229,3.15393,494.57,3.15393,0.0,0.0,0.0
2020-12-14,0.0,512.06,6.229,3.15393,494.57,3.15393,0.0,0.0,0.0
2020-12-15,0.0,512.06,6.229,3.13134,494.4,3.15393,-0.02259000000000011,-0.005906244103119087,0.016683755896881022
2020-12-15,0.0,512.06,6.229,3.13134,494.4,3.13134,0.0,-0.005906244103119087,-0.005906244103119087
2020-12-15,0.0,512.06,6.229,3.13134,494.4,3.13134,0.0,-0.005906244103119087,-0.005906244103119087
2020-12-15,0.0,512.06,6.229,3.13134,494.4,3.13134,0.0,-0.005906244103119087,-0.005906244103119087
2020-12-15,0.0,512.06,6.229,3.13134,494.4,3.13134,0.0,-0.005906244103119087,-0.005906244103119087
2020-12-15,0.0,512.06,6.229,3.13134,494.4,3.13134,0.0,-0.005906244103119087,-0.005906244103119087
2020-12-15,0.0,512.06,6.229,3.13134,494.4,3.13134,0.0,-0.005906244103119087,-0.005906244103119087
2020-12-15,0.0,512.06,6.229,3.13134,494.4,3.13134,0.0,-0.005906244103119087,-0.005906244103119087
2020-12-15,0.0,512.06,6.229,3.13134,494.4,3.13134,0.0,-0.005906244103119087,-0.005906244103119087
2020-12-15,0.0,512.06,6.229,3.13134,494.4,3.13134,0.0,-0.005906244103119087,-0.005906244103119087
2020-12-15,0.0,512.06,6.229,3.13134,494.4,3.13134,0.0,-0.005906244103119087,-0.005906244103119087
2020-12-16,0.0,512.06,6.229,3.13134,494.4,3.13134,0.0,-0.005906244103119087,-0.005906244103119087
2020-12-16,0.0,512.06,6.229,3.13134,494.4,3.13134,0.0,-0.005906244103119087,-0.005906244103119087
2020-12-16,0.0,512.06,6.229,3.13134,494.4,3.13134,0.0,-0.005906244103119087,-0.005906244103119087
2020-12-16,0.0,512.06,6.229,3.13134,494.4,3.13134,0.0,-0.005906244103119087,-0.005906244103119087
2020-12-16,0.0,512.06,6.229,3.13134,494.4,3.13134,0.0,-0.005906244103119087,-0.005906244103119087
2020-12-16,0.0,512.06,6.229,3.13134,494.4,3.13134,0.0,-0.005906244103119087,-0.005906244103119087
2020-12-16,0.0,512.06,6.229,3.13134,494.4,3.13134,0.0,-0.005906244103119087,-0.005906244103119087
2020-12-16,0.0,512.06,6.229,3.13134,494.4,3.13134,0.0,-0.005906244103119087,-0.005906244103119087
2020-12-16,0.0,512.06,6.229,3.13134,494.4,3.13134,0.0,-0.005906244103119087,-0.005906244103119087
2020-12-16,0.0,512.06,6.229,3.13134,494.4,3.13134,0.0,-0.005906244103119087,-0.005906244103119087
2020-12-16,0.0,512.06,6.229,3.13134,494.4,3.13134,0.0,-0.005906244103119087,-0.005906244103119087
2020-12-17,0.0,512.06,6.229,3.08577,494.04,3.13134,-0.045569999999999666,-0.0012467344735491122,0.04432326552645056
2020-12-17,0.0,512.06,6.229,3.08577,494.04,3.08577,0.0,-0.0012467344735491122,-0.0012467344735491122
2020-12-17,0.0,512.06,6.229,3.08577,494.04,3.08577,0.0,-0.0012467344735491122,-0.0012467344735491122
2020-12-17,0.0,512.06,6.229,3.08577,494.04,3.08577,0.0,-0.0012467344735491122,-0.0012467344735491122
2020-12-17,0.0,512.06,6.229,3.08577,494.04,3.08577,0.0,-0.0012467344735491122,-0.0012467344735491122
2020-12-17,0.0,512.06,6.229,3.08577,494.04,3.08577,0.0,-0.0012467344735491122,-0.0012467344735491122
2020-12-17,0.0,512.06,6.229,3.08577,494.04,3.08577,0.0,-0.0012467344735491122,-0.0012467344735491122
2020-12-17,0.0,512.06,6.229,3.08577,494.04,3.08577,0.0,-0.0012467344735491122,-0.0012467344735491122
2020-12-17,0.0,512.06,6.229,3.08577,494.04,3.08577,0.0,-0.0012467344735491122,-0.0012467344735491122
2020-12-17,0.0,512.06,6.229,3.08577,494.04,3.08577,0.0,-0.0012467344735491122,-0.0012467344735491122
2020-12-17,0.0,512.06,6.229,3.08577,494.04,3.08577,0.0,-0.0012467344735491122,-0.0012467344735491122
2020-12-18,0.0,512.06,6.229,3.08577,494.04,3.08577,0.0,-0.0012467344735491122,-0.0012467344735491122
2020-12-18,0.0,512.06,6.229,3.08577,494.04,3.08577,0.0,-0.0012467344735491122,-0.0012467344735491122
2020-12-18,0.097117651,512.06,6.229,3.08577,494.04,3.08577,0.0,0.0008516000000000013,0.0008516000000000013
2020-12-18,0.0,512.06,6.229,3.08577,494.04,3.08577,0.0,-0.0012467344735491122,-0.0012467344735491122
2020-12-18,0.016168509,512.06,6.229,3.08577,494.04,3.08577,0.0,-3.800000000007131e-06,-3.800000000007131e-06
2020-12-18,0.0,512.06,6.229,3.08577,494.04,3.08577,0.0,-0.0012467344735491122,-0.0012467344735491122
2020-12-18,0.046332496,512.06,6.229,3.08577,494.04,3.08577,0.0,0.0,0.0
2020-12-18,0.0,512.06,6.229,3.08577,494.04,3.08577,0.0,-0.0012467344735491122,-0.0012467344735491122
2020-12-18,0.037632245,512.06,6.229,3.08577,494.04,3.08577,0.0,0.0,0.0
2020-12-18,0.0,512.06,6.229,3.08577,494.04,3.08577,0.0,-0.0012467344735491122,-0.0012467344735491122
2020-12-18,0.016748205,512.06,6.229,3.08577,494.04,3.08577,0.0,0.0,0.0
2020-12-19,2.389561719,512.06,6.229,3.08577,494.04,3.08577,0.0,0.00036444999999999837,0.00036444999999999837
2020-12-19,6.021463403,512.06,6.229,3.08577,494.04,3.08577,0.0,0.0,0.0
2020-12-19,15.7972293,512.06,6.229,3.08577,494.04,3.08577,0.0,-0.013326999999999896,-0.013326999999999896
2020-12-19,21.59627099,512.06,6.229,3.08577,494.04,3.08577,0.0,0.0008021999999999995,0.0008021999999999995
2020-12-19,7.430642129,512.06,6.229,3.08577,494.04,3.08577,0.0,0.0,0.0
2020-12-19,3.835433816,512.06,6.229,3.08577,494.04,3.08577,0.0,-0.0002862000000000009,-0.0002862000000000009
2020-12-19,0.290243153,512.06,6.229,3.08577,494.04,3.08577,0.0,0.00546699999999996,0.00546699999999996
2020-12-19,0.713891675,512.06,6.229,3.08577,494.04,3.08577,0.0,0.0002484999999999982,0.0002484999999999982
2020-12-19,1.336222025,512.06,6.229,3.08577,494.04,3.08577,0.0,0.0008925999999999945,0.0008925999999999945
2020-12-19,7.686949275,512.06,6.229,3.08577,494.04,3.08577,0.0,-0.0005895000000000028,-0.0005895000000000028
2020-12-19,0.003452974,512.06,6.229,3.08577,494.04,3.08577,0.0,0.004567086363636355,0.004567086363636355
2020-12-20,0.311267963,512.06,6.229,3.08577,494.04,3.08577,0.0,0.005218499999999962,0.005218499999999962
2020-12-20,1.38487941,512.06,6.229,3.08577,494.04,3.08577,0.0,0.00046319999999999695,0.00046319999999999695
2020-12-20,0.0,512.06,6.229,3.08577,494.04,3.08577,0.0,-0.0012467344735491122,-0.0012467344735491122
2020-12-20,0.0,512.06,6.229,3.08577,494.04,3.08577,0.0,-0.0012467344735491122,-0.0012467344735491122
2020-12-20,0.118729903,512.06,6.229,3.08577,494.04,3.08577,0.0,0.0,0.0
2020-12-20,0.671494147,512.06,6.229,3.08577,494.04,3.08577,0.0,0.0002484999999999982,0.0002484999999999982
2020-12-20,0.044478238,512.06,6.229,3.08577,494.04,3.08577,0.0,0.0,0.0
2020-12-20,0.0,512.06,6.229,3.08577,494.04,3.08577,0.0,-0.0012467344735491122,-0.0012467344735491122
2020-12-20,0.0,512.06,6.229,3.08577,494.04,3.08577,0.0,-0.0012467344735491122,-0.0012467344735491122
2020-12-20,1.398360301,512.06,6.229,3.08577,494.04,3.08577,0.0,0.00046319999999999695,0.00046319999999999695
2020-12-20,2.465879728,512.06,6.229,3.08577,494.04,3.08577,0.0,0.0002484999999999982,0.0002484999999999982
2020-12-21,0.0,512.06,6.229,2.9817,493.15,3.08577,-0.1040700000000001,-0.0027333419332026838,0.10133665806679742
2020-12-21,0.0,512.06,6.229,2.9817,493.15,2.9817,0.0,-0.0027333419332026838,-0.0027333419332026838
2020-12-21,0.0,512.06,6.229,2.9817,493.15,2.9817,0.0,-0.0027333419332026838,-0.0027333419332026838
2020-12-21,0.0,512.06,6.229,2.9817,493.15,2.9817,0.0,-0.0027333419332026838,-0.0027333419332026838
2020-12-21,0.0,512.06,6.229,2.9817,493.15,2.9817,0.0,-0.0027333419332026838,-0.0027333419332026838
2020-12-21,0.0,512.06,6.229,2.9817,493.15,2.9817,0.0,-0.0027333419332026838,-0.0027333419332026838
2020-12-21,0.0,512.06,6.229,2.9817,493.15,2.9817,0.0,-0.0027333419332026838,-0.0027333419332026838
2020-12-21,0.0,512.06,6.229,2.9817,493.15,2.9817,0.0,-0.0027333419332026838,-0.0027333419332026838
2020-12-21,0.0,512.06,6.229,2.9817,493.15,2.9817,0.0,-0.0027333419332026838,-0.0027333419332026838
2020-12-21,0.0,512.06,6.229,2.9817,493.15,2.9817,0.0,-0.0027333419332026838,-0.0027333419332026838
2020-12-21,0.016259728,512.06,6.229,2.9817,493.15,2.9817,0.0,-0.00026285186369186616,-0.00026285186369186616
2020-12-22,0.0,512.06,6.229,2.9545,492.9,2.9817,-0.027200000000000113,-0.0016594421755524676,0.025540557824447644
2020-12-22,0.315573293,512.06,6.229,2.9545,492.9,2.9545,0.0,0.0,0.0
2020-12-22,0.02227551,512.06,6.229,2.9545,492.9,2.9545,0.0,-2.3000000000000058e-05,-2.3000000000000058e-05
2020-12-22,1.537488505,512.06,6.229,2.9545,492.9,2.9545,0.0,0.0008587999999999951,0.0008587999999999951
2020-12-22,1.52487194,512.06,6.229,2.9545,492.9,2.9545,0.0,0.0008587999999999951,0.0008587999999999951
2020-12-22,4.587381668,512.06,6.229,2.9545,492.9,2.9545,0.0,0.0,0.0
2020-12-22,0.128330872,512.06,6.229,2.9545,492.9,2.9545,0.0,-0.005319999999999974,-0.005319999999999974
2020-12-22,7.228096876,512.06,6.229,2.9545,492.9,2.9545,0.0,0.0,0.0
2020-12-22,3.524592789,512.06,6.229,2.9545,492.9,2.9545,0.0,-0.009486350000000037,-0.009486350000000037
2020-12-22,0.0,512.06,6.229,2.9545,492.9,2.9545,0.0,-0.0016594421755524676,-0.0016594421755524676
2020-12-22,0.960215554,512.06,6.229,2.9545,492.9,2.9545,0.0,0.0015028999999999915,0.0015028999999999915
2020-12-23,4.033480822,512.06,6.229,2.9269,492.66,2.9545,-0.02760000000000007,-0.0005724000000000018,0.027027600000000068
2020-12-23,0.0,512.06,6.229,2.9269,492.66,2.9269,0.0,-0.0009645179987746494,-0.0009645179987746494
2020-12-23,0.0,512.06,6.229,2.9269,492.66,2.9269,0.0,-0.0009645179987746494,-0.0009645179987746494
2020-12-23,0.126633563,512.06,6.229,2.9269,492.66,2.9269,0.0,-0.003039999999999985,-0.003039999999999985
2020-12-23,0.353330712,512.06,6.229,2.9269,492.66,2.9269,0.0,0.0,0.0
2020-12-23,0.042712259,512.06,6.229,2.9269,492.66,2.9269,0.0,0.0,0.0
2020-12-23,0.0,512.06,6.229,2.9269,492.66,2.9269,0.0,-0.0009645179987746494,-0.0009645179987746494
2020-12-23,0.23509129,512.06,6.229,2.9269,492.66,2.9269,0.0,-0.003924600000000016,-0.003924600000000016
2020-12-23,0.0,512.06,6.229,2.9269,492.66,2.9269,0.0,-0.0009645179987746494,-0.0009645179987746494
2020-12-23,2.539771259,512.06,6.229,2.9269,492.66,2.9269,0.0,0.0,0.0
2020-12-23,0.0,512.06,6.229,2.9269,492.66,2.9269,0.0,-0.0009645179987746494,-0.0009645179987746494
2020-12-24,0.194141447,512.06,6.229,2.89789,492.4,2.9269,-0.02900999999999998,0.0006082500000000013,0.02961824999999998
2020-12-24,0.160231003,512.06,6.229,2.89789,492.4,2.89789,0.0,0.0,0.0
2020-12-24,1.032620152,512.06,6.229,2.89789,492.4,2.89789,0.0,0.00021469999999999877,0.00021469999999999877
2020-12-24,0.084016815,512.06,6.229,2.89789,492.4,2.89789,0.0,0.00020956696428571606,0.00020956696428571606
2020-12-24,3.739344173,512.06,6.229,2.89789,492.4,2.89789,0.0,-0.0011720500000000046,-0.0011720500000000046
2020-12-24,4.88e-05,512.06,6.229,2.89789,492.4,2.89789,0.0,0.004009572043650817,0.004009572043650817
2020-12-24,5.791142337,512.06,6.229,2.89789,492.4,2.89789,0.0,0.0,0.0
2020-12-24,0.02422966,512.06,6.229,2.89789,492.4,2.89789,0.0,0.00020956696428571606,0.00020956696428571606
2020-12-24,0.300200302,512.06,6.229,2.89789,492.4,2.89789,0.0,-0.008301999999999926,-0.008301999999999926
2020-12-24,0.096363911,512.06,6.229,2.89789,492.4,2.89789,0.0,0.00333536071428572,0.00333536071428572
2020-12-24,1.05926007,512.06,6.229,2.89789,492.4,2.89789,0.0,0.0,0.0
2020-12-25,0.0,512.06,6.229,2.89789,492.4,2.89789,0.0,0.005180175702075747,0.005180175702075747
2020-12-25,0.0,512.06,6.229,2.89789,492.4,2.89789,0.0,0.005180175702075747,0.005180175702075747
2020-12-25,0.0,512.06,6.229,2.89789,492.4,2.89789,0.0,0.005180175702075747,0.005180175702075747
2020-12-25,0.0,512.06,6.229,2.89789,492.4,2.89789,0.0,0.005180175702075747,0.005180175702075747
2020-12-25,0.0,512.06,6.229,2.89789,492.4,2.89789,0.0,0.005180175702075747,0.005180175702075747
2020-12-25,0.0,512.06,6.229,2.89789,492.4,2.89789,0.0,0.005180175702075747,0.005180175702075747
2020-12-25,0.0,512.06,6.229,2.89789,492.4,2.89789,0.0,0.005180175702075747,0.005180175702075747
2020-12-25,0.0,512.06,6.229,2.89789,492.4,2.89789,0.0,0.005180175702075747,0.005180175702075747
2020-12-25,0.0,512.06,6.229,2.89789,492.4,2.89789,0.0,0.005180175702075747,0.005180175702075747
2020-12-25,0.0,512.06,6.229,2.89789,492.4,2.89789,0.0,0.005180175702075747,0.005180175702075747
2020-12-25,0.0,512.06,6.229,2.89789,492.4,2.89789,0.0,0.005180175702075747,0.005180175702075747
2020-12-26,0.0,512.06,6.229,2.89789,492.4,2.89789,0.0,0.005180175702075747,0.005180175702075747
2020-12-26,0.0,512.06,6.229,2.89789,492.4,2.89789,0.0,0.005180175702075747,0.005180175702075747
2020-12-26,0.0,512.06,6.229,2.89789,492.4,2.89789,0.0,0.005180175702075747,0.005180175702075747
2020-12-26,0.0,512.06,6.229,2.89789,492.4,2.89789,0.0,0.005180175702075747,0.005180175702075747
2020-12-26,0.0,512.06,6.229,2.89789,492.4,2.89789,0.0,0.005180175702075747,0.005180175702075747
2020-12-26,0.0,512.06,6.229,2.89789,492.4,2.89789,0.0,0.005180175702075747,0.005180175702075747
2020-12-26,0.0,512.06,6.229,2.89789,492.4,2.89789,0.0,0.005180175702075747,0.005180175702075747
2020-12-26,0.0,512.06,6.229,2.89789,492.4,2.89789,0.0,0.005180175702075747,0.005180175702075747
2020-12-26,0.0,512.06,6.229,2.89789,492.4,2.89789,0.0,0.005180175702075747,0.005180175702075747
2020-12-26,0.0,512.06,6.229,2.89789,492.4,2.89789,0.0,0.005180175702075747,0.005180175702075747
2020-12-26,0.0,512.06,6.229,2.89789,492.4,2.89789,0.0,0.005180175702075747,0.005180175702075747
2020-12-27,1.789444887,512.06,6.229,2.89789,492.4,2.89789,0.0,0.0,0.0
2020-12-27,0.438074401,512.06,6.229,2.89789,492.4,2.89789,0.0,0.007018950000000057,0.007018950000000057
2020-12-27,4.145360029,512.06,6.229,2.89789,492.4,2.89789,0.0,0.0,0.0
2020-12-27,0.30684616,512.06,6.229,2.89789,492.4,2.89789,0.0,-0.000444749999999996,-0.000444749999999996
2020-12-27,3.531314965,512.06,6.229,2.89789,492.4,2.89789,0.0,-0.0034274500000000185,-0.0034274500000000185
2020-12-27,0.512570358,512.06,6.229,2.89789,492.4,2.89789,0.0,0.0,0.0
2020-12-27,0.0,512.06,6.229,2.89789,492.4,2.89789,0.0,0.005180175702075747,0.005180175702075747
2020-12-27,0.998150974,512.06,6.229,2.89789,492.4,2.89789,0.0,0.002576399999999985,0.002576399999999985
2020-12-27,1.320788179,512.06,6.229,2.89789,492.4,2.89789,0.0,0.0,0.0
2020-12-27,1.24548537,512.06,6.229,2.89789,492.4,2.89789,0.0,2.2999999999973043e-06,2.2999999999973043e-06
2020-12-27,1.213018432,512.06,6.229,2.89789,492.4,2.89789,0.0,1.1499999999986522e-06,1.1499999999986522e-06
2020-12-28,7.651461991,512.06,6.229,2.89789,492.4,2.89789,0.0,-0.00039324999999999386,-0.00039324999999999386
2020-12-28,11.84586593,512.06,6.229,2.89789,492.4,2.89789,0.0,-0.005133399999999972,-0.005133399999999972
2020-12-28,2.924214294,512.06,6.229,2.89789,492.4,2.89789,0.0,0.0,0.0
2020-12-28,10.04896156,512.06,6.229,2.89789,492.4,2.89789,0.0,-0.0042493499999999825,-0.0042493499999999825
2020-12-28,10.60723117,512.06,6.229,2.89789,492.4,2.89789,0.0,-0.0012842999999999939,-0.0012842999999999939
2020-12-28,2.562313524,512.06,6.229,2.89789,492.4,2.89789,0.0,0.0,0.0
2020-12-28,9.528193839,512.06,6.229,2.89789,492.4,2.89789,0.0,-0.001054349999999995,-0.001054349999999995
2020-12-28,14.14158218,512.06,6.229,2.89789,492.4,2.89789,0.0,-0.008221949999999957,-0.008221949999999957
2020-12-28,18.22095841,512.06,6.229,2.89789,492.4,2.89789,0.0,-0.0012540999999999913,-0.0012540999999999913
2020-12-28,9.479756839,512.06,6.229,2.89789,492.4,2.89789,0.0,-0.001054349999999995,-0.001054349999999995
2020-12-28,9.963774905,512.06,6.229,2.89789,492.4,2.89789,0.0,-0.0017643499999999922,-0.0017643499999999922
2020-12-29,0.061415646,512.06,6.229,2.89789,492.4,2.89789,0.0,0.00020956696428571606,0.00020956696428571606
2020-12-29,0.015058493,512.06,6.229,2.89789,492.4,2.89789,0.0,0.00020956696428571606,0.00020956696428571606
2020-12-29,0.009447728,512.06,6.229,2.89789,492.4,2.89789,0.0,0.00020956696428571606,0.00020956696428571606
2020-12-29,4.131153739,512.06,6.229,2.89789,492.4,2.89789,0.0,0.0,0.0
2020-12-29,0.0,512.06,6.229,2.89789,492.4,2.89789,0.0,0.005180175702075747,0.005180175702075747
2020-12-29,0.256408589,512.06,6.229,2.89789,492.4,2.89789,0.0,0.0001598999999999995,0.0001598999999999995
2020-12-29,0.003397541,512.06,6.229,2.89789,492.4,2.89789,0.0,0.0005162169642857155,0.0005162169642857155
2020-12-29,0.009931791,512.06,6.229,2.89789,492.4,2.89789,0.0,0.00020956696428571606,0.00020956696428571606
2020-12-29,1.846092905,512.06,6.229,2.89789,492.4,2.89789,0.0,0.0,0.0
2020-12-29,0.0,512.06,6.229,2.89789,492.4,2.89789,0.0,0.005180175702075747,0.005180175702075747
2020-12-29,0.393539237,512.06,6.229,2.89789,492.4,2.89789,0.0,-0.0003600000000000003,-0.0003600000000000003
2020-12-30,0.0,512.06,6.229,2.689,490.53,2.89789,-0.2088899999999998,-0.000801470958016671,0.20808852904198313
2020-12-30,0.007990405,512.06,6.229,2.689,490.53,2.689,0.0,6.150000000000322e-06,6.150000000000322e-06
2020-12-30,0.0,512.06,6.229,2.689,490.53,2.689,0.0,-0.000801470958016671,-0.000801470958016671
2020-12-30,0.029458049,512.06,6.229,2.689,490.53,2.689,0.0,6.150000000000322e-06,6.150000000000322e-06
2020-12-30,0.071488602,512.06,6.229,2.689,490.53,2.689,0.0,6.150000000000322e-06,6.150000000000322e-06
2020-12-30,0.0,512.06,6.229,2.689,490.53,2.689,0.0,-0.000801470958016671,-0.000801470958016671
2020-12-30,0.0,512.06,6.229,2.689,490.53,2.689,0.0,-0.000801470958016671,-0.000801470958016671
2020-12-30,0.379766251,512.06,6.229,2.689,490.53,2.689,0.0,0.0,0.0
2020-12-30,0.010815518,512.06,6.229,2.689,490.53,2.689,0.0,6.150000000000322e-06,6.150000000000322e-06
2020-12-30,0.0,512.06,6.229,2.689,490.53,2.689,0.0,-0.000801470958016671,-0.000801470958016671
2020-12-30,0.0,512.06,6.229,2.689,490.53,2.689,0.0,-0.000801470958016671,-0.000801470958016671
2020-12-31,0.0,512.06,6.229,2.689,490.53,2.689,0.0,-0.000801470958016671,-0.000801470958016671
2020-12-31,0.0,512.06,6.229,2.689,490.53,2.689,0.0,-0.000801470958016671,-0.000801470958016671
2020-12-31,0.0,512.06,6.229,2.689,490.53,2.689,0.0,-0.000801470958016671,-0.000801470958016671
2020-12-31,0.0,512.06,6.229,2.689,490.53,2.689,0.0,-0.000801470958016671,-0.000801470958016671
2020-12-31,0.0,512.06,6.229,2.689,490.53,2.689,0.0,-0.000801470958016671,-0.000801470958016671
2020-12-31,0.0,512.06,6.229,2.689,490.53,2.689,0.0,-0.000801470958016671,-0.000801470958016671
2020-12-31,0.0,512.06,6.229,2.689,490.53,2.689,0.0,-0.000801470958016671,-0.000801470958016671
2020-12-31,0.0,512.06,6.229,2.689,490.53,2.689,0.0,-0.000801470958016671,-0.000801470958016671
2020-12-31,0.0,512.06,6.229,2.689,490.53,2.689,0.0,-0.000801470958016671,-0.000801470958016671
2020-12-31,0.0,512.06,6.229,2.689,490.53,2.689,0.0,-0.000801470958016671,-0.000801470958016671
2020-12-31,0.0,512.06,6.229,2.689,490.53,2.689,0.0,-0.000801470958016671,-0.000801470958016671
