Date,Avg_rainfall,Full_reservoir_level,Live_capacity_FRL,Storage,Level,Storage_shift,delta_storage,predicted_inflow,estimated_outflow
2020-01-01,0.0,0.0,0.0,0.7626400494757583,0.8158259915448394,0.7626400494757583,0.0,0.0,0.0
2020-01-01,0.0,0.0,0.0,0.7626400494757583,0.8158259915448394,0.7626400494757583,0.0,0.0,0.0
2020-01-01,0.0,0.0,0.0,0.7626400494757583,0.8158259915448394,0.7626400494757583,0.0,0.0,0.0
2020-01-01,0.0,0.0,0.0,0.7626400494757583,0.8158259915448394,0.7626400494757583,0.0,0.0,0.0
2020-01-01,0.0,0.0,0.0,0.7626400494757583,0.8158259915448394,0.7626400494757583,0.0,0.0,0.0
2020-01-01,0.0,0.0,0.0,0.7626400494757583,0.8158259915448394,0.7626400494757583,0.0,0.0,0.0
2020-01-01,0.0,0.0,0.0,0.7626400494757583,0.8158259915448394,0.7626400494757583,0.0,0.0,0.0
2020-01-01,0.0,0.0,0.0,0.7626400494757583,0.8158259915448394,0.7626400494757583,0.0,0.0,0.0
2020-01-01,0.0,0.0,0.0,0.7626400494757583,0.8158259915448394,0.7626400494757583,0.0,0.0,0.0
2020-01-01,0.0,0.0,0.0,0.7626400494757583,0.8158259915448394,0.7626400494757583,0.0,0.0,0.0
2020-01-02,0.0,0.0,0.0,0.7568870543226566,0.8113079678574859,0.7626400494757583,-0.005752995153101681,0.0,0.005752995153101681
2020-01-02,7.080005417448663e-05,0.0,0.0,0.7568870543226566,0.8113079678574859,0.7568870543226566,0.0,0.0,0.0
2020-01-02,0.0,0.0,0.0,0.7568870543226566,0.8113079678574859,0.7568870543226566,0.0,0.0,0.0
2020-01-02,5.8983324551225095e-05,0.0,0.0,0.7568870543226566,0.8113079678574859,0.7568870543226566,0.0,0.0,0.0
2020-01-02,0.0,0.0,0.0,0.7568870543226566,0.8113079678574859,0.7568870543226566,0.0,0.0,0.0
2020-01-02,0.0,0.0,0.0,0.7568870543226566,0.8113079678574859,0.7568870543226566,0.0,0.0,0.0
2020-01-02,4.571176907199442e-06,0.0,0.0,0.7568870543226566,0.8113079678574859,0.7568870543226566,0.0,0.0,0.0
2020-01-02,0.0,0.0,0.0,0.7568870543226566,0.8113079678574859,0.7568870543226566,0.0,0.0,0.0
2020-01-02,0.0,0.0,0.0,0.7568870543226566,0.8113079678574859,0.7568870543226566,0.0,0.0,0.0
2020-01-02,0.0,0.0,0.0,0.7568870543226566,0.8113079678574859,0.7568870543226566,0.0,0.0,0.0
2020-01-02,0.0020993950572206,0.0,0.0,0.7568870543226566,0.8113079678574859,0.7568870543226566,0.0,0.0,0.0
2020-01-03,0.0080774720458887,0.0,0.0,0.7568870543226566,0.8113079678574859,0.7568870543226566,0.0,0.0,0.0
2020-01-03,8.084774990243116e-05,0.0,0.0,0.7568870543226566,0.8113079678574859,0.7568870543226566,0.0,0.0,0.0
2020-01-03,0.0003673270415797,0.0,0.0,0.7568870543226566,0.8113079678574859,0.7568870543226566,0.0,0.0,0.0
2020-01-03,0.0063296009966856,0.0,0.0,0.7568870543226566,0.8113079678574859,0.7568870543226566,0.0,0.0,0.0
2020-01-03,0.0,0.0,0.0,0.7568870543226566,0.8113079678574859,0.7568870543226566,0.0,0.0,0.0
2020-01-03,0.0006455944097009,0.0,0.0,0.7568870543226566,0.8113079678574859,0.7568870543226566,0.0,0.0,0.0
2020-01-03,0.0110365418938055,0.0,0.0,0.7568870543226566,0.8113079678574859,0.7568870543226566,0.0,0.0,0.0
2020-01-03,3.186638665156167e-05,0.0,0.0,0.7568870543226566,0.8113079678574859,0.7568870543226566,0.0,0.0028149788817136232,0.0028149788817136232
2020-01-03,0.0,0.0,0.0,0.7568870543226566,0.8113079678574859,0.7568870543226566,0.0,0.0,0.0
2020-01-03,0.0041823216061995,0.0,0.0,0.7568870543226566,0.8113079678574859,0.7568870543226566,0.0,0.0,0.0
2020-01-03,0.0015901052219518,0.0,0.0,0.7568870543226566,0.8113079678574859,0.7568870543226566,0.0,0.0,0.0
2020-01-04,0.0112594675635326,0.0,0.0,0.7568870543226566,0.8113079678574859,0.7568870543226566,0.0,0.0,0.0
2020-01-04,0.0162484145884152,0.0,0.0,0.7568870543226566,0.8113079678574859,0.7568870543226566,0.0,0.0,0.0
2020-01-04,0.0786551043896046,0.0,0.0,0.7568870543226566,0.8113079678574859,0.7568870543226566,0.0,0.0008582893468912322,0.0008582893468912322
2020-01-04,0.0059691261291356,0.0,0.0,0.7568870543226566,0.8113079678574859,0.7568870543226566,0.0,0.0,0.0
2020-01-04,8.984528299843814e-05,0.0,0.0,0.7568870543226566,0.8113079678574859,0.7568870543226566,0.0,0.0,0.0
2020-01-04,0.0148090700299749,0.0,0.0,0.7568870543226566,0.8113079678574859,0.7568870543226566,0.0,0.00043230882077981316,0.00043230882077981316
2020-01-04,0.0,0.0,0.0,0.7568870543226566,0.8113079678574859,0.7568870543226566,0.0,0.0,0.0
2020-01-04,0.0442750925986431,0.0,0.0,0.7568870543226566,0.8113079678574859,0.7568870543226566,0.0,0.0,0.0
2020-01-04,0.0,0.0,0.0,0.7568870543226566,0.8113079678574859,0.7568870543226566,0.0,0.0,0.0
2020-01-04,0.0023016407308481,0.0,0.0,0.7568870543226566,0.8113079678574859,0.7568870543226566,0.0,0.0,0.0
2020-01-04,0.0146906156264817,0.0,0.0,0.7568870543226566,0.8113079678574859,0.7568870543226566,0.0,0.0,0.0
2020-01-05,0.0066389828166486,0.0,0.0,0.7402033683786621,0.7983993287507669,0.7568870543226566,-0.016683685943994497,0.0,0.016683685943994497
2020-01-05,0.0264129085015208,0.0,0.0,0.7402033683786621,0.7983993287507669,0.7402033683786621,0.0,0.0,0.0
2020-01-05,0.0082248029105625,0.0,0.0,0.7402033683786621,0.7983993287507669,0.7402033683786621,0.0,0.0,0.0
2020-01-05,0.0338924003725082,0.0,0.0,0.7402033683786621,0.7983993287507669,0.7402033683786621,0.0,0.0,0.0
2020-01-05,0.0705916189393802,0.0,0.0,0.7402033683786621,0.7983993287507669,0.7402033683786621,0.0,0.00021457233672280806,0.00021457233672280806
2020-01-05,0.0386671365063196,0.0,0.0,0.7402033683786621,0.7983993287507669,0.7402033683786621,0.0,0.0,0.0
2020-01-05,0.017998427433931,0.0,0.0,0.7402033683786621,0.7983993287507669,0.7402033683786621,0.0,0.0,0.0
2020-01-05,0.0099003963019629,0.0,0.0,0.7402033683786621,0.7983993287507669,0.7402033683786621,0.0,0.0,0.0
2020-01-05,0.0049422226586146,0.0,0.0,0.7402033683786621,0.7983993287507669,0.7402033683786621,0.0,0.0,0.0
2020-01-05,0.0065248690545598,0.0,0.0,0.7402033683786621,0.7983993287507669,0.7402033683786621,0.0,0.0,0.0
2020-01-05,0.004822319034267,0.0,0.0,0.7402033683786621,0.7983993287507669,0.7402033683786621,0.0,0.0,0.0
2020-01-06,0.0115012406025474,0.0,0.0,0.7402033683786621,0.7983993287507669,0.7402033683786621,0.0,0.0,0.0
2020-01-06,0.0035930312259576,0.0,0.0,0.7402033683786621,0.7983993287507669,0.7402033683786621,0.0,0.0012032389362711905,0.0012032389362711905
2020-01-06,0.0009532196728598,0.0,0.0,0.7402033683786621,0.7983993287507669,0.7402033683786621,0.0,0.0,0.0
2020-01-06,0.0112900405215406,0.0,0.0,0.7402033683786621,0.7983993287507669,0.7402033683786621,0.0,0.0,0.0
2020-01-06,0.0002570623205195,0.0,0.0,0.7402033683786621,0.7983993287507669,0.7402033683786621,0.0,0.0,0.0
2020-01-06,0.0026501040204362,0.0,0.0,0.7402033683786621,0.7983993287507669,0.7402033683786621,0.0,0.00021340735520430476,0.00021340735520430476
2020-01-06,0.0,0.0,0.0,0.7402033683786621,0.7983993287507669,0.7402033683786621,0.0,0.0,0.0
2020-01-06,0.0059048068132893,0.0,0.0,0.7402033683786621,0.7983993287507669,0.7402033683786621,0.0,0.0,0.0
2020-01-06,0.0020393068020169,0.0,0.0,0.7402033683786621,0.7983993287507669,0.7402033683786621,0.0,0.0,0.0
2020-01-06,0.0020500668844984,0.0,0.0,0.7402033683786621,0.7983993287507669,0.7402033683786621,0.0,0.0,0.0
2020-01-06,0.0004768989188572,0.0,0.0,0.7402033683786621,0.7983993287507669,0.7402033683786621,0.0,0.0,0.0
2020-01-07,0.1982059251043276,0.0,0.0,0.7402033683786621,0.7983993287507669,0.7402033683786621,0.0,0.0,0.0
2020-01-07,0.2090980925779902,0.0,0.0,0.7402033683786621,0.7983993287507669,0.7402033683786621,0.0,0.0,0.0
2020-01-07,0.1813514436355747,0.0,0.0,0.7402033683786621,0.7983993287507669,0.7402033683786621,0.0,0.00024424340922492906,0.00024424340922492906
2020-01-07,0.2136657246198439,0.0,0.0,0.7402033683786621,0.7983993287507669,0.7402033683786621,0.0,0.0,0.0
2020-01-07,0.1792685148952786,0.0,0.0,0.7402033683786621,0.7983993287507669,0.7402033683786621,0.0,0.00024424340922492906,0.00024424340922492906
2020-01-07,0.0977851144521834,0.0,0.0,0.7402033683786621,0.7983993287507669,0.7402033683786621,0.0,0.0,0.0
2020-01-07,0.2272321258394307,0.0,0.0,0.7402033683786621,0.7983993287507669,0.7402033683786621,0.0,0.00012804728962015593,0.00012804728962015593
2020-01-07,0.1609003449175149,0.0,0.0,0.7402033683786621,0.7983993287507669,0.7402033683786621,0.0,0.0,0.0
2020-01-07,0.1975553904373111,0.0,0.0,0.7402033683786621,0.7983993287507669,0.7402033683786621,0.0,0.0,0.0
2020-01-07,0.13250409363152,0.0,0.0,0.7402033683786621,0.7983993287507669,0.7402033683786621,0.0,0.0,0.0
2020-01-07,0.2382732878197448,0.0,0.0,0.7402033683786621,0.7983993287507669,0.7402033683786621,0.0,8.346157718362168e-05,8.346157718362168e-05
2020-01-08,0.2002069120013989,0.0,0.0,0.7402033683786621,0.7983993287507669,0.7402033683786621,0.0,0.0,0.0
2020-01-08,0.2947671589796627,0.0,0.0,0.7402033683786621,0.7983993287507669,0.7402033683786621,0.0,0.0,0.0
2020-01-08,0.5346618342207611,0.0,0.0,0.7402033683786621,0.7983993287507669,0.7402033683786621,0.0,0.0,0.0
2020-01-08,0.3250109107988864,0.0,0.0,0.7402033683786621,0.7983993287507669,0.7402033683786621,0.0,0.0,0.0
2020-01-08,0.4730125127417225,0.0,0.0,0.7402033683786621,0.7983993287507669,0.7402033683786621,0.0,0.0,0.0
2020-01-08,0.4495126818006441,0.0,0.0,0.7402033683786621,0.7983993287507669,0.7402033683786621,0.0,0.0004402911015547506,0.0004402911015547506
2020-01-08,0.1633663434642793,0.0,0.0,0.7402033683786621,0.7983993287507669,0.7402033683786621,0.0,0.0,0.0
2020-01-08,0.2473883340963772,0.0,0.0,0.7402033683786621,0.7983993287507669,0.7402033683786621,0.0,0.0,0.0
2020-01-08,0.3742610839616082,0.0,0.0,0.7402033683786621,0.7983993287507669,0.7402033683786621,0.0,0.0,0.0
2020-01-08,0.4571666211909735,0.0,0.0,0.7402033683786621,0.7983993287507669,0.7402033683786621,0.0,0.0,0.0
2020-01-08,0.4207075260783631,0.0,0.0,0.7402033683786621,0.7983993287507669,0.7402033683786621,0.0,0.0,0.0
2020-01-09,0.4114789021967987,0.0,0.0,0.7252455809805981,0.7864588375770456,0.7402033683786621,-0.01495778739806397,0.0,0.01495778739806397
2020-01-09,0.2186855556654139,0.0,0.0,0.7252455809805981,0.7864588375770456,0.7252455809805981,0.0,0.0,0.0
2020-01-09,0.1518547572810409,0.0,0.0,0.7252455809805981,0.7864588375770456,0.7252455809805981,0.0,0.0,0.0
2020-01-09,0.0652567845107043,0.0,0.0,0.7252455809805981,0.7864588375770456,0.7252455809805981,0.0,0.0,0.0
2020-01-09,0.2700249478410555,0.0,0.0,0.7252455809805981,0.7864588375770456,0.7252455809805981,0.0,0.0008301572005925573,0.0008301572005925573
2020-01-09,0.2266965898539375,0.0,0.0,0.7252455809805981,0.7864588375770456,0.7252455809805981,0.0,0.0,0.0
2020-01-09,0.4335868304306247,0.0,0.0,0.7252455809805981,0.7864588375770456,0.7252455809805981,0.0,0.0,0.0
2020-01-09,0.1225637838898738,0.0,0.0,0.7252455809805981,0.7864588375770456,0.7252455809805981,0.0,0.0,0.0
2020-01-09,0.3495054324466637,0.0,0.0,0.7252455809805981,0.7864588375770456,0.7252455809805981,0.0,0.0,0.0
2020-01-09,0.0996186057312307,0.0,0.0,0.7252455809805981,0.7864588375770456,0.7252455809805981,0.0,0.0,0.0
2020-01-09,0.0749186191712195,0.0,0.0,0.7252455809805981,0.7864588375770456,0.7252455809805981,0.0,0.0011309094047088364,0.0011309094047088364
2020-01-10,0.0,0.0,0.0,0.7252455809805981,0.7864588375770456,0.7252455809805981,0.0,0.0,0.0
2020-01-10,9.108843060415866e-06,0.0,0.0,0.7252455809805981,0.7864588375770456,0.7252455809805981,0.0,0.0,0.0
2020-01-10,0.0,0.0,0.0,0.7252455809805981,0.7864588375770456,0.7252455809805981,0.0,0.0,0.0
2020-01-10,0.0,0.0,0.0,0.7252455809805981,0.7864588375770456,0.7252455809805981,0.0,0.0,0.0
2020-01-10,0.0,0.0,0.0,0.7252455809805981,0.7864588375770456,0.7252455809805981,0.0,0.0,0.0
2020-01-10,0.0,0.0,0.0,0.7252455809805981,0.7864588375770456,0.7252455809805981,0.0,0.0,0.0
2020-01-10,0.0,0.0,0.0,0.7252455809805981,0.7864588375770456,0.7252455809805981,0.0,0.0,0.0
2020-01-10,0.0,0.0,0.0,0.7252455809805981,0.7864588375770456,0.7252455809805981,0.0,0.0,0.0
2020-01-10,0.0,0.0,0.0,0.7252455809805981,0.7864588375770456,0.7252455809805981,0.0,0.0,0.0
2020-01-10,0.0,0.0,0.0,0.7252455809805981,0.7864588375770456,0.7252455809805981,0.0,0.0,0.0
2020-01-10,0.0,0.0,0.0,0.7252455809805981,0.7864588375770456,0.7252455809805981,0.0,0.0,0.0
2020-01-11,0.0,0.0,0.0,0.7200678853428065,0.7822635298673628,0.7252455809805981,-0.0051776956377915795,0.0,0.0051776956377915795
2020-01-11,0.0,0.0,0.0,0.7200678853428065,0.7822635298673628,0.7200678853428065,0.0,0.0,0.0
2020-01-11,0.0,0.0,0.0,0.7200678853428065,0.7822635298673628,0.7200678853428065,0.0,0.0,0.0
2020-01-11,0.0,0.0,0.0,0.7200678853428065,0.7822635298673628,0.7200678853428065,0.0,0.0,0.0
2020-01-11,0.0,0.0,0.0,0.7200678853428065,0.7822635298673628,0.7200678853428065,0.0,0.0,0.0
2020-01-11,0.0,0.0,0.0,0.7200678853428065,0.7822635298673628,0.7200678853428065,0.0,0.0,0.0
2020-01-11,0.0,0.0,0.0,0.7200678853428065,0.7822635298673628,0.7200678853428065,0.0,0.0,0.0
2020-01-11,0.0,0.0,0.0,0.7200678853428065,0.7822635298673628,0.7200678853428065,0.0,0.0,0.0
2020-01-11,0.0,0.0,0.0,0.7200678853428065,0.7822635298673628,0.7200678853428065,0.0,0.0,0.0
2020-01-11,0.0,0.0,0.0,0.7200678853428065,0.7822635298673628,0.7200678853428065,0.0,0.0,0.0
2020-01-11,0.0,0.0,0.0,0.7200678853428065,0.7822635298673628,0.7200678853428065,0.0,0.0,0.0
2020-01-12,0.0243301926469355,0.0,0.0,0.7169037380086006,0.7800045180236861,0.7200678853428065,-0.0031641473342058912,0.0,0.0031641473342058912
2020-01-12,0.022016311740522,0.0,0.0,0.7169037380086006,0.7800045180236861,0.7169037380086006,0.0,0.0,0.0
2020-01-12,0.0017266868563811,0.0,0.0,0.7169037380086006,0.7800045180236861,0.7169037380086006,0.0,3.952307670180899e-05,3.952307670180899e-05
2020-01-12,0.0211070211928218,0.0,0.0,0.7169037380086006,0.7800045180236861,0.7169037380086006,0.0,0.0,0.0
2020-01-12,0.0,0.0,0.0,0.7169037380086006,0.7800045180236861,0.7169037380086006,0.0,9.89262287425618e-06,9.89262287425618e-06
2020-01-12,0.0044569611221568,0.0,0.0,0.7169037380086006,0.7800045180236861,0.7169037380086006,0.0,0.0,0.0
2020-01-12,0.0,0.0,0.0,0.7169037380086006,0.7800045180236861,0.7169037380086006,0.0,9.89262287425618e-06,9.89262287425618e-06
2020-01-12,0.0097198121407047,0.0,0.0,0.7169037380086006,0.7800045180236861,0.7169037380086006,0.0,0.0,0.0
2020-01-12,0.0,0.0,0.0,0.7169037380086006,0.7800045180236861,0.7169037380086006,0.0,9.89262287425618e-06,9.89262287425618e-06
2020-01-12,0.0455471796621841,0.0,0.0,0.7169037380086006,0.7800045180236861,0.7169037380086006,0.0,0.0,0.0
2020-01-12,0.0,0.0,0.0,0.7169037380086006,0.7800045180236861,0.7169037380086006,0.0,9.89262287425618e-06,9.89262287425618e-06
2020-01-13,0.1378117932638072,0.0,0.0,0.7128766414014295,0.7767773582470046,0.7169037380086006,-0.0040270966071711545,0.0,0.0040270966071711545
2020-01-13,0.0,0.0,0.0,0.7128766414014295,0.7767773582470046,0.7128766414014295,0.0,2.3570021142256795e-05,2.3570021142256795e-05
2020-01-13,0.1082648214589318,0.0,0.0,0.7128766414014295,0.7767773582470046,0.7128766414014295,0.0,0.0,0.0
2020-01-13,0.0,0.0,0.0,0.7128766414014295,0.7767773582470046,0.7128766414014295,0.0,2.3570021142256795e-05,2.3570021142256795e-05
2020-01-13,0.0,0.0,0.0,0.7128766414014295,0.7767773582470046,0.7128766414014295,0.0,2.3570021142256795e-05,2.3570021142256795e-05
2020-01-13,0.2379521559637143,0.0,0.0,0.7128766414014295,0.7767773582470046,0.7128766414014295,0.0,0.00042035697334925014,0.00042035697334925014
2020-01-13,0.0332703294089913,0.0,0.0,0.7128766414014295,0.7767773582470046,0.7128766414014295,0.0,0.0,0.0
2020-01-13,0.0,0.0,0.0,0.7128766414014295,0.7767773582470046,0.7128766414014295,0.0,2.3570021142256795e-05,2.3570021142256795e-05
2020-01-13,0.0096919931167325,0.0,0.0,0.7128766414014295,0.7767773582470046,0.7128766414014295,0.0,0.0,0.0
2020-01-13,0.0467779023210779,0.0,0.0,0.7128766414014295,0.7767773582470046,0.7128766414014295,0.0,0.0,0.0
2020-01-13,0.0276323591445198,0.0,0.0,0.7128766414014295,0.7767773582470046,0.7128766414014295,0.0,0.0,0.0
2020-01-14,0.3623419554319965,0.0,0.0,0.7105754433401889,0.7748410623809985,0.7128766414014295,-0.002301198061240628,0.0,0.002301198061240628
2020-01-14,0.4120394828497493,0.0,0.0,0.7105754433401889,0.7748410623809985,0.7105754433401889,0.0,0.0,0.0
2020-01-14,0.3515609327540799,0.0,0.0,0.7105754433401889,0.7748410623809985,0.7105754433401889,0.0,7.501905679644428e-05,7.501905679644428e-05
2020-01-14,0.3084591320603035,0.0,0.0,0.7105754433401889,0.7748410623809985,0.7105754433401889,0.0,0.0,0.0
2020-01-14,0.3016877559168244,0.0,0.0,0.7105754433401889,0.7748410623809985,0.7105754433401889,0.0,2.7441786880293973e-05,2.7441786880293973e-05
2020-01-14,0.3483937930843631,0.0,0.0,0.7105754433401889,0.7748410623809985,0.7105754433401889,0.0,0.0,0.0
2020-01-14,0.534061671374775,0.0,0.0,0.7105754433401889,0.7748410623809985,0.7105754433401889,0.0,0.0,0.0
2020-01-14,0.3581190476815786,0.0,0.0,0.7105754433401889,0.7748410623809985,0.7105754433401889,0.0,0.0003890462972284914,0.0003890462972284914
2020-01-14,0.2339487874782271,0.0,0.0,0.7105754433401889,0.7748410623809985,0.7105754433401889,0.0,0.0,0.0
2020-01-14,0.4819740147709458,0.0,0.0,0.7105754433401889,0.7748410623809985,0.7105754433401889,0.0,0.0,0.0
2020-01-14,0.2841065420209406,0.0,0.0,0.7105754433401889,0.7748410623809985,0.7105754433401889,0.0,0.0,0.0
2020-01-15,0.0,0.0,0.0,0.7094248443095686,0.773550198470323,0.7105754433401889,-0.001150599030620203,0.0,0.001150599030620203
2020-01-15,0.0001186167547483,0.0,0.0,0.7094248443095686,0.773550198470323,0.7094248443095686,0.0,0.0,0.0
2020-01-15,0.0024583419655698,0.0,0.0,0.7094248443095686,0.773550198470323,0.7094248443095686,0.0,0.0007113578506810159,0.0007113578506810159
2020-01-15,2.352475799294472e-06,0.0,0.0,0.7094248443095686,0.773550198470323,0.7094248443095686,0.0,0.008378695243528588,0.008378695243528588
2020-01-15,0.0,0.0,0.0,0.7094248443095686,0.773550198470323,0.7094248443095686,0.0,0.0,0.0
2020-01-15,0.000473940894193,0.0,0.0,0.7094248443095686,0.773550198470323,0.7094248443095686,0.0,0.0,0.0
2020-01-15,0.0,0.0,0.0,0.7094248443095686,0.773550198470323,0.7094248443095686,0.0,0.0,0.0
2020-01-15,0.0027247816027615,0.0,0.0,0.7094248443095686,0.773550198470323,0.7094248443095686,0.0,0.000853629420817219,0.000853629420817219
2020-01-15,0.0,0.0,0.0,0.7094248443095686,0.773550198470323,0.7094248443095686,0.0,0.0,0.0
2020-01-15,0.0,0.0,0.0,0.7094248443095686,0.773550198470323,0.7094248443095686,0.0,0.0,0.0
2020-01-15,0.0,0.0,0.0,0.7094248443095686,0.773550198470323,0.7094248443095686,0.0,0.0,0.0
2020-01-16,0.0,0.0,0.0,0.7068359964906729,0.771613902604317,0.7094248443095686,-0.0025888478188957897,0.0,0.0025888478188957897
2020-01-16,0.0006399152611298,0.0,0.0,0.7068359964906729,0.771613902604317,0.7068359964906729,0.0,0.0,0.0
2020-01-16,0.0,0.0,0.0,0.7068359964906729,0.771613902604317,0.7068359964906729,0.0,0.0,0.0
2020-01-16,0.0012021975239809,0.0,0.0,0.7068359964906729,0.771613902604317,0.7068359964906729,0.0,0.0,0.0
2020-01-16,0.0013612710010766,0.0,0.0,0.7068359964906729,0.771613902604317,0.7068359964906729,0.0,0.0,0.0
2020-01-16,0.0,0.0,0.0,0.7068359964906729,0.771613902604317,0.7068359964906729,0.0,0.0,0.0
2020-01-16,0.0,0.0,0.0,0.7068359964906729,0.771613902604317,0.7068359964906729,0.0,0.0,0.0
2020-01-16,0.0,0.0,0.0,0.7068359964906729,0.771613902604317,0.7068359964906729,0.0,0.0,0.0
2020-01-16,0.0,0.0,0.0,0.7068359964906729,0.771613902604317,0.7068359964906729,0.0,0.0,0.0
2020-01-16,0.0,0.0,0.0,0.7068359964906729,0.771613902604317,0.7068359964906729,0.0,0.0,0.0
2020-01-16,0.0,0.0,0.0,0.7068359964906729,0.771613902604317,0.7068359964906729,0.0,0.0,0.0
2020-01-17,0.0829455353850693,0.0,0.0,0.7041407182614449,0.7690321747829731,0.7068359964906729,-0.002695278229227993,0.0,0.002695278229227993
2020-01-17,0.0222266082088179,0.0,0.0,0.7041407182614449,0.7690321747829731,0.7041407182614449,0.0,0.0,0.0
2020-01-17,0.1053319718679211,0.0,0.0,0.7041407182614449,0.7690321747829731,0.7041407182614449,0.0,0.0,0.0
2020-01-17,0.0812498026864296,0.0,0.0,0.7041407182614449,0.7690321747829731,0.7041407182614449,0.0,0.0,0.0
2020-01-17,0.1287820001192309,0.0,0.0,0.7041407182614449,0.7690321747829731,0.7041407182614449,0.0,0.0,0.0
2020-01-17,0.0264584121252824,0.0,0.0,0.7041407182614449,0.7690321747829731,0.7041407182614449,0.0,0.0,0.0
2020-01-17,0.0528837307263386,0.0,0.0,0.7041407182614449,0.7690321747829731,0.7041407182614449,0.0,0.0016837722389218901,0.0016837722389218901
2020-01-17,0.2065728719723662,0.0,0.0,0.7041407182614449,0.7690321747829731,0.7041407182614449,0.0,0.00012212170461246453,0.00012212170461246453
2020-01-17,0.0437300843841242,0.0,0.0,0.7041407182614449,0.7690321747829731,0.7041407182614449,0.0,0.0,0.0
2020-01-17,0.0450204243439288,0.0,0.0,0.7041407182614449,0.7690321747829731,0.7041407182614449,0.0,0.0,0.0
2020-01-17,0.187642894055008,0.0,0.0,0.7041407182614449,0.7690321747829731,0.7041407182614449,0.0,0.00012212170461246453,0.00012212170461246453
2020-01-18,0.0604193969962172,0.0,0.0,0.7007809690920336,0.7661277309839587,0.7041407182614449,-0.0033597491694112858,0.0,0.0033597491694112858
2020-01-18,0.0597128486268967,0.0,0.0,0.7007809690920336,0.7661277309839587,0.7007809690920336,0.0,0.0,0.0
2020-01-18,0.1809454835095874,0.0,0.0,0.7007809690920336,0.7661277309839587,0.7007809690920336,0.0,0.002097398207942023,0.002097398207942023
2020-01-18,0.0006959720444298,0.0,0.0,0.7007809690920336,0.7661277309839587,0.7007809690920336,0.0,0.00014862862978038072,0.00014862862978038072
2020-01-18,0.0169040441273114,0.0,0.0,0.7007809690920336,0.7661277309839587,0.7007809690920336,0.0,0.0,0.0
2020-01-18,0.0010339041919988,0.0,0.0,0.7007809690920336,0.7661277309839587,0.7007809690920336,0.0,7.113578506810158e-05,7.113578506810158e-05
2020-01-18,0.0271764820672293,0.0,0.0,0.7007809690920336,0.7661277309839587,0.7007809690920336,0.0,0.0,0.0
2020-01-18,0.0020317268722,0.0,0.0,0.7007809690920336,0.7661277309839587,0.7007809690920336,0.0,0.0006402220656129143,0.0006402220656129143
2020-01-18,0.0093752543744614,0.0,0.0,0.7007809690920336,0.7661277309839587,0.7007809690920336,0.0,0.0,0.0
2020-01-18,3.5287211524012237e-06,0.0,0.0,0.7007809690920336,0.7661277309839587,0.7007809690920336,0.0,0.0,0.0
2020-01-18,0.0050211461786877,0.0,0.0,0.7007809690920336,0.7661277309839587,0.7007809690920336,0.0,7.113578506810158e-05,7.113578506810158e-05
2020-01-19,0.0554237273235243,0.0,0.0,0.696411569273253,0.762255139251943,0.7007809690920336,-0.004369399818780595,0.0,0.004369399818780595
2020-01-19,0.0462881039681612,0.0,0.0,0.696411569273253,0.762255139251943,0.696411569273253,0.0,0.0,0.0
2020-01-19,0.0485679212080579,0.0,0.0,0.696411569273253,0.762255139251943,0.696411569273253,0.0,0.0,0.0
2020-01-19,0.0025103882360944,0.0,0.0,0.696411569273253,0.762255139251943,0.696411569273253,0.0,0.0024897524773835555,0.0024897524773835555
2020-01-19,0.0143677043464334,0.0,0.0,0.696411569273253,0.762255139251943,0.696411569273253,0.0,0.0,0.0
2020-01-19,0.0069710378368548,0.0,0.0,0.696411569273253,0.762255139251943,0.696411569273253,0.0,0.0,0.0
2020-01-19,0.0749584354177906,0.0,0.0,0.696411569273253,0.762255139251943,0.696411569273253,0.0,0.0,0.0
2020-01-19,0.0075616799317937,0.0,0.0,0.696411569273253,0.762255139251943,0.696411569273253,0.0,0.0,0.0
2020-01-19,0.0202948297988969,0.0,0.0,0.696411569273253,0.762255139251943,0.696411569273253,0.0,0.0,0.0
2020-01-19,0.0555973627437313,0.0,0.0,0.696411569273253,0.762255139251943,0.696411569273253,0.0,0.0,0.0
2020-01-19,0.0221828424187701,0.0,0.0,0.696411569273253,0.762255139251943,0.696411569273253,0.0,0.0,0.0
2020-01-20,0.0,0.0,0.0,0.6918178026435012,0.7583825475199273,0.696411569273253,-0.00459376662975175,0.0,0.00459376662975175
2020-01-20,0.0,0.0,0.0,0.6918178026435012,0.7583825475199273,0.6918178026435012,0.0,0.0,0.0
2020-01-20,0.0,0.0,0.0,0.6918178026435012,0.7583825475199273,0.6918178026435012,0.0,0.0,0.0
2020-01-20,0.0,0.0,0.0,0.6918178026435012,0.7583825475199273,0.6918178026435012,0.0,0.0,0.0
2020-01-20,0.0,0.0,0.0,0.6918178026435012,0.7583825475199273,0.6918178026435012,0.0,0.0,0.0
2020-01-20,0.0,0.0,0.0,0.6918178026435012,0.7583825475199273,0.6918178026435012,0.0,0.0,0.0
2020-01-20,0.0,0.0,0.0,0.6918178026435012,0.7583825475199273,0.6918178026435012,0.0,0.0,0.0
2020-01-20,0.0,0.0,0.0,0.6918178026435012,0.7583825475199273,0.6918178026435012,0.0,0.0,0.0
2020-01-20,0.0,0.0,0.0,0.6918178026435012,0.7583825475199273,0.6918178026435012,0.0,0.0,0.0
2020-01-20,0.0,0.0,0.0,0.6918178026435012,0.7583825475199273,0.6918178026435012,0.0,0.0,0.0
2020-01-20,0.0,0.0,0.0,0.6918178026435012,0.7583825475199273,0.6918178026435012,0.0,0.0,0.0
2020-01-21,0.1022466275511357,0.0,0.0,0.6918178026435012,0.7583825475199273,0.6918178026435012,0.0,7.924750823396998e-06,7.924750823396998e-06
2020-01-21,0.0749881799834011,0.0,0.0,0.6918178026435012,0.7583825475199273,0.6918178026435012,0.0,0.0012159099080959123,0.0012159099080959123
2020-01-21,0.0232465994602393,0.0,0.0,0.6918178026435012,0.7583825475199273,0.6918178026435012,0.0,0.0,0.0
2020-01-21,0.0370291691475047,0.0,0.0,0.6918178026435012,0.7583825475199273,0.6918178026435012,0.0,0.0,0.0
2020-01-21,0.0924670178252415,0.0,0.0,0.6918178026435012,0.7583825475199273,0.6918178026435012,0.0,0.0,0.0
2020-01-21,0.0701492290610597,0.0,0.0,0.6918178026435012,0.7583825475199273,0.6918178026435012,0.0,0.0,0.0
2020-01-21,0.1164464784687676,0.0,0.0,0.6918178026435012,0.7583825475199273,0.6918178026435012,0.0,0.0,0.0
2020-01-21,0.0281100530791828,0.0,0.0,0.6918178026435012,0.7583825475199273,0.6918178026435012,0.0,0.0,0.0
2020-01-21,0.0888105993981776,0.0,0.0,0.6918178026435012,0.7583825475199273,0.6918178026435012,0.0,0.0,0.0
2020-01-21,0.00959033952652,0.0,0.0,0.6918178026435012,0.7583825475199273,0.6918178026435012,0.0,0.0,0.0
2020-01-21,0.0352855876835082,0.0,0.0,0.6918178026435012,0.7583825475199273,0.6918178026435012,0.0,0.0,0.0
2020-01-22,0.0489469119448301,0.0,0.0,0.6918178026435012,0.7583825475199273,0.6918178026435012,0.0,3.7725265716463395e-05,3.7725265716463395e-05
2020-01-22,3.1758445650853914e-06,0.0,0.0,0.6918178026435012,0.7583825475199273,0.6918178026435012,0.0,0.0,0.0
2020-01-22,0.0001626378705052,0.0,0.0,0.6918178026435012,0.7583825475199273,0.6918178026435012,0.0,6.169304255138965e-05,6.169304255138965e-05
2020-01-22,0.0529892663764053,0.0,0.0,0.6918178026435012,0.7583825475199273,0.6918178026435012,0.0,0.0,0.0
2020-01-22,0.0005661980868769,0.0,0.0,0.6918178026435012,0.7583825475199273,0.6918178026435012,0.0,6.424513512347397e-05,6.424513512347397e-05
2020-01-22,0.0120975750535877,0.0,0.0,0.6918178026435012,0.7583825475199273,0.6918178026435012,0.0,0.0,0.0
2020-01-22,0.0,0.0,0.0,0.6918178026435012,0.7583825475199273,0.6918178026435012,0.0,0.0,0.0
2020-01-22,0.0375928784795285,0.0,0.0,0.6918178026435012,0.7583825475199273,0.6918178026435012,0.0,0.0,0.0
2020-01-22,0.0286198513596459,0.0,0.0,0.6918178026435012,0.7583825475199273,0.6918178026435012,0.0,0.0031043161846136093,0.0031043161846136093
2020-01-22,0.0419006517522939,0.0,0.0,0.6918178026435012,0.7583825475199273,0.6918178026435012,0.0,0.0,0.0
2020-01-22,0.0054978718493319,0.0,0.0,0.6918178026435012,0.7583825475199273,0.6918178026435012,0.0,7.113578506810158e-05,7.113578506810158e-05
2020-01-23,0.0,0.0,0.0,0.6744523867738642,0.743214896569528,0.6918178026435012,-0.017365415869637024,0.0,0.017365415869637024
2020-01-23,0.0,0.0,0.0,0.6744523867738642,0.743214896569528,0.6744523867738642,0.0,0.0,0.0
2020-01-23,0.0,0.0,0.0,0.6744523867738642,0.743214896569528,0.6744523867738642,0.0,0.0,0.0
2020-01-23,0.0,0.0,0.0,0.6744523867738642,0.743214896569528,0.6744523867738642,0.0,0.0,0.0
2020-01-23,0.0,0.0,0.0,0.6744523867738642,0.743214896569528,0.6744523867738642,0.0,0.0,0.0
2020-01-23,0.0,0.0,0.0,0.6744523867738642,0.743214896569528,0.6744523867738642,0.0,0.0,0.0
2020-01-23,0.0,0.0,0.0,0.6744523867738642,0.743214896569528,0.6744523867738642,0.0,0.0,0.0
2020-01-23,0.0,0.0,0.0,0.6744523867738642,0.743214896569528,0.6744523867738642,0.0,0.0,0.0
2020-01-23,0.0,0.0,0.0,0.6744523867738642,0.743214896569528,0.6744523867738642,0.0,0.0,0.0
2020-01-23,0.0,0.0,0.0,0.6744523867738642,0.743214896569528,0.6744523867738642,0.0,0.0,0.0
2020-01-23,0.0,0.0,0.0,0.6744523867738642,0.743214896569528,0.6744523867738642,0.0,0.0,0.0
2020-01-24,0.0,0.0,0.0,0.6682909289648923,0.7377287249491697,0.6744523867738642,-0.006161457808971926,0.0,0.006161457808971926
2020-01-24,0.0,0.0,0.0,0.6682909289648923,0.7377287249491697,0.6682909289648923,0.0,0.0,0.0
2020-01-24,0.0,0.0,0.0,0.6682909289648923,0.7377287249491697,0.6682909289648923,0.0,0.0,0.0
2020-01-24,0.0,0.0,0.0,0.6682909289648923,0.7377287249491697,0.6682909289648923,0.0,0.0,0.0
2020-01-24,0.0,0.0,0.0,0.6682909289648923,0.7377287249491697,0.6682909289648923,0.0,0.0,0.0
2020-01-24,0.0,0.0,0.0,0.6682909289648923,0.7377287249491697,0.6682909289648923,0.0,0.0,0.0
2020-01-24,0.0,0.0,0.0,0.6682909289648923,0.7377287249491697,0.6682909289648923,0.0,0.0,0.0
2020-01-24,0.0,0.0,0.0,0.6682909289648923,0.7377287249491697,0.6682909289648923,0.0,0.0,0.0
2020-01-24,0.0,0.0,0.0,0.6682909289648923,0.7377287249491697,0.6682909289648923,0.0,0.0,0.0
2020-01-24,0.0,0.0,0.0,0.6682909289648923,0.7377287249491697,0.6682909289648923,0.0,0.0,0.0
2020-01-24,0.0,0.0,0.0,0.6682909289648923,0.7377287249491697,0.6682909289648923,0.0,0.0,0.0
2020-01-25,0.0,0.0,0.0,0.6619626342964805,0.732242553328815,0.6682909289648923,-0.0063282946684117825,0.0,0.0063282946684117825
2020-01-25,0.0,0.0,0.0,0.6619626342964805,0.732242553328815,0.6619626342964805,0.0,0.0,0.0
2020-01-25,0.0,0.0,0.0,0.6619626342964805,0.732242553328815,0.6619626342964805,0.0,0.0,0.0
2020-01-25,0.0,0.0,0.0,0.6619626342964805,0.732242553328815,0.6619626342964805,0.0,0.0,0.0
2020-01-25,0.0,0.0,0.0,0.6619626342964805,0.732242553328815,0.6619626342964805,0.0,0.0,0.0
2020-01-25,0.0,0.0,0.0,0.6619626342964805,0.732242553328815,0.6619626342964805,0.0,0.0,0.0
2020-01-25,0.0,0.0,0.0,0.6619626342964805,0.732242553328815,0.6619626342964805,0.0,0.0,0.0
2020-01-25,0.0,0.0,0.0,0.6619626342964805,0.732242553328815,0.6619626342964805,0.0,0.0,0.0
2020-01-25,0.0,0.0,0.0,0.6619626342964805,0.732242553328815,0.6619626342964805,0.0,0.0,0.0
2020-01-25,0.0,0.0,0.0,0.6619626342964805,0.732242553328815,0.6619626342964805,0.0,0.0,0.0
2020-01-25,0.0,0.0,0.0,0.6619626342964805,0.732242553328815,0.6619626342964805,0.0,0.0,0.0
2020-01-26,0.0007053134354271,0.0,0.0,0.6556343396280689,0.7264336657307897,0.6619626342964805,-0.00632829466841156,0.0,0.00632829466841156
2020-01-26,0.0008998620406681,0.0,0.0,0.6556343396280689,0.7264336657307897,0.6556343396280689,0.0,0.0,0.0
2020-01-26,0.0,0.0,0.0,0.6556343396280689,0.7264336657307897,0.6556343396280689,0.0,0.0,0.0
2020-01-26,0.0003253423302178,0.0,0.0,0.6556343396280689,0.7264336657307897,0.6556343396280689,0.0,0.0,0.0
2020-01-26,0.0024332250889966,0.0,0.0,0.6556343396280689,0.7264336657307897,0.6556343396280689,0.0,0.0,0.0
2020-01-26,0.0165865110996735,0.0,0.0,0.6556343396280689,0.7264336657307897,0.6556343396280689,0.0,0.0,0.0
2020-01-26,0.0,0.0,0.0,0.6556343396280689,0.7264336657307897,0.6556343396280689,0.0,0.0,0.0
2020-01-26,0.0,0.0,0.0,0.6556343396280689,0.7264336657307897,0.6556343396280689,0.0,0.0,0.0
2020-01-26,0.0018611543170188,0.0,0.0,0.6556343396280689,0.7264336657307897,0.6556343396280689,0.0,0.0,0.0
2020-01-26,0.0,0.0,0.0,0.6556343396280689,0.7264336657307897,0.6556343396280689,0.0,0.0,0.0
2020-01-26,0.0004768989188572,0.0,0.0,0.6556343396280689,0.7264336657307897,0.6556343396280689,0.0,0.0,0.0
2020-01-27,0.0,0.0,0.0,0.6493060449596572,0.7209474941104315,0.6556343396280689,-0.0063282946684117825,0.0,0.0063282946684117825
2020-01-27,0.00060698771054,0.0,0.0,0.6493060449596572,0.7209474941104315,0.6493060449596572,0.0,0.0,0.0
2020-01-27,0.0,0.0,0.0,0.6493060449596572,0.7209474941104315,0.6493060449596572,0.0,0.0,0.0
2020-01-27,0.000479350898341,0.0,0.0,0.6493060449596572,0.7209474941104315,0.6493060449596572,0.0,0.0,0.0
2020-01-27,0.0011454817505113,0.0,0.0,0.6493060449596572,0.7209474941104315,0.6493060449596572,0.0,0.0003697737634656095,0.0003697737634656095
2020-01-27,0.0039804836517144,0.0,0.0,0.6493060449596572,0.7209474941104315,0.6493060449596572,0.0,0.0,0.0
2020-01-27,0.0,0.0,0.0,0.6493060449596572,0.7209474941104315,0.6493060449596572,0.0,0.0,0.0
2020-01-27,0.0,0.0,0.0,0.6493060449596572,0.7209474941104315,0.6493060449596572,0.0,0.0,0.0
2020-01-27,0.0,0.0,0.0,0.6493060449596572,0.7209474941104315,0.6493060449596572,0.0,0.0,0.0
2020-01-27,0.0,0.0,0.0,0.6493060449596572,0.7209474941104315,0.6493060449596572,0.0,0.0,0.0
2020-01-27,0.0,0.0,0.0,0.6493060449596572,0.7209474941104315,0.6493060449596572,0.0,0.0,0.0
2020-01-28,0.0291731771132422,0.0,0.0,0.6429777502912454,0.7154613224900768,0.6493060449596572,-0.0063282946684117825,0.0,0.0063282946684117825
2020-01-28,0.0215652490763366,0.0,0.0,0.6429777502912454,0.7154613224900768,0.6429777502912454,0.0,0.0,0.0
2020-01-28,0.0250771956665415,0.0,0.0,0.6429777502912454,0.7154613224900768,0.6429777502912454,0.0,0.0,0.0
2020-01-28,0.0431991908306112,0.0,0.0,0.6429777502912454,0.7154613224900768,0.6429777502912454,0.0,0.0,0.0
2020-01-28,0.0582413266340323,0.0,0.0,0.6429777502912454,0.7154613224900768,0.6429777502912454,0.0,0.0,0.0
2020-01-28,0.0231956043362034,0.0,0.0,0.6429777502912454,0.7154613224900768,0.6429777502912454,0.0,0.0,0.0
2020-01-28,0.0293235991660879,0.0,0.0,0.6429777502912454,0.7154613224900768,0.6429777502912454,0.0,0.0,0.0
2020-01-28,0.0651534037601321,0.0,0.0,0.6429777502912454,0.7154613224900768,0.6429777502912454,0.0,0.0,0.0
2020-01-28,0.0141350712463121,0.0,0.0,0.6429777502912454,0.7154613224900768,0.6429777502912454,0.0,0.0,0.0
2020-01-28,0.0526234152986927,0.0,0.0,0.6429777502912454,0.7154613224900768,0.6429777502912454,0.0,0.00033050957154568875,0.00033050957154568875
2020-01-28,0.0486089476877575,0.0,0.0,0.6429777502912454,0.7154613224900768,0.6429777502912454,0.0,0.0001465000215737311,0.0001465000215737311
2020-01-29,0.2277158684800946,0.0,0.0,0.6372247551381437,0.7102978668473856,0.6429777502912454,-0.005752995153101681,0.0,0.005752995153101681
2020-01-29,0.1951420402962517,0.0,0.0,0.6372247551381437,0.7102978668473856,0.6372247551381437,0.0,0.0,0.0
2020-01-29,0.2659362284490303,0.0,0.0,0.6372247551381437,0.7102978668473856,0.6372247551381437,0.0,0.00025543298479770995,0.00025543298479770995
2020-01-29,0.2894364304233234,0.0,0.0,0.6372247551381437,0.7102978668473856,0.6372247551381437,0.0,9.130003307972145e-05,9.130003307972145e-05
2020-01-29,0.3724143802479225,0.0,0.0,0.6372247551381437,0.7102978668473856,0.6372247551381437,0.0,4.050108587783485e-05,4.050108587783485e-05
2020-01-29,0.4472887249602962,0.0,0.0,0.6372247551381437,0.7102978668473856,0.6372247551381437,0.0,0.0008520329646622305,0.0008520329646622305
2020-01-29,0.3645202331494251,0.0,0.0,0.6372247551381437,0.7102978668473856,0.6372247551381437,0.0,0.001067957255246001,0.001067957255246001
2020-01-29,0.2622967171364868,0.0,0.0,0.6372247551381437,0.7102978668473856,0.6372247551381437,0.0,0.0003670986207194141,0.0003670986207194141
2020-01-29,0.4366335599090715,0.0,0.0,0.6372247551381437,0.7102978668473856,0.6372247551381437,0.0,0.00013108199456342008,0.00013108199456342008
2020-01-29,0.3322091367302686,0.0,0.0,0.6372247551381437,0.7102978668473856,0.6372247551381437,0.0,0.0,0.0
2020-01-29,0.2472771083560609,0.0,0.0,0.6372247551381437,0.7102978668473856,0.6372247551381437,0.0,2.593162565260487e-05,2.593162565260487e-05
2020-01-30,0.0090236291782775,0.0,0.0,0.6317594097426972,0.7054571271823651,0.6372247551381437,-0.005465345395446519,0.0,0.005465345395446519
2020-01-30,0.0198261672956637,0.0,0.0,0.6317594097426972,0.7054571271823651,0.6317594097426972,0.0,0.0,0.0
2020-01-30,0.0008471883677353,0.0,0.0,0.6317594097426972,0.7054571271823651,0.6317594097426972,0.0,0.0,0.0
2020-01-30,0.0053157441511426,0.0,0.0,0.6317594097426972,0.7054571271823651,0.6317594097426972,0.0,0.0,0.0
2020-01-30,0.0382704408367204,0.0,0.0,0.6317594097426972,0.7054571271823651,0.6317594097426972,0.0,0.0,0.0
2020-01-30,0.0225913284923735,0.0,0.0,0.6317594097426972,0.7054571271823651,0.6317594097426972,0.0,0.0,0.0
2020-01-30,0.0074258530793958,0.0,0.0,0.6317594097426972,0.7054571271823651,0.6317594097426972,0.0,0.0,0.0
2020-01-30,0.0066208368477152,0.0,0.0,0.6317594097426972,0.7054571271823651,0.6317594097426972,0.0,0.0,0.0
2020-01-30,0.0026558004759404,0.0,0.0,0.6317594097426972,0.7054571271823651,0.6317594097426972,0.0,0.0,0.0
2020-01-30,0.0090685191289032,0.0,0.0,0.6317594097426972,0.7054571271823651,0.6317594097426972,0.0,0.0,0.0
2020-01-30,0.019911524418387,0.0,0.0,0.6317594097426972,0.7054571271823651,0.6317594097426972,0.0,0.0,0.0
2020-01-31,0.0,0.0,0.0,0.6254943980209696,0.6999709555620068,0.6317594097426972,-0.006265011721727554,0.0,0.006265011721727554
2020-01-31,0.0,0.0,0.0,0.6254943980209696,0.6999709555620068,0.6254943980209696,0.0,0.0,0.0
2020-01-31,0.0033240306098901,0.0,0.0,0.6254943980209696,0.6999709555620068,0.6254943980209696,0.0,6.060420831595427e-05,6.060420831595427e-05
2020-01-31,0.0,0.0,0.0,0.6254943980209696,0.6999709555620068,0.6254943980209696,0.0,0.0,0.0
2020-01-31,0.0,0.0,0.0,0.6254943980209696,0.6999709555620068,0.6254943980209696,0.0,0.0,0.0
2020-01-31,0.0,0.0,0.0,0.6254943980209696,0.6999709555620068,0.6254943980209696,0.0,0.0,0.0
2020-01-31,0.0024721742448084,0.0,0.0,0.6254943980209696,0.6999709555620068,0.6254943980209696,0.0,5.5038185505329404e-05,5.5038185505329404e-05
2020-01-31,0.0,0.0,0.0,0.6254943980209696,0.6999709555620068,0.6254943980209696,0.0,0.0,0.0
2020-01-31,0.0,0.0,0.0,0.6254943980209696,0.6999709555620068,0.6254943980209696,0.0,0.0,0.0
2020-01-31,0.0,0.0,0.0,0.6254943980209696,0.6999709555620068,0.6254943980209696,0.0,0.0,0.0
2020-01-31,0.0,0.0,0.0,0.6254943980209696,0.6999709555620068,0.6254943980209696,0.0,0.0,0.0
2020-02-01,0.0,0.0,0.0,0.6187720231845705,0.6941620679639815,0.6254943980209696,-0.006722374836399148,0.0,0.006722374836399148
2020-02-01,0.0,0.0,0.0,0.6187720231845705,0.6941620679639815,0.6187720231845705,0.0,0.0,0.0
2020-02-01,0.0198796715224972,0.0,0.0,0.6187720231845705,0.6941620679639815,0.6187720231845705,0.0,0.0,0.0
2020-02-01,1.72982869826393e-05,0.0,0.0,0.6187720231845705,0.6941620679639815,0.6187720231845705,0.0,0.0070569325140750734,0.0070569325140750734
2020-02-01,0.0,0.0,0.0,0.6187720231845705,0.6941620679639815,0.6187720231845705,0.0,0.0,0.0
2020-02-01,0.0075563923879856,0.0,0.0,0.6187720231845705,0.6941620679639815,0.6187720231845705,0.0,0.0,0.0
2020-02-01,0.0259330529592498,0.0,0.0,0.6187720231845705,0.6941620679639815,0.6187720231845705,0.0,0.0,0.0
2020-02-01,0.0182905795536458,0.0,0.0,0.6187720231845705,0.6941620679639815,0.6187720231845705,0.0,6.615944426058285e-07,6.615944426058285e-07
2020-02-01,0.0558948987804858,0.0,0.0,0.6187720231845705,0.6941620679639815,0.6187720231845705,0.0,0.0,0.0
2020-02-01,0.0018975697885235,0.0,0.0,0.6187720231845705,0.6941620679639815,0.6187720231845705,0.0,0.0,0.0
2020-02-01,0.0,0.0,0.0,0.6187720231845705,0.6941620679639815,0.6187720231845705,0.0,0.0,0.0
2020-02-02,0.0051313753318391,0.0,0.0,0.6187720231845705,0.6941620679639815,0.6187720231845705,0.0,0.0,0.0
2020-02-02,0.0194433159650007,0.0,0.0,0.6187720231845705,0.6941620679639815,0.6187720231845705,0.0,0.0,0.0
2020-02-02,0.0006990755606237,0.0,0.0,0.6187720231845705,0.6941620679639815,0.6187720231845705,0.0,0.0,0.0
2020-02-02,0.0052569667656778,0.0,0.0,0.6187720231845705,0.6941620679639815,0.6187720231845705,0.0,0.0,0.0
2020-02-02,0.0171314069160229,0.0,0.0,0.6187720231845705,0.6941620679639815,0.6187720231845705,0.0,0.0,0.0
2020-02-02,0.0001818109857876,0.0,0.0,0.6187720231845705,0.6941620679639815,0.6187720231845705,0.0,0.0,0.0
2020-02-02,0.0104732516549033,0.0,0.0,0.6187720231845705,0.6941620679639815,0.6187720231845705,0.0,0.0,0.0
2020-02-02,1.9966178281723216e-06,0.0,0.0,0.6187720231845705,0.6941620679639815,0.6187720231845705,0.0,0.004791746917946999,0.004791746917946999
2020-02-02,0.0030375135589869,0.0,0.0,0.6187720231845705,0.6941620679639815,0.6187720231845705,0.0,0.0,0.0
2020-02-02,0.0,0.0,0.0,0.6187720231845705,0.6941620679639815,0.6187720231845705,0.0,0.0,0.0
2020-02-02,0.0104535200369925,0.0,0.0,0.6187720231845705,0.6941620679639815,0.6187720231845705,0.0,0.0,0.0
2020-02-03,0.0,0.0,0.0,0.6187720231845705,0.6941620679639815,0.6187720231845705,0.0,0.0,0.0
2020-02-03,0.0,0.0,0.0,0.6187720231845705,0.6941620679639815,0.6187720231845705,0.0,0.0,0.0
2020-02-03,0.0,0.0,0.0,0.6187720231845705,0.6941620679639815,0.6187720231845705,0.0,0.0,0.0
2020-02-03,0.0,0.0,0.0,0.6187720231845705,0.6941620679639815,0.6187720231845705,0.0,0.0,0.0
2020-02-03,0.0,0.0,0.0,0.6187720231845705,0.6941620679639815,0.6187720231845705,0.0,0.0,0.0
2020-02-03,0.0,0.0,0.0,0.6187720231845705,0.6941620679639815,0.6187720231845705,0.0,0.0,0.0
2020-02-03,0.0,0.0,0.0,0.6187720231845705,0.6941620679639815,0.6187720231845705,0.0,0.0,0.0
2020-02-03,0.0,0.0,0.0,0.6187720231845705,0.6941620679639815,0.6187720231845705,0.0,0.0,0.0
2020-02-03,0.0,0.0,0.0,0.6187720231845705,0.6941620679639815,0.6187720231845705,0.0,0.0,0.0
2020-02-03,0.0,0.0,0.0,0.6187720231845705,0.6941620679639815,0.6187720231845705,0.0,0.0,0.0
2020-02-03,0.0,0.0,0.0,0.6187720231845705,0.6941620679639815,0.6187720231845705,0.0,0.0,0.0
2020-02-04,0.0,0.0,0.0,0.6187720231845705,0.6941620679639815,0.6187720231845705,0.0,0.0,0.0
2020-02-04,0.0,0.0,0.0,0.6187720231845705,0.6941620679639815,0.6187720231845705,0.0,0.0,0.0
2020-02-04,0.0,0.0,0.0,0.6187720231845705,0.6941620679639815,0.6187720231845705,0.0,0.0,0.0
2020-02-04,0.0,0.0,0.0,0.6187720231845705,0.6941620679639815,0.6187720231845705,0.0,0.0,0.0
2020-02-04,0.0,0.0,0.0,0.6187720231845705,0.6941620679639815,0.6187720231845705,0.0,0.0,0.0
2020-02-04,0.0,0.0,0.0,0.6187720231845705,0.6941620679639815,0.6187720231845705,0.0,0.0,0.0
2020-02-04,0.0,0.0,0.0,0.6187720231845705,0.6941620679639815,0.6187720231845705,0.0,0.0,0.0
2020-02-04,0.0,0.0,0.0,0.6187720231845705,0.6941620679639815,0.6187720231845705,0.0,0.0,0.0
2020-02-04,0.0,0.0,0.0,0.6187720231845705,0.6941620679639815,0.6187720231845705,0.0,0.0,0.0
2020-02-04,0.0,0.0,0.0,0.6187720231845705,0.6941620679639815,0.6187720231845705,0.0,0.0,0.0
2020-02-04,0.0,0.0,0.0,0.6187720231845705,0.6941620679639815,0.6187720231845705,0.0,0.0,0.0
2020-02-05,0.0,0.0,0.0,0.6187720231845705,0.6941620679639815,0.6187720231845705,0.0,0.0,0.0
2020-02-05,0.0,0.0,0.0,0.6187720231845705,0.6941620679639815,0.6187720231845705,0.0,0.0,0.0
2020-02-05,0.0,0.0,0.0,0.6187720231845705,0.6941620679639815,0.6187720231845705,0.0,0.0,0.0
2020-02-05,0.0,0.0,0.0,0.6187720231845705,0.6941620679639815,0.6187720231845705,0.0,0.0,0.0
2020-02-05,0.0,0.0,0.0,0.6187720231845705,0.6941620679639815,0.6187720231845705,0.0,0.0,0.0
2020-02-05,0.0,0.0,0.0,0.6187720231845705,0.6941620679639815,0.6187720231845705,0.0,0.0,0.0
2020-02-05,0.0,0.0,0.0,0.6187720231845705,0.6941620679639815,0.6187720231845705,0.0,0.0,0.0
2020-02-05,0.0,0.0,0.0,0.6187720231845705,0.6941620679639815,0.6187720231845705,0.0,0.0,0.0
2020-02-05,0.0,0.0,0.0,0.6187720231845705,0.6941620679639815,0.6187720231845705,0.0,0.0,0.0
2020-02-05,0.0,0.0,0.0,0.6187720231845705,0.6941620679639815,0.6187720231845705,0.0,0.0,0.0
2020-02-05,0.0,0.0,0.0,0.6187720231845705,0.6941620679639815,0.6187720231845705,0.0,0.0,0.0
2020-02-06,0.0,0.0,0.0,0.5801205252484575,0.6602768903088378,0.6187720231845705,-0.038651497936113,0.0,0.038651497936113
2020-02-06,0.0,0.0,0.0,0.5801205252484575,0.6602768903088378,0.5801205252484575,0.0,0.0,0.0
2020-02-06,0.0,0.0,0.0,0.5801205252484575,0.6602768903088378,0.5801205252484575,0.0,0.0,0.0
2020-02-06,0.0,0.0,0.0,0.5801205252484575,0.6602768903088378,0.5801205252484575,0.0,0.0,0.0
2020-02-06,0.0,0.0,0.0,0.5801205252484575,0.6602768903088378,0.5801205252484575,0.0,0.0,0.0
2020-02-06,0.0,0.0,0.0,0.5801205252484575,0.6602768903088378,0.5801205252484575,0.0,0.0,0.0
2020-02-06,0.0,0.0,0.0,0.5801205252484575,0.6602768903088378,0.5801205252484575,0.0,0.0,0.0
2020-02-06,0.0,0.0,0.0,0.5801205252484575,0.6602768903088378,0.5801205252484575,0.0,0.0,0.0
2020-02-06,0.0,0.0,0.0,0.5801205252484575,0.6602768903088378,0.5801205252484575,0.0,0.0,0.0
2020-02-06,0.0,0.0,0.0,0.5801205252484575,0.6602768903088378,0.5801205252484575,0.0,0.0,0.0
2020-02-06,0.0,0.0,0.0,0.5801205252484575,0.6602768903088378,0.5801205252484575,0.0,0.0,0.0
2020-02-07,0.0069925184686686,0.0,0.0,0.5707776611198205,0.6518862748894687,0.5801205252484575,-0.00934286412863694,0.0,0.00934286412863694
2020-02-07,0.018514902404173,0.0,0.0,0.5707776611198205,0.6518862748894687,0.5707776611198205,0.0,1.323188885211657e-06,1.323188885211657e-06
2020-02-07,0.0,0.0,0.0,0.5707776611198205,0.6518862748894687,0.5707776611198205,0.0,2.4083475959671418e-05,2.4083475959671418e-05
2020-02-07,0.0089428358833503,0.0,0.0,0.5707776611198205,0.6518862748894687,0.5707776611198205,0.0,0.0,0.0
2020-02-07,0.013481488606282,0.0,0.0,0.5707776611198205,0.6518862748894687,0.5707776611198205,0.0,0.0,0.0
2020-02-07,0.0016324043649568,0.0,0.0,0.5707776611198205,0.6518862748894687,0.5707776611198205,0.0,0.0,0.0
2020-02-07,0.006238778311727,0.0,0.0,0.5707776611198205,0.6518862748894687,0.5707776611198205,0.0,0.0,0.0
2020-02-07,0.0,0.0,0.0,0.5707776611198205,0.6518862748894687,0.5707776611198205,0.0,2.4083475959671418e-05,2.4083475959671418e-05
2020-02-07,0.0,0.0,0.0,0.5707776611198205,0.6518862748894687,0.5707776611198205,0.0,2.4083475959671418e-05,2.4083475959671418e-05
2020-02-07,0.0,0.0,0.0,0.5707776611198205,0.6518862748894687,0.5707776611198205,0.0,2.4083475959671418e-05,2.4083475959671418e-05
2020-02-07,0.0004428273516733,0.0,0.0,0.5707776611198205,0.6518862748894687,0.5707776611198205,0.0,0.0,0.0
2020-02-08,0.0,0.0,0.0,0.5612852191172029,0.6438183754477667,0.5707776611198205,-0.009492442002617674,0.0,0.009492442002617674
2020-02-08,0.0017897397847349,0.0,0.0,0.5612852191172029,0.6438183754477667,0.5612852191172029,0.0,0.0,0.0
2020-02-08,0.0,0.0,0.0,0.5612852191172029,0.6438183754477667,0.5612852191172029,0.0,0.0,0.0
2020-02-08,4.492264149921907e-05,0.0,0.0,0.5612852191172029,0.6438183754477667,0.5612852191172029,0.0,0.0,0.0
2020-02-08,0.0020716753431429,0.0,0.0,0.5612852191172029,0.6438183754477667,0.5612852191172029,0.0,0.0,0.0
2020-02-08,0.0004621160402989,0.0,0.0,0.5612852191172029,0.6438183754477667,0.5612852191172029,0.0,0.0,0.0
2020-02-08,0.0,0.0,0.0,0.5612852191172029,0.6438183754477667,0.5612852191172029,0.0,0.0,0.0
2020-02-08,0.0,0.0,0.0,0.5612852191172029,0.6438183754477667,0.5612852191172029,0.0,0.0,0.0
2020-02-08,0.0029454490382315,0.0,0.0,0.5612852191172029,0.6438183754477667,0.5612852191172029,0.0,0.0003630859066001241,0.0003630859066001241
2020-02-08,0.0,0.0,0.0,0.5612852191172029,0.6438183754477667,0.5612852191172029,0.0,0.0,0.0
2020-02-08,0.0001179321992125,0.0,0.0,0.5612852191172029,0.6438183754477667,0.5612852191172029,0.0,0.0,0.0
2020-02-09,0.0,0.0,0.0,0.5520804268722403,0.6354277600283975,0.5612852191172029,-0.009204792244962512,0.0,0.009204792244962512
2020-02-09,0.0,0.0,0.0,0.5520804268722403,0.6354277600283975,0.5520804268722403,0.0,0.0,0.0
2020-02-09,0.0,0.0,0.0,0.5520804268722403,0.6354277600283975,0.5520804268722403,0.0,0.0,0.0
2020-02-09,0.0,0.0,0.0,0.5520804268722403,0.6354277600283975,0.5520804268722403,0.0,0.0,0.0
2020-02-09,0.0,0.0,0.0,0.5520804268722403,0.6354277600283975,0.5520804268722403,0.0,0.0,0.0
2020-02-09,0.0,0.0,0.0,0.5520804268722403,0.6354277600283975,0.5520804268722403,0.0,0.0,0.0
2020-02-09,0.0,0.0,0.0,0.5520804268722403,0.6354277600283975,0.5520804268722403,0.0,0.0,0.0
2020-02-09,0.0,0.0,0.0,0.5520804268722403,0.6354277600283975,0.5520804268722403,0.0,0.0,0.0
2020-02-09,0.0,0.0,0.0,0.5520804268722403,0.6354277600283975,0.5520804268722403,0.0,0.0,0.0
2020-02-09,0.0,0.0,0.0,0.5520804268722403,0.6354277600283975,0.5520804268722403,0.0,0.0,0.0
2020-02-09,0.0,0.0,0.0,0.5520804268722403,0.6354277600283975,0.5520804268722403,0.0,0.0,0.0
2020-02-10,0.0,0.0,0.0,0.5520804268722403,0.6273598605866955,0.5520804268722403,0.0,0.0,0.0
2020-02-10,0.0,0.0,0.0,0.5520804268722403,0.6273598605866955,0.5520804268722403,0.0,0.0,0.0
2020-02-10,0.0,0.0,0.0,0.5520804268722403,0.6273598605866955,0.5520804268722403,0.0,0.0,0.0
2020-02-10,0.0,0.0,0.0,0.5520804268722403,0.6273598605866955,0.5520804268722403,0.0,0.0,0.0
2020-02-10,0.0,0.0,0.0,0.5520804268722403,0.6273598605866955,0.5520804268722403,0.0,0.0,0.0
2020-02-10,0.0,0.0,0.0,0.5520804268722403,0.6273598605866955,0.5520804268722403,0.0,0.0,0.0
2020-02-10,0.0,0.0,0.0,0.5520804268722403,0.6273598605866955,0.5520804268722403,0.0,0.0,0.0
2020-02-10,0.0,0.0,0.0,0.5520804268722403,0.6273598605866955,0.5520804268722403,0.0,0.0,0.0
2020-02-10,0.0,0.0,0.0,0.5520804268722403,0.6273598605866955,0.5520804268722403,0.0,0.0,0.0
2020-02-10,0.0,0.0,0.0,0.5520804268722403,0.6273598605866955,0.5520804268722403,0.0,0.0,0.0
2020-02-10,0.0,0.0,0.0,0.5520804268722403,0.6273598605866955,0.5520804268722403,0.0,0.0,0.0
2020-02-11,0.0,0.0,0.0,0.5328078931093501,0.6186465291896592,0.5520804268722403,-0.019272533762890287,0.0,0.019272533762890287
2020-02-11,0.0,0.0,0.0,0.5328078931093501,0.6186465291896592,0.5328078931093501,0.0,0.0,0.0
2020-02-11,0.0,0.0,0.0,0.5328078931093501,0.6186465291896592,0.5328078931093501,0.0,0.0,0.0
2020-02-11,0.0,0.0,0.0,0.5328078931093501,0.6186465291896592,0.5328078931093501,0.0,0.0,0.0
2020-02-11,0.0,0.0,0.0,0.5328078931093501,0.6186465291896592,0.5328078931093501,0.0,0.0,0.0
2020-02-11,0.0,0.0,0.0,0.5328078931093501,0.6186465291896592,0.5328078931093501,0.0,0.0,0.0
2020-02-11,0.0,0.0,0.0,0.5328078931093501,0.6186465291896592,0.5328078931093501,0.0,0.0,0.0
2020-02-11,0.0,0.0,0.0,0.5328078931093501,0.6186465291896592,0.5328078931093501,0.0,0.0,0.0
2020-02-11,0.0,0.0,0.0,0.5328078931093501,0.6186465291896592,0.5328078931093501,0.0,0.0,0.0
2020-02-11,0.0,0.0,0.0,0.5328078931093501,0.6186465291896592,0.5328078931093501,0.0,0.0,0.0
2020-02-11,0.0,0.0,0.0,0.5328078931093501,0.6186465291896592,0.5328078931093501,0.0,0.0,0.0
2020-02-12,0.0060698772842837,0.0,0.0,0.5224525018337671,0.6096104818149524,0.5328078931093501,-0.010355391275582937,0.0,0.010355391275582937
2020-02-12,0.0,0.0,0.0,0.5224525018337671,0.6096104818149524,0.5224525018337671,0.0,0.0,0.0
2020-02-12,0.0,0.0,0.0,0.5224525018337671,0.6096104818149524,0.5224525018337671,0.0,0.0,0.0
2020-02-12,0.0399355841499274,0.0,0.0,0.5224525018337671,0.6096104818149524,0.5224525018337671,0.0,0.0,0.0
2020-02-12,0.0,0.0,0.0,0.5224525018337671,0.6096104818149524,0.5224525018337671,0.0,0.0,0.0
2020-02-12,0.0,0.0,0.0,0.5224525018337671,0.6096104818149524,0.5224525018337671,0.0,0.0,0.0
2020-02-12,0.012321225527532,0.0,0.0,0.5224525018337671,0.6096104818149524,0.5224525018337671,0.0,0.0,0.0
2020-02-12,0.0047935089834107,0.0,0.0,0.5224525018337671,0.6096104818149524,0.5224525018337671,0.0,0.0,0.0
2020-02-12,0.0,0.0,0.0,0.5224525018337671,0.6096104818149524,0.5224525018337671,0.0,0.0,0.0
2020-02-12,0.0,0.0,0.0,0.5224525018337671,0.6096104818149524,0.5224525018337671,0.0,0.0,0.0
2020-02-12,0.0,0.0,0.0,0.5224525018337671,0.6096104818149524,0.5224525018337671,0.0,0.0,0.0
2020-02-13,0.0,0.0,0.0,0.5118094608005292,0.6002517184625802,0.5224525018337671,-0.010643041033237877,0.0,0.010643041033237877
2020-02-13,0.0102739888259601,0.0,0.0,0.5118094608005292,0.6002517184625802,0.5118094608005292,0.0,0.0,0.0
2020-02-13,0.0,0.0,0.0,0.5118094608005292,0.6002517184625802,0.5118094608005292,0.0,0.0,0.0
2020-02-13,0.0303510443540465,0.0,0.0,0.5118094608005292,0.6002517184625802,0.5118094608005292,0.0,0.0,0.0
2020-02-13,0.0036430666723601,0.0,0.0,0.5118094608005292,0.6002517184625802,0.5118094608005292,0.0,0.0009686605589034731,0.0009686605589034731
2020-02-13,0.0,0.0,0.0,0.5118094608005292,0.6002517184625802,0.5118094608005292,0.0,0.0,0.0
2020-02-13,0.0,0.0,0.0,0.5118094608005292,0.6002517184625802,0.5118094608005292,0.0,0.0,0.0
2020-02-13,0.0046131067312854,0.0,0.0,0.5118094608005292,0.6002517184625802,0.5118094608005292,0.0,0.0,0.0
2020-02-13,0.0,0.0,0.0,0.5118094608005292,0.6002517184625802,0.5118094608005292,0.0,0.0,0.0
2020-02-13,0.0,0.0,0.0,0.5118094608005292,0.6002517184625802,0.5118094608005292,0.0,0.0,0.0
2020-02-13,0.0,0.0,0.0,0.5118094608005292,0.6002517184625802,0.5118094608005292,0.0,0.0,0.0
2020-02-14,0.0,0.0,0.0,0.5014742050079822,0.5912156710878733,0.5118094608005292,-0.010335255792547016,0.0,0.010335255792547016
2020-02-14,0.0,0.0,0.0,0.5014742050079822,0.5912156710878733,0.5014742050079822,0.0,0.0,0.0
2020-02-14,0.0,0.0,0.0,0.5014742050079822,0.5912156710878733,0.5014742050079822,0.0,0.0,0.0
2020-02-14,0.0,0.0,0.0,0.5014742050079822,0.5912156710878733,0.5014742050079822,0.0,0.0,0.0
2020-02-14,0.0,0.0,0.0,0.5014742050079822,0.5912156710878733,0.5014742050079822,0.0,0.0,0.0
2020-02-14,0.0,0.0,0.0,0.5014742050079822,0.5912156710878733,0.5014742050079822,0.0,0.0,0.0
2020-02-14,0.0,0.0,0.0,0.5014742050079822,0.5912156710878733,0.5014742050079822,0.0,0.0,0.0
2020-02-14,0.0,0.0,0.0,0.5014742050079822,0.5912156710878733,0.5014742050079822,0.0,0.0,0.0
2020-02-14,0.0,0.0,0.0,0.5014742050079822,0.5912156710878733,0.5014742050079822,0.0,0.0,0.0
2020-02-14,0.0,0.0,0.0,0.5014742050079822,0.5912156710878733,0.5014742050079822,0.0,0.0,0.0
2020-02-14,0.0,0.0,0.0,0.5014742050079822,0.5912156710878733,0.5014742050079822,0.0,0.0,0.0
2020-02-15,0.0,0.0,0.0,0.4916164478131427,0.5825023396908371,0.5014742050079822,-0.009857757194839556,0.0,0.009857757194839556
2020-02-15,0.0,0.0,0.0,0.4916164478131427,0.5825023396908371,0.4916164478131427,0.0,0.0,0.0
2020-02-15,0.0,0.0,0.0,0.4916164478131427,0.5825023396908371,0.4916164478131427,0.0,0.0,0.0
2020-02-15,0.0,0.0,0.0,0.4916164478131427,0.5825023396908371,0.4916164478131427,0.0,0.0,0.0
2020-02-15,0.0,0.0,0.0,0.4916164478131427,0.5825023396908371,0.4916164478131427,0.0,0.0,0.0
2020-02-15,0.0,0.0,0.0,0.4916164478131427,0.5825023396908371,0.4916164478131427,0.0,0.0,0.0
2020-02-15,0.0,0.0,0.0,0.4916164478131427,0.5825023396908371,0.4916164478131427,0.0,0.0,0.0
2020-02-15,0.0,0.0,0.0,0.4916164478131427,0.5825023396908371,0.4916164478131427,0.0,0.0,0.0
2020-02-15,0.0,0.0,0.0,0.4916164478131427,0.5825023396908371,0.4916164478131427,0.0,0.0,0.0
2020-02-15,0.0,0.0,0.0,0.4916164478131427,0.5825023396908371,0.4916164478131427,0.0,0.0,0.0
2020-02-15,0.0,0.0,0.0,0.4916164478131427,0.5825023396908371,0.4916164478131427,0.0,0.0,0.0
2020-02-16,0.0,0.0,0.0,0.4839707172546708,0.5754025881821399,0.4916164478131427,-0.007645730558471897,0.0,0.007645730558471897
2020-02-16,0.0,0.0,0.0,0.4839707172546708,0.5754025881821399,0.4839707172546708,0.0,0.0,0.0
2020-02-16,0.0,0.0,0.0,0.4839707172546708,0.5754025881821399,0.4839707172546708,0.0,0.0,0.0
2020-02-16,0.0,0.0,0.0,0.4839707172546708,0.5754025881821399,0.4839707172546708,0.0,0.0,0.0
2020-02-16,0.0,0.0,0.0,0.4839707172546708,0.5754025881821399,0.4839707172546708,0.0,0.0,0.0
2020-02-16,0.0,0.0,0.0,0.4839707172546708,0.5754025881821399,0.4839707172546708,0.0,0.0,0.0
2020-02-16,0.0,0.0,0.0,0.4839707172546708,0.5754025881821399,0.4839707172546708,0.0,0.0,0.0
2020-02-16,0.0,0.0,0.0,0.4839707172546708,0.5754025881821399,0.4839707172546708,0.0,0.0,0.0
2020-02-16,0.0,0.0,0.0,0.4839707172546708,0.5754025881821399,0.4839707172546708,0.0,0.0,0.0
2020-02-16,0.0,0.0,0.0,0.4839707172546708,0.5754025881821399,0.4839707172546708,0.0,0.0,0.0
2020-02-16,0.0,0.0,0.0,0.4839707172546708,0.5754025881821399,0.4839707172546708,0.0,0.0,0.0
2020-02-17,0.0,0.0,0.0,0.4758359821081851,0.5670119727627707,0.4839707172546708,-0.008134735146485661,0.0,0.008134735146485661
2020-02-17,0.0,0.0,0.0,0.4758359821081851,0.5670119727627707,0.4758359821081851,0.0,0.0,0.0
2020-02-17,0.0,0.0,0.0,0.4758359821081851,0.5670119727627707,0.4758359821081851,0.0,0.0,0.0
2020-02-17,0.0,0.0,0.0,0.4758359821081851,0.5670119727627707,0.4758359821081851,0.0,0.0,0.0
2020-02-17,0.0,0.0,0.0,0.4758359821081851,0.5670119727627707,0.4758359821081851,0.0,0.0,0.0
2020-02-17,0.0,0.0,0.0,0.4758359821081851,0.5670119727627707,0.4758359821081851,0.0,0.0,0.0
2020-02-17,0.0,0.0,0.0,0.4758359821081851,0.5670119727627707,0.4758359821081851,0.0,0.0,0.0
2020-02-17,0.0,0.0,0.0,0.4758359821081851,0.5670119727627707,0.4758359821081851,0.0,0.0,0.0
2020-02-17,0.0,0.0,0.0,0.4758359821081851,0.5670119727627707,0.4758359821081851,0.0,0.0,0.0
2020-02-17,0.0,0.0,0.0,0.4758359821081851,0.5670119727627707,0.4758359821081851,0.0,0.0,0.0
2020-02-17,0.0,0.0,0.0,0.4758359821081851,0.5670119727627707,0.4758359821081851,0.0,0.0,0.0
2020-02-18,0.0,0.0,0.0,0.4675056451264939,0.5586213573434016,0.4758359821081851,-0.008330336981691222,0.0,0.008330336981691222
2020-02-18,0.0,0.0,0.0,0.4675056451264939,0.5586213573434016,0.4675056451264939,0.0,0.0,0.0
2020-02-18,0.0,0.0,0.0,0.4675056451264939,0.5586213573434016,0.4675056451264939,0.0,0.0,0.0
2020-02-18,0.0,0.0,0.0,0.4675056451264939,0.5586213573434016,0.4675056451264939,0.0,0.0,0.0
2020-02-18,0.0,0.0,0.0,0.4675056451264939,0.5586213573434016,0.4675056451264939,0.0,0.0,0.0
2020-02-18,0.0,0.0,0.0,0.4675056451264939,0.5586213573434016,0.4675056451264939,0.0,0.0,0.0
2020-02-18,0.0,0.0,0.0,0.4675056451264939,0.5586213573434016,0.4675056451264939,0.0,0.0,0.0
2020-02-18,0.0,0.0,0.0,0.4675056451264939,0.5586213573434016,0.4675056451264939,0.0,0.0,0.0
2020-02-18,0.0,0.0,0.0,0.4675056451264939,0.5586213573434016,0.4675056451264939,0.0,0.0,0.0
2020-02-18,0.0,0.0,0.0,0.4675056451264939,0.5586213573434016,0.4675056451264939,0.0,0.0,0.0
2020-02-18,0.0,0.0,0.0,0.4675056451264939,0.5586213573434016,0.4675056451264939,0.0,0.0,0.0
2020-02-19,0.0,0.0,0.0,0.4595665118152138,0.5508761738793666,0.4675056451264939,-0.0079391333112801,0.0,0.0079391333112801
2020-02-19,0.0,0.0,0.0,0.4595665118152138,0.5508761738793666,0.4595665118152138,0.0,0.0,0.0
2020-02-19,0.0,0.0,0.0,0.4595665118152138,0.5508761738793666,0.4595665118152138,0.0,0.0,0.0
2020-02-19,0.0,0.0,0.0,0.4595665118152138,0.5508761738793666,0.4595665118152138,0.0,0.0,0.0
2020-02-19,0.0,0.0,0.0,0.4595665118152138,0.5508761738793666,0.4595665118152138,0.0,0.0,0.0
2020-02-19,0.0,0.0,0.0,0.4595665118152138,0.5508761738793666,0.4595665118152138,0.0,0.0,0.0
2020-02-19,0.0,0.0,0.0,0.4595665118152138,0.5508761738793666,0.4595665118152138,0.0,0.0,0.0
2020-02-19,0.0,0.0,0.0,0.4595665118152138,0.5508761738793666,0.4595665118152138,0.0,0.0,0.0
2020-02-19,0.0,0.0,0.0,0.4595665118152138,0.5508761738793666,0.4595665118152138,0.0,0.0,0.0
2020-02-19,0.0,0.0,0.0,0.4595665118152138,0.5508761738793666,0.4595665118152138,0.0,0.0,0.0
2020-02-19,0.0,0.0,0.0,0.4595665118152138,0.5508761738793666,0.4595665118152138,0.0,0.0,0.0
2020-02-20,0.0002410226545245,0.0,0.0,0.4595665118152138,0.5508761738793666,0.4595665118152138,0.0,0.0,0.0
2020-02-20,0.0,0.0,0.0,0.4595665118152138,0.5508761738793666,0.4595665118152138,0.0,0.0,0.0
2020-02-20,0.0002496641358594,0.0,0.0,0.4595665118152138,0.5508761738793666,0.4595665118152138,0.0,0.0,0.0
2020-02-20,0.0,0.0,0.0,0.4595665118152138,0.5508761738793666,0.4595665118152138,0.0,0.0,0.0
2020-02-20,0.0,0.0,0.0,0.4595665118152138,0.5508761738793666,0.4595665118152138,0.0,0.0,0.0
2020-02-20,0.0,0.0,0.0,0.4595665118152138,0.5508761738793666,0.4595665118152138,0.0,0.0,0.0
2020-02-20,0.000560980829192,0.0,0.0,0.4595665118152138,0.5508761738793666,0.4595665118152138,0.0,0.0,0.0
2020-02-20,0.0,0.0,0.0,0.4595665118152138,0.5508761738793666,0.4595665118152138,0.0,0.0,0.0
2020-02-20,0.0,0.0,0.0,0.4595665118152138,0.5508761738793666,0.4595665118152138,0.0,0.0,0.0
2020-02-20,0.0006906747664035,0.0,0.0,0.4595665118152138,0.5508761738793666,0.4595665118152138,0.0,0.0,0.0
2020-02-20,0.0014477249599953,0.0,0.0,0.4595665118152138,0.5508761738793666,0.4595665118152138,0.0,0.000306203167023833,0.000306203167023833
2020-02-21,0.2354880180985834,0.0,0.0,0.4463374994606567,0.5376448187949787,0.4595665118152138,-0.01322901235455709,0.0,0.01322901235455709
2020-02-21,0.0571745013461396,0.0,0.0,0.4463374994606567,0.5376448187949787,0.4463374994606567,0.0,0.0,0.0
2020-02-21,0.110767980569735,0.0,0.0,0.4463374994606567,0.5376448187949787,0.4463374994606567,0.0,0.0,0.0
2020-02-21,5.147320383619031e-05,0.0,0.0,0.4463374994606567,0.5376448187949787,0.4463374994606567,0.0,1.4838618212750151e-05,1.4838618212750151e-05
2020-02-21,0.0043266311812447,0.0,0.0,0.4463374994606567,0.5376448187949787,0.4463374994606567,0.0,0.0,0.0
2020-02-21,0.0356210030661233,0.0,0.0,0.4463374994606567,0.5376448187949787,0.4463374994606567,0.0,3.335298940010653e-05,3.335298940010653e-05
2020-02-21,0.0199189535349041,0.0,0.0,0.4463374994606567,0.5376448187949787,0.4463374994606567,0.0,0.0,0.0
2020-02-21,0.0106419253965521,0.0,0.0,0.4463374994606567,0.5376448187949787,0.4463374994606567,0.0,0.0,0.0
2020-02-21,0.3219338630322364,0.0,0.0,0.4463374994606567,0.5376448187949787,0.4463374994606567,0.0,4.077435314759126e-05,4.077435314759126e-05
2020-02-21,0.0897614674002118,0.0,0.0,0.4463374994606567,0.5376448187949787,0.4463374994606567,0.0,0.0,0.0
2020-02-21,0.1145887304423752,0.0,0.0,0.4463374994606567,0.5376448187949787,0.4463374994606567,0.0,0.0,0.0
2020-02-22,0.0,0.0,0.0,0.4392814509053776,0.5305450672862797,0.4463374994606567,-0.007056048555279082,0.0,0.007056048555279082
2020-02-22,0.0017698970506497,0.0,0.0,0.4392814509053776,0.5305450672862797,0.4392814509053776,0.0,0.0,0.0
2020-02-22,0.0367586694469386,0.0,0.0,0.4392814509053776,0.5305450672862797,0.4392814509053776,0.0,0.0,0.0
2020-02-22,0.0,0.0,0.0,0.4392814509053776,0.5305450672862797,0.4392814509053776,0.0,0.0,0.0
2020-02-22,0.0,0.0,0.0,0.4392814509053776,0.5305450672862797,0.4392814509053776,0.0,0.0,0.0
2020-02-22,0.020644285233388,0.0,0.0,0.4392814509053776,0.5305450672862797,0.4392814509053776,0.0,0.0,0.0
2020-02-22,0.0,0.0,0.0,0.4392814509053776,0.5305450672862797,0.4392814509053776,0.0,0.0,0.0
2020-02-22,0.0100099088795165,0.0,0.0,0.4392814509053776,0.5305450672862797,0.4392814509053776,0.0,0.0,0.0
2020-02-22,0.0046400463215693,0.0,0.0,0.4392814509053776,0.5305450672862797,0.4392814509053776,0.0,0.0,0.0
2020-02-22,0.0208452437839987,0.0,0.0,0.4392814509053776,0.5305450672862797,0.4392814509053776,0.0,0.0,0.0
2020-02-22,0.0006630334925338,0.0,0.0,0.4392814509053776,0.5305450672862797,0.4392814509053776,0.0,0.0,0.0
2020-02-23,0.0,0.0,0.0,0.4314401185117001,0.5224771678445794,0.4392814509053776,-0.007841332393677514,0.0,0.007841332393677514
2020-02-23,0.0,0.0,0.0,0.4314401185117001,0.5224771678445794,0.4314401185117001,0.0,0.0,0.0
2020-02-23,0.0,0.0,0.0,0.4314401185117001,0.5224771678445794,0.4314401185117001,0.0,0.0,0.0
2020-02-23,0.0,0.0,0.0,0.4314401185117001,0.5224771678445794,0.4314401185117001,0.0,0.0,0.0
2020-02-23,0.0002423824487716,0.0,0.0,0.4314401185117001,0.5224771678445794,0.4314401185117001,0.0,0.0,0.0
2020-02-23,0.0,0.0,0.0,0.4314401185117001,0.5224771678445794,0.4314401185117001,0.0,0.0,0.0
2020-02-23,0.0,0.0,0.0,0.4314401185117001,0.5224771678445794,0.4314401185117001,0.0,0.0,0.0
2020-02-23,0.0,0.0,0.0,0.4314401185117001,0.5224771678445794,0.4314401185117001,0.0,0.0,0.0
2020-02-23,0.0,0.0,0.0,0.4314401185117001,0.5224771678445794,0.4314401185117001,0.0,0.0,0.0
2020-02-23,0.0,0.0,0.0,0.4314401185117001,0.5224771678445794,0.4314401185117001,0.0,0.0,0.0
2020-02-23,0.0,0.0,0.0,0.4314401185117001,0.5224771678445794,0.4314401185117001,0.0,0.0,0.0
2020-02-24,0.0525408193249539,0.0,0.0,0.4232075824476118,0.5144092684028774,0.4314401185117001,-0.008232536064088303,0.0,0.008232536064088303
2020-02-24,0.0227311425431257,0.0,0.0,0.4232075824476118,0.5144092684028774,0.4232075824476118,0.0,0.0,0.0
2020-02-24,0.1077486548830308,0.0,0.0,0.4232075824476118,0.5144092684028774,0.4232075824476118,0.0,0.0,0.0
2020-02-24,0.0683837270918827,0.0,0.0,0.4232075824476118,0.5144092684028774,0.4232075824476118,0.0,0.0,0.0
2020-02-24,0.0143138555163526,0.0,0.0,0.4232075824476118,0.5144092684028774,0.4232075824476118,0.0,0.0,0.0
2020-02-24,0.0003320592239574,0.0,0.0,0.4232075824476118,0.5144092684028774,0.4232075824476118,0.0,0.0,0.0
2020-02-24,0.0,0.0,0.0,0.4232075824476118,0.5144092684028774,0.4232075824476118,0.0,0.0,0.0
2020-02-24,0.0,0.0,0.0,0.4232075824476118,0.5144092684028774,0.4232075824476118,0.0,0.0,0.0
2020-02-24,0.0047042255272836,0.0,0.0,0.4232075824476118,0.5144092684028774,0.4232075824476118,0.0,0.0,0.0
2020-02-24,0.0229192166560375,0.0,0.0,0.4232075824476118,0.5144092684028774,0.4232075824476118,0.0,0.0,0.0
2020-02-24,0.0019130179181575,0.0,0.0,0.4232075824476118,0.5144092684028774,0.4232075824476118,0.0,0.0,0.0
2020-02-25,0.0,0.0,0.0,0.4147794445483179,0.5056959370058411,0.4232075824476118,-0.00842813789929392,0.0,0.00842813789929392
2020-02-25,0.0035044868250623,0.0,0.0,0.4147794445483179,0.5056959370058411,0.4147794445483179,0.0,0.0,0.0
2020-02-25,0.0,0.0,0.0,0.4147794445483179,0.5056959370058411,0.4147794445483179,0.0,0.0,0.0
2020-02-25,0.0378601645166759,0.0,0.0,0.4147794445483179,0.5056959370058411,0.4147794445483179,0.0,7.545053143292679e-05,7.545053143292679e-05
2020-02-25,0.0,0.0,0.0,0.4147794445483179,0.5056959370058411,0.4147794445483179,0.0,0.0,0.0
2020-02-25,0.0052670723151585,0.0,0.0,0.4147794445483179,0.5056959370058411,0.4147794445483179,0.0,0.0,0.0
2020-02-25,0.0,0.0,0.0,0.4147794445483179,0.5056959370058411,0.4147794445483179,0.0,0.0,0.0
2020-02-25,0.0006367081865693,0.0,0.0,0.4147794445483179,0.5056959370058411,0.4147794445483179,0.0,0.0,0.0
2020-02-25,0.0,0.0,0.0,0.4147794445483179,0.5056959370058411,0.4147794445483179,0.0,0.0,0.0
2020-02-25,0.0601267720290307,0.0,0.0,0.4147794445483179,0.5056959370058411,0.4147794445483179,0.0,5.5372578348603096e-05,5.5372578348603096e-05
2020-02-25,0.0018877162703229,0.0,0.0,0.4147794445483179,0.5056959370058411,0.4147794445483179,0.0,0.0,0.0
2020-02-26,0.0044750615951732,0.0,0.0,0.4062506292338449,0.497305321586472,0.4147794445483179,-0.00852881531447297,0.0,0.00852881531447297
2020-02-26,0.0157903040968878,0.0,0.0,0.4062506292338449,0.497305321586472,0.4062506292338449,0.0,0.0,0.0
2020-02-26,7.274576487416607e-07,0.0,0.0,0.4062506292338449,0.497305321586472,0.4062506292338449,0.0,0.000603515217014625,0.000603515217014625
2020-02-26,0.0014364890188444,0.0,0.0,0.4062506292338449,0.497305321586472,0.4062506292338449,0.0,0.0009798501344762656,0.0009798501344762656
2020-02-26,0.0023885505880716,0.0,0.0,0.4062506292338449,0.497305321586472,0.4062506292338449,0.0,0.0,0.0
2020-02-26,0.08632808991808,0.0,0.0,0.4062506292338449,0.497305321586472,0.4062506292338449,0.0,0.0,0.0
2020-02-26,0.0003611895797829,0.0,0.0,0.4062506292338449,0.497305321586472,0.4062506292338449,0.0,4.084626558702176e-05,4.084626558702176e-05
2020-02-26,0.0153931849962536,0.0,0.0,0.4062506292338449,0.497305321586472,0.4062506292338449,0.0,0.0,0.0
2020-02-26,0.0557421008181641,0.0,0.0,0.4062506292338449,0.497305321586472,0.4062506292338449,0.0,0.0,0.0
2020-02-26,0.0028940508311049,0.0,0.0,0.4062506292338449,0.497305321586472,0.4062506292338449,0.0,4.703073537660779e-05,4.703073537660779e-05
2020-02-26,0.0012524318584971,0.0,0.0,0.4062506292338449,0.497305321586472,0.4062506292338449,0.0,0.0,0.0
2020-02-27,0.0,0.0,0.0,0.3976125070114629,0.4885919901894322,0.4062506292338449,-0.008638122222382028,0.0,0.008638122222382028
2020-02-27,0.0,0.0,0.0,0.3976125070114629,0.4885919901894322,0.3976125070114629,0.0,0.0,0.0
2020-02-27,0.0,0.0,0.0,0.3976125070114629,0.4885919901894322,0.3976125070114629,0.0,0.0,0.0
2020-02-27,0.0,0.0,0.0,0.3976125070114629,0.4885919901894322,0.3976125070114629,0.0,0.0,0.0
2020-02-27,0.0,0.0,0.0,0.3976125070114629,0.4885919901894322,0.3976125070114629,0.0,0.0,0.0
2020-02-27,0.0,0.0,0.0,0.3976125070114629,0.4885919901894322,0.3976125070114629,0.0,0.0,0.0
2020-02-27,0.0,0.0,0.0,0.3976125070114629,0.4885919901894322,0.3976125070114629,0.0,0.0,0.0
2020-02-27,0.0,0.0,0.0,0.3976125070114629,0.4885919901894322,0.3976125070114629,0.0,0.0,0.0
2020-02-27,0.0,0.0,0.0,0.3976125070114629,0.4885919901894322,0.3976125070114629,0.0,0.0,0.0
2020-02-27,0.0,0.0,0.0,0.3976125070114629,0.4885919901894322,0.3976125070114629,0.0,0.0,0.0
2020-02-27,0.0,0.0,0.0,0.3976125070114629,0.4885919901894322,0.3976125070114629,0.0,0.0,0.0
2020-02-28,0.0,0.0,0.0,0.3976125070114629,0.4885919901894322,0.3976125070114629,0.0,0.0,0.0
2020-02-28,0.0,0.0,0.0,0.3976125070114629,0.4885919901894322,0.3976125070114629,0.0,0.0,0.0
2020-02-28,0.0,0.0,0.0,0.3976125070114629,0.4885919901894322,0.3976125070114629,0.0,0.0,0.0
2020-02-28,0.0,0.0,0.0,0.3976125070114629,0.4885919901894322,0.3976125070114629,0.0,0.0,0.0
2020-02-28,0.0,0.0,0.0,0.3976125070114629,0.4885919901894322,0.3976125070114629,0.0,0.0,0.0
2020-02-28,0.0,0.0,0.0,0.3976125070114629,0.4885919901894322,0.3976125070114629,0.0,0.0,0.0
2020-02-28,0.0,0.0,0.0,0.3976125070114629,0.4885919901894322,0.3976125070114629,0.0,0.0,0.0
2020-02-28,0.0,0.0,0.0,0.3976125070114629,0.4885919901894322,0.3976125070114629,0.0,0.0,0.0
2020-02-28,0.0,0.0,0.0,0.3976125070114629,0.4885919901894322,0.3976125070114629,0.0,0.0,0.0
2020-02-28,0.0,0.0,0.0,0.3976125070114629,0.4885919901894322,0.3976125070114629,0.0,0.0,0.0
2020-02-28,0.0,0.0,0.0,0.3976125070114629,0.4885919901894322,0.3976125070114629,0.0,0.0,0.0
2020-02-29,0.0065303396255199,0.0,0.0,0.3976125070114629,0.4885919901894322,0.3976125070114629,0.0,0.0013189891987516022,0.0013189891987516022
2020-02-29,0.0617945463090984,0.0,0.0,0.3976125070114629,0.4885919901894322,0.3976125070114629,0.0,0.0,0.0
2020-02-29,0.0185663495656216,0.0,0.0,0.3976125070114629,0.4885919901894322,0.3976125070114629,0.0,1.323188885211657e-06,1.323188885211657e-06
2020-02-29,0.019688882442236,0.0,0.0,0.3976125070114629,0.4885919901894322,0.3976125070114629,0.0,0.0,0.0
2020-02-29,0.0045741308622747,0.0,0.0,0.3976125070114629,0.4885919901894322,0.3976125070114629,0.0,0.0,0.0
2020-02-29,0.0148793557507221,0.0,0.0,0.3976125070114629,0.4885919901894322,0.3976125070114629,0.0,0.0006175840296854474,0.0006175840296854474
2020-02-29,0.0,0.0,0.0,0.3976125070114629,0.4885919901894322,0.3976125070114629,0.0,0.0,0.0
2020-02-29,0.0180823675496519,0.0,0.0,0.3976125070114629,0.4885919901894322,0.3976125070114629,0.0,6.615944426058285e-07,6.615944426058285e-07
2020-02-29,0.0266751100420042,0.0,0.0,0.3976125070114629,0.4885919901894322,0.3976125070114629,0.0,0.0,0.0
2020-02-29,0.052641026258302,0.0,0.0,0.3976125070114629,0.4885919901894322,0.3976125070114629,0.0,0.0,0.0
2020-02-29,0.0076408448246998,0.0,0.0,0.3976125070114629,0.4885919901894322,0.3976125070114629,0.0,0.0,0.0
2020-03-01,0.1413139676381479,0.0,0.0,0.3976125070114629,0.4885919901894322,0.3976125070114629,0.0,7.593953602094167e-05,7.593953602094167e-05
2020-03-01,0.1140597243731361,0.0,0.0,0.3976125070114629,0.4885919901894322,0.3976125070114629,0.0,0.0,0.0
2020-03-01,0.1765853642775972,0.0,0.0,0.3976125070114629,0.4885919901894322,0.3976125070114629,0.0,0.00012212170461246453,0.00012212170461246453
2020-03-01,0.2716183516958645,0.0,0.0,0.3976125070114629,0.4885919901894322,0.3976125070114629,0.0,0.0006593651569848549,0.0006593651569848549
2020-03-01,0.0381962002358196,0.0,0.0,0.3976125070114629,0.4885919901894322,0.3976125070114629,0.0,7.447252225689954e-05,7.447252225689954e-05
2020-03-01,0.1420360140752811,0.0,0.0,0.3976125070114629,0.4885919901894322,0.3976125070114629,0.0,7.593953602094167e-05,7.593953602094167e-05
2020-03-01,0.2108074205358559,0.0,0.0,0.3976125070114629,0.4885919901894322,0.3976125070114629,0.0,0.0,0.0
2020-03-01,0.1581211362005626,0.0,0.0,0.3976125070114629,0.4885919901894322,0.3976125070114629,0.0,0.0,0.0
2020-03-01,0.0435910257116802,0.0,0.0,0.3976125070114629,0.4885919901894322,0.3976125070114629,0.0,0.00029789008902759816,0.00029789008902759816
2020-03-01,0.1485291857578373,0.0,0.0,0.3976125070114629,0.4885919901894322,0.3976125070114629,0.0,0.0,0.0
2020-03-01,0.1497990563264944,0.0,0.0,0.3976125070114629,0.4885919901894322,0.3976125070114629,0.0,0.0,0.0
2020-03-02,0.0058664575417132,0.0,0.0,0.3976125070114629,0.4885919901894322,0.3976125070114629,0.0,0.0,0.0
2020-03-02,5.06468685935121e-05,0.0,0.0,0.3976125070114629,0.4885919901894322,0.3976125070114629,0.0,0.0,0.0
2020-03-02,0.0002244757358887,0.0,0.0,0.3976125070114629,0.4885919901894322,0.3976125070114629,0.0,0.0,0.0
2020-03-02,0.0038222620752275,0.0,0.0,0.3976125070114629,0.4885919901894322,0.3976125070114629,0.0,1.715830804412552e-05,1.715830804412552e-05
2020-03-02,0.0615827742943291,0.0,0.0,0.3976125070114629,0.4885919901894322,0.3976125070114629,0.0,0.0,0.0
2020-03-02,0.0009155180621948,0.0,0.0,0.3976125070114629,0.4885919901894322,0.3976125070114629,0.0,0.0,0.0
2020-03-02,0.0275195574596303,0.0,0.0,0.3976125070114629,0.4885919901894322,0.3976125070114629,0.0,0.0,0.0
2020-03-02,0.0,0.0,0.0,0.3976125070114629,0.4885919901894322,0.3976125070114629,0.0,0.0,0.0
2020-03-02,0.0001480524042756,0.0,0.0,0.3976125070114629,0.4885919901894322,0.3976125070114629,0.0,0.0,0.0
2020-03-02,0.0001408365163284,0.0,0.0,0.3976125070114629,0.4885919901894322,0.3976125070114629,0.0,0.0,0.0
2020-03-02,0.0,0.0,0.0,0.3976125070114629,0.4885919901894322,0.3976125070114629,0.0,0.0,0.0
2020-03-03,0.0,0.0,0.0,0.3976125070114629,0.4885919901894322,0.3976125070114629,0.0,0.0,0.0
2020-03-03,0.0,0.0,0.0,0.3976125070114629,0.4885919901894322,0.3976125070114629,0.0,0.0,0.0
2020-03-03,0.0001191123203646,0.0,0.0,0.3976125070114629,0.4885919901894322,0.3976125070114629,0.0,0.0,0.0
2020-03-03,0.0004391287512716,0.0,0.0,0.3976125070114629,0.4885919901894322,0.3976125070114629,0.0,0.0,0.0
2020-03-03,0.0,0.0,0.0,0.3976125070114629,0.4885919901894322,0.3976125070114629,0.0,0.0,0.0
2020-03-03,0.0,0.0,0.0,0.3976125070114629,0.4885919901894322,0.3976125070114629,0.0,0.0,0.0
2020-03-03,0.005661144754588,0.0,0.0,0.3976125070114629,0.4885919901894322,0.3976125070114629,0.0,0.0,0.0
2020-03-03,0.0,0.0,0.0,0.3976125070114629,0.4885919901894322,0.3976125070114629,0.0,0.0,0.0
2020-03-03,0.0010656748016956,0.0,0.0,0.3976125070114629,0.4885919901894322,0.3976125070114629,0.0,0.0,0.0
2020-03-03,0.0,0.0,0.0,0.3976125070114629,0.4885919901894322,0.3976125070114629,0.0,0.0,0.0
2020-03-03,0.0001612260511107,0.0,0.0,0.3976125070114629,0.4885919901894322,0.3976125070114629,0.0,0.0,0.0
2020-03-04,0.0,0.0,0.0,0.3536020940902358,0.4447026172265769,0.3976125070114629,-0.04401041292122709,0.0,0.04401041292122709
2020-03-04,0.0,0.0,0.0,0.3536020940902358,0.4447026172265769,0.3536020940902358,0.0,0.0,0.0
2020-03-04,0.0,0.0,0.0,0.3536020940902358,0.4447026172265769,0.3536020940902358,0.0,0.0,0.0
2020-03-04,0.0,0.0,0.0,0.3536020940902358,0.4447026172265769,0.3536020940902358,0.0,0.0,0.0
2020-03-04,0.0,0.0,0.0,0.3536020940902358,0.4447026172265769,0.3536020940902358,0.0,0.0,0.0
2020-03-04,0.0,0.0,0.0,0.3536020940902358,0.4447026172265769,0.3536020940902358,0.0,0.0,0.0
2020-03-04,0.0,0.0,0.0,0.3536020940902358,0.4447026172265769,0.3536020940902358,0.0,0.0,0.0
2020-03-04,0.0,0.0,0.0,0.3536020940902358,0.4447026172265769,0.3536020940902358,0.0,0.0,0.0
2020-03-04,0.0,0.0,0.0,0.3536020940902358,0.4447026172265769,0.3536020940902358,0.0,0.0,0.0
2020-03-04,0.0,0.0,0.0,0.3536020940902358,0.4447026172265769,0.3536020940902358,0.0,0.0,0.0
2020-03-04,0.0,0.0,0.0,0.3536020940902358,0.4447026172265769,0.3536020940902358,0.0,0.0,0.0
2020-03-05,0.0021608238171182,0.0,0.0,0.3537200304908743,0.4447026172265769,0.3536020940902358,0.00011793640063850752,3.5367845202543596e-05,8.256855543596392e-05
2020-03-05,0.0027485362850736,0.0,0.0,0.3537200304908743,0.4447026172265769,0.3537200304908743,0.0,7.424240245076596e-05,7.424240245076596e-05
2020-03-05,0.0567007911663324,0.0,0.0,0.3537200304908743,0.4447026172265769,0.3537200304908743,0.0,7.841332393677402e-05,7.841332393677402e-05
2020-03-05,0.0098329564909419,0.0,0.0,0.3537200304908743,0.4447026172265769,0.3537200304908743,0.0,1.1793640063850751e-06,1.1793640063850751e-06
2020-03-05,0.0050903825864973,0.0,0.0,0.3537200304908743,0.4447026172265769,0.3537200304908743,0.0,1.7690460095776128e-06,1.7690460095776128e-06
2020-03-05,0.0671389342840432,0.0,0.0,0.3537200304908743,0.4447026172265769,0.3537200304908743,0.0,7.841332393677402e-05,7.841332393677402e-05
2020-03-05,0.0163613240950501,0.0,0.0,0.3537200304908743,0.4447026172265769,0.3537200304908743,0.0,0.0,0.0
2020-03-05,0.0887283601768251,0.0,0.0,0.3537200304908743,0.4447026172265769,0.3537200304908743,0.0,0.0,0.0
2020-03-05,0.078071318597912,0.0,0.0,0.3537200304908743,0.4447026172265769,0.3537200304908743,0.0,0.0009775201714392495,0.0009775201714392495
2020-03-05,0.0599562201199323,0.0,0.0,0.3537200304908743,0.4447026172265769,0.3537200304908743,0.0,7.841332393677402e-05,7.841332393677402e-05
2020-03-05,0.0283207904643298,0.0,0.0,0.3537200304908743,0.4447026172265769,0.3537200304908743,0.0,0.0,0.0
2020-03-06,0.0929105439685582,0.0,0.0,0.3482316731148154,0.4388937296285533,0.3537200304908743,-0.0054883573760589055,0.0,0.0054883573760589055
2020-03-06,0.055247143284919,0.0,0.0,0.3482316731148154,0.4388937296285533,0.3482316731148154,0.0,0.0,0.0
2020-03-06,0.1024252992143098,0.0,0.0,0.3482316731148154,0.4388937296285533,0.3482316731148154,0.0,0.0,0.0
2020-03-06,0.1345831648785644,0.0,0.0,0.3482316731148154,0.4388937296285533,0.3482316731148154,0.0,0.0,0.0
2020-03-06,0.0728111508546036,0.0,0.0,0.3482316731148154,0.4388937296285533,0.3482316731148154,0.0,0.0001586963712983039,0.0001586963712983039
2020-03-06,0.0767551720929252,0.0,0.0,0.3482316731148154,0.4388937296285533,0.3482316731148154,0.0,0.0009121086165484898,0.0009121086165484898
2020-03-06,0.0095324115969293,0.0,0.0,0.3482316731148154,0.4388937296285533,0.3482316731148154,0.0,0.0,0.0
2020-03-06,0.0413805877027844,0.0,0.0,0.3482316731148154,0.4388937296285533,0.3482316731148154,0.0,0.0,0.0
2020-03-06,0.0920957097865859,0.0,0.0,0.3482316731148154,0.4388937296285533,0.3482316731148154,0.0,0.0,0.0
2020-03-06,0.0302727884254354,0.0,0.0,0.3482316731148154,0.4388937296285533,0.3482316731148154,0.0,0.0,0.0
2020-03-06,0.0386880891350613,0.0,0.0,0.3482316731148154,0.4388937296285533,0.3482316731148154,0.0,0.0,0.0
2020-03-07,0.1150385571142761,0.0,0.0,0.3434279221619755,0.434052989963531,0.3482316731148154,-0.004803750952839914,0.0,0.004803750952839914
2020-03-07,0.0516670574361452,0.0,0.0,0.3434279221619755,0.434052989963531,0.3434279221619755,0.0,0.0,0.0
2020-03-07,0.226594305879933,0.0,0.0,0.3434279221619755,0.434052989963531,0.3434279221619755,0.0,5.9385292467891425e-05,5.9385292467891425e-05
2020-03-07,0.1763618222067681,0.0,0.0,0.3434279221619755,0.434052989963531,0.3434279221619755,0.0,0.0,0.0
2020-03-07,0.5296037222071179,0.0,0.0,0.3434279221619755,0.434052989963531,0.3434279221619755,0.0,0.0,0.0
2020-03-07,0.1988612289419499,0.0,0.0,0.3434279221619755,0.434052989963531,0.3434279221619755,0.0,0.0,0.0
2020-03-07,0.1062356948304323,0.0,0.0,0.3434279221619755,0.434052989963531,0.3434279221619755,0.0,0.0,0.0
2020-03-07,0.1856486516443834,0.0,0.0,0.3434279221619755,0.434052989963531,0.3434279221619755,0.0,0.0,0.0
2020-03-07,0.1129391922137526,0.0,0.0,0.3434279221619755,0.434052989963531,0.3434279221619755,0.0,0.0,0.0
2020-03-07,0.3365156478491065,0.0,0.0,0.3434279221619755,0.434052989963531,0.3434279221619755,0.0,0.0,0.0
2020-03-07,0.0439970615051885,0.0,0.0,0.3434279221619755,0.434052989963531,0.3434279221619755,0.0,0.0,0.0
2020-03-08,0.1135593300480095,0.0,0.0,0.3408822218067281,0.4317939781198561,0.3434279221619755,-0.002545700355247371,0.0,0.002545700355247371
2020-03-08,0.1128313234370676,0.0,0.0,0.3408822218067281,0.4317939781198561,0.3408822218067281,0.0,0.0,0.0
2020-03-08,0.1265249806119791,0.0,0.0,0.3408822218067281,0.4317939781198561,0.3408822218067281,0.0,0.0,0.0
2020-03-08,0.193091395172364,0.0,0.0,0.3408822218067281,0.4317939781198561,0.3408822218067281,0.0,0.0,0.0
2020-03-08,0.1868552297454048,0.0,0.0,0.3408822218067281,0.4317939781198561,0.3408822218067281,0.0,0.0,0.0
2020-03-08,0.0914003412934938,0.0,0.0,0.3408822218067281,0.4317939781198561,0.3408822218067281,0.0,0.0,0.0
2020-03-08,0.1005863618712773,0.0,0.0,0.3408822218067281,0.4317939781198561,0.3408822218067281,0.0,0.0,0.0
2020-03-08,0.159011620089771,0.0,0.0,0.3408822218067281,0.4317939781198561,0.3408822218067281,0.0,0.0,0.0
2020-03-08,0.0998004314003336,0.0,0.0,0.3408822218067281,0.4317939781198561,0.3408822218067281,0.0,0.0,0.0
2020-03-08,0.0634292454600779,0.0,0.0,0.3408822218067281,0.4317939781198561,0.3408822218067281,0.0,3.526586028851197e-05,3.526586028851197e-05
2020-03-08,0.0930304016199675,0.0,0.0,0.3408822218067281,0.4317939781198561,0.3408822218067281,0.0,0.0,0.0
2020-03-09,0.0,0.0,0.0,0.3377468394482877,0.4285668183431745,0.3408822218067281,-0.0031353823584404084,0.0,0.0031353823584404084
2020-03-09,0.0,0.0,0.0,0.3377468394482877,0.4285668183431745,0.3377468394482877,0.0,0.0,0.0
2020-03-09,0.0,0.0,0.0,0.3377468394482877,0.4285668183431745,0.3377468394482877,0.0,0.0,0.0
2020-03-09,8.173642588049948e-05,0.0,0.0,0.3377468394482877,0.4285668183431745,0.3377468394482877,0.0,0.0,0.0
2020-03-09,0.0012303536082993,0.0,0.0,0.3377468394482877,0.4285668183431745,0.3377468394482877,0.0,1.1793640063850751e-06,1.1793640063850751e-06
2020-03-09,1.8757227148261152e-06,0.0,0.0,0.3377468394482877,0.4285668183431745,0.3377468394482877,0.0,8.595696477371555e-05,8.595696477371555e-05
2020-03-09,2.905178145536883e-05,0.0,0.0,0.3377468394482877,0.4285668183431745,0.3377468394482877,0.0,0.0012013655601511015,0.0012013655601511015
2020-03-09,0.0,0.0,0.0,0.3377468394482877,0.4285668183431745,0.3377468394482877,0.0,0.0,0.0
2020-03-09,0.0,0.0,0.0,0.3377468394482877,0.4285668183431745,0.3377468394482877,0.0,0.0,0.0
2020-03-09,0.0,0.0,0.0,0.3377468394482877,0.4285668183431745,0.3377468394482877,0.0,0.0,0.0
2020-03-09,0.0001862335556189,0.0,0.0,0.3377468394482877,0.4285668183431745,0.3377468394482877,0.0,0.0,0.0
2020-03-10,0.0,0.0,0.0,0.333826173251449,0.4246942266111588,0.3377468394482877,-0.003920666196838729,0.0,0.003920666196838729
2020-03-10,0.0,0.0,0.0,0.333826173251449,0.4246942266111588,0.333826173251449,0.0,0.0,0.0
2020-03-10,0.0,0.0,0.0,0.333826173251449,0.4246942266111588,0.333826173251449,0.0,0.0,0.0
2020-03-10,0.0,0.0,0.0,0.333826173251449,0.4246942266111588,0.333826173251449,0.0,0.0,0.0
2020-03-10,0.0,0.0,0.0,0.333826173251449,0.4246942266111588,0.333826173251449,0.0,0.0,0.0
2020-03-10,0.0,0.0,0.0,0.333826173251449,0.4246942266111588,0.333826173251449,0.0,0.0,0.0
2020-03-10,0.0,0.0,0.0,0.333826173251449,0.4246942266111588,0.333826173251449,0.0,0.0,0.0
2020-03-10,0.0,0.0,0.0,0.333826173251449,0.4246942266111588,0.333826173251449,0.0,0.0,0.0
2020-03-10,0.0,0.0,0.0,0.333826173251449,0.4246942266111588,0.333826173251449,0.0,0.0,0.0
2020-03-10,0.0,0.0,0.0,0.333826173251449,0.4246942266111588,0.333826173251449,0.0,0.0,0.0
2020-03-10,0.0,0.0,0.0,0.333826173251449,0.4246942266111588,0.333826173251449,0.0,0.0,0.0
2020-03-11,0.0035452760909594,0.0,0.0,0.333826173251449,0.4246942266111588,0.333826173251449,0.0,0.0005158566928907339,0.0005158566928907339
2020-03-11,0.0003061443800084,0.0,0.0,0.333826173251449,0.4246942266111588,0.333826173251449,0.0,0.0,0.0
2020-03-11,0.0,0.0,0.0,0.333826173251449,0.4246942266111588,0.333826173251449,0.0,0.0,0.0
2020-03-11,0.0,0.0,0.0,0.333826173251449,0.4246942266111588,0.333826173251449,0.0,0.0,0.0
2020-03-11,0.0006852787598524,0.0,0.0,0.333826173251449,0.4246942266111588,0.333826173251449,0.0,0.0,0.0
2020-03-11,0.0053946589953888,0.0,0.0,0.333826173251449,0.4246942266111588,0.333826173251449,0.0,0.00041651684908455415,0.00041651684908455415
2020-03-11,0.0,0.0,0.0,0.333826173251449,0.4246942266111588,0.333826173251449,0.0,0.0,0.0
2020-03-11,0.0,0.0,0.0,0.333826173251449,0.4246942266111588,0.333826173251449,0.0,0.0,0.0
2020-03-11,9.719311208597601e-08,0.0,0.0,0.333826173251449,0.4246942266111588,0.333826173251449,0.0,0.0,0.0
2020-03-11,6.559044373900219e-07,0.0,0.0,0.333826173251449,0.4246942266111588,0.333826173251449,0.0,0.0,0.0
2020-03-11,0.0,0.0,0.0,0.333826173251449,0.4246942266111588,0.333826173251449,0.0,0.0,0.0
2020-03-12,0.2836459802356477,0.0,0.0,0.3271383163859684,0.4179171910801287,0.333826173251449,-0.006687856865480568,0.0,0.006687856865480568
2020-03-12,0.3705871753806069,0.0,0.0,0.3271383163859684,0.4179171910801287,0.3271383163859684,0.0,0.0,0.0
2020-03-12,0.3933602801554605,0.0,0.0,0.3271383163859684,0.4179171910801287,0.3271383163859684,0.0,0.0,0.0
2020-03-12,0.2642524421553024,0.0,0.0,0.3271383163859684,0.4179171910801287,0.3271383163859684,0.0,0.0009594270016827533,0.0009594270016827533
2020-03-12,0.1855671273439607,0.0,0.0,0.3271383163859684,0.4179171910801287,0.3271383163859684,0.0,0.0,0.0
2020-03-12,0.3609727483599004,0.0,0.0,0.3271383163859684,0.4179171910801287,0.3271383163859684,0.0,0.0,0.0
2020-03-12,0.4228527186343471,0.0,0.0,0.3271383163859684,0.4179171910801287,0.3271383163859684,0.0,0.0,0.0
2020-03-12,0.3429346312838616,0.0,0.0,0.3271383163859684,0.4179171910801287,0.3271383163859684,0.0,0.0,0.0
2020-03-12,0.5151624467295174,0.0,0.0,0.3271383163859684,0.4179171910801287,0.3271383163859684,0.0,0.0,0.0
2020-03-12,0.36338623653903,0.0,0.0,0.3271383163859684,0.4179171910801287,0.3271383163859684,0.0,0.0,0.0
2020-03-12,0.3412849951018741,0.0,0.0,0.3271383163859684,0.4179171910801287,0.3271383163859684,0.0,0.0,0.0
2020-03-13,0.7269462592817533,0.0,0.0,0.3271613283665808,0.4179171910801287,0.3271383163859684,2.3011980612386296e-05,1.553308691336075e-05,7.4788936990255454e-06
2020-03-13,0.1116623843972789,0.0,0.0,0.3271613283665808,0.4179171910801287,0.3271613283665808,0.0,0.0,0.0
2020-03-13,0.3296261140988921,0.0,0.0,0.3271613283665808,0.4179171910801287,0.3271613283665808,0.0,0.0,0.0
2020-03-13,0.4680218856921582,0.0,0.0,0.3271613283665808,0.4179171910801287,0.3271613283665808,0.0,0.0,0.0
2020-03-13,0.7044232808317836,0.0,0.0,0.3271613283665808,0.4179171910801287,0.3271613283665808,0.0,6.903594183715889e-07,6.903594183715889e-07
2020-03-13,0.4687178247475762,0.0,0.0,0.3271613283665808,0.4179171910801287,0.3271613283665808,0.0,0.0,0.0
2020-03-13,0.6848383086935115,0.0,0.0,0.3271613283665808,0.4179171910801287,0.3271613283665808,0.0,6.903594183715889e-07,6.903594183715889e-07
2020-03-13,0.2667679649156811,0.0,0.0,0.3271613283665808,0.4179171910801287,0.3271613283665808,0.0,0.0,0.0
2020-03-13,0.4174192569585329,0.0,0.0,0.3271613283665808,0.4179171910801287,0.3271613283665808,0.0,0.0,0.0
2020-03-13,0.2787430115346183,0.0,0.0,0.3271613283665808,0.4179171910801287,0.3271613283665808,0.0,0.0,0.0
2020-03-13,0.3722931412319542,0.0,0.0,0.3271613283665808,0.4179171910801287,0.3271613283665808,0.0,0.0,0.0
2020-03-14,0.2623274720483484,0.0,0.0,0.3309841936458169,0.4217897828121462,0.3271613283665808,0.0038228652792360873,0.002921212731378319,0.0009016525478577684
2020-03-14,0.2968583931098972,0.0,0.0,0.3309841936458169,0.4217897828121462,0.3309841936458169,0.0,0.0,0.0
2020-03-14,0.2785342361087127,0.0,0.0,0.3309841936458169,0.4217897828121462,0.3309841936458169,0.0,4.7807389722276936e-05,4.7807389722276936e-05
2020-03-14,0.0967643389626587,0.0,0.0,0.3309841936458169,0.4217897828121462,0.3309841936458169,0.0,0.0,0.0
2020-03-14,0.2884932662276032,0.0,0.0,0.3309841936458169,0.4217897828121462,0.3309841936458169,0.0,0.0,0.0
2020-03-14,0.3312323068976767,0.0,0.0,0.3309841936458169,0.4217897828121462,0.3309841936458169,0.0,0.0,0.0
2020-03-14,0.3344643278889943,0.0,0.0,0.3309841936458169,0.4217897828121462,0.3309841936458169,0.0,0.0,0.0
2020-03-14,0.2174394072968923,0.0,0.0,0.3309841936458169,0.4217897828121462,0.3309841936458169,0.0,1.9114326396180436e-05,1.9114326396180436e-05
2020-03-14,0.1212298077705893,0.0,0.0,0.3309841936458169,0.4217897828121462,0.3309841936458169,0.0,0.0,0.0
2020-03-14,0.4306851083051961,0.0,0.0,0.3309841936458169,0.4217897828121462,0.3309841936458169,0.0,0.0,0.0
2020-03-14,0.2343865422736785,0.0,0.0,0.3309841936458169,0.4217897828121462,0.3309841936458169,0.0,0.00011733233614750815,0.00011733233614750815
2020-03-15,0.073624275585636,0.0,0.0,0.3345107796746681,0.4253396585664948,0.3309841936458169,0.0035265860288511974,0.002309913848897534,0.0012166721799536633
2020-03-15,0.0700414784962426,0.0,0.0,0.3345107796746681,0.4253396585664948,0.3345107796746681,0.0,0.0002997598124523518,0.0002997598124523518
2020-03-15,0.0950325883749517,0.0,0.0,0.3345107796746681,0.4253396585664948,0.3345107796746681,0.0,1.7632930144255986e-05,1.7632930144255986e-05
2020-03-15,0.0922862498467647,0.0,0.0,0.3345107796746681,0.4253396585664948,0.3345107796746681,0.0,0.0,0.0
2020-03-15,0.0157493050310123,0.0,0.0,0.3345107796746681,0.4253396585664948,0.3345107796746681,0.0,0.00018423966977807764,0.00018423966977807764
2020-03-15,0.0872808596852166,0.0,0.0,0.3345107796746681,0.4253396585664948,0.3345107796746681,0.0,3.526586028851197e-05,3.526586028851197e-05
2020-03-15,0.058177692022791,0.0,0.0,0.3345107796746681,0.4253396585664948,0.3345107796746681,0.0,0.0001234305110097919,0.0001234305110097919
2020-03-15,0.1229178808172092,0.0,0.0,0.3345107796746681,0.4253396585664948,0.3345107796746681,0.0,1.7632930144255986e-05,1.7632930144255986e-05
2020-03-15,0.0126733579614497,0.0,0.0,0.3345107796746681,0.4253396585664948,0.3345107796746681,0.0,0.00018423966977807764,0.00018423966977807764
2020-03-15,0.1842523515450858,0.0,0.0,0.3345107796746681,0.4253396585664948,0.3345107796746681,0.0,0.0,0.0
2020-03-15,0.1396349983811428,0.0,0.0,0.3345107796746681,0.4253396585664948,0.3345107796746681,0.0,0.0010048468984164977,0.0010048468984164977
2020-03-16,0.0,0.0,0.0,0.3351982625954637,0.4259850905218307,0.3345107796746681,0.0006874829207956235,6.551923256658248e-05,0.0006219636882290409
2020-03-16,0.0,0.0,0.0,0.3351982625954637,0.4259850905218307,0.3351982625954637,0.0,6.551923256658248e-05,6.551923256658248e-05
2020-03-16,0.0,0.0,0.0,0.3351982625954637,0.4259850905218307,0.3351982625954637,0.0,6.551923256658248e-05,6.551923256658248e-05
2020-03-16,0.0,0.0,0.0,0.3351982625954637,0.4259850905218307,0.3351982625954637,0.0,6.551923256658248e-05,6.551923256658248e-05
2020-03-16,0.0,0.0,0.0,0.3351982625954637,0.4259850905218307,0.3351982625954637,0.0,6.551923256658248e-05,6.551923256658248e-05
2020-03-16,0.0,0.0,0.0,0.3351982625954637,0.4259850905218307,0.3351982625954637,0.0,6.551923256658248e-05,6.551923256658248e-05
2020-03-16,0.0,0.0,0.0,0.3351982625954637,0.4259850905218307,0.3351982625954637,0.0,6.551923256658248e-05,6.551923256658248e-05
2020-03-16,0.0,0.0,0.0,0.3351982625954637,0.4259850905218307,0.3351982625954637,0.0,6.551923256658248e-05,6.551923256658248e-05
2020-03-16,0.0,0.0,0.0,0.3351982625954637,0.4259850905218307,0.3351982625954637,0.0,6.551923256658248e-05,6.551923256658248e-05
2020-03-16,0.0,0.0,0.0,0.3351982625954637,0.4259850905218307,0.3351982625954637,0.0,6.551923256658248e-05,6.551923256658248e-05
2020-03-16,0.0,0.0,0.0,0.3351982625954637,0.4259850905218307,0.3351982625954637,0.0,6.551923256658248e-05,6.551923256658248e-05
2020-03-17,0.0,0.0,0.0,0.3346085805922708,0.4253396585664948,0.3351982625954637,-0.0005896820031929262,0.0,0.0005896820031929262
2020-03-17,0.0,0.0,0.0,0.3346085805922708,0.4253396585664948,0.3346085805922708,0.0,0.0,0.0
2020-03-17,0.0,0.0,0.0,0.3346085805922708,0.4253396585664948,0.3346085805922708,0.0,0.0,0.0
2020-03-17,0.0,0.0,0.0,0.3346085805922708,0.4253396585664948,0.3346085805922708,0.0,0.0,0.0
2020-03-17,0.0,0.0,0.0,0.3346085805922708,0.4253396585664948,0.3346085805922708,0.0,0.0,0.0
2020-03-17,0.0,0.0,0.0,0.3346085805922708,0.4253396585664948,0.3346085805922708,0.0,0.0,0.0
2020-03-17,0.0,0.0,0.0,0.3346085805922708,0.4253396585664948,0.3346085805922708,0.0,0.0,0.0
2020-03-17,0.0,0.0,0.0,0.3346085805922708,0.4253396585664948,0.3346085805922708,0.0,0.0,0.0
2020-03-17,0.0,0.0,0.0,0.3346085805922708,0.4253396585664948,0.3346085805922708,0.0,0.0,0.0
2020-03-17,0.0,0.0,0.0,0.3346085805922708,0.4253396585664948,0.3346085805922708,0.0,0.0,0.0
2020-03-17,0.0,0.0,0.0,0.3346085805922708,0.4253396585664948,0.3346085805922708,0.0,0.0,0.0
2020-03-18,0.0,0.0,0.0,0.3346085805922708,0.4253396585664948,0.3346085805922708,0.0,0.0,0.0
2020-03-18,0.0,0.0,0.0,0.3346085805922708,0.4253396585664948,0.3346085805922708,0.0,0.0,0.0
2020-03-18,0.0,0.0,0.0,0.3346085805922708,0.4253396585664948,0.3346085805922708,0.0,0.0,0.0
2020-03-18,0.0,0.0,0.0,0.3346085805922708,0.4253396585664948,0.3346085805922708,0.0,0.0,0.0
2020-03-18,0.0,0.0,0.0,0.3346085805922708,0.4253396585664948,0.3346085805922708,0.0,0.0,0.0
2020-03-18,0.0,0.0,0.0,0.3346085805922708,0.4253396585664948,0.3346085805922708,0.0,0.0,0.0
2020-03-18,0.0,0.0,0.0,0.3346085805922708,0.4253396585664948,0.3346085805922708,0.0,0.0,0.0
2020-03-18,0.0,0.0,0.0,0.3346085805922708,0.4253396585664948,0.3346085805922708,0.0,0.0,0.0
2020-03-18,0.0,0.0,0.0,0.3346085805922708,0.4253396585664948,0.3346085805922708,0.0,0.0,0.0
2020-03-18,0.0,0.0,0.0,0.3346085805922708,0.4253396585664948,0.3346085805922708,0.0,0.0,0.0
2020-03-18,0.0,0.0,0.0,0.3346085805922708,0.4253396585664948,0.3346085805922708,0.0,0.0,0.0
2020-03-19,0.0014035439526248,0.0,0.0,0.3316688000690359,0.4224352147674803,0.3346085805922708,-0.002939780523234903,0.0,0.002939780523234903
2020-03-19,1.9001581365027e-05,0.0,0.0,0.3316688000690359,0.4224352147674803,0.3316688000690359,0.0,8.820779818492997e-05,8.820779818492997e-05
2020-03-19,0.0,0.0,0.0,0.3316688000690359,0.4224352147674803,0.3316688000690359,0.0,0.0,0.0
2020-03-19,0.001748344761276,0.0,0.0,0.3316688000690359,0.4224352147674803,0.3316688000690359,0.0,0.0,0.0
2020-03-19,0.0234362220293655,0.0,0.0,0.3316688000690359,0.4224352147674803,0.3316688000690359,0.0,0.0,0.0
2020-03-19,0.003531323736488,0.0,0.0,0.3316688000690359,0.4224352147674803,0.3316688000690359,0.0,0.0,0.0
2020-03-19,0.0004239981091992,0.0,0.0,0.3316688000690359,0.4224352147674803,0.3316688000690359,0.0,0.0,0.0
2020-03-19,0.0,0.0,0.0,0.3316688000690359,0.4224352147674803,0.3316688000690359,0.0,0.0,0.0
2020-03-19,0.0041822340876779,0.0,0.0,0.3316688000690359,0.4224352147674803,0.3316688000690359,0.0,0.0,0.0
2020-03-19,0.0004580751174085,0.0,0.0,0.3316688000690359,0.4224352147674803,0.3316688000690359,0.0,0.0,0.0
2020-03-19,0.025830388679927,0.0,0.0,0.3316688000690359,0.4224352147674803,0.3316688000690359,0.0,0.0,0.0
2020-03-20,0.0021226698112744,0.0,0.0,0.3316688000690359,0.4224352147674803,0.3316688000690359,0.0,0.0,0.0
2020-03-20,0.0039507944504012,0.0,0.0,0.3316688000690359,0.4224352147674803,0.3316688000690359,0.0,0.0,0.0
2020-03-20,0.0147536485199363,0.0,0.0,0.3316688000690359,0.4224352147674803,0.3316688000690359,0.0,0.00024703361187417895,0.00024703361187417895
2020-03-20,0.0,0.0,0.0,0.3316688000690359,0.4224352147674803,0.3316688000690359,0.0,0.0,0.0
2020-03-20,0.0,0.0,0.0,0.3316688000690359,0.4224352147674803,0.3316688000690359,0.0,0.0,0.0
2020-03-20,0.0006575483575139,0.0,0.0,0.3316688000690359,0.4224352147674803,0.3316688000690359,0.0,0.0,0.0
2020-03-20,0.0057350150378062,0.0,0.0,0.3316688000690359,0.4224352147674803,0.3316688000690359,0.0,0.0,0.0
2020-03-20,0.022626761255055,0.0,0.0,0.3316688000690359,0.4224352147674803,0.3316688000690359,0.0,0.0,0.0
2020-03-20,0.0016279894423749,0.0,0.0,0.3316688000690359,0.4224352147674803,0.3316688000690359,0.0,0.0,0.0
2020-03-20,0.0002610505325441,0.0,0.0,0.3316688000690359,0.4224352147674803,0.3316688000690359,0.0,0.0,0.0
2020-03-20,0.0233805014567173,0.0,0.0,0.3316688000690359,0.4224352147674803,0.3316688000690359,0.0,0.0,0.0
2020-03-21,0.0,0.0,0.0,0.3316688000690359,0.4224352147674803,0.3316688000690359,0.0,0.0,0.0
2020-03-21,0.0,0.0,0.0,0.3316688000690359,0.4224352147674803,0.3316688000690359,0.0,0.0,0.0
2020-03-21,0.0,0.0,0.0,0.3316688000690359,0.4224352147674803,0.3316688000690359,0.0,0.0,0.0
2020-03-21,0.0,0.0,0.0,0.3316688000690359,0.4224352147674803,0.3316688000690359,0.0,0.0,0.0
2020-03-21,0.0,0.0,0.0,0.3316688000690359,0.4224352147674803,0.3316688000690359,0.0,0.0,0.0
2020-03-21,0.0,0.0,0.0,0.3316688000690359,0.4224352147674803,0.3316688000690359,0.0,0.0,0.0
2020-03-21,0.0,0.0,0.0,0.3316688000690359,0.4224352147674803,0.3316688000690359,0.0,0.0,0.0
2020-03-21,0.0,0.0,0.0,0.3316688000690359,0.4224352147674803,0.3316688000690359,0.0,0.0,0.0
2020-03-21,0.0,0.0,0.0,0.3316688000690359,0.4224352147674803,0.3316688000690359,0.0,0.0,0.0
2020-03-21,0.0,0.0,0.0,0.3316688000690359,0.4224352147674803,0.3316688000690359,0.0,0.0,0.0
2020-03-21,0.0,0.0,0.0,0.3316688000690359,0.4224352147674803,0.3316688000690359,0.0,0.0,0.0
2020-03-22,0.0305854918498177,0.0,0.0,0.3316688000690359,0.4224352147674803,0.3316688000690359,0.0,0.0,0.0
2020-03-22,0.0447940672952306,0.0,0.0,0.3316688000690359,0.4224352147674803,0.3316688000690359,0.0,0.00022341756677069863,0.00022341756677069863
2020-03-22,0.052529677282486,0.0,0.0,0.3316688000690359,0.4224352147674803,0.3316688000690359,0.0,0.0,0.0
2020-03-22,0.0385748088188155,0.0,0.0,0.3316688000690359,0.4224352147674803,0.3316688000690359,0.0,0.0,0.0
2020-03-22,0.0141940194948829,0.0,0.0,0.3316688000690359,0.4224352147674803,0.3316688000690359,0.0,0.0,0.0
2020-03-22,0.081054651424266,0.0,0.0,0.3316688000690359,0.4224352147674803,0.3316688000690359,0.0,0.00031494771965654534,0.00031494771965654534
2020-03-22,0.0883567598283943,0.0,0.0,0.3316688000690359,0.4224352147674803,0.3316688000690359,0.0,0.0,0.0
2020-03-22,0.0230739412332956,0.0,0.0,0.3316688000690359,0.4224352147674803,0.3316688000690359,0.0,0.0,0.0
2020-03-22,0.0478445571334446,0.0,0.0,0.3316688000690359,0.4224352147674803,0.3316688000690359,0.0,0.0,0.0
2020-03-22,0.0670352641752657,0.0,0.0,0.3316688000690359,0.4224352147674803,0.3316688000690359,0.0,1.7632930144255986e-05,1.7632930144255986e-05
2020-03-22,0.050120640145403,0.0,0.0,0.3316688000690359,0.4224352147674803,0.3316688000690359,0.0,7.10494901408043e-05,7.10494901408043e-05
2020-03-23,0.0012112849010779,0.0,0.0,0.3316688000690359,0.4224352147674803,0.3316688000690359,0.0,0.0,0.0
2020-03-23,0.0,0.0,0.0,0.3316688000690359,0.4224352147674803,0.3316688000690359,0.0,0.0,0.0
2020-03-23,1.9001581365027e-05,0.0,0.0,0.3316688000690359,0.4224352147674803,0.3316688000690359,0.0,8.820779818492997e-05,8.820779818492997e-05
2020-03-23,0.0033814381836582,0.0,0.0,0.3316688000690359,0.4224352147674803,0.3316688000690359,0.0,0.0003549310359706022,0.0003549310359706022
2020-03-23,0.0005379698381634,0.0,0.0,0.3316688000690359,0.4224352147674803,0.3316688000690359,0.0,0.0,0.0
2020-03-23,0.0081965900905103,0.0,0.0,0.3316688000690359,0.4224352147674803,0.3316688000690359,0.0,0.0,0.0
2020-03-23,0.0007925712201408,0.0,0.0,0.3316688000690359,0.4224352147674803,0.3316688000690359,0.0,0.0,0.0
2020-03-23,0.0010909662233837,0.0,0.0,0.3316688000690359,0.4224352147674803,0.3316688000690359,0.0,0.0,0.0
2020-03-23,0.0,0.0,0.0,0.3316688000690359,0.4224352147674803,0.3316688000690359,0.0,0.0,0.0
2020-03-23,0.0,0.0,0.0,0.3316688000690359,0.4224352147674803,0.3316688000690359,0.0,0.0,0.0
2020-03-23,8.414920016727674e-05,0.0,0.0,0.3316688000690359,0.4224352147674803,0.3316688000690359,0.0,0.0,0.0
2020-03-24,0.0,0.0,0.0,0.3316688000690359,0.4224352147674803,0.3316688000690359,0.0,0.0,0.0
2020-03-24,0.0,0.0,0.0,0.3316688000690359,0.4224352147674803,0.3316688000690359,0.0,0.0,0.0
2020-03-24,0.0064520411674687,0.0,0.0,0.3316688000690359,0.4224352147674803,0.3316688000690359,0.0,0.0004963540393217223,0.0004963540393217223
2020-03-24,0.0,0.0,0.0,0.3316688000690359,0.4224352147674803,0.3316688000690359,0.0,0.0,0.0
2020-03-24,0.0,0.0,0.0,0.3316688000690359,0.4224352147674803,0.3316688000690359,0.0,0.0,0.0
2020-03-24,0.0,0.0,0.0,0.3316688000690359,0.4224352147674803,0.3316688000690359,0.0,0.0,0.0
2020-03-24,0.0,0.0,0.0,0.3316688000690359,0.4224352147674803,0.3316688000690359,0.0,0.0,0.0
2020-03-24,0.0011548410894391,0.0,0.0,0.3316688000690359,0.4224352147674803,0.3316688000690359,0.0,6.748263314588249e-05,6.748263314588249e-05
2020-03-24,0.0,0.0,0.0,0.3316688000690359,0.4224352147674803,0.3316688000690359,0.0,0.0,0.0
2020-03-24,0.0,0.0,0.0,0.3316688000690359,0.4224352147674803,0.3316688000690359,0.0,0.0,0.0
2020-03-24,0.0265544163658549,0.0,0.0,0.3316688000690359,0.4224352147674803,0.3316688000690359,0.0,0.0,0.0
2020-03-25,0.1729454726895492,0.0,0.0,0.3035510362582518,0.3940362087326932,0.3316688000690359,-0.02811776381078407,0.0,0.02811776381078407
2020-03-25,0.1302824763724863,0.0,0.0,0.3035510362582518,0.3940362087326932,0.3035510362582518,0.0,0.0,0.0
2020-03-25,0.1621585119895057,0.0,0.0,0.3035510362582518,0.3940362087326932,0.3035510362582518,0.0,0.0,0.0
2020-03-25,0.1323903206565072,0.0,0.0,0.3035510362582518,0.3940362087326932,0.3035510362582518,0.0,0.0,0.0
2020-03-25,0.0260327348560027,0.0,0.0,0.3035510362582518,0.3940362087326932,0.3035510362582518,0.0,0.0,0.0
2020-03-25,0.2858647362010146,0.0,0.0,0.3035510362582518,0.3940362087326932,0.3035510362582518,0.0,0.0,0.0
2020-03-25,0.1731975849141867,0.0,0.0,0.3035510362582518,0.3940362087326932,0.3035510362582518,0.0,0.0,0.0
2020-03-25,0.2165049360710054,0.0,0.0,0.3035510362582518,0.3940362087326932,0.3035510362582518,0.0,0.0,0.0
2020-03-25,0.1542622144188688,0.0,0.0,0.3035510362582518,0.3940362087326932,0.3035510362582518,0.0,0.0,0.0
2020-03-25,0.2525709145609277,0.0,0.0,0.3035510362582518,0.3940362087326932,0.3035510362582518,0.0,0.0,0.0
2020-03-25,0.1181828709368988,0.0,0.0,0.3035510362582518,0.3940362087326932,0.3035510362582518,0.0,0.0,0.0
2020-03-26,0.0011383420667342,0.0,0.0,0.3035510362582518,0.3940362087326932,0.3035510362582518,0.0,0.0,0.0
2020-03-26,0.0,0.0,0.0,0.3035510362582518,0.3940362087326932,0.3035510362582518,0.0,0.0,0.0
2020-03-26,0.0,0.0,0.0,0.3035510362582518,0.3940362087326932,0.3035510362582518,0.0,0.0,0.0
2020-03-26,0.0,0.0,0.0,0.3035510362582518,0.3940362087326932,0.3035510362582518,0.0,0.0,0.0
2020-03-26,0.0,0.0,0.0,0.3035510362582518,0.3940362087326932,0.3035510362582518,0.0,0.0,0.0
2020-03-26,0.0006646433503477,0.0,0.0,0.3035510362582518,0.3940362087326932,0.3035510362582518,0.0,0.0,0.0
2020-03-26,0.005182561189904,0.0,0.0,0.3035510362582518,0.3940362087326932,0.3035510362582518,0.0,0.0,0.0
2020-03-26,0.0,0.0,0.0,0.3035510362582518,0.3940362087326932,0.3035510362582518,0.0,0.0,0.0
2020-03-26,0.0013073634973625,0.0,0.0,0.3035510362582518,0.3940362087326932,0.3035510362582518,0.0,0.0,0.0
2020-03-26,1.5752439479063272e-06,0.0,0.0,0.3035510362582518,0.3940362087326932,0.3035510362582518,0.0,0.00017870241194321734,0.00017870241194321734
2020-03-26,0.0015999981391394,0.0,0.0,0.3035510362582518,0.3940362087326932,0.3035510362582518,0.0,0.0,0.0
2020-03-27,0.0422206749509422,0.0,0.0,0.3035510362582518,0.3940362087326932,0.3035510362582518,0.0,0.0,0.0
2020-03-27,0.0934772538099656,0.0,0.0,0.3035510362582518,0.3940362087326932,0.3035510362582518,0.0,0.0,0.0
2020-03-27,0.0730667205005997,0.0,0.0,0.3035510362582518,0.3940362087326932,0.3035510362582518,0.0,0.0005977937263587838,0.0005977937263587838
2020-03-27,0.0275173524430741,0.0,0.0,0.3035510362582518,0.3940362087326932,0.3035510362582518,0.0,0.0,0.0
2020-03-27,0.0471854441158953,0.0,0.0,0.3035510362582518,0.3940362087326932,0.3035510362582518,0.0,0.0,0.0
2020-03-27,0.0481103589631986,0.0,0.0,0.3035510362582518,0.3940362087326932,0.3035510362582518,0.0,0.0,0.0
2020-03-27,0.0462623893241349,0.0,0.0,0.3035510362582518,0.3940362087326932,0.3035510362582518,0.0,0.0,0.0
2020-03-27,0.0866004086950686,0.0,0.0,0.3035510362582518,0.3940362087326932,0.3035510362582518,0.0,0.0,0.0
2020-03-27,0.0932080929296116,0.0,0.0,0.3035510362582518,0.3940362087326932,0.3035510362582518,0.0,0.0,0.0
2020-03-27,0.0153405615894518,0.0,0.0,0.3035510362582518,0.3940362087326932,0.3035510362582518,0.0,0.0,0.0
2020-03-27,0.0373783287989084,0.0,0.0,0.3035510362582518,0.3940362087326932,0.3035510362582518,0.0,0.0,0.0
2020-03-28,0.2816080440055803,0.0,0.0,0.3035510362582518,0.3940362087326932,0.3035510362582518,0.0,0.0,0.0
2020-03-28,0.4154344749259332,0.0,0.0,0.3035510362582518,0.3940362087326932,0.3035510362582518,0.0,0.0,0.0
2020-03-28,0.1593375354270496,0.0,0.0,0.3035510362582518,0.3940362087326932,0.3035510362582518,0.0,0.0,0.0
2020-03-28,0.3926866151675287,0.0,0.0,0.3035510362582518,0.3940362087326932,0.3035510362582518,0.0,0.0,0.0
2020-03-28,0.1099500419771535,0.0,0.0,0.3035510362582518,0.3940362087326932,0.3035510362582518,0.0,0.0002917487667016605,0.0002917487667016605
2020-03-28,0.2933274488886608,0.0,0.0,0.3035510362582518,0.3940362087326932,0.3035510362582518,0.0,0.0,0.0
2020-03-28,0.3541070032201458,0.0,0.0,0.3035510362582518,0.3940362087326932,0.3035510362582518,0.0,0.0,0.0
2020-03-28,0.7232556272245672,0.0,0.0,0.3035510362582518,0.3940362087326932,0.3035510362582518,0.0,4.947575831663054e-06,4.947575831663054e-06
2020-03-28,0.2514694624380241,0.0,0.0,0.3035510362582518,0.3940362087326932,0.3035510362582518,0.0,0.0,0.0
2020-03-28,0.1641765292962246,0.0,0.0,0.3035510362582518,0.3940362087326932,0.3035510362582518,0.0,0.0,0.0
2020-03-28,0.6420509043134702,0.0,0.0,0.3035510362582518,0.3940362087326932,0.3035510362582518,0.0,1.1505990306193148e-07,1.1505990306193148e-07
2020-03-29,0.040636022888669,0.0,0.0,0.3035510362582518,0.3940362087326932,0.3035510362582518,0.0,0.0,0.0
2020-03-29,0.0265690396956588,0.0,0.0,0.3035510362582518,0.3940362087326932,0.3035510362582518,0.0,0.0,0.0
2020-03-29,0.0066157133098302,0.0,0.0,0.3035510362582518,0.3940362087326932,0.3035510362582518,0.0,0.000499820218901465,0.000499820218901465
2020-03-29,0.0,0.0,0.0,0.3035510362582518,0.3940362087326932,0.3035510362582518,0.0,0.0,0.0
2020-03-29,0.0004263147487651,0.0,0.0,0.3035510362582518,0.3940362087326932,0.3035510362582518,0.0,0.0,0.0
2020-03-29,0.0009259905454875,0.0,0.0,0.3035510362582518,0.3940362087326932,0.3035510362582518,0.0,0.0,0.0
2020-03-29,0.0336604264563466,0.0,0.0,0.3035510362582518,0.3940362087326932,0.3035510362582518,0.0,0.0,0.0
2020-03-29,0.007986213244107,0.0,0.0,0.3035510362582518,0.3940362087326932,0.3035510362582518,0.0,0.0,0.0
2020-03-29,0.0186953459782778,0.0,0.0,0.3035510362582518,0.3940362087326932,0.3035510362582518,0.0,3.9695666556349706e-06,3.9695666556349706e-06
2020-03-29,0.0036826254317188,0.0,0.0,0.3035510362582518,0.3940362087326932,0.3035510362582518,0.0,8.863927282141234e-05,8.863927282141234e-05
2020-03-29,0.00855788521128,0.0,0.0,0.3035510362582518,0.3940362087326932,0.3035510362582518,0.0,0.0,0.0
2020-03-30,0.0193656475627893,0.0,0.0,0.3035510362582518,0.3940362087326932,0.3035510362582518,0.0,3.3079722130291423e-07,3.3079722130291423e-07
2020-03-30,0.0,0.0,0.0,0.3035510362582518,0.3940362087326932,0.3035510362582518,0.0,0.0,0.0
2020-03-30,0.0,0.0,0.0,0.3035510362582518,0.3940362087326932,0.3035510362582518,0.0,0.0,0.0
2020-03-30,0.0,0.0,0.0,0.3035510362582518,0.3940362087326932,0.3035510362582518,0.0,0.0,0.0
2020-03-30,0.005253905570227,0.0,0.0,0.3035510362582518,0.3940362087326932,0.3035510362582518,0.0,0.0,0.0
2020-03-30,0.0072520844509603,0.0,0.0,0.3035510362582518,0.3940362087326932,0.3035510362582518,0.0,0.00011931711947532682,0.00011931711947532682
2020-03-30,0.0,0.0,0.0,0.3035510362582518,0.3940362087326932,0.3035510362582518,0.0,0.0,0.0
2020-03-30,0.0,0.0,0.0,0.3035510362582518,0.3940362087326932,0.3035510362582518,0.0,0.0,0.0
2020-03-30,0.0,0.0,0.0,0.3035510362582518,0.3940362087326932,0.3035510362582518,0.0,0.0,0.0
2020-03-30,0.0,0.0,0.0,0.3035510362582518,0.3940362087326932,0.3035510362582518,0.0,0.0,0.0
2020-03-30,0.0025307375818229,0.0,0.0,0.3035510362582518,0.3940362087326932,0.3035510362582518,0.0,0.00014227157013620316,0.00014227157013620316
2020-03-31,0.0,0.0,0.0,0.3035510362582518,0.3940362087326932,0.3035510362582518,0.0,0.0,0.0
2020-03-31,0.0,0.0,0.0,0.3035510362582518,0.3940362087326932,0.3035510362582518,0.0,0.0,0.0
2020-03-31,0.0,0.0,0.0,0.3035510362582518,0.3940362087326932,0.3035510362582518,0.0,0.0,0.0
2020-03-31,0.0,0.0,0.0,0.3035510362582518,0.3940362087326932,0.3035510362582518,0.0,0.0,0.0
2020-03-31,0.0,0.0,0.0,0.3035510362582518,0.3940362087326932,0.3035510362582518,0.0,0.0,0.0
2020-03-31,0.0,0.0,0.0,0.3035510362582518,0.3940362087326932,0.3035510362582518,0.0,0.0,0.0
2020-03-31,0.0,0.0,0.0,0.3035510362582518,0.3940362087326932,0.3035510362582518,0.0,0.0,0.0
2020-03-31,0.0,0.0,0.0,0.3035510362582518,0.3940362087326932,0.3035510362582518,0.0,0.0,0.0
2020-03-31,0.0,0.0,0.0,0.3035510362582518,0.3940362087326932,0.3035510362582518,0.0,0.0,0.0
2020-03-31,0.0,0.0,0.0,0.3035510362582518,0.3940362087326932,0.3035510362582518,0.0,0.0,0.0
2020-03-31,0.0,0.0,0.0,0.3035510362582518,0.3940362087326932,0.3035510362582518,0.0,0.0,0.0
2020-04-01,0.1504460292833467,0.0,0.0,0.2831279034647413,0.3720915222512655,0.3035510362582518,-0.02042313279351049,0.0,0.02042313279351049
2020-04-01,0.1261230763456149,0.0,0.0,0.2831279034647413,0.3720915222512655,0.2831279034647413,0.0,0.0,0.0
2020-04-01,0.0976606316459131,0.0,0.0,0.2831279034647413,0.3720915222512655,0.2831279034647413,0.0,5.83497533403321e-05,5.83497533403321e-05
2020-04-01,0.1287603032178357,0.0,0.0,0.2831279034647413,0.3720915222512655,0.2831279034647413,0.0,0.0,0.0
2020-04-01,0.1170349222552639,0.0,0.0,0.2831279034647413,0.3720915222512655,0.2831279034647413,0.0,0.00010179924923413214,0.00010179924923413214
2020-04-01,0.1708940219957571,0.0,0.0,0.2831279034647413,0.3720915222512655,0.2831279034647413,0.0,0.0,0.0
2020-04-01,0.0671412561410308,0.0,0.0,0.2831279034647413,0.3720915222512655,0.2831279034647413,0.0,0.0,0.0
2020-04-01,0.1942185305751363,0.0,0.0,0.2831279034647413,0.3720915222512655,0.2831279034647413,0.0,0.0,0.0
2020-04-01,0.2587331834088635,0.0,0.0,0.2831279034647413,0.3720915222512655,0.2831279034647413,0.0,0.001622675430395958,0.001622675430395958
2020-04-01,0.0129395293337265,0.0,0.0,0.2831279034647413,0.3720915222512655,0.2831279034647413,0.0,0.0,0.0
2020-04-01,0.0987448856861438,0.0,0.0,0.2831279034647413,0.3720915222512655,0.2831279034647413,0.0,5.83497533403321e-05,5.83497533403321e-05
2020-04-02,0.0185046446997697,0.0,0.0,0.2831940629090019,0.3720915222512655,0.2831279034647413,6.615944426058284e-05,0.00011900070474185509,5.2841260481272244e-05
2020-04-02,0.0,0.0,0.0,0.2831940629090019,0.3720915222512655,0.2831940629090019,0.0,0.0,0.0
2020-04-02,0.0,0.0,0.0,0.2831940629090019,0.3720915222512655,0.2831940629090019,0.0,0.0,0.0
2020-04-02,0.0465168711824354,0.0,0.0,0.2831940629090019,0.3720915222512655,0.2831940629090019,0.0,0.0,0.0
2020-04-02,0.0316687577849204,0.0,0.0,0.2831940629090019,0.3720915222512655,0.2831940629090019,0.0,3.932172187144978e-05,3.932172187144978e-05
2020-04-02,0.0551675257732304,0.0,0.0,0.2831940629090019,0.3720915222512655,0.2831940629090019,0.0,0.0,0.0
2020-04-02,0.0002546963390515,0.0,0.0,0.2831940629090019,0.3720915222512655,0.2831940629090019,0.0,0.0,0.0
2020-04-02,0.0270184490036406,0.0,0.0,0.2831940629090019,0.3720915222512655,0.2831940629090019,0.0,3.932172187144978e-05,3.932172187144978e-05
2020-04-02,0.0028635837569429,0.0,0.0,0.2831940629090019,0.3720915222512655,0.2831940629090019,0.0,0.0004665679069165396,0.0004665679069165396
2020-04-02,0.0032346027504384,0.0,0.0,0.2831940629090019,0.3720915222512655,0.2831940629090019,0.0,0.0,0.0
2020-04-02,0.0126415557938054,0.0,0.0,0.2831940629090019,0.3720915222512655,0.2831940629090019,0.0,0.0,0.0
2020-04-03,0.0056182331757215,0.0,0.0,0.2831940629090019,0.3720915222512655,0.2831940629090019,0.0,0.0,0.0
2020-04-03,0.003852166994566,0.0,0.0,0.2831940629090019,0.3720915222512655,0.2831940629090019,0.0,0.0,0.0
2020-04-03,0.0243656136033371,0.0,0.0,0.2831940629090019,0.3720915222512655,0.2831940629090019,0.0,3.932172187144978e-05,3.932172187144978e-05
2020-04-03,0.0,0.0,0.0,0.2831940629090019,0.3720915222512655,0.2831940629090019,0.0,0.0,0.0
2020-04-03,0.0256370946409917,0.0,0.0,0.2831940629090019,0.3720915222512655,0.2831940629090019,0.0,3.932172187144978e-05,3.932172187144978e-05
2020-04-03,0.0140787395197975,0.0,0.0,0.2831940629090019,0.3720915222512655,0.2831940629090019,0.0,0.0,0.0
2020-04-03,0.0022500187410531,0.0,0.0,0.2831940629090019,0.3720915222512655,0.2831940629090019,0.0,5.896820031925376e-07,5.896820031925376e-07
2020-04-03,0.0105923274085955,0.0,0.0,0.2831940629090019,0.3720915222512655,0.2831940629090019,0.0,0.0,0.0
2020-04-03,0.0064404238924221,0.0,0.0,0.2831940629090019,0.3720915222512655,0.2831940629090019,0.0,8.330336981691083e-05,8.330336981691083e-05
2020-04-03,0.0025056356568895,0.0,0.0,0.2831940629090019,0.3720915222512655,0.2831940629090019,0.0,7.113578506810158e-05,7.113578506810158e-05
2020-04-03,0.0156027569435638,0.0,0.0,0.2831940629090019,0.3720915222512655,0.2831940629090019,0.0,1.9847833278174853e-06,1.9847833278174853e-06
2020-04-04,0.0,0.0,0.0,0.2831940629090019,0.3720915222512655,0.2831940629090019,0.0,0.0,0.0
2020-04-04,0.0,0.0,0.0,0.2831940629090019,0.3720915222512655,0.2831940629090019,0.0,0.0,0.0
2020-04-04,0.0,0.0,0.0,0.2831940629090019,0.3720915222512655,0.2831940629090019,0.0,0.0,0.0
2020-04-04,0.0,0.0,0.0,0.2831940629090019,0.3720915222512655,0.2831940629090019,0.0,0.0,0.0
2020-04-04,0.0,0.0,0.0,0.2831940629090019,0.3720915222512655,0.2831940629090019,0.0,0.0,0.0
2020-04-04,0.0,0.0,0.0,0.2831940629090019,0.3720915222512655,0.2831940629090019,0.0,0.0,0.0
2020-04-04,0.0,0.0,0.0,0.2831940629090019,0.3720915222512655,0.2831940629090019,0.0,0.0,0.0
2020-04-04,0.0,0.0,0.0,0.2831940629090019,0.3720915222512655,0.2831940629090019,0.0,0.0,0.0
2020-04-04,0.0,0.0,0.0,0.2831940629090019,0.3720915222512655,0.2831940629090019,0.0,0.0,0.0
2020-04-04,0.0,0.0,0.0,0.2831940629090019,0.3720915222512655,0.2831940629090019,0.0,0.0,0.0
2020-04-04,0.0,0.0,0.0,0.2831940629090019,0.3720915222512655,0.2831940629090019,0.0,0.0,0.0
2020-04-05,0.0,0.0,0.0,0.2831940629090019,0.3720915222512655,0.2831940629090019,0.0,0.0,0.0
2020-04-05,0.0,0.0,0.0,0.2831940629090019,0.3720915222512655,0.2831940629090019,0.0,0.0,0.0
2020-04-05,0.0010510995616125,0.0,0.0,0.2831940629090019,0.3720915222512655,0.2831940629090019,0.0,0.0,0.0
2020-04-05,0.0,0.0,0.0,0.2831940629090019,0.3720915222512655,0.2831940629090019,0.0,0.0,0.0
2020-04-05,0.0,0.0,0.0,0.2831940629090019,0.3720915222512655,0.2831940629090019,0.0,0.0,0.0
2020-04-05,0.0,0.0,0.0,0.2831940629090019,0.3720915222512655,0.2831940629090019,0.0,0.0,0.0
2020-04-05,0.0012840556201345,0.0,0.0,0.2831940629090019,0.3720915222512655,0.2831940629090019,0.0,0.0,0.0
2020-04-05,0.0013722140808961,0.0,0.0,0.2831940629090019,0.3720915222512655,0.2831940629090019,0.0,0.0,0.0
2020-04-05,0.0,0.0,0.0,0.2831940629090019,0.3720915222512655,0.2831940629090019,0.0,0.0,0.0
2020-04-05,0.0,0.0,0.0,0.2831940629090019,0.3720915222512655,0.2831940629090019,0.0,0.0,0.0
2020-04-05,0.0,0.0,0.0,0.2831940629090019,0.3720915222512655,0.2831940629090019,0.0,0.0,0.0
2020-04-06,0.0029367868213722,0.0,0.0,0.2831940629090019,0.3720915222512655,0.2831940629090019,0.0,0.0013997037207496188,0.0013997037207496188
2020-04-06,0.0,0.0,0.0,0.2831940629090019,0.3720915222512655,0.2831940629090019,0.0,0.0,0.0
2020-04-06,0.011285913287589,0.0,0.0,0.2831940629090019,0.3720915222512655,0.2831940629090019,0.0,0.0,0.0
2020-04-06,0.0,0.0,0.0,0.2831940629090019,0.3720915222512655,0.2831940629090019,0.0,0.0,0.0
2020-04-06,0.0,0.0,0.0,0.2831940629090019,0.3720915222512655,0.2831940629090019,0.0,0.0,0.0
2020-04-06,0.0308254211265521,0.0,0.0,0.2831940629090019,0.3720915222512655,0.2831940629090019,0.0,3.932172187144978e-05,3.932172187144978e-05
2020-04-06,0.0085628562364764,0.0,0.0,0.2831940629090019,0.3720915222512655,0.2831940629090019,0.0,0.0,0.0
2020-04-06,0.0,0.0,0.0,0.2831940629090019,0.3720915222512655,0.2831940629090019,0.0,0.0,0.0
2020-04-06,0.0,0.0,0.0,0.2831940629090019,0.3720915222512655,0.2831940629090019,0.0,0.0,0.0
2020-04-06,0.0242989276501184,0.0,0.0,0.2831940629090019,0.3720915222512655,0.2831940629090019,0.0,3.932172187144978e-05,3.932172187144978e-05
2020-04-06,0.0022678027998062,0.0,0.0,0.2831940629090019,0.3720915222512655,0.2831940629090019,0.0,5.896820031925376e-07,5.896820031925376e-07
2020-04-07,0.0085202904086899,0.0,0.0,0.2831940629090019,0.3720915222512655,0.2831940629090019,0.0,0.0,0.0
2020-04-07,0.0045242302936756,0.0,0.0,0.2831940629090019,0.3720915222512655,0.2831940629090019,0.0,0.0,0.0
2020-04-07,0.0068197455777037,0.0,0.0,0.2831940629090019,0.3720915222512655,0.2831940629090019,0.0,8.330336981691083e-05,8.330336981691083e-05
2020-04-07,0.0033799724906583,0.0,0.0,0.2831940629090019,0.3720915222512655,0.2831940629090019,0.0,6.332609414776494e-05,6.332609414776494e-05
2020-04-07,0.0,0.0,0.0,0.2831940629090019,0.3720915222512655,0.2831940629090019,0.0,0.0,0.0
2020-04-07,0.0,0.0,0.0,0.2831940629090019,0.3720915222512655,0.2831940629090019,0.0,0.0,0.0
2020-04-07,0.0,0.0,0.0,0.2831940629090019,0.3720915222512655,0.2831940629090019,0.0,0.0,0.0
2020-04-07,0.0,0.0,0.0,0.2831940629090019,0.3720915222512655,0.2831940629090019,0.0,0.0,0.0
2020-04-07,0.0118787501878446,0.0,0.0,0.2831940629090019,0.3720915222512655,0.2831940629090019,0.0,0.0,0.0
2020-04-07,0.0004310730075062,0.0,0.0,0.2831940629090019,0.3720915222512655,0.2831940629090019,0.0,0.0,0.0
2020-04-07,0.0041305486540354,0.0,0.0,0.2831940629090019,0.3720915222512655,0.2831940629090019,0.0,0.0,0.0
2020-04-08,0.0816794759491456,0.0,0.0,0.2586776740640596,0.3430470842611406,0.2831940629090019,-0.024516388844942283,0.0,0.024516388844942283
2020-04-08,0.0115471010979506,0.0,0.0,0.2586776740640596,0.3430470842611406,0.2586776740640596,0.0,0.0,0.0
2020-04-08,0.0196602397960804,0.0,0.0,0.2586776740640596,0.3430470842611406,0.2586776740640596,0.0,1.323188885211657e-06,1.323188885211657e-06
2020-04-08,0.0622581002708071,0.0,0.0,0.2586776740640596,0.3430470842611406,0.2586776740640596,0.0,0.0,0.0
2020-04-08,0.0283291298867644,0.0,0.0,0.2586776740640596,0.3430470842611406,0.2586776740640596,0.0,0.0,0.0
2020-04-08,0.0412020155134809,0.0,0.0,0.2586776740640596,0.3430470842611406,0.2586776740640596,0.0,0.0,0.0
2020-04-08,0.0237564223818396,0.0,0.0,0.2586776740640596,0.3430470842611406,0.2586776740640596,0.0,0.0,0.0
2020-04-08,0.0363829876437046,0.0,0.0,0.2586776740640596,0.3430470842611406,0.2586776740640596,0.0,3.335298940010653e-05,3.335298940010653e-05
2020-04-08,0.0032619376573082,0.0,0.0,0.2586776740640596,0.3430470842611406,0.2586776740640596,0.0,0.0,0.0
2020-04-08,0.0321428324388979,0.0,0.0,0.2586776740640596,0.3430470842611406,0.2586776740640596,0.0,0.0,0.0
2020-04-08,0.0182547942721431,0.0,0.0,0.2586776740640596,0.3430470842611406,0.2586776740640596,0.0,0.0,0.0
2020-04-09,0.0028416810357167,0.0,0.0,0.2586776740640596,0.3430470842611406,0.2586776740640596,0.0,0.00017496296509370235,0.00017496296509370235
2020-04-09,0.0224897626293796,0.0,0.0,0.2586776740640596,0.3430470842611406,0.2586776740640596,0.0,0.0,0.0
2020-04-09,0.0131398963479762,0.0,0.0,0.2586776740640596,0.3430470842611406,0.2586776740640596,0.0,0.0,0.0
2020-04-09,0.0248775741025919,0.0,0.0,0.2586776740640596,0.3430470842611406,0.2586776740640596,0.0,0.0,0.0
2020-04-09,0.0326859775568624,0.0,0.0,0.2586776740640596,0.3430470842611406,0.2586776740640596,0.0,0.0,0.0
2020-04-09,0.009047735604251,0.0,0.0,0.2586776740640596,0.3430470842611406,0.2586776740640596,0.0,0.0,0.0
2020-04-09,0.0001013728482063,0.0,0.0,0.2586776740640596,0.3430470842611406,0.2586776740640596,0.0,0.0,0.0
2020-04-09,1.2939205719421342e-06,0.0,0.0,0.2586776740640596,0.3430470842611406,0.2586776740640596,0.0,0.00017870241194321734,0.00017870241194321734
2020-04-09,0.0031227355057685,0.0,0.0,0.2586776740640596,0.3430470842611406,0.2586776740640596,0.0,0.0,0.0
2020-04-09,0.0001474723164284,0.0,0.0,0.2586776740640596,0.3430470842611406,0.2586776740640596,0.0,0.0,0.0
2020-04-09,0.0001599651046436,0.0,0.0,0.2586776740640596,0.3430470842611406,0.2586776740640596,0.0,0.0,0.0
2020-04-10,0.0,0.0,0.0,0.2586776740640596,0.3430470842611406,0.2586776740640596,0.0,0.0,0.0
2020-04-10,0.0,0.0,0.0,0.2586776740640596,0.3430470842611406,0.2586776740640596,0.0,0.0,0.0
2020-04-10,0.0,0.0,0.0,0.2586776740640596,0.3430470842611406,0.2586776740640596,0.0,0.0,0.0
2020-04-10,0.0,0.0,0.0,0.2586776740640596,0.3430470842611406,0.2586776740640596,0.0,0.0,0.0
2020-04-10,0.0,0.0,0.0,0.2586776740640596,0.3430470842611406,0.2586776740640596,0.0,0.0,0.0
2020-04-10,0.0,0.0,0.0,0.2586776740640596,0.3430470842611406,0.2586776740640596,0.0,0.0,0.0
2020-04-10,0.0,0.0,0.0,0.2586776740640596,0.3430470842611406,0.2586776740640596,0.0,0.0,0.0
2020-04-10,0.0,0.0,0.0,0.2586776740640596,0.3430470842611406,0.2586776740640596,0.0,0.0,0.0
2020-04-10,0.0,0.0,0.0,0.2586776740640596,0.3430470842611406,0.2586776740640596,0.0,0.0,0.0
2020-04-10,0.0,0.0,0.0,0.2586776740640596,0.3430470842611406,0.2586776740640596,0.0,0.0,0.0
2020-04-10,0.0,0.0,0.0,0.2586776740640596,0.3430470842611406,0.2586776740640596,0.0,0.0,0.0
2020-04-11,0.0,0.0,0.0,0.2586776740640596,0.3430470842611406,0.2586776740640596,0.0,0.0,0.0
2020-04-11,0.0,0.0,0.0,0.2586776740640596,0.3430470842611406,0.2586776740640596,0.0,0.0,0.0
2020-04-11,0.0,0.0,0.0,0.2586776740640596,0.3430470842611406,0.2586776740640596,0.0,0.0,0.0
2020-04-11,0.0,0.0,0.0,0.2586776740640596,0.3430470842611406,0.2586776740640596,0.0,0.0,0.0
2020-04-11,0.0045419157431593,0.0,0.0,0.2586776740640596,0.3430470842611406,0.2586776740640596,0.0,0.0,0.0
2020-04-11,0.0,0.0,0.0,0.2586776740640596,0.3430470842611406,0.2586776740640596,0.0,0.0,0.0
2020-04-11,0.0014476801945175,0.0,0.0,0.2586776740640596,0.3430470842611406,0.2586776740640596,0.0,0.001078859181061145,0.001078859181061145
2020-04-11,0.0,0.0,0.0,0.2586776740640596,0.3430470842611406,0.2586776740640596,0.0,0.0,0.0
2020-04-11,0.0,0.0,0.0,0.2586776740640596,0.3430470842611406,0.2586776740640596,0.0,0.0,0.0
2020-04-11,0.0043311046731115,0.0,0.0,0.2586776740640596,0.3430470842611406,0.2586776740640596,0.0,0.0,0.0
2020-04-11,0.0,0.0,0.0,0.2586776740640596,0.3430470842611406,0.2586776740640596,0.0,0.0,0.0
2020-04-12,0.0,0.0,0.0,0.2586776740640596,0.3430470842611406,0.2586776740640596,0.0,0.0,0.0
2020-04-12,0.0,0.0,0.0,0.2586776740640596,0.3430470842611406,0.2586776740640596,0.0,0.0,0.0
2020-04-12,0.0,0.0,0.0,0.2586776740640596,0.3430470842611406,0.2586776740640596,0.0,0.0,0.0
2020-04-12,0.0,0.0,0.0,0.2586776740640596,0.3430470842611406,0.2586776740640596,0.0,0.0,0.0
2020-04-12,0.0,0.0,0.0,0.2586776740640596,0.3430470842611406,0.2586776740640596,0.0,0.0,0.0
2020-04-12,0.0,0.0,0.0,0.2586776740640596,0.3430470842611406,0.2586776740640596,0.0,0.0,0.0
2020-04-12,0.0,0.0,0.0,0.2586776740640596,0.3430470842611406,0.2586776740640596,0.0,0.0,0.0
2020-04-12,0.0,0.0,0.0,0.2586776740640596,0.3430470842611406,0.2586776740640596,0.0,0.0,0.0
2020-04-12,0.0,0.0,0.0,0.2586776740640596,0.3430470842611406,0.2586776740640596,0.0,0.0,0.0
2020-04-12,0.0,0.0,0.0,0.2586776740640596,0.3430470842611406,0.2586776740640596,0.0,0.0,0.0
2020-04-12,0.0,0.0,0.0,0.2586776740640596,0.3430470842611406,0.2586776740640596,0.0,0.0,0.0
2020-04-13,0.0,0.0,0.0,0.2586776740640596,0.3430470842611406,0.2586776740640596,0.0,0.0,0.0
2020-04-13,0.0,0.0,0.0,0.2586776740640596,0.3430470842611406,0.2586776740640596,0.0,0.0,0.0
2020-04-13,0.0,0.0,0.0,0.2586776740640596,0.3430470842611406,0.2586776740640596,0.0,0.0,0.0
2020-04-13,0.0,0.0,0.0,0.2586776740640596,0.3430470842611406,0.2586776740640596,0.0,0.0,0.0
2020-04-13,0.0,0.0,0.0,0.2586776740640596,0.3430470842611406,0.2586776740640596,0.0,0.0,0.0
2020-04-13,0.0,0.0,0.0,0.2586776740640596,0.3430470842611406,0.2586776740640596,0.0,0.0,0.0
2020-04-13,0.0,0.0,0.0,0.2586776740640596,0.3430470842611406,0.2586776740640596,0.0,0.0,0.0
2020-04-13,0.0,0.0,0.0,0.2586776740640596,0.3430470842611406,0.2586776740640596,0.0,0.0,0.0
2020-04-13,0.0,0.0,0.0,0.2586776740640596,0.3430470842611406,0.2586776740640596,0.0,0.0,0.0
2020-04-13,0.0,0.0,0.0,0.2586776740640596,0.3430470842611406,0.2586776740640596,0.0,0.0,0.0
2020-04-13,0.0,0.0,0.0,0.2586776740640596,0.3430470842611406,0.2586776740640596,0.0,0.0,0.0
2020-04-14,0.0,0.0,0.0,0.2586776740640596,0.3430470842611406,0.2586776740640596,0.0,0.0,0.0
2020-04-14,0.0,0.0,0.0,0.2586776740640596,0.3430470842611406,0.2586776740640596,0.0,0.0,0.0
2020-04-14,0.0,0.0,0.0,0.2586776740640596,0.3430470842611406,0.2586776740640596,0.0,0.0,0.0
2020-04-14,0.0,0.0,0.0,0.2586776740640596,0.3430470842611406,0.2586776740640596,0.0,0.0,0.0
2020-04-14,0.0,0.0,0.0,0.2586776740640596,0.3430470842611406,0.2586776740640596,0.0,0.0,0.0
2020-04-14,0.0,0.0,0.0,0.2586776740640596,0.3430470842611406,0.2586776740640596,0.0,0.0,0.0
2020-04-14,0.0,0.0,0.0,0.2586776740640596,0.3430470842611406,0.2586776740640596,0.0,0.0,0.0
2020-04-14,0.0,0.0,0.0,0.2586776740640596,0.3430470842611406,0.2586776740640596,0.0,0.0,0.0
2020-04-14,0.0,0.0,0.0,0.2586776740640596,0.3430470842611406,0.2586776740640596,0.0,0.0,0.0
2020-04-14,0.0,0.0,0.0,0.2586776740640596,0.3430470842611406,0.2586776740640596,0.0,0.0,0.0
2020-04-14,0.0,0.0,0.0,0.2586776740640596,0.3430470842611406,0.2586776740640596,0.0,0.0,0.0
2020-04-15,0.0013468503606507,0.0,0.0,0.2376792417552388,0.3185206699583691,0.2586776740640596,-0.020998432308820814,0.0,0.020998432308820814
2020-04-15,0.0222925352806025,0.0,0.0,0.2376792417552388,0.3185206699583691,0.2376792417552388,0.0,0.0,0.0
2020-04-15,0.0179088569748918,0.0,0.0,0.2376792417552388,0.3185206699583691,0.2376792417552388,0.0,0.0,0.0
2020-04-15,0.0077346775892838,0.0,0.0,0.2376792417552388,0.3185206699583691,0.2376792417552388,0.0,0.0,0.0
2020-04-15,0.0228084905360194,0.0,0.0,0.2376792417552388,0.3185206699583691,0.2376792417552388,0.0,0.0,0.0
2020-04-15,0.0051031557440456,0.0,0.0,0.2376792417552388,0.3185206699583691,0.2376792417552388,0.0,0.0,0.0
2020-04-15,0.0,0.0,0.0,0.2376792417552388,0.3185206699583691,0.2376792417552388,0.0,0.0,0.0
2020-04-15,0.01714082272236,0.0,0.0,0.2376792417552388,0.3185206699583691,0.2376792417552388,0.0,0.0,0.0
2020-04-15,0.0578234794475777,0.0,0.0,0.2376792417552388,0.3185206699583691,0.2376792417552388,0.0,0.0,0.0
2020-04-15,0.0,0.0,0.0,0.2376792417552388,0.3185206699583691,0.2376792417552388,0.0,0.0,0.0
2020-04-15,0.0,0.0,0.0,0.2376792417552388,0.3185206699583691,0.2376792417552388,0.0,0.0,0.0
2020-04-16,0.0171146081300832,0.0,0.0,0.2370090178199024,0.3172298060476954,0.2376792417552388,-0.0006702239353363892,0.0,0.0006702239353363892
2020-04-16,0.0201941318763566,0.0,0.0,0.2370090178199024,0.3172298060476954,0.2370090178199024,0.0,0.0,0.0
2020-04-16,0.0136897522478434,0.0,0.0,0.2370090178199024,0.3172298060476954,0.2370090178199024,0.0,0.0,0.0
2020-04-16,0.0005240445248432,0.0,0.0,0.2370090178199024,0.3172298060476954,0.2370090178199024,0.0,0.0,0.0
2020-04-16,0.0300498258163629,0.0,0.0,0.2370090178199024,0.3172298060476954,0.2370090178199024,0.0,0.0,0.0
2020-04-16,0.0275610780589751,0.0,0.0,0.2370090178199024,0.3172298060476954,0.2370090178199024,0.0,0.0,0.0
2020-04-16,0.170837455604523,0.0,0.0,0.2370090178199024,0.3172298060476954,0.2370090178199024,0.0,0.0,0.0
2020-04-16,0.0057265781092142,0.0,0.0,0.2370090178199024,0.3172298060476954,0.2370090178199024,0.0,0.0,0.0
2020-04-16,0.0,0.0,0.0,0.2370090178199024,0.3172298060476954,0.2370090178199024,0.0,0.0,0.0
2020-04-16,0.0,0.0,0.0,0.2370090178199024,0.3172298060476954,0.2370090178199024,0.0,0.0,0.0
2020-04-16,0.0151959179205372,0.0,0.0,0.2370090178199024,0.3172298060476954,0.2370090178199024,0.0,0.0,0.0
2020-04-17,0.0,0.0,0.0,0.2370090178199024,0.3172298060476954,0.2370090178199024,0.0,0.0,0.0
2020-04-17,0.0,0.0,0.0,0.2370090178199024,0.3172298060476954,0.2370090178199024,0.0,0.0,0.0
2020-04-17,0.0,0.0,0.0,0.2370090178199024,0.3172298060476954,0.2370090178199024,0.0,0.0,0.0
2020-04-17,0.0,0.0,0.0,0.2370090178199024,0.3172298060476954,0.2370090178199024,0.0,0.0,0.0
2020-04-17,0.0,0.0,0.0,0.2370090178199024,0.3172298060476954,0.2370090178199024,0.0,0.0,0.0
2020-04-17,0.0,0.0,0.0,0.2370090178199024,0.3172298060476954,0.2370090178199024,0.0,0.0,0.0
2020-04-17,0.0,0.0,0.0,0.2370090178199024,0.3172298060476954,0.2370090178199024,0.0,0.0,0.0
2020-04-17,0.0,0.0,0.0,0.2370090178199024,0.3172298060476954,0.2370090178199024,0.0,0.0,0.0
2020-04-17,0.0,0.0,0.0,0.2370090178199024,0.3172298060476954,0.2370090178199024,0.0,0.0,0.0
2020-04-17,0.0,0.0,0.0,0.2370090178199024,0.3172298060476954,0.2370090178199024,0.0,0.0,0.0
2020-04-17,0.0,0.0,0.0,0.2370090178199024,0.3172298060476954,0.2370090178199024,0.0,0.0,0.0
2020-04-18,0.1357166634189806,0.0,0.0,0.2370090178199024,0.3172298060476954,0.2370090178199024,0.0,0.0,0.0
2020-04-18,0.2670099850070651,0.0,0.0,0.2370090178199024,0.3172298060476954,0.2370090178199024,0.0,0.0008285175969739253,0.0008285175969739253
2020-04-18,0.0246541293143164,0.0,0.0,0.2370090178199024,0.3172298060476954,0.2370090178199024,0.0,0.0,0.0
2020-04-18,0.3313273371648804,0.0,0.0,0.2370090178199024,0.3172298060476954,0.2370090178199024,0.0,0.0,0.0
2020-04-18,0.089797325680897,0.0,0.0,0.2370090178199024,0.3172298060476954,0.2370090178199024,0.0,0.0,0.0
2020-04-18,0.4206572630778416,0.0,0.0,0.2370090178199024,0.3172298060476954,0.2370090178199024,0.0,0.0,0.0
2020-04-18,0.101866463013745,0.0,0.0,0.2370090178199024,0.3172298060476954,0.2370090178199024,0.0,0.0,0.0
2020-04-18,0.337876726476393,0.0,0.0,0.2370090178199024,0.3172298060476954,0.2370090178199024,0.0,0.0,0.0
2020-04-18,0.3369642332665803,0.0,0.0,0.2370090178199024,0.3172298060476954,0.2370090178199024,0.0,0.0,0.0
2020-04-18,0.1746472130256279,0.0,0.0,0.2370090178199024,0.3172298060476954,0.2370090178199024,0.0,0.0,0.0
2020-04-18,0.2219529227505856,0.0,0.0,0.2370090178199024,0.3172298060476954,0.2370090178199024,0.0,0.0,0.0
2020-04-19,0.0704351817360084,0.0,0.0,0.2370090178199024,0.3172298060476954,0.2370090178199024,0.0,0.0,0.0
2020-04-19,0.1741751271484391,0.0,0.0,0.2370090178199024,0.3172298060476954,0.2370090178199024,0.0,0.0,0.0
2020-04-19,0.0899126041056628,0.0,0.0,0.2370090178199024,0.3172298060476954,0.2370090178199024,0.0,0.0,0.0
2020-04-19,0.0705567535340371,0.0,0.0,0.2370090178199024,0.3172298060476954,0.2370090178199024,0.0,0.0,0.0
2020-04-19,0.0168727683080711,0.0,0.0,0.2370090178199024,0.3172298060476954,0.2370090178199024,0.0,0.0,0.0
2020-04-19,0.0836996383316994,0.0,0.0,0.2370090178199024,0.3172298060476954,0.2370090178199024,0.0,0.0,0.0
2020-04-19,0.1359605394665047,0.0,0.0,0.2370090178199024,0.3172298060476954,0.2370090178199024,0.0,0.0,0.0
2020-04-19,0.1023402938054341,0.0,0.0,0.2370090178199024,0.3172298060476954,0.2370090178199024,0.0,7.924750823396998e-06,7.924750823396998e-06
2020-04-19,0.0576448516703732,0.0,0.0,0.2370090178199024,0.3172298060476954,0.2370090178199024,0.0,0.0,0.0
2020-04-19,0.0938083111995225,0.0,0.0,0.2370090178199024,0.3172298060476954,0.2370090178199024,0.0,0.0,0.0
2020-04-19,0.1106366768492441,0.0,0.0,0.2370090178199024,0.3172298060476954,0.2370090178199024,0.0,0.0,0.0
2020-04-20,0.0534109010234059,0.0,0.0,0.2370090178199024,0.3172298060476954,0.2370090178199024,0.0,0.0,0.0
2020-04-20,0.0297844708513207,0.0,0.0,0.2370090178199024,0.3172298060476954,0.2370090178199024,0.0,0.0003392541241784011,0.0003392541241784011
2020-04-20,0.0057046992837792,0.0,0.0,0.2370090178199024,0.3172298060476954,0.2370090178199024,0.0,0.0,0.0
2020-04-20,0.0032749456286451,0.0,0.0,0.2370090178199024,0.3172298060476954,0.2370090178199024,0.0,0.0,0.0
2020-04-20,0.0083164103851805,0.0,0.0,0.2370090178199024,0.3172298060476954,0.2370090178199024,0.0,0.0,0.0
2020-04-20,0.0580508750315111,0.0,0.0,0.2370090178199024,0.3172298060476954,0.2370090178199024,0.0,0.0,0.0
2020-04-20,0.0571084594314508,0.0,0.0,0.2370090178199024,0.3172298060476954,0.2370090178199024,0.0,0.0,0.0
2020-04-20,0.0121626651167756,0.0,0.0,0.2370090178199024,0.3172298060476954,0.2370090178199024,0.0,0.0,0.0
2020-04-20,0.0245370466753263,0.0,0.0,0.2370090178199024,0.3172298060476954,0.2370090178199024,0.0,0.0,0.0
2020-04-20,0.0329797296809176,0.0,0.0,0.2370090178199024,0.3172298060476954,0.2370090178199024,0.0,0.0,0.0
2020-04-20,0.0430614751374096,0.0,0.0,0.2370090178199024,0.3172298060476954,0.2370090178199024,0.0,0.0,0.0
2020-04-21,0.0865037722222462,0.0,0.0,0.2370090178199024,0.3172298060476954,0.2370090178199024,0.0,0.0,0.0
2020-04-21,0.1686775427641337,0.0,0.0,0.2370090178199024,0.3172298060476954,0.2370090178199024,0.0,9.104114829783239e-05,9.104114829783239e-05
2020-04-21,0.0107947879058332,0.0,0.0,0.2370090178199024,0.3172298060476954,0.2370090178199024,0.0,0.0,0.0
2020-04-21,0.0352454532934712,0.0,0.0,0.2370090178199024,0.3172298060476954,0.2370090178199024,0.0,6.231931999597359e-05,6.231931999597359e-05
2020-04-21,0.0841354784526565,0.0,0.0,0.2370090178199024,0.3172298060476954,0.2370090178199024,0.0,0.0,0.0
2020-04-21,0.0081354218141158,0.0,0.0,0.2370090178199024,0.3172298060476954,0.2370090178199024,0.0,0.0,0.0
2020-04-21,0.0532034923532786,0.0,0.0,0.2370090178199024,0.3172298060476954,0.2370090178199024,0.0,0.0,0.0
2020-04-21,0.0147658732817473,0.0,0.0,0.2370090178199024,0.3172298060476954,0.2370090178199024,0.0,0.0001852752089056342,0.0001852752089056342
2020-04-21,0.0478839530347128,0.0,0.0,0.2370090178199024,0.3172298060476954,0.2370090178199024,0.0,5.049691495634903e-05,5.049691495634903e-05
2020-04-21,0.0268679310993055,0.0,0.0,0.2370090178199024,0.3172298060476954,0.2370090178199024,0.0,0.0,0.0
2020-04-21,0.0285296622783739,0.0,0.0,0.2370090178199024,0.3172298060476954,0.2370090178199024,0.0,0.0004798860906959679,0.0004798860906959679
2020-04-22,0.0438117622705337,0.0,0.0,0.2235844036301398,0.3010940071642931,0.2370090178199024,-0.013424614189762624,0.0,0.013424614189762624
2020-04-22,0.0262944351215198,0.0,0.0,0.2235844036301398,0.3010940071642931,0.2235844036301398,0.0,0.0,0.0
2020-04-22,0.0242891613224872,0.0,0.0,0.2235844036301398,0.3010940071642931,0.2235844036301398,0.0,0.0,0.0
2020-04-22,0.1348114141966576,0.0,0.0,0.2235844036301398,0.3010940071642931,0.2235844036301398,0.0,4.344949589380004e-05,4.344949589380004e-05
2020-04-22,0.0005237760959522,0.0,0.0,0.2235844036301398,0.3010940071642931,0.2235844036301398,0.0,0.0,0.0
2020-04-22,0.1335663652879491,0.0,0.0,0.2235844036301398,0.3010940071642931,0.2235844036301398,0.0,4.344949589380004e-05,4.344949589380004e-05
2020-04-22,0.0287270344478693,0.0,0.0,0.2235844036301398,0.3010940071642931,0.2235844036301398,0.0,0.0006398481209279571,0.0006398481209279571
2020-04-22,0.0265347520824974,0.0,0.0,0.2235844036301398,0.3010940071642931,0.2235844036301398,0.0,0.0,0.0
2020-04-22,0.0145428041925522,0.0,0.0,0.2235844036301398,0.3010940071642931,0.2235844036301398,0.0,0.0,0.0
2020-04-22,0.0498946735834488,0.0,0.0,0.2235844036301398,0.3010940071642931,0.2235844036301398,0.0,0.00032022609270951504,0.00032022609270951504
2020-04-22,0.0041915898042244,0.0,0.0,0.2235844036301398,0.3010940071642931,0.2235844036301398,0.0,0.0,0.0
2020-04-23,0.0005215680383844,0.0,0.0,0.2235844036301398,0.3010940071642931,0.2235844036301398,0.0,0.0,0.0
2020-04-23,0.0058051220991287,0.0,0.0,0.2235844036301398,0.3010940071642931,0.2235844036301398,0.0,0.0,0.0
2020-04-23,0.0,0.0,0.0,0.2235844036301398,0.3010940071642931,0.2235844036301398,0.0,0.0,0.0
2020-04-23,0.0057001197739043,0.0,0.0,0.2235844036301398,0.3010940071642931,0.2235844036301398,0.0,0.0,0.0
2020-04-23,0.0005343087733839,0.0,0.0,0.2235844036301398,0.3010940071642931,0.2235844036301398,0.0,0.0,0.0
2020-04-23,0.0,0.0,0.0,0.2235844036301398,0.3010940071642931,0.2235844036301398,0.0,0.0,0.0
2020-04-23,0.0,0.0,0.0,0.2235844036301398,0.3010940071642931,0.2235844036301398,0.0,0.0,0.0
2020-04-23,0.0015856109498399,0.0,0.0,0.2235844036301398,0.3010940071642931,0.2235844036301398,0.0,6.12406334047666e-05,6.12406334047666e-05
2020-04-23,0.004062701302755,0.0,0.0,0.2235844036301398,0.3010940071642931,0.2235844036301398,0.0,0.0,0.0
2020-04-23,0.0,0.0,0.0,0.2235844036301398,0.3010940071642931,0.2235844036301398,0.0,0.0,0.0
2020-04-23,0.0,0.0,0.0,0.2235844036301398,0.3010940071642931,0.2235844036301398,0.0,0.0,0.0
2020-04-24,0.0033764644603095,0.0,0.0,0.2235844036301398,0.3010940071642931,0.2235844036301398,0.0,0.00025330437659105975,0.00025330437659105975
2020-04-24,0.007533946249933,0.0,0.0,0.2235844036301398,0.3010940071642931,0.2235844036301398,0.0,0.0,0.0
2020-04-24,0.0,0.0,0.0,0.2235844036301398,0.3010940071642931,0.2235844036301398,0.0,0.0,0.0
2020-04-24,0.0,0.0,0.0,0.2235844036301398,0.3010940071642931,0.2235844036301398,0.0,0.0,0.0
2020-04-24,9.758063235312124e-05,0.0,0.0,0.2235844036301398,0.3010940071642931,0.2235844036301398,0.0,0.0,0.0
2020-04-24,0.0,0.0,0.0,0.2235844036301398,0.3010940071642931,0.2235844036301398,0.0,0.0,0.0
2020-04-24,0.0089036134538988,0.0,0.0,0.2235844036301398,0.3010940071642931,0.2235844036301398,0.0,0.0,0.0
2020-04-24,0.0005974436599785,0.0,0.0,0.2235844036301398,0.3010940071642931,0.2235844036301398,0.0,0.0,0.0
2020-04-24,0.0002064106966188,0.0,0.0,0.2235844036301398,0.3010940071642931,0.2235844036301398,0.0,0.0,0.0
2020-04-24,0.0018088625891655,0.0,0.0,0.2235844036301398,0.3010940071642931,0.2235844036301398,0.0,0.0,0.0
2020-04-24,0.0201765820500222,0.0,0.0,0.2235844036301398,0.3010940071642931,0.2235844036301398,0.0,0.0,0.0
2020-04-25,0.0,0.0,0.0,0.2235844036301398,0.3010940071642931,0.2235844036301398,0.0,0.0,0.0
2020-04-25,0.0,0.0,0.0,0.2235844036301398,0.3010940071642931,0.2235844036301398,0.0,0.0,0.0
2020-04-25,0.0,0.0,0.0,0.2235844036301398,0.3010940071642931,0.2235844036301398,0.0,0.0,0.0
2020-04-25,0.0,0.0,0.0,0.2235844036301398,0.3010940071642931,0.2235844036301398,0.0,0.0,0.0
2020-04-25,0.0,0.0,0.0,0.2235844036301398,0.3010940071642931,0.2235844036301398,0.0,0.0,0.0
2020-04-25,0.0049644205964653,0.0,0.0,0.2235844036301398,0.3010940071642931,0.2235844036301398,0.0,0.0,0.0
2020-04-25,0.0064487260326522,0.0,0.0,0.2235844036301398,0.3010940071642931,0.2235844036301398,0.0,0.0,0.0
2020-04-25,0.0,0.0,0.0,0.2235844036301398,0.3010940071642931,0.2235844036301398,0.0,0.0,0.0
2020-04-25,0.0,0.0,0.0,0.2235844036301398,0.3010940071642931,0.2235844036301398,0.0,0.0,0.0
2020-04-25,0.0,0.0,0.0,0.2235844036301398,0.3010940071642931,0.2235844036301398,0.0,0.0,0.0
2020-04-25,0.0005335591044258,0.0,0.0,0.2235844036301398,0.3010940071642931,0.2235844036301398,0.0,0.0,0.0
2020-04-26,0.0208050979752617,0.0,0.0,0.2235844036301398,0.3010940071642931,0.2235844036301398,0.0,0.00011796516561434933,0.00011796516561434933
2020-04-26,0.0185511378597235,0.0,0.0,0.2235844036301398,0.3010940071642931,0.2235844036301398,0.0,0.0,0.0
2020-04-26,0.0916067334459053,0.0,0.0,0.2235844036301398,0.3010940071642931,0.2235844036301398,0.0,0.0,0.0
2020-04-26,0.1101751377961532,0.0,0.0,0.2235844036301398,0.3010940071642931,0.2235844036301398,0.0,5.83497533403321e-05,5.83497533403321e-05
2020-04-26,0.008419434085228,0.0,0.0,0.2235844036301398,0.3010940071642931,0.2235844036301398,0.0,0.0,0.0
2020-04-26,0.0305967734955823,0.0,0.0,0.2235844036301398,0.3010940071642931,0.2235844036301398,0.0,0.0,0.0
2020-04-26,0.1877573150934188,0.0,0.0,0.2235844036301398,0.3010940071642931,0.2235844036301398,0.0,0.00014980799378676578,0.00014980799378676578
2020-04-26,0.0065304104482922,0.0,0.0,0.2235844036301398,0.3010940071642931,0.2235844036301398,0.0,0.00032974729968790055,0.00032974729968790055
2020-04-26,0.1016268722433281,0.0,0.0,0.2235844036301398,0.3010940071642931,0.2235844036301398,0.0,7.924750823396998e-06,7.924750823396998e-06
2020-04-26,0.0120874981552054,0.0,0.0,0.2235844036301398,0.3010940071642931,0.2235844036301398,0.0,0.0,0.0
2020-04-26,0.1031180576996694,0.0,0.0,0.2235844036301398,0.3010940071642931,0.2235844036301398,0.0,0.0,0.0
2020-04-27,0.0447849904126045,0.0,0.0,0.2235844036301398,0.3010940071642931,0.2235844036301398,0.0,0.0,0.0
2020-04-27,0.0985738769246978,0.0,0.0,0.2235844036301398,0.3010940071642931,0.2235844036301398,0.0,0.0,0.0
2020-04-27,0.0354472722118207,0.0,0.0,0.2235844036301398,0.3010940071642931,0.2235844036301398,0.0,0.00022908426699650623,0.00022908426699650623
2020-04-27,0.0929208859417748,0.0,0.0,0.2235844036301398,0.3010940071642931,0.2235844036301398,0.0,0.0,0.0
2020-04-27,0.0765566786846078,0.0,0.0,0.2235844036301398,0.3010940071642931,0.2235844036301398,0.0,0.0011859080383724795,0.0011859080383724795
2020-04-27,0.0172786518572154,0.0,0.0,0.2235844036301398,0.3010940071642931,0.2235844036301398,0.0,0.0,0.0
2020-04-27,0.0776820200694886,0.0,0.0,0.2235844036301398,0.3010940071642931,0.2235844036301398,0.0,0.0,0.0
2020-04-27,0.0416969624479066,0.0,0.0,0.2235844036301398,0.3010940071642931,0.2235844036301398,0.0,0.0,0.0
2020-04-27,0.0336976297436152,0.0,0.0,0.2235844036301398,0.3010940071642931,0.2235844036301398,0.0,5.793266119173412e-05,5.793266119173412e-05
2020-04-27,0.0653082331777518,0.0,0.0,0.2235844036301398,0.3010940071642931,0.2235844036301398,0.0,0.0,0.0
2020-04-27,0.0109573654331303,0.0,0.0,0.2235844036301398,0.3010940071642931,0.2235844036301398,0.0,0.0,0.0
2020-04-28,0.0031379103021351,0.0,0.0,0.2235844036301398,0.3010940071642931,0.2235844036301398,0.0,0.0,0.0
2020-04-28,0.0168050210269382,0.0,0.0,0.2235844036301398,0.3010940071642931,0.2235844036301398,0.0,0.0,0.0
2020-04-28,0.0078470312169079,0.0,0.0,0.2235844036301398,0.3010940071642931,0.2235844036301398,0.0,0.0,0.0
2020-04-28,0.0889240697031064,0.0,0.0,0.2235844036301398,0.3010940071642931,0.2235844036301398,0.0,0.0,0.0
2020-04-28,0.0429514834961991,0.0,0.0,0.2235844036301398,0.3010940071642931,0.2235844036301398,0.0,0.0,0.0
2020-04-28,0.0328734261456378,0.0,0.0,0.2235844036301398,0.3010940071642931,0.2235844036301398,0.0,0.0,0.0
2020-04-28,0.0061021225153755,0.0,0.0,0.2235844036301398,0.3010940071642931,0.2235844036301398,0.0,0.0,0.0
2020-04-28,0.0216021713383677,0.0,0.0,0.2235844036301398,0.3010940071642931,0.2235844036301398,0.0,0.0,0.0
2020-04-28,0.0321765891868588,0.0,0.0,0.2235844036301398,0.3010940071642931,0.2235844036301398,0.0,0.0,0.0
2020-04-28,0.0288723816935484,0.0,0.0,0.2235844036301398,0.3010940071642931,0.2235844036301398,0.0,0.0,0.0
2020-04-28,0.0720907608743132,0.0,0.0,0.2235844036301398,0.3010940071642931,0.2235844036301398,0.0,0.000832746048411456,0.000832746048411456
2020-04-29,0.0019090011593829,0.0,0.0,0.2017230220483539,0.275276728950848,0.2235844036301398,-0.021861381581785883,0.0,0.021861381581785883
2020-04-29,0.0014172389838599,0.0,0.0,0.2017230220483539,0.275276728950848,0.2017230220483539,0.0,0.0,0.0
2020-04-29,0.0134530758844455,0.0,0.0,0.2017230220483539,0.275276728950848,0.2017230220483539,0.0,0.0,0.0
2020-04-29,0.0,0.0,0.0,0.2017230220483539,0.275276728950848,0.2017230220483539,0.0,0.0,0.0
2020-04-29,0.0056635196503935,0.0,0.0,0.2017230220483539,0.275276728950848,0.2017230220483539,0.0,0.0,0.0
2020-04-29,9.82676475305302e-05,0.0,0.0,0.2017230220483539,0.275276728950848,0.2017230220483539,0.0,0.0,0.0
2020-04-29,0.0137318478964967,0.0,0.0,0.2017230220483539,0.275276728950848,0.2017230220483539,0.0,0.0,0.0
2020-04-29,0.0141777242497611,0.0,0.0,0.2017230220483539,0.275276728950848,0.2017230220483539,0.0,0.0,0.0
2020-04-29,0.0008683713530969,0.0,0.0,0.2017230220483539,0.275276728950848,0.2017230220483539,0.0,0.0,0.0
2020-04-29,0.0086166420997311,0.0,0.0,0.2017230220483539,0.275276728950848,0.2017230220483539,0.0,0.0,0.0
2020-04-29,0.0051292538238433,0.0,0.0,0.2017230220483539,0.275276728950848,0.2017230220483539,0.0,0.0,0.0
2020-04-30,0.0002398076959027,0.0,0.0,0.2016683685943994,0.275276728950848,0.2017230220483539,-5.465345395450072e-05,0.0,5.465345395450072e-05
2020-04-30,0.0047830045844044,0.0,0.0,0.2016683685943994,0.275276728950848,0.2016683685943994,0.0,0.0,0.0
2020-04-30,0.0,0.0,0.0,0.2016683685943994,0.275276728950848,0.2016683685943994,0.0,0.0,0.0
2020-04-30,0.0,0.0,0.0,0.2016683685943994,0.275276728950848,0.2016683685943994,0.0,0.0,0.0
2020-04-30,0.0,0.0,0.0,0.2016683685943994,0.275276728950848,0.2016683685943994,0.0,0.0,0.0
2020-04-30,0.0,0.0,0.0,0.2016683685943994,0.275276728950848,0.2016683685943994,0.0,0.0,0.0
2020-04-30,0.0004908702945573,0.0,0.0,0.2016683685943994,0.275276728950848,0.2016683685943994,0.0,0.0,0.0
2020-04-30,0.0,0.0,0.0,0.2016683685943994,0.275276728950848,0.2016683685943994,0.0,0.0,0.0
2020-04-30,0.0,0.0,0.0,0.2016683685943994,0.275276728950848,0.2016683685943994,0.0,0.0,0.0
2020-04-30,0.0005113562920126,0.0,0.0,0.2016683685943994,0.275276728950848,0.2016683685943994,0.0,0.0,0.0
2020-04-30,0.0023366951261107,0.0,0.0,0.2016683685943994,0.275276728950848,0.2016683685943994,0.0,0.0,0.0
2020-05-01,0.0232939072833182,0.0,0.0,0.2016683685943994,0.275276728950848,0.2016683685943994,0.0,0.0,0.0
2020-05-01,0.0414530223453514,0.0,0.0,0.2016683685943994,0.275276728950848,0.2016683685943994,0.0,0.0,0.0
2020-05-01,0.0401880714475546,0.0,0.0,0.2016683685943994,0.275276728950848,0.2016683685943994,0.0,0.0,0.0
2020-05-01,0.0270625504975049,0.0,0.0,0.2016683685943994,0.275276728950848,0.2016683685943994,0.0,0.0,0.0
2020-05-01,0.0435076834528539,0.0,0.0,0.2016683685943994,0.275276728950848,0.2016683685943994,0.0,0.0,0.0
2020-05-01,0.0402582731976269,0.0,0.0,0.2016683685943994,0.275276728950848,0.2016683685943994,0.0,0.0,0.0
2020-05-01,0.0250246214972933,0.0,0.0,0.2016683685943994,0.275276728950848,0.2016683685943994,0.0,0.0,0.0
2020-05-01,0.0058844248810358,0.0,0.0,0.2016683685943994,0.275276728950848,0.2016683685943994,0.0,0.0,0.0
2020-05-01,0.0101633480629604,0.0,0.0,0.2016683685943994,0.275276728950848,0.2016683685943994,0.0,0.0,0.0
2020-05-01,0.0109818820527948,0.0,0.0,0.2016683685943994,0.275276728950848,0.2016683685943994,0.0,0.0,0.0
2020-05-01,0.0260884345887781,0.0,0.0,0.2016683685943994,0.275276728950848,0.2016683685943994,0.0,0.0,0.0
2020-05-02,0.0,0.0,0.0,0.2016683685943994,0.275276728950848,0.2016683685943994,0.0,0.0,0.0
2020-05-02,0.0,0.0,0.0,0.2016683685943994,0.275276728950848,0.2016683685943994,0.0,0.0,0.0
2020-05-02,0.0,0.0,0.0,0.2016683685943994,0.275276728950848,0.2016683685943994,0.0,0.0,0.0
2020-05-02,0.0,0.0,0.0,0.2016683685943994,0.275276728950848,0.2016683685943994,0.0,0.0,0.0
2020-05-02,0.0,0.0,0.0,0.2016683685943994,0.275276728950848,0.2016683685943994,0.0,0.0,0.0
2020-05-02,0.0,0.0,0.0,0.2016683685943994,0.275276728950848,0.2016683685943994,0.0,0.0,0.0
2020-05-02,0.0,0.0,0.0,0.2016683685943994,0.275276728950848,0.2016683685943994,0.0,0.0,0.0
2020-05-02,0.0,0.0,0.0,0.2016683685943994,0.275276728950848,0.2016683685943994,0.0,0.0,0.0
2020-05-02,0.0,0.0,0.0,0.2016683685943994,0.275276728950848,0.2016683685943994,0.0,0.0,0.0
2020-05-02,0.0,0.0,0.0,0.2016683685943994,0.275276728950848,0.2016683685943994,0.0,0.0,0.0
2020-05-02,0.0,0.0,0.0,0.2016683685943994,0.275276728950848,0.2016683685943994,0.0,0.0,0.0
2020-05-03,0.0540655549193584,0.0,0.0,0.2016683685943994,0.275276728950848,0.2016683685943994,0.0,0.0,0.0
2020-05-03,0.0045044657761945,0.0,0.0,0.2016683685943994,0.275276728950848,0.2016683685943994,0.0,0.0,0.0
2020-05-03,0.0150332378932649,0.0,0.0,0.2016683685943994,0.275276728950848,0.2016683685943994,0.0,0.0,0.0
2020-05-03,0.0664782613319519,0.0,0.0,0.2016683685943994,0.275276728950848,0.2016683685943994,0.0,0.0,0.0
2020-05-03,0.0016784866007806,0.0,0.0,0.2016683685943994,0.275276728950848,0.2016683685943994,0.0,0.0,0.0
2020-05-03,0.0257444729949476,0.0,0.0,0.2016683685943994,0.275276728950848,0.2016683685943994,0.0,0.0,0.0
2020-05-03,0.0025010800278988,0.0,0.0,0.2016683685943994,0.275276728950848,0.2016683685943994,0.0,0.0,0.0
2020-05-03,0.0067157871542052,0.0,0.0,0.2016683685943994,0.275276728950848,0.2016683685943994,0.0,0.0,0.0
2020-05-03,0.0288681911200979,0.0,0.0,0.2016683685943994,0.275276728950848,0.2016683685943994,0.0,2.896633059586706e-05,2.896633059586706e-05
2020-05-03,0.0511015146276151,0.0,0.0,0.2016683685943994,0.275276728950848,0.2016683685943994,0.0,0.0,0.0
2020-05-03,0.0140481859407843,0.0,0.0,0.2016683685943994,0.275276728950848,0.2016683685943994,0.0,0.0,0.0
2020-05-04,0.0811294186418954,0.0,0.0,0.2016683685943994,0.275276728950848,0.2016683685943994,0.0,0.00015395015029699645,0.00015395015029699645
2020-05-04,0.1049197227513051,0.0,0.0,0.2016683685943994,0.275276728950848,0.2016683685943994,0.0,0.0,0.0
2020-05-04,0.0977765660794647,0.0,0.0,0.2016683685943994,0.275276728950848,0.2016683685943994,0.0,0.0,0.0
2020-05-04,0.0691040848285072,0.0,0.0,0.2016683685943994,0.275276728950848,0.2016683685943994,0.0,0.0,0.0
2020-05-04,0.1525581286281497,0.0,0.0,0.2016683685943994,0.275276728950848,0.2016683685943994,0.0,0.0,0.0
2020-05-04,0.0829323605605877,0.0,0.0,0.2016683685943994,0.275276728950848,0.2016683685943994,0.0,0.0,0.0
2020-05-04,0.1348540495801282,0.0,0.0,0.2016683685943994,0.275276728950848,0.2016683685943994,0.0,0.00021681600483251684,0.00021681600483251684
2020-05-04,0.0001868872389254,0.0,0.0,0.2016683685943994,0.275276728950848,0.2016683685943994,0.0,0.0,0.0
2020-05-04,0.0016228925580611,0.0,0.0,0.2016683685943994,0.275276728950848,0.2016683685943994,0.0,0.0,0.0
2020-05-04,0.0244421601704498,0.0,0.0,0.2016683685943994,0.275276728950848,0.2016683685943994,0.0,0.0,0.0
2020-05-04,0.1755771804240678,0.0,0.0,0.2016683685943994,0.275276728950848,0.2016683685943994,0.0,1.8208229659566476e-05,1.8208229659566476e-05
2020-05-05,0.0,0.0,0.0,0.2016683685943994,0.275276728950848,0.2016683685943994,0.0,0.0,0.0
2020-05-05,0.0053209688324732,0.0,0.0,0.2016683685943994,0.275276728950848,0.2016683685943994,0.0,0.0,0.0
2020-05-05,0.0094871624193687,0.0,0.0,0.2016683685943994,0.275276728950848,0.2016683685943994,0.0,0.0,0.0
2020-05-05,0.0083386240349238,0.0,0.0,0.2016683685943994,0.275276728950848,0.2016683685943994,0.0,0.0,0.0
2020-05-05,0.0,0.0,0.0,0.2016683685943994,0.275276728950848,0.2016683685943994,0.0,0.0,0.0
2020-05-05,0.0049595282648945,0.0,0.0,0.2016683685943994,0.275276728950848,0.2016683685943994,0.0,0.0,0.0
2020-05-05,0.0245449569126551,0.0,0.0,0.2016683685943994,0.275276728950848,0.2016683685943994,0.0,0.0,0.0
2020-05-05,0.0099320537830512,0.0,0.0,0.2016683685943994,0.275276728950848,0.2016683685943994,0.0,0.0,0.0
2020-05-05,0.0122336628963241,0.0,0.0,0.2016683685943994,0.275276728950848,0.2016683685943994,0.0,0.0,0.0
2020-05-05,0.0,0.0,0.0,0.2016683685943994,0.275276728950848,0.2016683685943994,0.0,0.0,0.0
2020-05-05,0.0061292709515951,0.0,0.0,0.2016683685943994,0.275276728950848,0.2016683685943994,0.0,0.0,0.0
2020-05-06,0.01123612022769,0.0,0.0,0.1761221936170518,0.2449414270500511,0.2016683685943994,-0.025546174977347597,0.0,0.025546174977347597
2020-05-06,0.0,0.0,0.0,0.1761221936170518,0.2449414270500511,0.1761221936170518,0.0,0.0,0.0
2020-05-06,0.0,0.0,0.0,0.1761221936170518,0.2449414270500511,0.1761221936170518,0.0,0.0,0.0
2020-05-06,0.0122262800956045,0.0,0.0,0.1761221936170518,0.2449414270500511,0.1761221936170518,0.0,0.0,0.0
2020-05-06,2.054887483974909e-05,0.0,0.0,0.1761221936170518,0.2449414270500511,0.1761221936170518,0.0,0.0,0.0
2020-05-06,0.0010391628611048,0.0,0.0,0.1761221936170518,0.2449414270500511,0.1761221936170518,0.0,0.0,0.0
2020-05-06,0.026813751380343,0.0,0.0,0.1761221936170518,0.2449414270500511,0.1761221936170518,0.0,0.0,0.0
2020-05-06,0.0031582987934329,0.0,0.0,0.1761221936170518,0.2449414270500511,0.1761221936170518,0.0,0.00025330437659105975,0.00025330437659105975
2020-05-06,0.013396556345658,0.0,0.0,0.1761221936170518,0.2449414270500511,0.1761221936170518,0.0,0.0,0.0
2020-05-06,0.0076931881752137,0.0,0.0,0.1761221936170518,0.2449414270500511,0.1761221936170518,0.0,0.0,0.0
2020-05-06,0.0,0.0,0.0,0.1761221936170518,0.2449414270500511,0.1761221936170518,0.0,0.0,0.0
2020-05-07,0.1367409868595833,0.0,0.0,0.1761221936170518,0.2449414270500511,0.1761221936170518,0.0,0.0004137554114110675,0.0004137554114110675
2020-05-07,0.09027948994716,0.0,0.0,0.1761221936170518,0.2449414270500511,0.1761221936170518,0.0,5.171942642638344e-05,5.171942642638344e-05
2020-05-07,0.0247635906120685,0.0,0.0,0.1761221936170518,0.2449414270500511,0.1761221936170518,0.0,0.0,0.0
2020-05-07,0.0481588841001925,0.0,0.0,0.1761221936170518,0.2449414270500511,0.1761221936170518,0.0,0.0,0.0
2020-05-07,0.0171933644690593,0.0,0.0,0.1761221936170518,0.2449414270500511,0.1761221936170518,0.0,0.0,0.0
2020-05-07,0.0487849671268045,0.0,0.0,0.1761221936170518,0.2449414270500511,0.1761221936170518,0.0,0.0,0.0
2020-05-07,0.0681084322528579,0.0,0.0,0.1761221936170518,0.2449414270500511,0.1761221936170518,0.0,0.0,0.0
2020-05-07,0.0370631985728285,0.0,0.0,0.1761221936170518,0.2449414270500511,0.1761221936170518,0.0,0.0,0.0
2020-05-07,0.0518142506801425,0.0,0.0,0.1761221936170518,0.2449414270500511,0.1761221936170518,0.0,0.0,0.0
2020-05-07,0.0047113801925143,0.0,0.0,0.1761221936170518,0.2449414270500511,0.1761221936170518,0.0,0.0,0.0
2020-05-07,8.51545824144434e-06,0.0,0.0,0.1761221936170518,0.2449414270500511,0.1761221936170518,0.0,0.0,0.0
2020-05-08,0.0,0.0,0.0,0.1761221936170518,0.2449414270500511,0.1761221936170518,0.0,0.0,0.0
2020-05-08,0.0,0.0,0.0,0.1761221936170518,0.2449414270500511,0.1761221936170518,0.0,0.0,0.0
2020-05-08,0.0,0.0,0.0,0.1761221936170518,0.2449414270500511,0.1761221936170518,0.0,0.0,0.0
2020-05-08,0.0,0.0,0.0,0.1761221936170518,0.2449414270500511,0.1761221936170518,0.0,0.0,0.0
2020-05-08,0.0,0.0,0.0,0.1761221936170518,0.2449414270500511,0.1761221936170518,0.0,0.0,0.0
2020-05-08,0.0,0.0,0.0,0.1761221936170518,0.2449414270500511,0.1761221936170518,0.0,0.0,0.0
2020-05-08,0.0002001142525305,0.0,0.0,0.1761221936170518,0.2449414270500511,0.1761221936170518,0.0,0.0,0.0
2020-05-08,0.0,0.0,0.0,0.1761221936170518,0.2449414270500511,0.1761221936170518,0.0,0.0,0.0
2020-05-08,0.000363458874974,0.0,0.0,0.1761221936170518,0.2449414270500511,0.1761221936170518,0.0,0.0,0.0
2020-05-08,0.0,0.0,0.0,0.1761221936170518,0.2449414270500511,0.1761221936170518,0.0,0.0,0.0
2020-05-08,0.0,0.0,0.0,0.1761221936170518,0.2449414270500511,0.1761221936170518,0.0,0.0,0.0
2020-05-09,0.0,0.0,0.0,0.1761221936170518,0.2449414270500511,0.1761221936170518,0.0,0.0,0.0
2020-05-09,0.0,0.0,0.0,0.1761221936170518,0.2449414270500511,0.1761221936170518,0.0,0.0,0.0
2020-05-09,0.0,0.0,0.0,0.1761221936170518,0.2449414270500511,0.1761221936170518,0.0,0.0,0.0
2020-05-09,0.0,0.0,0.0,0.1761221936170518,0.2449414270500511,0.1761221936170518,0.0,0.0,0.0
2020-05-09,0.0,0.0,0.0,0.1761221936170518,0.2449414270500511,0.1761221936170518,0.0,0.0,0.0
2020-05-09,0.0,0.0,0.0,0.1761221936170518,0.2449414270500511,0.1761221936170518,0.0,0.0,0.0
2020-05-09,0.0,0.0,0.0,0.1761221936170518,0.2449414270500511,0.1761221936170518,0.0,0.0,0.0
2020-05-09,0.0098192942400218,0.0,0.0,0.1761221936170518,0.2449414270500511,0.1761221936170518,0.0,0.0,0.0
2020-05-09,0.0,0.0,0.0,0.1761221936170518,0.2449414270500511,0.1761221936170518,0.0,0.0,0.0
2020-05-09,0.0,0.0,0.0,0.1761221936170518,0.2449414270500511,0.1761221936170518,0.0,0.0,0.0
2020-05-09,0.0,0.0,0.0,0.1761221936170518,0.2449414270500511,0.1761221936170518,0.0,0.0,0.0
2020-05-10,0.0709255277244096,0.0,0.0,0.1761221936170518,0.2449414270500511,0.1761221936170518,0.0,0.000208186512102864,0.000208186512102864
2020-05-10,0.0085370081457108,0.0,0.0,0.1761221936170518,0.2449414270500511,0.1761221936170518,0.0,0.0,0.0
2020-05-10,0.0009719911957434,0.0,0.0,0.1761221936170518,0.2449414270500511,0.1761221936170518,0.0,0.0,0.0
2020-05-10,0.0037798283823714,0.0,0.0,0.1761221936170518,0.2449414270500511,0.1761221936170518,0.0,8.048440219189045e-05,8.048440219189045e-05
2020-05-10,0.0409564345169065,0.0,0.0,0.1761221936170518,0.2449414270500511,0.1761221936170518,0.0,0.0,0.0
2020-05-10,0.0389527571594607,0.0,0.0,0.1761221936170518,0.2449414270500511,0.1761221936170518,0.0,0.0,0.0
2020-05-10,0.0096034287852864,0.0,0.0,0.1761221936170518,0.2449414270500511,0.1761221936170518,0.0,0.0,0.0
2020-05-10,0.0109468803833049,0.0,0.0,0.1761221936170518,0.2449414270500511,0.1761221936170518,0.0,0.0,0.0
2020-05-10,0.0104884755993819,0.0,0.0,0.1761221936170518,0.2449414270500511,0.1761221936170518,0.0,0.0,0.0
2020-05-10,0.0995612109475992,0.0,0.0,0.1761221936170518,0.2449414270500511,0.1761221936170518,0.0,9.634828632656896e-05,9.634828632656896e-05
2020-05-10,0.0866137483155401,0.0,0.0,0.1761221936170518,0.2449414270500511,0.1761221936170518,0.0,3.848753757424911e-05,3.848753757424911e-05
2020-05-11,0.068952730005017,0.0,0.0,0.1761221936170518,0.2449414270500511,0.1761221936170518,0.0,0.0,0.0
2020-05-11,0.146081001471244,0.0,0.0,0.1761221936170518,0.2449414270500511,0.1761221936170518,0.0,0.0,0.0
2020-05-11,0.0419845616665969,0.0,0.0,0.1761221936170518,0.2449414270500511,0.1761221936170518,0.0,0.0,0.0
2020-05-11,0.0355807603475056,0.0,0.0,0.1761221936170518,0.2449414270500511,0.1761221936170518,0.0,0.00042920220339714543,0.00042920220339714543
2020-05-11,0.005428103070723,0.0,0.0,0.1761221936170518,0.2449414270500511,0.1761221936170518,0.0,0.0,0.0
2020-05-11,0.0278729899557707,0.0,0.0,0.1761221936170518,0.2449414270500511,0.1761221936170518,0.0,0.0,0.0
2020-05-11,0.1025136743620464,0.0,0.0,0.1761221936170518,0.2449414270500511,0.1761221936170518,0.0,0.00013597204044355396,0.00013597204044355396
2020-05-11,0.0469264100273816,0.0,0.0,0.1761221936170518,0.2449414270500511,0.1761221936170518,0.0,0.0,0.0
2020-05-11,0.0026770489623041,0.0,0.0,0.1761221936170518,0.2449414270500511,0.1761221936170518,0.0,0.00012665218829552988,0.00012665218829552988
2020-05-11,0.0530163786484393,0.0,0.0,0.1761221936170518,0.2449414270500511,0.1761221936170518,0.0,0.00014086208632369188,0.00014086208632369188
2020-05-11,0.0184690870916414,0.0,0.0,0.1761221936170518,0.2449414270500511,0.1761221936170518,0.0,1.9847833278174853e-06,1.9847833278174853e-06
2020-05-12,0.0,0.0,0.0,0.1761221936170518,0.2449414270500511,0.1761221936170518,0.0,0.0,0.0
2020-05-12,0.0,0.0,0.0,0.1761221936170518,0.2449414270500511,0.1761221936170518,0.0,0.0,0.0
2020-05-12,0.0174344269995923,0.0,0.0,0.1761221936170518,0.2449414270500511,0.1761221936170518,0.0,0.0,0.0
2020-05-12,3.549556553131679e-05,0.0,0.0,0.1761221936170518,0.2449414270500511,0.1761221936170518,0.0,0.0014995325691438094,0.0014995325691438094
2020-05-12,0.000128525488177,0.0,0.0,0.1761221936170518,0.2449414270500511,0.1761221936170518,0.0,0.0,0.0
2020-05-12,0.0008930493401599,0.0,0.0,0.1761221936170518,0.2449414270500511,0.1761221936170518,0.0,0.0,0.0
2020-05-12,0.0125619515194609,0.0,0.0,0.1761221936170518,0.2449414270500511,0.1761221936170518,0.0,0.0,0.0
2020-05-12,0.0194939092432203,0.0,0.0,0.1761221936170518,0.2449414270500511,0.1761221936170518,0.0,0.0,0.0
2020-05-12,0.0012001235839637,0.0,0.0,0.1761221936170518,0.2449414270500511,0.1761221936170518,0.0,0.0,0.0
2020-05-12,0.0073479250284687,0.0,0.0,0.1761221936170518,0.2449414270500511,0.1761221936170518,0.0,2.2968833148757952e-05,2.2968833148757952e-05
2020-05-12,0.0111010085943602,0.0,0.0,0.1761221936170518,0.2449414270500511,0.1761221936170518,0.0,0.0,0.0
2020-05-13,0.0,0.0,0.0,0.0993743617771001,0.1458676219059587,0.1761221936170518,-0.07674783183995171,0.0,0.07674783183995171
2020-05-13,0.0011775341606054,0.0,0.0,0.0993743617771001,0.1458676219059587,0.0993743617771001,0.0,0.0,0.0
2020-05-13,2.8384860804814462e-06,0.0,0.0,0.0993743617771001,0.1458676219059587,0.0993743617771001,0.0,0.0,0.0
2020-05-13,0.0012127245069696,0.0,0.0,0.0993743617771001,0.1458676219059587,0.0993743617771001,0.0,0.0,0.0
2020-05-13,0.0063366679794186,0.0,0.0,0.0993743617771001,0.1458676219059587,0.0993743617771001,0.0,0.0,0.0
2020-05-13,0.0114458316143208,0.0,0.0,0.0993743617771001,0.1458676219059587,0.0993743617771001,0.0,0.0,0.0
2020-05-13,0.0004354835176401,0.0,0.0,0.0993743617771001,0.1458676219059587,0.0993743617771001,0.0,0.0,0.0
2020-05-13,9.301917475713038e-07,0.0,0.0,0.0993743617771001,0.1458676219059587,0.0993743617771001,0.0,0.0,0.0
2020-05-13,0.0134360295094876,0.0,0.0,0.0993743617771001,0.1458676219059587,0.0993743617771001,0.0,0.0,0.0
2020-05-13,0.0008101346415853,0.0,0.0,0.0993743617771001,0.1458676219059587,0.0993743617771001,0.0,0.0,0.0
2020-05-13,0.004707957504277,0.0,0.0,0.0993743617771001,0.1458676219059587,0.0993743617771001,0.0,0.0,0.0
2020-05-14,0.0296736193342997,0.0,0.0,0.1332997741949402,0.1955658824668393,0.0993743617771001,0.03392541241784011,0.021542636885328526,0.012382775532511586
2020-05-14,0.0283642662402678,0.0,0.0,0.1332997741949402,0.1955658824668393,0.1332997741949402,0.0,0.0003392541241784011,0.0003392541241784011
2020-05-14,0.0104667704097398,0.0,0.0,0.1332997741949402,0.1955658824668393,0.1332997741949402,0.0,0.0,0.0
2020-05-14,0.0067685525941315,0.0,0.0,0.1332997741949402,0.1955658824668393,0.1332997741949402,0.0,0.0,0.0
2020-05-14,0.0140822569415053,0.0,0.0,0.1332997741949402,0.1955658824668393,0.1332997741949402,0.0,0.0,0.0
2020-05-14,0.0161357671752308,0.0,0.0,0.1332997741949402,0.1955658824668393,0.1332997741949402,0.0,0.0,0.0
2020-05-14,0.0152900279240014,0.0,0.0,0.1332997741949402,0.1955658824668393,0.1332997741949402,0.0,0.0,0.0
2020-05-14,0.0007716126137245,0.0,0.0,0.1332997741949402,0.1955658824668393,0.1332997741949402,0.0,0.0,0.0
2020-05-14,0.0099583309247603,0.0,0.0,0.1332997741949402,0.1955658824668393,0.1332997741949402,0.0,0.0,0.0
2020-05-14,0.0007721928506409,0.0,0.0,0.1332997741949402,0.1955658824668393,0.1332997741949402,0.0,0.0,0.0
2020-05-14,0.0063051282182699,0.0,0.0,0.1332997741949402,0.1955658824668393,0.1332997741949402,0.0,0.0,0.0
2020-05-15,0.0298779457604065,0.0,0.0,0.1332997741949402,0.1955658824668393,0.1332997741949402,0.0,0.0022051518071596068,0.0022051518071596068
2020-05-15,0.1038438827575457,0.0,0.0,0.1332997741949402,0.1955658824668393,0.1332997741949402,0.0,1.5849501646793997e-05,1.5849501646793997e-05
2020-05-15,0.0030177401271683,0.0,0.0,0.1332997741949402,0.1955658824668393,0.1332997741949402,0.0,0.0,0.0
2020-05-15,0.0748592703290136,0.0,0.0,0.1332997741949402,0.1955658824668393,0.1332997741949402,0.0,0.000277582016137152,0.000277582016137152
2020-05-15,0.0281911238515009,0.0,0.0,0.1332997741949402,0.1955658824668393,0.1332997741949402,0.0,0.0003392541241784011,0.0003392541241784011
2020-05-15,0.0747857182787029,0.0,0.0,0.1332997741949402,0.1955658824668393,0.1332997741949402,0.0,0.00034697752017144,0.00034697752017144
2020-05-15,0.0148544889824364,0.0,0.0,0.1332997741949402,0.1955658824668393,0.1332997741949402,0.0,0.0,0.0
2020-05-15,0.0287505935961245,0.0,0.0,0.1332997741949402,0.1955658824668393,0.1332997741949402,0.0,0.0004992161544103904,0.0004992161544103904
2020-05-15,0.031849118729973,0.0,0.0,0.1332997741949402,0.1955658824668393,0.1332997741949402,0.0,0.0,0.0
2020-05-15,0.0311578649341136,0.0,0.0,0.1332997741949402,0.1955658824668393,0.1332997741949402,0.0,0.0,0.0
2020-05-15,0.0098866266615981,0.0,0.0,0.1332997741949402,0.1955658824668393,0.1332997741949402,0.0,0.0,0.0
2020-05-16,0.0039191517271628,0.0,0.0,0.1332997741949402,0.1955658824668393,0.1332997741949402,0.0,0.0,0.0
2020-05-16,0.0006021072746906,0.0,0.0,0.1332997741949402,0.1955658824668393,0.1332997741949402,0.0,0.0,0.0
2020-05-16,0.0160866331353152,0.0,0.0,0.1332997741949402,0.1955658824668393,0.1332997741949402,0.0,0.0,0.0
2020-05-16,0.0120955232801591,0.0,0.0,0.1332997741949402,0.1955658824668393,0.1332997741949402,0.0,0.0,0.0
2020-05-16,0.0,0.0,0.0,0.1332997741949402,0.1955658824668393,0.1332997741949402,0.0,0.0,0.0
2020-05-16,0.0,0.0,0.0,0.1332997741949402,0.1955658824668393,0.1332997741949402,0.0,0.0,0.0
2020-05-16,0.0022927097720525,0.0,0.0,0.1332997741949402,0.1955658824668393,0.1332997741949402,0.0,0.0,0.0
2020-05-16,0.0,0.0,0.0,0.1332997741949402,0.1955658824668393,0.1332997741949402,0.0,0.0,0.0
2020-05-16,0.0,0.0,0.0,0.1332997741949402,0.1955658824668393,0.1332997741949402,0.0,0.0,0.0
2020-05-16,0.0002163744365787,0.0,0.0,0.1332997741949402,0.1955658824668393,0.1332997741949402,0.0,0.0,0.0
2020-05-16,0.0001383912598651,0.0,0.0,0.1332997741949402,0.1955658824668393,0.1332997741949402,0.0,0.0,0.0
2020-05-17,0.0,0.0,0.0,0.1332997741949402,0.1955658824668393,0.1332997741949402,0.0,0.0,0.0
2020-05-17,0.0,0.0,0.0,0.1332997741949402,0.1955658824668393,0.1332997741949402,0.0,0.0,0.0
2020-05-17,0.0,0.0,0.0,0.1332997741949402,0.1955658824668393,0.1332997741949402,0.0,0.0,0.0
2020-05-17,0.0,0.0,0.0,0.1332997741949402,0.1955658824668393,0.1332997741949402,0.0,0.0,0.0
2020-05-17,0.0,0.0,0.0,0.1332997741949402,0.1955658824668393,0.1332997741949402,0.0,0.0,0.0
2020-05-17,0.0,0.0,0.0,0.1332997741949402,0.1955658824668393,0.1332997741949402,0.0,0.0,0.0
2020-05-17,0.0,0.0,0.0,0.1332997741949402,0.1955658824668393,0.1332997741949402,0.0,0.0,0.0
2020-05-17,0.0,0.0,0.0,0.1332997741949402,0.1955658824668393,0.1332997741949402,0.0,0.0,0.0
2020-05-17,0.0,0.0,0.0,0.1332997741949402,0.1955658824668393,0.1332997741949402,0.0,0.0,0.0
2020-05-17,0.0,0.0,0.0,0.1332997741949402,0.1955658824668393,0.1332997741949402,0.0,0.0,0.0
2020-05-17,0.0,0.0,0.0,0.1332997741949402,0.1955658824668393,0.1332997741949402,0.0,0.0,0.0
2020-05-18,1.002444093425524e-05,0.0,0.0,0.1332997741949402,0.1955658824668393,0.1332997741949402,0.0,0.0,0.0
2020-05-18,0.0,0.0,0.0,0.1332997741949402,0.1955658824668393,0.1332997741949402,0.0,0.0,0.0
2020-05-18,0.0,0.0,0.0,0.1332997741949402,0.1955658824668393,0.1332997741949402,0.0,0.0,0.0
2020-05-18,0.0,0.0,0.0,0.1332997741949402,0.1955658824668393,0.1332997741949402,0.0,0.0,0.0
2020-05-18,0.0,0.0,0.0,0.1332997741949402,0.1955658824668393,0.1332997741949402,0.0,0.0,0.0
2020-05-18,0.0,0.0,0.0,0.1332997741949402,0.1955658824668393,0.1332997741949402,0.0,0.0,0.0
2020-05-18,0.0,0.0,0.0,0.1332997741949402,0.1955658824668393,0.1332997741949402,0.0,0.0,0.0
2020-05-18,0.0,0.0,0.0,0.1332997741949402,0.1955658824668393,0.1332997741949402,0.0,0.0,0.0
2020-05-18,0.0,0.0,0.0,0.1332997741949402,0.1955658824668393,0.1332997741949402,0.0,0.0,0.0
2020-05-18,0.0,0.0,0.0,0.1332997741949402,0.1955658824668393,0.1332997741949402,0.0,0.0,0.0
2020-05-18,0.0,0.0,0.0,0.1332997741949402,0.1955658824668393,0.1332997741949402,0.0,0.0,0.0
2020-05-19,0.0012633532785634,0.0,0.0,0.1332997741949402,0.1955658824668393,0.1332997741949402,0.0,0.0,0.0
2020-05-19,0.0,0.0,0.0,0.1332997741949402,0.1955658824668393,0.1332997741949402,0.0,0.0,0.0
2020-05-19,0.0038316471136838,0.0,0.0,0.1332997741949402,0.1955658824668393,0.1332997741949402,0.0,1.715830804412552e-05,1.715830804412552e-05
2020-05-19,0.0,0.0,0.0,0.1332997741949402,0.1955658824668393,0.1332997741949402,0.0,0.0,0.0
2020-05-19,0.0,0.0,0.0,0.1332997741949402,0.1955658824668393,0.1332997741949402,0.0,0.0,0.0
2020-05-19,0.0001333712356259,0.0,0.0,0.1332997741949402,0.1955658824668393,0.1332997741949402,0.0,0.0,0.0
2020-05-19,0.0,0.0,0.0,0.1332997741949402,0.1955658824668393,0.1332997741949402,0.0,0.0,0.0
2020-05-19,0.0084774624725461,0.0,0.0,0.1332997741949402,0.1955658824668393,0.1332997741949402,0.0,0.0,0.0
2020-05-19,0.0063756104718376,0.0,0.0,0.1332997741949402,0.1955658824668393,0.1332997741949402,0.0,0.0,0.0
2020-05-19,0.0008651997570037,0.0,0.0,0.1332997741949402,0.1955658824668393,0.1332997741949402,0.0,0.0,0.0
2020-05-19,0.007177981470736,0.0,0.0,0.1332997741949402,0.1955658824668393,0.1332997741949402,0.0,3.601374965841599e-05,3.601374965841599e-05
2020-05-20,0.0,0.0,0.0,0.0187777761797235,0.0271081421241152,0.1332997741949402,-0.11452199801521672,0.0,0.11452199801521672
2020-05-20,0.0,0.0,0.0,0.0187777761797235,0.0271081421241152,0.0187777761797235,0.0,0.0,0.0
2020-05-20,0.0,0.0,0.0,0.0187777761797235,0.0271081421241152,0.0187777761797235,0.0,0.0,0.0
2020-05-20,0.0,0.0,0.0,0.0187777761797235,0.0271081421241152,0.0187777761797235,0.0,0.0,0.0
2020-05-20,0.0,0.0,0.0,0.0187777761797235,0.0271081421241152,0.0187777761797235,0.0,0.0,0.0
2020-05-20,0.0,0.0,0.0,0.0187777761797235,0.0271081421241152,0.0187777761797235,0.0,0.0,0.0
2020-05-20,0.0,0.0,0.0,0.0187777761797235,0.0271081421241152,0.0187777761797235,0.0,0.0,0.0
2020-05-20,0.0,0.0,0.0,0.0187777761797235,0.0271081421241152,0.0187777761797235,0.0,0.0,0.0
2020-05-20,0.0,0.0,0.0,0.0187777761797235,0.0271081421241152,0.0187777761797235,0.0,0.0,0.0
2020-05-20,0.0,0.0,0.0,0.0187777761797235,0.0271081421241152,0.0187777761797235,0.0,0.0,0.0
2020-05-20,0.0,0.0,0.0,0.0187777761797235,0.0271081421241152,0.0187777761797235,0.0,0.0,0.0
2020-05-21,0.0,0.0,0.0,0.0187777761797235,0.0271081421241152,0.0187777761797235,0.0,0.0,0.0
2020-05-21,0.0,0.0,0.0,0.0187777761797235,0.0271081421241152,0.0187777761797235,0.0,0.0,0.0
2020-05-21,0.0,0.0,0.0,0.0187777761797235,0.0271081421241152,0.0187777761797235,0.0,0.0,0.0
2020-05-21,0.0,0.0,0.0,0.0187777761797235,0.0271081421241152,0.0187777761797235,0.0,0.0,0.0
2020-05-21,0.0,0.0,0.0,0.0187777761797235,0.0271081421241152,0.0187777761797235,0.0,0.0,0.0
2020-05-21,0.0,0.0,0.0,0.0187777761797235,0.0271081421241152,0.0187777761797235,0.0,0.0,0.0
2020-05-21,0.0,0.0,0.0,0.0187777761797235,0.0271081421241152,0.0187777761797235,0.0,0.0,0.0
2020-05-21,0.0,0.0,0.0,0.0187777761797235,0.0271081421241152,0.0187777761797235,0.0,0.0,0.0
2020-05-21,0.0,0.0,0.0,0.0187777761797235,0.0271081421241152,0.0187777761797235,0.0,0.0,0.0
2020-05-21,0.0,0.0,0.0,0.0187777761797235,0.0271081421241152,0.0187777761797235,0.0,0.0,0.0
2020-05-21,0.0,0.0,0.0,0.0187777761797235,0.0271081421241152,0.0187777761797235,0.0,0.0,0.0
2020-05-22,0.0,0.0,0.0,0.0107092004774985,0.0148449349727286,0.0187777761797235,-0.008068575702225,0.0,0.008068575702225
2020-05-22,0.0,0.0,0.0,0.0107092004774985,0.0148449349727286,0.0107092004774985,0.0,0.0,0.0
2020-05-22,0.0,0.0,0.0,0.0107092004774985,0.0148449349727286,0.0107092004774985,0.0,0.0,0.0
2020-05-22,0.0,0.0,0.0,0.0107092004774985,0.0148449349727286,0.0107092004774985,0.0,0.0,0.0
2020-05-22,0.0,0.0,0.0,0.0107092004774985,0.0148449349727286,0.0107092004774985,0.0,0.0,0.0
2020-05-22,0.0,0.0,0.0,0.0107092004774985,0.0148449349727286,0.0107092004774985,0.0,0.0,0.0
2020-05-22,0.0,0.0,0.0,0.0107092004774985,0.0148449349727286,0.0107092004774985,0.0,0.0,0.0
2020-05-22,0.0,0.0,0.0,0.0107092004774985,0.0148449349727286,0.0107092004774985,0.0,0.0,0.0
2020-05-22,0.0,0.0,0.0,0.0107092004774985,0.0148449349727286,0.0107092004774985,0.0,0.0,0.0
2020-05-22,0.0,0.0,0.0,0.0107092004774985,0.0148449349727286,0.0107092004774985,0.0,0.0,0.0
2020-05-22,0.0,0.0,0.0,0.0107092004774985,0.0148449349727286,0.0107092004774985,0.0,0.0,0.0
2020-05-23,0.0,0.0,0.0,0.0056408117476161,0.0074224674863643,0.0107092004774985,-0.005068388729882399,0.0,0.005068388729882399
2020-05-23,0.0,0.0,0.0,0.0056408117476161,0.0074224674863643,0.0056408117476161,0.0,0.0,0.0
2020-05-23,0.0,0.0,0.0,0.0056408117476161,0.0074224674863643,0.0056408117476161,0.0,0.0,0.0
2020-05-23,0.0,0.0,0.0,0.0056408117476161,0.0074224674863643,0.0056408117476161,0.0,0.0,0.0
2020-05-23,0.0,0.0,0.0,0.0056408117476161,0.0074224674863643,0.0056408117476161,0.0,0.0,0.0
2020-05-23,0.0,0.0,0.0,0.0056408117476161,0.0074224674863643,0.0056408117476161,0.0,0.0,0.0
2020-05-23,0.0,0.0,0.0,0.0056408117476161,0.0074224674863643,0.0056408117476161,0.0,0.0,0.0
2020-05-23,0.0,0.0,0.0,0.0056408117476161,0.0074224674863643,0.0056408117476161,0.0,0.0,0.0
2020-05-23,0.0,0.0,0.0,0.0056408117476161,0.0074224674863643,0.0056408117476161,0.0,0.0,0.0
2020-05-23,0.0,0.0,0.0,0.0056408117476161,0.0074224674863643,0.0056408117476161,0.0,0.0,0.0
2020-05-23,0.0,0.0,0.0,0.0056408117476161,0.0074224674863643,0.0056408117476161,0.0,0.0,0.0
2020-05-24,0.007332670345923,0.0,0.0,0.0022379151145565,0.0025817278213438,0.0056408117476161,-0.0034028966330596,0.0,0.0034028966330596
2020-05-24,0.0549903234552514,0.0,0.0,0.0022379151145565,0.0025817278213438,0.0022379151145565,0.0,0.0,0.0
2020-05-24,0.0384063100545823,0.0,0.0,0.0022379151145565,0.0025817278213438,0.0022379151145565,0.0,0.0,0.0
2020-05-24,0.0280021850478437,0.0,0.0,0.0022379151145565,0.0025817278213438,0.0022379151145565,0.0,0.0,0.0
2020-05-24,0.0358118153564575,0.0,0.0,0.0022379151145565,0.0025817278213438,0.0022379151145565,0.0,3.335298940010653e-05,3.335298940010653e-05
2020-05-24,0.0036535919112393,0.0,0.0,0.0022379151145565,0.0025817278213438,0.0022379151145565,0.0,3.474809072473359e-05,3.474809072473359e-05
2020-05-24,0.0316283374056417,0.0,0.0,0.0022379151145565,0.0025817278213438,0.0022379151145565,0.0,0.0,0.0
2020-05-24,0.0300039642625685,0.0,0.0,0.0022379151145565,0.0025817278213438,0.0022379151145565,0.0,0.0,0.0
2020-05-24,0.0017417771454237,0.0,0.0,0.0022379151145565,0.0025817278213438,0.0022379151145565,0.0,9.253692703764e-05,9.253692703764e-05
2020-05-24,0.0123974149546785,0.0,0.0,0.0022379151145565,0.0025817278213438,0.0022379151145565,0.0,0.0,0.0
2020-05-24,0.0060950685016621,0.0,0.0,0.0022379151145565,0.0025817278213438,0.0022379151145565,0.0,0.0,0.0
2020-05-25,0.0008839830116326,0.0,0.0,0.0011707345136561,0.000968147933003,0.0022379151145565,-0.0010671806009004002,0.0,0.0010671806009004002
2020-05-25,0.0007473073890788,0.0,0.0,0.0011707345136561,0.000968147933003,0.0011707345136561,0.0,0.0,0.0
2020-05-25,0.0,0.0,0.0,0.0011707345136561,0.000968147933003,0.0011707345136561,0.0,0.0,0.0
2020-05-25,0.0,0.0,0.0,0.0011707345136561,0.000968147933003,0.0011707345136561,0.0,0.0,0.0
2020-05-25,0.0,0.0,0.0,0.0011707345136561,0.000968147933003,0.0011707345136561,0.0,0.0,0.0
2020-05-25,0.0056511284230177,0.0,0.0,0.0011707345136561,0.000968147933003,0.0011707345136561,0.0,0.0,0.0
2020-05-25,3.785135066663627e-06,0.0,0.0,0.0011707345136561,0.000968147933003,0.0011707345136561,0.0,0.0,0.0
2020-05-25,0.0,0.0,0.0,0.0011707345136561,0.000968147933003,0.0011707345136561,0.0,0.0,0.0
2020-05-25,0.0,0.0,0.0,0.0011707345136561,0.000968147933003,0.0011707345136561,0.0,0.0,0.0
2020-05-25,0.0,0.0,0.0,0.0011707345136561,0.000968147933003,0.0011707345136561,0.0,0.0,0.0
2020-05-25,0.000845088862352,0.0,0.0,0.0011707345136561,0.000968147933003,0.0011707345136561,0.0,0.0,0.0
2020-05-26,0.0085628562364764,0.0,0.0,0.000569546520157,0.0,0.0011707345136561,-0.0006011879934990999,0.0,0.0006011879934990999
2020-05-26,0.0,0.0,0.0,0.000569546520157,0.0,0.000569546520157,0.0,0.0,0.0
2020-05-26,0.0,0.0,0.0,0.000569546520157,0.0,0.000569546520157,0.0,0.0,0.0
2020-05-26,0.0069423412425592,0.0,0.0,0.000569546520157,0.0,0.000569546520157,0.0,0.0,0.0
2020-05-26,0.0048153483055102,0.0,0.0,0.000569546520157,0.0,0.000569546520157,0.0,2.6938399804400996e-05,2.6938399804400996e-05
2020-05-26,0.0,0.0,0.0,0.000569546520157,0.0,0.000569546520157,0.0,0.0,0.0
2020-05-26,0.0017995748481698,0.0,0.0,0.000569546520157,0.0,0.000569546520157,0.0,0.0004949733204849826,0.0004949733204849826
2020-05-26,0.000363458874974,0.0,0.0,0.000569546520157,0.0,0.000569546520157,0.0,3.307972213034997e-07,3.307972213034997e-07
2020-05-26,0.0008696772439248,0.0,0.0,0.000569546520157,0.0,0.000569546520157,0.0,0.0,0.0
2020-05-26,0.0,0.0,0.0,0.000569546520157,0.0,0.000569546520157,0.0,0.0,0.0
2020-05-26,0.0082832074590754,0.0,0.0,0.000569546520157,0.0,0.000569546520157,0.0,0.0,0.0
2020-05-27,0.002812391071509,0.0,0.0,0.0012368939579168,0.0006454319553341,0.000569546520157,0.0006673474377597999,0.00041375541141107564,0.0002535920263487242
2020-05-27,0.0127163515879986,0.0,0.0,0.0012368939579168,0.0006454319553341,0.0012368939579168,0.0,0.0,0.0
2020-05-27,0.0017356816615109,0.0,0.0,0.0012368939579168,0.0006454319553341,0.0012368939579168,0.0,0.00014011419695379046,0.00014011419695379046
2020-05-27,0.0104665936584008,0.0,0.0,0.0012368939579168,0.0006454319553341,0.0012368939579168,0.0,0.0,0.0
2020-05-27,0.011954465947639,0.0,0.0,0.0012368939579168,0.0006454319553341,0.0012368939579168,0.0,0.0,0.0
2020-05-27,0.0004155977621865,0.0,0.0,0.0012368939579168,0.0006454319553341,0.0012368939579168,0.0,6.673474377597999e-06,6.673474377597999e-06
2020-05-27,0.0072667301113289,0.0,0.0,0.0012368939579168,0.0006454319553341,0.0012368939579168,0.0,0.0,0.0
2020-05-27,0.0139789476994236,0.0,0.0,0.0012368939579168,0.0006454319553341,0.0012368939579168,0.0,0.0,0.0
2020-05-27,0.0210230291115811,0.0,0.0,0.0012368939579168,0.0006454319553341,0.0012368939579168,0.0,0.0,0.0
2020-05-27,0.0,0.0,0.0,0.0012368939579168,0.0006454319553341,0.0012368939579168,0.0,0.0,0.0
2020-05-27,0.0145771425190522,0.0,0.0,0.0012368939579168,0.0006454319553341,0.0012368939579168,0.0,0.0,0.0
2020-05-28,0.0246204172274849,0.0,0.0,0.0,0.000968147933003,0.0012368939579168,-0.0012368939579168,0.0,0.0012368939579168
2020-05-28,0.0013534129975921,0.0,0.0,0.0,0.000968147933003,0.0,0.0,0.0,0.0
2020-05-28,0.0349002381917262,0.0,0.0,0.0,0.000968147933003,0.0,0.0,0.0,0.0
2020-05-28,0.0379078675221783,0.0,0.0,0.0,0.000968147933003,0.0,0.0,0.0,0.0
2020-05-28,0.0,0.0,0.0,0.0,0.000968147933003,0.0,0.0,0.0,0.0
2020-05-28,0.0215316841804237,0.0,0.0,0.0,0.000968147933003,0.0,0.0,0.0,0.0
2020-05-28,0.0200038582028209,0.0,0.0,0.0,0.000968147933003,0.0,0.0,0.0,0.0
2020-05-28,0.0104159844744986,0.0,0.0,0.0,0.000968147933003,0.0,0.0,0.0,0.0
2020-05-28,0.0032536989460186,0.0,0.0,0.0,0.000968147933003,0.0,0.0,3.9379251822980996e-05,3.9379251822980996e-05
2020-05-28,0.0666284189062401,0.0,0.0,0.0,0.000968147933003,0.0,0.0,0.0,0.0
2020-05-28,0.0007482511610296,0.0,0.0,0.0,0.000968147933003,0.0,0.0,0.0,0.0
2020-05-29,0.1155268683529502,0.0,0.0,0.0,0.000968147933003,0.0,0.0,0.0,0.0
2020-05-29,0.1281176502115842,0.0,0.0,0.0,0.000968147933003,0.0,0.0,0.00010343885285276688,0.00010343885285276688
2020-05-29,0.2607308104354542,0.0,0.0,0.0,0.000968147933003,0.0,0.0,0.0005319219318557743,0.0005319219318557743
2020-05-29,0.0364724612823046,0.0,0.0,0.0,0.000968147933003,0.0,0.0,0.0,0.0
2020-05-29,0.0207287633547237,0.0,0.0,0.0,0.000968147933003,0.0,0.0,0.0,0.0
2020-05-29,0.0707478254283662,0.0,0.0,0.0,0.000968147933003,0.0,0.0,0.0,0.0
2020-05-29,0.0184730507966911,0.0,0.0,0.0,0.000968147933003,0.0,0.0,3.3079722130291423e-07,3.3079722130291423e-07
2020-05-29,0.1873015798703698,0.0,0.0,0.0,0.000968147933003,0.0,0.0,0.0,0.0
2020-05-29,0.0140468005215433,0.0,0.0,0.0,0.000968147933003,0.0,0.0,0.0,0.0
2020-05-29,0.0327629317834899,0.0,0.0,0.0,0.000968147933003,0.0,0.0,0.0,0.0
2020-05-29,0.1299486826092443,0.0,0.0,0.0,0.000968147933003,0.0,0.0,0.0,0.0
2020-05-30,0.0652415471947193,0.0,0.0,0.0,0.000968147933003,0.0,0.0,0.0,0.0
2020-05-30,0.0350979994914361,0.0,0.0,0.0,0.000968147933003,0.0,0.0,0.0,0.0
2020-05-30,0.0072431693531265,0.0,0.0,0.0,0.000968147933003,0.0,0.0,0.0,0.0
2020-05-30,0.0135095644913761,0.0,0.0,0.0,0.000968147933003,0.0,0.0,0.0,0.0
2020-05-30,0.1105180300868678,0.0,0.0,0.0,0.000968147933003,0.0,0.0,7.924750823396998e-06,7.924750823396998e-06
2020-05-30,0.0189452208383447,0.0,0.0,0.0,0.000968147933003,0.0,0.0,0.0,0.0
2020-05-30,0.033376202521891,0.0,0.0,0.0,0.000968147933003,0.0,0.0,0.0,0.0
2020-05-30,0.1583801556952025,0.0,0.0,0.0,0.000968147933003,0.0,0.0,0.0,0.0
2020-05-30,0.0505824782611035,0.0,0.0,0.0,0.000968147933003,0.0,0.0,0.0,0.0
2020-05-30,8.909536062271585e-05,0.0,0.0,0.0,0.000968147933003,0.0,0.0,0.0,0.0
2020-05-30,0.0358687827885342,0.0,0.0,0.0,0.000968147933003,0.0,0.0,3.335298940010653e-05,3.335298940010653e-05
2020-05-31,0.4678883097099993,0.0,0.0,0.0,0.000968147933003,0.0,0.0,0.0,0.0
2020-05-31,0.0182133183339278,0.0,0.0,0.0,0.000968147933003,0.0,0.0,0.0,0.0
2020-05-31,0.3176773960803487,0.0,0.0,0.0,0.000968147933003,0.0,0.0,0.0,0.0
2020-05-31,0.2517930388797065,0.0,0.0,0.0,0.000968147933003,0.0,0.0,3.796976801047e-05,3.796976801047e-05
2020-05-31,0.26475265440732,0.0,0.0,0.0,0.000968147933003,0.0,0.0,0.000569201340447869,0.000569201340447869
2020-05-31,1.0,0.0,0.0,0.0,0.000968147933003,0.0,0.0,1.7258985459289721e-06,1.7258985459289721e-06
2020-05-31,0.2160936525351627,0.0,0.0,0.0,0.000968147933003,0.0,0.0,0.000372103726502606,0.000372103726502606
2020-05-31,0.1296284686169393,0.0,0.0,0.0,0.000968147933003,0.0,0.0,0.0,0.0
2020-05-31,0.1006234141365493,0.0,0.0,0.0,0.000968147933003,0.0,0.0,7.924750823397e-05,7.924750823397e-05
2020-05-31,0.5873319424619364,0.0,0.0,0.0,0.000968147933003,0.0,0.0,0.0,0.0
2020-05-31,0.0509832005131369,0.0,0.0,0.0,0.000968147933003,0.0,0.0,0.0,0.0
2020-06-01,0.2161680584836094,0.0,0.0,0.0015187907204188,0.0012908639106719,0.0,0.0015187907204188,0.0009416502466596561,0.000577140473759144
2020-06-01,0.1604755352905505,0.0,0.0,0.0015187907204188,0.0012908639106719,0.0015187907204188,0.0,0.0,0.0
2020-06-01,0.0415105387098146,0.0,0.0,0.0015187907204188,0.0012908639106719,0.0015187907204188,0.0,0.0,0.0
2020-06-01,0.1209898438203613,0.0,0.0,0.0015187907204188,0.0012908639106719,0.0015187907204188,0.0,0.0,0.0
2020-06-01,0.0754815846479837,0.0,0.0,0.0015187907204188,0.0012908639106719,0.0015187907204188,0.0,0.0002915042644076587,0.0002915042644076587
2020-06-01,0.1831266463121253,0.0,0.0,0.0015187907204188,0.0012908639106719,0.0015187907204188,0.0,7.593953602094e-06,7.593953602094e-06
2020-06-01,0.1421818224366865,0.0,0.0,0.0015187907204188,0.0012908639106719,0.0015187907204188,0.0,0.0,0.0
2020-06-01,0.0275845482874582,0.0,0.0,0.0015187907204188,0.0012908639106719,0.0015187907204188,0.0,0.0,0.0
2020-06-01,0.1360691820464498,0.0,0.0,0.0015187907204188,0.0012908639106719,0.0015187907204188,0.0,0.0,0.0
2020-06-01,0.0631030215048546,0.0,0.0,0.0015187907204188,0.0012908639106719,0.0015187907204188,0.0,0.0,0.0
2020-06-01,0.0972816544744372,0.0,0.0,0.0015187907204188,0.0012908639106719,0.0015187907204188,0.0,4.4628859900185515e-05,4.4628859900185515e-05
2020-06-02,0.0058258441178331,0.0,0.0,0.0015187907204188,0.0012908639106719,0.0015187907204188,0.0,0.0,0.0
2020-06-02,0.0235836756077968,0.0,0.0,0.0015187907204188,0.0012908639106719,0.0015187907204188,0.0,0.0,0.0
2020-06-02,0.0340492249321711,0.0,0.0,0.0015187907204188,0.0012908639106719,0.0015187907204188,0.0,0.0002317306447669365,0.0002317306447669365
2020-06-02,0.0005815600694258,0.0,0.0,0.0015187907204188,0.0012908639106719,0.0015187907204188,0.0,0.0,0.0
2020-06-02,0.0411866060822088,0.0,0.0,0.0015187907204188,0.0012908639106719,0.0015187907204188,0.0,0.0,0.0
2020-06-02,0.0290476606910201,0.0,0.0,0.0015187907204188,0.0012908639106719,0.0015187907204188,0.0,0.0,0.0
2020-06-02,0.0125922729977448,0.0,0.0,0.0015187907204188,0.0012908639106719,0.0015187907204188,0.0,0.0,0.0
2020-06-02,0.0,0.0,0.0,0.0015187907204188,0.0012908639106719,0.0015187907204188,0.0,0.0,0.0
2020-06-02,0.0237099265386404,0.0,0.0,0.0015187907204188,0.0012908639106719,0.0015187907204188,0.0,0.0,0.0
2020-06-02,0.0116936606637267,0.0,0.0,0.0015187907204188,0.0012908639106719,0.0015187907204188,0.0,0.0,0.0
2020-06-02,0.0248044629095045,0.0,0.0,0.0015187907204188,0.0012908639106719,0.0015187907204188,0.0,0.0,0.0
2020-06-03,0.102375782096389,0.0,0.0,0.0031037408850982,0.0038725917320157,0.0015187907204188,0.0015849501646793998,0.0009826691021012294,0.0006022810625781704
2020-06-03,0.0037560996828191,0.0,0.0,0.0031037408850982,0.0038725917320157,0.0031037408850982,0.0,0.00020589969652950625,0.00020589969652950625
2020-06-03,0.0040890368646798,0.0,0.0,0.0031037408850982,0.0038725917320157,0.0031037408850982,0.0,0.0,0.0
2020-06-03,0.0084982268418073,0.0,0.0,0.0031037408850982,0.0038725917320157,0.0031037408850982,0.0,0.0,0.0
2020-06-03,0.0107173967275951,0.0,0.0,0.0031037408850982,0.0038725917320157,0.0031037408850982,0.0,0.0,0.0
2020-06-03,0.0036369031085482,0.0,0.0,0.0031037408850982,0.0038725917320157,0.0031037408850982,0.0,0.00010294984826475312,0.00010294984826475312
2020-06-03,0.0707729653063155,0.0,0.0,0.0031037408850982,0.0038725917320157,0.0031037408850982,0.0,8.5245005681082e-05,8.5245005681082e-05
2020-06-03,0.0303735831535078,0.0,0.0,0.0031037408850982,0.0038725917320157,0.0031037408850982,0.0,7.924750823396998e-06,7.924750823396998e-06
2020-06-03,0.0636719860923001,0.0,0.0,0.0031037408850982,0.0038725917320157,0.0031037408850982,0.0,7.924750823396998e-06,7.924750823396998e-06
2020-06-03,0.0326635203429689,0.0,0.0,0.0031037408850982,0.0038725917320157,0.0031037408850982,0.0,7.924750823396998e-06,7.924750823396998e-06
2020-06-03,0.1142424787432947,0.0,0.0,0.0031037408850982,0.0038725917320157,0.0031037408850982,0.0,0.00019811877058492492,0.00019811877058492492
2020-06-04,0.0050141387043755,0.0,0.0,0.0015187907204188,0.0012908639106719,0.0031037408850982,-0.0015849501646793998,0.0,0.0015849501646793998
2020-06-04,0.053714403509782,0.0,0.0,0.0015187907204188,0.0012908639106719,0.0015187907204188,0.0,0.0,0.0
2020-06-04,0.184371684860525,0.0,0.0,0.0015187907204188,0.0012908639106719,0.0015187907204188,0.0,7.593953602094e-06,7.593953602094e-06
2020-06-04,0.2623899886853831,0.0,0.0,0.0015187907204188,0.0012908639106719,0.0015187907204188,0.0,0.000826705403500702,0.000826705403500702
2020-06-04,0.0628749219267631,0.0,0.0,0.0015187907204188,0.0012908639106719,0.0015187907204188,0.0,0.0,0.0
2020-06-04,0.0435330496029272,0.0,0.0,0.0015187907204188,0.0012908639106719,0.0015187907204188,0.0,0.0,0.0
2020-06-04,0.0469549910036132,0.0,0.0,0.0015187907204188,0.0012908639106719,0.0015187907204188,0.0,0.0,0.0
2020-06-04,0.0397762659757559,0.0,0.0,0.0015187907204188,0.0012908639106719,0.0015187907204188,0.0,0.0,0.0
2020-06-04,0.0348352354383631,0.0,0.0,0.0015187907204188,0.0012908639106719,0.0015187907204188,0.0,0.0,0.0
2020-06-04,0.0342879833449501,0.0,0.0,0.0015187907204188,0.0012908639106719,0.0015187907204188,0.0,2.896633059586706e-05,2.896633059586706e-05
2020-06-04,0.0005335348210547,0.0,0.0,0.0015187907204188,0.0012908639106719,0.0015187907204188,0.0,0.0,0.0
2020-06-05,0.0243471967905918,0.0,0.0,0.0015187907204188,0.0012908639106719,0.0015187907204188,0.0,0.0,0.0
2020-06-05,0.0154593864746037,0.0,0.0,0.0015187907204188,0.0012908639106719,0.0015187907204188,0.0,0.0,0.0
2020-06-05,0.0295997281963017,0.0,0.0,0.0015187907204188,0.0012908639106719,0.0015187907204188,0.0,0.003053287117605609,0.003053287117605609
2020-06-05,0.1334537514749602,0.0,0.0,0.0015187907204188,0.0012908639106719,0.0015187907204188,0.0,0.0,0.0
2020-06-05,0.0370477746818449,0.0,0.0,0.0015187907204188,0.0012908639106719,0.0015187907204188,0.0,0.0,0.0
2020-06-05,0.0082504798848045,0.0,0.0,0.0015187907204188,0.0012908639106719,0.0015187907204188,0.0,0.0,0.0
2020-06-05,0.0225546365571484,0.0,0.0,0.0015187907204188,0.0012908639106719,0.0015187907204188,0.0,0.0,0.0
2020-06-05,0.0962348019984052,0.0,0.0,0.0015187907204188,0.0012908639106719,0.0015187907204188,0.0,0.00019144529620733957,0.00019144529620733957
2020-06-05,0.0178222498622869,0.0,0.0,0.0015187907204188,0.0012908639106719,0.0015187907204188,0.0,0.0,0.0
2020-06-05,0.0967078981622175,0.0,0.0,0.0015187907204188,0.0012908639106719,0.0015187907204188,0.0,4.4628859900185515e-05,4.4628859900185515e-05
2020-06-05,0.1722506415163536,0.0,0.0,0.0015187907204188,0.0012908639106719,0.0015187907204188,0.0,0.0,0.0
2020-06-06,0.1206701011103015,0.0,0.0,0.0015187907204188,0.0012908639106719,0.0015187907204188,0.0,0.0,0.0
2020-06-06,0.0234516905814786,0.0,0.0,0.0015187907204188,0.0012908639106719,0.0015187907204188,0.0,0.0,0.0
2020-06-06,0.1959963137884405,0.0,0.0,0.0015187907204188,0.0012908639106719,0.0015187907204188,0.0,1.5187907204188e-05,1.5187907204188e-05
2020-06-06,0.2239722549966323,0.0,0.0,0.0015187907204188,0.0012908639106719,0.0015187907204188,0.0,0.000288570236879572,0.000288570236879572
2020-06-06,0.0943766296465625,0.0,0.0,0.0015187907204188,0.0012908639106719,0.0015187907204188,0.0,3.6704109076788515e-05,3.6704109076788515e-05
2020-06-06,0.345579400758974,0.0,0.0,0.0015187907204188,0.0012908639106719,0.0015187907204188,0.0,0.0,0.0
2020-06-06,0.0617648589711501,0.0,0.0,0.0015187907204188,0.0012908639106719,0.0015187907204188,0.0,0.0,0.0
2020-06-06,0.0090908300164795,0.0,0.0,0.0015187907204188,0.0012908639106719,0.0015187907204188,0.0,0.0,0.0
2020-06-06,0.2602546364847902,0.0,0.0,0.0015187907204188,0.0012908639106719,0.0015187907204188,0.0,0.0005319219318557743,0.0005319219318557743
2020-06-06,0.0678592938989396,0.0,0.0,0.0015187907204188,0.0012908639106719,0.0015187907204188,0.0,0.0,0.0
2020-06-06,0.3395884139014031,0.0,0.0,0.0015187907204188,0.0012908639106719,0.0015187907204188,0.0,0.0,0.0
2020-06-07,0.0161305787475273,0.0,0.0,0.0015187907204188,0.0012908639106719,0.0015187907204188,0.0,0.0,0.0
2020-06-07,0.0144074747095077,0.0,0.0,0.0015187907204188,0.0012908639106719,0.0015187907204188,0.0,0.0,0.0
2020-06-07,0.0132861880960451,0.0,0.0,0.0015187907204188,0.0012908639106719,0.0015187907204188,0.0,0.0,0.0
2020-06-07,0.0028563038735923,0.0,0.0,0.0015187907204188,0.0012908639106719,0.0015187907204188,0.0,3.0030634699191e-05,3.0030634699191e-05
2020-06-07,0.0170321189793262,0.0,0.0,0.0015187907204188,0.0012908639106719,0.0015187907204188,0.0,0.0,0.0
2020-06-07,0.1099152547586007,0.0,0.0,0.0015187907204188,0.0012908639106719,0.0015187907204188,0.0,7.924750823396998e-06,7.924750823396998e-06
2020-06-07,0.0085454634396271,0.0,0.0,0.0015187907204188,0.0012908639106719,0.0015187907204188,0.0,0.0,0.0
2020-06-07,0.002354012806995,0.0,0.0,0.0015187907204188,0.0012908639106719,0.0015187907204188,0.0,0.0,0.0
2020-06-07,0.0157983929787342,0.0,0.0,0.0015187907204188,0.0012908639106719,0.0015187907204188,0.0,0.0,0.0
2020-06-07,0.0717390624255292,0.0,0.0,0.0015187907204188,0.0012908639106719,0.0015187907204188,0.0,0.0011103280645486083,0.0011103280645486083
2020-06-07,0.0228362160488885,0.0,0.0,0.0015187907204188,0.0012908639106719,0.0015187907204188,0.0,0.0,0.0
2020-06-08,0.0,0.0,0.0,0.0015187907204188,0.0012908639106719,0.0015187907204188,0.0,0.0,0.0
2020-06-08,7.662156382237984e-07,0.0,0.0,0.0015187907204188,0.0012908639106719,0.0015187907204188,0.0,0.0,0.0
2020-06-08,0.0,0.0,0.0,0.0015187907204188,0.0012908639106719,0.0015187907204188,0.0,0.0,0.0
2020-06-08,0.0183314922786463,0.0,0.0,0.0015187907204188,0.0012908639106719,0.0015187907204188,0.0,0.0,0.0
2020-06-08,0.0005839408534643,0.0,0.0,0.0015187907204188,0.0012908639106719,0.0015187907204188,0.0,0.0,0.0
2020-06-08,0.0047972140385083,0.0,0.0,0.0015187907204188,0.0012908639106719,0.0015187907204188,0.0,0.0,0.0
2020-06-08,0.0,0.0,0.0,0.0015187907204188,0.0012908639106719,0.0015187907204188,0.0,0.0,0.0
2020-06-08,0.0019724882219396,0.0,0.0,0.0015187907204188,0.0012908639106719,0.0015187907204188,0.0,0.0,0.0
2020-06-08,0.0314846799188626,0.0,0.0,0.0015187907204188,0.0012908639106719,0.0015187907204188,0.0,0.0,0.0
2020-06-08,0.0007904009814267,0.0,0.0,0.0015187907204188,0.0012908639106719,0.0015187907204188,0.0,0.0,0.0
2020-06-08,0.1150183246984204,0.0,0.0,0.0015187907204188,0.0012908639106719,0.0015187907204188,0.0,0.0,0.0
2020-06-09,0.0,0.0,0.0,0.0015187907204188,0.0012908639106719,0.0015187907204188,0.0,0.0,0.0
2020-06-09,0.0019763988136369,0.0,0.0,0.0015187907204188,0.0012908639106719,0.0015187907204188,0.0,0.0,0.0
2020-06-09,0.0024727169162889,0.0,0.0,0.0015187907204188,0.0012908639106719,0.0015187907204188,0.0,6.673474377597999e-06,6.673474377597999e-06
2020-06-09,0.0010924521450728,0.0,0.0,0.0015187907204188,0.0012908639106719,0.0015187907204188,0.0,0.0,0.0
2020-06-09,0.0476005823723027,0.0,0.0,0.0015187907204188,0.0012908639106719,0.0015187907204188,0.0,0.0,0.0
2020-06-09,0.0166318260763747,0.0,0.0,0.0015187907204188,0.0012908639106719,0.0015187907204188,0.0,0.0,0.0
2020-06-09,0.0164845734581189,0.0,0.0,0.0015187907204188,0.0012908639106719,0.0015187907204188,0.0,0.0,0.0
2020-06-09,0.001547765725917,0.0,0.0,0.0015187907204188,0.0012908639106719,0.0015187907204188,0.0,0.0,0.0
2020-06-09,0.0249094644744761,0.0,0.0,0.0015187907204188,0.0012908639106719,0.0015187907204188,0.0,0.0,0.0
2020-06-09,0.0103769872140591,0.0,0.0,0.0015187907204188,0.0012908639106719,0.0015187907204188,0.0,0.0,0.0
2020-06-09,0.0764183324287312,0.0,0.0,0.0015187907204188,0.0012908639106719,0.0015187907204188,0.0,0.0007115448230234877,0.0007115448230234877
2020-06-10,0.0017927859540113,0.0,0.0,0.0046829380546247,0.0061316035756924,0.0015187907204188,0.0031641473342059,0.0021199787139179493,0.0010441686202879506
2020-06-10,0.0,0.0,0.0,0.0046829380546247,0.0061316035756924,0.0046829380546247,0.0,0.0,0.0
2020-06-10,0.0080611161594204,0.0,0.0,0.0046829380546247,0.0061316035756924,0.0046829380546247,0.0,0.0,0.0
2020-06-10,0.0118156954408468,0.0,0.0,0.0046829380546247,0.0061316035756924,0.0046829380546247,0.0,0.0,0.0
2020-06-10,0.0436438015268221,0.0,0.0,0.0046829380546247,0.0061316035756924,0.0046829380546247,0.0,3.095111392368535e-05,3.095111392368535e-05
2020-06-10,0.0237438889126424,0.0,0.0,0.0046829380546247,0.0061316035756924,0.0046829380546247,0.0,0.0,0.0
2020-06-10,0.0013329672040974,0.0,0.0,0.0046829380546247,0.0061316035756924,0.0046829380546247,0.0,0.0,0.0
2020-06-10,0.0,0.0,0.0,0.0046829380546247,0.0061316035756924,0.0046829380546247,0.0,0.0,0.0
2020-06-10,0.0014444797982567,0.0,0.0,0.0046829380546247,0.0061316035756924,0.0046829380546247,0.0,0.0001403443167599141,0.0001403443167599141
2020-06-10,0.0,0.0,0.0,0.0046829380546247,0.0061316035756924,0.0046829380546247,0.0,0.0,0.0
2020-06-10,0.0,0.0,0.0,0.0046829380546247,0.0061316035756924,0.0046829380546247,0.0,0.0,0.0
2020-06-11,0.0514561765122749,0.0,0.0,0.0046829380546247,0.0061316035756924,0.0046829380546247,0.0,0.0,0.0
2020-06-11,0.0102084741242767,0.0,0.0,0.0046829380546247,0.0061316035756924,0.0046829380546247,0.0,0.0,0.0
2020-06-11,0.0281641174633128,0.0,0.0,0.0046829380546247,0.0061316035756924,0.0046829380546247,0.0,0.0,0.0
2020-06-11,0.0429131707614816,0.0,0.0,0.0046829380546247,0.0061316035756924,0.0046829380546247,0.0,3.269139495749949e-05,3.269139495749949e-05
2020-06-11,0.0101206050813481,0.0,0.0,0.0046829380546247,0.0061316035756924,0.0046829380546247,0.0,0.0,0.0
2020-06-11,0.0160623160000412,0.0,0.0,0.0046829380546247,0.0061316035756924,0.0046829380546247,0.0,0.0,0.0
2020-06-11,0.0144999090560174,0.0,0.0,0.0046829380546247,0.0061316035756924,0.0046829380546247,0.0,0.0,0.0
2020-06-11,0.0213998822706988,0.0,0.0,0.0046829380546247,0.0061316035756924,0.0046829380546247,0.0,0.0,0.0
2020-06-11,0.0091411299265325,0.0,0.0,0.0046829380546247,0.0061316035756924,0.0046829380546247,0.0,0.0,0.0
2020-06-11,0.0177285045565968,0.0,0.0,0.0046829380546247,0.0061316035756924,0.0046829380546247,0.0,0.0,0.0
2020-06-11,0.0120029311737253,0.0,0.0,0.0046829380546247,0.0061316035756924,0.0046829380546247,0.0,0.0,0.0
2020-06-12,0.0,0.0,0.0,0.0046829380546247,0.0061316035756924,0.0046829380546247,0.0,0.0,0.0
2020-06-12,0.0,0.0,0.0,0.0046829380546247,0.0061316035756924,0.0046829380546247,0.0,0.0,0.0
2020-06-12,0.0023417125416391,0.0,0.0,0.0046829380546247,0.0061316035756924,0.0046829380546247,0.0,3.1641473342059e-05,3.1641473342059e-05
2020-06-12,0.0,0.0,0.0,0.0046829380546247,0.0061316035756924,0.0046829380546247,0.0,0.0,0.0
2020-06-12,0.0,0.0,0.0,0.0046829380546247,0.0061316035756924,0.0046829380546247,0.0,0.0,0.0
2020-06-12,0.0,0.0,0.0,0.0046829380546247,0.0061316035756924,0.0046829380546247,0.0,0.0,0.0
2020-06-12,0.0,0.0,0.0,0.0046829380546247,0.0061316035756924,0.0046829380546247,0.0,0.0,0.0
2020-06-12,0.0,0.0,0.0,0.0046829380546247,0.0061316035756924,0.0046829380546247,0.0,0.0,0.0
2020-06-12,3.17414517631579e-05,0.0,0.0,0.0046829380546247,0.0061316035756924,0.0046829380546247,0.0,0.0007938701836643696,0.0007938701836643696
2020-06-12,0.0,0.0,0.0,0.0046829380546247,0.0061316035756924,0.0046829380546247,0.0,0.0,0.0
2020-06-12,0.0,0.0,0.0,0.0046829380546247,0.0061316035756924,0.0046829380546247,0.0,0.0,0.0
2020-06-13,0.0,0.0,0.0,0.0046829380546247,0.0061316035756924,0.0046829380546247,0.0,0.0,0.0
2020-06-13,0.0,0.0,0.0,0.0046829380546247,0.0061316035756924,0.0046829380546247,0.0,0.0,0.0
2020-06-13,0.0007762365014974,0.0,0.0,0.0046829380546247,0.0061316035756924,0.0046829380546247,0.0,0.0,0.0
2020-06-13,0.0008762053713486,0.0,0.0,0.0046829380546247,0.0061316035756924,0.0046829380546247,0.0,0.0,0.0
2020-06-13,0.0112818123643496,0.0,0.0,0.0046829380546247,0.0061316035756924,0.0046829380546247,0.0,0.0,0.0
2020-06-13,0.0001208335924913,0.0,0.0,0.0046829380546247,0.0061316035756924,0.0046829380546247,0.0,0.0,0.0
2020-06-13,0.01583304156294,0.0,0.0,0.0046829380546247,0.0061316035756924,0.0046829380546247,0.0,0.0,0.0
2020-06-13,0.0,0.0,0.0,0.0046829380546247,0.0061316035756924,0.0046829380546247,0.0,0.0,0.0
2020-06-13,0.0,0.0,0.0,0.0046829380546247,0.0061316035756924,0.0046829380546247,0.0,0.0,0.0
2020-06-13,0.0035217838598638,0.0,0.0,0.0046829380546247,0.0061316035756924,0.0046829380546247,0.0,0.0,0.0
2020-06-13,0.0207187970209599,0.0,0.0,0.0046829380546247,0.0061316035756924,0.0046829380546247,0.0,0.0,0.0
2020-06-14,0.0001653500204469,0.0,0.0,0.0046829380546247,0.0061316035756924,0.0046829380546247,0.0,0.0,0.0
2020-06-14,0.0126540625199898,0.0,0.0,0.0046829380546247,0.0061316035756924,0.0046829380546247,0.0,0.0,0.0
2020-06-14,0.0077242291359446,0.0,0.0,0.0046829380546247,0.0061316035756924,0.0046829380546247,0.0,0.0,0.0
2020-06-14,0.0027667897925209,0.0,0.0,0.0046829380546247,0.0061316035756924,0.0046829380546247,0.0,2.3357160321592997e-05,2.3357160321592997e-05
2020-06-14,0.085757071529865,0.0,0.0,0.0046829380546247,0.0061316035756924,0.0046829380546247,0.0,9.217736484056752e-05,9.217736484056752e-05
2020-06-14,0.0045029644556581,0.0,0.0,0.0046829380546247,0.0061316035756924,0.0046829380546247,0.0,0.0,0.0
2020-06-14,0.009273197566996,0.0,0.0,0.0046829380546247,0.0061316035756924,0.0046829380546247,0.0,0.0,0.0
2020-06-14,0.0053030561121019,0.0,0.0,0.0046829380546247,0.0061316035756924,0.0046829380546247,0.0,0.0,0.0
2020-06-14,0.0049151752316784,0.0,0.0,0.0046829380546247,0.0061316035756924,0.0046829380546247,0.0,0.0,0.0
2020-06-14,0.0547003464488132,0.0,0.0,0.0046829380546247,0.0061316035756924,0.0046829380546247,0.0,0.0,0.0
2020-06-14,0.0092760026019502,0.0,0.0,0.0046829380546247,0.0061316035756924,0.0046829380546247,0.0,0.0,0.0
2020-06-15,0.0007123860380686,0.0,0.0,0.0046829380546247,0.0061316035756924,0.0046829380546247,0.0,0.0,0.0
2020-06-15,0.0,0.0,0.0,0.0046829380546247,0.0061316035756924,0.0046829380546247,0.0,0.0,0.0
2020-06-15,0.0,0.0,0.0,0.0046829380546247,0.0061316035756924,0.0046829380546247,0.0,0.0,0.0
2020-06-15,0.0,0.0,0.0,0.0046829380546247,0.0061316035756924,0.0046829380546247,0.0,0.0,0.0
2020-06-15,0.0,0.0,0.0,0.0046829380546247,0.0061316035756924,0.0046829380546247,0.0,0.0,0.0
2020-06-15,0.0060564246246452,0.0,0.0,0.0046829380546247,0.0061316035756924,0.0046829380546247,0.0,0.0,0.0
2020-06-15,0.0034263940675869,0.0,0.0,0.0046829380546247,0.0061316035756924,0.0046829380546247,0.0,0.00012665218829552988,0.00012665218829552988
2020-06-15,0.0,0.0,0.0,0.0046829380546247,0.0061316035756924,0.0046829380546247,0.0,0.0,0.0
2020-06-15,0.0016562616963133,0.0,0.0,0.0046829380546247,0.0061316035756924,0.0046829380546247,0.0,0.00036387694343367847,0.00036387694343367847
2020-06-15,0.0004207459859294,0.0,0.0,0.0046829380546247,0.0061316035756924,0.0046829380546247,0.0,0.0,0.0
2020-06-15,0.0,0.0,0.0,0.0046829380546247,0.0061316035756924,0.0046829380546247,0.0,0.0,0.0
2020-06-16,0.0024902639252156,0.0,0.0,0.0046829380546247,0.0061316035756924,0.0046829380546247,0.0,3.1641473342059e-05,3.1641473342059e-05
2020-06-16,0.0063572841888116,0.0,0.0,0.0046829380546247,0.0061316035756924,0.0046829380546247,0.0,0.0,0.0
2020-06-16,0.0065460947929651,0.0,0.0,0.0046829380546247,0.0061316035756924,0.0046829380546247,0.0,0.0003332134792676433,0.0003332134792676433
2020-06-16,0.0,0.0,0.0,0.0046829380546247,0.0061316035756924,0.0046829380546247,0.0,0.0,0.0
2020-06-16,0.0,0.0,0.0,0.0046829380546247,0.0061316035756924,0.0046829380546247,0.0,0.0,0.0
2020-06-16,0.0,0.0,0.0,0.0046829380546247,0.0061316035756924,0.0046829380546247,0.0,0.0,0.0
2020-06-16,0.011896189375026,0.0,0.0,0.0046829380546247,0.0061316035756924,0.0046829380546247,0.0,0.0,0.0
2020-06-16,0.004544973644181,0.0,0.0,0.0046829380546247,0.0061316035756924,0.0046829380546247,0.0,0.0,0.0
2020-06-16,1.383862958611144e-05,0.0,0.0,0.0046829380546247,0.0061316035756924,0.0046829380546247,0.0,0.0009640006328294681,0.0009640006328294681
2020-06-16,0.0560552229480882,0.0,0.0,0.0046829380546247,0.0061316035756924,0.0046829380546247,0.0,5.430827424527801e-05,5.430827424527801e-05
2020-06-16,0.0105982749115231,0.0,0.0,0.0046829380546247,0.0061316035756924,0.0046829380546247,0.0,0.0,0.0
2020-06-17,0.0,0.0,0.0,0.0368997109119935,0.0535708522928963,0.0046829380546247,0.0322167728573688,0.0026807962716479724,0.029535976585720825
2020-06-17,0.0,0.0,0.0,0.0368997109119935,0.0535708522928963,0.0368997109119935,0.0,0.0026807962716479724,0.0026807962716479724
2020-06-17,0.0419219734912578,0.0,0.0,0.0368997109119935,0.0535708522928963,0.0368997109119935,0.0,0.00019614836974499693,0.00019614836974499693
2020-06-17,0.0,0.0,0.0,0.0368997109119935,0.0535708522928963,0.0368997109119935,0.0,0.0026807962716479724,0.0026807962716479724
2020-06-17,0.0004188314605043,0.0,0.0,0.0368997109119935,0.0535708522928963,0.0368997109119935,0.0,0.00023954184433984174,0.00023954184433984174
2020-06-17,0.0,0.0,0.0,0.0368997109119935,0.0535708522928963,0.0368997109119935,0.0,0.0026807962716479724,0.0026807962716479724
2020-06-17,0.0,0.0,0.0,0.0368997109119935,0.0535708522928963,0.0368997109119935,0.0,0.0026807962716479724,0.0026807962716479724
2020-06-17,0.0,0.0,0.0,0.0368997109119935,0.0535708522928963,0.0368997109119935,0.0,0.0026807962716479724,0.0026807962716479724
2020-06-17,0.0010415485942405,0.0,0.0,0.0368997109119935,0.0535708522928963,0.0368997109119935,0.0,2.4782132967206765e-05,2.4782132967206765e-05
2020-06-17,0.0,0.0,0.0,0.0368997109119935,0.0535708522928963,0.0368997109119935,0.0,0.0026807962716479724,0.0026807962716479724
2020-06-17,0.0,0.0,0.0,0.0368997109119935,0.0535708522928963,0.0368997109119935,0.0,0.0026807962716479724,0.0026807962716479724
2020-06-18,0.0176436979613003,0.0,0.0,0.0368997109119935,0.0535708522928963,0.0368997109119935,0.0,0.0,0.0
2020-06-18,0.0008435792386617,0.0,0.0,0.0368997109119935,0.0535708522928963,0.0368997109119935,0.0,2.4782132967206765e-05,2.4782132967206765e-05
2020-06-18,0.0071556457780465,0.0,0.0,0.0368997109119935,0.0535708522928963,0.0368997109119935,0.0,8.918580736095749e-05,8.918580736095749e-05
2020-06-18,0.0168657825829538,0.0,0.0,0.0368997109119935,0.0535708522928963,0.0368997109119935,0.0,0.0,0.0
2020-06-18,0.0,0.0,0.0,0.0368997109119935,0.0535708522928963,0.0368997109119935,0.0,0.0026807962716479724,0.0026807962716479724
2020-06-18,0.0,0.0,0.0,0.0368997109119935,0.0535708522928963,0.0368997109119935,0.0,0.0026807962716479724,0.0026807962716479724
2020-06-18,0.0001743433646987,0.0,0.0,0.0368997109119935,0.0535708522928963,0.0368997109119935,0.0,0.0005941248173985579,0.0005941248173985579
2020-06-18,0.0048209244472709,0.0,0.0,0.0368997109119935,0.0535708522928963,0.0368997109119935,0.0,5.147492413237656e-05,5.147492413237656e-05
2020-06-18,0.0509304549143198,0.0,0.0,0.0368997109119935,0.0535708522928963,0.0368997109119935,0.0,0.0,0.0
2020-06-18,0.0,0.0,0.0,0.0368997109119935,0.0535708522928963,0.0368997109119935,0.0,0.0026807962716479724,0.0026807962716479724
2020-06-18,0.0,0.0,0.0,0.0368997109119935,0.0535708522928963,0.0368997109119935,0.0,0.0026807962716479724,0.0026807962716479724
2020-06-19,0.0037354445216467,0.0,0.0,0.0403313725208186,0.0587343079355839,0.0368997109119935,0.003431661608825104,0.0021808022551741135,0.0012508593536509904
2020-06-19,0.0007845451411442,0.0,0.0,0.0403313725208186,0.0587343079355839,0.0403313725208186,0.0,0.0,0.0
2020-06-19,0.0010184562859687,0.0,0.0,0.0403313725208186,0.0587343079355839,0.0403313725208186,0.0,0.0,0.0
2020-06-19,0.0026422577188832,0.0,0.0,0.0403313725208186,0.0587343079355839,0.0403313725208186,0.0,0.0002687224036013753,0.0002687224036013753
2020-06-19,0.0462109949182727,0.0,0.0,0.0403313725208186,0.0587343079355839,0.0403313725208186,0.0,0.00039229673948999386,0.00039229673948999386
2020-06-19,0.0001057249679383,0.0,0.0,0.0403313725208186,0.0587343079355839,0.0403313725208186,0.0,2.5814721840840384e-05,2.5814721840840384e-05
2020-06-19,0.0054059533269415,0.0,0.0,0.0403313725208186,0.0587343079355839,0.0403313725208186,0.0,0.0003791799105409264,0.0003791799105409264
2020-06-19,0.0012438636744831,0.0,0.0,0.0403313725208186,0.0587343079355839,0.0403313725208186,0.0,0.0,0.0
2020-06-19,0.104883479857202,0.0,0.0,0.0403313725208186,0.0587343079355839,0.0403313725208186,0.0,0.00013180111895755252,0.00013180111895755252
2020-06-19,0.0238844105948409,0.0,0.0,0.0403313725208186,0.0587343079355839,0.0403313725208186,0.0,3.431661608825104e-05,3.431661608825104e-05
2020-06-19,0.0120231310626836,0.0,0.0,0.0403313725208186,0.0587343079355839,0.0403313725208186,0.0,8.57915402206276e-05,8.57915402206276e-05
2020-06-20,0.044237328408732,0.0,0.0,0.0468696515123185,0.0684157872656268,0.0403313725208186,0.006538278991499898,0.0039848696227473175,0.00255340936875258
2020-06-20,0.1383975630471675,0.0,0.0,0.0468696515123185,0.0684157872656268,0.0468696515123185,0.0,0.0,0.0
2020-06-20,0.0372469832645097,0.0,0.0,0.0468696515123185,0.0684157872656268,0.0468696515123185,0.0,0.0006871808885500958,0.0006871808885500958
2020-06-20,0.005518675110745,0.0,0.0,0.0468696515123185,0.0684157872656268,0.0468696515123185,0.0,8.748867379079254e-05,8.748867379079254e-05
2020-06-20,0.0127335885330094,0.0,0.0,0.0468696515123185,0.0684157872656268,0.0468696515123185,0.0,0.0,0.0
2020-06-20,0.0176769357845027,0.0,0.0,0.0468696515123185,0.0684157872656268,0.0468696515123185,0.0,0.0,0.0
2020-06-20,0.0028479062694527,0.0,0.0,0.0468696515123185,0.0684157872656268,0.0468696515123185,0.0,4.566439902774354e-05,4.566439902774354e-05
2020-06-20,0.1090413715870988,0.0,0.0,0.0468696515123185,0.0684157872656268,0.0468696515123185,0.0,0.0001166995066806642,0.0001166995066806642
2020-06-20,0.0704250279179239,0.0,0.0,0.0468696515123185,0.0684157872656268,0.0468696515123185,0.0,0.0014739461232003918,0.0014739461232003918
2020-06-20,0.0030575032603869,0.0,0.0,0.0468696515123185,0.0684157872656268,0.0468696515123185,0.0,6.282270707186906e-05,6.282270707186906e-05
2020-06-20,0.1152517787374797,0.0,0.0,0.0468696515123185,0.0684157872656268,0.0468696515123185,0.0,0.0,0.0
2020-06-21,0.0955549653969251,0.0,0.0,0.0542104733276762,0.0790654145286726,0.0468696515123185,0.007340821815357702,0.004808238289059286,0.002532583526298416
2020-06-21,0.0944249676122811,0.0,0.0,0.0542104733276762,0.0790654145286726,0.0542104733276762,0.0,0.00121123559953402,0.00121123559953402
2020-06-21,0.0208885719367176,0.0,0.0,0.0542104733276762,0.0790654145286726,0.0542104733276762,0.0,3.6704109076788515e-05,3.6704109076788515e-05
2020-06-21,0.0174648419293515,0.0,0.0,0.0542104733276762,0.0790654145286726,0.0542104733276762,0.0,0.0,0.0
2020-06-21,0.0259068780044707,0.0,0.0,0.0542104733276762,0.0790654145286726,0.0542104733276762,0.0,3.6704109076788515e-05,3.6704109076788515e-05
2020-06-21,0.0550467646879932,0.0,0.0,0.0542104733276762,0.0790654145286726,0.0542104733276762,0.0,0.0006044959657121467,0.0006044959657121467
2020-06-21,0.0153767353303576,0.0,0.0,0.0542104733276762,0.0790654145286726,0.0542104733276762,0.0,0.0,0.0
2020-06-21,0.1220366267407091,0.0,0.0,0.0542104733276762,0.0790654145286726,0.0542104733276762,0.0,0.000235239971810326,0.000235239971810326
2020-06-21,0.0036710322313464,0.0,0.0,0.0542104733276762,0.0790654145286726,0.0542104733276762,0.0,0.0004076860015245444,0.0004076860015245444
2020-06-21,0.0018312457902059,0.0,0.0,0.0542104733276762,0.0790654145286726,0.0542104733276762,0.0,0.000444303815674026,0.000444303815674026
2020-06-21,0.1005240593274138,0.0,0.0,0.0542104733276762,0.0790654145286726,0.0542104733276762,0.0,0.0009701563376432947,0.0009701563376432947
2020-06-22,0.0073034136390517,0.0,0.0,0.0614132232593594,0.0897150417917167,0.0542104733276762,0.007202749931683197,0.0043406492255030436,0.0028621007061801537
2020-06-22,0.0,0.0,0.0,0.0614132232593594,0.0897150417917167,0.0614132232593594,0.0,0.0,0.0
2020-06-22,0.0,0.0,0.0,0.0614132232593594,0.0897150417917167,0.0614132232593594,0.0,0.0,0.0
2020-06-22,0.0047925585182532,0.0,0.0,0.0614132232593594,0.0897150417917167,0.0614132232593594,0.0,0.00021608249795049592,0.00021608249795049592
2020-06-22,0.0112963054374951,0.0,0.0,0.0614132232593594,0.0897150417917167,0.0614132232593594,0.0,0.0007202749931683197,0.0007202749931683197
2020-06-22,0.0776142103730856,0.0,0.0,0.0614132232593594,0.0897150417917167,0.0614132232593594,0.0,0.00025623840411914705,0.00025623840411914705
2020-06-22,0.0,0.0,0.0,0.0614132232593594,0.0897150417917167,0.0614132232593594,0.0,0.0,0.0
2020-06-22,0.0343172234306067,0.0,0.0,0.0614132232593594,0.0897150417917167,0.0614132232593594,0.0,0.0007996807087690063,0.0007996807087690063
2020-06-22,0.0061088495010993,0.0,0.0,0.0614132232593594,0.0897150417917167,0.0614132232593594,0.0,0.0005762199945346558,0.0005762199945346558
2020-06-22,0.0,0.0,0.0,0.0614132232593594,0.0897150417917167,0.0614132232593594,0.0,0.0,0.0
2020-06-22,0.0018524111108684,0.0,0.0,0.0614132232593594,0.0897150417917167,0.0614132232593594,0.0,0.0005422917056192214,0.0005422917056192214
2020-06-23,0.0018433835999582,0.0,0.0,0.0636827798472579,0.0929422015683982,0.0614132232593594,0.0022695565878984997,0.0015931625652604925,0.0006763940226380072
2020-06-23,0.0,0.0,0.0,0.0636827798472579,0.0929422015683982,0.0636827798472579,0.0,2.2695565878984996e-05,2.2695565878984996e-05
2020-06-23,0.0063260933241029,0.0,0.0,0.0636827798472579,0.0929422015683982,0.0636827798472579,0.0,7.005709847689348e-05,7.005709847689348e-05
2020-06-23,0.0105683158949754,0.0,0.0,0.0636827798472579,0.0929422015683982,0.0636827798472579,0.0,3.601374965841599e-05,3.601374965841599e-05
2020-06-23,0.0109177866985001,0.0,0.0,0.0636827798472579,0.0929422015683982,0.0636827798472579,0.0,3.601374965841599e-05,3.601374965841599e-05
2020-06-23,0.0294112842725426,0.0,0.0,0.0636827798472579,0.0929422015683982,0.0636827798472579,0.0,0.0023431373959067483,0.0023431373959067483
2020-06-23,0.0010531251883051,0.0,0.0,0.0636827798472579,0.0929422015683982,0.0636827798472579,0.0,0.0001475211782134025,0.0001475211782134025
2020-06-23,0.0381702528947872,0.0,0.0,0.0636827798472579,0.0929422015683982,0.0636827798472579,0.0,0.00016676494700053264,0.00016676494700053264
2020-06-23,0.0257397381549763,0.0,0.0,0.0636827798472579,0.0929422015683982,0.0636827798472579,0.0,0.0,0.0
2020-06-23,0.006098220629319,0.0,0.0,0.0636827798472579,0.0929422015683982,0.0636827798472579,0.0,9.275266435587848e-05,9.275266435587848e-05
2020-06-23,0.0003017605085388,0.0,0.0,0.0636827798472579,0.0929422015683982,0.0636827798472579,0.0,0.00011347782939492498,0.00011347782939492498
2020-06-24,0.0355255655866125,0.0,0.0,0.0703533777272792,0.1029463968761081,0.0636827798472579,0.006670597880021306,0.004502653569014395,0.002167944311006911
2020-06-24,0.0385708992556957,0.0,0.0,0.0703533777272792,0.1029463968761081,0.0703533777272792,0.0,0.0003001769046009588,0.0003001769046009588
2020-06-24,0.4988293053872638,0.0,0.0,0.0703533777272792,0.1029463968761081,0.0703533777272792,0.0,0.0,0.0
2020-06-24,0.5523697526054068,0.0,0.0,0.0703533777272792,0.1029463968761081,0.0703533777272792,0.0,0.0,0.0
2020-06-24,0.1584391265724763,0.0,0.0,0.0703533777272792,0.1029463968761081,0.0703533777272792,0.0,0.0,0.0
2020-06-24,0.146618704803509,0.0,0.0,0.0703533777272792,0.1029463968761081,0.0703533777272792,0.0,0.0,0.0
2020-06-24,0.1669224138938202,0.0,0.0,0.0703533777272792,0.1029463968761081,0.0703533777272792,0.0,0.00018208229659566477,0.00018208229659566477
2020-06-24,0.1200441464769832,0.0,0.0,0.0703533777272792,0.1029463968761081,0.0703533777272792,0.0,9.516892232018348e-05,9.516892232018348e-05
2020-06-24,0.0542610409163888,0.0,0.0,0.0703533777272792,0.1029463968761081,0.0703533777272792,0.0,0.00013208876871521205,0.00013208876871521205
2020-06-24,0.0807777842183287,0.0,0.0,0.0703533777272792,0.1029463968761081,0.0703533777272792,0.0,6.9395504034288e-05,6.9395504034288e-05
2020-06-24,0.0415436241693976,0.0,0.0,0.0703533777272792,0.1029463968761081,0.0703533777272792,0.0,0.0005610464698183475,0.0005610464698183475
2020-06-25,0.0718755213760149,0.0,0.0,0.0842324785341368,0.123277503469195,0.0703533777272792,0.0138791008068576,0.008535646996217403,0.005343453810640197
2020-06-25,0.2162817896298074,0.0,0.0,0.0842324785341368,0.123277503469195,0.0842324785341368,0.0,6.0751628816752e-05,6.0751628816752e-05
2020-06-25,0.2191409794829243,0.0,0.0,0.0842324785341368,0.123277503469195,0.0842324785341368,0.0,7.593953602094e-06,7.593953602094e-06
2020-06-25,0.0458411154991094,0.0,0.0,0.0842324785341368,0.123277503469195,0.0842324785341368,0.0,9.253692703763798e-05,9.253692703763798e-05
2020-06-25,0.2496242828077402,0.0,0.0,0.0842324785341368,0.123277503469195,0.0842324785341368,0.0,7.490399689338289e-05,7.490399689338289e-05
2020-06-25,0.0189013911721489,0.0,0.0,0.0842324785341368,0.123277503469195,0.0842324785341368,0.0,0.0,0.0
2020-06-25,0.0485126443994824,0.0,0.0,0.0842324785341368,0.123277503469195,0.0842324785341368,0.0,2.7154137122639006e-05,2.7154137122639006e-05
2020-06-25,0.0857707326031385,0.0,0.0,0.0842324785341368,0.123277503469195,0.0842324785341368,0.0,3.848753757424911e-05,3.848753757424911e-05
2020-06-25,0.0140226546667689,0.0,0.0,0.0842324785341368,0.123277503469195,0.0842324785341368,0.0,0.0,0.0
2020-06-25,0.0120039881040985,0.0,0.0,0.0842324785341368,0.123277503469195,0.0842324785341368,0.0,0.0,0.0
2020-06-25,0.1157768798498369,0.0,0.0,0.0842324785341368,0.123277503469195,0.0842324785341368,0.0,0.0,0.0
2020-06-26,0.0008069301608288,0.0,0.0,0.0842324785341368,0.123277503469195,0.0842324785341368,0.0,0.0,0.0
2020-06-26,0.0076741548421111,0.0,0.0,0.0842324785341368,0.123277503469195,0.0842324785341368,0.0,0.00010804124897524796,0.00010804124897524796
2020-06-26,0.0,0.0,0.0,0.0842324785341368,0.123277503469195,0.0842324785341368,0.0,0.0,0.0
2020-06-26,0.0058370780763637,0.0,0.0,0.0842324785341368,0.123277503469195,0.0842324785341368,0.0,0.0,0.0
2020-06-26,0.0242165503012542,0.0,0.0,0.0842324785341368,0.123277503469195,0.0842324785341368,0.0,0.0,0.0
2020-06-26,0.0003069802109585,0.0,0.0,0.0842324785341368,0.123277503469195,0.0842324785341368,0.0,0.0,0.0
2020-06-26,0.0086207435148989,0.0,0.0,0.0842324785341368,0.123277503469195,0.0842324785341368,0.0,0.0,0.0
2020-06-26,0.0034235954575148,0.0,0.0,0.0842324785341368,0.123277503469195,0.0842324785341368,0.0,0.00041399991370506714,0.00041399991370506714
2020-06-26,0.0083639343436784,0.0,0.0,0.0842324785341368,0.123277503469195,0.0842324785341368,0.0,0.0,0.0
2020-06-26,0.0,0.0,0.0,0.0842324785341368,0.123277503469195,0.0842324785341368,0.0,0.0,0.0
2020-06-26,0.0,0.0,0.0,0.0842324785341368,0.123277503469195,0.0842324785341368,0.0,0.0,0.0
2020-06-27,0.0006765718073291,0.0,0.0,0.0842324785341368,0.123277503469195,0.0842324785341368,0.0,0.0,0.0
2020-06-27,0.0005433220780002,0.0,0.0,0.0842324785341368,0.123277503469195,0.0842324785341368,0.0,0.0,0.0
2020-06-27,0.0017829124605392,0.0,0.0,0.0842324785341368,0.123277503469195,0.0842324785341368,0.0,0.00024004372276316096,0.00024004372276316096
2020-06-27,0.0001692394443191,0.0,0.0,0.0842324785341368,0.123277503469195,0.0842324785341368,0.0,0.0,0.0
2020-06-27,0.0048320530287909,0.0,0.0,0.0842324785341368,0.123277503469195,0.0842324785341368,0.0,0.0,0.0
2020-06-27,0.0646875523440623,0.0,0.0,0.0842324785341368,0.123277503469195,0.0842324785341368,0.0,0.0007633505443771679,0.0007633505443771679
2020-06-27,0.0466951920261771,0.0,0.0,0.0842324785341368,0.123277503469195,0.0842324785341368,0.0,2.7154137122639006e-05,2.7154137122639006e-05
2020-06-27,0.0266863793001191,0.0,0.0,0.0842324785341368,0.123277503469195,0.0842324785341368,0.0,0.0,0.0
2020-06-27,8.351318155987485e-06,0.0,0.0,0.0842324785341368,0.123277503469195,0.0842324785341368,0.0,0.0,0.0
2020-06-27,0.137499603278437,0.0,0.0,0.0842324785341368,0.123277503469195,0.0842324785341368,0.0,0.0,0.0
2020-06-27,0.0305704047359489,0.0,0.0,0.0842324785341368,0.123277503469195,0.0842324785341368,0.0,0.0,0.0
2020-06-28,0.0,0.0,0.0,0.0842324785341368,0.123277503469195,0.0842324785341368,0.0,0.0,0.0
2020-06-28,0.0,0.0,0.0,0.0842324785341368,0.123277503469195,0.0842324785341368,0.0,0.0,0.0
2020-06-28,0.0,0.0,0.0,0.0842324785341368,0.123277503469195,0.0842324785341368,0.0,0.0,0.0
2020-06-28,0.0,0.0,0.0,0.0842324785341368,0.123277503469195,0.0842324785341368,0.0,0.0,0.0
2020-06-28,0.0,0.0,0.0,0.0842324785341368,0.123277503469195,0.0842324785341368,0.0,0.0,0.0
2020-06-28,0.0002423824487716,0.0,0.0,0.0842324785341368,0.123277503469195,0.0842324785341368,0.0,0.0,0.0
2020-06-28,0.0,0.0,0.0,0.0842324785341368,0.123277503469195,0.0842324785341368,0.0,0.0,0.0
2020-06-28,0.0,0.0,0.0,0.0842324785341368,0.123277503469195,0.0842324785341368,0.0,0.0,0.0
2020-06-28,0.0,0.0,0.0,0.0842324785341368,0.123277503469195,0.0842324785341368,0.0,0.0,0.0
2020-06-28,0.0,0.0,0.0,0.0842324785341368,0.123277503469195,0.0842324785341368,0.0,0.0,0.0
2020-06-28,0.0,0.0,0.0,0.0842324785341368,0.123277503469195,0.0842324785341368,0.0,0.0,0.0
2020-06-29,0.0347956358340463,0.0,0.0,0.0842324785341368,0.123277503469195,0.0842324785341368,0.0,0.0001579916293920537,0.0001579916293920537
2020-06-29,0.0398790304295746,0.0,0.0,0.0842324785341368,0.123277503469195,0.0842324785341368,0.0,6.670597880021306e-05,6.670597880021306e-05
2020-06-29,0.0795347499350066,0.0,0.0,0.0842324785341368,0.123277503469195,0.0842324785341368,0.0,0.000138791008068576,0.000138791008068576
2020-06-29,0.0807821911358951,0.0,0.0,0.0842324785341368,0.123277503469195,0.0842324785341368,0.0,0.000138791008068576,0.000138791008068576
2020-06-29,0.1218860428285366,0.0,0.0,0.0842324785341368,0.123277503469195,0.0842324785341368,0.0,9.516892232018348e-05,9.516892232018348e-05
2020-06-29,0.0066467107423576,0.0,0.0,0.0842324785341368,0.123277503469195,0.0842324785341368,0.0,0.0,0.0
2020-06-29,0.094301940869141,0.0,0.0,0.0842324785341368,0.123277503469195,0.0842324785341368,0.0,3.6704109076788515e-05,3.6704109076788515e-05
2020-06-29,0.0214734792206497,0.0,0.0,0.0842324785341368,0.123277503469195,0.0842324785341368,0.0,0.0,0.0
2020-06-29,0.0051546047688591,0.0,0.0,0.0842324785341368,0.123277503469195,0.0842324785341368,0.0,0.0,0.0
2020-06-29,0.0314029735602378,0.0,0.0,0.0842324785341368,0.123277503469195,0.0842324785341368,0.0,0.0,0.0
2020-06-29,0.159749114865235,0.0,0.0,0.0842324785341368,0.123277503469195,0.0842324785341368,0.0,0.0,0.0
2020-06-30,0.0040512809481088,0.0,0.0,0.0842324785341368,0.123277503469195,0.0842324785341368,0.0,0.0,0.0
2020-06-30,0.0335352688287586,0.0,0.0,0.0842324785341368,0.123277503469195,0.0842324785341368,0.0,8.689899178760119e-05,8.689899178760119e-05
2020-06-30,0.0034658109577971,0.0,0.0,0.0842324785341368,0.123277503469195,0.0842324785341368,0.0,0.000540652102000597,0.000540652102000597
2020-06-30,0.0503399860228732,0.0,0.0,0.0842324785341368,0.123277503469195,0.0842324785341368,0.0,0.00012095672309395983,0.00012095672309395983
2020-06-30,0.0213201122910424,0.0,0.0,0.0842324785341368,0.123277503469195,0.0842324785341368,0.0,0.0,0.0
2020-06-30,0.0005819749886101,0.0,0.0,0.0842324785341368,0.123277503469195,0.0842324785341368,0.0,0.0,0.0
2020-06-30,0.0087644101694332,0.0,0.0,0.0842324785341368,0.123277503469195,0.0842324785341368,0.0,0.0,0.0
2020-06-30,5.00986517392063e-05,0.0,0.0,0.0842324785341368,0.123277503469195,0.0842324785341368,0.0,0.0,0.0
2020-06-30,0.0056326759976428,0.0,0.0,0.0842324785341368,0.123277503469195,0.0842324785341368,0.0,0.0,0.0
2020-06-30,0.0296847215454799,0.0,0.0,0.0842324785341368,0.123277503469195,0.0842324785341368,0.0,0.006445828359389617,0.006445828359389617
2020-06-30,0.1309437737754159,0.0,0.0,0.0842324785341368,0.123277503469195,0.0842324785341368,0.0,0.00010343885285276688,0.00010343885285276688
2020-07-01,0.0,0.0,0.0,0.1502682333990134,0.2139606931939184,0.0842324785341368,0.0660357548648766,0.00770279382351523,0.058332961041361375
2020-07-01,0.0,0.0,0.0,0.1502682333990134,0.2139606931939184,0.1502682333990134,0.0,0.00770279382351523,0.00770279382351523
2020-07-01,0.0015963824957422,0.0,0.0,0.1502682333990134,0.2139606931939184,0.1502682333990134,0.0,0.0003764300073944256,0.0003764300073944256
2020-07-01,0.0,0.0,0.0,0.1502682333990134,0.2139606931939184,0.1502682333990134,0.0,0.00770279382351523,0.00770279382351523
2020-07-01,0.0,0.0,0.0,0.1502682333990134,0.2139606931939184,0.1502682333990134,0.0,0.00770279382351523,0.00770279382351523
2020-07-01,0.0,0.0,0.0,0.1502682333990134,0.2139606931939184,0.1502682333990134,0.0,0.00770279382351523,0.00770279382351523
2020-07-01,0.0,0.0,0.0,0.1502682333990134,0.2139606931939184,0.1502682333990134,0.0,0.00770279382351523,0.00770279382351523
2020-07-01,0.0,0.0,0.0,0.1502682333990134,0.2139606931939184,0.1502682333990134,0.0,0.00770279382351523,0.00770279382351523
2020-07-01,0.0,0.0,0.0,0.1502682333990134,0.2139606931939184,0.1502682333990134,0.0,0.00770279382351523,0.00770279382351523
2020-07-01,0.0061673267655632,0.0,0.0,0.1502682333990134,0.2139606931939184,0.1502682333990134,0.0,0.00017923990606180795,0.00017923990606180795
2020-07-01,0.0029076710146996,0.0,0.0,0.1502682333990134,0.2139606931939184,0.1502682333990134,0.0,0.00033515766060387774,0.00033515766060387774
2020-07-02,0.0587172372241577,0.0,0.0,0.1556990608235412,0.2204150127472797,0.1502682333990134,0.005430827424527801,0.00328565059183933,0.002145176832688471
2020-07-02,0.0005832658383567,0.0,0.0,0.1556990608235412,0.2204150127472797,0.1556990608235412,0.0,0.0,0.0
2020-07-02,0.0075353056416933,0.0,0.0,0.1556990608235412,0.2204150127472797,0.1556990608235412,0.0,6.316788678105499e-05,6.316788678105499e-05
2020-07-02,2.419096311138557e-05,0.0,0.0,0.1556990608235412,0.2204150127472797,0.1556990608235412,0.0,0.0006553750378913276,0.0006553750378913276
2020-07-02,0.1275955059909654,0.0,0.0,0.1556990608235412,0.2204150127472797,0.1556990608235412,0.0,0.0012287247047994387,0.0012287247047994387
2020-07-02,0.0029261319221113,0.0,0.0,0.1556990608235412,0.2204150127472797,0.1556990608235412,0.0,0.0005832098836456745,0.0005832098836456745
2020-07-02,0.0495687424895569,0.0,0.0,0.1556990608235412,0.2204150127472797,0.1556990608235412,0.0,0.0009546807806814303,0.0009546807806814303
2020-07-02,0.0025274859952022,0.0,0.0,0.1556990608235412,0.2204150127472797,0.1556990608235412,0.0,7.113578506810158e-05,7.113578506810158e-05
2020-07-02,0.0603855808889047,0.0,0.0,0.1556990608235412,0.2204150127472797,0.1556990608235412,0.0,0.0010861654849055602,0.0010861654849055602
2020-07-02,0.0001421386953335,0.0,0.0,0.1556990608235412,0.2204150127472797,0.1556990608235412,0.0,0.00014209814046500931,0.00014209814046500931
2020-07-02,0.0627802915078486,0.0,0.0,0.1556990608235412,0.2204150127472797,0.1556990608235412,0.0,0.0003530037825943071,0.0003530037825943071
2020-07-03,0.0,0.0,0.0,0.1625192365775432,0.2284829121889817,0.1556990608235412,0.006820175754001984,0.0013054440035890319,0.0055147317504129515
2020-07-03,0.0014822526639947,0.0,0.0,0.1625192365775432,0.2284829121889817,0.1625192365775432,0.0,0.0002449625336190664,0.0002449625336190664
2020-07-03,0.0009419378482121,0.0,0.0,0.1625192365775432,0.2284829121889817,0.1625192365775432,0.0,0.0,0.0
2020-07-03,0.037349735822607,0.0,0.0,0.1625192365775432,0.2284829121889817,0.1625192365775432,0.0,0.00010861654849055603,0.00010861654849055603
2020-07-03,0.0241569150822268,0.0,0.0,0.1625192365775432,0.2284829121889817,0.1625192365775432,0.0,2.7154137122639006e-05,2.7154137122639006e-05
2020-07-03,0.0,0.0,0.0,0.1625192365775432,0.2284829121889817,0.1625192365775432,0.0,0.0013054440035890319,0.0013054440035890319
2020-07-03,0.0,0.0,0.0,0.1625192365775432,0.2284829121889817,0.1625192365775432,0.0,0.0013054440035890319,0.0013054440035890319
2020-07-03,0.0002324578096603,0.0,0.0,0.1625192365775432,0.2284829121889817,0.1625192365775432,0.0,0.00011932058123431288,0.00011932058123431288
2020-07-03,0.0,0.0,0.0,0.1625192365775432,0.2284829121889817,0.1625192365775432,0.0,0.0013054440035890319,0.0013054440035890319
2020-07-03,0.0007755307781366,0.0,0.0,0.1625192365775432,0.2284829121889817,0.1625192365775432,0.0,0.0,0.0
2020-07-03,0.0,0.0,0.0,0.1625192365775432,0.2284829121889817,0.1625192365775432,0.0,0.0013054440035890319,0.0013054440035890319
2020-07-04,0.0814794008570913,0.0,0.0,0.170216744092393,0.2378416755413557,0.1625192365775432,0.007697507514849822,0.005333012124437212,0.0023644953904126097
2020-07-04,0.3899938337857377,0.0,0.0,0.170216744092393,0.2378416755413557,0.170216744092393,0.0,0.0,0.0
2020-07-04,0.0067135441846331,0.0,0.0,0.170216744092393,0.2378416755413557,0.170216744092393,0.0,3.848753757424911e-05,3.848753757424911e-05
2020-07-04,0.3064716620120642,0.0,0.0,0.170216744092393,0.2378416755413557,0.170216744092393,0.0,0.0,0.0
2020-07-04,0.403399177372585,0.0,0.0,0.170216744092393,0.2378416755413557,0.170216744092393,0.0,0.0,0.0
2020-07-04,0.0155738755034722,0.0,0.0,0.170216744092393,0.2378416755413557,0.170216744092393,0.0,3.848753757424911e-05,3.848753757424911e-05
2020-07-04,0.0955500566826502,0.0,0.0,0.170216744092393,0.2378416755413557,0.170216744092393,0.0,0.0012907419925498635,0.0012907419925498635
2020-07-04,0.0233821684825657,0.0,0.0,0.170216744092393,0.2378416755413557,0.170216744092393,0.0,3.848753757424911e-05,3.848753757424911e-05
2020-07-04,0.2000345507500961,0.0,0.0,0.170216744092393,0.2378416755413557,0.170216744092393,0.0,3.848753757424911e-05,3.848753757424911e-05
2020-07-04,0.0423272697674199,0.0,0.0,0.170216744092393,0.2378416755413557,0.170216744092393,0.0,0.00018110428741963545,0.00018110428741963545
2020-07-04,0.327835081168745,0.0,0.0,0.170216744092393,0.2378416755413557,0.170216744092393,0.0,0.0,0.0
2020-07-05,0.1274701748468399,0.0,0.0,0.1805606293776697,0.2501048826927405,0.170216744092393,0.010343885285276688,0.0076027556846783384,0.00274112960059835
2020-07-05,0.2290425171927705,0.0,0.0,0.1805606293776697,0.2501048826927405,0.1805606293776697,0.0,0.0005045664399027747,0.0005045664399027747
2020-07-05,0.1730684945730337,0.0,0.0,0.1805606293776697,0.2501048826927405,0.1805606293776697,0.0,0.0,0.0
2020-07-05,0.1952497714075395,0.0,0.0,0.1805606293776697,0.2501048826927405,0.1805606293776697,0.0,0.00010343885285276688,0.00010343885285276688
2020-07-05,0.3479404292539936,0.0,0.0,0.1805606293776697,0.2501048826927405,0.1805606293776697,0.0,0.0,0.0
2020-07-05,0.4114921814293412,0.0,0.0,0.1805606293776697,0.2501048826927405,0.1805606293776697,0.0,0.0,0.0
2020-07-05,0.046807166257805,0.0,0.0,0.1805606293776697,0.2501048826927405,0.1805606293776697,0.0,0.00046547483783745096,0.00046547483783745096
2020-07-05,0.3867445991787376,0.0,0.0,0.1805606293776697,0.2501048826927405,0.1805606293776697,0.0,0.0,0.0
2020-07-05,0.2381563127788963,0.0,0.0,0.1805606293776697,0.2501048826927405,0.1805606293776697,0.0,0.00046653914194077497,0.00046653914194077497
2020-07-05,0.36162559300309,0.0,0.0,0.1805606293776697,0.2501048826927405,0.1805606293776697,0.0,0.0,0.0
2020-07-05,0.3025463537571551,0.0,0.0,0.1805606293776697,0.2501048826927405,0.1805606293776697,0.0,0.0001920925081620578,0.0001920925081620578
2020-07-06,0.003445868421889,0.0,0.0,0.1932258482072227,0.2652725336431381,0.1805606293776697,0.012665218829552988,0.007915761768470628,0.00474945706108236
2020-07-06,0.0212381178263934,0.0,0.0,0.1932258482072227,0.2652725336431381,0.1932258482072227,0.0,6.332609414776494e-05,6.332609414776494e-05
2020-07-06,4.2577291207221696e-05,0.0,0.0,0.1932258482072227,0.2652725336431381,0.1932258482072227,0.0,0.0,0.0
2020-07-06,0.0039927017799464,0.0,0.0,0.1932258482072227,0.2652725336431381,0.1932258482072227,0.0,0.0006965870356254143,0.0006965870356254143
2020-07-06,0.0040949760346396,0.0,0.0,0.1932258482072227,0.2652725336431381,0.1932258482072227,0.0,0.0006965870356254143,0.0006965870356254143
2020-07-06,0.0015524958403949,0.0,0.0,0.1932258482072227,0.2652725336431381,0.1932258482072227,0.0,0.00018997828244329482,0.00018997828244329482
2020-07-06,0.0206536869526867,0.0,0.0,0.1932258482072227,0.2652725336431381,0.1932258482072227,0.0,0.0001419695378906645,0.0001419695378906645
2020-07-06,0.0,0.0,0.0,0.1932258482072227,0.2652725336431381,0.1932258482072227,0.0,0.0,0.0
2020-07-06,0.0,0.0,0.0,0.1932258482072227,0.2652725336431381,0.1932258482072227,0.0,0.0,0.0
2020-07-06,0.001660296119787,0.0,0.0,0.1932258482072227,0.2652725336431381,0.1932258482072227,0.0,0.00018997828244329482,0.00018997828244329482
2020-07-06,0.0,0.0,0.0,0.1932258482072227,0.2652725336431381,0.1932258482072227,0.0,0.0,0.0
2020-07-07,0.0339436028070671,0.0,0.0,0.1990191143263961,0.2720495691741682,0.1932258482072227,0.0057932661191734125,0.0035628586632916485,0.002230407455881764
2020-07-07,0.1137150125289777,0.0,0.0,0.1990191143263961,0.2720495691741682,0.1990191143263961,0.0,3.15264134389992e-05,3.15264134389992e-05
2020-07-07,0.0216296454758612,0.0,0.0,0.1990191143263961,0.2720495691741682,0.1990191143263961,0.0,0.00011586532238346824,0.00011586532238346824
2020-07-07,0.124299424274126,0.0,0.0,0.1990191143263961,0.2720495691741682,0.1990191143263961,0.0,0.0005006544031986676,0.0005006544031986676
2020-07-07,0.094114636922201,0.0,0.0,0.1990191143263961,0.2720495691741682,0.1990191143263961,0.0,0.0,0.0
2020-07-07,0.0127420304554193,0.0,0.0,0.1990191143263961,0.2720495691741682,0.1990191143263961,0.0,8.689899178760119e-05,8.689899178760119e-05
2020-07-07,0.1097802653172863,0.0,0.0,0.1990191143263961,0.2720495691741682,0.1990191143263961,0.0,0.00010179924923413214,0.00010179924923413214
2020-07-07,0.0510014769176118,0.0,0.0,0.1990191143263961,0.2720495691741682,0.1990191143263961,0.0,0.0002896633059586706,0.0002896633059586706
2020-07-07,0.0698087706379224,0.0,0.0,0.1990191143263961,0.2720495691741682,0.1990191143263961,0.0,8.689899178760119e-05,8.689899178760119e-05
2020-07-07,0.0327981334591125,0.0,0.0,0.1990191143263961,0.2720495691741682,0.1990191143263961,0.0,0.0012165858850264166,0.0012165858850264166
2020-07-07,0.1877836648616374,0.0,0.0,0.1990191143263961,0.2720495691741682,0.1990191143263961,0.0,0.0,0.0
2020-07-08,0.164791106983845,0.0,0.0,0.2026607602583094,0.2762448768838528,0.1990191143263961,0.0036416459319132954,0.002093946410850145,0.0015476995210631506
2020-07-08,0.1534291817956081,0.0,0.0,0.2026607602583094,0.2762448768838528,0.2026607602583094,0.0,0.0001963497245753576,0.0001963497245753576
2020-07-08,0.1153654609740763,0.0,0.0,0.2026607602583094,0.2762448768838528,0.2026607602583094,0.0,0.0,0.0
2020-07-08,0.0085298003969415,0.0,0.0,0.2026607602583094,0.2762448768838528,0.2026607602583094,0.0,0.0,0.0
2020-07-08,0.106160674806363,0.0,0.0,0.2026607602583094,0.2762448768838528,0.2026607602583094,0.0,0.0,0.0
2020-07-08,0.1080165731375212,0.0,0.0,0.2026607602583094,0.2762448768838528,0.2026607602583094,0.0,0.0004667980267226568,0.0004667980267226568
2020-07-08,0.3638239066631815,0.0,0.0,0.2026607602583094,0.2762448768838528,0.2026607602583094,0.0,9.311222655294937e-05,9.311222655294937e-05
2020-07-08,0.1806395286859613,0.0,0.0,0.2026607602583094,0.2762448768838528,0.2026607602583094,0.0,0.0021906542593737965,0.0021906542593737965
2020-07-08,0.2945188800692543,0.0,0.0,0.2026607602583094,0.2762448768838528,0.2026607602583094,0.0,0.00016801622344633226,0.00016801622344633226
2020-07-08,0.6041707612308629,0.0,0.0,0.2026607602583094,0.2762448768838528,0.2026607602583094,0.0,1.8208229659566476e-05,1.8208229659566476e-05
2020-07-08,0.0737876216242368,0.0,0.0,0.2026607602583094,0.2762448768838528,0.2026607602583094,0.0,0.0001410634411540479,0.0001410634411540479
2020-07-09,0.1191897193839007,0.0,0.0,0.2113506594370694,0.2865717881692315,0.2026607602583094,0.008689899178760008,0.005648434466194024,0.0030414647125659834
2020-07-09,0.0791032407212357,0.0,0.0,0.2113506594370694,0.2865717881692315,0.2113506594370694,0.0,0.0,0.0
2020-07-09,0.034666761136384,0.0,0.0,0.2113506594370694,0.2865717881692315,0.2113506594370694,0.0,0.00028222755972328554,0.00028222755972328554
2020-07-09,0.0189487781360609,0.0,0.0,0.2113506594370694,0.2865717881692315,0.2113506594370694,0.0,0.0,0.0
2020-07-09,0.0991826784942387,0.0,0.0,0.2113506594370694,0.2865717881692315,0.2113506594370694,0.0,0.00039104546304420033,0.00039104546304420033
2020-07-09,0.1256104955694593,0.0,0.0,0.2113506594370694,0.2865717881692315,0.2113506594370694,0.0,0.0012078844798573344,0.0012078844798573344
2020-07-09,0.0497262301387921,0.0,0.0,0.2113506594370694,0.2865717881692315,0.2113506594370694,0.0,0.0015149074486904702,0.0015149074486904702
2020-07-09,0.1123125750722318,0.0,0.0,0.2113506594370694,0.2865717881692315,0.2113506594370694,0.0,0.0008255404219822007,0.0008255404219822007
2020-07-09,0.0011657967357914,0.0,0.0,0.2113506594370694,0.2865717881692315,0.2113506594370694,0.0,8.163500122251199e-05,8.163500122251199e-05
2020-07-09,0.0696516515324464,0.0,0.0,0.2113506594370694,0.2865717881692315,0.2113506594370694,0.0,0.0,0.0
2020-07-09,0.013054594813154,0.0,0.0,0.2113506594370694,0.2865717881692315,0.2113506594370694,0.0,0.0,0.0
2020-07-10,0.0497195499757011,0.0,0.0,0.2214500424283392,0.2986736373317828,0.2113506594370694,0.010099382991269806,0.006059629794761882,0.004039753196507925
2020-07-10,0.0743337921759533,0.0,0.0,0.2214500424283392,0.2986736373317828,0.2214500424283392,0.0,0.00010099382991269807,0.00010099382991269807
2020-07-10,0.0535256338400282,0.0,0.0,0.2214500424283392,0.2986736373317828,0.2214500424283392,0.0,0.00045447223460714126,0.00045447223460714126
2020-07-10,0.0506890449929458,0.0,0.0,0.2214500424283392,0.2986736373317828,0.2214500424283392,0.0,0.0011270836629320114,0.0011270836629320114
2020-07-10,0.0259029785035212,0.0,0.0,0.2214500424283392,0.2986736373317828,0.2214500424283392,0.0,0.0,0.0
2020-07-10,0.0025532245201128,0.0,0.0,0.2214500424283392,0.2986736373317828,0.2214500424283392,0.0,0.0,0.0
2020-07-10,0.009962876595929,0.0,0.0,0.2214500424283392,0.2986736373317828,0.2214500424283392,0.0,0.0,0.0
2020-07-10,0.0097310851106424,0.0,0.0,0.2214500424283392,0.2986736373317828,0.2214500424283392,0.0,0.0,0.0
2020-07-10,0.0146588122662839,0.0,0.0,0.2214500424283392,0.2986736373317828,0.2214500424283392,0.0,0.0,0.0
2020-07-10,0.0461148964510651,0.0,0.0,0.2214500424283392,0.2986736373317828,0.2214500424283392,0.0,0.0010604352140833296,0.0010604352140833296
2020-07-10,0.022418427386998,0.0,0.0,0.2214500424283392,0.2986736373317828,0.2214500424283392,0.0,0.0,0.0
2020-07-11,0.2593377852371987,0.0,0.0,0.2364308418070158,0.3164552877012916,0.2214500424283392,0.01498079937867658,0.010763091659595317,0.004217707719081263
2020-07-11,0.2031513148720528,0.0,0.0,0.2364308418070158,0.3164552877012916,0.2364308418070158,0.0,0.0008988479627205948,0.0008988479627205948
2020-07-11,0.0441721686109769,0.0,0.0,0.2364308418070158,0.3164552877012916,0.2364308418070158,0.0,0.0,0.0
2020-07-11,0.0386746335983874,0.0,0.0,0.2364308418070158,0.3164552877012916,0.2364308418070158,0.0,0.0,0.0
2020-07-11,0.16241682370363,0.0,0.0,0.2364308418070158,0.3164552877012916,0.2364308418070158,0.0,0.0003157531389779811,0.0003157531389779811
2020-07-11,0.0035569632794563,0.0,0.0,0.2364308418070158,0.3164552877012916,0.2364308418070158,0.0,0.0004125760474046772,0.0004125760474046772
2020-07-11,0.0455138818684463,0.0,0.0,0.2364308418070158,0.3164552877012916,0.2364308418070158,0.0,0.0,0.0
2020-07-11,0.0746092880645951,0.0,0.0,0.2364308418070158,0.3164552877012916,0.2364308418070158,0.0,0.0,0.0
2020-07-11,0.0046975309939226,0.0,0.0,0.2364308418070158,0.3164552877012916,0.2364308418070158,0.0,0.0,0.0
2020-07-11,0.0230477822736406,0.0,0.0,0.2364308418070158,0.3164552877012916,0.2364308418070158,0.0,0.0,0.0
2020-07-11,0.0123403361679166,0.0,0.0,0.2364308418070158,0.3164552877012916,0.2364308418070158,0.0,0.0,0.0
2020-07-12,0.2628255772073609,0.0,0.0,0.2485984265558256,0.3309452350985893,0.2364308418070158,0.012167584748809801,0.008358440363013994,0.003809144385795807
2020-07-12,0.2746566636843417,0.0,0.0,0.2485984265558256,0.3309452350985893,0.2485984265558256,0.0,0.0001357419206374319,0.0001357419206374319
2020-07-12,0.1993981035687721,0.0,0.0,0.2485984265558256,0.3309452350985893,0.2485984265558256,0.0,0.0,0.0
2020-07-12,0.2695366219190662,0.0,0.0,0.2485984265558256,0.3309452350985893,0.2485984265558256,0.0,0.0010835191071351502,0.0010835191071351502
2020-07-12,0.1945123079366055,0.0,0.0,0.2485984265558256,0.3309452350985893,0.2485984265558256,0.0,0.0,0.0
2020-07-12,0.097478094618634,0.0,0.0,0.2485984265558256,0.3309452350985893,0.2485984265558256,0.0,0.0,0.0
2020-07-12,0.0628073486988168,0.0,0.0,0.2485984265558256,0.3309452350985893,0.2485984265558256,0.0,0.0,0.0
2020-07-12,0.1287338408576577,0.0,0.0,0.2485984265558256,0.3309452350985893,0.2485984265558256,0.0,5.171942642638344e-05,5.171942642638344e-05
2020-07-12,0.2813720449678625,0.0,0.0,0.2485984265558256,0.3309452350985893,0.2485984265558256,0.0,0.0,0.0
2020-07-12,0.253945908648061,0.0,0.0,0.2485984265558256,0.3309452350985893,0.2485984265558256,0.0,0.0010296710725021196,0.0010296710725021196
2020-07-12,0.1594154151348382,0.0,0.0,0.2485984265558256,0.3309452350985893,0.2485984265558256,0.0,0.0,0.0
2020-07-13,0.0014367810155744,0.0,0.0,0.2608465532367789,0.3456288120824844,0.2485984265558256,0.01224812668095332,0.007334177105955817,0.004913949574997503
2020-07-13,0.0,0.0,0.0,0.2608465532367789,0.3456288120824844,0.2608465532367789,0.0,0.0,0.0
2020-07-13,0.0002803652933711,0.0,0.0,0.2608465532367789,0.3456288120824844,0.2608465532367789,0.0,0.0,0.0
2020-07-13,0.0010386658495174,0.0,0.0,0.2608465532367789,0.3456288120824844,0.2608465532367789,0.0,0.0001224812668095332,0.0001224812668095332
2020-07-13,0.0,0.0,0.0,0.2608465532367789,0.3456288120824844,0.2608465532367789,0.0,0.0,0.0
2020-07-13,8.414920016727674e-05,0.0,0.0,0.2608465532367789,0.3456288120824844,0.2608465532367789,0.0,0.0,0.0
2020-07-13,0.0,0.0,0.0,0.2608465532367789,0.3456288120824844,0.2608465532367789,0.0,0.0,0.0
2020-07-13,0.0006852787598524,0.0,0.0,0.2608465532367789,0.3456288120824844,0.2608465532367789,0.0,0.0,0.0
2020-07-13,0.0,0.0,0.0,0.2608465532367789,0.3456288120824844,0.2608465532367789,0.0,0.0,0.0
2020-07-13,0.0002887439508166,0.0,0.0,0.2608465532367789,0.3456288120824844,0.2608465532367789,0.0,0.0,0.0
2020-07-13,0.0012112849010779,0.0,0.0,0.2608465532367789,0.3456288120824844,0.2608465532367789,0.0,0.0004899250672381328,0.0004899250672381328
2020-07-14,0.0,0.0,0.0,0.2704483021473054,0.3569238713008662,0.2608465532367789,0.009601748910526509,0.0008611276734232225,0.008740621237103285
2020-07-14,0.0,0.0,0.0,0.2704483021473054,0.3569238713008662,0.2704483021473054,0.0,0.0008611276734232225,0.0008611276734232225
2020-07-14,0.0,0.0,0.0,0.2704483021473054,0.3569238713008662,0.2704483021473054,0.0,0.0008611276734232225,0.0008611276734232225
2020-07-14,0.0,0.0,0.0,0.2704483021473054,0.3569238713008662,0.2704483021473054,0.0,0.0008611276734232225,0.0008611276734232225
2020-07-14,0.0,0.0,0.0,0.2704483021473054,0.3569238713008662,0.2704483021473054,0.0,0.0008611276734232225,0.0008611276734232225
2020-07-14,0.0,0.0,0.0,0.2704483021473054,0.3569238713008662,0.2704483021473054,0.0,0.0008611276734232225,0.0008611276734232225
2020-07-14,0.0,0.0,0.0,0.2704483021473054,0.3569238713008662,0.2704483021473054,0.0,0.0008611276734232225,0.0008611276734232225
2020-07-14,0.0,0.0,0.0,0.2704483021473054,0.3569238713008662,0.2704483021473054,0.0,0.0008611276734232225,0.0008611276734232225
2020-07-14,0.0,0.0,0.0,0.2704483021473054,0.3569238713008662,0.2704483021473054,0.0,0.0008611276734232225,0.0008611276734232225
2020-07-14,0.0,0.0,0.0,0.2704483021473054,0.3569238713008662,0.2704483021473054,0.0,0.0008611276734232225,0.0008611276734232225
2020-07-14,0.0,0.0,0.0,0.2704483021473054,0.3569238713008662,0.2704483021473054,0.0,0.0008611276734232225,0.0008611276734232225
2020-07-15,0.0204194441140069,0.0,0.0,0.2783126465215954,0.3662826346532419,0.2704483021473054,0.007864344374289955,0.005073825310302233,0.0027905190639877222
2020-07-15,0.0937945475964599,0.0,0.0,0.2783126465215954,0.3662826346532419,0.2783126465215954,0.0,0.0,0.0
2020-07-15,0.1198071286258841,0.0,0.0,0.2783126465215954,0.3662826346532419,0.2783126465215954,0.0,0.0003041464712566003,0.0003041464712566003
2020-07-15,0.0888974078585379,0.0,0.0,0.2783126465215954,0.3662826346532419,0.2783126465215954,0.0,0.0,0.0
2020-07-15,0.0161870765073061,0.0,0.0,0.2783126465215954,0.3662826346532419,0.2783126465215954,0.0,0.0006291475499431965,0.0006291475499431965
2020-07-15,0.0457455660239159,0.0,0.0,0.2783126465215954,0.3662826346532419,0.2783126465215954,0.0,3.932172187144978e-05,3.932172187144978e-05
2020-07-15,0.0045700768958302,0.0,0.0,0.2783126465215954,0.3662826346532419,0.2783126465215954,0.0,0.000205925585007696,0.000205925585007696
2020-07-15,0.0441884139477338,0.0,0.0,0.2783126465215954,0.3662826346532419,0.2783126465215954,0.0,0.00014402623365789854,0.00014402623365789854
2020-07-15,0.0290850544141794,0.0,0.0,0.2783126465215954,0.3662826346532419,0.2783126465215954,0.0,0.0012343338750737249,0.0012343338750737249
2020-07-15,0.0130941820894488,0.0,0.0,0.2783126465215954,0.3662826346532419,0.2783126465215954,0.0,0.0005505041062002969,0.0005505041062002969
2020-07-15,0.1528383235503432,0.0,0.0,0.2783126465215954,0.3662826346532419,0.2783126465215954,0.0,0.0,0.0
2020-07-16,0.1082740964992325,0.0,0.0,0.2899825971896618,0.3801594216929658,0.2783126465215954,0.01166995066806642,0.006826921140818855,0.004843029527247565
2020-07-16,0.0072819020455671,0.0,0.0,0.2899825971896618,0.3801594216929658,0.2899825971896618,0.0,0.0001913446187921588,0.0001913446187921588
2020-07-16,0.0396715260123064,0.0,0.0,0.2899825971896618,0.3801594216929658,0.2899825971896618,0.0,0.0,0.0
2020-07-16,0.0190110185926067,0.0,0.0,0.2899825971896618,0.3801594216929658,0.2899825971896618,0.0,4.296049130578183e-05,4.296049130578183e-05
2020-07-16,0.0,0.0,0.0,0.2899825971896618,0.3801594216929658,0.2899825971896618,0.0,0.0,0.0
2020-07-16,0.1004789716961347,0.0,0.0,0.2899825971896618,0.3801594216929658,0.2899825971896618,0.0,0.0014003940801679705,0.0014003940801679705
2020-07-16,0.0031363478185098,0.0,0.0,0.2899825971896618,0.3801594216929658,0.2899825971896618,0.0,0.0,0.0
2020-07-16,0.2457672622544996,0.0,0.0,0.2899825971896618,0.3801594216929658,0.2899825971896618,0.0,0.0004667980267226568,0.0004667980267226568
2020-07-16,0.0031985686128294,0.0,0.0,0.2899825971896618,0.3801594216929658,0.2899825971896618,0.0,0.0,0.0
2020-07-16,0.0,0.0,0.0,0.2899825971896618,0.3801594216929658,0.2899825971896618,0.0,0.0,0.0
2020-07-16,0.0809918972603835,0.0,0.0,0.2899825971896618,0.3801594216929658,0.2899825971896618,0.0,0.0005061197485941102,0.0005061197485941102
2020-07-17,0.0764119499120925,0.0,0.0,0.3057947043679615,0.3962952205763681,0.2899825971896618,0.015812107178299728,0.010198809130003324,0.005613298048296404
2020-07-17,0.3000208254727223,0.0,0.0,0.3057947043679615,0.3962952205763681,0.3057947043679615,0.0,0.0,0.0
2020-07-17,0.0436172588183505,0.0,0.0,0.3057947043679615,0.3962952205763681,0.3057947043679615,0.0,1.1937464942685522e-05,1.1937464942685522e-05
2020-07-17,0.1082491552261655,0.0,0.0,0.3057947043679615,0.3962952205763681,0.3057947043679615,0.0,0.0006418472867436531,0.0006418472867436531
2020-07-17,0.0610750636533417,0.0,0.0,0.3057947043679615,0.3962952205763681,0.3057947043679615,0.0,0.0003953026794574932,0.0003953026794574932
2020-07-17,0.1264090791078116,0.0,0.0,0.3057947043679615,0.3962952205763681,0.3057947043679615,0.0,0.0,0.0
2020-07-17,0.1182305183246863,0.0,0.0,0.3057947043679615,0.3962952205763681,0.3057947043679615,0.0,0.0,0.0
2020-07-17,0.1931056032550314,0.0,0.0,0.3057947043679615,0.3962952205763681,0.3057947043679615,0.0,0.0,0.0
2020-07-17,0.1757151224937417,0.0,0.0,0.3057947043679615,0.3962952205763681,0.3057947043679615,0.0,0.0,0.0
2020-07-17,0.0642125931433233,0.0,0.0,0.3057947043679615,0.3962952205763681,0.3057947043679615,0.0,0.00047436321534899184,0.00047436321534899184
2020-07-17,0.0191596288436064,0.0,0.0,0.3057947043679615,0.3962952205763681,0.3057947043679615,0.0,7.939133311280156e-05,7.939133311280156e-05
2020-07-18,0.0029332535536095,0.0,0.0,0.317458902040875,0.4082357117500876,0.3057947043679615,0.01166419767291349,0.006998518603748094,0.004665679069165396
2020-07-18,0.0980812728063879,0.0,0.0,0.317458902040875,0.4082357117500876,0.317458902040875,0.0,7.906053589149864e-05,7.906053589149864e-05
2020-07-18,0.2012022723269006,0.0,0.0,0.317458902040875,0.4082357117500876,0.317458902040875,0.0,1.9114326396180436e-05,1.9114326396180436e-05
2020-07-18,0.0465525810200209,0.0,0.0,0.317458902040875,0.4082357117500876,0.317458902040875,0.0,0.0,0.0
2020-07-18,0.0265423319825004,0.0,0.0,0.317458902040875,0.4082357117500876,0.317458902040875,0.0,0.0,0.0
2020-07-18,0.020350477655594,0.0,0.0,0.317458902040875,0.4082357117500876,0.317458902040875,0.0,0.00027525205310014844,0.00027525205310014844
2020-07-18,0.1345000056021692,0.0,0.0,0.317458902040875,0.4082357117500876,0.317458902040875,0.0,0.0,0.0
2020-07-18,0.2608690545193078,0.0,0.0,0.317458902040875,0.4082357117500876,0.317458902040875,0.0,0.0009268075191646752,0.0009268075191646752
2020-07-18,0.0242101676206393,0.0,0.0,0.317458902040875,0.4082357117500876,0.317458902040875,0.0,0.0,0.0
2020-07-18,0.0366367119323799,0.0,0.0,0.317458902040875,0.4082357117500876,0.317458902040875,0.0,0.0,0.0
2020-07-18,0.1664440612969398,0.0,0.0,0.317458902040875,0.4082357117500876,0.317458902040875,0.0,7.28329186382659e-05,7.28329186382659e-05
2020-07-19,0.0065365170080458,0.0,0.0,0.3341195760042572,0.4250169425888277,0.317458902040875,0.016660673963382167,0.009217750866544862,0.007442923096837304
2020-07-19,0.1462325226857645,0.0,0.0,0.3341195760042572,0.4250169425888277,0.3341195760042572,0.0,0.0,0.0
2020-07-19,0.0402080728806999,0.0,0.0,0.3341195760042572,0.4250169425888277,0.3341195760042572,0.0,0.00016660673963382166,0.00016660673963382166
2020-07-19,0.0762111462592775,0.0,0.0,0.3341195760042572,0.4250169425888277,0.3341195760042572,0.0,0.0024429230968372895,0.0024429230968372895
2020-07-19,0.0940228630118321,0.0,0.0,0.3341195760042572,0.4250169425888277,0.3341195760042572,0.0,0.0,0.0
2020-07-19,0.0821450600990642,0.0,0.0,0.3341195760042572,0.4250169425888277,0.3341195760042572,0.0,0.0,0.0
2020-07-19,0.3259375312958653,0.0,0.0,0.3341195760042572,0.4250169425888277,0.3341195760042572,0.0,0.0,0.0
2020-07-19,0.2180444924075425,0.0,0.0,0.3341195760042572,0.4250169425888277,0.3341195760042572,0.0,1.9114326396180436e-05,1.9114326396180436e-05
2020-07-19,0.130843147406087,0.0,0.0,0.3341195760042572,0.4250169425888277,0.3341195760042572,0.0,0.0,0.0
2020-07-19,0.2266880651832201,0.0,0.0,0.3341195760042572,0.4250169425888277,0.3341195760042572,0.0,7.849961886407187e-05,7.849961886407187e-05
2020-07-19,0.0112919683588443,0.0,0.0,0.3341195760042572,0.4250169425888277,0.3341195760042572,0.0,0.0012495505472536624,0.0012495505472536624
2020-07-20,0.0816416019846828,0.0,0.0,0.349802240791612,0.4405073095168923,0.3341195760042572,0.015682664787354805,0.007953012412087006,0.0077296523752677995
2020-07-20,0.0266564033642184,0.0,0.0,0.349802240791612,0.4405073095168923,0.349802240791612,0.0,0.0,0.0
2020-07-20,0.1868882609438025,0.0,0.0,0.349802240791612,0.4405073095168923,0.349802240791612,0.0,5.09715370564795e-05,5.09715370564795e-05
2020-07-20,0.0818221976689895,0.0,0.0,0.349802240791612,0.4405073095168923,0.349802240791612,0.0,3.326669447280467e-05,3.326669447280467e-05
2020-07-20,0.002317577315498,0.0,0.0,0.349802240791612,0.4405073095168923,0.349802240791612,0.0,1.5331732083005978e-05,1.5331732083005978e-05
2020-07-20,0.089918619241282,0.0,0.0,0.349802240791612,0.4405073095168923,0.349802240791612,0.0,0.0002862115088668016,0.0002862115088668016
2020-07-20,0.0215301033016604,0.0,0.0,0.349802240791612,0.4405073095168923,0.349802240791612,0.0,0.0,0.0
2020-07-20,0.0491004655537845,0.0,0.0,0.349802240791612,0.4405073095168923,0.349802240791612,0.0,0.0006065670439672616,0.0006065670439672616
2020-07-20,0.1855722626284978,0.0,0.0,0.349802240791612,0.4405073095168923,0.349802240791612,0.0,5.09715370564795e-05,5.09715370564795e-05
2020-07-20,0.0494669080784166,0.0,0.0,0.349802240791612,0.4405073095168923,0.349802240791612,0.0,0.0007708294380761944,0.0007708294380761944
2020-07-20,0.0726685817517968,0.0,0.0,0.349802240791612,0.4405073095168923,0.349802240791612,0.0,0.0012286959398236624,0.0012286959398236624
2020-07-21,0.1391614392382393,0.0,0.0,0.3649901479958003,0.4559976764449587,0.349802240791612,0.015187907204188333,0.009548246055602769,0.005639661148585565
2020-07-21,0.254594021089804,0.0,0.0,0.3649901479958003,0.4559976764449587,0.3649901479958003,0.0,0.00034257647887931704,0.00034257647887931704
2020-07-21,0.1276110660417474,0.0,0.0,0.3649901479958003,0.4559976764449587,0.3649901479958003,0.0,0.00136691164837695,0.00136691164837695
2020-07-21,0.0513497098356732,0.0,0.0,0.3649901479958003,0.4559976764449587,0.3649901479958003,0.0,0.00027538149549108935,0.00027538149549108935
2020-07-21,0.3078465281978322,0.0,0.0,0.3649901479958003,0.4559976764449587,0.3649901479958003,0.0,6.469243049662732e-05,6.469243049662732e-05
2020-07-21,0.0705213747493095,0.0,0.0,0.3649901479958003,0.4559976764449587,0.3649901479958003,0.0,0.0,0.0
2020-07-21,0.0940186935018582,0.0,0.0,0.3649901479958003,0.4559976764449587,0.3649901479958003,0.0,0.00020037682118253047,0.00020037682118253047
2020-07-21,0.3129547781429461,0.0,0.0,0.3649901479958003,0.4559976764449587,0.3649901479958003,0.0,6.469243049662732e-05,6.469243049662732e-05
2020-07-21,0.3510421111515509,0.0,0.0,0.3649901479958003,0.4559976764449587,0.3649901479958003,0.0,6.469243049662732e-05,6.469243049662732e-05
2020-07-21,0.2409619058481194,0.0,0.0,0.3649901479958003,0.4559976764449587,0.3649901479958003,0.0,0.0008138474593335166,0.0008138474593335166
2020-07-21,0.1599450274088467,0.0,0.0,0.3649901479958003,0.4559976764449587,0.3649901479958003,0.0,0.0010631535042931834,0.0010631535042931834
2020-07-22,0.2282170735329196,0.0,0.0,0.3779286340951258,0.4689063155516813,0.3649901479958003,0.012938486099325464,0.008496454716736873,0.00444203138258859
2020-07-22,0.0452629939788828,0.0,0.0,0.3779286340951258,0.4689063155516813,0.3779286340951258,0.0,0.0020107581009362876,0.0020107581009362876
2020-07-22,0.1308203312037695,0.0,0.0,0.3779286340951258,0.4689063155516813,0.3779286340951258,0.0,0.00044439011060133567,0.00044439011060133567
2020-07-22,0.1014105240429268,0.0,0.0,0.3779286340951258,0.4689063155516813,0.3779286340951258,0.0,7.593953602094167e-05,7.593953602094167e-05
2020-07-22,0.0893507711522582,0.0,0.0,0.3779286340951258,0.4689063155516813,0.3779286340951258,0.0,7.593953602094167e-05,7.593953602094167e-05
2020-07-22,0.1963499449639978,0.0,0.0,0.3779286340951258,0.4689063155516813,0.3779286340951258,0.0,0.0013585410404291737,0.0013585410404291737
2020-07-22,0.0042284538398297,0.0,0.0,0.3779286340951258,0.4689063155516813,0.3779286340951258,0.0,0.0,0.0
2020-07-22,0.147713147499294,0.0,0.0,0.3779286340951258,0.4689063155516813,0.3779286340951258,0.0,0.0007979116627594332,0.0007979116627594332
2020-07-22,0.0699356619252868,0.0,0.0,0.3779286340951258,0.4689063155516813,0.3779286340951258,0.0,0.0,0.0
2020-07-22,0.0110278511003824,0.0,0.0,0.3779286340951258,0.4689063155516813,0.3779286340951258,0.0,0.0,0.0
2020-07-22,0.069149750058178,0.0,0.0,0.3779286340951258,0.4689063155516813,0.3779286340951258,0.0,0.0,0.0
2020-07-23,0.0451471027157687,0.0,0.0,0.3928231385465057,0.4837512505244117,0.3779286340951258,0.014894504451379909,0.00863881258180037,0.006255691869579539
2020-07-23,0.0020727245815459,0.0,0.0,0.3928231385465057,0.4837512505244117,0.3928231385465057,0.0,1.7690460095776128e-06,1.7690460095776128e-06
2020-07-23,0.0084140147493487,0.0,0.0,0.3928231385465057,0.4837512505244117,0.3928231385465057,0.0,0.0,0.0
2020-07-23,0.0058734136915032,0.0,0.0,0.3928231385465057,0.4837512505244117,0.3928231385465057,0.0,0.0,0.0
2020-07-23,0.0034489171253417,0.0,0.0,0.3928231385465057,0.4837512505244117,0.3928231385465057,0.0,0.0007599131297731793,0.0007599131297731793
2020-07-23,0.0072958598857847,0.0,0.0,0.3928231385465057,0.4837512505244117,0.3928231385465057,0.0,0.00029938586776740675,0.00029938586776740675
2020-07-23,0.0021372348252111,0.0,0.0,0.3928231385465057,0.4837512505244117,0.3928231385465057,0.0,5.307138028732838e-06,5.307138028732838e-06
2020-07-23,0.0015437125346323,0.0,0.0,0.3928231385465057,0.4837512505244117,0.3928231385465057,0.0,0.0,0.0
2020-07-23,0.0711628856619594,0.0,0.0,0.3928231385465057,0.4837512505244117,0.3928231385465057,0.0,0.0014149779228810914,0.0014149779228810914
2020-07-23,0.0036321805369713,0.0,0.0,0.3928231385465057,0.4837512505244117,0.3928231385465057,0.0,0.0005718477182182946,0.0005718477182182946
2020-07-23,0.0061478729679024,0.0,0.0,0.3928231385465057,0.4837512505244117,0.3928231385465057,0.0,0.0,0.0
2020-07-24,0.0,0.0,0.0,0.4050770182226122,0.4960144576757983,0.3928231385465057,0.012253879676106527,0.0030699274711682868,0.00918395220493824
2020-07-24,0.0,0.0,0.0,0.4050770182226122,0.4960144576757983,0.4050770182226122,0.0,0.0030699274711682868,0.0030699274711682868
2020-07-24,0.0005701691261308,0.0,0.0,0.4050770182226122,0.4960144576757983,0.4050770182226122,0.0,0.00012720694139958203,0.00012720694139958203
2020-07-24,0.0,0.0,0.0,0.4050770182226122,0.4960144576757983,0.4050770182226122,0.0,0.0030699274711682868,0.0030699274711682868
2020-07-24,0.0174742762351752,0.0,0.0,0.4050770182226122,0.4960144576757983,0.4050770182226122,0.0,0.0,0.0
2020-07-24,0.0,0.0,0.0,0.4050770182226122,0.4960144576757983,0.4050770182226122,0.0,0.0030699274711682868,0.0030699274711682868
2020-07-24,0.044107615420478,0.0,0.0,0.4050770182226122,0.4960144576757983,0.4050770182226122,0.0,0.00022341756677069863,0.00022341756677069863
2020-07-24,0.0042636567378197,0.0,0.0,0.4050770182226122,0.4960144576757983,0.4050770182226122,0.0,0.0,0.0
2020-07-24,0.0037700710137985,0.0,0.0,0.4050770182226122,0.4960144576757983,0.4050770182226122,0.0,0.0,0.0
2020-07-24,0.0008021043290238,0.0,0.0,0.4050770182226122,0.4960144576757983,0.4050770182226122,0.0,0.00012720694139958203,0.00012720694139958203
2020-07-24,0.0396809344695324,0.0,0.0,0.4050770182226122,0.4960144576757983,0.4050770182226122,0.0,0.0,0.0
2020-07-25,0.0491312520832214,0.0,0.0,0.4126220713659049,0.5037596411398315,0.4050770182226122,0.007545053143292679,0.004475125487206749,0.0030699276560859304
2020-07-25,0.0435576835549514,0.0,0.0,0.4126220713659049,0.5037596411398315,0.4126220713659049,0.0,0.000188626328582317,0.000188626328582317
2020-07-25,0.2372749467067135,0.0,0.0,0.4126220713659049,0.5037596411398315,0.4126220713659049,0.0,0.001749787858303739,0.001749787858303739
2020-07-25,0.079602379675083,0.0,0.0,0.4126220713659049,0.5037596411398315,0.4126220713659049,0.0,7.841332393677402e-05,7.841332393677402e-05
2020-07-25,0.0155173480640175,0.0,0.0,0.4126220713659049,0.5037596411398315,0.4126220713659049,0.0,3.280645486056194e-05,3.280645486056194e-05
2020-07-25,0.1207495716844892,0.0,0.0,0.4126220713659049,0.5037596411398315,0.4126220713659049,0.0,0.0,0.0
2020-07-25,0.2296941618289781,0.0,0.0,0.4126220713659049,0.5037596411398315,0.4126220713659049,0.0,0.001180514605416445,0.001180514605416445
2020-07-25,0.2498187206098519,0.0,0.0,0.4126220713659049,0.5037596411398315,0.4126220713659049,0.0,0.0001248112298465387,0.0001248112298465387
2020-07-25,0.325939656128104,0.0,0.0,0.4126220713659049,0.5037596411398315,0.4126220713659049,0.0,0.0001920925081620578,0.0001920925081620578
2020-07-25,0.0498451444654581,0.0,0.0,0.4126220713659049,0.5037596411398315,0.4126220713659049,0.0,0.0014180413928001206,0.0014180413928001206
2020-07-25,0.1815119270537931,0.0,0.0,0.4126220713659049,0.5037596411398315,0.4126220713659049,0.0,0.0007327302276747871,0.0007327302276747871
2020-07-26,0.0504625204202914,0.0,0.0,0.4192869162507731,0.5102139606931928,0.4126220713659049,0.006664844884868182,0.004166995066806656,0.0024978498180615255
2020-07-26,0.04499885441967,0.0,0.0,0.4192869162507731,0.5102139606931928,0.4192869162507731,0.0,0.0010945936228048672,0.0010945936228048672
2020-07-26,0.3459055654890079,0.0,0.0,0.4192869162507731,0.5102139606931928,0.4192869162507731,0.0,0.00032930144256352765,0.00032930144256352765
2020-07-26,0.0211019385893365,0.0,0.0,0.4192869162507731,0.5102139606931928,0.4192869162507731,0.0,0.0,0.0
2020-07-26,0.2833242403263898,0.0,0.0,0.4192869162507731,0.5102139606931928,0.4192869162507731,0.0,0.0,0.0
2020-07-26,0.1025486547295491,0.0,0.0,0.4192869162507731,0.5102139606931928,0.4192869162507731,0.0,3.332422442434091e-05,3.332422442434091e-05
2020-07-26,0.1177170395706351,0.0,0.0,0.4192869162507731,0.5102139606931928,0.4192869162507731,0.0,9.30546966014134e-06,9.30546966014134e-06
2020-07-26,0.0230382871923081,0.0,0.0,0.4192869162507731,0.5102139606931928,0.4192869162507731,0.0,0.0,0.0
2020-07-26,0.1931852057554525,0.0,0.0,0.4192869162507731,0.5102139606931928,0.4192869162507731,0.0,0.0,0.0
2020-07-26,0.0159249084626698,0.0,0.0,0.4192869162507731,0.5102139606931928,0.4192869162507731,0.0,0.0,0.0
2020-07-26,0.1886332541526589,0.0,0.0,0.4192869162507731,0.5102139606931928,0.4192869162507731,0.0,0.0,0.0
2020-07-27,0.3020600135858499,0.0,0.0,0.4247752736268319,0.515700132313551,0.4192869162507731,0.0054883573760587945,0.0035399905075579226,0.001948366868500872
2020-07-27,0.0304180308307528,0.0,0.0,0.4247752736268319,0.515700132313551,0.4247752736268319,0.0,0.0,0.0
2020-07-27,0.0881869213793476,0.0,0.0,0.4247752736268319,0.515700132313551,0.4247752736268319,0.0,0.0,0.0
2020-07-27,0.1363602273125196,0.0,0.0,0.4247752736268319,0.515700132313551,0.4247752736268319,0.0,9.147262293431602e-05,9.147262293431602e-05
2020-07-27,0.029801480525444,0.0,0.0,0.4247752736268319,0.515700132313551,0.4247752736268319,0.0,0.00016962706208920056,0.00016962706208920056
2020-07-27,0.093237347027772,0.0,0.0,0.4247752736268319,0.515700132313551,0.4247752736268319,0.0,0.0,0.0
2020-07-27,0.1177103609727705,0.0,0.0,0.4247752736268319,0.515700132313551,0.4247752736268319,0.0,0.0,0.0
2020-07-27,0.0170157839029167,0.0,0.0,0.4247752736268319,0.515700132313551,0.4247752736268319,0.0,0.0,0.0
2020-07-27,0.1048663542966901,0.0,0.0,0.4247752736268319,0.515700132313551,0.4247752736268319,0.0,0.0,0.0
2020-07-27,0.0261552129499878,0.0,0.0,0.4247752736268319,0.515700132313551,0.4247752736268319,0.0,0.0,0.0
2020-07-27,0.069038424471318,0.0,0.0,0.4247752736268319,0.515700132313551,0.4247752736268319,0.0,0.0,0.0
2020-07-28,0.0,0.0,0.0,0.4330078096909202,0.5240907477329184,0.4247752736268319,0.008232536064088303,0.0007951489326101682,0.007437387131478134
2020-07-28,0.0,0.0,0.0,0.4330078096909202,0.5240907477329184,0.4330078096909202,0.0,0.0007951489326101682,0.0007951489326101682
2020-07-28,0.0,0.0,0.0,0.4330078096909202,0.5240907477329184,0.4330078096909202,0.0,0.0007951489326101682,0.0007951489326101682
2020-07-28,0.0,0.0,0.0,0.4330078096909202,0.5240907477329184,0.4330078096909202,0.0,0.0007951489326101682,0.0007951489326101682
2020-07-28,0.0,0.0,0.0,0.4330078096909202,0.5240907477329184,0.4330078096909202,0.0,0.0007951489326101682,0.0007951489326101682
2020-07-28,0.0,0.0,0.0,0.4330078096909202,0.5240907477329184,0.4330078096909202,0.0,0.0007951489326101682,0.0007951489326101682
2020-07-28,0.0,0.0,0.0,0.4330078096909202,0.5240907477329184,0.4330078096909202,0.0,0.0007951489326101682,0.0007951489326101682
2020-07-28,0.0,0.0,0.0,0.4330078096909202,0.5240907477329184,0.4330078096909202,0.0,0.0007951489326101682,0.0007951489326101682
2020-07-28,0.0,0.0,0.0,0.4330078096909202,0.5240907477329184,0.4330078096909202,0.0,0.0007951489326101682,0.0007951489326101682
2020-07-28,0.0,0.0,0.0,0.4330078096909202,0.5240907477329184,0.4330078096909202,0.0,0.0007951489326101682,0.0007951489326101682
2020-07-28,0.0,0.0,0.0,0.4330078096909202,0.5240907477329184,0.4330078096909202,0.0,0.0007951489326101682,0.0007951489326101682
2020-07-29,0.0,0.0,0.0,0.4433948424398453,0.5344176590182972,0.4330078096909202,0.010387032748925107,0.0014900762853128332,0.008896956463612275
2020-07-29,0.0,0.0,0.0,0.4433948424398453,0.5344176590182972,0.4433948424398453,0.0,0.0014900762853128332,0.0014900762853128332
2020-07-29,7.080005417448663e-05,0.0,0.0,0.4433948424398453,0.5344176590182972,0.4433948424398453,0.0,6.02818864892975e-05,6.02818864892975e-05
2020-07-29,5.8983324551225095e-05,0.0,0.0,0.4433948424398453,0.5344176590182972,0.4433948424398453,0.0,6.02818864892975e-05,6.02818864892975e-05
2020-07-29,0.0,0.0,0.0,0.4433948424398453,0.5344176590182972,0.4433948424398453,0.0,0.0014900762853128332,0.0014900762853128332
2020-07-29,0.0,0.0,0.0,0.4433948424398453,0.5344176590182972,0.4433948424398453,0.0,0.0014900762853128332,0.0014900762853128332
2020-07-29,4.571176907199442e-06,0.0,0.0,0.4433948424398453,0.5344176590182972,0.4433948424398453,0.0,0.0004525192712366444,0.0004525192712366444
2020-07-29,0.0020993950572206,0.0,0.0,0.4433948424398453,0.5344176590182972,0.4433948424398453,0.0,0.0,0.0
2020-07-29,0.0,0.0,0.0,0.4433948424398453,0.5344176590182972,0.4433948424398453,0.0,0.0014900762853128332,0.0014900762853128332
2020-07-29,0.0,0.0,0.0,0.4433948424398453,0.5344176590182972,0.4433948424398453,0.0,0.0014900762853128332,0.0014900762853128332
2020-07-29,0.0,0.0,0.0,0.4433948424398453,0.5344176590182972,0.4433948424398453,0.0,0.0014900762853128332,0.0014900762853128332
2020-07-30,3.186638665156167e-05,0.0,0.0,0.4610364020768313,0.5521670377900403,0.4433948424398453,0.017641559636985993,0.011725966349087586,0.005915593287898407
2020-07-30,0.0080774720458887,0.0,0.0,0.4610364020768313,0.5521670377900403,0.4610364020768313,0.0,0.0,0.0
2020-07-30,0.0,0.0,0.0,0.4610364020768313,0.5521670377900403,0.4610364020768313,0.0,0.00010189076374792118,0.00010189076374792118
2020-07-30,0.0003673270415797,0.0,0.0,0.4610364020768313,0.5521670377900403,0.4610364020768313,0.0,8.820779818492997e-05,8.820779818492997e-05
2020-07-30,0.0041823216061995,0.0,0.0,0.4610364020768313,0.5521670377900403,0.4610364020768313,0.0,0.0001003178529822088,0.0001003178529822088
2020-07-30,0.0006455944097009,0.0,0.0,0.4610364020768313,0.5521670377900403,0.4610364020768313,0.0,8.820779818492997e-05,8.820779818492997e-05
2020-07-30,8.084774990243116e-05,0.0,0.0,0.4610364020768313,0.5521670377900403,0.4610364020768313,0.0,0.0007938701836643696,0.0007938701836643696
2020-07-30,0.0015901052219518,0.0,0.0,0.4610364020768313,0.5521670377900403,0.4610364020768313,0.0,0.0,0.0
2020-07-30,0.0110365418938055,0.0,0.0,0.4610364020768313,0.5521670377900403,0.4610364020768313,0.0,0.0,0.0
2020-07-30,0.0063296009966856,0.0,0.0,0.4610364020768313,0.5521670377900403,0.4610364020768313,0.0,0.00022012397704555014,0.00022012397704555014
2020-07-30,0.0,0.0,0.0,0.4610364020768313,0.5521670377900403,0.4610364020768313,0.0,0.00010189076374792118,0.00010189076374792118
2020-07-31,0.0148090700299749,0.0,0.0,0.4733880826705402,0.564752960919094,0.4610364020768313,0.012351680593708947,0.008028592385910815,0.004323088207798132
2020-07-31,0.0112594675635326,0.0,0.0,0.4733880826705402,0.564752960919094,0.4733880826705402,0.0,0.00036212227991197135,0.00036212227991197135
2020-07-31,8.984528299843814e-05,0.0,0.0,0.4733880826705402,0.564752960919094,0.4733880826705402,0.0,0.00016246806978731764,0.00016246806978731764
2020-07-31,0.0,0.0,0.0,0.4733880826705402,0.564752960919094,0.4733880826705402,0.0,0.0,0.0
2020-07-31,0.0146906156264817,0.0,0.0,0.4733880826705402,0.564752960919094,0.4733880826705402,0.0,0.0031496785513957814,0.0031496785513957814
2020-07-31,0.0023016407308481,0.0,0.0,0.4733880826705402,0.564752960919094,0.4733880826705402,0.0,0.0,0.0
2020-07-31,0.0786551043896046,0.0,0.0,0.4733880826705402,0.564752960919094,0.4733880826705402,0.0,6.175840296854474e-05,6.175840296854474e-05
2020-07-31,0.0,0.0,0.0,0.4733880826705402,0.564752960919094,0.4733880826705402,0.0,0.0,0.0
2020-07-31,0.0442750925986431,0.0,0.0,0.4733880826705402,0.564752960919094,0.4733880826705402,0.0,0.00043230882077981316,0.00043230882077981316
2020-07-31,0.0059691261291356,0.0,0.0,0.4733880826705402,0.564752960919094,0.4733880826705402,0.0,0.00045500438665880383,0.00045500438665880383
2020-07-31,0.0162484145884152,0.0,0.0,0.4733880826705402,0.564752960919094,0.4733880826705402,0.0,0.0023468193128047,0.0023468193128047
2020-08-01,0.0065248690545598,0.0,0.0,0.4842641200074788,0.5754025881821399,0.4733880826705402,0.010876037336938593,0.0061851601490025805,0.004690877187936013
2020-08-01,0.004822319034267,0.0,0.0,0.4842641200074788,0.5754025881821399,0.4842641200074788,0.0,0.0001631405600540789,0.0001631405600540789
2020-08-01,0.0264129085015208,0.0,0.0,0.4842641200074788,0.5754025881821399,0.4842641200074788,0.0,0.0,0.0
2020-08-01,0.0049422226586146,0.0,0.0,0.4842641200074788,0.5754025881821399,0.4842641200074788,0.0,0.0001631405600540789,0.0001631405600540789
2020-08-01,0.0386671365063196,0.0,0.0,0.4842641200074788,0.5754025881821399,0.4842641200074788,0.0,0.0,0.0
2020-08-01,0.0082248029105625,0.0,0.0,0.4842641200074788,0.5754025881821399,0.4842641200074788,0.0,0.00010876037336938593,0.00010876037336938593
2020-08-01,0.0338924003725082,0.0,0.0,0.4842641200074788,0.5754025881821399,0.4842641200074788,0.0,0.0,0.0
2020-08-01,0.0099003963019629,0.0,0.0,0.4842641200074788,0.5754025881821399,0.4842641200074788,0.0,0.00010876037336938593,0.00010876037336938593
2020-08-01,0.017998427433931,0.0,0.0,0.4842641200074788,0.5754025881821399,0.4842641200074788,0.0,0.00023965539559032717,0.00023965539559032717
2020-08-01,0.0705916189393802,0.0,0.0,0.4842641200074788,0.5754025881821399,0.4842641200074788,0.0,0.0,0.0
2020-08-01,0.0066389828166486,0.0,0.0,0.4842641200074788,0.5754025881821399,0.4842641200074788,0.0,0.0003836960117361196,0.0003836960117361196
2020-08-02,0.0035930312259576,0.0,0.0,0.4985603129629362,0.5886339432665295,0.4842641200074788,0.014296192955457365,0.009292525421047255,0.00500366753441011
2020-08-02,0.0004768989188572,0.0,0.0,0.4985603129629362,0.5886339432665295,0.4985603129629362,0.0,0.0,0.0
2020-08-02,0.0002570623205195,0.0,0.0,0.4985603129629362,0.5886339432665295,0.4985603129629362,0.0,0.0,0.0
2020-08-02,0.0020393068020169,0.0,0.0,0.4985603129629362,0.5886339432665295,0.4985603129629362,0.0,0.0,0.0
2020-08-02,0.0009532196728598,0.0,0.0,0.4985603129629362,0.5886339432665295,0.4985603129629362,0.0,0.0,0.0
2020-08-02,0.0,0.0,0.0,0.4985603129629362,0.5886339432665295,0.4985603129629362,0.0,0.0,0.0
2020-08-02,0.0020500668844984,0.0,0.0,0.4985603129629362,0.5886339432665295,0.4985603129629362,0.0,0.0,0.0
2020-08-02,0.0115012406025474,0.0,0.0,0.4985603129629362,0.5886339432665295,0.4985603129629362,0.0,7.148096477728683e-05,7.148096477728683e-05
2020-08-02,0.0026501040204362,0.0,0.0,0.4985603129629362,0.5886339432665295,0.4985603129629362,0.0,0.0,0.0
2020-08-02,0.0112900405215406,0.0,0.0,0.4985603129629362,0.5886339432665295,0.4985603129629362,0.0,7.148096477728683e-05,7.148096477728683e-05
2020-08-02,0.0059048068132893,0.0,0.0,0.4985603129629362,0.5886339432665295,0.4985603129629362,0.0,0.001169080527549651,0.001169080527549651
2020-08-03,0.2272321258394307,0.0,0.0,0.5104373714565145,0.5989608545519083,0.4985603129629362,0.011877058493578285,0.005875965424499174,0.006001093069079111
2020-08-03,0.1982059251043276,0.0,0.0,0.5104373714565145,0.5989608545519083,0.5104373714565145,0.0,0.0,0.0
2020-08-03,0.1609003449175149,0.0,0.0,0.5104373714565145,0.5989608545519083,0.5104373714565145,0.0,0.0,0.0
2020-08-03,0.13250409363152,0.0,0.0,0.5104373714565145,0.5989608545519083,0.5104373714565145,0.0,0.0,0.0
2020-08-03,0.1975553904373111,0.0,0.0,0.5104373714565145,0.5989608545519083,0.5104373714565145,0.0,0.0,0.0
2020-08-03,0.0977851144521834,0.0,0.0,0.5104373714565145,0.5989608545519083,0.5104373714565145,0.0,0.0,0.0
2020-08-03,0.1813514436355747,0.0,0.0,0.5104373714565145,0.5989608545519083,0.5104373714565145,0.0,0.0007327302276747871,0.0007327302276747871
2020-08-03,0.2090980925779902,0.0,0.0,0.5104373714565145,0.5989608545519083,0.5104373714565145,0.0,0.0,0.0
2020-08-03,0.1792685148952786,0.0,0.0,0.5104373714565145,0.5989608545519083,0.5104373714565145,0.0,0.00024424340922492906,0.00024424340922492906
2020-08-03,0.2382732878197448,0.0,0.0,0.5104373714565145,0.5989608545519083,0.5104373714565145,0.0,0.00168211825281538,0.00168211825281538
2020-08-03,0.2136657246198439,0.0,0.0,0.5104373714565145,0.5989608545519083,0.5104373714565145,0.0,5.9385292467891425e-05,5.9385292467891425e-05
2020-08-04,0.4495126818006441,0.0,0.0,0.5235455709128565,0.6105786297479572,0.5104373714565145,0.013108199456342007,0.008323706654777174,0.004784492801564833
2020-08-04,0.5346618342207611,0.0,0.0,0.5235455709128565,0.6105786297479572,0.5235455709128565,0.0,0.00032770498640855017,0.00032770498640855017
2020-08-04,0.1633663434642793,0.0,0.0,0.5235455709128565,0.6105786297479572,0.5235455709128565,0.0,0.0,0.0
2020-08-04,0.4207075260783631,0.0,0.0,0.5235455709128565,0.6105786297479572,0.5235455709128565,0.0,0.0013108199456342007,0.0013108199456342007
2020-08-04,0.2947671589796627,0.0,0.0,0.5235455709128565,0.6105786297479572,0.5235455709128565,0.0,0.000803750952839814,0.000803750952839814
2020-08-04,0.2473883340963772,0.0,0.0,0.5235455709128565,0.6105786297479572,0.5235455709128565,0.0,0.0007814293316457879,0.0007814293316457879
2020-08-04,0.3742610839616082,0.0,0.0,0.5235455709128565,0.6105786297479572,0.5235455709128565,0.0,0.0006867781788893829,0.0006867781788893829
2020-08-04,0.4571666211909735,0.0,0.0,0.5235455709128565,0.6105786297479572,0.5235455709128565,0.0,0.003408131858648922,0.003408131858648922
2020-08-04,0.3250109107988864,0.0,0.0,0.5235455709128565,0.6105786297479572,0.5235455709128565,0.0,0.00015515827927914893,0.00015515827927914893
2020-08-04,0.2002069120013989,0.0,0.0,0.5235455709128565,0.6105786297479572,0.5235455709128565,0.0,0.0,0.0
2020-08-04,0.4730125127417225,0.0,0.0,0.5235455709128565,0.6105786297479572,0.5235455709128565,0.0,0.0009175739619439405,0.0009175739619439405
2020-08-05,0.2700249478410555,0.0,0.0,0.536317220152742,0.621873688966339,0.5235455709128565,0.012771649239885496,0.007517970918609489,0.005253678321276007
2020-08-05,0.0996186057312307,0.0,0.0,0.536317220152742,0.621873688966339,0.536317220152742,0.0,0.0,0.0
2020-08-05,0.0652567845107043,0.0,0.0,0.536317220152742,0.621873688966339,0.536317220152742,0.0,0.0,0.0
2020-08-05,0.2186855556654139,0.0,0.0,0.536317220152742,0.621873688966339,0.536317220152742,0.0,3.509327043391908e-05,3.509327043391908e-05
2020-08-05,0.1225637838898738,0.0,0.0,0.536317220152742,0.621873688966339,0.536317220152742,0.0,0.0,0.0
2020-08-05,0.3495054324466637,0.0,0.0,0.536317220152742,0.621873688966339,0.536317220152742,0.0,0.0009326755742208265,0.0009326755742208265
2020-08-05,0.4114789021967987,0.0,0.0,0.536317220152742,0.621873688966339,0.536317220152742,0.0,0.0,0.0
2020-08-05,0.2266965898539375,0.0,0.0,0.536317220152742,0.621873688966339,0.536317220152742,0.0,0.0009034359763551927,0.0009034359763551927
2020-08-05,0.4335868304306247,0.0,0.0,0.536317220152742,0.621873688966339,0.536317220152742,0.0,0.0005898689755353903,0.0005898689755353903
2020-08-05,0.1518547572810409,0.0,0.0,0.536317220152742,0.621873688966339,0.536317220152742,0.0,0.0,0.0
2020-08-05,0.0749186191712195,0.0,0.0,0.536317220152742,0.621873688966339,0.536317220152742,0.0,1.7632930144255986e-05,1.7632930144255986e-05
2020-08-06,0.0,0.0,0.0,0.5450531432927267,0.6296188724303722,0.536317220152742,0.008735923139984725,0.0009073474038251932,0.007828575736159532
2020-08-06,0.0,0.0,0.0,0.5450531432927267,0.6296188724303722,0.5450531432927267,0.0,0.0009073474038251932,0.0009073474038251932
2020-08-06,0.0,0.0,0.0,0.5450531432927267,0.6296188724303722,0.5450531432927267,0.0,0.0009073474038251932,0.0009073474038251932
2020-08-06,0.0,0.0,0.0,0.5450531432927267,0.6296188724303722,0.5450531432927267,0.0,0.0009073474038251932,0.0009073474038251932
2020-08-06,0.0,0.0,0.0,0.5450531432927267,0.6296188724303722,0.5450531432927267,0.0,0.0009073474038251932,0.0009073474038251932
2020-08-06,0.0,0.0,0.0,0.5450531432927267,0.6296188724303722,0.5450531432927267,0.0,0.0009073474038251932,0.0009073474038251932
2020-08-06,9.108843060415866e-06,0.0,0.0,0.5450531432927267,0.6296188724303722,0.5450531432927267,0.0,0.0008094327724831009,0.0008094327724831009
2020-08-06,0.0,0.0,0.0,0.5450531432927267,0.6296188724303722,0.5450531432927267,0.0,0.0009073474038251932,0.0009073474038251932
2020-08-06,0.0,0.0,0.0,0.5450531432927267,0.6296188724303722,0.5450531432927267,0.0,0.0009073474038251932,0.0009073474038251932
2020-08-06,0.0,0.0,0.0,0.5450531432927267,0.6296188724303722,0.5450531432927267,0.0,0.0009073474038251932,0.0009073474038251932
2020-08-06,0.0,0.0,0.0,0.5450531432927267,0.6296188724303722,0.5450531432927267,0.0,0.0009073474038251932,0.0009073474038251932
2020-08-07,0.0,0.0,0.0,0.5554746940125703,0.638654919805079,0.5450531432927267,0.01042155071984363,0.0009296803817021937,0.009491870338141438
2020-08-07,0.0,0.0,0.0,0.5554746940125703,0.638654919805079,0.5554746940125703,0.0,0.0009296803817021937,0.0009296803817021937
2020-08-07,0.0,0.0,0.0,0.5554746940125703,0.638654919805079,0.5554746940125703,0.0,0.0009296803817021937,0.0009296803817021937
2020-08-07,0.0,0.0,0.0,0.5554746940125703,0.638654919805079,0.5554746940125703,0.0,0.0009296803817021937,0.0009296803817021937
2020-08-07,0.0,0.0,0.0,0.5554746940125703,0.638654919805079,0.5554746940125703,0.0,0.0009296803817021937,0.0009296803817021937
2020-08-07,0.0,0.0,0.0,0.5554746940125703,0.638654919805079,0.5554746940125703,0.0,0.0009296803817021937,0.0009296803817021937
2020-08-07,0.0,0.0,0.0,0.5554746940125703,0.638654919805079,0.5554746940125703,0.0,0.0009296803817021937,0.0009296803817021937
2020-08-07,0.0,0.0,0.0,0.5554746940125703,0.638654919805079,0.5554746940125703,0.0,0.0009296803817021937,0.0009296803817021937
2020-08-07,0.0,0.0,0.0,0.5554746940125703,0.638654919805079,0.5554746940125703,0.0,0.0009296803817021937,0.0009296803817021937
2020-08-07,0.0,0.0,0.0,0.5554746940125703,0.638654919805079,0.5554746940125703,0.0,0.0009296803817021937,0.0009296803817021937
2020-08-07,0.0,0.0,0.0,0.5554746940125703,0.638654919805079,0.5554746940125703,0.0,0.0009296803817021937,0.0009296803817021937
2020-08-08,0.0,0.0,0.0,0.5651080843964389,0.6470455352244482,0.5554746940125703,0.009633390383868567,0.002332967706312994,0.007300422677555573
2020-08-08,0.0,0.0,0.0,0.5651080843964389,0.6470455352244482,0.5651080843964389,0.0,0.002332967706312994,0.002332967706312994
2020-08-08,0.0017266868563811,0.0,0.0,0.5651080843964389,0.6470455352244482,0.5651080843964389,0.0,9.633390383868567e-05,9.633390383868567e-05
2020-08-08,0.0097198121407047,0.0,0.0,0.5651080843964389,0.6470455352244482,0.5651080843964389,0.0,0.0,0.0
2020-08-08,0.0211070211928218,0.0,0.0,0.5651080843964389,0.6470455352244482,0.5651080843964389,0.0,0.0,0.0
2020-08-08,0.0044569611221568,0.0,0.0,0.5651080843964389,0.6470455352244482,0.5651080843964389,0.0,0.0,0.0
2020-08-08,0.0455471796621841,0.0,0.0,0.5651080843964389,0.6470455352244482,0.5651080843964389,0.0,0.00023240662169742075,0.00023240662169742075
2020-08-08,0.022016311740522,0.0,0.0,0.5651080843964389,0.6470455352244482,0.5651080843964389,0.0,0.0,0.0
2020-08-08,0.0,0.0,0.0,0.5651080843964389,0.6470455352244482,0.5651080843964389,0.0,0.002332967706312994,0.002332967706312994
2020-08-08,0.0,0.0,0.0,0.5651080843964389,0.6470455352244482,0.5651080843964389,0.0,0.002332967706312994,0.002332967706312994
2020-08-08,0.0243301926469355,0.0,0.0,0.5651080843964389,0.6470455352244482,0.5651080843964389,0.0,0.0,0.0
2020-08-09,0.2379521559637143,0.0,0.0,0.5818003998331632,0.6615677542195098,0.5651080843964389,0.016692315436724336,0.009339110299299595,0.0073532051374247415
2020-08-09,0.0332703294089913,0.0,0.0,0.5818003998331632,0.6615677542195098,0.5818003998331632,0.0,0.0,0.0
2020-08-09,0.1378117932638072,0.0,0.0,0.5818003998331632,0.6615677542195098,0.5818003998331632,0.0,0.0003481856491535926,0.0003481856491535926
2020-08-09,0.0276323591445198,0.0,0.0,0.5818003998331632,0.6615677542195098,0.5818003998331632,0.0,0.0,0.0
2020-08-09,0.0,0.0,0.0,0.5818003998331632,0.6615677542195098,0.5818003998331632,0.0,0.0,0.0
2020-08-09,0.0,0.0,0.0,0.5818003998331632,0.6615677542195098,0.5818003998331632,0.0,0.0,0.0
2020-08-09,0.1082648214589318,0.0,0.0,0.5818003998331632,0.6615677542195098,0.5818003998331632,0.0,0.00036708423823152923,0.00036708423823152923
2020-08-09,0.0,0.0,0.0,0.5818003998331632,0.6615677542195098,0.5818003998331632,0.0,0.0,0.0
2020-08-09,0.0096919931167325,0.0,0.0,0.5818003998331632,0.6615677542195098,0.5818003998331632,0.0,0.0,0.0
2020-08-09,0.0,0.0,0.0,0.5818003998331632,0.6615677542195098,0.5818003998331632,0.0,0.0,0.0
2020-08-09,0.0467779023210779,0.0,0.0,0.5818003998331632,0.6615677542195098,0.5818003998331632,0.0,8.346157718362168e-05,8.346157718362168e-05
2020-08-10,0.3581190476815786,0.0,0.0,0.6014066073149333,0.6789944170135858,0.5818003998331632,0.01960620748177011,0.01264600382574168,0.006960203656028431
2020-08-10,0.2841065420209406,0.0,0.0,0.6014066073149333,0.6789944170135858,0.6014066073149333,0.0,0.000421176775158566,0.000421176775158566
2020-08-10,0.2339487874782271,0.0,0.0,0.6014066073149333,0.6789944170135858,0.6014066073149333,0.0,0.00022092939636698367,0.00022092939636698367
2020-08-10,0.4120394828497493,0.0,0.0,0.6014066073149333,0.6789944170135858,0.6014066073149333,0.0,0.00031733521264508234,0.00031733521264508234
2020-08-10,0.3623419554319965,0.0,0.0,0.6014066073149333,0.6789944170135858,0.6014066073149333,0.0,0.003765680507414156,0.003765680507414156
2020-08-10,0.3515609327540799,0.0,0.0,0.6014066073149333,0.6789944170135858,0.6014066073149333,0.0,0.0003921241496354022,0.0003921241496354022
2020-08-10,0.534061671374775,0.0,0.0,0.6014066073149333,0.6789944170135858,0.6014066073149333,0.0,0.00026160307209941114,0.00026160307209941114
2020-08-10,0.3483937930843631,0.0,0.0,0.6014066073149333,0.6789944170135858,0.6014066073149333,0.0,0.00029409311222655166,0.00029409311222655166
2020-08-10,0.3084591320603035,0.0,0.0,0.6014066073149333,0.6789944170135858,0.6014066073149333,0.0,9.130003307972145e-05,9.130003307972145e-05
2020-08-10,0.4819740147709458,0.0,0.0,0.6014066073149333,0.6789944170135858,0.6014066073149333,0.0,0.00032714406938112115,0.00032714406938112115
2020-08-10,0.3016877559168244,0.0,0.0,0.6014066073149333,0.6789944170135858,0.6014066073149333,0.0,0.0002285089674811913,0.0002285089674811913
2020-08-11,2.352475799294472e-06,0.0,0.0,0.6371470897035768,0.6944847839416521,0.6014066073149333,0.03574048238864347,0.026269254555652887,0.009471227832990581
2020-08-11,0.000473940894193,0.0,0.0,0.6371470897035768,0.6944847839416521,0.6371470897035768,0.0,0.000536107235829652,0.000536107235829652
2020-08-11,0.0024583419655698,0.0,0.0,0.6371470897035768,0.6944847839416521,0.6371470897035768,0.0,0.0,0.0
2020-08-11,0.0,0.0,0.0,0.6371470897035768,0.6944847839416521,0.6371470897035768,0.0,0.0,0.0
2020-08-11,0.0,0.0,0.0,0.6371470897035768,0.6944847839416521,0.6371470897035768,0.0,0.0,0.0
2020-08-11,0.0027247816027615,0.0,0.0,0.6371470897035768,0.6944847839416521,0.6371470897035768,0.0,0.0,0.0
2020-08-11,0.0001186167547483,0.0,0.0,0.6371470897035768,0.6944847839416521,0.6371470897035768,0.0,0.002144428943318608,0.002144428943318608
2020-08-11,0.0,0.0,0.0,0.6371470897035768,0.6944847839416521,0.6371470897035768,0.0,0.0,0.0
2020-08-11,0.0,0.0,0.0,0.6371470897035768,0.6944847839416521,0.6371470897035768,0.0,0.0,0.0
2020-08-11,0.0,0.0,0.0,0.6371470897035768,0.6944847839416521,0.6371470897035768,0.0,0.0,0.0
2020-08-11,0.0,0.0,0.0,0.6371470897035768,0.6944847839416521,0.6371470897035768,0.0,0.0,0.0
2020-08-12,0.0,0.0,0.0,0.6371470897035768,0.7102978668473856,0.6371470897035768,0.0,0.0,0.0
2020-08-12,0.0006399152611298,0.0,0.0,0.6371470897035768,0.7102978668473856,0.6371470897035768,0.0,0.0,0.0
2020-08-12,0.0,0.0,0.0,0.6371470897035768,0.7102978668473856,0.6371470897035768,0.0,0.0,0.0
2020-08-12,0.0012021975239809,0.0,0.0,0.6371470897035768,0.7102978668473856,0.6371470897035768,0.0,0.0,0.0
2020-08-12,0.0013612710010766,0.0,0.0,0.6371470897035768,0.7102978668473856,0.6371470897035768,0.0,0.0,0.0
2020-08-12,0.0,0.0,0.0,0.6371470897035768,0.7102978668473856,0.6371470897035768,0.0,0.0,0.0
2020-08-12,0.0,0.0,0.0,0.6371470897035768,0.7102978668473856,0.6371470897035768,0.0,0.0,0.0
2020-08-12,0.0,0.0,0.0,0.6371470897035768,0.7102978668473856,0.6371470897035768,0.0,0.0,0.0
2020-08-12,0.0,0.0,0.0,0.6371470897035768,0.7102978668473856,0.6371470897035768,0.0,0.0,0.0
2020-08-12,0.0,0.0,0.0,0.6371470897035768,0.7102978668473856,0.6371470897035768,0.0,0.0,0.0
2020-08-12,0.0,0.0,0.0,0.6371470897035768,0.7102978668473856,0.6371470897035768,0.0,0.0,0.0
2020-08-13,0.0528837307263386,0.0,0.0,0.6598886795437874,0.7303062574628054,0.6371470897035768,0.022741589840210574,0.013953860978872096,0.008787728861338478
2020-08-13,0.2065728719723662,0.0,0.0,0.6598886795437874,0.7303062574628054,0.6598886795437874,0.0,0.00024424340922492906,0.00024424340922492906
2020-08-13,0.1287820001192309,0.0,0.0,0.6598886795437874,0.7303062574628054,0.6598886795437874,0.0,0.0,0.0
2020-08-13,0.0222266082088179,0.0,0.0,0.6598886795437874,0.7303062574628054,0.6598886795437874,0.0,0.0,0.0
2020-08-13,0.1053319718679211,0.0,0.0,0.6598886795437874,0.7303062574628054,0.6598886795437874,0.0,0.0,0.0
2020-08-13,0.187642894055008,0.0,0.0,0.6598886795437874,0.7303062574628054,0.6598886795437874,0.0,0.0006106085230623226,0.0006106085230623226
2020-08-13,0.0829455353850693,0.0,0.0,0.6598886795437874,0.7303062574628054,0.6598886795437874,0.0,0.0,0.0
2020-08-13,0.0437300843841242,0.0,0.0,0.6598886795437874,0.7303062574628054,0.6598886795437874,0.0,0.0007232377856721644,0.0007232377856721644
2020-08-13,0.0264584121252824,0.0,0.0,0.6598886795437874,0.7303062574628054,0.6598886795437874,0.0,0.0,0.0
2020-08-13,0.0450204243439288,0.0,0.0,0.6598886795437874,0.7303062574628054,0.6598886795437874,0.0,0.0011370794920105287,0.0011370794920105287
2020-08-13,0.0812498026864296,0.0,0.0,0.6598886795437874,0.7303062574628054,0.6598886795437874,0.0,0.000896187202462283,0.000896187202462283
2020-08-14,0.1809454835095874,0.0,0.0,0.6843130204662803,0.7516055119888971,0.6598886795437874,0.024424340922492904,0.01416611773504585,0.010258223187447055
2020-08-14,0.0093752543744614,0.0,0.0,0.6843130204662803,0.7516055119888971,0.6843130204662803,0.0,0.0,0.0
2020-08-14,0.0006959720444298,0.0,0.0,0.6843130204662803,0.7516055119888971,0.6843130204662803,0.0,0.0,0.0
2020-08-14,0.0604193969962172,0.0,0.0,0.6843130204662803,0.7516055119888971,0.6843130204662803,0.0,0.0,0.0
2020-08-14,3.5287211524012237e-06,0.0,0.0,0.6843130204662803,0.7516055119888971,0.6843130204662803,0.0,0.0,0.0
2020-08-14,0.0597128486268967,0.0,0.0,0.6843130204662803,0.7516055119888971,0.6843130204662803,0.0,0.00011370794920105287,0.00011370794920105287
2020-08-14,0.0271764820672293,0.0,0.0,0.6843130204662803,0.7516055119888971,0.6843130204662803,0.0,0.0,0.0
2020-08-14,0.0010339041919988,0.0,0.0,0.6843130204662803,0.7516055119888971,0.6843130204662803,0.0,0.0,0.0
2020-08-14,0.0050211461786877,0.0,0.0,0.6843130204662803,0.7516055119888971,0.6843130204662803,0.0,0.0,0.0
2020-08-14,0.0169040441273114,0.0,0.0,0.6843130204662803,0.7516055119888971,0.6843130204662803,0.0,0.0,0.0
2020-08-14,0.0020317268722,0.0,0.0,0.6843130204662803,0.7516055119888971,0.6843130204662803,0.0,0.00014227157013620316,0.00014227157013620316
2020-08-15,0.0025103882360944,0.0,0.0,0.6985401774799006,0.7641914351179526,0.6843130204662803,0.014227157013620317,0.008678565778308394,0.005548591235311923
2020-08-15,0.0069710378368548,0.0,0.0,0.6985401774799006,0.7641914351179526,0.6985401774799006,0.0,0.0,0.0
2020-08-15,0.0749584354177906,0.0,0.0,0.6985401774799006,0.7641914351179526,0.6985401774799006,0.0,6.237684994750637e-05,6.237684994750637e-05
2020-08-15,0.0075616799317937,0.0,0.0,0.6985401774799006,0.7641914351179526,0.6985401774799006,0.0,0.00016669303456112006,0.00016669303456112006
2020-08-15,0.0485679212080579,0.0,0.0,0.6985401774799006,0.7641914351179526,0.6985401774799006,0.0,0.0,0.0
2020-08-15,0.0555973627437313,0.0,0.0,0.6985401774799006,0.7641914351179526,0.6985401774799006,0.0,0.0,0.0
2020-08-15,0.0221828424187701,0.0,0.0,0.6985401774799006,0.7641914351179526,0.6985401774799006,0.0,0.0,0.0
2020-08-15,0.0462881039681612,0.0,0.0,0.6985401774799006,0.7641914351179526,0.6985401774799006,0.0,0.0,0.0
2020-08-15,0.0202948297988969,0.0,0.0,0.6985401774799006,0.7641914351179526,0.6985401774799006,0.0,0.0,0.0
2020-08-15,0.0554237273235243,0.0,0.0,0.6985401774799006,0.7641914351179526,0.6985401774799006,0.0,0.0,0.0
2020-08-15,0.0143677043464334,0.0,0.0,0.6985401774799006,0.7641914351179526,0.6985401774799006,0.0,0.0,0.0
2020-08-16,0.0,0.0,0.0,0.7151778394626701,0.7787136541130142,0.6985401774799006,0.016637661982769503,0.0014861344618292665,0.015151527520940237
2020-08-16,0.0,0.0,0.0,0.7151778394626701,0.7787136541130142,0.7151778394626701,0.0,0.0014861344618292665,0.0014861344618292665
2020-08-16,0.0,0.0,0.0,0.7151778394626701,0.7787136541130142,0.7151778394626701,0.0,0.0014861344618292665,0.0014861344618292665
2020-08-16,0.0,0.0,0.0,0.7151778394626701,0.7787136541130142,0.7151778394626701,0.0,0.0014861344618292665,0.0014861344618292665
2020-08-16,0.0,0.0,0.0,0.7151778394626701,0.7787136541130142,0.7151778394626701,0.0,0.0014861344618292665,0.0014861344618292665
2020-08-16,0.0,0.0,0.0,0.7151778394626701,0.7787136541130142,0.7151778394626701,0.0,0.0014861344618292665,0.0014861344618292665
2020-08-16,0.0,0.0,0.0,0.7151778394626701,0.7787136541130142,0.7151778394626701,0.0,0.0014861344618292665,0.0014861344618292665
2020-08-16,0.0,0.0,0.0,0.7151778394626701,0.7787136541130142,0.7151778394626701,0.0,0.0014861344618292665,0.0014861344618292665
2020-08-16,0.0,0.0,0.0,0.7151778394626701,0.7787136541130142,0.7151778394626701,0.0,0.0014861344618292665,0.0014861344618292665
2020-08-16,0.0,0.0,0.0,0.7151778394626701,0.7787136541130142,0.7151778394626701,0.0,0.0014861344618292665,0.0014861344618292665
2020-08-16,0.0,0.0,0.0,0.7151778394626701,0.7787136541130142,0.7151778394626701,0.0,0.0014861344618292665,0.0014861344618292665
2020-08-17,0.0749881799834011,0.0,0.0,0.7294826619108573,0.7896859973537271,0.7151778394626701,0.014304822448187204,0.009298134591321682,0.005006687856865522
2020-08-17,0.00959033952652,0.0,0.0,0.7294826619108573,0.7896859973537271,0.7294826619108573,0.0,0.0,0.0
2020-08-17,0.0888105993981776,0.0,0.0,0.7294826619108573,0.7896859973537271,0.7294826619108573,0.0,5.804772109479606e-05,5.804772109479606e-05
2020-08-17,0.0370291691475047,0.0,0.0,0.7294826619108573,0.7896859973537271,0.7294826619108573,0.0,7.152411224093602e-05,7.152411224093602e-05
2020-08-17,0.0924670178252415,0.0,0.0,0.7294826619108573,0.7896859973537271,0.7294826619108573,0.0,5.804772109479606e-05,5.804772109479606e-05
2020-08-17,0.0232465994602393,0.0,0.0,0.7294826619108573,0.7896859973537271,0.7294826619108573,0.0,0.0,0.0
2020-08-17,0.0352855876835082,0.0,0.0,0.7294826619108573,0.7896859973537271,0.7294826619108573,0.0,7.152411224093602e-05,7.152411224093602e-05
2020-08-17,0.0701492290610597,0.0,0.0,0.7294826619108573,0.7896859973537271,0.7294826619108573,0.0,0.0009298134591321683,0.0009298134591321683
2020-08-17,0.1022466275511357,0.0,0.0,0.7294826619108573,0.7896859973537271,0.7294826619108573,0.0,7.924750823396998e-06,7.924750823396998e-06
2020-08-17,0.1164464784687676,0.0,0.0,0.7294826619108573,0.7896859973537271,0.7294826619108573,0.0,0.0,0.0
2020-08-17,0.0281100530791828,0.0,0.0,0.7294826619108573,0.7896859973537271,0.7294826619108573,0.0,8.085834687684202e-05,8.085834687684202e-05
2020-08-18,0.0286198513596459,0.0,0.0,0.7614750679572552,0.8148578436118346,0.7294826619108573,0.03199240604639786,0.019179622891167748,0.012812783155230111
2020-08-18,0.0489469119448301,0.0,0.0,0.7614750679572552,0.8148578436118346,0.7614750679572552,0.0,0.0,0.0
2020-08-18,0.0419006517522939,0.0,0.0,0.7614750679572552,0.8148578436118346,0.7614750679572552,0.0,0.0,0.0
2020-08-18,0.0005661980868769,0.0,0.0,0.7614750679572552,0.8148578436118346,0.7614750679572552,0.0,0.00031992406046397857,0.00031992406046397857
2020-08-18,0.0529892663764053,0.0,0.0,0.7614750679572552,0.8148578436118346,0.7614750679572552,0.0,0.0,0.0
2020-08-18,0.0054978718493319,0.0,0.0,0.7614750679572552,0.8148578436118346,0.7614750679572552,0.0,0.0004798860906959679,0.0004798860906959679
2020-08-18,0.0120975750535877,0.0,0.0,0.7614750679572552,0.8148578436118346,0.7614750679572552,0.0,0.00020756806512390536,0.00020756806512390536
2020-08-18,0.0,0.0,0.0,0.7614750679572552,0.8148578436118346,0.7614750679572552,0.0,0.0,0.0
2020-08-18,0.0375928784795285,0.0,0.0,0.7614750679572552,0.8148578436118346,0.7614750679572552,0.0,0.0006398481209279571,0.0006398481209279571
2020-08-18,0.0001626378705052,0.0,0.0,0.7614750679572552,0.8148578436118346,0.7614750679572552,0.0,0.00031992406046397857,0.00031992406046397857
2020-08-18,3.1758445650853914e-06,0.0,0.0,0.7614750679572552,0.8148578436118346,0.7614750679572552,0.0,0.0,0.0
2020-08-19,0.0,0.0,0.0,0.7770282903536653,0.827121050763223,0.7614750679572552,0.015553222396410105,0.0007555441564972549,0.01479767823991285
2020-08-19,0.0,0.0,0.0,0.7770282903536653,0.827121050763223,0.7770282903536653,0.0,0.0007555441564972549,0.0007555441564972549
2020-08-19,0.0,0.0,0.0,0.7770282903536653,0.827121050763223,0.7770282903536653,0.0,0.0007555441564972549,0.0007555441564972549
2020-08-19,0.0,0.0,0.0,0.7770282903536653,0.827121050763223,0.7770282903536653,0.0,0.0007555441564972549,0.0007555441564972549
2020-08-19,0.0,0.0,0.0,0.7770282903536653,0.827121050763223,0.7770282903536653,0.0,0.0007555441564972549,0.0007555441564972549
2020-08-19,0.0,0.0,0.0,0.7770282903536653,0.827121050763223,0.7770282903536653,0.0,0.0007555441564972549,0.0007555441564972549
2020-08-19,0.0,0.0,0.0,0.7770282903536653,0.827121050763223,0.7770282903536653,0.0,0.0007555441564972549,0.0007555441564972549
2020-08-19,0.0,0.0,0.0,0.7770282903536653,0.827121050763223,0.7770282903536653,0.0,0.0007555441564972549,0.0007555441564972549
2020-08-19,0.0,0.0,0.0,0.7770282903536653,0.827121050763223,0.7770282903536653,0.0,0.0007555441564972549,0.0007555441564972549
2020-08-19,0.0,0.0,0.0,0.7770282903536653,0.827121050763223,0.7770282903536653,0.0,0.0007555441564972549,0.0007555441564972549
2020-08-19,0.0,0.0,0.0,0.7770282903536653,0.827121050763223,0.7770282903536653,0.0,0.0007555441564972549,0.0007555441564972549
2020-08-20,0.0,0.0,0.0,0.7770282903536653,0.827121050763223,0.7770282903536653,0.0,0.0007555441564972549,0.0007555441564972549
2020-08-20,0.0,0.0,0.0,0.7770282903536653,0.827121050763223,0.7770282903536653,0.0,0.0007555441564972549,0.0007555441564972549
2020-08-20,0.0,0.0,0.0,0.7770282903536653,0.827121050763223,0.7770282903536653,0.0,0.0007555441564972549,0.0007555441564972549
2020-08-20,0.0,0.0,0.0,0.7770282903536653,0.827121050763223,0.7770282903536653,0.0,0.0007555441564972549,0.0007555441564972549
2020-08-20,0.0,0.0,0.0,0.7770282903536653,0.827121050763223,0.7770282903536653,0.0,0.0007555441564972549,0.0007555441564972549
2020-08-20,0.0,0.0,0.0,0.7770282903536653,0.827121050763223,0.7770282903536653,0.0,0.0007555441564972549,0.0007555441564972549
2020-08-20,0.0,0.0,0.0,0.7770282903536653,0.827121050763223,0.7770282903536653,0.0,0.0007555441564972549,0.0007555441564972549
2020-08-20,0.0,0.0,0.0,0.7770282903536653,0.827121050763223,0.7770282903536653,0.0,0.0007555441564972549,0.0007555441564972549
2020-08-20,0.0,0.0,0.0,0.7770282903536653,0.827121050763223,0.7770282903536653,0.0,0.0007555441564972549,0.0007555441564972549
2020-08-20,0.0,0.0,0.0,0.7770282903536653,0.827121050763223,0.7770282903536653,0.0,0.0007555441564972549,0.0007555441564972549
2020-08-20,0.0,0.0,0.0,0.7770282903536653,0.827121050763223,0.7770282903536653,0.0,0.0007555441564972549,0.0007555441564972549
2020-08-21,0.0,0.0,0.0,0.7959757798904054,0.8419659857359516,0.7770282903536653,0.01894748953674008,0.0015371408753325046,0.017410348661407577
2020-08-21,0.0,0.0,0.0,0.7959757798904054,0.8419659857359516,0.7959757798904054,0.0,0.0015371408753325046,0.0015371408753325046
2020-08-21,0.0,0.0,0.0,0.7959757798904054,0.8419659857359516,0.7959757798904054,0.0,0.0015371408753325046,0.0015371408753325046
2020-08-21,0.0,0.0,0.0,0.7959757798904054,0.8419659857359516,0.7959757798904054,0.0,0.0015371408753325046,0.0015371408753325046
2020-08-21,0.0,0.0,0.0,0.7959757798904054,0.8419659857359516,0.7959757798904054,0.0,0.0015371408753325046,0.0015371408753325046
2020-08-21,0.0,0.0,0.0,0.7959757798904054,0.8419659857359516,0.7959757798904054,0.0,0.0015371408753325046,0.0015371408753325046
2020-08-21,0.0,0.0,0.0,0.7959757798904054,0.8419659857359516,0.7959757798904054,0.0,0.0015371408753325046,0.0015371408753325046
2020-08-21,0.0,0.0,0.0,0.7959757798904054,0.8419659857359516,0.7959757798904054,0.0,0.0015371408753325046,0.0015371408753325046
2020-08-21,0.0,0.0,0.0,0.7959757798904054,0.8419659857359516,0.7959757798904054,0.0,0.0015371408753325046,0.0015371408753325046
2020-08-21,0.0,0.0,0.0,0.7959757798904054,0.8419659857359516,0.7959757798904054,0.0,0.0015371408753325046,0.0015371408753325046
2020-08-21,0.0,0.0,0.0,0.7959757798904054,0.8419659857359516,0.7959757798904054,0.0,0.0015371408753325046,0.0015371408753325046
2020-08-22,0.0007053134354271,0.0,0.0,0.8178026435012727,0.8590699325523605,0.7959757798904054,0.021826863610867386,0.01431080556314626,0.0075160580477211265
2020-08-22,0.0,0.0,0.0,0.8178026435012727,0.8590699325523605,0.8178026435012727,0.0,0.0,0.0
2020-08-22,0.0024332250889966,0.0,0.0,0.8178026435012727,0.8590699325523605,0.8178026435012727,0.0,0.0005815415150512759,0.0005815415150512759
2020-08-22,0.0,0.0,0.0,0.8178026435012727,0.8590699325523605,0.8178026435012727,0.0,0.0,0.0
2020-08-22,0.0,0.0,0.0,0.8178026435012727,0.8590699325523605,0.8178026435012727,0.0,0.0,0.0
2020-08-22,0.0018611543170188,0.0,0.0,0.8178026435012727,0.8590699325523605,0.8178026435012727,0.0,0.0005332451207409883,0.0005332451207409883
2020-08-22,0.0003253423302178,0.0,0.0,0.8178026435012727,0.8590699325523605,0.8178026435012727,0.0,0.0003976326424944976,0.0003976326424944976
2020-08-22,0.0008998620406681,0.0,0.0,0.8178026435012727,0.8590699325523605,0.8178026435012727,0.0,0.004640193300637145,0.004640193300637145
2020-08-22,0.0004768989188572,0.0,0.0,0.8178026435012727,0.8590699325523605,0.8178026435012727,0.0,0.0007639402263803585,0.0007639402263803585
2020-08-22,0.0165865110996735,0.0,0.0,0.8178026435012727,0.8590699325523605,0.8178026435012727,0.0,0.0,0.0
2020-08-22,0.0,0.0,0.0,0.8178026435012727,0.8590699325523605,0.8178026435012727,0.0,0.0,0.0
2020-08-23,0.0011454817505113,0.0,0.0,0.8342389506536841,0.8719785716590795,0.8178026435012727,0.0164363071524114,0.011107595391851008,0.005328711760560392
2020-08-23,0.0,0.0,0.0,0.8342389506536841,0.8719785716590795,0.8342389506536841,0.0,0.0,0.0
2020-08-23,0.0039804836517144,0.0,0.0,0.8342389506536841,0.8719785716590795,0.8342389506536841,0.0,0.001610292108328909,0.001610292108328909
2020-08-23,0.0,0.0,0.0,0.8342389506536841,0.8719785716590795,0.8342389506536841,0.0,0.0,0.0
2020-08-23,0.0,0.0,0.0,0.8342389506536841,0.8719785716590795,0.8342389506536841,0.0,0.0,0.0
2020-08-23,0.0,0.0,0.0,0.8342389506536841,0.8719785716590795,0.8342389506536841,0.0,0.0,0.0
2020-08-23,0.00060698771054,0.0,0.0,0.8342389506536841,0.8719785716590795,0.8342389506536841,0.0,0.001992693696155562,0.001992693696155562
2020-08-23,0.0,0.0,0.0,0.8342389506536841,0.8719785716590795,0.8342389506536841,0.0,0.0,0.0
2020-08-23,0.0,0.0,0.0,0.8342389506536841,0.8719785716590795,0.8342389506536841,0.0,0.0,0.0
2020-08-23,0.0,0.0,0.0,0.8342389506536841,0.8719785716590795,0.8342389506536841,0.0,0.0,0.0
2020-08-23,0.000479350898341,0.0,0.0,0.8342389506536841,0.8719785716590795,0.8342389506536841,0.0,0.0003274029541630108,0.0003274029541630108
2020-08-24,0.0141350712463121,0.0,0.0,0.8438982295157417,0.8794010391454474,0.8342389506536841,0.00965927886205753,0.005314990867120178,0.004344287994937352
2020-08-24,0.0582413266340323,0.0,0.0,0.8438982295157417,0.8794010391454474,0.8438982295157417,0.0,0.0,0.0
2020-08-24,0.0293235991660879,0.0,0.0,0.8438982295157417,0.8794010391454474,0.8438982295157417,0.0,0.0004798860906959679,0.0004798860906959679
2020-08-24,0.0526234152986927,0.0,0.0,0.8438982295157417,0.8794010391454474,0.8438982295157417,0.0,0.0,0.0
2020-08-24,0.0651534037601321,0.0,0.0,0.8438982295157417,0.8794010391454474,0.8438982295157417,0.0,0.0,0.0
2020-08-24,0.0431991908306112,0.0,0.0,0.8438982295157417,0.8794010391454474,0.8438982295157417,0.0,0.0,0.0
2020-08-24,0.0215652490763366,0.0,0.0,0.8438982295157417,0.8794010391454474,0.8438982295157417,0.0,4.829639431028765e-05,4.829639431028765e-05
2020-08-24,0.0250771956665415,0.0,0.0,0.8438982295157417,0.8794010391454474,0.8438982295157417,0.0,0.0,0.0
2020-08-24,0.0231956043362034,0.0,0.0,0.8438982295157417,0.8794010391454474,0.8438982295157417,0.0,4.829639431028765e-05,4.829639431028765e-05
2020-08-24,0.0486089476877575,0.0,0.0,0.8438982295157417,0.8794010391454474,0.8438982295157417,0.0,0.0,0.0
2020-08-24,0.0291731771132422,0.0,0.0,0.8438982295157417,0.8794010391454474,0.8438982295157417,0.0,0.00041660314401185006,0.00041660314401185006
2020-08-25,0.3645202331494251,0.0,0.0,0.8523033554344229,0.886178074676474,0.8438982295157417,0.008405125918681255,0.0049895439313091434,0.003415581987372112
2020-08-25,0.4366335599090715,0.0,0.0,0.8523033554344229,0.886178074676474,0.8523033554344229,0.0,4.202562959340628e-05,4.202562959340628e-05
2020-08-25,0.3322091367302686,0.0,0.0,0.8523033554344229,0.886178074676474,0.8523033554344229,0.0,0.0003362050367472502,0.0003362050367472502
2020-08-25,0.2894364304233234,0.0,0.0,0.8523033554344229,0.886178074676474,0.8523033554344229,0.0,0.0,0.0
2020-08-25,0.2659362284490303,0.0,0.0,0.8523033554344229,0.886178074676474,0.8523033554344229,0.0,0.0,0.0
2020-08-25,0.2622967171364868,0.0,0.0,0.8523033554344229,0.886178074676474,0.8523033554344229,0.0,9.906657653640988e-05,9.906657653640988e-05
2020-08-25,0.3724143802479225,0.0,0.0,0.8523033554344229,0.886178074676474,0.8523033554344229,0.0,0.0006303844439010942,0.0006303844439010942
2020-08-25,0.1951420402962517,0.0,0.0,0.8523033554344229,0.886178074676474,0.8523033554344229,0.0,0.0,0.0
2020-08-25,0.2472771083560609,0.0,0.0,0.8523033554344229,0.886178074676474,0.8523033554344229,0.0,0.0,0.0
2020-08-25,0.4472887249602962,0.0,0.0,0.8523033554344229,0.886178074676474,0.8523033554344229,0.0,4.202562959340628e-05,4.202562959340628e-05
2020-08-25,0.2277158684800946,0.0,0.0,0.8523033554344229,0.886178074676474,0.8523033554344229,0.0,0.0,0.0
2020-08-26,0.0066208368477152,0.0,0.0,0.8615886896115289,0.8932778261851748,0.8523033554344229,0.009285334177105975,0.00536783212760145,0.003917502049504525
2020-08-26,0.0225913284923735,0.0,0.0,0.8615886896115289,0.8932778261851748,0.8615886896115289,0.0,0.0,0.0
2020-08-26,0.0026558004759404,0.0,0.0,0.8615886896115289,0.8932778261851748,0.8615886896115289,0.0,0.00012860820664758687,0.00012860820664758687
2020-08-26,0.0074258530793958,0.0,0.0,0.8615886896115289,0.8932778261851748,0.8615886896115289,0.0,0.0016249334809935456,0.0016249334809935456
2020-08-26,0.019911524418387,0.0,0.0,0.8615886896115289,0.8932778261851748,0.8615886896115289,0.0,0.0,0.0
2020-08-26,0.0053157441511426,0.0,0.0,0.8615886896115289,0.8932778261851748,0.8615886896115289,0.0,0.0010147708150555913,0.0010147708150555913
2020-08-26,0.0008471883677353,0.0,0.0,0.8615886896115289,0.8932778261851748,0.8615886896115289,0.0,0.0010820377108832335,0.0010820377108832335
2020-08-26,0.0090685191289032,0.0,0.0,0.8615886896115289,0.8932778261851748,0.8615886896115289,0.0,0.0003249866961987091,0.0003249866961987091
2020-08-26,0.0198261672956637,0.0,0.0,0.8615886896115289,0.8932778261851748,0.8615886896115289,0.0,0.0,0.0
2020-08-26,0.0382704408367204,0.0,0.0,0.8615886896115289,0.8932778261851748,0.8615886896115289,0.0,0.0,0.0
2020-08-26,0.0090236291782775,0.0,0.0,0.8615886896115289,0.8932778261851748,0.8615886896115289,0.0,0.00029765996922147655,0.00029765996922147655
2020-08-27,0.0,0.0,0.0,0.8727552532036992,0.901991157582211,0.8615886896115289,0.011166563592170275,0.001280353885734703,0.009886209706435573
2020-08-27,0.0,0.0,0.0,0.8727552532036992,0.901991157582211,0.8727552532036992,0.0,0.001280353885734703,0.001280353885734703
2020-08-27,0.0,0.0,0.0,0.8727552532036992,0.901991157582211,0.8727552532036992,0.0,0.001280353885734703,0.001280353885734703
2020-08-27,0.0033240306098901,0.0,0.0,0.8727552532036992,0.901991157582211,0.8727552532036992,0.0,0.0001348157537927278,0.0001348157537927278
2020-08-27,0.0,0.0,0.0,0.8727552532036992,0.901991157582211,0.8727552532036992,0.0,0.001280353885734703,0.001280353885734703
2020-08-27,0.0,0.0,0.0,0.8727552532036992,0.901991157582211,0.8727552532036992,0.0,0.001280353885734703,0.001280353885734703
2020-08-27,0.0,0.0,0.0,0.8727552532036992,0.901991157582211,0.8727552532036992,0.0,0.001280353885734703,0.001280353885734703
2020-08-27,0.0024721742448084,0.0,0.0,0.8727552532036992,0.901991157582211,0.8727552532036992,0.0,0.000666536330818143,0.000666536330818143
2020-08-27,0.0,0.0,0.0,0.8727552532036992,0.901991157582211,0.8727552532036992,0.0,0.001280353885734703,0.001280353885734703
2020-08-27,0.0,0.0,0.0,0.8727552532036992,0.901991157582211,0.8727552532036992,0.0,0.001280353885734703,0.001280353885734703
2020-08-27,0.0,0.0,0.0,0.8727552532036992,0.901991157582211,0.8727552532036992,0.0,0.001280353885734703,0.001280353885734703
2020-08-28,1.72982869826393e-05,0.0,0.0,0.969155316486646,0.9132862168005912,0.8727552532036992,0.09640006328294681,0.057367343123013385,0.03903272015993343
2020-08-28,0.0198796715224972,0.0,0.0,0.969155316486646,0.9132862168005912,0.969155316486646,0.0,0.00048200031641473405,0.00048200031641473405
2020-08-28,0.0,0.0,0.0,0.969155316486646,0.9132862168005912,0.969155316486646,0.0,0.0004913057860748759,0.0004913057860748759
2020-08-28,0.0,0.0,0.0,0.969155316486646,0.9132862168005912,0.969155316486646,0.0,0.0004913057860748759,0.0004913057860748759
2020-08-28,0.0075563923879856,0.0,0.0,0.969155316486646,0.9132862168005912,0.969155316486646,0.0,0.00500570984768946,0.00500570984768946
2020-08-28,0.0558948987804858,0.0,0.0,0.969155316486646,0.9132862168005912,0.969155316486646,0.0,0.0,0.0
2020-08-28,0.0,0.0,0.0,0.969155316486646,0.9132862168005912,0.969155316486646,0.0,0.0004913057860748759,0.0004913057860748759
2020-08-28,0.0259330529592498,0.0,0.0,0.969155316486646,0.9132862168005912,0.969155316486646,0.0,0.00048200031641473405,0.00048200031641473405
2020-08-28,0.0,0.0,0.0,0.969155316486646,0.9132862168005912,0.969155316486646,0.0,0.0004913057860748759,0.0004913057860748759
2020-08-28,0.0182905795536458,0.0,0.0,0.969155316486646,0.9132862168005912,0.969155316486646,0.0,0.00048200031641473405,0.00048200031641473405
2020-08-28,0.0018975697885235,0.0,0.0,0.969155316486646,0.9132862168005912,0.969155316486646,0.0,0.012493103597060245,0.012493103597060245
2020-08-29,0.0171314069160229,0.0,0.0,0.901482834500712,0.9245812760189748,0.969155316486646,-0.06767248198593401,0.0,0.06767248198593401
2020-08-29,0.0001818109857876,0.0,0.0,0.901482834500712,0.9245812760189748,0.901482834500712,0.0,0.0,0.0
2020-08-29,0.0006990755606237,0.0,0.0,0.901482834500712,0.9245812760189748,0.901482834500712,0.0,0.000728130708049877,0.000728130708049877
2020-08-29,1.9966178281723216e-06,0.0,0.0,0.901482834500712,0.9245812760189748,0.901482834500712,0.0,0.0010144747570742488,0.0010144747570742488
2020-08-29,0.0104732516549033,0.0,0.0,0.901482834500712,0.9245812760189748,0.901482834500712,0.0,0.0,0.0
2020-08-29,0.0051313753318391,0.0,0.0,0.901482834500712,0.9245812760189748,0.901482834500712,0.0,0.0,0.0
2020-08-29,0.0052569667656778,0.0,0.0,0.901482834500712,0.9245812760189748,0.901482834500712,0.0,0.0,0.0
2020-08-29,0.0030375135589869,0.0,0.0,0.901482834500712,0.9245812760189748,0.901482834500712,0.0,0.0,0.0
2020-08-29,0.0,0.0,0.0,0.901482834500712,0.9245812760189748,0.901482834500712,0.0,8.09413275637776e-05,8.09413275637776e-05
2020-08-29,0.0104535200369925,0.0,0.0,0.901482834500712,0.9245812760189748,0.901482834500712,0.0,0.0,0.0
2020-08-29,0.0194433159650007,0.0,0.0,0.901482834500712,0.9245812760189748,0.901482834500712,0.0,0.0,0.0
2020-08-30,0.0,0.0,0.0,0.9107681686778178,0.932003743505339,0.901482834500712,0.009285334177105864,0.0008124526680592633,0.008472881509046602
2020-08-30,0.0,0.0,0.0,0.9107681686778178,0.932003743505339,0.9107681686778178,0.0,0.0008124526680592633,0.0008124526680592633
2020-08-30,0.0,0.0,0.0,0.9107681686778178,0.932003743505339,0.9107681686778178,0.0,0.0008124526680592633,0.0008124526680592633
2020-08-30,0.0,0.0,0.0,0.9107681686778178,0.932003743505339,0.9107681686778178,0.0,0.0008124526680592633,0.0008124526680592633
2020-08-30,0.0,0.0,0.0,0.9107681686778178,0.932003743505339,0.9107681686778178,0.0,0.0008124526680592633,0.0008124526680592633
2020-08-30,0.0,0.0,0.0,0.9107681686778178,0.932003743505339,0.9107681686778178,0.0,0.0008124526680592633,0.0008124526680592633
2020-08-30,0.0,0.0,0.0,0.9107681686778178,0.932003743505339,0.9107681686778178,0.0,0.0008124526680592633,0.0008124526680592633
2020-08-30,0.0,0.0,0.0,0.9107681686778178,0.932003743505339,0.9107681686778178,0.0,0.0008124526680592633,0.0008124526680592633
2020-08-30,0.0,0.0,0.0,0.9107681686778178,0.932003743505339,0.9107681686778178,0.0,0.0008124526680592633,0.0008124526680592633
2020-08-30,0.0,0.0,0.0,0.9107681686778178,0.932003743505339,0.9107681686778178,0.0,0.0008124526680592633,0.0008124526680592633
2020-08-30,0.0,0.0,0.0,0.9107681686778178,0.932003743505339,0.9107681686778178,0.0,0.0008124526680592633,0.0008124526680592633
2020-08-31,0.0,0.0,0.0,0.9199269369615556,0.9391034950140362,0.9107681686778178,0.00915876828373774,0.0007965154519154431,0.008362252831822296
2020-08-31,0.0,0.0,0.0,0.9199269369615556,0.9391034950140362,0.9199269369615556,0.0,0.0007965154519154431,0.0007965154519154431
2020-08-31,0.0,0.0,0.0,0.9199269369615556,0.9391034950140362,0.9199269369615556,0.0,0.0007965154519154431,0.0007965154519154431
2020-08-31,0.0,0.0,0.0,0.9199269369615556,0.9391034950140362,0.9199269369615556,0.0,0.0007965154519154431,0.0007965154519154431
2020-08-31,0.0,0.0,0.0,0.9199269369615556,0.9391034950140362,0.9199269369615556,0.0,0.0007965154519154431,0.0007965154519154431
2020-08-31,0.0,0.0,0.0,0.9199269369615556,0.9391034950140362,0.9199269369615556,0.0,0.0007965154519154431,0.0007965154519154431
2020-08-31,0.0,0.0,0.0,0.9199269369615556,0.9391034950140362,0.9199269369615556,0.0,0.0007965154519154431,0.0007965154519154431
2020-08-31,0.0,0.0,0.0,0.9199269369615556,0.9391034950140362,0.9199269369615556,0.0,0.0007965154519154431,0.0007965154519154431
2020-08-31,0.0,0.0,0.0,0.9199269369615556,0.9391034950140362,0.9199269369615556,0.0,0.0007965154519154431,0.0007965154519154431
2020-08-31,0.0,0.0,0.0,0.9199269369615556,0.9391034950140362,0.9199269369615556,0.0,0.0007965154519154431,0.0007965154519154431
2020-08-31,0.0,0.0,0.0,0.9199269369615556,0.9391034950140362,0.9199269369615556,0.0,0.0007965154519154431,0.0007965154519154431
2020-09-01,0.0,0.0,0.0,0.9305901134778292,0.9474941104334054,0.9199269369615556,0.010663176516273576,0.0010441672672787897,0.009619009248994786
2020-09-01,0.0,0.0,0.0,0.9305901134778292,0.9474941104334054,0.9305901134778292,0.0,0.0010441672672787897,0.0010441672672787897
2020-09-01,0.0,0.0,0.0,0.9305901134778292,0.9474941104334054,0.9305901134778292,0.0,0.0010441672672787897,0.0010441672672787897
2020-09-01,0.0,0.0,0.0,0.9305901134778292,0.9474941104334054,0.9305901134778292,0.0,0.0010441672672787897,0.0010441672672787897
2020-09-01,0.0,0.0,0.0,0.9305901134778292,0.9474941104334054,0.9305901134778292,0.0,0.0010441672672787897,0.0010441672672787897
2020-09-01,0.0,0.0,0.0,0.9305901134778292,0.9474941104334054,0.9305901134778292,0.0,0.0010441672672787897,0.0010441672672787897
2020-09-01,0.0,0.0,0.0,0.9305901134778292,0.9474941104334054,0.9305901134778292,0.0,0.0010441672672787897,0.0010441672672787897
2020-09-01,0.0,0.0,0.0,0.9305901134778292,0.9474941104334054,0.9305901134778292,0.0,0.0010441672672787897,0.0010441672672787897
2020-09-01,0.0,0.0,0.0,0.9305901134778292,0.9474941104334054,0.9305901134778292,0.0,0.0010441672672787897,0.0010441672672787897
2020-09-01,0.0,0.0,0.0,0.9305901134778292,0.9474941104334054,0.9305901134778292,0.0,0.0010441672672787897,0.0010441672672787897
2020-09-01,0.0,0.0,0.0,0.9305901134778292,0.9474941104334054,0.9305901134778292,0.0,0.0010441672672787897,0.0010441672672787897
2020-09-02,0.0,0.0,0.0,0.9399991370507268,0.9549165779197696,0.9305901134778292,0.009409023572897635,0.000985607146024155,0.00842341642687348
2020-09-02,0.0,0.0,0.0,0.9399991370507268,0.9549165779197696,0.9399991370507268,0.0,0.000985607146024155,0.000985607146024155
2020-09-02,0.0,0.0,0.0,0.9399991370507268,0.9549165779197696,0.9399991370507268,0.0,0.000985607146024155,0.000985607146024155
2020-09-02,0.0,0.0,0.0,0.9399991370507268,0.9549165779197696,0.9399991370507268,0.0,0.000985607146024155,0.000985607146024155
2020-09-02,0.0,0.0,0.0,0.9399991370507268,0.9549165779197696,0.9399991370507268,0.0,0.000985607146024155,0.000985607146024155
2020-09-02,0.0,0.0,0.0,0.9399991370507268,0.9549165779197696,0.9399991370507268,0.0,0.000985607146024155,0.000985607146024155
2020-09-02,0.0,0.0,0.0,0.9399991370507268,0.9549165779197696,0.9399991370507268,0.0,0.000985607146024155,0.000985607146024155
2020-09-02,0.0,0.0,0.0,0.9399991370507268,0.9549165779197696,0.9399991370507268,0.0,0.000985607146024155,0.000985607146024155
2020-09-02,0.0,0.0,0.0,0.9399991370507268,0.9549165779197696,0.9399991370507268,0.0,0.000985607146024155,0.000985607146024155
2020-09-02,0.0,0.0,0.0,0.9399991370507268,0.9549165779197696,0.9399991370507268,0.0,0.000985607146024155,0.000985607146024155
2020-09-02,0.0,0.0,0.0,0.9399991370507268,0.9549165779197696,0.9399991370507268,0.0,0.000985607146024155,0.000985607146024155
2020-09-03,0.0016324043649568,0.0,0.0,0.9479037523910886,0.961048181495462,0.9399991370507268,0.007904615340361798,0.0049705446648162675,0.0029340706755455305
2020-09-03,0.0,0.0,0.0,0.9479037523910886,0.961048181495462,0.9479037523910886,0.0,3.0515117520181265e-05,3.0515117520181265e-05
2020-09-03,0.0,0.0,0.0,0.9479037523910886,0.961048181495462,0.9479037523910886,0.0,3.0515117520181265e-05,3.0515117520181265e-05
2020-09-03,0.0069925184686686,0.0,0.0,0.9479037523910886,0.961048181495462,0.9479037523910886,0.0,0.00025756159300436177,0.00025756159300436177
2020-09-03,0.013481488606282,0.0,0.0,0.9479037523910886,0.961048181495462,0.9479037523910886,0.0,4.829639431028765e-05,4.829639431028765e-05
2020-09-03,0.006238778311727,0.0,0.0,0.9479037523910886,0.961048181495462,0.9479037523910886,0.0,0.00019761538350904494,0.00019761538350904494
2020-09-03,0.018514902404173,0.0,0.0,0.9479037523910886,0.961048181495462,0.9479037523910886,0.0,0.0,0.0
2020-09-03,0.0004428273516733,0.0,0.0,0.9479037523910886,0.961048181495462,0.9479037523910886,0.0,3.6358929367604765e-05,3.6358929367604765e-05
2020-09-03,0.0089428358833503,0.0,0.0,0.9479037523910886,0.961048181495462,0.9479037523910886,0.0,0.0,0.0
2020-09-03,0.0,0.0,0.0,0.9479037523910886,0.961048181495462,0.9479037523910886,0.0,3.0515117520181265e-05,3.0515117520181265e-05
2020-09-03,0.0,0.0,0.0,0.9479037523910886,0.961048181495462,0.9479037523910886,0.0,3.0515117520181265e-05,3.0515117520181265e-05
2020-09-04,0.0,0.0,0.0,0.9601979030332668,0.9707296608255068,0.9479037523910886,0.012294150642178203,0.0026319084407500993,0.009662242201428105
2020-09-04,4.492264149921907e-05,0.0,0.0,0.9601979030332668,0.9707296608255068,0.9601979030332668,0.0,0.000545260216874225,0.000545260216874225
2020-09-04,0.0004621160402989,0.0,0.0,0.9601979030332668,0.9707296608255068,0.9601979030332668,0.0,1.0307449649302192e-06,1.0307449649302192e-06
2020-09-04,0.0,0.0,0.0,0.9601979030332668,0.9707296608255068,0.9601979030332668,0.0,0.0026319084407500993,0.0026319084407500993
2020-09-04,0.0017897397847349,0.0,0.0,0.9601979030332668,0.9707296608255068,0.9601979030332668,0.0,0.0,0.0
2020-09-04,0.0020716753431429,0.0,0.0,0.9601979030332668,0.9707296608255068,0.9601979030332668,0.0,0.0,0.0
2020-09-04,0.0029454490382315,0.0,0.0,0.9601979030332668,0.9707296608255068,0.9601979030332668,0.0,5.832098836456745e-05,5.832098836456745e-05
2020-09-04,0.0,0.0,0.0,0.9601979030332668,0.9707296608255068,0.9601979030332668,0.0,0.0026319084407500993,0.0026319084407500993
2020-09-04,0.0001179321992125,0.0,0.0,0.9601979030332668,0.9707296608255068,0.9601979030332668,0.0,0.00020131671676566805,0.00020131671676566805
2020-09-04,0.0,0.0,0.0,0.9601979030332668,0.9707296608255068,0.9601979030332668,0.0,0.0026319084407500993,0.0026319084407500993
2020-09-04,0.0,0.0,0.0,0.9601979030332668,0.9707296608255068,0.9601979030332668,0.0,0.0026319084407500993,0.0026319084407500993
2020-09-05,0.0,0.0,0.0,0.9707143781731364,0.978474844289538,0.9601979030332668,0.010516475139869641,0.0008715424225214978,0.009644932717348143
2020-09-05,0.0,0.0,0.0,0.9707143781731364,0.978474844289538,0.9707143781731364,0.0,0.0008715424225214978,0.0008715424225214978
2020-09-05,0.0,0.0,0.0,0.9707143781731364,0.978474844289538,0.9707143781731364,0.0,0.0008715424225214978,0.0008715424225214978
2020-09-05,0.0,0.0,0.0,0.9707143781731364,0.978474844289538,0.9707143781731364,0.0,0.0008715424225214978,0.0008715424225214978
2020-09-05,0.0,0.0,0.0,0.9707143781731364,0.978474844289538,0.9707143781731364,0.0,0.0008715424225214978,0.0008715424225214978
2020-09-05,0.0,0.0,0.0,0.9707143781731364,0.978474844289538,0.9707143781731364,0.0,0.0008715424225214978,0.0008715424225214978
2020-09-05,0.0,0.0,0.0,0.9707143781731364,0.978474844289538,0.9707143781731364,0.0,0.0008715424225214978,0.0008715424225214978
2020-09-05,0.0,0.0,0.0,0.9707143781731364,0.978474844289538,0.9707143781731364,0.0,0.0008715424225214978,0.0008715424225214978
2020-09-05,0.0,0.0,0.0,0.9707143781731364,0.978474844289538,0.9707143781731364,0.0,0.0008715424225214978,0.0008715424225214978
2020-09-05,0.0,0.0,0.0,0.9707143781731364,0.978474844289538,0.9707143781731364,0.0,0.0008715424225214978,0.0008715424225214978
2020-09-05,0.0,0.0,0.0,0.9707143781731364,0.978474844289538,0.9707143781731364,0.0,0.0008715424225214978,0.0008715424225214978
2020-09-06,0.0,0.0,0.0,0.9808396496425952,0.985897311775906,0.9707143781731364,0.010125271469458741,0.0006258282913644401,0.009499443178094301
2020-09-06,0.0,0.0,0.0,0.9808396496425952,0.985897311775906,0.9808396496425952,0.0,0.0006258282913644401,0.0006258282913644401
2020-09-06,0.0,0.0,0.0,0.9808396496425952,0.985897311775906,0.9808396496425952,0.0,0.0006258282913644401,0.0006258282913644401
2020-09-06,0.0,0.0,0.0,0.9808396496425952,0.985897311775906,0.9808396496425952,0.0,0.0006258282913644401,0.0006258282913644401
2020-09-06,0.0,0.0,0.0,0.9808396496425952,0.985897311775906,0.9808396496425952,0.0,0.0006258282913644401,0.0006258282913644401
2020-09-06,0.0,0.0,0.0,0.9808396496425952,0.985897311775906,0.9808396496425952,0.0,0.0006258282913644401,0.0006258282913644401
2020-09-06,0.0,0.0,0.0,0.9808396496425952,0.985897311775906,0.9808396496425952,0.0,0.0006258282913644401,0.0006258282913644401
2020-09-06,0.0,0.0,0.0,0.9808396496425952,0.985897311775906,0.9808396496425952,0.0,0.0006258282913644401,0.0006258282913644401
2020-09-06,0.0,0.0,0.0,0.9808396496425952,0.985897311775906,0.9808396496425952,0.0,0.0006258282913644401,0.0006258282913644401
2020-09-06,0.0,0.0,0.0,0.9808396496425952,0.985897311775906,0.9808396496425952,0.0,0.0006258282913644401,0.0006258282913644401
2020-09-06,0.0,0.0,0.0,0.9808396496425952,0.985897311775906,0.9808396496425952,0.0,0.0006258282913644401,0.0006258282913644401
2020-09-07,0.0,0.0,0.0,0.9911029929957283,0.9929970632845996,0.9808396496425952,0.01026334335313317,0.0008849438830951898,0.00937839947003798
2020-09-07,0.0,0.0,0.0,0.9911029929957283,0.9929970632845996,0.9911029929957283,0.0,0.0008849438830951898,0.0008849438830951898
2020-09-07,0.0,0.0,0.0,0.9911029929957283,0.9929970632845996,0.9911029929957283,0.0,0.0008849438830951898,0.0008849438830951898
2020-09-07,0.0,0.0,0.0,0.9911029929957283,0.9929970632845996,0.9911029929957283,0.0,0.0008849438830951898,0.0008849438830951898
2020-09-07,0.0,0.0,0.0,0.9911029929957283,0.9929970632845996,0.9911029929957283,0.0,0.0008849438830951898,0.0008849438830951898
2020-09-07,0.0,0.0,0.0,0.9911029929957283,0.9929970632845996,0.9911029929957283,0.0,0.0008849438830951898,0.0008849438830951898
2020-09-07,0.0,0.0,0.0,0.9911029929957283,0.9929970632845996,0.9911029929957283,0.0,0.0008849438830951898,0.0008849438830951898
2020-09-07,0.0,0.0,0.0,0.9911029929957283,0.9929970632845996,0.9911029929957283,0.0,0.0008849438830951898,0.0008849438830951898
2020-09-07,0.0,0.0,0.0,0.9911029929957283,0.9929970632845996,0.9911029929957283,0.0,0.0008849438830951898,0.0008849438830951898
2020-09-07,0.0,0.0,0.0,0.9911029929957283,0.9929970632845996,0.9911029929957283,0.0,0.0008849438830951898,0.0008849438830951898
2020-09-07,0.0,0.0,0.0,0.9911029929957283,0.9929970632845996,0.9911029929957283,0.0,0.0008849438830951898,0.0008849438830951898
2020-09-08,0.0,0.0,0.0,0.9975377180744724,0.9978378029496238,0.9911029929957283,0.006434725078744097,0.0009283118560754481,0.005506413222668649
2020-09-08,0.0,0.0,0.0,0.9975377180744724,0.9978378029496238,0.9975377180744724,0.0,0.0009283118560754481,0.0009283118560754481
2020-09-08,0.0047935089834107,0.0,0.0,0.9975377180744724,0.9978378029496238,0.9975377180744724,0.0,2.2521537775604338e-05,2.2521537775604338e-05
2020-09-08,0.0,0.0,0.0,0.9975377180744724,0.9978378029496238,0.9975377180744724,0.0,0.0009283118560754481,0.0009283118560754481
2020-09-08,0.0399355841499274,0.0,0.0,0.9975377180744724,0.9978378029496238,0.9975377180744724,0.0,6.434725078744097e-06,6.434725078744097e-06
2020-09-08,0.0060698772842837,0.0,0.0,0.9975377180744724,0.9978378029496238,0.9975377180744724,0.0,0.0,0.0
2020-09-08,0.0,0.0,0.0,0.9975377180744724,0.9978378029496238,0.9975377180744724,0.0,0.0009283118560754481,0.0009283118560754481
2020-09-08,0.0,0.0,0.0,0.9975377180744724,0.9978378029496238,0.9975377180744724,0.0,0.0009283118560754481,0.0009283118560754481
2020-09-08,0.012321225527532,0.0,0.0,0.9975377180744724,0.9978378029496238,0.9975377180744724,0.0,0.0,0.0
2020-09-08,0.0,0.0,0.0,0.9975377180744724,0.9978378029496238,0.9975377180744724,0.0,0.0009283118560754481,0.0009283118560754481
2020-09-08,0.0,0.0,0.0,0.9975377180744724,0.9978378029496238,0.9975377180744724,0.0,0.0009283118560754481,0.0009283118560754481
2020-09-09,0.0,0.0,0.0,0.9999510995411984,0.9999999999999982,0.9975377180744724,0.0024133814667259834,0.00015018367513442284,0.0022631977915915607
2020-09-09,0.0303510443540465,0.0,0.0,0.9999510995411984,0.9999999999999982,0.9999510995411984,0.0,0.0,0.0
2020-09-09,0.0,0.0,0.0,0.9999510995411984,0.9999999999999982,0.9999510995411984,0.0,0.00015018367513442284,0.00015018367513442284
2020-09-09,0.0,0.0,0.0,0.9999510995411984,0.9999999999999982,0.9999510995411984,0.0,0.00015018367513442284,0.00015018367513442284
2020-09-09,0.0,0.0,0.0,0.9999510995411984,0.9999999999999982,0.9999510995411984,0.0,0.00015018367513442284,0.00015018367513442284
2020-09-09,0.0036430666723601,0.0,0.0,0.9999510995411984,0.9999999999999982,0.9999510995411984,0.0,2.083129266016112e-06,2.083129266016112e-06
2020-09-09,0.0,0.0,0.0,0.9999510995411984,0.9999999999999982,0.9999510995411984,0.0,0.00015018367513442284,0.00015018367513442284
2020-09-09,0.0046131067312854,0.0,0.0,0.9999510995411984,0.9999999999999982,0.9999510995411984,0.0,2.083129266016112e-06,2.083129266016112e-06
2020-09-09,0.0102739888259601,0.0,0.0,0.9999510995411984,0.9999999999999982,0.9999510995411984,0.0,0.0,0.0
2020-09-09,0.0,0.0,0.0,0.9999510995411984,0.9999999999999982,0.9999510995411984,0.0,0.00015018367513442284,0.00015018367513442284
2020-09-09,0.0,0.0,0.0,0.9999510995411984,0.9999999999999982,0.9999510995411984,0.0,0.00015018367513442284,0.00015018367513442284
2020-09-10,0.0,0.0,0.0,0.9999510995411984,0.9999999999999982,0.9999510995411984,0.0,0.00015018367513442284,0.00015018367513442284
2020-09-10,0.0,0.0,0.0,0.9999510995411984,0.9999999999999982,0.9999510995411984,0.0,0.00015018367513442284,0.00015018367513442284
2020-09-10,0.0,0.0,0.0,0.9999510995411984,0.9999999999999982,0.9999510995411984,0.0,0.00015018367513442284,0.00015018367513442284
2020-09-10,0.0,0.0,0.0,0.9999510995411984,0.9999999999999982,0.9999510995411984,0.0,0.00015018367513442284,0.00015018367513442284
2020-09-10,0.0,0.0,0.0,0.9999510995411984,0.9999999999999982,0.9999510995411984,0.0,0.00015018367513442284,0.00015018367513442284
2020-09-10,0.0,0.0,0.0,0.9999510995411984,0.9999999999999982,0.9999510995411984,0.0,0.00015018367513442284,0.00015018367513442284
2020-09-10,0.0,0.0,0.0,0.9999510995411984,0.9999999999999982,0.9999510995411984,0.0,0.00015018367513442284,0.00015018367513442284
2020-09-10,0.0,0.0,0.0,0.9999510995411984,0.9999999999999982,0.9999510995411984,0.0,0.00015018367513442284,0.00015018367513442284
2020-09-10,0.0,0.0,0.0,0.9999510995411984,0.9999999999999982,0.9999510995411984,0.0,0.00015018367513442284,0.00015018367513442284
2020-09-10,0.0,0.0,0.0,0.9999510995411984,0.9999999999999982,0.9999510995411984,0.0,0.00015018367513442284,0.00015018367513442284
2020-09-10,0.0,0.0,0.0,0.9999510995411984,0.9999999999999982,0.9999510995411984,0.0,0.00015018367513442284,0.00015018367513442284
2020-09-11,0.0,0.0,0.0,1.0,0.9994513828379628,0.9999510995411984,4.890045880157068e-05,4.512341027803154e-06,4.438811777376753e-05
2020-09-11,0.0,0.0,0.0,1.0,0.9994513828379628,1.0,0.0,4.512341027803154e-06,4.512341027803154e-06
2020-09-11,0.0,0.0,0.0,1.0,0.9994513828379628,1.0,0.0,4.512341027803154e-06,4.512341027803154e-06
2020-09-11,0.0,0.0,0.0,1.0,0.9994513828379628,1.0,0.0,4.512341027803154e-06,4.512341027803154e-06
2020-09-11,0.0,0.0,0.0,1.0,0.9994513828379628,1.0,0.0,4.512341027803154e-06,4.512341027803154e-06
2020-09-11,0.0,0.0,0.0,1.0,0.9994513828379628,1.0,0.0,4.512341027803154e-06,4.512341027803154e-06
2020-09-11,0.0,0.0,0.0,1.0,0.9994513828379628,1.0,0.0,4.512341027803154e-06,4.512341027803154e-06
2020-09-11,0.0,0.0,0.0,1.0,0.9994513828379628,1.0,0.0,4.512341027803154e-06,4.512341027803154e-06
2020-09-11,0.0,0.0,0.0,1.0,0.9994513828379628,1.0,0.0,4.512341027803154e-06,4.512341027803154e-06
2020-09-11,0.0,0.0,0.0,1.0,0.9994513828379628,1.0,0.0,4.512341027803154e-06,4.512341027803154e-06
2020-09-11,0.0,0.0,0.0,1.0,0.9994513828379628,1.0,0.0,4.512341027803154e-06,4.512341027803154e-06
2020-09-12,0.0,0.0,0.0,0.9994534654604552,0.9991286668602956,1.0,-0.0005465345395447851,0.0,0.0005465345395447851
2020-09-12,0.0,0.0,0.0,0.9994534654604552,0.9991286668602956,0.9994534654604552,0.0,0.0,0.0
2020-09-12,0.0,0.0,0.0,0.9994534654604552,0.9991286668602956,0.9994534654604552,0.0,0.0,0.0
2020-09-12,0.0,0.0,0.0,0.9994534654604552,0.9991286668602956,0.9994534654604552,0.0,0.0,0.0
2020-09-12,0.0,0.0,0.0,0.9994534654604552,0.9991286668602956,0.9994534654604552,0.0,0.0,0.0
2020-09-12,0.0,0.0,0.0,0.9994534654604552,0.9991286668602956,0.9994534654604552,0.0,0.0,0.0
2020-09-12,0.0,0.0,0.0,0.9994534654604552,0.9991286668602956,0.9994534654604552,0.0,0.0,0.0
2020-09-12,0.0,0.0,0.0,0.9994534654604552,0.9991286668602956,0.9994534654604552,0.0,0.0,0.0
2020-09-12,0.0,0.0,0.0,0.9994534654604552,0.9991286668602956,0.9994534654604552,0.0,0.0,0.0
2020-09-12,0.0,0.0,0.0,0.9994534654604552,0.9991286668602956,0.9994534654604552,0.0,0.0,0.0
2020-09-12,0.0,0.0,0.0,0.9994534654604552,0.9991286668602956,0.9994534654604552,0.0,0.0,0.0
2020-09-13,0.0,0.0,0.0,0.997399646190798,0.9975150869719568,0.9994534654604552,-0.0020538192696571977,0.0,0.0020538192696571977
2020-09-13,0.0,0.0,0.0,0.997399646190798,0.9975150869719568,0.997399646190798,0.0,0.0,0.0
2020-09-13,0.0,0.0,0.0,0.997399646190798,0.9975150869719568,0.997399646190798,0.0,0.0,0.0
2020-09-13,0.0,0.0,0.0,0.997399646190798,0.9975150869719568,0.997399646190798,0.0,0.0,0.0
2020-09-13,0.0,0.0,0.0,0.997399646190798,0.9975150869719568,0.997399646190798,0.0,0.0,0.0
2020-09-13,0.0,0.0,0.0,0.997399646190798,0.9975150869719568,0.997399646190798,0.0,0.0,0.0
2020-09-13,0.0,0.0,0.0,0.997399646190798,0.9975150869719568,0.997399646190798,0.0,0.0,0.0
2020-09-13,0.0,0.0,0.0,0.997399646190798,0.9975150869719568,0.997399646190798,0.0,0.0,0.0
2020-09-13,0.0,0.0,0.0,0.997399646190798,0.9975150869719568,0.997399646190798,0.0,0.0,0.0
2020-09-13,0.0,0.0,0.0,0.997399646190798,0.9975150869719568,0.997399646190798,0.0,0.0,0.0
2020-09-13,0.0,0.0,0.0,0.997399646190798,0.9975150869719568,0.997399646190798,0.0,0.0,0.0
2020-09-14,0.0,0.0,0.0,0.997399646190798,0.9975150869719568,0.997399646190798,0.0,0.0,0.0
2020-09-14,0.0,0.0,0.0,0.997399646190798,0.9975150869719568,0.997399646190798,0.0,0.0,0.0
2020-09-14,0.0,0.0,0.0,0.997399646190798,0.9975150869719568,0.997399646190798,0.0,0.0,0.0
2020-09-14,0.0,0.0,0.0,0.997399646190798,0.9975150869719568,0.997399646190798,0.0,0.0,0.0
2020-09-14,0.0,0.0,0.0,0.997399646190798,0.9975150869719568,0.997399646190798,0.0,0.0,0.0
2020-09-14,0.0,0.0,0.0,0.997399646190798,0.9975150869719568,0.997399646190798,0.0,0.0,0.0
2020-09-14,0.0,0.0,0.0,0.997399646190798,0.9975150869719568,0.997399646190798,0.0,0.0,0.0
2020-09-14,0.0,0.0,0.0,0.997399646190798,0.9975150869719568,0.997399646190798,0.0,0.0,0.0
2020-09-14,0.0,0.0,0.0,0.997399646190798,0.9975150869719568,0.997399646190798,0.0,0.0,0.0
2020-09-14,0.0,0.0,0.0,0.997399646190798,0.9975150869719568,0.997399646190798,0.0,0.0,0.0
2020-09-14,0.0,0.0,0.0,0.997399646190798,0.9975150869719568,0.997399646190798,0.0,0.0,0.0
2020-09-15,0.0,0.0,0.0,0.997399646190798,0.9975150869719568,0.997399646190798,0.0,0.0,0.0
2020-09-15,0.0,0.0,0.0,0.997399646190798,0.9975150869719568,0.997399646190798,0.0,0.0,0.0
2020-09-15,0.0,0.0,0.0,0.997399646190798,0.9975150869719568,0.997399646190798,0.0,0.0,0.0
2020-09-15,0.0,0.0,0.0,0.997399646190798,0.9975150869719568,0.997399646190798,0.0,0.0,0.0
2020-09-15,0.0,0.0,0.0,0.997399646190798,0.9975150869719568,0.997399646190798,0.0,0.0,0.0
2020-09-15,0.0,0.0,0.0,0.997399646190798,0.9975150869719568,0.997399646190798,0.0,0.0,0.0
2020-09-15,0.0,0.0,0.0,0.997399646190798,0.9975150869719568,0.997399646190798,0.0,0.0,0.0
2020-09-15,0.0,0.0,0.0,0.997399646190798,0.9975150869719568,0.997399646190798,0.0,0.0,0.0
2020-09-15,0.0,0.0,0.0,0.997399646190798,0.9975150869719568,0.997399646190798,0.0,0.0,0.0
2020-09-15,0.0,0.0,0.0,0.997399646190798,0.9975150869719568,0.997399646190798,0.0,0.0,0.0
2020-09-15,0.0,0.0,0.0,0.997399646190798,0.9975150869719568,0.997399646190798,0.0,0.0,0.0
2020-09-16,0.0014477249599953,0.0,0.0,0.9809662155359634,0.985897311775906,0.997399646190798,-0.016433430654834602,0.0,0.016433430654834602
2020-09-16,0.0006906747664035,0.0,0.0,0.9809662155359634,0.985897311775906,0.9809662155359634,0.0,5.393432956032784e-05,5.393432956032784e-05
2020-09-16,0.0,0.0,0.0,0.9809662155359634,0.985897311775906,0.9809662155359634,0.0,0.0006258282913644401,0.0006258282913644401
2020-09-16,0.0,0.0,0.0,0.9809662155359634,0.985897311775906,0.9809662155359634,0.0,0.0006258282913644401,0.0006258282913644401
2020-09-16,0.0,0.0,0.0,0.9809662155359634,0.985897311775906,0.9809662155359634,0.0,0.0006258282913644401,0.0006258282913644401
2020-09-16,0.0002496641358594,0.0,0.0,0.9809662155359634,0.985897311775906,0.9809662155359634,0.0,0.0,0.0
2020-09-16,0.0002410226545245,0.0,0.0,0.9809662155359634,0.985897311775906,0.9809662155359634,0.0,0.0,0.0
2020-09-16,0.0,0.0,0.0,0.9809662155359634,0.985897311775906,0.9809662155359634,0.0,0.0006258282913644401,0.0006258282913644401
2020-09-16,0.0,0.0,0.0,0.9809662155359634,0.985897311775906,0.9809662155359634,0.0,0.0006258282913644401,0.0006258282913644401
2020-09-16,0.000560980829192,0.0,0.0,0.9809662155359634,0.985897311775906,0.9809662155359634,0.0,0.0,0.0
2020-09-16,0.0,0.0,0.0,0.9809662155359634,0.985897311775906,0.9809662155359634,0.0,0.0006258282913644401,0.0006258282913644401
2020-09-17,5.147320383619031e-05,0.0,0.0,0.9809662155359634,0.985897311775906,0.9809662155359634,0.0,0.0001058986258573672,0.0001058986258573672
2020-09-17,0.0106419253965521,0.0,0.0,0.9809662155359634,0.985897311775906,0.9809662155359634,0.0,0.0,0.0
2020-09-17,0.0356210030661233,0.0,0.0,0.9809662155359634,0.985897311775906,0.9809662155359634,0.0,0.0,0.0
2020-09-17,0.0897614674002118,0.0,0.0,0.9809662155359634,0.985897311775906,0.9809662155359634,0.0,0.0,0.0
2020-09-17,0.0043266311812447,0.0,0.0,0.9809662155359634,0.985897311775906,0.9809662155359634,0.0,0.0,0.0
2020-09-17,0.0571745013461396,0.0,0.0,0.9809662155359634,0.985897311775906,0.9809662155359634,0.0,0.0,0.0
2020-09-17,0.110767980569735,0.0,0.0,0.9809662155359634,0.985897311775906,0.9809662155359634,0.0,0.0,0.0
2020-09-17,0.2354880180985834,0.0,0.0,0.9809662155359634,0.985897311775906,0.9809662155359634,0.0,0.0,0.0
2020-09-17,0.3219338630322364,0.0,0.0,0.9809662155359634,0.985897311775906,0.9809662155359634,0.0,0.0,0.0
2020-09-17,0.1145887304423752,0.0,0.0,0.9809662155359634,0.985897311775906,0.9809662155359634,0.0,0.0,0.0
2020-09-17,0.0199189535349041,0.0,0.0,0.9809662155359634,0.985897311775906,0.9809662155359634,0.0,0.0,0.0
2020-09-18,0.0,0.0,0.0,0.974545872945102,0.981056572110882,0.9809662155359634,-0.006420342590861439,0.0,0.006420342590861439
2020-09-18,0.0,0.0,0.0,0.974545872945102,0.981056572110882,0.974545872945102,0.0,0.0,0.0
2020-09-18,0.0,0.0,0.0,0.974545872945102,0.981056572110882,0.974545872945102,0.0,0.0,0.0
2020-09-18,0.020644285233388,0.0,0.0,0.974545872945102,0.981056572110882,0.974545872945102,0.0,0.0,0.0
2020-09-18,0.0006630334925338,0.0,0.0,0.974545872945102,0.981056572110882,0.974545872945102,0.0,0.0,0.0
2020-09-18,0.0,0.0,0.0,0.974545872945102,0.981056572110882,0.974545872945102,0.0,0.0,0.0
2020-09-18,0.0100099088795165,0.0,0.0,0.974545872945102,0.981056572110882,0.974545872945102,0.0,0.0,0.0
2020-09-18,0.0367586694469386,0.0,0.0,0.974545872945102,0.981056572110882,0.974545872945102,0.0,0.0,0.0
2020-09-18,0.0046400463215693,0.0,0.0,0.974545872945102,0.981056572110882,0.974545872945102,0.0,0.0,0.0
2020-09-18,0.0208452437839987,0.0,0.0,0.974545872945102,0.981056572110882,0.974545872945102,0.0,0.0,0.0
2020-09-18,0.0017698970506497,0.0,0.0,0.974545872945102,0.981056572110882,0.974545872945102,0.0,0.0,0.0
2020-09-19,0.0,0.0,0.0,0.968660558903479,0.9768612644011992,0.974545872945102,-0.005885314041622958,0.0,0.005885314041622958
2020-09-19,0.0,0.0,0.0,0.968660558903479,0.9768612644011992,0.968660558903479,0.0,0.0,0.0
2020-09-19,0.0,0.0,0.0,0.968660558903479,0.9768612644011992,0.968660558903479,0.0,0.0,0.0
2020-09-19,0.0,0.0,0.0,0.968660558903479,0.9768612644011992,0.968660558903479,0.0,0.0,0.0
2020-09-19,0.0,0.0,0.0,0.968660558903479,0.9768612644011992,0.968660558903479,0.0,0.0,0.0
2020-09-19,0.0,0.0,0.0,0.968660558903479,0.9768612644011992,0.968660558903479,0.0,0.0,0.0
2020-09-19,0.0,0.0,0.0,0.968660558903479,0.9768612644011992,0.968660558903479,0.0,0.0,0.0
2020-09-19,0.0,0.0,0.0,0.968660558903479,0.9768612644011992,0.968660558903479,0.0,0.0,0.0
2020-09-19,0.0,0.0,0.0,0.968660558903479,0.9768612644011992,0.968660558903479,0.0,0.0,0.0
2020-09-19,0.0002423824487716,0.0,0.0,0.968660558903479,0.9768612644011992,0.968660558903479,0.0,0.0,0.0
2020-09-19,0.0,0.0,0.0,0.968660558903479,0.9768612644011992,0.968660558903479,0.0,0.0,0.0
2020-09-20,0.0229192166560375,0.0,0.0,0.963871190438522,0.9736341046245176,0.968660558903479,-0.004789368464957033,0.0,0.004789368464957033
2020-09-20,0.0003320592239574,0.0,0.0,0.963871190438522,0.9736341046245176,0.963871190438522,0.0,0.0,0.0
2020-09-20,0.0047042255272836,0.0,0.0,0.963871190438522,0.9736341046245176,0.963871190438522,0.0,0.0,0.0
2020-09-20,0.0019130179181575,0.0,0.0,0.963871190438522,0.9736341046245176,0.963871190438522,0.0,0.0,0.0
2020-09-20,0.0,0.0,0.0,0.963871190438522,0.9736341046245176,0.963871190438522,0.0,0.0003163393623352807,0.0003163393623352807
2020-09-20,0.0143138555163526,0.0,0.0,0.963871190438522,0.9736341046245176,0.963871190438522,0.0,0.0,0.0
2020-09-20,0.1077486548830308,0.0,0.0,0.963871190438522,0.9736341046245176,0.963871190438522,0.0,0.0,0.0
2020-09-20,0.0,0.0,0.0,0.963871190438522,0.9736341046245176,0.963871190438522,0.0,0.0003163393623352807,0.0003163393623352807
2020-09-20,0.0683837270918827,0.0,0.0,0.963871190438522,0.9736341046245176,0.963871190438522,0.0,0.0,0.0
2020-09-20,0.0227311425431257,0.0,0.0,0.963871190438522,0.9736341046245176,0.963871190438522,0.0,0.0,0.0
2020-09-20,0.0525408193249539,0.0,0.0,0.963871190438522,0.9736341046245176,0.963871190438522,0.0,0.0,0.0
2020-09-21,0.0052670723151585,0.0,0.0,0.9585669289073624,0.9694387969148348,0.963871190438522,-0.005304261531159593,0.0,0.005304261531159593
2020-09-21,0.0,0.0,0.0,0.9585669289073624,0.9694387969148348,0.9585669289073624,0.0,1.756307234596886e-05,1.756307234596886e-05
2020-09-21,0.0,0.0,0.0,0.9585669289073624,0.9694387969148348,0.9585669289073624,0.0,1.756307234596886e-05,1.756307234596886e-05
2020-09-21,0.0378601645166759,0.0,0.0,0.9585669289073624,0.9694387969148348,0.9585669289073624,0.0,0.0,0.0
2020-09-21,0.0,0.0,0.0,0.9585669289073624,0.9694387969148348,0.9585669289073624,0.0,1.756307234596886e-05,1.756307234596886e-05
2020-09-21,0.0006367081865693,0.0,0.0,0.9585669289073624,0.9694387969148348,0.9585669289073624,0.0,0.0,0.0
2020-09-21,0.0,0.0,0.0,0.9585669289073624,0.9694387969148348,0.9585669289073624,0.0,1.756307234596886e-05,1.756307234596886e-05
2020-09-21,0.0,0.0,0.0,0.9585669289073624,0.9694387969148348,0.9585669289073624,0.0,1.756307234596886e-05,1.756307234596886e-05
2020-09-21,0.0018877162703229,0.0,0.0,0.9585669289073624,0.9694387969148348,0.9585669289073624,0.0,0.0,0.0
2020-09-21,0.0035044868250623,0.0,0.0,0.9585669289073624,0.9694387969148348,0.9585669289073624,0.0,0.0,0.0
2020-09-21,0.0601267720290307,0.0,0.0,0.9585669289073624,0.9694387969148348,0.9585669289073624,0.0,0.0,0.0
2020-09-22,0.0003611895797829,0.0,0.0,0.9535474406362812,0.9655662051828192,0.9585669289073624,-0.005019488271081229,0.0,0.005019488271081229
2020-09-22,0.0153931849962536,0.0,0.0,0.9535474406362812,0.9655662051828192,0.9535474406362812,0.0,0.0,0.0
2020-09-22,0.0023885505880716,0.0,0.0,0.9535474406362812,0.9655662051828192,0.9535474406362812,0.0,0.0,0.0
2020-09-22,0.0028940508311049,0.0,0.0,0.9535474406362812,0.9655662051828192,0.9535474406362812,0.0,0.0,0.0
2020-09-22,0.0014364890188444,0.0,0.0,0.9535474406362812,0.9655662051828192,0.9535474406362812,0.0,0.0,0.0
2020-09-22,0.0012524318584971,0.0,0.0,0.9535474406362812,0.9655662051828192,0.9535474406362812,0.0,0.0,0.0
2020-09-22,7.274576487416607e-07,0.0,0.0,0.9535474406362812,0.9655662051828192,0.9535474406362812,0.0,0.0007381236606308128,0.0007381236606308128
2020-09-22,0.0557421008181641,0.0,0.0,0.9535474406362812,0.9655662051828192,0.9535474406362812,0.0,0.0,0.0
2020-09-22,0.0044750615951732,0.0,0.0,0.9535474406362812,0.9655662051828192,0.9535474406362812,0.0,0.0,0.0
2020-09-22,0.0157903040968878,0.0,0.0,0.9535474406362812,0.9655662051828192,0.9535474406362812,0.0,0.0,0.0
2020-09-22,0.08632808991808,0.0,0.0,0.9535474406362812,0.9655662051828192,0.9535474406362812,0.0,0.0,0.0
2020-09-23,0.0,0.0,0.0,0.9475269312085604,0.960725465517795,0.9535474406362812,-0.0060205094277208104,0.0,0.0060205094277208104
2020-09-23,0.0,0.0,0.0,0.9475269312085604,0.960725465517795,0.9475269312085604,0.0,0.0,0.0
2020-09-23,0.0,0.0,0.0,0.9475269312085604,0.960725465517795,0.9475269312085604,0.0,0.0,0.0
2020-09-23,0.0,0.0,0.0,0.9475269312085604,0.960725465517795,0.9475269312085604,0.0,0.0,0.0
2020-09-23,0.0,0.0,0.0,0.9475269312085604,0.960725465517795,0.9475269312085604,0.0,0.0,0.0
2020-09-23,0.0,0.0,0.0,0.9475269312085604,0.960725465517795,0.9475269312085604,0.0,0.0,0.0
2020-09-23,0.0,0.0,0.0,0.9475269312085604,0.960725465517795,0.9475269312085604,0.0,0.0,0.0
2020-09-23,0.0,0.0,0.0,0.9475269312085604,0.960725465517795,0.9475269312085604,0.0,0.0,0.0
2020-09-23,0.0,0.0,0.0,0.9475269312085604,0.960725465517795,0.9475269312085604,0.0,0.0,0.0
2020-09-23,0.0,0.0,0.0,0.9475269312085604,0.960725465517795,0.9475269312085604,0.0,0.0,0.0
2020-09-23,0.0,0.0,0.0,0.9475269312085604,0.960725465517795,0.9475269312085604,0.0,0.0,0.0
2020-09-24,0.0,0.0,0.0,0.9421334982525276,0.9565301578081122,0.9475269312085604,-0.005393432956032784,0.0,0.005393432956032784
2020-09-24,0.0,0.0,0.0,0.9421334982525276,0.9565301578081122,0.9421334982525276,0.0,0.0,0.0
2020-09-24,0.0,0.0,0.0,0.9421334982525276,0.9565301578081122,0.9421334982525276,0.0,0.0,0.0
2020-09-24,0.0,0.0,0.0,0.9421334982525276,0.9565301578081122,0.9421334982525276,0.0,0.0,0.0
2020-09-24,0.0,0.0,0.0,0.9421334982525276,0.9565301578081122,0.9421334982525276,0.0,0.0,0.0
2020-09-24,0.0,0.0,0.0,0.9421334982525276,0.9565301578081122,0.9421334982525276,0.0,0.0,0.0
2020-09-24,0.0,0.0,0.0,0.9421334982525276,0.9565301578081122,0.9421334982525276,0.0,0.0,0.0
2020-09-24,0.0,0.0,0.0,0.9421334982525276,0.9565301578081122,0.9421334982525276,0.0,0.0,0.0
2020-09-24,0.0,0.0,0.0,0.9421334982525276,0.9565301578081122,0.9421334982525276,0.0,0.0,0.0
2020-09-24,0.0,0.0,0.0,0.9421334982525276,0.9565301578081122,0.9421334982525276,0.0,0.0,0.0
2020-09-24,0.0,0.0,0.0,0.9421334982525276,0.9565301578081122,0.9421334982525276,0.0,0.0,0.0
2020-09-25,0.052641026258302,0.0,0.0,0.9421334982525276,0.9565301578081122,0.9421334982525276,0.0,0.0,0.0
2020-09-25,0.0180823675496519,0.0,0.0,0.9421334982525276,0.9565301578081122,0.9421334982525276,0.0,0.0,0.0
2020-09-25,0.0065303396255199,0.0,0.0,0.9421334982525276,0.9565301578081122,0.9421334982525276,0.0,0.0,0.0
2020-09-25,0.0148793557507221,0.0,0.0,0.9421334982525276,0.9565301578081122,0.9421334982525276,0.0,6.175840296854474e-05,6.175840296854474e-05
2020-09-25,0.0617945463090984,0.0,0.0,0.9421334982525276,0.9565301578081122,0.9421334982525276,0.0,0.0,0.0
2020-09-25,0.0045741308622747,0.0,0.0,0.9421334982525276,0.9565301578081122,0.9421334982525276,0.0,3.952307670180899e-05,3.952307670180899e-05
2020-09-25,0.0076408448246998,0.0,0.0,0.9421334982525276,0.9565301578081122,0.9421334982525276,0.0,0.0,0.0
2020-09-25,0.0266751100420042,0.0,0.0,0.9421334982525276,0.9565301578081122,0.9421334982525276,0.0,0.0,0.0
2020-09-25,0.0185663495656216,0.0,0.0,0.9421334982525276,0.9565301578081122,0.9421334982525276,0.0,0.0,0.0
2020-09-25,0.019688882442236,0.0,0.0,0.9421334982525276,0.9565301578081122,0.9421334982525276,0.0,0.0,0.0
2020-09-25,0.0,0.0,0.0,0.9421334982525276,0.9565301578081122,0.9421334982525276,0.0,0.0,0.0
2020-09-26,0.1140597243731361,0.0,0.0,0.9421334982525276,0.9565301578081122,0.9421334982525276,0.0,0.0,0.0
2020-09-26,0.0435910257116802,0.0,0.0,0.9421334982525276,0.9565301578081122,0.9421334982525276,0.0,0.0,0.0
2020-09-26,0.1420360140752811,0.0,0.0,0.9421334982525276,0.9565301578081122,0.9421334982525276,0.0,0.0,0.0
2020-09-26,0.2716183516958645,0.0,0.0,0.9421334982525276,0.9565301578081122,0.9421334982525276,0.0,0.0,0.0
2020-09-26,0.0381962002358196,0.0,0.0,0.9421334982525276,0.9565301578081122,0.9421334982525276,0.0,0.0,0.0
2020-09-26,0.1485291857578373,0.0,0.0,0.9421334982525276,0.9565301578081122,0.9421334982525276,0.0,0.0,0.0
2020-09-26,0.1765853642775972,0.0,0.0,0.9421334982525276,0.9565301578081122,0.9421334982525276,0.0,0.0,0.0
2020-09-26,0.1497990563264944,0.0,0.0,0.9421334982525276,0.9565301578081122,0.9421334982525276,0.0,0.0,0.0
2020-09-26,0.2108074205358559,0.0,0.0,0.9421334982525276,0.9565301578081122,0.9421334982525276,0.0,0.0,0.0
2020-09-26,0.1581211362005626,0.0,0.0,0.9421334982525276,0.9565301578081122,0.9421334982525276,0.0,0.0,0.0
2020-09-26,0.1413139676381479,0.0,0.0,0.9421334982525276,0.9565301578081122,0.9421334982525276,0.0,0.0,0.0
2020-09-27,0.0001480524042756,0.0,0.0,0.9421334982525276,0.9565301578081122,0.9421334982525276,0.0,0.0,0.0
2020-09-27,0.0038222620752275,0.0,0.0,0.9421334982525276,0.9565301578081122,0.9421334982525276,0.0,3.952307670180899e-05,3.952307670180899e-05
2020-09-27,0.0,0.0,0.0,0.9421334982525276,0.9565301578081122,0.9421334982525276,0.0,0.0,0.0
2020-09-27,0.0275195574596303,0.0,0.0,0.9421334982525276,0.9565301578081122,0.9421334982525276,0.0,0.0,0.0
2020-09-27,0.0002244757358887,0.0,0.0,0.9421334982525276,0.9565301578081122,0.9421334982525276,0.0,0.0,0.0
2020-09-27,0.0058664575417132,0.0,0.0,0.9421334982525276,0.9565301578081122,0.9421334982525276,0.0,0.0,0.0
2020-09-27,0.0615827742943291,0.0,0.0,0.9421334982525276,0.9565301578081122,0.9421334982525276,0.0,0.0,0.0
2020-09-27,0.0001408365163284,0.0,0.0,0.9421334982525276,0.9565301578081122,0.9421334982525276,0.0,0.0,0.0
2020-09-27,0.0,0.0,0.0,0.9421334982525276,0.9565301578081122,0.9421334982525276,0.0,0.0,0.0
2020-09-27,5.06468685935121e-05,0.0,0.0,0.9421334982525276,0.9565301578081122,0.9421334982525276,0.0,0.0,0.0
2020-09-27,0.0009155180621948,0.0,0.0,0.9421334982525276,0.9565301578081122,0.9421334982525276,0.0,0.0002734973895784509,0.0002734973895784509
2020-09-28,0.0004391287512716,0.0,0.0,0.9421334982525276,0.9565301578081122,0.9421334982525276,0.0,0.0,0.0
2020-09-28,0.0,0.0,0.0,0.9421334982525276,0.9565301578081122,0.9421334982525276,0.0,0.0,0.0
2020-09-28,0.0010656748016956,0.0,0.0,0.9421334982525276,0.9565301578081122,0.9421334982525276,0.0,0.000779156898560322,0.000779156898560322
2020-09-28,0.005661144754588,0.0,0.0,0.9421334982525276,0.9565301578081122,0.9421334982525276,0.0,0.0,0.0
2020-09-28,0.0001191123203646,0.0,0.0,0.9421334982525276,0.9565301578081122,0.9421334982525276,0.0,0.0,0.0
2020-09-28,0.0,0.0,0.0,0.9421334982525276,0.9565301578081122,0.9421334982525276,0.0,0.0,0.0
2020-09-28,0.0,0.0,0.0,0.9421334982525276,0.9565301578081122,0.9421334982525276,0.0,0.0,0.0
2020-09-28,0.0,0.0,0.0,0.9421334982525276,0.9565301578081122,0.9421334982525276,0.0,0.0,0.0
2020-09-28,0.0,0.0,0.0,0.9421334982525276,0.9565301578081122,0.9421334982525276,0.0,0.0,0.0
2020-09-28,0.0,0.0,0.0,0.9421334982525276,0.9565301578081122,0.9421334982525276,0.0,0.0,0.0
2020-09-28,0.0001612260511107,0.0,0.0,0.9421334982525276,0.9565301578081122,0.9421334982525276,0.0,0.0,0.0
2020-09-29,0.0,0.0,0.0,0.9421334982525276,0.9565301578081122,0.9421334982525276,0.0,0.0,0.0
2020-09-29,0.0,0.0,0.0,0.9421334982525276,0.9565301578081122,0.9421334982525276,0.0,0.0,0.0
2020-09-29,0.0,0.0,0.0,0.9421334982525276,0.9565301578081122,0.9421334982525276,0.0,0.0,0.0
2020-09-29,0.0,0.0,0.0,0.9421334982525276,0.9565301578081122,0.9421334982525276,0.0,0.0,0.0
2020-09-29,0.0,0.0,0.0,0.9421334982525276,0.9565301578081122,0.9421334982525276,0.0,0.0,0.0
2020-09-29,0.0,0.0,0.0,0.9421334982525276,0.9565301578081122,0.9421334982525276,0.0,0.0,0.0
2020-09-29,0.0,0.0,0.0,0.9421334982525276,0.9565301578081122,0.9421334982525276,0.0,0.0,0.0
2020-09-29,0.0,0.0,0.0,0.9421334982525276,0.9565301578081122,0.9421334982525276,0.0,0.0,0.0
2020-09-29,0.0,0.0,0.0,0.9421334982525276,0.9565301578081122,0.9421334982525276,0.0,0.0,0.0
2020-09-29,0.0,0.0,0.0,0.9421334982525276,0.9565301578081122,0.9421334982525276,0.0,0.0,0.0
2020-09-29,0.0,0.0,0.0,0.9421334982525276,0.9565301578081122,0.9421334982525276,0.0,0.0,0.0
2020-09-30,0.0887283601768251,0.0,0.0,0.9035884307267472,0.9155452286442678,0.9421334982525276,-0.03854506752578035,0.0,0.03854506752578035
2020-09-30,0.0599562201199323,0.0,0.0,0.9035884307267472,0.9155452286442678,0.9035884307267472,0.0,0.0,0.0
2020-09-30,0.0567007911663324,0.0,0.0,0.9035884307267472,0.9155452286442678,0.9035884307267472,0.0,0.0,0.0
2020-09-30,0.0098329564909419,0.0,0.0,0.9035884307267472,0.9155452286442678,0.9035884307267472,0.0,0.0,0.0
2020-09-30,0.0021608238171182,0.0,0.0,0.9035884307267472,0.9155452286442678,0.9035884307267472,0.0,0.0,0.0
2020-09-30,0.0027485362850736,0.0,0.0,0.9035884307267472,0.9155452286442678,0.9035884307267472,0.0,0.0,0.0
2020-09-30,0.0283207904643298,0.0,0.0,0.9035884307267472,0.9155452286442678,0.9035884307267472,0.0,0.00015996203023198929,0.00015996203023198929
2020-09-30,0.0671389342840432,0.0,0.0,0.9035884307267472,0.9155452286442678,0.9035884307267472,0.0,0.0,0.0
2020-09-30,0.0050903825864973,0.0,0.0,0.9035884307267472,0.9155452286442678,0.9035884307267472,0.0,4.6426670885529875e-05,4.6426670885529875e-05
2020-09-30,0.078071318597912,0.0,0.0,0.9035884307267472,0.9155452286442678,0.9035884307267472,0.0,0.0,0.0
2020-09-30,0.0163613240950501,0.0,0.0,0.9035884307267472,0.9155452286442678,0.9035884307267472,0.0,0.0,0.0
2020-10-01,0.055247143284919,0.0,0.0,0.8891484128924622,0.9155452286442678,0.9035884307267472,-0.014440017834285057,0.0,0.014440017834285057
2020-10-01,0.0767551720929252,0.0,0.0,0.8891484128924622,0.9155452286442678,0.8891484128924622,0.0,0.00015058464813243465,0.00015058464813243465
2020-10-01,0.0728111508546036,0.0,0.0,0.8891484128924622,0.9155452286442678,0.8891484128924622,0.0,0.0,0.0
2020-10-01,0.0302727884254354,0.0,0.0,0.8891484128924622,0.9155452286442678,0.8891484128924622,0.0,0.0,0.0
2020-10-01,0.0386880891350613,0.0,0.0,0.8891484128924622,0.9155452286442678,0.8891484128924622,0.0,0.0,0.0
2020-10-01,0.0413805877027844,0.0,0.0,0.8891484128924622,0.9155452286442678,0.8891484128924622,0.0,0.0,0.0
2020-10-01,0.0095324115969293,0.0,0.0,0.8891484128924622,0.9155452286442678,0.8891484128924622,0.0,0.0,0.0
2020-10-01,0.1345831648785644,0.0,0.0,0.8891484128924622,0.9155452286442678,0.8891484128924622,0.0,0.0,0.0
2020-10-01,0.0929105439685582,0.0,0.0,0.8891484128924622,0.9155452286442678,0.8891484128924622,0.0,0.0,0.0
2020-10-01,0.0920957097865859,0.0,0.0,0.8891484128924622,0.9155452286442678,0.8891484128924622,0.0,0.0,0.0
2020-10-01,0.1024252992143098,0.0,0.0,0.8891484128924622,0.9155452286442678,0.8891484128924622,0.0,0.0,0.0
2020-10-02,0.1150385571142761,0.0,0.0,0.8819140214874369,0.9094136250685754,0.8891484128924622,-0.007234391405025242,0.0,0.007234391405025242
2020-10-02,0.0439970615051885,0.0,0.0,0.8819140214874369,0.9094136250685754,0.8819140214874369,0.0,0.0,0.0
2020-10-02,0.1856486516443834,0.0,0.0,0.8819140214874369,0.9094136250685754,0.8819140214874369,0.0,0.0,0.0
2020-10-02,0.0516670574361452,0.0,0.0,0.8819140214874369,0.9094136250685754,0.8819140214874369,0.0,0.0,0.0
2020-10-02,0.1763618222067681,0.0,0.0,0.8819140214874369,0.9094136250685754,0.8819140214874369,0.0,0.0,0.0
2020-10-02,0.1988612289419499,0.0,0.0,0.8819140214874369,0.9094136250685754,0.8819140214874369,0.0,0.0,0.0
2020-10-02,0.5296037222071179,0.0,0.0,0.8819140214874369,0.9094136250685754,0.8819140214874369,0.0,0.0,0.0
2020-10-02,0.1129391922137526,0.0,0.0,0.8819140214874369,0.9094136250685754,0.8819140214874369,0.0,0.0,0.0
2020-10-02,0.1062356948304323,0.0,0.0,0.8819140214874369,0.9094136250685754,0.8819140214874369,0.0,0.0,0.0
2020-10-02,0.226594305879933,0.0,0.0,0.8819140214874369,0.9094136250685754,0.8819140214874369,0.0,0.0,0.0
2020-10-02,0.3365156478491065,0.0,0.0,0.8819140214874369,0.9094136250685754,0.8819140214874369,0.0,0.0,0.0
2020-10-03,0.1265249806119791,0.0,0.0,0.8742625379338117,0.903282021492883,0.8819140214874369,-0.007651483553625216,0.0,0.007651483553625216
2020-10-03,0.0930304016199675,0.0,0.0,0.8742625379338117,0.903282021492883,0.8742625379338117,0.0,0.0,0.0
2020-10-03,0.0914003412934938,0.0,0.0,0.8742625379338117,0.903282021492883,0.8742625379338117,0.0,0.0,0.0
2020-10-03,0.0634292454600779,0.0,0.0,0.8742625379338117,0.903282021492883,0.8742625379338117,0.0,0.0,0.0
2020-10-03,0.0998004314003336,0.0,0.0,0.8742625379338117,0.903282021492883,0.8742625379338117,0.0,0.0,0.0
2020-10-03,0.1128313234370676,0.0,0.0,0.8742625379338117,0.903282021492883,0.8742625379338117,0.0,0.0,0.0
2020-10-03,0.193091395172364,0.0,0.0,0.8742625379338117,0.903282021492883,0.8742625379338117,0.0,0.0,0.0
2020-10-03,0.1135593300480095,0.0,0.0,0.8742625379338117,0.903282021492883,0.8742625379338117,0.0,0.0,0.0
2020-10-03,0.1868552297454048,0.0,0.0,0.8742625379338117,0.903282021492883,0.8742625379338117,0.0,0.0,0.0
2020-10-03,0.1005863618712773,0.0,0.0,0.8742625379338117,0.903282021492883,0.8742625379338117,0.0,0.0,0.0
2020-10-03,0.159011620089771,0.0,0.0,0.8742625379338117,0.903282021492883,0.8742625379338117,0.0,0.0,0.0
2020-10-04,0.0001862335556189,0.0,0.0,0.8664816119892417,0.8971504179171905,0.8742625379338117,-0.007780925944570027,0.0,0.007780925944570027
2020-10-04,0.0012303536082993,0.0,0.0,0.8664816119892417,0.8971504179171905,0.8664816119892417,0.0,0.00014848480490154748,0.00014848480490154748
2020-10-04,0.0,0.0,0.0,0.8664816119892417,0.8971504179171905,0.8664816119892417,0.0,0.0,0.0
2020-10-04,8.173642588049948e-05,0.0,0.0,0.8664816119892417,0.8971504179171905,0.8664816119892417,0.0,0.0002096679083547831,0.0002096679083547831
2020-10-04,2.905178145536883e-05,0.0,0.0,0.8664816119892417,0.8971504179171905,0.8664816119892417,0.0,0.003433703922104448,0.003433703922104448
2020-10-04,0.0,0.0,0.0,0.8664816119892417,0.8971504179171905,0.8664816119892417,0.0,0.0,0.0
2020-10-04,0.0,0.0,0.0,0.8664816119892417,0.8971504179171905,0.8664816119892417,0.0,0.0,0.0
2020-10-04,1.8757227148261152e-06,0.0,0.0,0.8664816119892417,0.8971504179171905,0.8664816119892417,0.0,0.00017870241194321734,0.00017870241194321734
2020-10-04,0.0,0.0,0.0,0.8664816119892417,0.8971504179171905,0.8664816119892417,0.0,0.0,0.0
2020-10-04,0.0,0.0,0.0,0.8664816119892417,0.8971504179171905,0.8664816119892417,0.0,0.0,0.0
2020-10-04,0.0,0.0,0.0,0.8664816119892417,0.8971504179171905,0.8664816119892417,0.0,0.0,0.0
2020-10-05,0.0,0.0,0.0,0.8580764860705604,0.8906960983638275,0.8664816119892417,-0.008405125918681255,0.0,0.008405125918681255
2020-10-05,0.0,0.0,0.0,0.8580764860705604,0.8906960983638275,0.8580764860705604,0.0,0.0,0.0
2020-10-05,0.0,0.0,0.0,0.8580764860705604,0.8906960983638275,0.8580764860705604,0.0,0.0,0.0
2020-10-05,0.0,0.0,0.0,0.8580764860705604,0.8906960983638275,0.8580764860705604,0.0,0.0,0.0
2020-10-05,0.0,0.0,0.0,0.8580764860705604,0.8906960983638275,0.8580764860705604,0.0,0.0,0.0
2020-10-05,0.0,0.0,0.0,0.8580764860705604,0.8906960983638275,0.8580764860705604,0.0,0.0,0.0
2020-10-05,0.0,0.0,0.0,0.8580764860705604,0.8906960983638275,0.8580764860705604,0.0,0.0,0.0
2020-10-05,0.0,0.0,0.0,0.8580764860705604,0.8906960983638275,0.8580764860705604,0.0,0.0,0.0
2020-10-05,0.0,0.0,0.0,0.8580764860705604,0.8906960983638275,0.8580764860705604,0.0,0.0,0.0
2020-10-05,0.0,0.0,0.0,0.8580764860705604,0.8906960983638275,0.8580764860705604,0.0,0.0,0.0
2020-10-05,0.0,0.0,0.0,0.8580764860705604,0.8906960983638275,0.8580764860705604,0.0,0.0,0.0
2020-10-06,0.0006852787598524,0.0,0.0,0.8580764860705604,0.8906960983638275,0.8580764860705604,0.0,0.0014500711933150168,0.0014500711933150168
2020-10-06,0.0,0.0,0.0,0.8580764860705604,0.8906960983638275,0.8580764860705604,0.0,0.0,0.0
2020-10-06,0.0003061443800084,0.0,0.0,0.8580764860705604,0.8906960983638275,0.8580764860705604,0.0,0.0,0.0
2020-10-06,0.0035452760909594,0.0,0.0,0.8580764860705604,0.8906960983638275,0.8580764860705604,0.0,0.0,0.0
2020-10-06,0.0,0.0,0.0,0.8580764860705604,0.8906960983638275,0.8580764860705604,0.0,0.0,0.0
2020-10-06,0.0053946589953888,0.0,0.0,0.8580764860705604,0.8906960983638275,0.8580764860705604,0.0,0.0005106933797408286,0.0005106933797408286
2020-10-06,9.719311208597601e-08,0.0,0.0,0.8580764860705604,0.8906960983638275,0.8580764860705604,0.0,0.00012950202099235755,0.00012950202099235755
2020-10-06,0.0,0.0,0.0,0.8580764860705604,0.8906960983638275,0.8580764860705604,0.0,0.0,0.0
2020-10-06,0.0,0.0,0.0,0.8580764860705604,0.8906960983638275,0.8580764860705604,0.0,0.0,0.0
2020-10-06,6.559044373900219e-07,0.0,0.0,0.8580764860705604,0.8906960983638275,0.8580764860705604,0.0,0.0001627152909324778,0.0001627152909324778
2020-10-06,0.0,0.0,0.0,0.8580764860705604,0.8906960983638275,0.8580764860705604,0.0,0.0,0.0
2020-10-07,0.2836459802356477,0.0,0.0,0.8580764860705604,0.8906960983638275,0.8580764860705604,0.0,0.0,0.0
2020-10-07,0.3412849951018741,0.0,0.0,0.8580764860705604,0.8906960983638275,0.8580764860705604,0.0,0.0,0.0
2020-10-07,0.5151624467295174,0.0,0.0,0.8580764860705604,0.8906960983638275,0.8580764860705604,0.0,0.0,0.0
2020-10-07,0.3429346312838616,0.0,0.0,0.8580764860705604,0.8906960983638275,0.8580764860705604,0.0,0.0,0.0
2020-10-07,0.3933602801554605,0.0,0.0,0.8580764860705604,0.8906960983638275,0.8580764860705604,0.0,0.0,0.0
2020-10-07,0.3705871753806069,0.0,0.0,0.8580764860705604,0.8906960983638275,0.8580764860705604,0.0,0.0002101281479670314,0.0002101281479670314
2020-10-07,0.1855671273439607,0.0,0.0,0.8580764860705604,0.8906960983638275,0.8580764860705604,0.0,0.0,0.0
2020-10-07,0.3609727483599004,0.0,0.0,0.8580764860705604,0.8906960983638275,0.8580764860705604,0.0,0.0004072257619122882,0.0004072257619122882
2020-10-07,0.4228527186343471,0.0,0.0,0.8580764860705604,0.8906960983638275,0.8580764860705604,0.0,0.0,0.0
2020-10-07,0.36338623653903,0.0,0.0,0.8580764860705604,0.8906960983638275,0.8580764860705604,0.0,0.0008365142602367192,0.0008365142602367192
2020-10-07,0.2642524421553024,0.0,0.0,0.8580764860705604,0.8906960983638275,0.8580764860705604,0.0,0.00024335169497619603,0.00024335169497619603
2020-10-08,0.1116623843972789,0.0,0.0,0.8580764860705604,0.8906960983638275,0.8580764860705604,0.0,0.0,0.0
2020-10-08,0.3722931412319542,0.0,0.0,0.8580764860705604,0.8906960983638275,0.8580764860705604,0.0,0.0002101281479670314,0.0002101281479670314
2020-10-08,0.2667679649156811,0.0,0.0,0.8580764860705604,0.8906960983638275,0.8580764860705604,0.0,0.0,0.0
2020-10-08,0.7269462592817533,0.0,0.0,0.8580764860705604,0.8906960983638275,0.8580764860705604,0.0,2.3011980612386296e-07,2.3011980612386296e-07
2020-10-08,0.2787430115346183,0.0,0.0,0.8580764860705604,0.8906960983638275,0.8580764860705604,0.0,0.0,0.0
2020-10-08,0.4174192569585329,0.0,0.0,0.8580764860705604,0.8906960983638275,0.8580764860705604,0.0,0.0,0.0
2020-10-08,0.7044232808317836,0.0,0.0,0.8580764860705604,0.8906960983638275,0.8580764860705604,0.0,0.0,0.0
2020-10-08,0.3296261140988921,0.0,0.0,0.8580764860705604,0.8906960983638275,0.8580764860705604,0.0,0.0,0.0
2020-10-08,0.6848383086935115,0.0,0.0,0.8580764860705604,0.8906960983638275,0.8580764860705604,0.0,0.0,0.0
2020-10-08,0.4680218856921582,0.0,0.0,0.8580764860705604,0.8906960983638275,0.8580764860705604,0.0,0.0,0.0
2020-10-08,0.4687178247475762,0.0,0.0,0.8580764860705604,0.8906960983638275,0.8580764860705604,0.0,0.0,0.0
2020-10-09,0.4306851083051961,0.0,0.0,0.8580764860705604,0.8906960983638275,0.8580764860705604,0.0,0.0,0.0
2020-10-09,0.3312323068976767,0.0,0.0,0.8580764860705604,0.8906960983638275,0.8580764860705604,0.0,0.0,0.0
2020-10-09,0.2623274720483484,0.0,0.0,0.8580764860705604,0.8906960983638275,0.8580764860705604,0.0,0.0002137525349134925,0.0002137525349134925
2020-10-09,0.2968583931098972,0.0,0.0,0.8580764860705604,0.8906960983638275,0.8580764860705604,0.0,0.0,0.0
2020-10-09,0.2174394072968923,0.0,0.0,0.8580764860705604,0.8906960983638275,0.8580764860705604,0.0,0.0,0.0
2020-10-09,0.3344643278889943,0.0,0.0,0.8580764860705604,0.8906960983638275,0.8580764860705604,0.0,0.0,0.0
2020-10-09,0.2785342361087127,0.0,0.0,0.8580764860705604,0.8906960983638275,0.8580764860705604,0.0,0.0,0.0
2020-10-09,0.0967643389626587,0.0,0.0,0.8580764860705604,0.8906960983638275,0.8580764860705604,0.0,0.0,0.0
2020-10-09,0.1212298077705893,0.0,0.0,0.8580764860705604,0.8906960983638275,0.8580764860705604,0.0,0.0,0.0
2020-10-09,0.2343865422736785,0.0,0.0,0.8580764860705604,0.8906960983638275,0.8580764860705604,0.0,0.0,0.0
2020-10-09,0.2884932662276032,0.0,0.0,0.8580764860705604,0.8906960983638275,0.8580764860705604,0.0,0.0,0.0
2020-10-10,0.1396349983811428,0.0,0.0,0.8580764860705604,0.8906960983638275,0.8580764860705604,0.0,1.6971335701649327e-05,1.6971335701649327e-05
2020-10-10,0.1842523515450858,0.0,0.0,0.8580764860705604,0.8906960983638275,0.8580764860705604,0.0,0.0,0.0
2020-10-10,0.1229178808172092,0.0,0.0,0.8580764860705604,0.8906960983638275,0.8580764860705604,0.0,0.0,0.0
2020-10-10,0.0922862498467647,0.0,0.0,0.8580764860705604,0.8906960983638275,0.8580764860705604,0.0,0.0,0.0
2020-10-10,0.073624275585636,0.0,0.0,0.8580764860705604,0.8906960983638275,0.8580764860705604,0.0,0.00026747112715557603,0.00026747112715557603
2020-10-10,0.0126733579614497,0.0,0.0,0.8580764860705604,0.8906960983638275,0.8580764860705604,0.0,0.0009144673445612595,0.0009144673445612595
2020-10-10,0.0157493050310123,0.0,0.0,0.8580764860705604,0.8906960983638275,0.8580764860705604,0.0,0.0003863711544823012,0.0003863711544823012
2020-10-10,0.0872808596852166,0.0,0.0,0.8580764860705604,0.8906960983638275,0.8580764860705604,0.0,0.0,0.0
2020-10-10,0.0700414784962426,0.0,0.0,0.8580764860705604,0.8906960983638275,0.8580764860705604,0.0,0.0,0.0
2020-10-10,0.0950325883749517,0.0,0.0,0.8580764860705604,0.8906960983638275,0.8580764860705604,0.0,0.0,0.0
2020-10-10,0.058177692022791,0.0,0.0,0.8580764860705604,0.8906960983638275,0.8580764860705604,0.0,0.0,0.0
2020-10-11,0.0,0.0,0.0,0.8580764860705604,0.8906960983638275,0.8580764860705604,0.0,0.0,0.0
2020-10-11,0.0,0.0,0.0,0.8580764860705604,0.8906960983638275,0.8580764860705604,0.0,0.0,0.0
2020-10-11,0.0,0.0,0.0,0.8580764860705604,0.8906960983638275,0.8580764860705604,0.0,0.0,0.0
2020-10-11,0.0,0.0,0.0,0.8580764860705604,0.8906960983638275,0.8580764860705604,0.0,0.0,0.0
2020-10-11,0.0,0.0,0.0,0.8580764860705604,0.8906960983638275,0.8580764860705604,0.0,0.0,0.0
2020-10-11,0.0,0.0,0.0,0.8580764860705604,0.8906960983638275,0.8580764860705604,0.0,0.0,0.0
2020-10-11,0.0,0.0,0.0,0.8580764860705604,0.8906960983638275,0.8580764860705604,0.0,0.0,0.0
2020-10-11,0.0,0.0,0.0,0.8580764860705604,0.8906960983638275,0.8580764860705604,0.0,0.0,0.0
2020-10-11,0.0,0.0,0.0,0.8580764860705604,0.8906960983638275,0.8580764860705604,0.0,0.0,0.0
2020-10-11,0.0,0.0,0.0,0.8580764860705604,0.8906960983638275,0.8580764860705604,0.0,0.0,0.0
2020-10-11,0.0,0.0,0.0,0.8580764860705604,0.8906960983638275,0.8580764860705604,0.0,0.0,0.0
2020-10-12,0.0,0.0,0.0,0.8580764860705604,0.8906960983638275,0.8580764860705604,0.0,0.0,0.0
2020-10-12,0.0,0.0,0.0,0.8580764860705604,0.8906960983638275,0.8580764860705604,0.0,0.0,0.0
2020-10-12,0.0,0.0,0.0,0.8580764860705604,0.8906960983638275,0.8580764860705604,0.0,0.0,0.0
2020-10-12,0.0,0.0,0.0,0.8580764860705604,0.8906960983638275,0.8580764860705604,0.0,0.0,0.0
2020-10-12,0.0,0.0,0.0,0.8580764860705604,0.8906960983638275,0.8580764860705604,0.0,0.0,0.0
2020-10-12,0.0,0.0,0.0,0.8580764860705604,0.8906960983638275,0.8580764860705604,0.0,0.0,0.0
2020-10-12,0.0,0.0,0.0,0.8580764860705604,0.8906960983638275,0.8580764860705604,0.0,0.0,0.0
2020-10-12,0.0,0.0,0.0,0.8580764860705604,0.8906960983638275,0.8580764860705604,0.0,0.0,0.0
2020-10-12,0.0,0.0,0.0,0.8580764860705604,0.8906960983638275,0.8580764860705604,0.0,0.0,0.0
2020-10-12,0.0,0.0,0.0,0.8580764860705604,0.8906960983638275,0.8580764860705604,0.0,0.0,0.0
2020-10-12,0.0,0.0,0.0,0.8580764860705604,0.8906960983638275,0.8580764860705604,0.0,0.0,0.0
2020-10-13,0.0,0.0,0.0,0.8580764860705604,0.8906960983638275,0.8580764860705604,0.0,0.0,0.0
2020-10-13,0.0,0.0,0.0,0.8580764860705604,0.8906960983638275,0.8580764860705604,0.0,0.0,0.0
2020-10-13,0.0,0.0,0.0,0.8580764860705604,0.8906960983638275,0.8580764860705604,0.0,0.0,0.0
2020-10-13,0.0,0.0,0.0,0.8580764860705604,0.8906960983638275,0.8580764860705604,0.0,0.0,0.0
2020-10-13,0.0,0.0,0.0,0.8580764860705604,0.8906960983638275,0.8580764860705604,0.0,0.0,0.0
2020-10-13,0.0,0.0,0.0,0.8580764860705604,0.8906960983638275,0.8580764860705604,0.0,0.0,0.0
2020-10-13,0.0,0.0,0.0,0.8580764860705604,0.8906960983638275,0.8580764860705604,0.0,0.0,0.0
2020-10-13,0.0,0.0,0.0,0.8580764860705604,0.8906960983638275,0.8580764860705604,0.0,0.0,0.0
2020-10-13,0.0,0.0,0.0,0.8580764860705604,0.8906960983638275,0.8580764860705604,0.0,0.0,0.0
2020-10-13,0.0,0.0,0.0,0.8580764860705604,0.8906960983638275,0.8580764860705604,0.0,0.0,0.0
2020-10-13,0.0,0.0,0.0,0.8580764860705604,0.8906960983638275,0.8580764860705604,0.0,0.0,0.0
2020-10-14,0.003531323736488,0.0,0.0,0.780186684692718,0.8293800626068961,0.8580764860705604,-0.0778898013778424,0.0,0.0778898013778424
2020-10-14,0.0234362220293655,0.0,0.0,0.780186684692718,0.8293800626068961,0.780186684692718,0.0,0.0,0.0
2020-10-14,0.001748344761276,0.0,0.0,0.780186684692718,0.8293800626068961,0.780186684692718,0.0,0.0,0.0
2020-10-14,0.0,0.0,0.0,0.780186684692718,0.8293800626068961,0.780186684692718,0.0,9.591153811119564e-06,9.591153811119564e-06
2020-10-14,0.025830388679927,0.0,0.0,0.780186684692718,0.8293800626068961,0.780186684692718,0.0,0.0,0.0
2020-10-14,1.9001581365027e-05,0.0,0.0,0.780186684692718,0.8293800626068961,0.780186684692718,0.0,0.001534208747429132,0.001534208747429132
2020-10-14,0.0004239981091992,0.0,0.0,0.780186684692718,0.8293800626068961,0.780186684692718,0.0,0.0,0.0
2020-10-14,0.0,0.0,0.0,0.780186684692718,0.8293800626068961,0.780186684692718,0.0,9.591153811119564e-06,9.591153811119564e-06
2020-10-14,0.0041822340876779,0.0,0.0,0.780186684692718,0.8293800626068961,0.780186684692718,0.0,0.0,0.0
2020-10-14,0.0014035439526248,0.0,0.0,0.780186684692718,0.8293800626068961,0.780186684692718,0.0,5.2783730529707974e-05,5.2783730529707974e-05
2020-10-14,0.0004580751174085,0.0,0.0,0.780186684692718,0.8293800626068961,0.780186684692718,0.0,0.0,0.0
2020-10-15,0.0147536485199363,0.0,0.0,0.780186684692718,0.8293800626068961,0.780186684692718,0.0,0.0,0.0
2020-10-15,0.0,0.0,0.0,0.780186684692718,0.8293800626068961,0.780186684692718,0.0,9.591153811119564e-06,9.591153811119564e-06
2020-10-15,0.022626761255055,0.0,0.0,0.780186684692718,0.8293800626068961,0.780186684692718,0.0,0.0,0.0
2020-10-15,0.0057350150378062,0.0,0.0,0.780186684692718,0.8293800626068961,0.780186684692718,0.0,0.0,0.0
2020-10-15,0.0039507944504012,0.0,0.0,0.780186684692718,0.8293800626068961,0.780186684692718,0.0,0.0,0.0
2020-10-15,0.0,0.0,0.0,0.780186684692718,0.8293800626068961,0.780186684692718,0.0,9.591153811119564e-06,9.591153811119564e-06
2020-10-15,0.0021226698112744,0.0,0.0,0.780186684692718,0.8293800626068961,0.780186684692718,0.0,0.0,0.0
2020-10-15,0.0006575483575139,0.0,0.0,0.780186684692718,0.8293800626068961,0.780186684692718,0.0,0.0003274029541630108,0.0003274029541630108
2020-10-15,0.0233805014567173,0.0,0.0,0.780186684692718,0.8293800626068961,0.780186684692718,0.0,0.0,0.0
2020-10-15,0.0002610505325441,0.0,0.0,0.780186684692718,0.8293800626068961,0.780186684692718,0.0,0.0,0.0
2020-10-15,0.0016279894423749,0.0,0.0,0.780186684692718,0.8293800626068961,0.780186684692718,0.0,0.0,0.0
2020-10-16,0.0,0.0,0.0,0.7716348573976327,0.8229257430535366,0.780186684692718,-0.008551827295085301,0.0,0.008551827295085301
2020-10-16,0.0,0.0,0.0,0.7716348573976327,0.8229257430535366,0.7716348573976327,0.0,0.0,0.0
2020-10-16,0.0,0.0,0.0,0.7716348573976327,0.8229257430535366,0.7716348573976327,0.0,0.0,0.0
2020-10-16,0.0,0.0,0.0,0.7716348573976327,0.8229257430535366,0.7716348573976327,0.0,0.0,0.0
2020-10-16,0.0,0.0,0.0,0.7716348573976327,0.8229257430535366,0.7716348573976327,0.0,0.0,0.0
2020-10-16,0.0,0.0,0.0,0.7716348573976327,0.8229257430535366,0.7716348573976327,0.0,0.0,0.0
2020-10-16,0.0,0.0,0.0,0.7716348573976327,0.8229257430535366,0.7716348573976327,0.0,0.0,0.0
2020-10-16,0.0,0.0,0.0,0.7716348573976327,0.8229257430535366,0.7716348573976327,0.0,0.0,0.0
2020-10-16,0.0,0.0,0.0,0.7716348573976327,0.8229257430535366,0.7716348573976327,0.0,0.0,0.0
2020-10-16,0.0,0.0,0.0,0.7716348573976327,0.8229257430535366,0.7716348573976327,0.0,0.0,0.0
2020-10-16,0.0,0.0,0.0,0.7716348573976327,0.8229257430535366,0.7716348573976327,0.0,0.0,0.0
2020-10-17,0.0141940194948829,0.0,0.0,0.7649843950006473,0.817762287410849,0.7716348573976327,-0.006650462396985413,0.0,0.006650462396985413
2020-10-17,0.0883567598283943,0.0,0.0,0.7649843950006473,0.817762287410849,0.7649843950006473,0.0,0.0,0.0
2020-10-17,0.0230739412332956,0.0,0.0,0.7649843950006473,0.817762287410849,0.7649843950006473,0.0,0.0,0.0
2020-10-17,0.081054651424266,0.0,0.0,0.7649843950006473,0.817762287410849,0.7649843950006473,0.0,0.0004291446734456161,0.0004291446734456161
2020-10-17,0.050120640145403,0.0,0.0,0.7649843950006473,0.817762287410849,0.7649843950006473,0.0,6.664844884868182e-05,6.664844884868182e-05
2020-10-17,0.0670352641752657,0.0,0.0,0.7649843950006473,0.817762287410849,0.7649843950006473,0.0,0.0,0.0
2020-10-17,0.052529677282486,0.0,0.0,0.7649843950006473,0.817762287410849,0.7649843950006473,0.0,0.0,0.0
2020-10-17,0.0478445571334446,0.0,0.0,0.7649843950006473,0.817762287410849,0.7649843950006473,0.0,0.0,0.0
2020-10-17,0.0447940672952306,0.0,0.0,0.7649843950006473,0.817762287410849,0.7649843950006473,0.0,0.0,0.0
2020-10-17,0.0305854918498177,0.0,0.0,0.7649843950006473,0.817762287410849,0.7649843950006473,0.0,0.00015996203023198929,0.00015996203023198929
2020-10-17,0.0385748088188155,0.0,0.0,0.7649843950006473,0.817762287410849,0.7649843950006473,0.0,0.0,0.0
2020-10-18,1.9001581365027e-05,0.0,0.0,0.7649843950006473,0.817762287410849,0.7649843950006473,0.0,0.001052208431014398,0.001052208431014398
2020-10-18,0.0,0.0,0.0,0.7649843950006473,0.817762287410849,0.7649843950006473,0.0,0.0,0.0
2020-10-18,0.0,0.0,0.0,0.7649843950006473,0.817762287410849,0.7649843950006473,0.0,0.0,0.0
2020-10-18,0.0,0.0,0.0,0.7649843950006473,0.817762287410849,0.7649843950006473,0.0,0.0,0.0
2020-10-18,0.0010909662233837,0.0,0.0,0.7649843950006473,0.817762287410849,0.7649843950006473,0.0,0.000493089214572342,0.000493089214572342
2020-10-18,0.0012112849010779,0.0,0.0,0.7649843950006473,0.817762287410849,0.7649843950006473,0.0,8.2181535762057e-05,8.2181535762057e-05
2020-10-18,0.0081965900905103,0.0,0.0,0.7649843950006473,0.817762287410849,0.7649843950006473,0.0,0.0,0.0
2020-10-18,0.0033814381836582,0.0,0.0,0.7649843950006473,0.817762287410849,0.7649843950006473,0.0,0.0,0.0
2020-10-18,8.414920016727674e-05,0.0,0.0,0.7649843950006473,0.817762287410849,0.7649843950006473,0.0,0.0,0.0
2020-10-18,0.0007925712201408,0.0,0.0,0.7649843950006473,0.817762287410849,0.7649843950006473,0.0,0.00012334421608250045,0.00012334421608250045
2020-10-18,0.0005379698381634,0.0,0.0,0.7649843950006473,0.817762287410849,0.7649843950006473,0.0,0.0,0.0
2020-10-19,0.0,0.0,0.0,0.7649843950006473,0.817762287410849,0.7649843950006473,0.0,0.0,0.0
2020-10-19,0.0,0.0,0.0,0.7649843950006473,0.817762287410849,0.7649843950006473,0.0,0.0,0.0
2020-10-19,0.0,0.0,0.0,0.7649843950006473,0.817762287410849,0.7649843950006473,0.0,0.0,0.0
2020-10-19,0.0,0.0,0.0,0.7649843950006473,0.817762287410849,0.7649843950006473,0.0,0.0,0.0
2020-10-19,0.0,0.0,0.0,0.7649843950006473,0.817762287410849,0.7649843950006473,0.0,0.0,0.0
2020-10-19,0.0,0.0,0.0,0.7649843950006473,0.817762287410849,0.7649843950006473,0.0,0.0,0.0
2020-10-19,0.0011548410894391,0.0,0.0,0.7649843950006473,0.817762287410849,0.7649843950006473,0.0,0.0007396338218585131,0.0007396338218585131
2020-10-19,0.0,0.0,0.0,0.7649843950006473,0.817762287410849,0.7649843950006473,0.0,0.0,0.0
2020-10-19,0.0265544163658549,0.0,0.0,0.7649843950006473,0.817762287410849,0.7649843950006473,0.0,0.0003152353694142007,0.0003152353694142007
2020-10-19,0.0,0.0,0.0,0.7649843950006473,0.817762287410849,0.7649843950006473,0.0,0.0,0.0
2020-10-19,0.0064520411674687,0.0,0.0,0.7649843950006473,0.817762287410849,0.7649843950006473,0.0,0.0,0.0
2020-10-20,0.1302824763724863,0.0,0.0,0.7649843950006473,0.817762287410849,0.7649843950006473,0.0,0.0,0.0
2020-10-20,0.1542622144188688,0.0,0.0,0.7649843950006473,0.817762287410849,0.7649843950006473,0.0,0.0,0.0
2020-10-20,0.1621585119895057,0.0,0.0,0.7649843950006473,0.817762287410849,0.7649843950006473,0.0,0.0,0.0
2020-10-20,0.2525709145609277,0.0,0.0,0.7649843950006473,0.817762287410849,0.7649843950006473,0.0,0.0,0.0
2020-10-20,0.2165049360710054,0.0,0.0,0.7649843950006473,0.817762287410849,0.7649843950006473,0.0,0.0,0.0
2020-10-20,0.2858647362010146,0.0,0.0,0.7649843950006473,0.817762287410849,0.7649843950006473,0.0,0.0,0.0
2020-10-20,0.1181828709368988,0.0,0.0,0.7649843950006473,0.817762287410849,0.7649843950006473,0.0,0.0,0.0
2020-10-20,0.1731975849141867,0.0,0.0,0.7649843950006473,0.817762287410849,0.7649843950006473,0.0,0.0,0.0
2020-10-20,0.0260327348560027,0.0,0.0,0.7649843950006473,0.817762287410849,0.7649843950006473,0.0,0.00028198305742927366,0.00028198305742927366
2020-10-20,0.1729454726895492,0.0,0.0,0.7649843950006473,0.817762287410849,0.7649843950006473,0.0,0.0,0.0
2020-10-20,0.1323903206565072,0.0,0.0,0.7649843950006473,0.817762287410849,0.7649843950006473,0.0,0.0,0.0
2020-10-21,0.0,0.0,0.0,0.7404910181363172,0.7983993287507669,0.7649843950006473,-0.024493376864330063,0.0,0.024493376864330063
2020-10-21,0.005182561189904,0.0,0.0,0.7404910181363172,0.7983993287507669,0.7404910181363172,0.0,0.0,0.0
2020-10-21,0.0015999981391394,0.0,0.0,0.7404910181363172,0.7983993287507669,0.7404910181363172,0.0,0.0,0.0
2020-10-21,0.0,0.0,0.0,0.7404910181363172,0.7983993287507669,0.7404910181363172,0.0,0.0,0.0
2020-10-21,0.0006646433503477,0.0,0.0,0.7404910181363172,0.7983993287507669,0.7404910181363172,0.0,0.0,0.0
2020-10-21,0.0,0.0,0.0,0.7404910181363172,0.7983993287507669,0.7404910181363172,0.0,0.0,0.0
2020-10-21,0.0013073634973625,0.0,0.0,0.7404910181363172,0.7983993287507669,0.7404910181363172,0.0,0.0,0.0
2020-10-21,1.5752439479063272e-06,0.0,0.0,0.7404910181363172,0.7983993287507669,0.7404910181363172,0.0,0.00196285003379884,0.00196285003379884
2020-10-21,0.0,0.0,0.0,0.7404910181363172,0.7983993287507669,0.7404910181363172,0.0,0.0,0.0
2020-10-21,0.0011383420667342,0.0,0.0,0.7404910181363172,0.7983993287507669,0.7404910181363172,0.0,0.001150541500668798,0.001150541500668798
2020-10-21,0.0,0.0,0.0,0.7404910181363172,0.7983993287507669,0.7404910181363172,0.0,0.0,0.0
2020-10-22,0.0471854441158953,0.0,0.0,0.7404910181363172,0.7983993287507669,0.7404910181363172,0.0,7.152411224093602e-05,7.152411224093602e-05
2020-10-22,0.0275173524430741,0.0,0.0,0.7404910181363172,0.7983993287507669,0.7404910181363172,0.0,9.667908354787148e-05,9.667908354787148e-05
2020-10-22,0.0153405615894518,0.0,0.0,0.7404910181363172,0.7983993287507669,0.7404910181363172,0.0,0.0,0.0
2020-10-22,0.0934772538099656,0.0,0.0,0.7404910181363172,0.7983993287507669,0.7404910181363172,0.0,0.0,0.0
2020-10-22,0.0866004086950686,0.0,0.0,0.7404910181363172,0.7983993287507669,0.7404910181363172,0.0,5.804772109479606e-05,5.804772109479606e-05
2020-10-22,0.0373783287989084,0.0,0.0,0.7404910181363172,0.7983993287507669,0.7404910181363172,0.0,0.0,0.0
2020-10-22,0.0730667205005997,0.0,0.0,0.7404910181363172,0.7983993287507669,0.7404910181363172,0.0,0.0018596269182643366,0.0018596269182643366
2020-10-22,0.0422206749509422,0.0,0.0,0.7404910181363172,0.7983993287507669,0.7404910181363172,0.0,0.0,0.0
2020-10-22,0.0481103589631986,0.0,0.0,0.7404910181363172,0.7983993287507669,0.7404910181363172,0.0,7.152411224093602e-05,7.152411224093602e-05
2020-10-22,0.0462623893241349,0.0,0.0,0.7404910181363172,0.7983993287507669,0.7404910181363172,0.0,7.152411224093602e-05,7.152411224093602e-05
2020-10-22,0.0932080929296116,0.0,0.0,0.7404910181363172,0.7983993287507669,0.7404910181363172,0.0,0.0,0.0
2020-10-23,0.6420509043134702,0.0,0.0,0.7404910181363172,0.7983993287507669,0.7404910181363172,0.0,0.0,0.0
2020-10-23,0.2514694624380241,0.0,0.0,0.7404910181363172,0.7983993287507669,0.7404910181363172,0.0,0.0,0.0
2020-10-23,0.2933274488886608,0.0,0.0,0.7404910181363172,0.7983993287507669,0.7404910181363172,0.0,0.0,0.0
2020-10-23,0.1099500419771535,0.0,0.0,0.7404910181363172,0.7983993287507669,0.7404910181363172,0.0,0.0,0.0
2020-10-23,0.4154344749259332,0.0,0.0,0.7404910181363172,0.7983993287507669,0.7404910181363172,0.0,0.0,0.0
2020-10-23,0.3541070032201458,0.0,0.0,0.7404910181363172,0.7983993287507669,0.7404910181363172,0.0,0.0002638898876727652,0.0002638898876727652
2020-10-23,0.1593375354270496,0.0,0.0,0.7404910181363172,0.7983993287507669,0.7404910181363172,0.0,0.0,0.0
2020-10-23,0.7232556272245672,0.0,0.0,0.7404910181363172,0.7983993287507669,0.7404910181363172,0.0,2.3011980612386296e-07,2.3011980612386296e-07
2020-10-23,0.3926866151675287,0.0,0.0,0.7404910181363172,0.7983993287507669,0.7404910181363172,0.0,0.0,0.0
2020-10-23,0.2816080440055803,0.0,0.0,0.7404910181363172,0.7983993287507669,0.7404910181363172,0.0,0.0,0.0
2020-10-23,0.1641765292962246,0.0,0.0,0.7404910181363172,0.7983993287507669,0.7404910181363172,0.0,3.641645931913295e-05,3.641645931913295e-05
2020-10-24,0.0004263147487651,0.0,0.0,0.7404910181363172,0.7983993287507669,0.7404910181363172,0.0,0.0,0.0
2020-10-24,0.0265690396956588,0.0,0.0,0.7404910181363172,0.7983993287507669,0.7404910181363172,0.0,0.0,0.0
2020-10-24,0.0036826254317188,0.0,0.0,0.7404910181363172,0.7983993287507669,0.7404910181363172,0.0,0.0001481827726560135,0.0001481827726560135
2020-10-24,0.00855788521128,0.0,0.0,0.7404910181363172,0.7983993287507669,0.7404910181363172,0.0,0.0,0.0
2020-10-24,0.0186953459782778,0.0,0.0,0.7404910181363172,0.7983993287507669,0.7404910181363172,0.0,0.0,0.0
2020-10-24,0.0336604264563466,0.0,0.0,0.7404910181363172,0.7983993287507669,0.7404910181363172,0.0,0.0,0.0
2020-10-24,0.0009259905454875,0.0,0.0,0.7404910181363172,0.7983993287507669,0.7404910181363172,0.0,0.0,0.0
2020-10-24,0.040636022888669,0.0,0.0,0.7404910181363172,0.7983993287507669,0.7404910181363172,0.0,0.0,0.0
2020-10-24,0.0066157133098302,0.0,0.0,0.7404910181363172,0.7983993287507669,0.7404910181363172,0.0,0.0,0.0
2020-10-24,0.007986213244107,0.0,0.0,0.7404910181363172,0.7983993287507669,0.7404910181363172,0.0,0.0,0.0
2020-10-24,0.0,0.0,0.0,0.7404910181363172,0.7983993287507669,0.7404910181363172,0.0,0.0,0.0
2020-10-25,0.0,0.0,0.0,0.7404910181363172,0.7983993287507669,0.7404910181363172,0.0,0.0,0.0
2020-10-25,0.0,0.0,0.0,0.7404910181363172,0.7983993287507669,0.7404910181363172,0.0,0.0,0.0
2020-10-25,0.0,0.0,0.0,0.7404910181363172,0.7983993287507669,0.7404910181363172,0.0,0.0,0.0
2020-10-25,0.0,0.0,0.0,0.7404910181363172,0.7983993287507669,0.7404910181363172,0.0,0.0,0.0
2020-10-25,0.005253905570227,0.0,0.0,0.7404910181363172,0.7983993287507669,0.7404910181363172,0.0,0.0,0.0
2020-10-25,0.0193656475627893,0.0,0.0,0.7404910181363172,0.7983993287507669,0.7404910181363172,0.0,0.0,0.0
2020-10-25,0.0,0.0,0.0,0.7404910181363172,0.7983993287507669,0.7404910181363172,0.0,0.0,0.0
2020-10-25,0.0,0.0,0.0,0.7404910181363172,0.7983993287507669,0.7404910181363172,0.0,0.0,0.0
2020-10-25,0.0,0.0,0.0,0.7404910181363172,0.7983993287507669,0.7404910181363172,0.0,0.0,0.0
2020-10-25,0.0072520844509603,0.0,0.0,0.7404910181363172,0.7983993287507669,0.7404910181363172,0.0,0.0,0.0
2020-10-25,0.0025307375818229,0.0,0.0,0.7404910181363172,0.7983993287507669,0.7404910181363172,0.0,0.0027031598325878603,0.0027031598325878603
2020-10-26,0.0,0.0,0.0,0.7404910181363172,0.7983993287507669,0.7404910181363172,0.0,0.0,0.0
2020-10-26,0.0,0.0,0.0,0.7404910181363172,0.7983993287507669,0.7404910181363172,0.0,0.0,0.0
2020-10-26,0.0,0.0,0.0,0.7404910181363172,0.7983993287507669,0.7404910181363172,0.0,0.0,0.0
2020-10-26,0.0,0.0,0.0,0.7404910181363172,0.7983993287507669,0.7404910181363172,0.0,0.0,0.0
2020-10-26,0.0,0.0,0.0,0.7404910181363172,0.7983993287507669,0.7404910181363172,0.0,0.0,0.0
2020-10-26,0.0,0.0,0.0,0.7404910181363172,0.7983993287507669,0.7404910181363172,0.0,0.0,0.0
2020-10-26,0.0,0.0,0.0,0.7404910181363172,0.7983993287507669,0.7404910181363172,0.0,0.0,0.0
2020-10-26,0.0,0.0,0.0,0.7404910181363172,0.7983993287507669,0.7404910181363172,0.0,0.0,0.0
2020-10-26,0.0,0.0,0.0,0.7404910181363172,0.7983993287507669,0.7404910181363172,0.0,0.0,0.0
2020-10-26,0.0,0.0,0.0,0.7404910181363172,0.7983993287507669,0.7404910181363172,0.0,0.0,0.0
2020-10-26,0.0,0.0,0.0,0.7404910181363172,0.7983993287507669,0.7404910181363172,0.0,0.0,0.0
2020-10-27,0.1287603032178357,0.0,0.0,0.7404910181363172,0.7983993287507669,0.7404910181363172,0.0,0.0,0.0
2020-10-27,0.2587331834088635,0.0,0.0,0.7404910181363172,0.7983993287507669,0.7404910181363172,0.0,0.0005102619051043464,0.0005102619051043464
2020-10-27,0.1170349222552639,0.0,0.0,0.7404910181363172,0.7983993287507669,0.7404910181363172,0.0,0.0,0.0
2020-10-27,0.0129395293337265,0.0,0.0,0.7404910181363172,0.7983993287507669,0.7404910181363172,0.0,0.0,0.0
2020-10-27,0.0671412561410308,0.0,0.0,0.7404910181363172,0.7983993287507669,0.7404910181363172,0.0,0.00014304822448187203,0.00014304822448187203
2020-10-27,0.1708940219957571,0.0,0.0,0.7404910181363172,0.7983993287507669,0.7404910181363172,0.0,0.0,0.0
2020-10-27,0.1504460292833467,0.0,0.0,0.7404910181363172,0.7983993287507669,0.7404910181363172,0.0,0.0,0.0
2020-10-27,0.1261230763456149,0.0,0.0,0.7404910181363172,0.7983993287507669,0.7404910181363172,0.0,0.0,0.0
2020-10-27,0.1942185305751363,0.0,0.0,0.7404910181363172,0.7983993287507669,0.7404910181363172,0.0,0.0,0.0
2020-10-27,0.0987448856861438,0.0,0.0,0.7404910181363172,0.7983993287507669,0.7404910181363172,0.0,0.0,0.0
2020-10-27,0.0976606316459131,0.0,0.0,0.7404910181363172,0.7983993287507669,0.7404910181363172,0.0,0.0,0.0
2020-10-28,0.0002546963390515,0.0,0.0,0.7117260423708093,0.7758092103140033,0.7404910181363172,-0.02876497576550796,0.0,0.02876497576550796
2020-10-28,0.0,0.0,0.0,0.7117260423708093,0.7758092103140033,0.7117260423708093,0.0,0.0,0.0
2020-10-28,0.0316687577849204,0.0,0.0,0.7117260423708093,0.7758092103140033,0.7117260423708093,0.0,0.0,0.0
2020-10-28,0.0,0.0,0.0,0.7117260423708093,0.7758092103140033,0.7117260423708093,0.0,0.0,0.0
2020-10-28,0.0465168711824354,0.0,0.0,0.7117260423708093,0.7758092103140033,0.7117260423708093,0.0,0.0,0.0
2020-10-28,0.0185046446997697,0.0,0.0,0.7117260423708093,0.7758092103140033,0.7117260423708093,0.0,2.977174991726228e-06,2.977174991726228e-06
2020-10-28,0.0551675257732304,0.0,0.0,0.7117260423708093,0.7758092103140033,0.7117260423708093,0.0,0.0,0.0
2020-10-28,0.0270184490036406,0.0,0.0,0.7117260423708093,0.7758092103140033,0.7117260423708093,0.0,0.0,0.0
2020-10-28,0.0032346027504384,0.0,0.0,0.7117260423708093,0.7758092103140033,0.7117260423708093,0.0,0.0007113578506810159,0.0007113578506810159
2020-10-28,0.0126415557938054,0.0,0.0,0.7117260423708093,0.7758092103140033,0.7117260423708093,0.0,0.0,0.0
2020-10-28,0.0028635837569429,0.0,0.0,0.7117260423708093,0.7758092103140033,0.7117260423708093,0.0,0.0009702713975463539,0.0009702713975463539
2020-10-29,0.0,0.0,0.0,0.7116483769362424,0.7758092103140033,0.7117260423708093,-7.766543456688701e-05,0.0,7.766543456688701e-05
2020-10-29,0.0,0.0,0.0,0.7116483769362424,0.7758092103140033,0.7116483769362424,0.0,0.0,0.0
2020-10-29,0.0,0.0,0.0,0.7116483769362424,0.7758092103140033,0.7116483769362424,0.0,0.0,0.0
2020-10-29,0.0,0.0,0.0,0.7116483769362424,0.7758092103140033,0.7116483769362424,0.0,0.0,0.0
2020-10-29,0.0,0.0,0.0,0.7116483769362424,0.7758092103140033,0.7116483769362424,0.0,0.0,0.0
2020-10-29,0.0,0.0,0.0,0.7116483769362424,0.7758092103140033,0.7116483769362424,0.0,0.0,0.0
2020-10-29,0.0,0.0,0.0,0.7116483769362424,0.7758092103140033,0.7116483769362424,0.0,0.0,0.0
2020-10-29,0.0,0.0,0.0,0.7116483769362424,0.7758092103140033,0.7116483769362424,0.0,0.0,0.0
2020-10-29,0.0,0.0,0.0,0.7116483769362424,0.7758092103140033,0.7116483769362424,0.0,0.0,0.0
2020-10-29,0.0,0.0,0.0,0.7116483769362424,0.7758092103140033,0.7116483769362424,0.0,0.0,0.0
2020-10-29,0.0,0.0,0.0,0.7116483769362424,0.7758092103140033,0.7116483769362424,0.0,0.0,0.0
2020-10-30,0.0,0.0,0.0,0.7085618950366034,0.7732274824926559,0.7116483769362424,-0.003086481899639004,0.0,0.003086481899639004
2020-10-30,0.0020993950572206,0.0,0.0,0.7085618950366034,0.7732274824926559,0.7085618950366034,0.0,0.00021340735520430476,0.00021340735520430476
2020-10-30,0.0,0.0,0.0,0.7085618950366034,0.7732274824926559,0.7085618950366034,0.0,0.0,0.0
2020-10-30,0.0,0.0,0.0,0.7085618950366034,0.7732274824926559,0.7085618950366034,0.0,0.0,0.0
2020-10-30,0.0,0.0,0.0,0.7085618950366034,0.7732274824926559,0.7085618950366034,0.0,0.0,0.0
2020-10-30,7.080005417448663e-05,0.0,0.0,0.7085618950366034,0.7732274824926559,0.7085618950366034,0.0,0.0,0.0
2020-10-30,5.8983324551225095e-05,0.0,0.0,0.7085618950366034,0.7732274824926559,0.7085618950366034,0.0,0.0,0.0
2020-10-30,0.0,0.0,0.0,0.7085618950366034,0.7732274824926559,0.7085618950366034,0.0,0.0,0.0
2020-10-30,0.0,0.0,0.0,0.7085618950366034,0.7732274824926559,0.7085618950366034,0.0,0.0,0.0
2020-10-30,4.571176907199442e-06,0.0,0.0,0.7085618950366034,0.7732274824926559,0.7085618950366034,0.0,0.0,0.0
2020-10-30,0.0,0.0,0.0,0.7085618950366034,0.7732274824926559,0.7085618950366034,0.0,0.0,0.0
2020-10-31,0.0080774720458887,0.0,0.0,0.7048224481870874,0.7696776067383073,0.7085618950366034,-0.0037394468495159927,0.0,0.0037394468495159927
2020-10-31,0.0,0.0,0.0,0.7048224481870874,0.7696776067383073,0.7048224481870874,0.0,0.0,0.0
2020-10-31,8.084774990243116e-05,0.0,0.0,0.7048224481870874,0.7696776067383073,0.7048224481870874,0.0,0.0,0.0
2020-10-31,3.186638665156167e-05,0.0,0.0,0.7048224481870874,0.7696776067383073,0.7048224481870874,0.0,0.0033163354860560306,0.0033163354860560306
2020-10-31,0.0015901052219518,0.0,0.0,0.7048224481870874,0.7696776067383073,0.7048224481870874,0.0,0.0,0.0
2020-10-31,0.0110365418938055,0.0,0.0,0.7048224481870874,0.7696776067383073,0.7048224481870874,0.0,0.0,0.0
2020-10-31,0.0003673270415797,0.0,0.0,0.7048224481870874,0.7696776067383073,0.7048224481870874,0.0,0.0,0.0
2020-10-31,0.0006455944097009,0.0,0.0,0.7048224481870874,0.7696776067383073,0.7048224481870874,0.0,0.0,0.0
2020-10-31,0.0041823216061995,0.0,0.0,0.7048224481870874,0.7696776067383073,0.7048224481870874,0.0,0.0,0.0
2020-10-31,0.0063296009966856,0.0,0.0,0.7048224481870874,0.7696776067383073,0.7048224481870874,0.0,0.0,0.0
2020-10-31,0.0,0.0,0.0,0.7048224481870874,0.7696776067383073,0.7048224481870874,0.0,0.0,0.0
2020-11-01,0.0,0.0,0.0,0.7010830013375714,0.7664504469616293,0.7048224481870874,-0.0037394468495159927,0.0,0.0037394468495159927
2020-11-01,0.0112594675635326,0.0,0.0,0.7010830013375714,0.7664504469616293,0.7010830013375714,0.0,0.0,0.0
2020-11-01,0.0162484145884152,0.0,0.0,0.7010830013375714,0.7664504469616293,0.7010830013375714,0.0,0.0,0.0
2020-11-01,0.0059691261291356,0.0,0.0,0.7010830013375714,0.7664504469616293,0.7010830013375714,0.0,1.9358828690186903e-05,1.9358828690186903e-05
2020-11-01,0.0,0.0,0.0,0.7010830013375714,0.7664504469616293,0.7010830013375714,0.0,0.0,0.0
2020-11-01,8.984528299843814e-05,0.0,0.0,0.7010830013375714,0.7664504469616293,0.7010830013375714,0.0,6.734403826264816e-05,6.734403826264816e-05
2020-11-01,0.0786551043896046,0.0,0.0,0.7010830013375714,0.7664504469616293,0.7010830013375714,0.0,0.0,0.0
2020-11-01,0.0146906156264817,0.0,0.0,0.7010830013375714,0.7664504469616293,0.7010830013375714,0.0,2.850609098361767e-05,2.850609098361767e-05
2020-11-01,0.0148090700299749,0.0,0.0,0.7010830013375714,0.7664504469616293,0.7010830013375714,0.0,0.000679342432653992,0.000679342432653992
2020-11-01,0.0442750925986431,0.0,0.0,0.7010830013375714,0.7664504469616293,0.7010830013375714,0.0,0.0,0.0
2020-11-01,0.0023016407308481,0.0,0.0,0.7010830013375714,0.7664504469616293,0.7010830013375714,0.0,0.0009959009909534223,0.0009959009909534223
2020-11-02,0.0264129085015208,0.0,0.0,0.6984941535186756,0.7641914351179526,0.7010830013375714,-0.0025888478188957897,0.0,0.0025888478188957897
2020-11-02,0.0082248029105625,0.0,0.0,0.6984941535186756,0.7641914351179526,0.6984941535186756,0.0,0.00021340735520430476,0.00021340735520430476
2020-11-02,0.0066389828166486,0.0,0.0,0.6984941535186756,0.7641914351179526,0.6984941535186756,0.0,0.0,0.0
2020-11-02,0.0338924003725082,0.0,0.0,0.6984941535186756,0.7641914351179526,0.6984941535186756,0.0,0.0,0.0
2020-11-02,0.004822319034267,0.0,0.0,0.6984941535186756,0.7641914351179526,0.6984941535186756,0.0,0.0014227157013620318,0.0014227157013620318
2020-11-02,0.0099003963019629,0.0,0.0,0.6984941535186756,0.7641914351179526,0.6984941535186756,0.0,0.00021340735520430476,0.00021340735520430476
2020-11-02,0.0705916189393802,0.0,0.0,0.6984941535186756,0.7641914351179526,0.6984941535186756,0.0,0.0,0.0
2020-11-02,0.0049422226586146,0.0,0.0,0.6984941535186756,0.7641914351179526,0.6984941535186756,0.0,0.0014227157013620318,0.0014227157013620318
2020-11-02,0.017998427433931,0.0,0.0,0.6984941535186756,0.7641914351179526,0.6984941535186756,0.0,0.0,0.0
2020-11-02,0.0065248690545598,0.0,0.0,0.6984941535186756,0.7641914351179526,0.6984941535186756,0.0,0.0005772411511743397,0.0005772411511743397
2020-11-02,0.0386671365063196,0.0,0.0,0.6984941535186756,0.7641914351179526,0.6984941535186756,0.0,0.0,0.0
2020-11-03,0.0004768989188572,0.0,0.0,0.6956176559421249,0.7616097072966088,0.6984941535186756,-0.0028764975765507295,0.0002845431402724063,0.003161040716823136
2020-11-03,0.0026501040204362,0.0,0.0,0.6956176559421249,0.7616097072966088,0.6956176559421249,0.0,0.0011381725610896253,0.0011381725610896253
2020-11-03,0.0035930312259576,0.0,0.0,0.6956176559421249,0.7616097072966088,0.6956176559421249,0.0,0.00242759136475427,0.00242759136475427
2020-11-03,0.0115012406025474,0.0,0.0,0.6956176559421249,0.7616097072966088,0.6956176559421249,0.0,0.0,0.0
2020-11-03,0.0,0.0,0.0,0.6956176559421249,0.7616097072966088,0.6956176559421249,0.0,0.0,0.0
2020-11-03,0.0020393068020169,0.0,0.0,0.6956176559421249,0.7616097072966088,0.6956176559421249,0.0,0.0009247652058853206,0.0009247652058853206
2020-11-03,0.0009532196728598,0.0,0.0,0.6956176559421249,0.7616097072966088,0.6956176559421249,0.0,0.00035567892534050795,0.00035567892534050795
2020-11-03,0.0112900405215406,0.0,0.0,0.6956176559421249,0.7616097072966088,0.6956176559421249,0.0,0.0,0.0
2020-11-03,0.0020500668844984,0.0,0.0,0.6956176559421249,0.7616097072966088,0.6956176559421249,0.0,0.0009247652058853206,0.0009247652058853206
2020-11-03,0.0059048068132893,0.0,0.0,0.6956176559421249,0.7616097072966088,0.6956176559421249,0.0,0.00016163039882639008,0.00016163039882639008
2020-11-03,0.0002570623205195,0.0,0.0,0.6956176559421249,0.7616097072966088,0.6956176559421249,0.0,0.0002845431402724063,0.0002845431402724063
2020-11-04,0.1975553904373111,0.0,0.0,0.689577011031368,0.7593506954529285,0.6956176559421249,-0.006040644910756843,0.0015875821599620388,0.007628227070718882
2020-11-04,0.2090980925779902,0.0,0.0,0.689577011031368,0.7593506954529285,0.689577011031368,0.0,0.0015875821599620388,0.0015875821599620388
2020-11-04,0.13250409363152,0.0,0.0,0.689577011031368,0.7593506954529285,0.689577011031368,0.0,0.00010329502797393864,0.00010329502797393864
2020-11-04,0.2382732878197448,0.0,0.0,0.689577011031368,0.7593506954529285,0.689577011031368,0.0,0.0011250269671647856,0.0011250269671647856
2020-11-04,0.1982059251043276,0.0,0.0,0.689577011031368,0.7593506954529285,0.689577011031368,0.0,0.0015875821599620388,0.0015875821599620388
2020-11-04,0.2136657246198439,0.0,0.0,0.689577011031368,0.7593506954529285,0.689577011031368,0.0,0.0015588171841965303,0.0015588171841965303
2020-11-04,0.2272321258394307,0.0,0.0,0.689577011031368,0.7593506954529285,0.689577011031368,0.0,0.0007238562326511147,0.0007238562326511147
2020-11-04,0.1609003449175149,0.0,0.0,0.689577011031368,0.7593506954529285,0.689577011031368,0.0,0.001731148154007689,0.001731148154007689
2020-11-04,0.0977851144521834,0.0,0.0,0.689577011031368,0.7593506954529285,0.689577011031368,0.0,0.0,0.0
2020-11-04,0.1792685148952786,0.0,0.0,0.689577011031368,0.7593506954529285,0.689577011031368,0.0,0.002137784233916794,0.002137784233916794
2020-11-04,0.1813514436355747,0.0,0.0,0.689577011031368,0.7593506954529285,0.689577011031368,0.0,0.002320312387636826,0.002320312387636826
2020-11-05,0.3742610839616082,0.0,0.0,0.689577011031368,0.7561235356762506,0.689577011031368,0.0,0.0008158178601734611,0.0008158178601734611
2020-11-05,0.4495126818006441,0.0,0.0,0.689577011031368,0.7561235356762506,0.689577011031368,0.0,0.002070704310431628,0.002070704310431628
2020-11-05,0.4571666211909735,0.0,0.0,0.689577011031368,0.7561235356762506,0.689577011031368,0.0,0.0013497533403328177,0.0013497533403328177
2020-11-05,0.4207075260783631,0.0,0.0,0.689577011031368,0.7561235356762506,0.689577011031368,0.0,0.0006299673517525195,0.0006299673517525195
2020-11-05,0.1633663434642793,0.0,0.0,0.689577011031368,0.7561235356762506,0.689577011031368,0.0,0.0022599059385292586,0.0022599059385292586
2020-11-05,0.3250109107988864,0.0,0.0,0.689577011031368,0.7561235356762506,0.689577011031368,0.0,0.0013433387507371098,0.0013433387507371098
2020-11-05,0.5346618342207611,0.0,0.0,0.689577011031368,0.7561235356762506,0.689577011031368,0.0,0.0010875893512059776,0.0010875893512059776
2020-11-05,0.2002069120013989,0.0,0.0,0.689577011031368,0.7561235356762506,0.689577011031368,0.0,0.0018318255691869678,0.0018318255691869678
2020-11-05,0.4730125127417225,0.0,0.0,0.689577011031368,0.7561235356762506,0.689577011031368,0.0,0.0010875893512059776,0.0010875893512059776
2020-11-05,0.2947671589796627,0.0,0.0,0.689577011031368,0.7561235356762506,0.689577011031368,0.0,0.0013433387507371098,0.0013433387507371098
2020-11-05,0.2473883340963772,0.0,0.0,0.689577011031368,0.7561235356762506,0.689577011031368,0.0,0.0013433387507371098,0.0013433387507371098
2020-11-06,0.2186855556654139,0.0,0.0,0.685837564181852,0.752896375899569,0.689577011031368,-0.0037394468495159927,0.006292280918753354,0.010031727768269346
2020-11-06,0.0749186191712195,0.0,0.0,0.685837564181852,0.752896375899569,0.685837564181852,0.0,0.00012212170461246453,0.00012212170461246453
2020-11-06,0.0652567845107043,0.0,0.0,0.685837564181852,0.752896375899569,0.685837564181852,0.0,4.651296581282716e-05,4.651296581282716e-05
2020-11-06,0.4335868304306247,0.0,0.0,0.685837564181852,0.752896375899569,0.685837564181852,0.0,0.005275554085345713,0.005275554085345713
2020-11-06,0.1225637838898738,0.0,0.0,0.685837564181852,0.752896375899569,0.685837564181852,0.0,0.004742610996850261,0.004742610996850261
2020-11-06,0.2266965898539375,0.0,0.0,0.685837564181852,0.752896375899569,0.685837564181852,0.0,0.006205985991456828,0.006205985991456828
2020-11-06,0.4114789021967987,0.0,0.0,0.685837564181852,0.752896375899569,0.685837564181852,0.0,0.0016396611485855472,0.0016396611485855472
2020-11-06,0.0996186057312307,0.0,0.0,0.685837564181852,0.752896375899569,0.685837564181852,0.0,0.0013433387507371098,0.0013433387507371098
2020-11-06,0.1518547572810409,0.0,0.0,0.685837564181852,0.752896375899569,0.685837564181852,0.0,0.0063099282313854995,0.0063099282313854995
2020-11-06,0.3495054324466637,0.0,0.0,0.685837564181852,0.752896375899569,0.685837564181852,0.0,0.005594586431560962,0.005594586431560962
2020-11-06,0.2700249478410555,0.0,0.0,0.685837564181852,0.752896375899569,0.685837564181852,0.0,0.0067670468437630625,0.0067670468437630625
2020-11-07,0.0,0.0,0.0,0.6823857670899912,0.7503146480782252,0.685837564181852,-0.003451797091860831,0.0,0.003451797091860831
2020-11-07,0.0,0.0,0.0,0.6823857670899912,0.7503146480782252,0.6823857670899912,0.0,0.0,0.0
2020-11-07,0.0,0.0,0.0,0.6823857670899912,0.7503146480782252,0.6823857670899912,0.0,0.0,0.0
2020-11-07,0.0,0.0,0.0,0.6823857670899912,0.7503146480782252,0.6823857670899912,0.0,0.0,0.0
2020-11-07,0.0,0.0,0.0,0.6823857670899912,0.7503146480782252,0.6823857670899912,0.0,0.0,0.0
2020-11-07,0.0,0.0,0.0,0.6823857670899912,0.7503146480782252,0.6823857670899912,0.0,0.0,0.0
2020-11-07,9.108843060415866e-06,0.0,0.0,0.6823857670899912,0.7503146480782252,0.6823857670899912,0.0,0.0,0.0
2020-11-07,0.0,0.0,0.0,0.6823857670899912,0.7503146480782252,0.6823857670899912,0.0,0.0,0.0
2020-11-07,0.0,0.0,0.0,0.6823857670899912,0.7503146480782252,0.6823857670899912,0.0,0.0,0.0
2020-11-07,0.0,0.0,0.0,0.6823857670899912,0.7503146480782252,0.6823857670899912,0.0,0.0,0.0
2020-11-07,0.0,0.0,0.0,0.6823857670899912,0.7503146480782252,0.6823857670899912,0.0,0.0,0.0
2020-11-08,0.0,0.0,0.0,0.6795092695134405,0.7477329202568814,0.6823857670899912,-0.0028764975765507295,0.0,0.0028764975765507295
2020-11-08,0.0,0.0,0.0,0.6795092695134405,0.7477329202568814,0.6795092695134405,0.0,0.0,0.0
2020-11-08,0.0,0.0,0.0,0.6795092695134405,0.7477329202568814,0.6795092695134405,0.0,0.0,0.0
2020-11-08,0.0,0.0,0.0,0.6795092695134405,0.7477329202568814,0.6795092695134405,0.0,0.0,0.0
2020-11-08,0.0,0.0,0.0,0.6795092695134405,0.7477329202568814,0.6795092695134405,0.0,0.0,0.0
2020-11-08,0.0,0.0,0.0,0.6795092695134405,0.7477329202568814,0.6795092695134405,0.0,0.0,0.0
2020-11-08,0.0,0.0,0.0,0.6795092695134405,0.7477329202568814,0.6795092695134405,0.0,0.0,0.0
2020-11-08,0.0,0.0,0.0,0.6795092695134405,0.7477329202568814,0.6795092695134405,0.0,0.0,0.0
2020-11-08,0.0,0.0,0.0,0.6795092695134405,0.7477329202568814,0.6795092695134405,0.0,0.0,0.0
2020-11-08,0.0,0.0,0.0,0.6795092695134405,0.7477329202568814,0.6795092695134405,0.0,0.0,0.0
2020-11-08,0.0,0.0,0.0,0.6795092695134405,0.7477329202568814,0.6795092695134405,0.0,0.0,0.0
2020-11-09,0.0,0.0,0.0,0.6795092695134405,0.7477329202568814,0.6795092695134405,0.0,0.0,0.0
2020-11-09,0.0243301926469355,0.0,0.0,0.6795092695134405,0.7477329202568814,0.6795092695134405,0.0,0.0,0.0
2020-11-09,0.022016311740522,0.0,0.0,0.6795092695134405,0.7477329202568814,0.6795092695134405,0.0,0.0,0.0
2020-11-09,0.0,0.0,0.0,0.6795092695134405,0.7477329202568814,0.6795092695134405,0.0,0.0,0.0
2020-11-09,0.0097198121407047,0.0,0.0,0.6795092695134405,0.7477329202568814,0.6795092695134405,0.0,0.0,0.0
2020-11-09,0.0455471796621841,0.0,0.0,0.6795092695134405,0.7477329202568814,0.6795092695134405,0.0,0.00041559636986005817,0.00041559636986005817
2020-11-09,0.0,0.0,0.0,0.6795092695134405,0.7477329202568814,0.6795092695134405,0.0,0.0,0.0
2020-11-09,0.0211070211928218,0.0,0.0,0.6795092695134405,0.7477329202568814,0.6795092695134405,0.0,0.0,0.0
2020-11-09,0.0,0.0,0.0,0.6795092695134405,0.7477329202568814,0.6795092695134405,0.0,0.0,0.0
2020-11-09,0.0017266868563811,0.0,0.0,0.6795092695134405,0.7477329202568814,0.6795092695134405,0.0,7.113578506810158e-05,7.113578506810158e-05
2020-11-09,0.0044569611221568,0.0,0.0,0.6795092695134405,0.7477329202568814,0.6795092695134405,0.0,0.0,0.0
2020-11-10,0.1082648214589318,0.0,0.0,0.6795092695134405,0.7477329202568814,0.6795092695134405,0.0,0.0014016885040774418,0.0014016885040774418
2020-11-10,0.0332703294089913,0.0,0.0,0.6795092695134405,0.7477329202568814,0.6795092695134405,0.0,0.0003411238476031586,0.0003411238476031586
2020-11-10,0.0,0.0,0.0,0.6795092695134405,0.7477329202568814,0.6795092695134405,0.0,0.0,0.0
2020-11-10,0.2379521559637143,0.0,0.0,0.6795092695134405,0.7477329202568814,0.6795092695134405,0.0,0.006777085820305232,0.006777085820305232
2020-11-10,0.0467779023210779,0.0,0.0,0.6795092695134405,0.7477329202568814,0.6795092695134405,0.0,0.0003411238476031586,0.0003411238476031586
2020-11-10,0.0096919931167325,0.0,0.0,0.6795092695134405,0.7477329202568814,0.6795092695134405,0.0,0.0,0.0
2020-11-10,0.0,0.0,0.0,0.6795092695134405,0.7477329202568814,0.6795092695134405,0.0,0.0,0.0
2020-11-10,0.0,0.0,0.0,0.6795092695134405,0.7477329202568814,0.6795092695134405,0.0,0.0,0.0
2020-11-10,0.1378117932638072,0.0,0.0,0.6795092695134405,0.7477329202568814,0.6795092695134405,0.0,0.004511239914280391,0.004511239914280391
2020-11-10,0.0276323591445198,0.0,0.0,0.6795092695134405,0.7477329202568814,0.6795092695134405,0.0,0.0,0.0
2020-11-10,0.0,0.0,0.0,0.6795092695134405,0.7477329202568814,0.6795092695134405,0.0,0.0,0.0
2020-11-11,0.534061671374775,0.0,0.0,0.663688532842411,0.733856133217154,0.6795092695134405,-0.015820736671029456,0.00036636511383739357,0.01618710178486685
2020-11-11,0.3483937930843631,0.0,0.0,0.663688532842411,0.733856133217154,0.663688532842411,0.0,0.0005509211983488916,0.0005509211983488916
2020-11-11,0.3581190476815786,0.0,0.0,0.663688532842411,0.733856133217154,0.663688532842411,0.0,0.0026155560988939787,0.0026155560988939787
2020-11-11,0.2339487874782271,0.0,0.0,0.663688532842411,0.733856133217154,0.663688532842411,0.0,0.0,0.0
2020-11-11,0.4120394828497493,0.0,0.0,0.663688532842411,0.733856133217154,0.663688532842411,0.0,0.0,0.0
2020-11-11,0.3016877559168244,0.0,0.0,0.663688532842411,0.733856133217154,0.663688532842411,0.0,0.0004212486875979815,0.0004212486875979815
2020-11-11,0.4819740147709458,0.0,0.0,0.663688532842411,0.733856133217154,0.663688532842411,0.0,0.0004319061111191036,0.0004319061111191036
2020-11-11,0.3515609327540799,0.0,0.0,0.663688532842411,0.733856133217154,0.663688532842411,0.0,0.000648952235757742,0.000648952235757742
2020-11-11,0.2841065420209406,0.0,0.0,0.663688532842411,0.733856133217154,0.663688532842411,0.0,0.000293489047735479,0.000293489047735479
2020-11-11,0.3084591320603035,0.0,0.0,0.663688532842411,0.733856133217154,0.663688532842411,0.0,0.00036636511383739357,0.00036636511383739357
2020-11-11,0.3623419554319965,0.0,0.0,0.663688532842411,0.733856133217154,0.663688532842411,0.0,0.000390757813286543,0.000390757813286543
2020-11-12,0.0,0.0,0.0,0.6638093457406261,0.733856133217154,0.663688532842411,0.00012081289821508356,0.0,0.00012081289821508356
2020-11-12,2.352475799294472e-06,0.0,0.0,0.6638093457406261,0.733856133217154,0.6638093457406261,0.0,0.01809439794173831,0.01809439794173831
2020-11-12,0.0,0.0,0.0,0.6638093457406261,0.733856133217154,0.6638093457406261,0.0,0.0,0.0
2020-11-12,0.0,0.0,0.0,0.6638093457406261,0.733856133217154,0.6638093457406261,0.0,0.0,0.0
2020-11-12,0.0024583419655698,0.0,0.0,0.6638093457406261,0.733856133217154,0.6638093457406261,0.0,1.4530000579214206e-07,1.4530000579214206e-07
2020-11-12,0.0,0.0,0.0,0.6638093457406261,0.733856133217154,0.6638093457406261,0.0,0.0,0.0
2020-11-12,0.0027247816027615,0.0,0.0,0.6638093457406261,0.733856133217154,0.6638093457406261,0.0,0.00013456403175800933,0.00013456403175800933
2020-11-12,0.0,0.0,0.0,0.6638093457406261,0.733856133217154,0.6638093457406261,0.0,0.0,0.0
2020-11-12,0.000473940894193,0.0,0.0,0.6638093457406261,0.733856133217154,0.6638093457406261,0.0,0.0,0.0
2020-11-12,0.0001186167547483,0.0,0.0,0.6638093457406261,0.733856133217154,0.6638093457406261,0.0,0.0,0.0
2020-11-12,0.0,0.0,0.0,0.6638093457406261,0.733856133217154,0.6638093457406261,0.0,0.0,0.0
2020-11-13,0.0006399152611298,0.0,0.0,0.6598886795437874,0.7303062574628054,0.6638093457406261,-0.003920666196838729,0.0,0.003920666196838729
2020-11-13,0.0,0.0,0.0,0.6598886795437874,0.7303062574628054,0.6598886795437874,0.0,0.0,0.0
2020-11-13,0.0,0.0,0.0,0.6598886795437874,0.7303062574628054,0.6598886795437874,0.0,0.0,0.0
2020-11-13,0.0013612710010766,0.0,0.0,0.6598886795437874,0.7303062574628054,0.6598886795437874,0.0,0.0,0.0
2020-11-13,0.0,0.0,0.0,0.6598886795437874,0.7303062574628054,0.6598886795437874,0.0,0.0,0.0
2020-11-13,0.0,0.0,0.0,0.6598886795437874,0.7303062574628054,0.6598886795437874,0.0,0.0,0.0
2020-11-13,0.0012021975239809,0.0,0.0,0.6598886795437874,0.7303062574628054,0.6598886795437874,0.0,0.0,0.0
2020-11-13,0.0,0.0,0.0,0.6598886795437874,0.7303062574628054,0.6598886795437874,0.0,0.0,0.0
2020-11-13,0.0,0.0,0.0,0.6598886795437874,0.7303062574628054,0.6598886795437874,0.0,0.0,0.0
2020-11-13,0.0,0.0,0.0,0.6598886795437874,0.7303062574628054,0.6598886795437874,0.0,0.0,0.0
2020-11-13,0.0,0.0,0.0,0.6598886795437874,0.7303062574628054,0.6598886795437874,0.0,0.0,0.0
2020-11-14,0.187642894055008,0.0,0.0,0.6554070963195214,0.7264336657307897,0.6598886795437874,-0.00448158322426595,9.335672884695611e-05,0.004574939953112906
2020-11-14,0.0829455353850693,0.0,0.0,0.6554070963195214,0.7264336657307897,0.6554070963195214,0.0,0.0,0.0
2020-11-14,0.0812498026864296,0.0,0.0,0.6554070963195214,0.7264336657307897,0.6554070963195214,0.0,0.0006822476952063172,0.0006822476952063172
2020-11-14,0.0437300843841242,0.0,0.0,0.6554070963195214,0.7264336657307897,0.6554070963195214,0.0,0.00013415984697032673,0.00013415984697032673
2020-11-14,0.0450204243439288,0.0,0.0,0.6554070963195214,0.7264336657307897,0.6554070963195214,0.0,0.0007567202174632168,0.0007567202174632168
2020-11-14,0.0528837307263386,0.0,0.0,0.6554070963195214,0.7264336657307897,0.6554070963195214,0.0,0.011111162248845802,0.011111162248845802
2020-11-14,0.0222266082088179,0.0,0.0,0.6554070963195214,0.7264336657307897,0.6554070963195214,0.0,0.0,0.0
2020-11-14,0.0264584121252824,0.0,0.0,0.6554070963195214,0.7264336657307897,0.6554070963195214,0.0,0.0,0.0
2020-11-14,0.1053319718679211,0.0,0.0,0.6554070963195214,0.7264336657307897,0.6554070963195214,0.0,0.0,0.0
2020-11-14,0.2065728719723662,0.0,0.0,0.6554070963195214,0.7264336657307897,0.6554070963195214,0.0,0.0,0.0
2020-11-14,0.1287820001192309,0.0,0.0,0.6554070963195214,0.7264336657307897,0.6554070963195214,0.0,0.0,0.0
2020-11-15,0.0050211461786877,0.0,0.0,0.6511498799062262,0.7225610739987705,0.6554070963195214,-0.0042572164132952395,0.0,0.0042572164132952395
2020-11-15,0.0093752543744614,0.0,0.0,0.6511498799062262,0.7225610739987705,0.6511498799062262,0.0,0.0,0.0
2020-11-15,0.0604193969962172,0.0,0.0,0.6511498799062262,0.7225610739987705,0.6511498799062262,0.0,0.00033724057587481646,0.00033724057587481646
2020-11-15,0.0010339041919988,0.0,0.0,0.6511498799062262,0.7225610739987705,0.6511498799062262,0.0,0.0,0.0
2020-11-15,0.0597128486268967,0.0,0.0,0.6511498799062262,0.7225610739987705,0.6511498799062262,0.0,0.0004548317968042115,0.0004548317968042115
2020-11-15,0.0169040441273114,0.0,0.0,0.6511498799062262,0.7225610739987705,0.6511498799062262,0.0,0.0,0.0
2020-11-15,0.0271764820672293,0.0,0.0,0.6511498799062262,0.7225610739987705,0.6511498799062262,0.0,0.0,0.0
2020-11-15,0.1809454835095874,0.0,0.0,0.6511498799062262,0.7225610739987705,0.6511498799062262,0.0,0.006321563664082647,0.006321563664082647
2020-11-15,3.5287211524012237e-06,0.0,0.0,0.6511498799062262,0.7225610739987705,0.6511498799062262,0.0,0.0035473801385147597,0.0035473801385147597
2020-11-15,0.0006959720444298,0.0,0.0,0.6511498799062262,0.7225610739987705,0.6511498799062262,0.0,0.0,0.0
2020-11-15,0.0020317268722,0.0,0.0,0.6511498799062262,0.7225610739987705,0.6511498799062262,0.0,0.0,0.0
2020-11-16,0.0143677043464334,0.0,0.0,0.6480144975477858,0.7199793461774266,0.6511498799062262,-0.003135382358440353,0.0,0.003135382358440353
2020-11-16,0.0202948297988969,0.0,0.0,0.6480144975477858,0.7199793461774266,0.6480144975477858,0.0,0.0,0.0
2020-11-16,0.0554237273235243,0.0,0.0,0.6480144975477858,0.7199793461774266,0.6480144975477858,0.0,0.0,0.0
2020-11-16,0.0749584354177906,0.0,0.0,0.6480144975477858,0.7199793461774266,0.6480144975477858,0.0,0.0002743891038271809,0.0002743891038271809
2020-11-16,0.0462881039681612,0.0,0.0,0.6480144975477858,0.7199793461774266,0.6480144975477858,0.0,0.00011370794920105287,0.00011370794920105287
2020-11-16,0.0025103882360944,0.0,0.0,0.6480144975477858,0.7199793461774266,0.6480144975477858,0.0,0.0011381725610896253,0.0011381725610896253
2020-11-16,0.0075616799317937,0.0,0.0,0.6480144975477858,0.7199793461774266,0.6480144975477858,0.0,0.0,0.0
2020-11-16,0.0069710378368548,0.0,0.0,0.6480144975477858,0.7199793461774266,0.6480144975477858,0.0,0.0,0.0
2020-11-16,0.0555973627437313,0.0,0.0,0.6480144975477858,0.7199793461774266,0.6480144975477858,0.0,0.00043298479771030853,0.00043298479771030853
2020-11-16,0.0221828424187701,0.0,0.0,0.6480144975477858,0.7199793461774266,0.6480144975477858,0.0,0.0,0.0
2020-11-16,0.0485679212080579,0.0,0.0,0.6480144975477858,0.7199793461774266,0.6480144975477858,0.0,0.00037391591997583683,0.00037391591997583683
2020-11-17,0.0,0.0,0.0,0.6480144975477858,0.7199793461774266,0.6480144975477858,0.0,0.0,0.0
2020-11-17,0.0,0.0,0.0,0.6480144975477858,0.7199793461774266,0.6480144975477858,0.0,0.0,0.0
2020-11-17,0.0,0.0,0.0,0.6480144975477858,0.7199793461774266,0.6480144975477858,0.0,0.0,0.0
2020-11-17,0.0,0.0,0.0,0.6480144975477858,0.7199793461774266,0.6480144975477858,0.0,0.0,0.0
2020-11-17,0.0,0.0,0.0,0.6480144975477858,0.7199793461774266,0.6480144975477858,0.0,0.0,0.0
2020-11-17,0.0,0.0,0.0,0.6480144975477858,0.7199793461774266,0.6480144975477858,0.0,0.0,0.0
2020-11-17,0.0,0.0,0.0,0.6480144975477858,0.7199793461774266,0.6480144975477858,0.0,0.0,0.0
2020-11-17,0.0,0.0,0.0,0.6480144975477858,0.7199793461774266,0.6480144975477858,0.0,0.0,0.0
2020-11-17,0.0,0.0,0.0,0.6480144975477858,0.7199793461774266,0.6480144975477858,0.0,0.0,0.0
2020-11-17,0.0,0.0,0.0,0.6480144975477858,0.7199793461774266,0.6480144975477858,0.0,0.0,0.0
2020-11-17,0.0,0.0,0.0,0.6480144975477858,0.7199793461774266,0.6480144975477858,0.0,0.0,0.0
2020-11-18,0.1022466275511357,0.0,0.0,0.6403889024723496,0.7133636686352336,0.6480144975477858,-0.007625595075436253,7.924750823396998e-06,0.00763351982625965
2020-11-18,0.0749881799834011,0.0,0.0,0.6403889024723496,0.7133636686352336,0.6403889024723496,0.0,0.0008759222770354882,0.0008759222770354882
2020-11-18,0.0232465994602393,0.0,0.0,0.6403889024723496,0.7133636686352336,0.6403889024723496,0.0,0.0,0.0
2020-11-18,0.0888105993981776,0.0,0.0,0.6403889024723496,0.7133636686352336,0.6403889024723496,0.0,0.0,0.0
2020-11-18,0.1164464784687676,0.0,0.0,0.6403889024723496,0.7133636686352336,0.6403889024723496,0.0,0.0,0.0
2020-11-18,0.0370291691475047,0.0,0.0,0.6403889024723496,0.7133636686352336,0.6403889024723496,0.0,0.0,0.0
2020-11-18,0.0701492290610597,0.0,0.0,0.6403889024723496,0.7133636686352336,0.6403889024723496,0.0,0.0,0.0
2020-11-18,0.00959033952652,0.0,0.0,0.6403889024723496,0.7133636686352336,0.6403889024723496,0.0,0.0,0.0
2020-11-18,0.0924670178252415,0.0,0.0,0.6403889024723496,0.7133636686352336,0.6403889024723496,0.0,0.0,0.0
2020-11-18,0.0281100530791828,0.0,0.0,0.6403889024723496,0.7133636686352336,0.6403889024723496,0.0,0.0,0.0
2020-11-18,0.0352855876835082,0.0,0.0,0.6403889024723496,0.7133636686352336,0.6403889024723496,0.0,0.0,0.0
2020-11-19,0.0489469119448301,0.0,0.0,0.636473989270664,0.7096524348920514,0.6403889024723496,-0.003914913201685577,0.0004905866616807342,0.004405499863366311
2020-11-19,0.0419006517522939,0.0,0.0,0.636473989270664,0.7096524348920514,0.636473989270664,0.0,0.0,0.0
2020-11-19,3.1758445650853914e-06,0.0,0.0,0.636473989270664,0.7096524348920514,0.636473989270664,0.0,0.004110155474693999,0.004110155474693999
2020-11-19,0.0001626378705052,0.0,0.0,0.636473989270664,0.7096524348920514,0.636473989270664,0.0,0.00017870241194321734,0.00017870241194321734
2020-11-19,0.0054978718493319,0.0,0.0,0.636473989270664,0.7096524348920514,0.636473989270664,0.0,0.0,0.0
2020-11-19,0.0286198513596459,0.0,0.0,0.636473989270664,0.7096524348920514,0.636473989270664,0.0,0.0014853370536035205,0.0014853370536035205
2020-11-19,0.0375928784795285,0.0,0.0,0.636473989270664,0.7096524348920514,0.636473989270664,0.0,0.0,0.0
2020-11-19,0.0005661980868769,0.0,0.0,0.636473989270664,0.7096524348920514,0.636473989270664,0.0,0.0,0.0
2020-11-19,0.0120975750535877,0.0,0.0,0.636473989270664,0.7096524348920514,0.636473989270664,0.0,0.0,0.0
2020-11-19,0.0,0.0,0.0,0.636473989270664,0.7096524348920514,0.636473989270664,0.0,0.0,0.0
2020-11-19,0.0529892663764053,0.0,0.0,0.636473989270664,0.7096524348920514,0.636473989270664,0.0,0.0010490299011923102,0.0010490299011923102
2020-11-20,0.0,0.0,0.0,0.6326655064793109,0.7064252751153699,0.636473989270664,-0.0038084827913531516,0.0,0.0038084827913531516
2020-11-20,0.0,0.0,0.0,0.6326655064793109,0.7064252751153699,0.6326655064793109,0.0,0.0,0.0
2020-11-20,0.0,0.0,0.0,0.6326655064793109,0.7064252751153699,0.6326655064793109,0.0,0.0,0.0
2020-11-20,0.0,0.0,0.0,0.6326655064793109,0.7064252751153699,0.6326655064793109,0.0,0.0,0.0
2020-11-20,0.0,0.0,0.0,0.6326655064793109,0.7064252751153699,0.6326655064793109,0.0,0.0,0.0
2020-11-20,0.0,0.0,0.0,0.6326655064793109,0.7064252751153699,0.6326655064793109,0.0,0.0,0.0
2020-11-20,0.0,0.0,0.0,0.6326655064793109,0.7064252751153699,0.6326655064793109,0.0,0.0,0.0
2020-11-20,0.0,0.0,0.0,0.6326655064793109,0.7064252751153699,0.6326655064793109,0.0,0.0,0.0
2020-11-20,0.0,0.0,0.0,0.6326655064793109,0.7064252751153699,0.6326655064793109,0.0,0.0,0.0
2020-11-20,0.0,0.0,0.0,0.6326655064793109,0.7064252751153699,0.6326655064793109,0.0,0.0,0.0
2020-11-20,0.0,0.0,0.0,0.6326655064793109,0.7064252751153699,0.6326655064793109,0.0,0.0,0.0
2020-11-21,0.0,0.0,0.0,0.62829610666053,0.7025526833833506,0.6326655064793109,-0.004369399818780817,0.0,0.004369399818780817
2020-11-21,0.0,0.0,0.0,0.62829610666053,0.7025526833833506,0.62829610666053,0.0,0.0,0.0
2020-11-21,0.0,0.0,0.0,0.62829610666053,0.7025526833833506,0.62829610666053,0.0,0.0,0.0
2020-11-21,0.0,0.0,0.0,0.62829610666053,0.7025526833833506,0.62829610666053,0.0,0.0,0.0
2020-11-21,0.0,0.0,0.0,0.62829610666053,0.7025526833833506,0.62829610666053,0.0,0.0,0.0
2020-11-21,0.0,0.0,0.0,0.62829610666053,0.7025526833833506,0.62829610666053,0.0,0.0,0.0
2020-11-21,0.0,0.0,0.0,0.62829610666053,0.7025526833833506,0.62829610666053,0.0,0.0,0.0
2020-11-21,0.0,0.0,0.0,0.62829610666053,0.7025526833833506,0.62829610666053,0.0,0.0,0.0
2020-11-21,0.0,0.0,0.0,0.62829610666053,0.7025526833833506,0.62829610666053,0.0,0.0,0.0
2020-11-21,0.0,0.0,0.0,0.62829610666053,0.7025526833833506,0.62829610666053,0.0,0.0,0.0
2020-11-21,0.0,0.0,0.0,0.62829610666053,0.7025526833833506,0.62829610666053,0.0,0.0,0.0
2020-11-22,0.0,0.0,0.0,0.6232536064088366,0.6980346596960008,0.62829610666053,-0.005042500251693394,0.0,0.005042500251693394
2020-11-22,0.0,0.0,0.0,0.6232536064088366,0.6980346596960008,0.6232536064088366,0.0,0.0,0.0
2020-11-22,0.0,0.0,0.0,0.6232536064088366,0.6980346596960008,0.6232536064088366,0.0,0.0,0.0
2020-11-22,0.0,0.0,0.0,0.6232536064088366,0.6980346596960008,0.6232536064088366,0.0,0.0,0.0
2020-11-22,0.0,0.0,0.0,0.6232536064088366,0.6980346596960008,0.6232536064088366,0.0,0.0,0.0
2020-11-22,0.0,0.0,0.0,0.6232536064088366,0.6980346596960008,0.6232536064088366,0.0,0.0,0.0
2020-11-22,0.0,0.0,0.0,0.6232536064088366,0.6980346596960008,0.6232536064088366,0.0,0.0,0.0
2020-11-22,0.0,0.0,0.0,0.6232536064088366,0.6980346596960008,0.6232536064088366,0.0,0.0,0.0
2020-11-22,0.0,0.0,0.0,0.6232536064088366,0.6980346596960008,0.6232536064088366,0.0,0.0,0.0
2020-11-22,0.0,0.0,0.0,0.6232536064088366,0.6980346596960008,0.6232536064088366,0.0,0.0,0.0
2020-11-22,0.0,0.0,0.0,0.6232536064088366,0.6980346596960008,0.6232536064088366,0.0,0.0,0.0
2020-11-23,0.0007053134354271,0.0,0.0,0.6232536064088366,0.6980346596960008,0.6232536064088366,0.0,0.0,0.0
2020-11-23,0.0,0.0,0.0,0.6232536064088366,0.6980346596960008,0.6232536064088366,0.0,0.0,0.0
2020-11-23,0.0,0.0,0.0,0.6232536064088366,0.6980346596960008,0.6232536064088366,0.0,0.0,0.0
2020-11-23,0.0003253423302178,0.0,0.0,0.6232536064088366,0.6980346596960008,0.6232536064088366,0.0,4.062389531081068e-05,4.062389531081068e-05
2020-11-23,0.0024332250889966,0.0,0.0,0.6232536064088366,0.6980346596960008,0.6232536064088366,0.0,0.0,0.0
2020-11-23,0.0,0.0,0.0,0.6232536064088366,0.6980346596960008,0.6232536064088366,0.0,0.0,0.0
2020-11-23,0.0018611543170188,0.0,0.0,0.6232536064088366,0.6980346596960008,0.6232536064088366,0.0,0.0,0.0
2020-11-23,0.0165865110996735,0.0,0.0,0.6232536064088366,0.6980346596960008,0.6232536064088366,0.0,0.0,0.0
2020-11-23,0.0,0.0,0.0,0.6232536064088366,0.6980346596960008,0.6232536064088366,0.0,0.0,0.0
2020-11-23,0.0004768989188572,0.0,0.0,0.6232536064088366,0.6980346596960008,0.6232536064088366,0.0,4.845515996297012e-05,4.845515996297012e-05
2020-11-23,0.0008998620406681,0.0,0.0,0.6232536064088366,0.6980346596960008,0.6232536064088366,0.0,0.0,0.0
2020-11-24,0.0,0.0,0.0,0.6232536064088366,0.6980346596960008,0.6232536064088366,0.0,0.0,0.0
2020-11-24,0.00060698771054,0.0,0.0,0.6232536064088366,0.6980346596960008,0.6232536064088366,0.0,0.0,0.0
2020-11-24,0.0039804836517144,0.0,0.0,0.6232536064088366,0.6980346596960008,0.6232536064088366,0.0,0.0,0.0
2020-11-24,0.0,0.0,0.0,0.6232536064088366,0.6980346596960008,0.6232536064088366,0.0,0.0,0.0
2020-11-24,0.0,0.0,0.0,0.6232536064088366,0.6980346596960008,0.6232536064088366,0.0,0.0,0.0
2020-11-24,0.0011454817505113,0.0,0.0,0.6232536064088366,0.6980346596960008,0.6232536064088366,0.0,0.00041732380938683743,0.00041732380938683743
2020-11-24,0.000479350898341,0.0,0.0,0.6232536064088366,0.6980346596960008,0.6232536064088366,0.0,4.845515996297012e-05,4.845515996297012e-05
2020-11-24,0.0,0.0,0.0,0.6232536064088366,0.6980346596960008,0.6232536064088366,0.0,0.0,0.0
2020-11-24,0.0,0.0,0.0,0.6232536064088366,0.6980346596960008,0.6232536064088366,0.0,0.0,0.0
2020-11-24,0.0,0.0,0.0,0.6232536064088366,0.6980346596960008,0.6232536064088366,0.0,0.0,0.0
2020-11-24,0.0,0.0,0.0,0.6232536064088366,0.6980346596960008,0.6232536064088366,0.0,0.0,0.0
2020-11-25,0.0486089476877575,0.0,0.0,0.6091386328007018,0.6857714525446124,0.6232536064088366,-0.014114973608134851,0.0002552747774309988,0.01437024838556585
2020-11-25,0.0651534037601321,0.0,0.0,0.6091386328007018,0.6857714525446124,0.6091386328007018,0.0,0.0,0.0
2020-11-25,0.0582413266340323,0.0,0.0,0.6091386328007018,0.6857714525446124,0.6091386328007018,0.0,0.0,0.0
2020-11-25,0.0291731771132422,0.0,0.0,0.6091386328007018,0.6857714525446124,0.6091386328007018,0.0,0.0,0.0
2020-11-25,0.0215652490763366,0.0,0.0,0.6091386328007018,0.6857714525446124,0.6091386328007018,0.0,0.0,0.0
2020-11-25,0.0231956043362034,0.0,0.0,0.6091386328007018,0.6857714525446124,0.6091386328007018,0.0,0.0,0.0
2020-11-25,0.0431991908306112,0.0,0.0,0.6091386328007018,0.6857714525446124,0.6091386328007018,0.0,0.0,0.0
2020-11-25,0.0141350712463121,0.0,0.0,0.6091386328007018,0.6857714525446124,0.6091386328007018,0.0,0.00017339527391448063,0.00017339527391448063
2020-11-25,0.0293235991660879,0.0,0.0,0.6091386328007018,0.6857714525446124,0.6091386328007018,0.0,0.0,0.0
2020-11-25,0.0526234152986927,0.0,0.0,0.6091386328007018,0.6857714525446124,0.6091386328007018,0.0,0.00034451811474349117,0.00034451811474349117
2020-11-25,0.0250771956665415,0.0,0.0,0.6091386328007018,0.6857714525446124,0.6091386328007018,0.0,0.0,0.0
2020-11-26,0.1951420402962517,0.0,0.0,0.6091386328007018,0.6857714525446124,0.6091386328007018,0.0,8.062822707071815e-05,8.062822707071815e-05
2020-11-26,0.3645202331494251,0.0,0.0,0.6091386328007018,0.6857714525446124,0.6091386328007018,0.0,0.004075364236505609,0.004075364236505609
2020-11-26,0.2277158684800946,0.0,0.0,0.6091386328007018,0.6857714525446124,0.6091386328007018,0.0,0.0,0.0
2020-11-26,0.2472771083560609,0.0,0.0,0.6091386328007018,0.6857714525446124,0.6091386328007018,0.0,0.0010855758029023907,0.0010855758029023907
2020-11-26,0.4472887249602962,0.0,0.0,0.6091386328007018,0.6857714525446124,0.6091386328007018,0.0,0.0028177019660861023,0.0028177019660861023
2020-11-26,0.4366335599090715,0.0,0.0,0.6091386328007018,0.6857714525446124,0.6091386328007018,0.0,0.000949503085043652,0.000949503085043652
2020-11-26,0.3724143802479225,0.0,0.0,0.6091386328007018,0.6857714525446124,0.6091386328007018,0.0,0.001960620748177011,0.001960620748177011
2020-11-26,0.2622967171364868,0.0,0.0,0.6091386328007018,0.6857714525446124,0.6091386328007018,0.0,0.001957298393476105,0.001957298393476105
2020-11-26,0.2659362284490303,0.0,0.0,0.6091386328007018,0.6857714525446124,0.6091386328007018,0.0,0.0019989788433603228,0.0019989788433603228
2020-11-26,0.2894364304233234,0.0,0.0,0.6091386328007018,0.6857714525446124,0.6091386328007018,0.0,0.00011874181996001542,0.00011874181996001542
2020-11-26,0.3322091367302686,0.0,0.0,0.6091386328007018,0.6857714525446124,0.6091386328007018,0.0,0.0,0.0
2020-11-27,0.0026558004759404,0.0,0.0,0.6091386328007018,0.6857714525446124,0.6091386328007018,0.0,0.0,0.0
2020-11-27,0.0053157441511426,0.0,0.0,0.6091386328007018,0.6857714525446124,0.6091386328007018,0.0,0.0,0.0
2020-11-27,0.0225913284923735,0.0,0.0,0.6091386328007018,0.6857714525446124,0.6091386328007018,0.0,0.0,0.0
2020-11-27,0.0090685191289032,0.0,0.0,0.6091386328007018,0.6857714525446124,0.6091386328007018,0.0,0.0,0.0
2020-11-27,0.0090236291782775,0.0,0.0,0.6091386328007018,0.6857714525446124,0.6091386328007018,0.0,0.0,0.0
2020-11-27,0.0066208368477152,0.0,0.0,0.6091386328007018,0.6857714525446124,0.6091386328007018,0.0,0.0,0.0
2020-11-27,0.0074258530793958,0.0,0.0,0.6091386328007018,0.6857714525446124,0.6091386328007018,0.0,0.0,0.0
2020-11-27,0.0382704408367204,0.0,0.0,0.6091386328007018,0.6857714525446124,0.6091386328007018,0.0,0.0,0.0
2020-11-27,0.0008471883677353,0.0,0.0,0.6091386328007018,0.6857714525446124,0.6091386328007018,0.0,0.0,0.0
2020-11-27,0.019911524418387,0.0,0.0,0.6091386328007018,0.6857714525446124,0.6091386328007018,0.0,0.0,0.0
2020-11-27,0.0198261672956637,0.0,0.0,0.6091386328007018,0.6857714525446124,0.6091386328007018,0.0,0.0,0.0
2020-11-28,0.0,0.0,0.0,0.6091386328007018,0.6857714525446124,0.6091386328007018,0.0,0.0,0.0
2020-11-28,0.0,0.0,0.0,0.6091386328007018,0.6857714525446124,0.6091386328007018,0.0,0.0,0.0
2020-11-28,0.0,0.0,0.0,0.6091386328007018,0.6857714525446124,0.6091386328007018,0.0,0.0,0.0
2020-11-28,0.0,0.0,0.0,0.6091386328007018,0.6857714525446124,0.6091386328007018,0.0,0.0,0.0
2020-11-28,0.0024721742448084,0.0,0.0,0.6091386328007018,0.6857714525446124,0.6091386328007018,0.0,7.113578506810158e-05,7.113578506810158e-05
2020-11-28,0.0,0.0,0.0,0.6091386328007018,0.6857714525446124,0.6091386328007018,0.0,0.0,0.0
2020-11-28,0.0033240306098901,0.0,0.0,0.6091386328007018,0.6857714525446124,0.6091386328007018,0.0,0.00021444289433186049,0.00021444289433186049
2020-11-28,0.0,0.0,0.0,0.6091386328007018,0.6857714525446124,0.6091386328007018,0.0,0.0,0.0
2020-11-28,0.0,0.0,0.0,0.6091386328007018,0.6857714525446124,0.6091386328007018,0.0,0.0,0.0
2020-11-28,0.0,0.0,0.0,0.6091386328007018,0.6857714525446124,0.6091386328007018,0.0,0.0,0.0
2020-11-28,0.0,0.0,0.0,0.6091386328007018,0.6857714525446124,0.6091386328007018,0.0,0.0,0.0
2020-11-29,0.0,0.0,0.0,0.6091386328007018,0.6857714525446124,0.6091386328007018,0.0,0.0,0.0
2020-11-29,1.72982869826393e-05,0.0,0.0,0.6091386328007018,0.6857714525446124,0.6091386328007018,0.0,0.0070569325140750734,0.0070569325140750734
2020-11-29,0.0558948987804858,0.0,0.0,0.6091386328007018,0.6857714525446124,0.6091386328007018,0.0,0.0,0.0
2020-11-29,0.0018975697885235,0.0,0.0,0.6091386328007018,0.6857714525446124,0.6091386328007018,0.0,0.0,0.0
2020-11-29,0.0182905795536458,0.0,0.0,0.6091386328007018,0.6857714525446124,0.6091386328007018,0.0,6.615944426058285e-07,6.615944426058285e-07
2020-11-29,0.0259330529592498,0.0,0.0,0.6091386328007018,0.6857714525446124,0.6091386328007018,0.0,0.0,0.0
2020-11-29,0.0,0.0,0.0,0.6091386328007018,0.6857714525446124,0.6091386328007018,0.0,0.0,0.0
2020-11-29,0.0198796715224972,0.0,0.0,0.6091386328007018,0.6857714525446124,0.6091386328007018,0.0,0.0,0.0
2020-11-29,0.0075563923879856,0.0,0.0,0.6091386328007018,0.6857714525446124,0.6091386328007018,0.0,0.0,0.0
2020-11-29,0.0,0.0,0.0,0.6091386328007018,0.6857714525446124,0.6091386328007018,0.0,0.0,0.0
2020-11-29,0.0,0.0,0.0,0.6091386328007018,0.6857714525446124,0.6091386328007018,0.0,0.0,0.0
2020-11-30,0.0001818109857876,0.0,0.0,0.6091386328007018,0.6857714525446124,0.6091386328007018,0.0,0.0,0.0
2020-11-30,0.0194433159650007,0.0,0.0,0.6091386328007018,0.6857714525446124,0.6091386328007018,0.0,0.0,0.0
2020-11-30,0.0104732516549033,0.0,0.0,0.6091386328007018,0.6857714525446124,0.6091386328007018,0.0,0.0,0.0
2020-11-30,0.0030375135589869,0.0,0.0,0.6091386328007018,0.6857714525446124,0.6091386328007018,0.0,0.0,0.0
2020-11-30,1.9966178281723216e-06,0.0,0.0,0.6091386328007018,0.6857714525446124,0.6091386328007018,0.0,0.004791746917946999,0.004791746917946999
2020-11-30,0.0171314069160229,0.0,0.0,0.6091386328007018,0.6857714525446124,0.6091386328007018,0.0,0.0,0.0
2020-11-30,0.0052569667656778,0.0,0.0,0.6091386328007018,0.6857714525446124,0.6091386328007018,0.0,0.0,0.0
2020-11-30,0.0104535200369925,0.0,0.0,0.6091386328007018,0.6857714525446124,0.6091386328007018,0.0,0.0,0.0
2020-11-30,0.0,0.0,0.0,0.6091386328007018,0.6857714525446124,0.6091386328007018,0.0,0.0,0.0
2020-11-30,0.0051313753318391,0.0,0.0,0.6091386328007018,0.6857714525446124,0.6091386328007018,0.0,0.0,0.0
2020-11-30,0.0006990755606237,0.0,0.0,0.6091386328007018,0.6857714525446124,0.6091386328007018,0.0,0.0,0.0
2020-12-01,0.0,0.0,0.0,0.6091386328007018,0.6857714525446124,0.6091386328007018,0.0,0.0,0.0
2020-12-01,0.0,0.0,0.0,0.6091386328007018,0.6857714525446124,0.6091386328007018,0.0,0.0,0.0
2020-12-01,0.0,0.0,0.0,0.6091386328007018,0.6857714525446124,0.6091386328007018,0.0,0.0,0.0
2020-12-01,0.0,0.0,0.0,0.6091386328007018,0.6857714525446124,0.6091386328007018,0.0,0.0,0.0
2020-12-01,0.0,0.0,0.0,0.6091386328007018,0.6857714525446124,0.6091386328007018,0.0,0.0,0.0
2020-12-01,0.0,0.0,0.0,0.6091386328007018,0.6857714525446124,0.6091386328007018,0.0,0.0,0.0
2020-12-01,0.0,0.0,0.0,0.6091386328007018,0.6857714525446124,0.6091386328007018,0.0,0.0,0.0
2020-12-01,0.0,0.0,0.0,0.6091386328007018,0.6857714525446124,0.6091386328007018,0.0,0.0,0.0
2020-12-01,0.0,0.0,0.0,0.6091386328007018,0.6857714525446124,0.6091386328007018,0.0,0.0,0.0
2020-12-01,0.0,0.0,0.0,0.6091386328007018,0.6857714525446124,0.6091386328007018,0.0,0.0,0.0
2020-12-01,0.0,0.0,0.0,0.6091386328007018,0.6857714525446124,0.6091386328007018,0.0,0.0,0.0
2020-12-02,0.0,0.0,0.0,0.5802701031224381,0.6605996062865049,0.6091386328007018,-0.0288685296782637,0.0,0.0288685296782637
2020-12-02,0.0,0.0,0.0,0.5802701031224381,0.6605996062865049,0.5802701031224381,0.0,0.0,0.0
2020-12-02,0.0,0.0,0.0,0.5802701031224381,0.6605996062865049,0.5802701031224381,0.0,0.0,0.0
2020-12-02,0.0,0.0,0.0,0.5802701031224381,0.6605996062865049,0.5802701031224381,0.0,0.0,0.0
2020-12-02,0.0,0.0,0.0,0.5802701031224381,0.6605996062865049,0.5802701031224381,0.0,0.0,0.0
2020-12-02,0.0,0.0,0.0,0.5802701031224381,0.6605996062865049,0.5802701031224381,0.0,0.0,0.0
2020-12-02,0.0,0.0,0.0,0.5802701031224381,0.6605996062865049,0.5802701031224381,0.0,0.0,0.0
2020-12-02,0.0,0.0,0.0,0.5802701031224381,0.6605996062865049,0.5802701031224381,0.0,0.0,0.0
2020-12-02,0.0,0.0,0.0,0.5802701031224381,0.6605996062865049,0.5802701031224381,0.0,0.0,0.0
2020-12-02,0.0,0.0,0.0,0.5802701031224381,0.6605996062865049,0.5802701031224381,0.0,0.0,0.0
2020-12-02,0.0,0.0,0.0,0.5802701031224381,0.6605996062865049,0.5802701031224381,0.0,0.0,0.0
2020-12-03,0.0,0.0,0.0,0.5803448920594284,0.6605996062865049,0.5802701031224381,7.478893699031097e-05,0.0,7.478893699031097e-05
2020-12-03,0.0,0.0,0.0,0.5803448920594284,0.6605996062865049,0.5803448920594284,0.0,0.0,0.0
2020-12-03,0.0,0.0,0.0,0.5803448920594284,0.6605996062865049,0.5803448920594284,0.0,0.0,0.0
2020-12-03,0.0,0.0,0.0,0.5803448920594284,0.6605996062865049,0.5803448920594284,0.0,0.0,0.0
2020-12-03,0.0,0.0,0.0,0.5803448920594284,0.6605996062865049,0.5803448920594284,0.0,0.0,0.0
2020-12-03,0.0,0.0,0.0,0.5803448920594284,0.6605996062865049,0.5803448920594284,0.0,0.0,0.0
2020-12-03,0.0,0.0,0.0,0.5803448920594284,0.6605996062865049,0.5803448920594284,0.0,0.0,0.0
2020-12-03,0.0,0.0,0.0,0.5803448920594284,0.6605996062865049,0.5803448920594284,0.0,0.0,0.0
2020-12-03,0.0,0.0,0.0,0.5803448920594284,0.6605996062865049,0.5803448920594284,0.0,0.0,0.0
2020-12-03,0.0,0.0,0.0,0.5803448920594284,0.6605996062865049,0.5803448920594284,0.0,0.0,0.0
2020-12-03,0.0,0.0,0.0,0.5803448920594284,0.6605996062865049,0.5803448920594284,0.0,0.0,0.0
2020-12-04,0.0,0.0,0.0,0.5803448920594284,0.6605996062865049,0.5803448920594284,0.0,0.0,0.0
2020-12-04,0.0,0.0,0.0,0.5803448920594284,0.6605996062865049,0.5803448920594284,0.0,0.0,0.0
2020-12-04,0.0,0.0,0.0,0.5803448920594284,0.6605996062865049,0.5803448920594284,0.0,0.0,0.0
2020-12-04,0.0,0.0,0.0,0.5803448920594284,0.6605996062865049,0.5803448920594284,0.0,0.0,0.0
2020-12-04,0.0,0.0,0.0,0.5803448920594284,0.6605996062865049,0.5803448920594284,0.0,0.0,0.0
2020-12-04,0.0,0.0,0.0,0.5803448920594284,0.6605996062865049,0.5803448920594284,0.0,0.0,0.0
2020-12-04,0.0,0.0,0.0,0.5803448920594284,0.6605996062865049,0.5803448920594284,0.0,0.0,0.0
2020-12-04,0.0,0.0,0.0,0.5803448920594284,0.6605996062865049,0.5803448920594284,0.0,0.0,0.0
2020-12-04,0.0,0.0,0.0,0.5803448920594284,0.6605996062865049,0.5803448920594284,0.0,0.0,0.0
2020-12-04,0.0,0.0,0.0,0.5803448920594284,0.6605996062865049,0.5803448920594284,0.0,0.0,0.0
2020-12-04,0.0,0.0,0.0,0.5803448920594284,0.6605996062865049,0.5803448920594284,0.0,0.0,0.0
2020-12-05,0.0,0.0,0.0,0.5803448920594284,0.6605996062865049,0.5803448920594284,0.0,0.0,0.0
2020-12-05,0.006238778311727,0.0,0.0,0.5803448920594284,0.6605996062865049,0.5803448920594284,0.0,0.0,0.0
2020-12-05,0.013481488606282,0.0,0.0,0.5803448920594284,0.6605996062865049,0.5803448920594284,0.0,0.0,0.0
2020-12-05,0.0016324043649568,0.0,0.0,0.5803448920594284,0.6605996062865049,0.5803448920594284,0.0,0.0,0.0
2020-12-05,0.0004428273516733,0.0,0.0,0.5803448920594284,0.6605996062865049,0.5803448920594284,0.0,0.0,0.0
2020-12-05,0.0,0.0,0.0,0.5803448920594284,0.6605996062865049,0.5803448920594284,0.0,0.0,0.0
2020-12-05,0.018514902404173,0.0,0.0,0.5803448920594284,0.6605996062865049,0.5803448920594284,0.0,0.0,0.0
2020-12-05,0.0069925184686686,0.0,0.0,0.5803448920594284,0.6605996062865049,0.5803448920594284,0.0,0.0,0.0
2020-12-05,0.0,0.0,0.0,0.5803448920594284,0.6605996062865049,0.5803448920594284,0.0,0.0,0.0
2020-12-05,0.0089428358833503,0.0,0.0,0.5803448920594284,0.6605996062865049,0.5803448920594284,0.0,0.0,0.0
2020-12-05,0.0,0.0,0.0,0.5803448920594284,0.6605996062865049,0.5803448920594284,0.0,0.0,0.0
2020-12-06,0.0,0.0,0.0,0.5803448920594284,0.6605996062865049,0.5803448920594284,0.0,0.0,0.0
2020-12-06,4.492264149921907e-05,0.0,0.0,0.5803448920594284,0.6605996062865049,0.5803448920594284,0.0,0.0,0.0
2020-12-06,0.0,0.0,0.0,0.5803448920594284,0.6605996062865049,0.5803448920594284,0.0,0.0,0.0
2020-12-06,0.0017897397847349,0.0,0.0,0.5803448920594284,0.6605996062865049,0.5803448920594284,0.0,0.0,0.0
2020-12-06,0.0004621160402989,0.0,0.0,0.5803448920594284,0.6605996062865049,0.5803448920594284,0.0,0.0,0.0
2020-12-06,0.0,0.0,0.0,0.5803448920594284,0.6605996062865049,0.5803448920594284,0.0,0.0,0.0
2020-12-06,0.0020716753431429,0.0,0.0,0.5803448920594284,0.6605996062865049,0.5803448920594284,0.0,0.0,0.0
2020-12-06,0.0029454490382315,0.0,0.0,0.5803448920594284,0.6605996062865049,0.5803448920594284,0.0,0.0,0.0
2020-12-06,0.0,0.0,0.0,0.5803448920594284,0.6605996062865049,0.5803448920594284,0.0,0.0,0.0
2020-12-06,0.0001179321992125,0.0,0.0,0.5803448920594284,0.6605996062865049,0.5803448920594284,0.0,0.0,0.0
2020-12-06,0.0,0.0,0.0,0.5803448920594284,0.6605996062865049,0.5803448920594284,0.0,0.0,0.0
2020-12-07,0.0,0.0,0.0,0.5803448920594284,0.6605996062865049,0.5803448920594284,0.0,0.0,0.0
2020-12-07,0.0,0.0,0.0,0.5803448920594284,0.6605996062865049,0.5803448920594284,0.0,0.0,0.0
2020-12-07,0.0,0.0,0.0,0.5803448920594284,0.6605996062865049,0.5803448920594284,0.0,0.0,0.0
2020-12-07,0.0,0.0,0.0,0.5803448920594284,0.6605996062865049,0.5803448920594284,0.0,0.0,0.0
2020-12-07,0.0,0.0,0.0,0.5803448920594284,0.6605996062865049,0.5803448920594284,0.0,0.0,0.0
2020-12-07,0.0,0.0,0.0,0.5803448920594284,0.6605996062865049,0.5803448920594284,0.0,0.0,0.0
2020-12-07,0.0,0.0,0.0,0.5803448920594284,0.6605996062865049,0.5803448920594284,0.0,0.0,0.0
2020-12-07,0.0,0.0,0.0,0.5803448920594284,0.6605996062865049,0.5803448920594284,0.0,0.0,0.0
2020-12-07,0.0,0.0,0.0,0.5803448920594284,0.6605996062865049,0.5803448920594284,0.0,0.0,0.0
2020-12-07,0.0,0.0,0.0,0.5803448920594284,0.6605996062865049,0.5803448920594284,0.0,0.0,0.0
2020-12-07,0.0,0.0,0.0,0.5803448920594284,0.6605996062865049,0.5803448920594284,0.0,0.0,0.0
2020-12-08,0.0,0.0,0.0,0.5803448920594284,0.6605996062865049,0.5803448920594284,0.0,0.0,0.0
2020-12-08,0.0,0.0,0.0,0.5803448920594284,0.6605996062865049,0.5803448920594284,0.0,0.0,0.0
2020-12-08,0.0,0.0,0.0,0.5803448920594284,0.6605996062865049,0.5803448920594284,0.0,0.0,0.0
2020-12-08,0.0,0.0,0.0,0.5803448920594284,0.6605996062865049,0.5803448920594284,0.0,0.0,0.0
2020-12-08,0.0,0.0,0.0,0.5803448920594284,0.6605996062865049,0.5803448920594284,0.0,0.0,0.0
2020-12-08,0.0,0.0,0.0,0.5803448920594284,0.6605996062865049,0.5803448920594284,0.0,0.0,0.0
2020-12-08,0.0,0.0,0.0,0.5803448920594284,0.6605996062865049,0.5803448920594284,0.0,0.0,0.0
2020-12-08,0.0,0.0,0.0,0.5803448920594284,0.6605996062865049,0.5803448920594284,0.0,0.0,0.0
2020-12-08,0.0,0.0,0.0,0.5803448920594284,0.6605996062865049,0.5803448920594284,0.0,0.0,0.0
2020-12-08,0.0,0.0,0.0,0.5803448920594284,0.6605996062865049,0.5803448920594284,0.0,0.0,0.0
2020-12-08,0.0,0.0,0.0,0.5803448920594284,0.6605996062865049,0.5803448920594284,0.0,0.0,0.0
2020-12-09,0.0,0.0,0.0,0.5684016741215896,0.6325233162293866,0.5803448920594284,-0.011943217937838813,0.0009073474038251932,0.012850565341664006
2020-12-09,0.0,0.0,0.0,0.5684016741215896,0.6325233162293866,0.5684016741215896,0.0,0.0009073474038251932,0.0009073474038251932
2020-12-09,0.0,0.0,0.0,0.5684016741215896,0.6325233162293866,0.5684016741215896,0.0,0.0009073474038251932,0.0009073474038251932
2020-12-09,0.0,0.0,0.0,0.5684016741215896,0.6325233162293866,0.5684016741215896,0.0,0.0009073474038251932,0.0009073474038251932
2020-12-09,0.0,0.0,0.0,0.5684016741215896,0.6325233162293866,0.5684016741215896,0.0,0.0009073474038251932,0.0009073474038251932
2020-12-09,0.0,0.0,0.0,0.5684016741215896,0.6325233162293866,0.5684016741215896,0.0,0.0009073474038251932,0.0009073474038251932
2020-12-09,0.0,0.0,0.0,0.5684016741215896,0.6325233162293866,0.5684016741215896,0.0,0.0009073474038251932,0.0009073474038251932
2020-12-09,0.0,0.0,0.0,0.5684016741215896,0.6325233162293866,0.5684016741215896,0.0,0.0009073474038251932,0.0009073474038251932
2020-12-09,0.0,0.0,0.0,0.5684016741215896,0.6325233162293866,0.5684016741215896,0.0,0.0009073474038251932,0.0009073474038251932
2020-12-09,0.0,0.0,0.0,0.5684016741215896,0.6325233162293866,0.5684016741215896,0.0,0.0009073474038251932,0.0009073474038251932
2020-12-09,0.0,0.0,0.0,0.5684016741215896,0.6325233162293866,0.5684016741215896,0.0,0.0009073474038251932,0.0009073474038251932
2020-12-10,0.0399355841499274,0.0,0.0,0.5420299443397718,0.6267144286313613,0.5684016741215896,-0.026371729781817788,0.0,0.026371729781817788
2020-12-10,0.0,0.0,0.0,0.5420299443397718,0.6267144286313613,0.5420299443397718,0.0,0.0,0.0
2020-12-10,0.0,0.0,0.0,0.5420299443397718,0.6267144286313613,0.5420299443397718,0.0,0.0,0.0
2020-12-10,0.0,0.0,0.0,0.5420299443397718,0.6267144286313613,0.5420299443397718,0.0,0.0,0.0
2020-12-10,0.0,0.0,0.0,0.5420299443397718,0.6267144286313613,0.5420299443397718,0.0,0.0,0.0
2020-12-10,0.0,0.0,0.0,0.5420299443397718,0.6267144286313613,0.5420299443397718,0.0,0.0,0.0
2020-12-10,0.0047935089834107,0.0,0.0,0.5420299443397718,0.6267144286313613,0.5420299443397718,0.0,0.0,0.0
2020-12-10,0.0,0.0,0.0,0.5420299443397718,0.6267144286313613,0.5420299443397718,0.0,0.0,0.0
2020-12-10,0.0060698772842837,0.0,0.0,0.5420299443397718,0.6267144286313613,0.5420299443397718,0.0,0.0,0.0
2020-12-10,0.012321225527532,0.0,0.0,0.5420299443397718,0.6267144286313613,0.5420299443397718,0.0,0.0,0.0
2020-12-10,0.0,0.0,0.0,0.5420299443397718,0.6267144286313613,0.5420299443397718,0.0,0.0,0.0
2020-12-11,0.0,0.0,0.0,0.5356441197198292,0.621228257011003,0.5420299443397718,-0.006385824619942637,0.0,0.006385824619942637
2020-12-11,0.0,0.0,0.0,0.5356441197198292,0.621228257011003,0.5356441197198292,0.0,0.0,0.0
2020-12-11,0.0046131067312854,0.0,0.0,0.5356441197198292,0.621228257011003,0.5356441197198292,0.0,0.0,0.0
2020-12-11,0.0102739888259601,0.0,0.0,0.5356441197198292,0.621228257011003,0.5356441197198292,0.0,0.0,0.0
2020-12-11,0.0,0.0,0.0,0.5356441197198292,0.621228257011003,0.5356441197198292,0.0,0.0,0.0
2020-12-11,0.0,0.0,0.0,0.5356441197198292,0.621228257011003,0.5356441197198292,0.0,0.0,0.0
2020-12-11,0.0303510443540465,0.0,0.0,0.5356441197198292,0.621228257011003,0.5356441197198292,0.0,0.0,0.0
2020-12-11,0.0036430666723601,0.0,0.0,0.5356441197198292,0.621228257011003,0.5356441197198292,0.0,6.683574226697405e-05,6.683574226697405e-05
2020-12-11,0.0,0.0,0.0,0.5356441197198292,0.621228257011003,0.5356441197198292,0.0,0.0,0.0
2020-12-11,0.0,0.0,0.0,0.5356441197198292,0.621228257011003,0.5356441197198292,0.0,0.0,0.0
2020-12-11,0.0,0.0,0.0,0.5356441197198292,0.621228257011003,0.5356441197198292,0.0,0.0,0.0
2020-12-12,0.0,0.0,0.0,0.5298192121273138,0.6160648013683137,0.5356441197198292,-0.005824907592515416,0.0,0.005824907592515416
2020-12-12,0.0,0.0,0.0,0.5298192121273138,0.6160648013683137,0.5298192121273138,0.0,0.0,0.0
2020-12-12,0.0,0.0,0.0,0.5298192121273138,0.6160648013683137,0.5298192121273138,0.0,0.0,0.0
2020-12-12,0.0,0.0,0.0,0.5298192121273138,0.6160648013683137,0.5298192121273138,0.0,0.0,0.0
2020-12-12,0.0,0.0,0.0,0.5298192121273138,0.6160648013683137,0.5298192121273138,0.0,0.0,0.0
2020-12-12,0.0,0.0,0.0,0.5298192121273138,0.6160648013683137,0.5298192121273138,0.0,0.0,0.0
2020-12-12,0.0,0.0,0.0,0.5298192121273138,0.6160648013683137,0.5298192121273138,0.0,0.0,0.0
2020-12-12,0.0,0.0,0.0,0.5298192121273138,0.6160648013683137,0.5298192121273138,0.0,0.0,0.0
2020-12-12,0.0,0.0,0.0,0.5298192121273138,0.6160648013683137,0.5298192121273138,0.0,0.0,0.0
2020-12-12,0.0,0.0,0.0,0.5298192121273138,0.6160648013683137,0.5298192121273138,0.0,0.0,0.0
2020-12-12,0.0,0.0,0.0,0.5298192121273138,0.6160648013683137,0.5298192121273138,0.0,0.0,0.0
2020-12-13,0.0,0.0,0.0,0.5241036114427072,0.6112240617032931,0.5298192121273138,-0.0057156006846065255,0.0,0.0057156006846065255
2020-12-13,0.0,0.0,0.0,0.5241036114427072,0.6112240617032931,0.5241036114427072,0.0,0.0,0.0
2020-12-13,0.0,0.0,0.0,0.5241036114427072,0.6112240617032931,0.5241036114427072,0.0,0.0,0.0
2020-12-13,0.0,0.0,0.0,0.5241036114427072,0.6112240617032931,0.5241036114427072,0.0,0.0,0.0
2020-12-13,0.0,0.0,0.0,0.5241036114427072,0.6112240617032931,0.5241036114427072,0.0,0.0,0.0
2020-12-13,0.0,0.0,0.0,0.5241036114427072,0.6112240617032931,0.5241036114427072,0.0,0.0,0.0
2020-12-13,0.0,0.0,0.0,0.5241036114427072,0.6112240617032931,0.5241036114427072,0.0,0.0,0.0
2020-12-13,0.0,0.0,0.0,0.5241036114427072,0.6112240617032931,0.5241036114427072,0.0,0.0,0.0
2020-12-13,0.0,0.0,0.0,0.5241036114427072,0.6112240617032931,0.5241036114427072,0.0,0.0,0.0
2020-12-13,0.0,0.0,0.0,0.5241036114427072,0.6112240617032931,0.5241036114427072,0.0,0.0,0.0
2020-12-13,0.0,0.0,0.0,0.5241036114427072,0.6112240617032931,0.5241036114427072,0.0,0.0,0.0
2020-12-14,0.0,0.0,0.0,0.5178299702282501,0.6054151741052678,0.5241036114427072,-0.006273641214457171,0.0,0.006273641214457171
2020-12-14,0.0,0.0,0.0,0.5178299702282501,0.6054151741052678,0.5178299702282501,0.0,0.0,0.0
2020-12-14,0.0,0.0,0.0,0.5178299702282501,0.6054151741052678,0.5178299702282501,0.0,0.0,0.0
2020-12-14,0.0,0.0,0.0,0.5178299702282501,0.6054151741052678,0.5178299702282501,0.0,0.0,0.0
2020-12-14,0.0,0.0,0.0,0.5178299702282501,0.6054151741052678,0.5178299702282501,0.0,0.0,0.0
2020-12-14,0.0,0.0,0.0,0.5178299702282501,0.6054151741052678,0.5178299702282501,0.0,0.0,0.0
2020-12-14,0.0,0.0,0.0,0.5178299702282501,0.6054151741052678,0.5178299702282501,0.0,0.0,0.0
2020-12-14,0.0,0.0,0.0,0.5178299702282501,0.6054151741052678,0.5178299702282501,0.0,0.0,0.0
2020-12-14,0.0,0.0,0.0,0.5178299702282501,0.6054151741052678,0.5178299702282501,0.0,0.0,0.0
2020-12-14,0.0,0.0,0.0,0.5178299702282501,0.6054151741052678,0.5178299702282501,0.0,0.0,0.0
2020-12-14,0.0,0.0,0.0,0.5178299702282501,0.6054151741052678,0.5178299702282501,0.0,0.0,0.0
2020-12-15,0.0,0.0,0.0,0.5113319622028217,0.5999290024849113,0.5178299702282501,-0.006498008025428326,0.0,0.006498008025428326
2020-12-15,0.0,0.0,0.0,0.5113319622028217,0.5999290024849113,0.5113319622028217,0.0,0.0,0.0
2020-12-15,0.0,0.0,0.0,0.5113319622028217,0.5999290024849113,0.5113319622028217,0.0,0.0,0.0
2020-12-15,0.0,0.0,0.0,0.5113319622028217,0.5999290024849113,0.5113319622028217,0.0,0.0,0.0
2020-12-15,0.0,0.0,0.0,0.5113319622028217,0.5999290024849113,0.5113319622028217,0.0,0.0,0.0
2020-12-15,0.0,0.0,0.0,0.5113319622028217,0.5999290024849113,0.5113319622028217,0.0,0.0,0.0
2020-12-15,0.0,0.0,0.0,0.5113319622028217,0.5999290024849113,0.5113319622028217,0.0,0.0,0.0
2020-12-15,0.0,0.0,0.0,0.5113319622028217,0.5999290024849113,0.5113319622028217,0.0,0.0,0.0
2020-12-15,0.0,0.0,0.0,0.5113319622028217,0.5999290024849113,0.5113319622028217,0.0,0.0,0.0
2020-12-15,0.0,0.0,0.0,0.5113319622028217,0.5999290024849113,0.5113319622028217,0.0,0.0,0.0
2020-12-15,0.0,0.0,0.0,0.5113319622028217,0.5999290024849113,0.5113319622028217,0.0,0.0,0.0
2020-12-16,0.0,0.0,0.0,0.5113319622028217,0.5999290024849113,0.5113319622028217,0.0,0.0,0.0
2020-12-16,0.0,0.0,0.0,0.5113319622028217,0.5999290024849113,0.5113319622028217,0.0,0.0,0.0
2020-12-16,0.0,0.0,0.0,0.5113319622028217,0.5999290024849113,0.5113319622028217,0.0,0.0,0.0
2020-12-16,0.0,0.0,0.0,0.5113319622028217,0.5999290024849113,0.5113319622028217,0.0,0.0,0.0
2020-12-16,0.0,0.0,0.0,0.5113319622028217,0.5999290024849113,0.5113319622028217,0.0,0.0,0.0
2020-12-16,0.0,0.0,0.0,0.5113319622028217,0.5999290024849113,0.5113319622028217,0.0,0.0,0.0
2020-12-16,0.0,0.0,0.0,0.5113319622028217,0.5999290024849113,0.5113319622028217,0.0,0.0,0.0
2020-12-16,0.0,0.0,0.0,0.5113319622028217,0.5999290024849113,0.5113319622028217,0.0,0.0,0.0
2020-12-16,0.0,0.0,0.0,0.5113319622028217,0.5999290024849113,0.5113319622028217,0.0,0.0,0.0
2020-12-16,0.0,0.0,0.0,0.5113319622028217,0.5999290024849113,0.5113319622028217,0.0,0.0,0.0
2020-12-16,0.0,0.0,0.0,0.5113319622028217,0.5999290024849113,0.5113319622028217,0.0,0.0,0.0
2020-12-17,0.0,0.0,0.0,0.4982237627464799,0.5883112272888624,0.5113319622028217,-0.01310819945634184,0.0,0.01310819945634184
2020-12-17,0.0,0.0,0.0,0.4982237627464799,0.5883112272888624,0.4982237627464799,0.0,0.0,0.0
2020-12-17,0.0,0.0,0.0,0.4982237627464799,0.5883112272888624,0.4982237627464799,0.0,0.0,0.0
2020-12-17,0.0,0.0,0.0,0.4982237627464799,0.5883112272888624,0.4982237627464799,0.0,0.0,0.0
2020-12-17,0.0,0.0,0.0,0.4982237627464799,0.5883112272888624,0.4982237627464799,0.0,0.0,0.0
2020-12-17,0.0,0.0,0.0,0.4982237627464799,0.5883112272888624,0.4982237627464799,0.0,0.0,0.0
2020-12-17,0.0,0.0,0.0,0.4982237627464799,0.5883112272888624,0.4982237627464799,0.0,0.0,0.0
2020-12-17,0.0,0.0,0.0,0.4982237627464799,0.5883112272888624,0.4982237627464799,0.0,0.0,0.0
2020-12-17,0.0,0.0,0.0,0.4982237627464799,0.5883112272888624,0.4982237627464799,0.0,0.0,0.0
2020-12-17,0.0,0.0,0.0,0.4982237627464799,0.5883112272888624,0.4982237627464799,0.0,0.0,0.0
2020-12-17,0.0,0.0,0.0,0.4982237627464799,0.5883112272888624,0.4982237627464799,0.0,0.0,0.0
2020-12-18,0.0,0.0,0.0,0.4982237627464799,0.5883112272888624,0.4982237627464799,0.0,0.0,0.0
2020-12-18,0.0,0.0,0.0,0.4982237627464799,0.5883112272888624,0.4982237627464799,0.0,0.0,0.0
2020-12-18,0.0014477249599953,0.0,0.0,0.4982237627464799,0.5883112272888624,0.4982237627464799,0.0,0.0002449625336190664,0.0002449625336190664
2020-12-18,0.0,0.0,0.0,0.4982237627464799,0.5883112272888624,0.4982237627464799,0.0,0.0,0.0
2020-12-18,0.0002410226545245,0.0,0.0,0.4982237627464799,0.5883112272888624,0.4982237627464799,0.0,0.0,0.0
2020-12-18,0.0,0.0,0.0,0.4982237627464799,0.5883112272888624,0.4982237627464799,0.0,0.0,0.0
2020-12-18,0.0006906747664035,0.0,0.0,0.4982237627464799,0.5883112272888624,0.4982237627464799,0.0,0.0,0.0
2020-12-18,0.0,0.0,0.0,0.4982237627464799,0.5883112272888624,0.4982237627464799,0.0,0.0,0.0
2020-12-18,0.000560980829192,0.0,0.0,0.4982237627464799,0.5883112272888624,0.4982237627464799,0.0,0.0,0.0
2020-12-18,0.0,0.0,0.0,0.4982237627464799,0.5883112272888624,0.4982237627464799,0.0,0.0,0.0
2020-12-18,0.0002496641358594,0.0,0.0,0.4982237627464799,0.5883112272888624,0.4982237627464799,0.0,0.0,0.0
2020-12-19,0.0356210030661233,0.0,0.0,0.4982237627464799,0.5883112272888624,0.4982237627464799,0.0,0.00010483395417739335,0.00010483395417739335
2020-12-19,0.0897614674002118,0.0,0.0,0.4982237627464799,0.5883112272888624,0.4982237627464799,0.0,0.0,0.0
2020-12-19,0.2354880180985834,0.0,0.0,0.4982237627464799,0.5883112272888624,0.4982237627464799,0.0,0.0,0.0
2020-12-19,0.3219338630322364,0.0,0.0,0.4982237627464799,0.5883112272888624,0.4982237627464799,0.0,0.00023075263559090426,0.00023075263559090426
2020-12-19,0.110767980569735,0.0,0.0,0.4982237627464799,0.5883112272888624,0.4982237627464799,0.0,0.0,0.0
2020-12-19,0.0571745013461396,0.0,0.0,0.4982237627464799,0.5883112272888624,0.4982237627464799,0.0,0.0,0.0
2020-12-19,0.0043266311812447,0.0,0.0,0.4982237627464799,0.5883112272888624,0.4982237627464799,0.0,0.0015725812251003101,0.0015725812251003101
2020-12-19,0.0106419253965521,0.0,0.0,0.4982237627464799,0.5883112272888624,0.4982237627464799,0.0,7.148096477728683e-05,7.148096477728683e-05
2020-12-19,0.0199189535349041,0.0,0.0,0.4982237627464799,0.5883112272888624,0.4982237627464799,0.0,0.00025675617368292104,0.00025675617368292104
2020-12-19,0.1145887304423752,0.0,0.0,0.4982237627464799,0.5883112272888624,0.4982237627464799,0.0,0.0,0.0
2020-12-19,5.147320383619031e-05,0.0,0.0,0.4982237627464799,0.5883112272888624,0.4982237627464799,0.0,0.0013137212856898157,0.0013137212856898157
2020-12-20,0.0046400463215693,0.0,0.0,0.4982237627464799,0.5883112272888624,0.4982237627464799,0.0,0.0015011002603230233,0.0015011002603230233
2020-12-20,0.020644285233388,0.0,0.0,0.4982237627464799,0.5883112272888624,0.4982237627464799,0.0,0.00013323936774583156,0.00013323936774583156
2020-12-20,0.0,0.0,0.0,0.4982237627464799,0.5883112272888624,0.4982237627464799,0.0,0.0,0.0
2020-12-20,0.0,0.0,0.0,0.4982237627464799,0.5883112272888624,0.4982237627464799,0.0,0.0,0.0
2020-12-20,0.0017698970506497,0.0,0.0,0.4982237627464799,0.5883112272888624,0.4982237627464799,0.0,0.0,0.0
2020-12-20,0.0100099088795165,0.0,0.0,0.4982237627464799,0.5883112272888624,0.4982237627464799,0.0,7.148096477728683e-05,7.148096477728683e-05
2020-12-20,0.0006630334925338,0.0,0.0,0.4982237627464799,0.5883112272888624,0.4982237627464799,0.0,0.0,0.0
2020-12-20,0.0,0.0,0.0,0.4982237627464799,0.5883112272888624,0.4982237627464799,0.0,0.0,0.0
2020-12-20,0.0,0.0,0.0,0.4982237627464799,0.5883112272888624,0.4982237627464799,0.0,0.0,0.0
2020-12-20,0.0208452437839987,0.0,0.0,0.4982237627464799,0.5883112272888624,0.4982237627464799,0.0,0.00013323936774583156,0.00013323936774583156
2020-12-20,0.0367586694469386,0.0,0.0,0.4982237627464799,0.5883112272888624,0.4982237627464799,0.0,7.148096477728683e-05,7.148096477728683e-05
2020-12-21,0.0,0.0,0.0,0.4682880524673157,0.5595895052764046,0.4982237627464799,-0.029935710279164196,0.0,0.029935710279164196
2020-12-21,0.0,0.0,0.0,0.4682880524673157,0.5595895052764046,0.4682880524673157,0.0,0.0,0.0
2020-12-21,0.0,0.0,0.0,0.4682880524673157,0.5595895052764046,0.4682880524673157,0.0,0.0,0.0
2020-12-21,0.0,0.0,0.0,0.4682880524673157,0.5595895052764046,0.4682880524673157,0.0,0.0,0.0
2020-12-21,0.0,0.0,0.0,0.4682880524673157,0.5595895052764046,0.4682880524673157,0.0,0.0,0.0
2020-12-21,0.0,0.0,0.0,0.4682880524673157,0.5595895052764046,0.4682880524673157,0.0,0.0,0.0
2020-12-21,0.0,0.0,0.0,0.4682880524673157,0.5595895052764046,0.4682880524673157,0.0,0.0,0.0
2020-12-21,0.0,0.0,0.0,0.4682880524673157,0.5595895052764046,0.4682880524673157,0.0,0.0,0.0
2020-12-21,0.0,0.0,0.0,0.4682880524673157,0.5595895052764046,0.4682880524673157,0.0,0.0,0.0
2020-12-21,0.0,0.0,0.0,0.4682880524673157,0.5595895052764046,0.4682880524673157,0.0,0.0,0.0
2020-12-21,0.0002423824487716,0.0,0.0,0.4682880524673157,0.5595895052764046,0.4682880524673157,0.0,0.0,0.0
2020-12-22,0.0,0.0,0.0,0.4604639790590976,0.5515216058347026,0.4682880524673157,-0.007824073408218113,0.0,0.007824073408218113
2020-12-22,0.0047042255272836,0.0,0.0,0.4604639790590976,0.5515216058347026,0.4604639790590976,0.0,0.0,0.0
2020-12-22,0.0003320592239574,0.0,0.0,0.4604639790590976,0.5515216058347026,0.4604639790590976,0.0,0.0,0.0
2020-12-22,0.0229192166560375,0.0,0.0,0.4604639790590976,0.5515216058347026,0.4604639790590976,0.0,0.00024703361187417895,0.00024703361187417895
2020-12-22,0.0227311425431257,0.0,0.0,0.4604639790590976,0.5515216058347026,0.4604639790590976,0.0,0.00024703361187417895,0.00024703361187417895
2020-12-22,0.0683837270918827,0.0,0.0,0.4604639790590976,0.5515216058347026,0.4604639790590976,0.0,0.0,0.0
2020-12-22,0.0019130179181575,0.0,0.0,0.4604639790590976,0.5515216058347026,0.4604639790590976,0.0,0.0,0.0
2020-12-22,0.1077486548830308,0.0,0.0,0.4604639790590976,0.5515216058347026,0.4604639790590976,0.0,0.0,0.0
2020-12-22,0.0525408193249539,0.0,0.0,0.4604639790590976,0.5515216058347026,0.4604639790590976,0.0,0.0,0.0
2020-12-22,0.0,0.0,0.0,0.4604639790590976,0.5515216058347026,0.4604639790590976,0.0,0.0,0.0
2020-12-22,0.0143138555163526,0.0,0.0,0.4604639790590976,0.5515216058347026,0.4604639790590976,0.0,0.00043230882077981316,0.00043230882077981316
2020-12-23,0.0601267720290307,0.0,0.0,0.4525248457478174,0.5437764223706711,0.4604639790590976,-0.007939133311280211,0.0,0.007939133311280211
2020-12-23,0.0,0.0,0.0,0.4525248457478174,0.5437764223706711,0.4525248457478174,0.0,0.0,0.0
2020-12-23,0.0,0.0,0.0,0.4525248457478174,0.5437764223706711,0.4525248457478174,0.0,0.0,0.0
2020-12-23,0.0018877162703229,0.0,0.0,0.4525248457478174,0.5437764223706711,0.4525248457478174,0.0,0.0,0.0
2020-12-23,0.0052670723151585,0.0,0.0,0.4525248457478174,0.5437764223706711,0.4525248457478174,0.0,0.0,0.0
2020-12-23,0.0006367081865693,0.0,0.0,0.4525248457478174,0.5437764223706711,0.4525248457478174,0.0,0.0,0.0
2020-12-23,0.0,0.0,0.0,0.4525248457478174,0.5437764223706711,0.4525248457478174,0.0,0.0,0.0
2020-12-23,0.0035044868250623,0.0,0.0,0.4525248457478174,0.5437764223706711,0.4525248457478174,0.0,0.0,0.0
2020-12-23,0.0,0.0,0.0,0.4525248457478174,0.5437764223706711,0.4525248457478174,0.0,0.0,0.0
2020-12-23,0.0378601645166759,0.0,0.0,0.4525248457478174,0.5437764223706711,0.4525248457478174,0.0,0.0,0.0
2020-12-23,0.0,0.0,0.0,0.4525248457478174,0.5437764223706711,0.4525248457478174,0.0,0.0,0.0
2020-12-24,0.0028940508311049,0.0,0.0,0.4441801262782435,0.5353858069513002,0.4525248457478174,-0.00834471946957388,0.00017496296509370235,0.008519682434667582
2020-12-24,0.0023885505880716,0.0,0.0,0.4441801262782435,0.5353858069513002,0.4441801262782435,0.0,0.0,0.0
2020-12-24,0.0153931849962536,0.0,0.0,0.4441801262782435,0.5353858069513002,0.4441801262782435,0.0,6.175840296854474e-05,6.175840296854474e-05
2020-12-24,0.0012524318584971,0.0,0.0,0.4441801262782435,0.5353858069513002,0.4441801262782435,0.0,6.02818864892975e-05,6.02818864892975e-05
2020-12-24,0.0557421008181641,0.0,0.0,0.4441801262782435,0.5353858069513002,0.4441801262782435,0.0,0.0,0.0
2020-12-24,7.274576487416607e-07,0.0,0.0,0.4441801262782435,0.5353858069513002,0.4441801262782435,0.0,0.0011533524266567454,0.0011533524266567454
2020-12-24,0.08632808991808,0.0,0.0,0.4441801262782435,0.5353858069513002,0.4441801262782435,0.0,0.0,0.0
2020-12-24,0.0003611895797829,0.0,0.0,0.4441801262782435,0.5353858069513002,0.4441801262782435,0.0,6.02818864892975e-05,6.02818864892975e-05
2020-12-24,0.0044750615951732,0.0,0.0,0.4441801262782435,0.5353858069513002,0.4441801262782435,0.0,0.0,0.0
2020-12-24,0.0014364890188444,0.0,0.0,0.4441801262782435,0.5353858069513002,0.4441801262782435,0.0,0.000959415701156562,0.000959415701156562
2020-12-24,0.0157903040968878,0.0,0.0,0.4441801262782435,0.5353858069513002,0.4441801262782435,0.0,0.0,0.0
2020-12-25,0.0,0.0,0.0,0.4441801262782435,0.5353858069513002,0.4441801262782435,0.0,0.0014900762853128332,0.0014900762853128332
2020-12-25,0.0,0.0,0.0,0.4441801262782435,0.5353858069513002,0.4441801262782435,0.0,0.0014900762853128332,0.0014900762853128332
2020-12-25,0.0,0.0,0.0,0.4441801262782435,0.5353858069513002,0.4441801262782435,0.0,0.0014900762853128332,0.0014900762853128332
2020-12-25,0.0,0.0,0.0,0.4441801262782435,0.5353858069513002,0.4441801262782435,0.0,0.0014900762853128332,0.0014900762853128332
2020-12-25,0.0,0.0,0.0,0.4441801262782435,0.5353858069513002,0.4441801262782435,0.0,0.0014900762853128332,0.0014900762853128332
2020-12-25,0.0,0.0,0.0,0.4441801262782435,0.5353858069513002,0.4441801262782435,0.0,0.0014900762853128332,0.0014900762853128332
2020-12-25,0.0,0.0,0.0,0.4441801262782435,0.5353858069513002,0.4441801262782435,0.0,0.0014900762853128332,0.0014900762853128332
2020-12-25,0.0,0.0,0.0,0.4441801262782435,0.5353858069513002,0.4441801262782435,0.0,0.0014900762853128332,0.0014900762853128332
2020-12-25,0.0,0.0,0.0,0.4441801262782435,0.5353858069513002,0.4441801262782435,0.0,0.0014900762853128332,0.0014900762853128332
2020-12-25,0.0,0.0,0.0,0.4441801262782435,0.5353858069513002,0.4441801262782435,0.0,0.0014900762853128332,0.0014900762853128332
2020-12-25,0.0,0.0,0.0,0.4441801262782435,0.5353858069513002,0.4441801262782435,0.0,0.0014900762853128332,0.0014900762853128332
2020-12-26,0.0,0.0,0.0,0.4441801262782435,0.5353858069513002,0.4441801262782435,0.0,0.0014900762853128332,0.0014900762853128332
2020-12-26,0.0,0.0,0.0,0.4441801262782435,0.5353858069513002,0.4441801262782435,0.0,0.0014900762853128332,0.0014900762853128332
2020-12-26,0.0,0.0,0.0,0.4441801262782435,0.5353858069513002,0.4441801262782435,0.0,0.0014900762853128332,0.0014900762853128332
2020-12-26,0.0,0.0,0.0,0.4441801262782435,0.5353858069513002,0.4441801262782435,0.0,0.0014900762853128332,0.0014900762853128332
2020-12-26,0.0,0.0,0.0,0.4441801262782435,0.5353858069513002,0.4441801262782435,0.0,0.0014900762853128332,0.0014900762853128332
2020-12-26,0.0,0.0,0.0,0.4441801262782435,0.5353858069513002,0.4441801262782435,0.0,0.0014900762853128332,0.0014900762853128332
2020-12-26,0.0,0.0,0.0,0.4441801262782435,0.5353858069513002,0.4441801262782435,0.0,0.0014900762853128332,0.0014900762853128332
2020-12-26,0.0,0.0,0.0,0.4441801262782435,0.5353858069513002,0.4441801262782435,0.0,0.0014900762853128332,0.0014900762853128332
2020-12-26,0.0,0.0,0.0,0.4441801262782435,0.5353858069513002,0.4441801262782435,0.0,0.0014900762853128332,0.0014900762853128332
2020-12-26,0.0,0.0,0.0,0.4441801262782435,0.5353858069513002,0.4441801262782435,0.0,0.0014900762853128332,0.0014900762853128332
2020-12-26,0.0,0.0,0.0,0.4441801262782435,0.5353858069513002,0.4441801262782435,0.0,0.0014900762853128332,0.0014900762853128332
2020-12-27,0.0266751100420042,0.0,0.0,0.4441801262782435,0.5353858069513002,0.4441801262782435,0.0,0.0,0.0
2020-12-27,0.0065303396255199,0.0,0.0,0.4441801262782435,0.5353858069513002,0.4441801262782435,0.0,0.0020189992664931254,0.0020189992664931254
2020-12-27,0.0617945463090984,0.0,0.0,0.4441801262782435,0.5353858069513002,0.4441801262782435,0.0,0.0,0.0
2020-12-27,0.0045741308622747,0.0,0.0,0.4441801262782435,0.5353858069513002,0.4441801262782435,0.0,0.0,0.0
2020-12-27,0.052641026258302,0.0,0.0,0.4441801262782435,0.5353858069513002,0.4441801262782435,0.0,0.0,0.0
2020-12-27,0.0076408448246998,0.0,0.0,0.4441801262782435,0.5353858069513002,0.4441801262782435,0.0,0.0,0.0
2020-12-27,0.0,0.0,0.0,0.4441801262782435,0.5353858069513002,0.4441801262782435,0.0,0.0014900762853128332,0.0014900762853128332
2020-12-27,0.0148793557507221,0.0,0.0,0.4441801262782435,0.5353858069513002,0.4441801262782435,0.0,0.0007411008356225368,0.0007411008356225368
2020-12-27,0.019688882442236,0.0,0.0,0.4441801262782435,0.5353858069513002,0.4441801262782435,0.0,0.0,0.0
2020-12-27,0.0185663495656216,0.0,0.0,0.4441801262782435,0.5353858069513002,0.4441801262782435,0.0,6.615944426058285e-07,6.615944426058285e-07
2020-12-27,0.0180823675496519,0.0,0.0,0.4441801262782435,0.5353858069513002,0.4441801262782435,0.0,3.3079722130291423e-07,3.3079722130291423e-07
2020-12-28,0.1140597243731361,0.0,0.0,0.4441801262782435,0.5353858069513002,0.4441801262782435,0.0,0.0,0.0
2020-12-28,0.1765853642775972,0.0,0.0,0.4441801262782435,0.5353858069513002,0.4441801262782435,0.0,0.0,0.0
2020-12-28,0.0435910257116802,0.0,0.0,0.4441801262782435,0.5353858069513002,0.4441801262782435,0.0,0.0,0.0
2020-12-28,0.1497990563264944,0.0,0.0,0.4441801262782435,0.5353858069513002,0.4441801262782435,0.0,0.0,0.0
2020-12-28,0.1581211362005626,0.0,0.0,0.4441801262782435,0.5353858069513002,0.4441801262782435,0.0,0.0,0.0
2020-12-28,0.0381962002358196,0.0,0.0,0.4441801262782435,0.5353858069513002,0.4441801262782435,0.0,0.0,0.0
2020-12-28,0.1420360140752811,0.0,0.0,0.4441801262782435,0.5353858069513002,0.4441801262782435,0.0,0.0,0.0
2020-12-28,0.2108074205358559,0.0,0.0,0.4441801262782435,0.5353858069513002,0.4441801262782435,0.0,0.0,0.0
2020-12-28,0.2716183516958645,0.0,0.0,0.4441801262782435,0.5353858069513002,0.4441801262782435,0.0,0.0,0.0
2020-12-28,0.1413139676381479,0.0,0.0,0.4441801262782435,0.5353858069513002,0.4441801262782435,0.0,0.0,0.0
2020-12-28,0.1485291857578373,0.0,0.0,0.4441801262782435,0.5353858069513002,0.4441801262782435,0.0,0.0,0.0
2020-12-29,0.0009155180621948,0.0,0.0,0.4441801262782435,0.5353858069513002,0.4441801262782435,0.0,6.02818864892975e-05,6.02818864892975e-05
2020-12-29,0.0002244757358887,0.0,0.0,0.4441801262782435,0.5353858069513002,0.4441801262782435,0.0,6.02818864892975e-05,6.02818864892975e-05
2020-12-29,0.0001408365163284,0.0,0.0,0.4441801262782435,0.5353858069513002,0.4441801262782435,0.0,6.02818864892975e-05,6.02818864892975e-05
2020-12-29,0.0615827742943291,0.0,0.0,0.4441801262782435,0.5353858069513002,0.4441801262782435,0.0,0.0,0.0
2020-12-29,0.0,0.0,0.0,0.4441801262782435,0.5353858069513002,0.4441801262782435,0.0,0.0014900762853128332,0.0014900762853128332
2020-12-29,0.0038222620752275,0.0,0.0,0.4441801262782435,0.5353858069513002,0.4441801262782435,0.0,4.599519624904749e-05,4.599519624904749e-05
2020-12-29,5.06468685935121e-05,0.0,0.0,0.4441801262782435,0.5353858069513002,0.4441801262782435,0.0,0.00014848968467422746,0.00014848968467422746
2020-12-29,0.0001480524042756,0.0,0.0,0.4441801262782435,0.5353858069513002,0.4441801262782435,0.0,6.02818864892975e-05,6.02818864892975e-05
2020-12-29,0.0275195574596303,0.0,0.0,0.4441801262782435,0.5353858069513002,0.4441801262782435,0.0,0.0,0.0
2020-12-29,0.0,0.0,0.0,0.4441801262782435,0.5353858069513002,0.4441801262782435,0.0,0.0014900762853128332,0.0014900762853128332
2020-12-29,0.0058664575417132,0.0,0.0,0.4441801262782435,0.5353858069513002,0.4441801262782435,0.0,0.0,0.0
2020-12-30,0.0,0.0,0.0,0.3840929684016742,0.4750379191273737,0.4441801262782435,-0.06008715787656932,0.0,0.06008715787656932
2020-12-30,0.0001191123203646,0.0,0.0,0.3840929684016742,0.4750379191273737,0.3840929684016742,0.0,1.7690460095776128e-06,1.7690460095776128e-06
2020-12-30,0.0,0.0,0.0,0.3840929684016742,0.4750379191273737,0.3840929684016742,0.0,0.0,0.0
2020-12-30,0.0004391287512716,0.0,0.0,0.3840929684016742,0.4750379191273737,0.3840929684016742,0.0,1.7690460095776128e-06,1.7690460095776128e-06
2020-12-30,0.0010656748016956,0.0,0.0,0.3840929684016742,0.4750379191273737,0.3840929684016742,0.0,1.7690460095776128e-06,1.7690460095776128e-06
2020-12-30,0.0,0.0,0.0,0.3840929684016742,0.4750379191273737,0.3840929684016742,0.0,0.0,0.0
2020-12-30,0.0,0.0,0.0,0.3840929684016742,0.4750379191273737,0.3840929684016742,0.0,0.0,0.0
2020-12-30,0.005661144754588,0.0,0.0,0.3840929684016742,0.4750379191273737,0.3840929684016742,0.0,0.0,0.0
2020-12-30,0.0001612260511107,0.0,0.0,0.3840929684016742,0.4750379191273737,0.3840929684016742,0.0,1.7690460095776128e-06,1.7690460095776128e-06
2020-12-30,0.0,0.0,0.0,0.3840929684016742,0.4750379191273737,0.3840929684016742,0.0,0.0,0.0
2020-12-30,0.0,0.0,0.0,0.3840929684016742,0.4750379191273737,0.3840929684016742,0.0,0.0,0.0
2020-12-31,0.0,0.0,0.0,0.3840929684016742,0.4750379191273737,0.3840929684016742,0.0,0.0,0.0
2020-12-31,0.0,0.0,0.0,0.3840929684016742,0.4750379191273737,0.3840929684016742,0.0,0.0,0.0
2020-12-31,0.0,0.0,0.0,0.3840929684016742,0.4750379191273737,0.3840929684016742,0.0,0.0,0.0
2020-12-31,0.0,0.0,0.0,0.3840929684016742,0.4750379191273737,0.3840929684016742,0.0,0.0,0.0
2020-12-31,0.0,0.0,0.0,0.3840929684016742,0.4750379191273737,0.3840929684016742,0.0,0.0,0.0
2020-12-31,0.0,0.0,0.0,0.3840929684016742,0.4750379191273737,0.3840929684016742,0.0,0.0,0.0
2020-12-31,0.0,0.0,0.0,0.3840929684016742,0.4750379191273737,0.3840929684016742,0.0,0.0,0.0
2020-12-31,0.0,0.0,0.0,0.3840929684016742,0.4750379191273737,0.3840929684016742,0.0,0.0,0.0
2020-12-31,0.0,0.0,0.0,0.3840929684016742,0.4750379191273737,0.3840929684016742,0.0,0.0,0.0
2020-12-31,0.0,0.0,0.0,0.3840929684016742,0.4750379191273737,0.3840929684016742,0.0,0.0,0.0
2020-12-31,0.0,0.0,0.0,0.3840929684016742,0.4750379191273737,0.3840929684016742,0.0,0.0,0.0
