Date,Avg_rainfall,Full_reservoir_level,Live_capacity_FRL,Storage,Level
2021-01-01,0.0,0.0,0.0,,
2021-01-01,0.0,0.0,0.0,,
2021-01-01,0.0,0.0,0.0,,
2021-01-01,0.0,0.0,0.0,,
2021-01-01,0.0,0.0,0.0,,
2021-01-01,0.0,0.0,0.0,,
2021-01-01,0.0,0.0,0.0,,
2021-01-01,0.0,0.0,0.0,,
2021-01-01,0.0,0.0,0.0,,
2021-01-01,0.0,0.0,0.0,,
2021-01-01,0.0,0.0,0.0,,
2021-01-01,0.0,0.0,0.0,,
2021-01-02,0.0,0.0,0.0,,
2021-01-02,0.0,0.0,0.0,,
2021-01-02,0.003509498034031397,0.0,0.0,,
2021-01-02,2.4341099576798793e-07,0.0,0.0,,
2021-01-02,0.002355068558085978,0.0,0.0,,
2021-01-02,0.0013403040356232566,0.0,0.0,,
2021-01-02,0.0,0.0,0.0,,
2021-01-02,0.0,0.0,0.0,,
2021-01-02,0.0,0.0,0.0,,
2021-01-02,0.0,0.0,0.0,,
2021-01-02,0.0,0.0,0.0,,
2021-01-02,0.0,0.0,0.0,,
2021-01-03,0.017562846460845584,0.0,0.0,,
2021-01-03,0.04430550667899782,0.0,0.0,,
2021-01-03,0.0013676278916911623,0.0,0.0,,
2021-01-03,0.0036629131358374627,0.0,0.0,,
2021-01-03,0.019583632460458168,0.0,0.0,,
2021-01-03,0.04919731585937808,0.0,0.0,,
2021-01-03,0.04049850085111292,0.0,0.0,,
2021-01-03,0.009778130433109274,0.0,0.0,,
2021-01-03,0.027225111186811004,0.0,0.0,,
2021-01-03,0.025498681188118724,0.0,0.0,,
2021-01-03,0.06531801262507493,0.0,0.0,,
2021-01-03,0.007387712739914577,0.0,0.0,,
2021-01-04,0.0007368657425800517,0.0,0.0,,
2021-01-04,0.00020078044747255867,0.0,0.0,,
2021-01-04,0.00019711439096599357,0.0,0.0,,
2021-01-04,0.005995547677850215,0.0,0.0,,
2021-01-04,1.9715837153830876e-05,0.0,0.0,,
2021-01-04,0.001159861733743481,0.0,0.0,,
2021-01-04,3.526220128806213e-07,0.0,0.0,,
2021-01-04,0.0028936114620301723,0.0,0.0,,
2021-01-04,0.0002670405948234689,0.0,0.0,,
2021-01-04,0.0005571327662564227,0.0,0.0,,
2021-01-04,0.004233537877423835,0.0,0.0,,
2021-01-04,0.0005762986889184077,0.0,0.0,,
2021-01-05,0.0003516321630932304,0.0,0.0,,
2021-01-05,0.06607552310929556,0.0,0.0,,
2021-01-05,0.027497581392453646,0.0,0.0,,
2021-01-05,0.020077917470145076,0.0,0.0,,
2021-01-05,0.04253136603346637,0.0,0.0,,
2021-01-05,0.08550825751349214,0.0,0.0,,
2021-01-05,0.03966280347872111,0.0,0.0,,
2021-01-05,0.003692460796613739,0.0,0.0,,
2021-01-05,0.011862361980782504,0.0,0.0,,
2021-01-05,0.011891614096185096,0.0,0.0,,
2021-01-05,0.041942225665293896,0.0,0.0,,
2021-01-05,0.06683659378937751,0.0,0.0,,
2021-01-06,0.03606773579921,0.0,0.0,0.5646402973188214,0.6940347242551841
2021-01-06,0.10608322552169806,0.0,0.0,0.5646402973188214,0.6940347242551841
2021-01-06,0.20356499559298377,0.0,0.0,0.5646402973188214,0.6940347242551841
2021-01-06,0.24552986136849742,0.0,0.0,0.5646402973188214,0.6940347242551841
2021-01-06,0.17992147574233763,0.0,0.0,0.5646402973188214,0.6940347242551841
2021-01-06,0.1531867408288697,0.0,0.0,0.5646402973188214,0.6940347242551841
2021-01-06,0.22899009290592331,0.0,0.0,0.5646402973188214,0.6940347242551841
2021-01-06,0.14625823249306302,0.0,0.0,0.5646402973188214,0.6940347242551841
2021-01-06,0.22762971309029315,0.0,0.0,0.5646402973188214,0.6940347242551841
2021-01-06,0.2516656823607267,0.0,0.0,0.5646402973188214,0.6940347242551841
2021-01-06,0.10475967304931391,0.0,0.0,0.5646402973188214,0.6940347242551841
2021-01-06,0.14866174976085006,0.0,0.0,0.5646402973188214,0.6940347242551841
2021-01-07,0.047803564118572985,0.0,0.0,0.6177329439872576,0.6940347242551841
2021-01-07,0.02702369167904009,0.0,0.0,0.6177329439872576,0.6940347242551841
2021-01-07,0.003253160118884966,0.0,0.0,0.6177329439872576,0.6940347242551841
2021-01-07,0.02062276019310107,0.0,0.0,0.6177329439872576,0.6940347242551841
2021-01-07,0.007736774982671728,0.0,0.0,0.6177329439872576,0.6940347242551841
2021-01-07,0.013743597356039037,0.0,0.0,0.6177329439872576,0.6940347242551841
2021-01-07,0.03411630340453906,0.0,0.0,0.6177329439872576,0.6940347242551841
2021-01-07,0.06151369926524456,0.0,0.0,0.6177329439872576,0.6940347242551841
2021-01-07,0.009337440554222145,0.0,0.0,0.6177329439872576,0.6940347242551841
2021-01-07,0.034431406213125085,0.0,0.0,0.6177329439872576,0.6940347242551841
2021-01-07,0.008709532561001905,0.0,0.0,0.6177329439872576,0.6940347242551841
2021-01-07,0.04468478559256276,0.0,0.0,0.6177329439872576,0.6940347242551841
2021-01-08,0.0,0.0,0.0,,
2021-01-08,0.0,0.0,0.0,,
2021-01-08,0.0,0.0,0.0,,
2021-01-08,0.0,0.0,0.0,,
2021-01-08,0.0,0.0,0.0,,
2021-01-08,0.0,0.0,0.0,,
2021-01-08,0.0,0.0,0.0,,
2021-01-08,0.0,0.0,0.0,,
2021-01-08,0.0,0.0,0.0,,
2021-01-08,0.0,0.0,0.0,,
2021-01-08,0.0,0.0,0.0,,
2021-01-08,0.0,0.0,0.0,,
2021-01-09,0.0,0.0,0.0,,
2021-01-09,0.0,0.0,0.0,,
2021-01-09,0.0,0.0,0.0,,
2021-01-09,0.0,0.0,0.0,,
2021-01-09,0.0,0.0,0.0,,
2021-01-09,0.0,0.0,0.0,,
2021-01-09,0.0,0.0,0.0,,
2021-01-09,0.0,0.0,0.0,,
2021-01-09,0.0,0.0,0.0,,
2021-01-09,0.0,0.0,0.0,,
2021-01-09,0.0,0.0,0.0,,
2021-01-09,0.0,0.0,0.0,,
2021-01-10,0.0,0.0,0.0,,
2021-01-10,0.0,0.0,0.0,,
2021-01-10,0.0,0.0,0.0,,
2021-01-10,0.0,0.0,0.0,,
2021-01-10,0.0,0.0,0.0,,
2021-01-10,0.0,0.0,0.0,,
2021-01-10,0.0,0.0,0.0,,
2021-01-10,0.0,0.0,0.0,,
2021-01-10,0.0,0.0,0.0,,
2021-01-10,0.0,0.0,0.0,,
2021-01-10,0.0,0.0,0.0,,
2021-01-10,0.0,0.0,0.0,,
2021-01-11,0.0,0.0,0.0,,
2021-01-11,0.0,0.0,0.0,,
2021-01-11,0.0,0.0,0.0,,
2021-01-11,0.0,0.0,0.0,,
2021-01-11,0.0,0.0,0.0,,
2021-01-11,0.0,0.0,0.0,,
2021-01-11,0.0,0.0,0.0,,
2021-01-11,0.0,0.0,0.0,,
2021-01-11,0.0,0.0,0.0,,
2021-01-11,0.0,0.0,0.0,,
2021-01-11,0.0,0.0,0.0,,
2021-01-11,0.0,0.0,0.0,,
2021-01-12,0.0,0.0,0.0,,
2021-01-12,0.0,0.0,0.0,,
2021-01-12,0.0,0.0,0.0,,
2021-01-12,0.0,0.0,0.0,,
2021-01-12,0.0,0.0,0.0,,
2021-01-12,0.0,0.0,0.0,,
2021-01-12,0.0,0.0,0.0,,
2021-01-12,0.0,0.0,0.0,,
2021-01-12,0.0,0.0,0.0,,
2021-01-12,0.0,0.0,0.0,,
2021-01-12,0.0,0.0,0.0,,
2021-01-12,0.0,0.0,0.0,,
2021-01-13,0.0,0.0,0.0,0.516060525617202,0.6726191816605489
2021-01-13,0.0,0.0,0.0,0.516060525617202,0.6726191816605489
2021-01-13,0.0,0.0,0.0,0.516060525617202,0.6726191816605489
2021-01-13,0.0,0.0,0.0,0.516060525617202,0.6726191816605489
2021-01-13,0.0,0.0,0.0,0.516060525617202,0.6726191816605489
2021-01-13,0.0,0.0,0.0,0.516060525617202,0.6726191816605489
2021-01-13,0.0,0.0,0.0,0.516060525617202,0.6726191816605489
2021-01-13,0.0,0.0,0.0,0.516060525617202,0.6726191816605489
2021-01-13,0.0,0.0,0.0,0.516060525617202,0.6726191816605489
2021-01-13,0.0,0.0,0.0,0.516060525617202,0.6726191816605489
2021-01-13,0.0,0.0,0.0,0.516060525617202,0.6726191816605489
2021-01-13,0.0,0.0,0.0,0.516060525617202,0.6726191816605489
2021-01-14,0.0,0.0,0.0,0.5890629147863021,0.6726191816605489
2021-01-14,0.0,0.0,0.0,0.5890629147863021,0.6726191816605489
2021-01-14,0.0,0.0,0.0,0.5890629147863021,0.6726191816605489
2021-01-14,0.0,0.0,0.0,0.5890629147863021,0.6726191816605489
2021-01-14,0.0,0.0,0.0,0.5890629147863021,0.6726191816605489
2021-01-14,0.0,0.0,0.0,0.5890629147863021,0.6726191816605489
2021-01-14,0.0,0.0,0.0,0.5890629147863021,0.6726191816605489
2021-01-14,0.0,0.0,0.0,0.5890629147863021,0.6726191816605489
2021-01-14,0.0,0.0,0.0,0.5890629147863021,0.6726191816605489
2021-01-14,0.0,0.0,0.0,0.5890629147863021,0.6726191816605489
2021-01-14,0.0,0.0,0.0,0.5890629147863021,0.6726191816605489
2021-01-14,0.0,0.0,0.0,0.5890629147863021,0.6726191816605489
2021-01-15,0.0,0.0,0.0,,
2021-01-15,0.0,0.0,0.0,,
2021-01-15,0.0,0.0,0.0,,
2021-01-15,0.0,0.0,0.0,,
2021-01-15,0.0,0.0,0.0,,
2021-01-15,0.0,0.0,0.0,,
2021-01-15,0.0,0.0,0.0,,
2021-01-15,0.0,0.0,0.0,,
2021-01-15,0.0,0.0,0.0,,
2021-01-15,0.0,0.0,0.0,,
2021-01-15,0.0,0.0,0.0,,
2021-01-15,0.0,0.0,0.0,,
2021-01-16,0.0,0.0,0.0,,
2021-01-16,0.0,0.0,0.0,,
2021-01-16,0.0,0.0,0.0,,
2021-01-16,0.0,0.0,0.0,,
2021-01-16,0.0,0.0,0.0,,
2021-01-16,0.0,0.0,0.0,,
2021-01-16,0.0,0.0,0.0,,
2021-01-16,0.0,0.0,0.0,,
2021-01-16,0.0,0.0,0.0,,
2021-01-16,0.0,0.0,0.0,,
2021-01-16,0.0,0.0,0.0,,
2021-01-16,0.0,0.0,0.0,,
2021-01-17,0.0,0.0,0.0,,
2021-01-17,0.0,0.0,0.0,,
2021-01-17,0.0,0.0,0.0,,
2021-01-17,0.0,0.0,0.0,,
2021-01-17,0.0,0.0,0.0,,
2021-01-17,0.0,0.0,0.0,,
2021-01-17,0.0,0.0,0.0,,
2021-01-17,0.0,0.0,0.0,,
2021-01-17,0.0,0.0,0.0,,
2021-01-17,0.0,0.0,0.0,,
2021-01-17,0.0,0.0,0.0,,
2021-01-17,0.0,0.0,0.0,,
2021-01-18,0.0,0.0,0.0,,
2021-01-18,0.0,0.0,0.0,,
2021-01-18,0.0,0.0,0.0,,
2021-01-18,0.0,0.0,0.0,,
2021-01-18,0.0,0.0,0.0,,
2021-01-18,0.0,0.0,0.0,,
2021-01-18,0.0,0.0,0.0,,
2021-01-18,0.0,0.0,0.0,,
2021-01-18,0.0,0.0,0.0,,
2021-01-18,0.0,0.0,0.0,,
2021-01-18,0.0,0.0,0.0,,
2021-01-18,0.0,0.0,0.0,,
2021-01-19,0.0,0.0,0.0,,
2021-01-19,0.0,0.0,0.0,,
2021-01-19,0.0,0.0,0.0,,
2021-01-19,0.0,0.0,0.0,,
2021-01-19,0.0,0.0,0.0,,
2021-01-19,0.0,0.0,0.0,,
2021-01-19,0.0,0.0,0.0,,
2021-01-19,0.0,0.0,0.0,,
2021-01-19,0.0,0.0,0.0,,
2021-01-19,0.0,0.0,0.0,,
2021-01-19,0.0,0.0,0.0,,
2021-01-19,0.0,0.0,0.0,,
2021-01-20,0.0,0.0,0.0,0.48287762144942914,0.6462945031188774
2021-01-20,0.0,0.0,0.0,0.48287762144942914,0.6462945031188774
2021-01-20,0.0,0.0,0.0,0.48287762144942914,0.6462945031188774
2021-01-20,0.0,0.0,0.0,0.48287762144942914,0.6462945031188774
2021-01-20,0.0,0.0,0.0,0.48287762144942914,0.6462945031188774
2021-01-20,0.0,0.0,0.0,0.48287762144942914,0.6462945031188774
2021-01-20,0.0,0.0,0.0,0.48287762144942914,0.6462945031188774
2021-01-20,0.0,0.0,0.0,0.48287762144942914,0.6462945031188774
2021-01-20,0.0,0.0,0.0,0.48287762144942914,0.6462945031188774
2021-01-20,0.0,0.0,0.0,0.48287762144942914,0.6462945031188774
2021-01-20,0.0,0.0,0.0,0.48287762144942914,0.6462945031188774
2021-01-20,0.0,0.0,0.0,0.48287762144942914,0.6462945031188774
2021-01-21,0.0,0.0,0.0,0.48292805946376427,0.6462945031188774
2021-01-21,0.0,0.0,0.0,0.48292805946376427,0.6462945031188774
2021-01-21,0.0,0.0,0.0,0.48292805946376427,0.6462945031188774
2021-01-21,0.0,0.0,0.0,0.48292805946376427,0.6462945031188774
2021-01-21,0.0,0.0,0.0,0.48292805946376427,0.6462945031188774
2021-01-21,0.0,0.0,0.0,0.48292805946376427,0.6462945031188774
2021-01-21,0.0,0.0,0.0,0.48292805946376427,0.6462945031188774
2021-01-21,0.0,0.0,0.0,0.48292805946376427,0.6462945031188774
2021-01-21,0.0,0.0,0.0,0.48292805946376427,0.6462945031188774
2021-01-21,0.0,0.0,0.0,0.48292805946376427,0.6462945031188774
2021-01-21,0.0,0.0,0.0,0.48292805946376427,0.6462945031188774
2021-01-21,0.0,0.0,0.0,0.48292805946376427,0.6462945031188774
2021-01-22,0.0,0.0,0.0,,
2021-01-22,0.0,0.0,0.0,,
2021-01-22,0.0,0.0,0.0,,
2021-01-22,0.0,0.0,0.0,,
2021-01-22,0.0,0.0,0.0,,
2021-01-22,0.0,0.0,0.0,,
2021-01-22,0.0,0.0,0.0,,
2021-01-22,0.0,0.0,0.0,,
2021-01-22,0.0,0.0,0.0,,
2021-01-22,0.0,0.0,0.0,,
2021-01-22,0.0,0.0,0.0,,
2021-01-22,0.0,0.0,0.0,,
2021-01-23,0.0,0.0,0.0,,
2021-01-23,0.0,0.0,0.0,,
2021-01-23,0.0,0.0,0.0,,
2021-01-23,4.408293450580504e-06,0.0,0.0,,
2021-01-23,0.0,0.0,0.0,,
2021-01-23,0.0,0.0,0.0,,
2021-01-23,0.0,0.0,0.0,,
2021-01-23,0.0,0.0,0.0,,
2021-01-23,0.0,0.0,0.0,,
2021-01-23,0.0,0.0,0.0,,
2021-01-23,0.0,0.0,0.0,,
2021-01-23,0.0,0.0,0.0,,
2021-01-24,0.06505464476899145,0.0,0.0,,
2021-01-24,0.04294237778143246,0.0,0.0,,
2021-01-24,0.002840263314722147,0.0,0.0,,
2021-01-24,0.008323795009691793,0.0,0.0,,
2021-01-24,0.04439738712937723,0.0,0.0,,
2021-01-24,0.0009153094828466661,0.0,0.0,,
2021-01-24,0.009224811852370339,0.0,0.0,,
2021-01-24,0.10819711063706865,0.0,0.0,,
2021-01-24,0.03366956156011795,0.0,0.0,,
2021-01-24,0.03006636091765212,0.0,0.0,,
2021-01-24,0.10309292865772166,0.0,0.0,,
2021-01-24,0.009216184654032159,0.0,0.0,,
2021-01-25,0.0,0.0,0.0,,
2021-01-25,0.0,0.0,0.0,,
2021-01-25,0.0,0.0,0.0,,
2021-01-25,0.0,0.0,0.0,,
2021-01-25,0.00034357420404382256,0.0,0.0,,
2021-01-25,0.0,0.0,0.0,,
2021-01-25,0.0,0.0,0.0,,
2021-01-25,0.0,0.0,0.0,,
2021-01-25,0.0,0.0,0.0,,
2021-01-25,0.0,0.0,0.0,,
2021-01-25,0.0,0.0,0.0,,
2021-01-25,0.0,0.0,0.0,,
2021-01-26,0.0,0.0,0.0,,
2021-01-26,0.0,0.0,0.0,,
2021-01-26,0.0,0.0,0.0,,
2021-01-26,0.0,0.0,0.0,,
2021-01-26,0.0,0.0,0.0,,
2021-01-26,0.0,0.0,0.0,,
2021-01-26,0.0,0.0,0.0,,
2021-01-26,0.0,0.0,0.0,,
2021-01-26,0.0,0.0,0.0,,
2021-01-26,0.0,0.0,0.0,,
2021-01-26,0.0,0.0,0.0,,
2021-01-26,0.0,0.0,0.0,,
2021-01-27,0.0,0.0,0.0,0.44810193788160335,0.6149931317134687
2021-01-27,0.0,0.0,0.0,0.44810193788160335,0.6149931317134687
2021-01-27,0.0,0.0,0.0,0.44810193788160335,0.6149931317134687
2021-01-27,0.0,0.0,0.0,0.44810193788160335,0.6149931317134687
2021-01-27,0.0,0.0,0.0,0.44810193788160335,0.6149931317134687
2021-01-27,0.0,0.0,0.0,0.44810193788160335,0.6149931317134687
2021-01-27,0.0,0.0,0.0,0.44810193788160335,0.6149931317134687
2021-01-27,0.0,0.0,0.0,0.44810193788160335,0.6149931317134687
2021-01-27,0.0,0.0,0.0,0.44810193788160335,0.6149931317134687
2021-01-27,0.0,0.0,0.0,0.44810193788160335,0.6149931317134687
2021-01-27,0.0,0.0,0.0,0.44810193788160335,0.6149931317134687
2021-01-27,0.0,0.0,0.0,0.44810193788160335,0.6149931317134687
2021-01-28,0.0,0.0,0.0,0.44810193788160335,0.6149931317134687
2021-01-28,0.0,0.0,0.0,0.44810193788160335,0.6149931317134687
2021-01-28,0.0,0.0,0.0,0.44810193788160335,0.6149931317134687
2021-01-28,0.0,0.0,0.0,0.44810193788160335,0.6149931317134687
2021-01-28,0.0,0.0,0.0,0.44810193788160335,0.6149931317134687
2021-01-28,0.0,0.0,0.0,0.44810193788160335,0.6149931317134687
2021-01-28,0.0,0.0,0.0,0.44810193788160335,0.6149931317134687
2021-01-28,0.0,0.0,0.0,0.44810193788160335,0.6149931317134687
2021-01-28,0.0,0.0,0.0,0.44810193788160335,0.6149931317134687
2021-01-28,0.0,0.0,0.0,0.44810193788160335,0.6149931317134687
2021-01-28,0.0,0.0,0.0,0.44810193788160335,0.6149931317134687
2021-01-28,0.0,0.0,0.0,0.44810193788160335,0.6149931317134687
2021-01-29,0.0,0.0,0.0,,
2021-01-29,0.0,0.0,0.0,,
2021-01-29,0.0,0.0,0.0,,
2021-01-29,0.0,0.0,0.0,,
2021-01-29,0.0,0.0,0.0,,
2021-01-29,0.0,0.0,0.0,,
2021-01-29,0.0,0.0,0.0,,
2021-01-29,0.0,0.0,0.0,,
2021-01-29,0.0,0.0,0.0,,
2021-01-29,0.0,0.0,0.0,,
2021-01-29,0.0,0.0,0.0,,
2021-01-29,0.0,0.0,0.0,,
2021-01-30,0.0,0.0,0.0,,
2021-01-30,0.0,0.0,0.0,,
2021-01-30,0.0,0.0,0.0,,
2021-01-30,0.0,0.0,0.0,,
2021-01-30,0.0,0.0,0.0,,
2021-01-30,0.0,0.0,0.0,,
2021-01-30,0.0,0.0,0.0,,
2021-01-30,0.0,0.0,0.0,,
2021-01-30,0.0,0.0,0.0,,
2021-01-30,0.0,0.0,0.0,,
2021-01-30,0.0,0.0,0.0,,
2021-01-30,0.0,0.0,0.0,,
2021-01-31,0.0,0.0,0.0,,
2021-01-31,0.0,0.0,0.0,,
2021-01-31,0.0,0.0,0.0,,
2021-01-31,0.0,0.0,0.0,,
2021-01-31,0.0,0.0,0.0,,
2021-01-31,0.0,0.0,0.0,,
2021-01-31,0.0,0.0,0.0,,
2021-01-31,0.0,0.0,0.0,,
2021-01-31,0.0,0.0,0.0,,
2021-01-31,0.0,0.0,0.0,,
2021-01-31,0.0,0.0,0.0,,
2021-01-31,0.0,0.0,0.0,,
2021-02-01,0.0,0.0,0.0,,
2021-02-01,0.0,0.0,0.0,,
2021-02-01,0.0,0.0,0.0,,
2021-02-01,0.0,0.0,0.0,,
2021-02-01,0.0,0.0,0.0,,
2021-02-01,0.0,0.0,0.0,,
2021-02-01,0.0006879977458697985,0.0,0.0,,
2021-02-01,0.0012274062211659778,0.0,0.0,,
2021-02-01,0.0006060803944574587,0.0,0.0,,
2021-02-01,0.0,0.0,0.0,,
2021-02-01,0.0,0.0,0.0,,
2021-02-01,0.004541933602455934,0.0,0.0,,
2021-02-02,0.0,0.0,0.0,,
2021-02-02,0.0,0.0,0.0,,
2021-02-02,0.0,0.0,0.0,,
2021-02-02,0.0,0.0,0.0,,
2021-02-02,0.0,0.0,0.0,,
2021-02-02,0.0,0.0,0.0,,
2021-02-02,0.0,0.0,0.0,,
2021-02-02,0.0,0.0,0.0,,
2021-02-02,0.0,0.0,0.0,,
2021-02-02,0.0,0.0,0.0,,
2021-02-02,0.0,0.0,0.0,,
2021-02-02,0.0,0.0,0.0,,
2021-02-03,0.0,0.0,0.0,0.41014069551367127,0.5811921543900738
2021-02-03,0.0,0.0,0.0,0.41014069551367127,0.5811921543900738
2021-02-03,0.0,0.0,0.0,0.41014069551367127,0.5811921543900738
2021-02-03,0.0,0.0,0.0,0.41014069551367127,0.5811921543900738
2021-02-03,0.0,0.0,0.0,0.41014069551367127,0.5811921543900738
2021-02-03,0.0,0.0,0.0,0.41014069551367127,0.5811921543900738
2021-02-03,0.0,0.0,0.0,0.41014069551367127,0.5811921543900738
2021-02-03,0.0,0.0,0.0,0.41014069551367127,0.5811921543900738
2021-02-03,0.0,0.0,0.0,0.41014069551367127,0.5811921543900738
2021-02-03,0.0,0.0,0.0,0.41014069551367127,0.5811921543900738
2021-02-03,0.0,0.0,0.0,0.41014069551367127,0.5811921543900738
2021-02-03,0.0,0.0,0.0,0.41014069551367127,0.5811921543900738
2021-02-04,0.017507674693165536,0.0,0.0,0.4102097159543403,0.5811921543900738
2021-02-04,0.044432646637410554,0.0,0.0,0.4102097159543403,0.5811921543900738
2021-02-04,0.04441409026030679,0.0,0.0,0.4102097159543403,0.5811921543900738
2021-02-04,0.05013461610965123,0.0,0.0,0.4102097159543403,0.5811921543900738
2021-02-04,0.04595967056300478,0.0,0.0,0.4102097159543403,0.5811921543900738
2021-02-04,0.0058274732274929755,0.0,0.0,0.4102097159543403,0.5811921543900738
2021-02-04,0.08406787401037974,0.0,0.0,0.4102097159543403,0.5811921543900738
2021-02-04,0.036398398632562556,0.0,0.0,0.4102097159543403,0.5811921543900738
2021-02-04,0.03694022653911531,0.0,0.0,0.4102097159543403,0.5811921543900738
2021-02-04,0.06760370758705003,0.0,0.0,0.4102097159543403,0.5811921543900738
2021-02-04,0.03467869494041424,0.0,0.0,0.4102097159543403,0.5811921543900738
2021-02-04,0.024791850418830544,0.0,0.0,0.4102097159543403,0.5811921543900738
2021-02-05,0.2297161660640958,0.0,0.0,,
2021-02-05,0.023835015843816074,0.0,0.0,,
2021-02-05,0.29559656181209554,0.0,0.0,,
2021-02-05,0.15598830985651863,0.0,0.0,,
2021-02-05,0.13115107925214722,0.0,0.0,,
2021-02-05,0.05519402325642316,0.0,0.0,,
2021-02-05,0.07095550829976335,0.0,0.0,,
2021-02-05,0.0975207426706043,0.0,0.0,,
2021-02-05,0.004653741046714224,0.0,0.0,,
2021-02-05,0.039540583050891434,0.0,0.0,,
2021-02-05,0.0012433484567269002,0.0,0.0,,
2021-02-05,0.06718282240421294,0.0,0.0,,
2021-02-06,0.0,0.0,0.0,,
2021-02-06,9.252465655282317e-05,0.0,0.0,,
2021-02-06,0.0015289470390538746,0.0,0.0,,
2021-02-06,0.00023446636357684784,0.0,0.0,,
2021-02-06,0.0,0.0,0.0,,
2021-02-06,0.0,0.0,0.0,,
2021-02-06,0.0,0.0,0.0,,
2021-02-06,0.0,0.0,0.0,,
2021-02-06,2.096697892724928e-05,0.0,0.0,,
2021-02-06,0.0,0.0,0.0,,
2021-02-06,0.000628610451439547,0.0,0.0,,
2021-02-06,0.0,0.0,0.0,,
2021-02-07,0.0,0.0,0.0,,
2021-02-07,0.0,0.0,0.0,,
2021-02-07,0.0,0.0,0.0,,
2021-02-07,0.0,0.0,0.0,,
2021-02-07,0.0,0.0,0.0,,
2021-02-07,0.0,0.0,0.0,,
2021-02-07,0.0,0.0,0.0,,
2021-02-07,0.0,0.0,0.0,,
2021-02-07,0.0,0.0,0.0,,
2021-02-07,0.0,0.0,0.0,,
2021-02-07,0.0,0.0,0.0,,
2021-02-07,0.0,0.0,0.0,,
2021-02-08,0.0,0.0,0.0,,
2021-02-08,0.0,0.0,0.0,,
2021-02-08,0.0,0.0,0.0,,
2021-02-08,0.0,0.0,0.0,,
2021-02-08,0.0,0.0,0.0,,
2021-02-08,0.0,0.0,0.0,,
2021-02-08,0.0,0.0,0.0,,
2021-02-08,0.0,0.0,0.0,,
2021-02-08,0.0,0.0,0.0,,
2021-02-08,0.0,0.0,0.0,,
2021-02-08,0.0,0.0,0.0,,
2021-02-08,0.0,0.0,0.0,,
2021-02-09,0.0,0.0,0.0,,
2021-02-09,0.0,0.0,0.0,,
2021-02-09,0.0,0.0,0.0,,
2021-02-09,0.0,0.0,0.0,,
2021-02-09,0.0,0.0,0.0,,
2021-02-09,0.0,0.0,0.0,,
2021-02-09,0.0,0.0,0.0,,
2021-02-09,0.0,0.0,0.0,,
2021-02-09,0.0,0.0,0.0,,
2021-02-09,0.0,0.0,0.0,,
2021-02-09,0.0,0.0,0.0,,
2021-02-09,0.0,0.0,0.0,,
2021-02-10,0.0,0.0,0.0,0.3729758428457658,0.5476614047334873
2021-02-10,0.0,0.0,0.0,0.3729758428457658,0.5476614047334873
2021-02-10,0.0,0.0,0.0,0.3729758428457658,0.5476614047334873
2021-02-10,1.98524249665892e-05,0.0,0.0,0.3729758428457658,0.5476614047334873
2021-02-10,0.0,0.0,0.0,0.3729758428457658,0.5476614047334873
2021-02-10,0.0,0.0,0.0,0.3729758428457658,0.5476614047334873
2021-02-10,0.0,0.0,0.0,0.3729758428457658,0.5476614047334873
2021-02-10,0.0,0.0,0.0,0.3729758428457658,0.5476614047334873
2021-02-10,0.0,0.0,0.0,0.3729758428457658,0.5476614047334873
2021-02-10,0.0,0.0,0.0,0.3729758428457658,0.5476614047334873
2021-02-10,0.0,0.0,0.0,0.3729758428457658,0.5476614047334873
2021-02-10,0.0,0.0,0.0,0.3729758428457658,0.5476614047334873
2021-02-11,0.0,0.0,0.0,0.3730103530661003,0.5476614047334873
2021-02-11,0.0,0.0,0.0,0.3730103530661003,0.5476614047334873
2021-02-11,0.0,0.0,0.0,0.3730103530661003,0.5476614047334873
2021-02-11,0.0,0.0,0.0,0.3730103530661003,0.5476614047334873
2021-02-11,0.0,0.0,0.0,0.3730103530661003,0.5476614047334873
2021-02-11,0.0,0.0,0.0,0.3730103530661003,0.5476614047334873
2021-02-11,0.0,0.0,0.0,0.3730103530661003,0.5476614047334873
2021-02-11,0.0,0.0,0.0,0.3730103530661003,0.5476614047334873
2021-02-11,0.0,0.0,0.0,0.3730103530661003,0.5476614047334873
2021-02-11,0.0,0.0,0.0,0.3730103530661003,0.5476614047334873
2021-02-11,0.0,0.0,0.0,0.3730103530661003,0.5476614047334873
2021-02-11,0.0,0.0,0.0,0.3730103530661003,0.5476614047334873
2021-02-12,0.0,0.0,0.0,,
2021-02-12,0.0,0.0,0.0,,
2021-02-12,0.0,0.0,0.0,,
2021-02-12,0.0,0.0,0.0,,
2021-02-12,0.0,0.0,0.0,,
2021-02-12,0.0,0.0,0.0,,
2021-02-12,0.0,0.0,0.0,,
2021-02-12,0.0,0.0,0.0,,
2021-02-12,0.0,0.0,0.0,,
2021-02-12,0.0,0.0,0.0,,
2021-02-12,0.0,0.0,0.0,,
2021-02-12,0.0,0.0,0.0,,
2021-02-13,0.0,0.0,0.0,,
2021-02-13,0.0,0.0,0.0,,
2021-02-13,0.0,0.0,0.0,,
2021-02-13,0.0,0.0,0.0,,
2021-02-13,0.0,0.0,0.0,,
2021-02-13,0.0,0.0,0.0,,
2021-02-13,0.0,0.0,0.0,,
2021-02-13,0.0,0.0,0.0,,
2021-02-13,0.0,0.0,0.0,,
2021-02-13,0.0,0.0,0.0,,
2021-02-13,0.0,0.0,0.0,,
2021-02-13,0.0,0.0,0.0,,
2021-02-14,0.0,0.0,0.0,,
2021-02-14,0.0,0.0,0.0,,
2021-02-14,0.0,0.0,0.0,,
2021-02-14,0.0,0.0,0.0,,
2021-02-14,0.0,0.0,0.0,,
2021-02-14,0.0,0.0,0.0,,
2021-02-14,0.0,0.0,0.0,,
2021-02-14,0.0,0.0,0.0,,
2021-02-14,0.0,0.0,0.0,,
2021-02-14,0.0,0.0,0.0,,
2021-02-14,0.0,0.0,0.0,,
2021-02-14,0.0,0.0,0.0,,
2021-02-15,0.0,0.0,0.0,,
2021-02-15,0.0,0.0,0.0,,
2021-02-15,0.0,0.0,0.0,,
2021-02-15,0.0016471787288421054,0.0,0.0,,
2021-02-15,0.0,0.0,0.0,,
2021-02-15,0.0,0.0,0.0,,
2021-02-15,0.0,0.0,0.0,,
2021-02-15,0.0,0.0,0.0,,
2021-02-15,0.0,0.0,0.0,,
2021-02-15,0.0,0.0,0.0,,
2021-02-15,0.00014593085229299525,0.0,0.0,,
2021-02-15,0.0,0.0,0.0,,
2021-02-16,0.0,0.0,0.0,,
2021-02-16,0.003101016261083604,0.0,0.0,,
2021-02-16,0.0,0.0,0.0,,
2021-02-16,0.0,0.0,0.0,,
2021-02-16,0.0,0.0,0.0,,
2021-02-16,0.0,0.0,0.0,,
2021-02-16,0.0,0.0,0.0,,
2021-02-16,0.0,0.0,0.0,,
2021-02-16,0.0,0.0,0.0,,
2021-02-16,0.0,0.0,0.0,,
2021-02-16,0.0,0.0,0.0,,
2021-02-16,0.0,0.0,0.0,,
2021-02-17,0.0,0.0,0.0,0.33103265197770104,0.5303217961132258
2021-02-17,0.00038919261768471843,0.0,0.0,0.33103265197770104,0.5303217961132258
2021-02-17,0.0,0.0,0.0,0.33103265197770104,0.5303217961132258
2021-02-17,0.009640373090674894,0.0,0.0,0.33103265197770104,0.5303217961132258
2021-02-17,0.008417514971571742,0.0,0.0,0.33103265197770104,0.5303217961132258
2021-02-17,0.0008322892389890528,0.0,0.0,0.33103265197770104,0.5303217961132258
2021-02-17,0.0,0.0,0.0,0.33103265197770104,0.5303217961132258
2021-02-17,0.0002838933448464698,0.0,0.0,0.33103265197770104,0.5303217961132258
2021-02-17,0.0005583582804615034,0.0,0.0,0.33103265197770104,0.5303217961132258
2021-02-17,0.0,0.0,0.0,0.33103265197770104,0.5303217961132258
2021-02-17,0.0005762986889184077,0.0,0.0,0.33103265197770104,0.5303217961132258
2021-02-17,0.00011974319803058254,0.0,0.0,0.33103265197770104,0.5303217961132258
2021-02-18,0.0,0.0,0.0,0.3309609769046986,0.5303217961132258
2021-02-18,0.0,0.0,0.0,0.3309609769046986,0.5303217961132258
2021-02-18,0.0,0.0,0.0,0.3309609769046986,0.5303217961132258
2021-02-18,0.0,0.0,0.0,0.3309609769046986,0.5303217961132258
2021-02-18,0.0,0.0,0.0,0.3309609769046986,0.5303217961132258
2021-02-18,0.0,0.0,0.0,0.3309609769046986,0.5303217961132258
2021-02-18,0.0,0.0,0.0,0.3309609769046986,0.5303217961132258
2021-02-18,0.0,0.0,0.0,0.3309609769046986,0.5303217961132258
2021-02-18,0.0,0.0,0.0,0.3309609769046986,0.5303217961132258
2021-02-18,0.0,0.0,0.0,0.3309609769046986,0.5303217961132258
2021-02-18,0.0,0.0,0.0,0.3309609769046986,0.5303217961132258
2021-02-18,0.0,0.0,0.0,0.3309609769046986,0.5303217961132258
2021-02-19,0.0,0.0,0.0,,
2021-02-19,0.001014615310596799,0.0,0.0,,
2021-02-19,0.0,0.0,0.0,,
2021-02-19,0.00226698427340622,0.0,0.0,,
2021-02-19,8.614157802323083e-06,0.0,0.0,,
2021-02-19,0.00171438542103557,0.0,0.0,,
2021-02-19,0.0027472852658552297,0.0,0.0,,
2021-02-19,0.000616529278836932,0.0,0.0,,
2021-02-19,0.0031643456382385872,0.0,0.0,,
2021-02-19,0.0,0.0,0.0,,
2021-02-19,0.0012318280086557913,0.0,0.0,,
2021-02-19,0.00028790996871796645,0.0,0.0,,
2021-02-20,0.0,0.0,0.0,,
2021-02-20,0.0,0.0,0.0,,
2021-02-20,0.0,0.0,0.0,,
2021-02-20,0.0,0.0,0.0,,
2021-02-20,0.0,0.0,0.0,,
2021-02-20,0.0,0.0,0.0,,
2021-02-20,0.0,0.0,0.0,,
2021-02-20,0.0,0.0,0.0,,
2021-02-20,0.0,0.0,0.0,,
2021-02-20,0.0,0.0,0.0,,
2021-02-20,0.0,0.0,0.0,,
2021-02-20,0.0,0.0,0.0,,
2021-02-21,0.0,0.0,0.0,,
2021-02-21,0.0,0.0,0.0,,
2021-02-21,0.0,0.0,0.0,,
2021-02-21,0.0,0.0,0.0,,
2021-02-21,0.0,0.0,0.0,,
2021-02-21,0.0,0.0,0.0,,
2021-02-21,0.0,0.0,0.0,,
2021-02-21,0.0,0.0,0.0,,
2021-02-21,0.0,0.0,0.0,,
2021-02-21,0.0,0.0,0.0,,
2021-02-21,0.0,0.0,0.0,,
2021-02-21,0.0,0.0,0.0,,
2021-02-22,0.0,0.0,0.0,,
2021-02-22,0.0,0.0,0.0,,
2021-02-22,0.0,0.0,0.0,,
2021-02-22,0.0,0.0,0.0,,
2021-02-22,0.0,0.0,0.0,,
2021-02-22,0.0,0.0,0.0,,
2021-02-22,0.0,0.0,0.0,,
2021-02-22,0.0,0.0,0.0,,
2021-02-22,0.0,0.0,0.0,,
2021-02-22,0.0,0.0,0.0,,
2021-02-22,0.0,0.0,0.0,,
2021-02-22,0.0,0.0,0.0,,
2021-02-23,0.0,0.0,0.0,0.2917440934430581,0.4638908280226097
2021-02-23,0.0,0.0,0.0,0.2917440934430581,0.4638908280226097
2021-02-23,0.0,0.0,0.0,0.2917440934430581,0.4638908280226097
2021-02-23,0.0,0.0,0.0,0.2917440934430581,0.4638908280226097
2021-02-23,0.0,0.0,0.0,0.2917440934430581,0.4638908280226097
2021-02-23,0.0,0.0,0.0,0.2917440934430581,0.4638908280226097
2021-02-23,0.0,0.0,0.0,0.2917440934430581,0.4638908280226097
2021-02-23,0.0,0.0,0.0,0.2917440934430581,0.4638908280226097
2021-02-23,0.0,0.0,0.0,0.2917440934430581,0.4638908280226097
2021-02-23,0.0,0.0,0.0,0.2917440934430581,0.4638908280226097
2021-02-23,0.0,0.0,0.0,0.2917440934430581,0.4638908280226097
2021-02-23,0.0,0.0,0.0,0.2917440934430581,0.4638908280226097
2021-02-24,0.011146436645533926,0.0,0.0,,
2021-02-24,0.0,0.0,0.0,,
2021-02-24,0.0,0.0,0.0,,
2021-02-24,0.0029182996582828,0.0,0.0,,
2021-02-24,0.017791993738854643,0.0,0.0,,
2021-02-24,0.0,0.0,0.0,,
2021-02-24,0.0,0.0,0.0,,
2021-02-24,0.0,0.0,0.0,,
2021-02-24,0.019558290340102657,0.0,0.0,,
2021-02-24,0.0,0.0,0.0,,
2021-02-24,0.0,0.0,0.0,,
2021-02-24,0.001991542917256832,0.0,0.0,,
2021-02-25,0.0,0.0,0.0,0.2917440934430581,0.4638908280226097
2021-02-25,0.0,0.0,0.0,0.2917440934430581,0.4638908280226097
2021-02-25,0.0,0.0,0.0,0.2917440934430581,0.4638908280226097
2021-02-25,0.0,0.0,0.0,0.2917440934430581,0.4638908280226097
2021-02-25,8.280203469231969e-06,0.0,0.0,0.2917440934430581,0.4638908280226097
2021-02-25,0.0,0.0,0.0,0.2917440934430581,0.4638908280226097
2021-02-25,0.0,0.0,0.0,0.2917440934430581,0.4638908280226097
2021-02-25,0.0,0.0,0.0,0.2917440934430581,0.4638908280226097
2021-02-25,0.0,0.0,0.0,0.2917440934430581,0.4638908280226097
2021-02-25,0.0,0.0,0.0,0.2917440934430581,0.4638908280226097
2021-02-25,1.2382474692623555e-05,0.0,0.0,0.2917440934430581,0.4638908280226097
2021-02-25,0.0,0.0,0.0,0.2917440934430581,0.4638908280226097
2021-02-26,0.00010851920233990862,0.0,0.0,0.2856464029731881,0.457360326074717
2021-02-26,0.0,0.0,0.0,0.2856464029731881,0.457360326074717
2021-02-26,0.0,0.0,0.0,0.2856464029731881,0.457360326074717
2021-02-26,0.0,0.0,0.0,0.2856464029731881,0.457360326074717
2021-02-26,0.0,0.0,0.0,0.2856464029731881,0.457360326074717
2021-02-26,0.0,0.0,0.0,0.2856464029731881,0.457360326074717
2021-02-26,0.0,0.0,0.0,0.2856464029731881,0.457360326074717
2021-02-26,0.0,0.0,0.0,0.2856464029731881,0.457360326074717
2021-02-26,0.0,0.0,0.0,0.2856464029731881,0.457360326074717
2021-02-26,0.0,0.0,0.0,0.2856464029731881,0.457360326074717
2021-02-26,0.0,0.0,0.0,0.2856464029731881,0.457360326074717
2021-02-26,0.0,0.0,0.0,0.2856464029731881,0.457360326074717
2021-02-27,0.0009699376758269609,0.0,0.0,0.27954871250331825,0.4506046344044847
2021-02-27,0.002371342082490761,0.0,0.0,0.27954871250331825,0.4506046344044847
2021-02-27,0.010730283585323503,0.0,0.0,0.27954871250331825,0.4506046344044847
2021-02-27,0.019567531600522478,0.0,0.0,0.27954871250331825,0.4506046344044847
2021-02-27,0.058581705942946656,0.0,0.0,0.27954871250331825,0.4506046344044847
2021-02-27,0.01959838107513308,0.0,0.0,0.27954871250331825,0.4506046344044847
2021-02-27,0.0,0.0,0.0,0.27954871250331825,0.4506046344044847
2021-02-27,0.04553100611282569,0.0,0.0,0.27954871250331825,0.4506046344044847
2021-02-27,0.0050683049848187795,0.0,0.0,0.27954871250331825,0.4506046344044847
2021-02-27,0.015606077840030277,0.0,0.0,0.27954871250331825,0.4506046344044847
2021-02-27,2.3113142006589475e-05,0.0,0.0,0.27954871250331825,0.4506046344044847
2021-02-27,0.004372926249378108,0.0,0.0,0.27954871250331825,0.4506046344044847
2021-02-28,0.05304140950803998,0.0,0.0,0.2734536766657817,0.44362375301191115
2021-02-28,0.00820959008744241,0.0,0.0,0.2734536766657817,0.44362375301191115
2021-02-28,0.04715013789760455,0.0,0.0,0.2734536766657817,0.44362375301191115
2021-02-28,0.003420122967681076,0.0,0.0,0.2734536766657817,0.44362375301191115
2021-02-28,0.02643506290895176,0.0,0.0,0.2734536766657817,0.44362375301191115
2021-02-28,0.03158212786212644,0.0,0.0,0.2734536766657817,0.44362375301191115
2021-02-28,0.028613590386302987,0.0,0.0,0.2734536766657817,0.44362375301191115
2021-02-28,0.0017696300731867818,0.0,0.0,0.2734536766657817,0.44362375301191115
2021-02-28,0.0006679888344729262,0.0,0.0,0.2734536766657817,0.44362375301191115
2021-02-28,0.03256396920563253,0.0,0.0,0.2734536766657817,0.44362375301191115
2021-02-28,0.04434467334074073,0.0,0.0,0.2734536766657817,0.44362375301191115
2021-02-28,0.009502504945334,0.0,0.0,0.2734536766657817,0.44362375301191115
2021-03-01,0.0,0.0,0.0,0.2675444650915848,0.43709325106402197
2021-03-01,0.0,0.0,0.0,0.2675444650915848,0.43709325106402197
2021-03-01,0.0,0.0,0.0,0.2675444650915848,0.43709325106402197
2021-03-01,0.0,0.0,0.0,0.2675444650915848,0.43709325106402197
2021-03-01,0.0,0.0,0.0,0.2675444650915848,0.43709325106402197
2021-03-01,0.0,0.0,0.0,0.2675444650915848,0.43709325106402197
2021-03-01,0.0,0.0,0.0,0.2675444650915848,0.43709325106402197
2021-03-01,0.0,0.0,0.0,0.2675444650915848,0.43709325106402197
2021-03-01,0.0,0.0,0.0,0.2675444650915848,0.43709325106402197
2021-03-01,0.0,0.0,0.0,0.2675444650915848,0.43709325106402197
2021-03-01,0.0,0.0,0.0,0.2675444650915848,0.43709325106402197
2021-03-01,0.0,0.0,0.0,0.2675444650915848,0.43709325106402197
2021-03-02,0.0,0.0,0.0,0.2613246615343774,0.4301123696714484
2021-03-02,0.0,0.0,0.0,0.2613246615343774,0.4301123696714484
2021-03-02,0.0,0.0,0.0,0.2613246615343774,0.4301123696714484
2021-03-02,0.0,0.0,0.0,0.2613246615343774,0.4301123696714484
2021-03-02,0.0,0.0,0.0,0.2613246615343774,0.4301123696714484
2021-03-02,0.0,0.0,0.0,0.2613246615343774,0.4301123696714484
2021-03-02,0.0,0.0,0.0,0.2613246615343774,0.4301123696714484
2021-03-02,0.0,0.0,0.0,0.2613246615343774,0.4301123696714484
2021-03-02,0.0,0.0,0.0,0.2613246615343774,0.4301123696714484
2021-03-02,0.0,0.0,0.0,0.2613246615343774,0.4301123696714484
2021-03-02,0.0,0.0,0.0,0.2613246615343774,0.4301123696714484
2021-03-02,0.0,0.0,0.0,0.2613246615343774,0.4301123696714484
2021-03-03,0.0,0.0,0.0,0.2548606318024953,0.4229062985565335
2021-03-03,0.0,0.0,0.0,0.2548606318024953,0.4229062985565335
2021-03-03,0.0,0.0,0.0,0.2548606318024953,0.4229062985565335
2021-03-03,0.0,0.0,0.0,0.2548606318024953,0.4229062985565335
2021-03-03,0.0,0.0,0.0,0.2548606318024953,0.4229062985565335
2021-03-03,0.0,0.0,0.0,0.2548606318024953,0.4229062985565335
2021-03-03,0.0,0.0,0.0,0.2548606318024953,0.4229062985565335
2021-03-03,0.0,0.0,0.0,0.2548606318024953,0.4229062985565335
2021-03-03,0.0,0.0,0.0,0.2548606318024953,0.4229062985565335
2021-03-03,0.0,0.0,0.0,0.2548606318024953,0.4229062985565335
2021-03-03,0.0,0.0,0.0,0.2548606318024953,0.4229062985565335
2021-03-03,0.0,0.0,0.0,0.2548606318024953,0.4229062985565335
2021-03-04,0.0,0.0,0.0,0.2480886647199362,0.4154750377192773
2021-03-04,0.0,0.0,0.0,0.2480886647199362,0.4154750377192773
2021-03-04,0.0,0.0,0.0,0.2480886647199362,0.4154750377192773
2021-03-04,0.0,0.0,0.0,0.2480886647199362,0.4154750377192773
2021-03-04,0.0,0.0,0.0,0.2480886647199362,0.4154750377192773
2021-03-04,0.0,0.0,0.0,0.2480886647199362,0.4154750377192773
2021-03-04,0.0,0.0,0.0,0.2480886647199362,0.4154750377192773
2021-03-04,0.0,0.0,0.0,0.2480886647199362,0.4154750377192773
2021-03-04,0.0,0.0,0.0,0.2480886647199362,0.4154750377192773
2021-03-04,0.0,0.0,0.0,0.2480886647199362,0.4154750377192773
2021-03-04,0.0,0.0,0.0,0.2480886647199362,0.4154750377192773
2021-03-04,0.0,0.0,0.0,0.2480886647199362,0.4154750377192773
2021-03-05,0.0,0.0,0.0,,
2021-03-05,0.0,0.0,0.0,,
2021-03-05,0.0,0.0,0.0,,
2021-03-05,0.0,0.0,0.0,,
2021-03-05,0.0,0.0,0.0,,
2021-03-05,0.0,0.0,0.0,,
2021-03-05,0.0,0.0,0.0,,
2021-03-05,0.0,0.0,0.0,,
2021-03-05,0.0,0.0,0.0,,
2021-03-05,0.0,0.0,0.0,,
2021-03-05,0.0,0.0,0.0,,
2021-03-05,0.0,0.0,0.0,,
2021-03-06,0.0,0.0,0.0,,
2021-03-06,0.0,0.0,0.0,,
2021-03-06,0.0,0.0,0.0,,
2021-03-06,0.0,0.0,0.0,,
2021-03-06,0.0,0.0,0.0,,
2021-03-06,0.0,0.0,0.0,,
2021-03-06,0.0,0.0,0.0,,
2021-03-06,0.0,0.0,0.0,,
2021-03-06,0.0,0.0,0.0,,
2021-03-06,0.0,0.0,0.0,,
2021-03-06,0.0,0.0,0.0,,
2021-03-06,0.0,0.0,0.0,,
2021-03-07,0.0068477600420566815,0.0,0.0,,
2021-03-07,0.04454487299847118,0.0,0.0,,
2021-03-07,0.019225345810947477,0.0,0.0,,
2021-03-07,0.004349888925731874,0.0,0.0,,
2021-03-07,0.030604269425904114,0.0,0.0,,
2021-03-07,0.0013002837694643834,0.0,0.0,,
2021-03-07,0.0042644921575901796,0.0,0.0,,
2021-03-07,0.004724498642577397,0.0,0.0,,
2021-03-07,0.027754750412695477,0.0,0.0,,
2021-03-07,0.044914806197757055,0.0,0.0,,
2021-03-07,7.331780752493377e-05,0.0,0.0,,
2021-03-07,0.011745757072390704,0.0,0.0,,
2021-03-08,0.0016452828903712265,0.0,0.0,,
2021-03-08,0.14690195628695396,0.0,0.0,,
2021-03-08,0.13000990131144588,0.0,0.0,,
2021-03-08,0.0653366508549105,0.0,0.0,,
2021-03-08,0.07081272158637716,0.0,0.0,,
2021-03-08,0.0938997979958986,0.0,0.0,,
2021-03-08,0.01961256798422836,0.0,0.0,,
2021-03-08,0.06094400128094528,0.0,0.0,,
2021-03-08,0.07174772769264279,0.0,0.0,,
2021-03-08,0.009365127925639129,0.0,0.0,,
2021-03-08,0.13181406629607778,0.0,0.0,,
2021-03-08,0.047948807959526975,0.0,0.0,,
2021-03-09,0.0,0.0,0.0,,
2021-03-09,0.0005635669240744426,0.0,0.0,,
2021-03-09,0.03219504135854537,0.0,0.0,,
2021-03-09,0.0,0.0,0.0,,
2021-03-09,0.015074535667703644,0.0,0.0,,
2021-03-09,0.0,0.0,0.0,,
2021-03-09,0.0,0.0,0.0,,
2021-03-09,6.466754530076691e-05,0.0,0.0,,
2021-03-09,0.0,0.0,0.0,,
2021-03-09,0.00011733577998589866,0.0,0.0,,
2021-03-09,0.0,0.0,0.0,,
2021-03-09,0.0,0.0,0.0,,
2021-03-10,0.0,0.0,0.0,,
2021-03-10,0.0,0.0,0.0,,
2021-03-10,0.0,0.0,0.0,,
2021-03-10,0.0,0.0,0.0,,
2021-03-10,0.0,0.0,0.0,,
2021-03-10,0.0,0.0,0.0,,
2021-03-10,0.0,0.0,0.0,,
2021-03-10,0.0,0.0,0.0,,
2021-03-10,0.0,0.0,0.0,,
2021-03-10,0.0,0.0,0.0,,
2021-03-10,0.0,0.0,0.0,,
2021-03-10,0.0,0.0,0.0,,
2021-03-11,0.010780565550029552,0.0,0.0,0.20498274488983273,0.36323102213614966
2021-03-11,0.006657928526594407,0.0,0.0,0.20498274488983273,0.36323102213614966
2021-03-11,0.0,0.0,0.0,0.20498274488983273,0.36323102213614966
2021-03-11,0.006370372012854707,0.0,0.0,0.20498274488983273,0.36323102213614966
2021-03-11,0.017859477410548885,0.0,0.0,0.20498274488983273,0.36323102213614966
2021-03-11,0.0002443482854396007,0.0,0.0,0.20498274488983273,0.36323102213614966
2021-03-11,0.0020598578236188615,0.0,0.0,0.20498274488983273,0.36323102213614966
2021-03-11,0.015942063359212125,0.0,0.0,0.20498274488983273,0.36323102213614966
2021-03-11,0.0402846697518816,0.0,0.0,0.20498274488983273,0.36323102213614966
2021-03-11,0.044832713757020845,0.0,0.0,0.20498274488983273,0.36323102213614966
2021-03-11,4.021112629403394e-05,0.0,0.0,0.20498274488983273,0.36323102213614966
2021-03-11,0.03582967663380459,0.0,0.0,0.20498274488983273,0.36323102213614966
2021-03-12,0.0,0.0,0.0,,
2021-03-12,0.00020225458333464759,0.0,0.0,,
2021-03-12,1.2888380846641417e-06,0.0,0.0,,
2021-03-12,0.0,0.0,0.0,,
2021-03-12,0.0,0.0,0.0,,
2021-03-12,6.991175653563522e-05,0.0,0.0,,
2021-03-12,0.0,0.0,0.0,,
2021-03-12,0.0,0.0,0.0,,
2021-03-12,0.0,0.0,0.0,,
2021-03-12,0.0,0.0,0.0,,
2021-03-12,0.0,0.0,0.0,,
2021-03-12,2.7487580041865065e-06,0.0,0.0,,
2021-03-13,0.0,0.0,0.0,,
2021-03-13,0.006167790601668593,0.0,0.0,,
2021-03-13,0.0006010633976692104,0.0,0.0,,
2021-03-13,0.0003192431463274956,0.0,0.0,,
2021-03-13,0.0008931875696479378,0.0,0.0,,
2021-03-13,0.010533389078708743,0.0,0.0,,
2021-03-13,6.918444818234884e-05,0.0,0.0,,
2021-03-13,0.006180652133264333,0.0,0.0,,
2021-03-13,7.032643446968026e-05,0.0,0.0,,
2021-03-13,1.8980051063961864e-05,0.0,0.0,,
2021-03-13,0.014537778641544371,0.0,0.0,,
2021-03-13,0.00032190811726914647,0.0,0.0,,
2021-03-14,0.0,0.0,0.0,,
2021-03-14,0.0,0.0,0.0,,
2021-03-14,0.0,0.0,0.0,,
2021-03-14,0.0,0.0,0.0,,
2021-03-14,0.0,0.0,0.0,,
2021-03-14,0.0,0.0,0.0,,
2021-03-14,0.0,0.0,0.0,,
2021-03-14,0.0,0.0,0.0,,
2021-03-14,0.0,0.0,0.0,,
2021-03-14,0.0,0.0,0.0,,
2021-03-14,0.0,0.0,0.0,,
2021-03-14,0.0,0.0,0.0,,
2021-03-15,0.0,0.0,0.0,,
2021-03-15,0.0,0.0,0.0,,
2021-03-15,0.0,0.0,0.0,,
2021-03-15,0.0,0.0,0.0,,
2021-03-15,0.0,0.0,0.0,,
2021-03-15,0.0,0.0,0.0,,
2021-03-15,0.0,0.0,0.0,,
2021-03-15,0.0,0.0,0.0,,
2021-03-15,0.0,0.0,0.0,,
2021-03-15,0.0,0.0,0.0,,
2021-03-15,0.0,0.0,0.0,,
2021-03-15,0.0,0.0,0.0,,
2021-03-16,0.0,0.0,0.0,,
2021-03-16,0.0,0.0,0.0,,
2021-03-16,0.0,0.0,0.0,,
2021-03-16,0.0,0.0,0.0,,
2021-03-16,0.0,0.0,0.0,,
2021-03-16,0.0,0.0,0.0,,
2021-03-16,0.0,0.0,0.0,,
2021-03-16,0.0,0.0,0.0,,
2021-03-16,0.0,0.0,0.0,,
2021-03-16,0.0,0.0,0.0,,
2021-03-16,0.0,0.0,0.0,,
2021-03-16,0.0,0.0,0.0,,
2021-03-17,0.0,0.0,0.0,,
2021-03-17,0.0,0.0,0.0,,
2021-03-17,0.0,0.0,0.0,,
2021-03-17,0.0,0.0,0.0,,
2021-03-17,0.0,0.0,0.0,,
2021-03-17,0.0,0.0,0.0,,
2021-03-17,0.0,0.0,0.0,,
2021-03-17,0.0,0.0,0.0,,
2021-03-17,0.0,0.0,0.0,,
2021-03-17,0.0,0.0,0.0,,
2021-03-17,0.0,0.0,0.0,,
2021-03-17,0.0,0.0,0.0,,
2021-03-18,0.0,0.0,0.0,0.21555614547385185,0.3136892832211142
2021-03-18,0.0010224941265574582,0.0,0.0,0.21555614547385185,0.3136892832211142
2021-03-18,0.0,0.0,0.0,0.21555614547385185,0.3136892832211142
2021-03-18,0.0001572270753376986,0.0,0.0,0.21555614547385185,0.3136892832211142
2021-03-18,0.0,0.0,0.0,0.21555614547385185,0.3136892832211142
2021-03-18,0.0,0.0,0.0,0.21555614547385185,0.3136892832211142
2021-03-18,0.0002561691193387952,0.0,0.0,0.21555614547385185,0.3136892832211142
2021-03-18,0.0015989644618761515,0.0,0.0,0.21555614547385185,0.3136892832211142
2021-03-18,0.0,0.0,0.0,0.21555614547385185,0.3136892832211142
2021-03-18,0.001800769882509825,0.0,0.0,0.21555614547385185,0.3136892832211142
2021-03-18,0.0,0.0,0.0,0.21555614547385185,0.3136892832211142
2021-03-18,0.0,0.0,0.0,0.21555614547385185,0.3136892832211142
2021-03-19,0.0,0.0,0.0,,
2021-03-19,0.0,0.0,0.0,,
2021-03-19,0.0,0.0,0.0,,
2021-03-19,0.0,0.0,0.0,,
2021-03-19,0.0,0.0,0.0,,
2021-03-19,0.0,0.0,0.0,,
2021-03-19,0.0,0.0,0.0,,
2021-03-19,0.0,0.0,0.0,,
2021-03-19,0.0,0.0,0.0,,
2021-03-19,0.0,0.0,0.0,,
2021-03-19,0.0,0.0,0.0,,
2021-03-19,0.0,0.0,0.0,,
2021-03-20,0.0,0.0,0.0,,
2021-03-20,0.0,0.0,0.0,,
2021-03-20,0.0009015869889740704,0.0,0.0,,
2021-03-20,0.0,0.0,0.0,,
2021-03-20,0.0,0.0,0.0,,
2021-03-20,0.0,0.0,0.0,,
2021-03-20,0.0,0.0,0.0,,
2021-03-20,0.0,0.0,0.0,,
2021-03-20,0.0020664697269948177,0.0,0.0,,
2021-03-20,0.0,0.0,0.0,,
2021-03-20,0.0,0.0,0.0,,
2021-03-20,0.0,0.0,0.0,,
2021-03-21,0.0,0.0,0.0,,
2021-03-21,0.0,0.0,0.0,,
2021-03-21,0.0,0.0,0.0,,
2021-03-21,0.0,0.0,0.0,,
2021-03-21,0.0,0.0,0.0,,
2021-03-21,0.0,0.0,0.0,,
2021-03-21,0.0,0.0,0.0,,
2021-03-21,0.0,0.0,0.0,,
2021-03-21,0.0,0.0,0.0,,
2021-03-21,0.0,0.0,0.0,,
2021-03-21,0.0,0.0,0.0,,
2021-03-21,0.0,0.0,0.0,,
2021-03-22,0.13305065005581165,0.0,0.0,,
2021-03-22,0.0052870535044541875,0.0,0.0,,
2021-03-22,0.08045639525611331,0.0,0.0,,
2021-03-22,0.11472337378761147,0.0,0.0,,
2021-03-22,0.10174501092976455,0.0,0.0,,
2021-03-22,0.047035165027546275,0.0,0.0,,
2021-03-22,0.06183362989492479,0.0,0.0,,
2021-03-22,0.015173758513591115,0.0,0.0,,
2021-03-22,0.04259443993088268,0.0,0.0,,
2021-03-22,0.028372798474339118,0.0,0.0,,
2021-03-22,0.07258952472246445,0.0,0.0,,
2021-03-22,0.019883299402395836,0.0,0.0,,
2021-03-23,0.06873034456209173,0.0,0.0,,
2021-03-23,0.05808049723242994,0.0,0.0,,
2021-03-23,0.03566454271784862,0.0,0.0,,
2021-03-23,0.02337951603474655,0.0,0.0,,
2021-03-23,0.11857209229146881,0.0,0.0,,
2021-03-23,0.06595757136991796,0.0,0.0,,
2021-03-23,0.016422963568448586,0.0,0.0,,
2021-03-23,0.06686469292334969,0.0,0.0,,
2021-03-23,0.05262657272749606,0.0,0.0,,
2021-03-23,0.004936135997895566,0.0,0.0,,
2021-03-23,0.061421078956500064,0.0,0.0,,
2021-03-23,0.02151605812140732,0.0,0.0,,
2021-03-24,0.04275025836920305,0.0,0.0,,
2021-03-24,0.048886621908808076,0.0,0.0,,
2021-03-24,0.025446172725449558,0.0,0.0,,
2021-03-24,0.05083706392614687,0.0,0.0,,
2021-03-24,0.07882673164211298,0.0,0.0,,
2021-03-24,0.056269524569791146,0.0,0.0,,
2021-03-24,0.01633951009003919,0.0,0.0,,
2021-03-24,0.05947897826377939,0.0,0.0,,
2021-03-24,0.020360227042374484,0.0,0.0,,
2021-03-24,0.05660508892316412,0.0,0.0,,
2021-03-24,0.022513112309707577,0.0,0.0,,
2021-03-24,0.04663046774952759,0.0,0.0,,
2021-03-25,0.00949294236388942,0.0,0.0,0.1975046456065834,0.25845024433084873
2021-03-25,0.001950272814303643,0.0,0.0,0.1975046456065834,0.25845024433084873
2021-03-25,0.03459313929800817,0.0,0.0,0.1975046456065834,0.25845024433084873
2021-03-25,0.02092007361910961,0.0,0.0,0.1975046456065834,0.25845024433084873
2021-03-25,0.022637416816929917,0.0,0.0,0.1975046456065834,0.25845024433084873
2021-03-25,0.0033201119977120624,0.0,0.0,0.1975046456065834,0.25845024433084873
2021-03-25,0.0020129218438426984,0.0,0.0,0.1975046456065834,0.25845024433084873
2021-03-25,0.04411943665010968,0.0,0.0,0.1975046456065834,0.25845024433084873
2021-03-25,0.06800127881843661,0.0,0.0,0.1975046456065834,0.25845024433084873
2021-03-25,0.00014317403303491848,0.0,0.0,0.1975046456065834,0.25845024433084873
2021-03-25,0.030279314608167827,0.0,0.0,0.1975046456065834,0.25845024433084873
2021-03-25,0.0,0.0,0.0,0.1975046456065834,0.25845024433084873
2021-03-26,1.4208640236652797e-05,0.0,0.0,,
2021-03-26,0.0,0.0,0.0,,
2021-03-26,0.0,0.0,0.0,,
2021-03-26,0.0,0.0,0.0,,
2021-03-26,0.0016914518478555924,0.0,0.0,,
2021-03-26,0.0,0.0,0.0,,
2021-03-26,0.0,0.0,0.0,,
2021-03-26,0.0,0.0,0.0,,
2021-03-26,0.00010970178180699052,0.0,0.0,,
2021-03-26,0.0,0.0,0.0,,
2021-03-26,0.0,0.0,0.0,,
2021-03-26,0.0,0.0,0.0,,
2021-03-27,0.0,0.0,0.0,,
2021-03-27,0.0,0.0,0.0,,
2021-03-27,0.0,0.0,0.0,,
2021-03-27,0.0,0.0,0.0,,
2021-03-27,0.0,0.0,0.0,,
2021-03-27,0.0,0.0,0.0,,
2021-03-27,0.0,0.0,0.0,,
2021-03-27,0.0,0.0,0.0,,
2021-03-27,0.0,0.0,0.0,,
2021-03-27,0.0,0.0,0.0,,
2021-03-27,0.0,0.0,0.0,,
2021-03-27,0.0,0.0,0.0,,
2021-03-28,0.0,0.0,0.0,,
2021-03-28,0.0,0.0,0.0,,
2021-03-28,0.0,0.0,0.0,,
2021-03-28,2.8008692441740218e-05,0.0,0.0,,
2021-03-28,0.0,0.0,0.0,,
2021-03-28,0.0,0.0,0.0,,
2021-03-28,0.0,0.0,0.0,,
2021-03-28,0.0,0.0,0.0,,
2021-03-28,0.0,0.0,0.0,,
2021-03-28,0.0,0.0,0.0,,
2021-03-28,0.0,0.0,0.0,,
2021-03-28,0.0,0.0,0.0,,
2021-03-29,3.109737436427526e-07,0.0,0.0,,
2021-03-29,0.0,0.0,0.0,,
2021-03-29,0.0,0.0,0.0,,
2021-03-29,0.013126363369976258,0.0,0.0,,
2021-03-29,0.026028002137929676,0.0,0.0,,
2021-03-29,5.3273948602585435e-05,0.0,0.0,,
2021-03-29,0.007177954508228565,0.0,0.0,,
2021-03-29,0.01823376277067358,0.0,0.0,,
2021-03-29,0.01044560989073908,0.0,0.0,,
2021-03-29,0.014362140846983193,0.0,0.0,,
2021-03-29,0.0,0.0,0.0,,
2021-03-29,0.003595554547778502,0.0,0.0,,
2021-03-30,0.0,0.0,0.0,,
2021-03-30,0.0,0.0,0.0,,
2021-03-30,0.05155603637834529,0.0,0.0,,
2021-03-30,0.0,0.0,0.0,,
2021-03-30,0.04079628592063266,0.0,0.0,,
2021-03-30,0.008243663267664415,0.0,0.0,,
2021-03-30,0.03148337528072969,0.0,0.0,,
2021-03-30,9.342354652019862e-07,0.0,0.0,,
2021-03-30,0.0,0.0,0.0,,
2021-03-30,0.02510707906997586,0.0,0.0,,
2021-03-30,0.030995252771083327,0.0,0.0,,
2021-03-30,0.011525879514452112,0.0,0.0,,
2021-03-31,0.0,0.0,0.0,,
2021-03-31,0.0,0.0,0.0,,
2021-03-31,0.0,0.0,0.0,,
2021-03-31,0.0,0.0,0.0,,
2021-03-31,0.0,0.0,0.0,,
2021-03-31,0.0,0.0,0.0,,
2021-03-31,0.0,0.0,0.0,,
2021-03-31,0.0,0.0,0.0,,
2021-03-31,0.0,0.0,0.0,,
2021-03-31,0.0,0.0,0.0,,
2021-03-31,0.0,0.0,0.0,,
2021-03-31,0.0,0.0,0.0,,
2021-04-01,0.0,0.0,0.0,0.10777807273692591,0.21595694372508767
2021-04-01,0.0,0.0,0.0,0.10777807273692591,0.21595694372508767
2021-04-01,0.0,0.0,0.0,0.10777807273692591,0.21595694372508767
2021-04-01,0.0,0.0,0.0,0.10777807273692591,0.21595694372508767
2021-04-01,0.0,0.0,0.0,0.10777807273692591,0.21595694372508767
2021-04-01,0.0,0.0,0.0,0.10777807273692591,0.21595694372508767
2021-04-01,0.0,0.0,0.0,0.10777807273692591,0.21595694372508767
2021-04-01,0.0,0.0,0.0,0.10777807273692591,0.21595694372508767
2021-04-01,0.0,0.0,0.0,0.10777807273692591,0.21595694372508767
2021-04-01,0.0,0.0,0.0,0.10777807273692591,0.21595694372508767
2021-04-01,0.0,0.0,0.0,0.10777807273692591,0.21595694372508767
2021-04-01,0.0,0.0,0.0,0.10777807273692591,0.21595694372508767
2021-04-02,0.0,0.0,0.0,,
2021-04-02,0.0,0.0,0.0,,
2021-04-02,0.0,0.0,0.0,,
2021-04-02,0.0,0.0,0.0,,
2021-04-02,0.0,0.0,0.0,,
2021-04-02,0.0,0.0,0.0,,
2021-04-02,0.0,0.0,0.0,,
2021-04-02,0.0,0.0,0.0,,
2021-04-02,0.0,0.0,0.0,,
2021-04-02,0.0,0.0,0.0,,
2021-04-02,0.0,0.0,0.0,,
2021-04-02,0.0,0.0,0.0,,
2021-04-03,0.0,0.0,0.0,,
2021-04-03,0.0,0.0,0.0,,
2021-04-03,0.0,0.0,0.0,,
2021-04-03,0.0,0.0,0.0,,
2021-04-03,0.0,0.0,0.0,,
2021-04-03,0.0,0.0,0.0,,
2021-04-03,0.0,0.0,0.0,,
2021-04-03,0.0,0.0,0.0,,
2021-04-03,0.0,0.0,0.0,,
2021-04-03,0.0,0.0,0.0,,
2021-04-03,0.0,0.0,0.0,,
2021-04-03,0.0,0.0,0.0,,
2021-04-04,0.0,0.0,0.0,,
2021-04-04,0.0,0.0,0.0,,
2021-04-04,0.0,0.0,0.0,,
2021-04-04,0.0,0.0,0.0,,
2021-04-04,0.0,0.0,0.0,,
2021-04-04,0.0,0.0,0.0,,
2021-04-04,0.0,0.0,0.0,,
2021-04-04,0.0,0.0,0.0,,
2021-04-04,0.0,0.0,0.0,,
2021-04-04,0.0,0.0,0.0,,
2021-04-04,0.0,0.0,0.0,,
2021-04-04,0.0,0.0,0.0,,
2021-04-05,0.0026639047737238796,0.0,0.0,,
2021-04-05,0.013683413820742323,0.0,0.0,,
2021-04-05,0.0,0.0,0.0,,
2021-04-05,0.0,0.0,0.0,,
2021-04-05,0.020170479628650553,0.0,0.0,,
2021-04-05,0.0,0.0,0.0,,
2021-04-05,0.0,0.0,0.0,,
2021-04-05,0.00030701136432814555,0.0,0.0,,
2021-04-05,0.009026383421489207,0.0,0.0,,
2021-04-05,0.012651062039380323,0.0,0.0,,
2021-04-05,0.020080162700574177,0.0,0.0,,
2021-04-05,0.0,0.0,0.0,,
2021-04-06,1.554868718213763e-07,0.0,0.0,,
2021-04-06,0.053992469633821163,0.0,0.0,,
2021-04-06,0.009894521389714412,0.0,0.0,,
2021-04-06,0.010821479041991185,0.0,0.0,,
2021-04-06,0.0,0.0,0.0,,
2021-04-06,0.05605499966592535,0.0,0.0,,
2021-04-06,0.0028367037482124376,0.0,0.0,,
2021-04-06,0.0,0.0,0.0,,
2021-04-06,0.0,0.0,0.0,,
2021-04-06,0.02028307490082492,0.0,0.0,,
2021-04-06,0.009281794690410608,0.0,0.0,,
2021-04-06,0.0,0.0,0.0,,
2021-04-07,0.17844803883075827,0.0,0.0,,
2021-04-07,0.05576870840809475,0.0,0.0,,
2021-04-07,0.013912222590874192,0.0,0.0,,
2021-04-07,0.0820728377103406,0.0,0.0,,
2021-04-07,0.18461128937310758,0.0,0.0,,
2021-04-07,0.07132248651732612,0.0,0.0,,
2021-04-07,0.12654762154915952,0.0,0.0,,
2021-04-07,0.14127932554592884,0.0,0.0,,
2021-04-07,0.20846446975785526,0.0,0.0,,
2021-04-07,0.12977330323211153,0.0,0.0,,
2021-04-07,0.0434036612671407,0.0,0.0,,
2021-04-07,0.11849764212303433,0.0,0.0,,
2021-04-08,0.0,0.0,0.0,0.08680647730289351,0.17623347670412315
2021-04-08,0.004835877896352066,0.0,0.0,0.08680647730289351,0.17623347670412315
2021-04-08,0.00015933212694771554,0.0,0.0,0.08680647730289351,0.17623347670412315
2021-04-08,2.6636974301292718e-05,0.0,0.0,0.08680647730289351,0.17623347670412315
2021-04-08,0.012387717932065476,0.0,0.0,0.08680647730289351,0.17623347670412315
2021-04-08,0.0002561691193387952,0.0,0.0,0.08680647730289351,0.17623347670412315
2021-04-08,0.0026671391690577216,0.0,0.0,0.08680647730289351,0.17623347670412315
2021-04-08,0.0,0.0,0.0,0.08680647730289351,0.17623347670412315
2021-04-08,0.0,0.0,0.0,0.08680647730289351,0.17623347670412315
2021-04-08,0.0010224941265574582,0.0,0.0,0.08680647730289351,0.17623347670412315
2021-04-08,0.006319381768426827,0.0,0.0,0.08680647730289351,0.17623347670412315
2021-04-08,0.0,0.0,0.0,0.08680647730289351,0.17623347670412315
2021-04-09,0.0,0.0,0.0,,
2021-04-09,0.0,0.0,0.0,,
2021-04-09,0.0019304467573190668,0.0,0.0,,
2021-04-09,0.0,0.0,0.0,,
2021-04-09,0.004015156862116182,0.0,0.0,,
2021-04-09,0.0,0.0,0.0,,
2021-04-09,0.0,0.0,0.0,,
2021-04-09,3.762585162936248e-05,0.0,0.0,,
2021-04-09,0.0,0.0,0.0,,
2021-04-09,0.0,0.0,0.0,,
2021-04-09,0.0,0.0,0.0,,
2021-04-09,0.0,0.0,0.0,,
2021-04-10,0.0,0.0,0.0,,
2021-04-10,0.0,0.0,0.0,,
2021-04-10,0.0,0.0,0.0,,
2021-04-10,0.0,0.0,0.0,,
2021-04-10,0.0,0.0,0.0,,
2021-04-10,0.0,0.0,0.0,,
2021-04-10,0.0,0.0,0.0,,
2021-04-10,0.0,0.0,0.0,,
2021-04-10,0.0,0.0,0.0,,
2021-04-10,0.0,0.0,0.0,,
2021-04-10,0.0,0.0,0.0,,
2021-04-10,0.0,0.0,0.0,,
2021-04-11,0.0,0.0,0.0,,
2021-04-11,0.0,0.0,0.0,,
2021-04-11,0.0,0.0,0.0,,
2021-04-11,0.0,0.0,0.0,,
2021-04-11,0.0,0.0,0.0,,
2021-04-11,0.0,0.0,0.0,,
2021-04-11,0.0,0.0,0.0,,
2021-04-11,0.0,0.0,0.0,,
2021-04-11,0.0,0.0,0.0,,
2021-04-11,0.0,0.0,0.0,,
2021-04-11,0.0,0.0,0.0,,
2021-04-11,0.0,0.0,0.0,,
2021-04-12,0.0,0.0,0.0,,
2021-04-12,0.0,0.0,0.0,,
2021-04-12,0.0,0.0,0.0,,
2021-04-12,0.0,0.0,0.0,,
2021-04-12,0.0,0.0,0.0,,
2021-04-12,0.0,0.0,0.0,,
2021-04-12,3.805110822379394e-05,0.0,0.0,,
2021-04-12,0.0,0.0,0.0,,
2021-04-12,0.0,0.0,0.0,,
2021-04-12,0.0,0.0,0.0,,
2021-04-12,0.0,0.0,0.0,,
2021-04-12,0.0,0.0,0.0,,
2021-04-13,0.011289867657645215,0.0,0.0,,
2021-04-13,0.0015303172023256038,0.0,0.0,,
2021-04-13,0.0,0.0,0.0,,
2021-04-13,0.024678807224148114,0.0,0.0,,
2021-04-13,0.0,0.0,0.0,,
2021-04-13,0.0025951302648280538,0.0,0.0,,
2021-04-13,0.0,0.0,0.0,,
2021-04-13,0.00012773584333865439,0.0,0.0,,
2021-04-13,0.011495399256375891,0.0,0.0,,
2021-04-13,0.0,0.0,0.0,,
2021-04-13,0.0009063987430915146,0.0,0.0,,
2021-04-13,0.007908212058756208,0.0,0.0,,
2021-04-14,0.0,0.0,0.0,,
2021-04-14,0.0,0.0,0.0,,
2021-04-14,0.0,0.0,0.0,,
2021-04-14,0.0,0.0,0.0,,
2021-04-14,0.0,0.0,0.0,,
2021-04-14,0.0,0.0,0.0,,
2021-04-14,0.0,0.0,0.0,,
2021-04-14,0.0,0.0,0.0,,
2021-04-14,0.0,0.0,0.0,,
2021-04-14,0.0,0.0,0.0,,
2021-04-14,0.0,0.0,0.0,,
2021-04-14,0.0,0.0,0.0,,
2021-04-15,0.001800769882509825,0.0,0.0,0.0753915582691797,0.15571869299885144
2021-04-15,0.0010224941265574582,0.0,0.0,0.0753915582691797,0.15571869299885144
2021-04-15,0.0,0.0,0.0,0.0753915582691797,0.15571869299885144
2021-04-15,0.0015989644618761515,0.0,0.0,0.0753915582691797,0.15571869299885144
2021-04-15,0.0,0.0,0.0,0.0753915582691797,0.15571869299885144
2021-04-15,0.0,0.0,0.0,0.0753915582691797,0.15571869299885144
2021-04-15,0.0,0.0,0.0,0.0753915582691797,0.15571869299885144
2021-04-15,0.0,0.0,0.0,0.0753915582691797,0.15571869299885144
2021-04-15,0.0,0.0,0.0,0.0753915582691797,0.15571869299885144
2021-04-15,0.0001572270753376986,0.0,0.0,0.0753915582691797,0.15571869299885144
2021-04-15,0.0,0.0,0.0,0.0753915582691797,0.15571869299885144
2021-04-15,0.0004295726230829265,0.0,0.0,0.0753915582691797,0.15571869299885144
2021-04-16,0.0,0.0,0.0,,
2021-04-16,0.0,0.0,0.0,,
2021-04-16,0.0,0.0,0.0,,
2021-04-16,0.0,0.0,0.0,,
2021-04-16,0.0,0.0,0.0,,
2021-04-16,0.0,0.0,0.0,,
2021-04-16,0.0,0.0,0.0,,
2021-04-16,0.0,0.0,0.0,,
2021-04-16,0.0,0.0,0.0,,
2021-04-16,0.0,0.0,0.0,,
2021-04-16,0.0008281312146159081,0.0,0.0,,
2021-04-16,0.0,0.0,0.0,,
2021-04-17,0.010179672993560755,0.0,0.0,,
2021-04-17,0.08704806991961787,0.0,0.0,,
2021-04-17,0.05076336387080688,0.0,0.0,,
2021-04-17,0.037618290598951276,0.0,0.0,,
2021-04-17,0.02311542346175764,0.0,0.0,,
2021-04-17,0.054524381587247595,0.0,0.0,,
2021-04-17,0.03388943331506437,0.0,0.0,,
2021-04-17,0.06831600292393802,0.0,0.0,,
2021-04-17,0.005883955555143885,0.0,0.0,,
2021-04-17,0.04888769046456916,0.0,0.0,,
2021-04-17,0.026657280812711223,0.0,0.0,,
2021-04-17,0.014927554473825985,0.0,0.0,,
2021-04-18,0.23051654519513948,0.0,0.0,,
2021-04-18,0.031086999502752982,0.0,0.0,,
2021-04-18,0.14212824323587311,0.0,0.0,,
2021-04-18,0.19342766331278521,0.0,0.0,,
2021-04-18,0.06301690085284846,0.0,0.0,,
2021-04-18,0.06457621317298994,0.0,0.0,,
2021-04-18,0.09700987833640952,0.0,0.0,,
2021-04-18,0.22634407155656885,0.0,0.0,,
2021-04-18,0.0839755669336406,0.0,0.0,,
2021-04-18,0.21838904102168674,0.0,0.0,,
2021-04-18,0.10383804303438286,0.0,0.0,,
2021-04-18,0.1655863640575244,0.0,0.0,,
2021-04-19,0.001698869506413737,0.0,0.0,,
2021-04-19,0.01352346531792023,0.0,0.0,,
2021-04-19,0.012496196615267002,0.0,0.0,,
2021-04-19,0.0013362998969773602,0.0,0.0,,
2021-04-19,0.015411709467537874,0.0,0.0,,
2021-04-19,0.0049427171278281406,0.0,0.0,,
2021-04-19,0.024614425987560428,0.0,0.0,,
2021-04-19,0.005600268100830186,0.0,0.0,,
2021-04-19,0.0,0.0,0.0,,
2021-04-19,0.01600236449071082,0.0,0.0,,
2021-04-19,6.362237735665713e-05,0.0,0.0,,
2021-04-19,0.010298202524005063,0.0,0.0,,
2021-04-20,0.0,0.0,0.0,,
2021-04-20,0.0,0.0,0.0,,
2021-04-20,0.0,0.0,0.0,,
2021-04-20,0.0,0.0,0.0,,
2021-04-20,0.0,0.0,0.0,,
2021-04-20,0.0,0.0,0.0,,
2021-04-20,0.0,0.0,0.0,,
2021-04-20,0.0,0.0,0.0,,
2021-04-20,0.0,0.0,0.0,,
2021-04-20,0.0,0.0,0.0,,
2021-04-20,0.0,0.0,0.0,,
2021-04-20,0.0,0.0,0.0,,
2021-04-21,0.11924477431206426,0.0,0.0,,
2021-04-21,0.07812717543718503,0.0,0.0,,
2021-04-21,0.20798884337640067,0.0,0.0,,
2021-04-21,0.17807807059139522,0.0,0.0,,
2021-04-21,0.11529548699206456,0.0,0.0,,
2021-04-21,0.051399010501168685,0.0,0.0,,
2021-04-21,0.016016129799004193,0.0,0.0,,
2021-04-21,0.17357670380996293,0.0,0.0,,
2021-04-21,0.1422199820636268,0.0,0.0,,
2021-04-21,0.15155583643888743,0.0,0.0,,
2021-04-21,0.12139660090815883,0.0,0.0,,
2021-04-21,0.11209429671266545,0.0,0.0,,
2021-04-22,0.2921357158608915,0.0,0.0,0.07618794796920625,0.15695723647172777
2021-04-22,0.2221298343293304,0.0,0.0,0.07618794796920625,0.15695723647172777
2021-04-22,0.234829866153791,0.0,0.0,0.07618794796920625,0.15695723647172777
2021-04-22,0.037627271039398794,0.0,0.0,0.07618794796920625,0.15695723647172777
2021-04-22,0.13460213823028722,0.0,0.0,0.07618794796920625,0.15695723647172777
2021-04-22,0.05448546923909182,0.0,0.0,0.07618794796920625,0.15695723647172777
2021-04-22,0.07064138193022203,0.0,0.0,0.07618794796920625,0.15695723647172777
2021-04-22,0.15039153195469193,0.0,0.0,0.07618794796920625,0.15695723647172777
2021-04-22,0.2257914999976973,0.0,0.0,0.07618794796920625,0.15695723647172777
2021-04-22,0.23044075293436675,0.0,0.0,0.07618794796920625,0.15695723647172777
2021-04-22,0.13488053469773212,0.0,0.0,0.07618794796920625,0.15695723647172777
2021-04-22,0.12893428876017834,0.0,0.0,0.07618794796920625,0.15695723647172777
2021-04-23,0.2881422386166099,0.0,0.0,,
2021-04-23,0.18482844724353392,0.0,0.0,,
2021-04-23,0.243196459702386,0.0,0.0,,
2021-04-23,0.26575551887324084,0.0,0.0,,
2021-04-23,0.15070816116309035,0.0,0.0,,
2021-04-23,0.19706067247302034,0.0,0.0,,
2021-04-23,0.2466359027931321,0.0,0.0,,
2021-04-23,0.21670219930404966,0.0,0.0,,
2021-04-23,0.24170481148349623,0.0,0.0,,
2021-04-23,0.28706329189001056,0.0,0.0,,
2021-04-23,0.033583382239507624,0.0,0.0,,
2021-04-23,0.3321220647799179,0.0,0.0,,
2021-04-24,0.08822576039818085,0.0,0.0,,
2021-04-24,0.21010039572593542,0.0,0.0,,
2021-04-24,0.08094444747273637,0.0,0.0,,
2021-04-24,0.12468703297019151,0.0,0.0,,
2021-04-24,0.013649610900766988,0.0,0.0,,
2021-04-24,0.06544793896376173,0.0,0.0,,
2021-04-24,0.06742736092043608,0.0,0.0,,
2021-04-24,0.07197885003338599,0.0,0.0,,
2021-04-24,0.1609835971604958,0.0,0.0,,
2021-04-24,0.09080807683256419,0.0,0.0,,
2021-04-24,0.05019666839353348,0.0,0.0,,
2021-04-24,0.1317791646762496,0.0,0.0,,
2021-04-25,0.0,0.0,0.0,,
2021-04-25,0.0007217725301254703,0.0,0.0,,
2021-04-25,0.00017161567311814276,0.0,0.0,,
2021-04-25,0.0,0.0,0.0,,
2021-04-25,0.0,0.0,0.0,,
2021-04-25,0.0,0.0,0.0,,
2021-04-25,0.0,0.0,0.0,,
2021-04-25,0.0,0.0,0.0,,
2021-04-25,0.0,0.0,0.0,,
2021-04-25,2.096697892724928e-05,0.0,0.0,,
2021-04-25,0.0,0.0,0.0,,
2021-04-25,0.0,0.0,0.0,,
2021-04-26,0.0,0.0,0.0,,
2021-04-26,0.0,0.0,0.0,,
2021-04-26,0.0,0.0,0.0,,
2021-04-26,0.0,0.0,0.0,,
2021-04-26,0.0,0.0,0.0,,
2021-04-26,0.0,0.0,0.0,,
2021-04-26,0.0,0.0,0.0,,
2021-04-26,0.0,0.0,0.0,,
2021-04-26,0.0,0.0,0.0,,
2021-04-26,0.0,0.0,0.0,,
2021-04-26,0.0,0.0,0.0,,
2021-04-26,0.0,0.0,0.0,,
2021-04-27,0.0,0.0,0.0,,
2021-04-27,0.0,0.0,0.0,,
2021-04-27,0.0,0.0,0.0,,
2021-04-27,0.0,0.0,0.0,,
2021-04-27,0.0,0.0,0.0,,
2021-04-27,0.0,0.0,0.0,,
2021-04-27,0.0,0.0,0.0,,
2021-04-27,0.0,0.0,0.0,,
2021-04-27,0.0,0.0,0.0,,
2021-04-27,0.0,0.0,0.0,,
2021-04-27,0.0,0.0,0.0,,
2021-04-27,0.0,0.0,0.0,,
2021-04-28,0.0,0.0,0.0,,
2021-04-28,7.999839352444861e-05,0.0,0.0,,
2021-04-28,0.0,0.0,0.0,,
2021-04-28,0.0,0.0,0.0,,
2021-04-28,0.0,0.0,0.0,,
2021-04-28,0.0,0.0,0.0,,
2021-04-28,0.0,0.0,0.0,,
2021-04-28,0.0,0.0,0.0,,
2021-04-28,0.0,0.0,0.0,,
2021-04-28,0.0,0.0,0.0,,
2021-04-28,0.00014593085229299525,0.0,0.0,,
2021-04-28,0.0,0.0,0.0,,
2021-04-29,0.0,0.0,0.0,0.06928590390230951,0.14412142229828717
2021-04-29,0.0,0.0,0.0,0.06928590390230951,0.14412142229828717
2021-04-29,0.0011375603812905342,0.0,0.0,0.06928590390230951,0.14412142229828717
2021-04-29,3.007691772657995e-05,0.0,0.0,0.06928590390230951,0.14412142229828717
2021-04-29,0.0,0.0,0.0,0.06928590390230951,0.14412142229828717
2021-04-29,0.00014593085229299525,0.0,0.0,0.06928590390230951,0.14412142229828717
2021-04-29,0.00022352313275186277,0.0,0.0,0.06928590390230951,0.14412142229828717
2021-04-29,0.005474837526214531,0.0,0.0,0.06928590390230951,0.14412142229828717
2021-04-29,0.0,0.0,0.0,0.06928590390230951,0.14412142229828717
2021-04-29,0.0,0.0,0.0,0.06928590390230951,0.14412142229828717
2021-04-29,0.00014638320802794417,0.0,0.0,0.06928590390230951,0.14412142229828717
2021-04-29,0.0,0.0,0.0,0.06928590390230951,0.14412142229828717
2021-04-30,0.00441829048825943,0.0,0.0,,
2021-04-30,0.0011590697224901408,0.0,0.0,,
2021-04-30,0.014655768780626193,0.0,0.0,,
2021-04-30,9.689522592664512e-05,0.0,0.0,,
2021-04-30,0.000349159514603749,0.0,0.0,,
2021-04-30,0.0019414928871345823,0.0,0.0,,
2021-04-30,0.0005427564223223054,0.0,0.0,,
2021-04-30,0.00036394432625220944,0.0,0.0,,
2021-04-30,0.0,0.0,0.0,,
2021-04-30,0.0008424973778619895,0.0,0.0,,
2021-04-30,0.0009339336910982595,0.0,0.0,,
2021-04-30,0.0025569264740492336,0.0,0.0,,
2021-05-01,0.0,0.0,0.0,,
2021-05-01,0.0,0.0,0.0,,
2021-05-01,0.0,0.0,0.0,,
2021-05-01,0.0013746152680970541,0.0,0.0,,
2021-05-01,0.0,0.0,0.0,,
2021-05-01,0.0,0.0,0.0,,
2021-05-01,0.0,0.0,0.0,,
2021-05-01,0.0,0.0,0.0,,
2021-05-01,0.0,0.0,0.0,,
2021-05-01,0.00481637379899904,0.0,0.0,,
2021-05-01,0.0,0.0,0.0,,
2021-05-01,0.0,0.0,0.0,,
2021-05-02,0.026225413332972604,0.0,0.0,,
2021-05-02,0.02403062761150382,0.0,0.0,,
2021-05-02,0.002914022880811301,0.0,0.0,,
2021-05-02,0.01092599942740849,0.0,0.0,,
2021-05-02,0.01851764522218385,0.0,0.0,,
2021-05-02,0.009820098033510145,0.0,0.0,,
2021-05-02,0.025834130360889322,0.0,0.0,,
2021-05-02,0.022935899707828323,0.0,0.0,,
2021-05-02,0.017487632648256694,0.0,0.0,,
2021-05-02,0.04401764480940323,0.0,0.0,,
2021-05-02,0.0013969843036150977,0.0,0.0,,
2021-05-02,0.0008069668136373003,0.0,0.0,,
2021-05-03,0.023772158739523905,0.0,0.0,,
2021-05-03,0.025728346579852276,0.0,0.0,,
2021-05-03,0.037883245309623746,0.0,0.0,,
2021-05-03,0.011685307858156939,0.0,0.0,,
2021-05-03,0.021347668699072588,0.0,0.0,,
2021-05-03,0.05948597156349469,0.0,0.0,,
2021-05-03,0.0015940628030281794,0.0,0.0,,
2021-05-03,0.0,0.0,0.0,,
2021-05-03,0.05700141815688616,0.0,0.0,,
2021-05-03,0.00261648806185866,0.0,0.0,,
2021-05-03,0.02565044071569156,0.0,0.0,,
2021-05-03,0.015368268073716237,0.0,0.0,,
2021-05-04,0.0037497281756294406,0.0,0.0,,
2021-05-04,0.11151751594040304,0.0,0.0,,
2021-05-04,0.025348547220259757,0.0,0.0,,
2021-05-04,0.026418375400750753,0.0,0.0,,
2021-05-04,0.09550196174824523,0.0,0.0,,
2021-05-04,0.02551535024150887,0.0,0.0,,
2021-05-04,0.007583681590607598,0.0,0.0,,
2021-05-04,0.025154163743328375,0.0,0.0,,
2021-05-04,0.007217729410550601,0.0,0.0,,
2021-05-04,0.027916747658667574,0.0,0.0,,
2021-05-04,0.042972668521373304,0.0,0.0,,
2021-05-04,0.012807349622315724,0.0,0.0,,
2021-05-05,0.186589243700305,0.0,0.0,,
2021-05-05,0.06185435687801434,0.0,0.0,,
2021-05-05,0.09654963543733577,0.0,0.0,,
2021-05-05,0.06485382909633829,0.0,0.0,,
2021-05-05,0.07593992219392509,0.0,0.0,,
2021-05-05,0.002758699436798414,0.0,0.0,,
2021-05-05,0.0029236615305058503,0.0,0.0,,
2021-05-05,0.02115408857097895,0.0,0.0,,
2021-05-05,0.10018634361174115,0.0,0.0,,
2021-05-05,0.03166977751472361,0.0,0.0,,
2021-05-05,0.014356685858485298,0.0,0.0,,
2021-05-05,0.06300095693284642,0.0,0.0,,
2021-05-06,0.007652939006557651,0.0,0.0,0.050438014335014575,0.10921701533541928
2021-05-06,0.002236474028576147,0.0,0.0,0.050438014335014575,0.10921701533541928
2021-05-06,0.014991365573373314,0.0,0.0,0.050438014335014575,0.10921701533541928
2021-05-06,0.0012218504808772102,0.0,0.0,0.050438014335014575,0.10921701533541928
2021-05-06,0.0,0.0,0.0,0.050438014335014575,0.10921701533541928
2021-05-06,0.0024405796923749994,0.0,0.0,0.050438014335014575,0.10921701533541928
2021-05-06,0.0006263056732406071,0.0,0.0,0.050438014335014575,0.10921701533541928
2021-05-06,0.007776529819783163,0.0,0.0,0.050438014335014575,0.10921701533541928
2021-05-06,0.00036825421872533726,0.0,0.0,0.050438014335014575,0.10921701533541928
2021-05-06,0.0038160685190365613,0.0,0.0,0.050438014335014575,0.10921701533541928
2021-05-06,2.3323030773206448e-07,0.0,0.0,0.050438014335014575,0.10921701533541928
2021-05-06,0.0,0.0,0.0,0.050438014335014575,0.10921701533541928
2021-05-07,0.03267987633892151,0.0,0.0,,
2021-05-07,0.04005535228978926,0.0,0.0,,
2021-05-07,0.03650708874088908,0.0,0.0,,
2021-05-07,0.06508018078517819,0.0,0.0,,
2021-05-07,0.06348732197808266,0.0,0.0,,
2021-05-07,0.015103405091042969,0.0,0.0,,
2021-05-07,0.06311989707820473,0.0,0.0,,
2021-05-07,0.07131643407052325,0.0,0.0,,
2021-05-07,0.09336311108691439,0.0,0.0,,
2021-05-07,0.0968151040969058,0.0,0.0,,
2021-05-07,0.02818482844215319,0.0,0.0,,
2021-05-07,0.028412819203256542,0.0,0.0,,
2021-05-08,0.0010557191721695322,0.0,0.0,,
2021-05-08,0.00017433166781719546,0.0,0.0,,
2021-05-08,0.009457272990610947,0.0,0.0,,
2021-05-08,0.1731224698306231,0.0,0.0,,
2021-05-08,0.03674681241176768,0.0,0.0,,
2021-05-08,0.015523796547530996,0.0,0.0,,
2021-05-08,0.04929629862613132,0.0,0.0,,
2021-05-08,0.01935946405718825,0.0,0.0,,
2021-05-08,0.0021438152460860364,0.0,0.0,,
2021-05-08,0.06836289759788627,0.0,0.0,,
2021-05-08,0.01685588041797892,0.0,0.0,,
2021-05-08,0.026935735791346803,0.0,0.0,,
2021-05-09,0.0002517015650286747,0.0,0.0,,
2021-05-09,0.0,0.0,0.0,,
2021-05-09,0.01005313994298252,0.0,0.0,,
2021-05-09,0.0,0.0,0.0,,
2021-05-09,0.006331560897758689,0.0,0.0,,
2021-05-09,0.02217817527182104,0.0,0.0,,
2021-05-09,3.852190025925881e-05,0.0,0.0,,
2021-05-09,0.0018525864193442135,0.0,0.0,,
2021-05-09,0.0005790784054693944,0.0,0.0,,
2021-05-09,0.00805508790102304,0.0,0.0,,
2021-05-09,0.007992953320160782,0.0,0.0,,
2021-05-09,0.0040972086171209374,0.0,0.0,,
2021-05-10,0.0011645638788714621,0.0,0.0,0.04292805946376427,0.09435449366090864
2021-05-10,0.006077715548229606,0.0,0.0,0.04292805946376427,0.09435449366090864
2021-05-10,0.013078882501266069,0.0,0.0,0.04292805946376427,0.09435449366090864
2021-05-10,0.0323975316710839,0.0,0.0,0.04292805946376427,0.09435449366090864
2021-05-10,0.004435427566388933,0.0,0.0,0.04292805946376427,0.09435449366090864
2021-05-10,0.013831359653321731,0.0,0.0,0.04292805946376427,0.09435449366090864
2021-05-10,0.04645664606013962,0.0,0.0,0.04292805946376427,0.09435449366090864
2021-05-10,0.014835828649587485,0.0,0.0,0.04292805946376427,0.09435449366090864
2021-05-10,0.015761197818365182,0.0,0.0,0.04292805946376427,0.09435449366090864
2021-05-10,0.03519975530771837,0.0,0.0,0.04292805946376427,0.09435449366090864
2021-05-10,0.008991330377809257,0.0,0.0,0.04292805946376427,0.09435449366090864
2021-05-10,0.0006081011499705383,0.0,0.0,0.04292805946376427,0.09435449366090864
2021-05-11,0.032387229286805264,0.0,0.0,,
2021-05-11,0.0007344558348943844,0.0,0.0,,
2021-05-11,0.012937486497631113,0.0,0.0,,
2021-05-11,0.03279385551829646,0.0,0.0,,
2021-05-11,0.053085359094042855,0.0,0.0,,
2021-05-11,0.013093951252303853,0.0,0.0,,
2021-05-11,0.04173483953392025,0.0,0.0,,
2021-05-11,0.020980210489834436,0.0,0.0,,
2021-05-11,0.034075110748856316,0.0,0.0,,
2021-05-11,0.03235683707317021,0.0,0.0,,
2021-05-11,0.02260045199737473,0.0,0.0,,
2021-05-11,0.04458662267661705,0.0,0.0,,
2021-05-12,0.0034522195303002224,0.0,0.0,,
2021-05-12,0.0241018208852839,0.0,0.0,,
2021-05-12,0.0019980196581163546,0.0,0.0,,
2021-05-12,0.03877937905007206,0.0,0.0,,
2021-05-12,0.003627454169615179,0.0,0.0,,
2021-05-12,0.028842769002320856,0.0,0.0,,
2021-05-12,0.0,0.0,0.0,,
2021-05-12,0.005327927384284189,0.0,0.0,,
2021-05-12,0.003749919942771354,0.0,0.0,,
2021-05-12,0.035932502619546565,0.0,0.0,,
2021-05-12,7.172651045389328e-05,0.0,0.0,,
2021-05-12,0.031186733520986738,0.0,0.0,,
2021-05-13,0.04215968072851434,0.0,0.0,0.036116272896203866,0.08084311032044589
2021-05-13,0.13002543195104468,0.0,0.0,0.036116272896203866,0.08084311032044589
2021-05-13,0.017299434800038035,0.0,0.0,0.036116272896203866,0.08084311032044589
2021-05-13,0.09476725055392939,0.0,0.0,0.036116272896203866,0.08084311032044589
2021-05-13,0.07330551958255714,0.0,0.0,0.036116272896203866,0.08084311032044589
2021-05-13,0.11921031240540753,0.0,0.0,0.036116272896203866,0.08084311032044589
2021-05-13,0.15444917992669813,0.0,0.0,0.036116272896203866,0.08084311032044589
2021-05-13,0.04786699245201568,0.0,0.0,0.036116272896203866,0.08084311032044589
2021-05-13,0.06257638890462268,0.0,0.0,0.036116272896203866,0.08084311032044589
2021-05-13,0.14844432450853526,0.0,0.0,0.036116272896203866,0.08084311032044589
2021-05-13,0.11777542929666164,0.0,0.0,0.036116272896203866,0.08084311032044589
2021-05-13,0.020425508992198214,0.0,0.0,0.036116272896203866,0.08084311032044589
2021-05-14,0.03448507102610688,0.0,0.0,,
2021-05-14,0.13720865341971827,0.0,0.0,,
2021-05-14,0.12482729804746842,0.0,0.0,,
2021-05-14,0.008221976032824136,0.0,0.0,,
2021-05-14,0.048903969764200604,0.0,0.0,,
2021-05-14,0.06130798305361911,0.0,0.0,,
2021-05-14,0.021970323660880052,0.0,0.0,,
2021-05-14,0.10579013980224469,0.0,0.0,,
2021-05-14,0.09640346093341257,0.0,0.0,,
2021-05-14,0.01830870570291935,0.0,0.0,,
2021-05-14,0.10531595537642283,0.0,0.0,,
2021-05-14,0.014075408691319274,0.0,0.0,,
2021-05-15,0.0,0.0,0.0,,
2021-05-15,0.0003696920095311379,0.0,0.0,,
2021-05-15,0.0,0.0,0.0,,
2021-05-15,0.0,0.0,0.0,,
2021-05-15,0.00954496608698051,0.0,0.0,,
2021-05-15,0.010769090443040887,0.0,0.0,,
2021-05-15,0.0006298575024274092,0.0,0.0,,
2021-05-15,0.007566568853577672,0.0,0.0,,
2021-05-15,0.029778328345684692,0.0,0.0,,
2021-05-15,0.0019873975817230483,0.0,0.0,,
2021-05-15,0.01530960087786111,0.0,0.0,,
2021-05-15,0.0,0.0,0.0,,
2021-05-16,0.0010661735078446902,0.0,0.0,,
2021-05-16,0.010718332484893303,0.0,0.0,,
2021-05-16,8.798196876499754e-06,0.0,0.0,,
2021-05-16,0.0007554536705615536,0.0,0.0,,
2021-05-16,0.011502386558740415,0.0,0.0,,
2021-05-16,0.0,0.0,0.0,,
2021-05-16,0.005693709500575132,0.0,0.0,,
2021-05-16,0.0007500063083245139,0.0,0.0,,
2021-05-16,0.01734392301847938,0.0,0.0,,
2021-05-16,0.0015960536088080915,0.0,0.0,,
2021-05-16,0.00017989587658737472,0.0,0.0,,
2021-05-16,0.0,0.0,0.0,,
2021-05-17,0.00023784722199084296,0.0,0.0,,
2021-05-17,0.0,0.0,0.0,,
2021-05-17,0.0,0.0,0.0,,
2021-05-17,0.0,0.0,0.0,,
2021-05-17,0.0,0.0,0.0,,
2021-05-17,0.0,0.0,0.0,,
2021-05-17,0.0,0.0,0.0,,
2021-05-17,0.0,0.0,0.0,,
2021-05-17,0.0,0.0,0.0,,
2021-05-17,0.0,0.0,0.0,,
2021-05-17,0.0,0.0,0.0,,
2021-05-17,0.0,0.0,0.0,,
2021-05-18,0.002806684592007705,0.0,0.0,,
2021-05-18,0.0,0.0,0.0,,
2021-05-18,0.0,0.0,0.0,,
2021-05-18,0.0,0.0,0.0,,
2021-05-18,0.0,0.0,0.0,,
2021-05-18,0.0,0.0,0.0,,
2021-05-18,0.0001630048286670168,0.0,0.0,,
2021-05-18,0.0,0.0,0.0,,
2021-05-18,0.0,0.0,0.0,,
2021-05-18,0.0,0.0,0.0,,
2021-05-18,0.0,0.0,0.0,,
2021-05-18,0.0,0.0,0.0,,
2021-05-19,0.0013107727472443766,0.0,0.0,,
2021-05-19,0.00040123104065275346,0.0,0.0,,
2021-05-19,0.004138237743188316,0.0,0.0,,
2021-05-19,1.3624176191681372e-05,0.0,0.0,,
2021-05-19,0.0009245578882584563,0.0,0.0,,
2021-05-19,0.008382943502201406,0.0,0.0,,
2021-05-19,0.01042429208530211,0.0,0.0,,
2021-05-19,0.09523070601538873,0.0,0.0,,
2021-05-19,0.0018182133160526703,0.0,0.0,,
2021-05-19,0.019551075008836464,0.0,0.0,,
2021-05-19,0.020205755083343404,0.0,0.0,,
2021-05-19,0.012428836296491075,0.0,0.0,,
2021-05-20,0.005592577340687892,0.0,0.0,0.02480222989116007,0.05809894836399643
2021-05-20,0.09667696826425576,0.0,0.0,0.02480222989116007,0.05809894836399643
2021-05-20,0.05578187864591725,0.0,0.0,0.02480222989116007,0.05809894836399643
2021-05-20,0.023562896788614132,0.0,0.0,0.02480222989116007,0.05809894836399643
2021-05-20,0.0065965759058698465,0.0,0.0,0.02480222989116007,0.05809894836399643
2021-05-20,0.01123798119799436,0.0,0.0,0.02480222989116007,0.05809894836399643
2021-05-20,0.030433013538301162,0.0,0.0,0.02480222989116007,0.05809894836399643
2021-05-20,0.00012307125569435497,0.0,0.0,0.02480222989116007,0.05809894836399643
2021-05-20,0.18037961133153965,0.0,0.0,0.02480222989116007,0.05809894836399643
2021-05-20,0.2803512340519152,0.0,0.0,0.02480222989116007,0.05809894836399643
2021-05-20,0.0,0.0,0.0,0.02480222989116007,0.05809894836399643
2021-05-20,0.20888925924380927,0.0,0.0,0.02480222989116007,0.05809894836399643
2021-05-21,0.009678747519040366,0.0,0.0,,
2021-05-21,0.05743371336434985,0.0,0.0,,
2021-05-21,0.000317114364459184,0.0,0.0,,
2021-05-21,0.027146871099917237,0.0,0.0,,
2021-05-21,0.1868619030723865,0.0,0.0,,
2021-05-21,0.0,0.0,0.0,,
2021-05-21,0.15960562946586987,0.0,0.0,,
2021-05-21,0.0017456635396331669,0.0,0.0,,
2021-05-21,0.008046252211449055,0.0,0.0,,
2021-05-21,0.0197407953789509,0.0,0.0,,
2021-05-21,0.0637432051311497,0.0,0.0,,
2021-05-21,0.06413241132617019,0.0,0.0,,
2021-05-22,0.0,0.0,0.0,,
2021-05-22,0.0,0.0,0.0,,
2021-05-22,0.0,0.0,0.0,,
2021-05-22,0.0,0.0,0.0,,
2021-05-22,0.0075243353058397884,0.0,0.0,,
2021-05-22,0.026827770418436054,0.0,0.0,,
2021-05-22,0.05591520489015986,0.0,0.0,,
2021-05-22,0.0,0.0,0.0,,
2021-05-22,0.0030564875142487058,0.0,0.0,,
2021-05-22,0.0,0.0,0.0,,
2021-05-22,0.005966110310946052,0.0,0.0,,
2021-05-22,0.0,0.0,0.0,,
2021-05-23,0.0,0.0,0.0,,
2021-05-23,0.0,0.0,0.0,,
2021-05-23,0.0,0.0,0.0,,
2021-05-23,0.0,0.0,0.0,,
2021-05-23,0.0,0.0,0.0,,
2021-05-23,0.0,0.0,0.0,,
2021-05-23,0.0,0.0,0.0,,
2021-05-23,0.0,0.0,0.0,,
2021-05-23,0.0,0.0,0.0,,
2021-05-23,0.0,0.0,0.0,,
2021-05-23,0.0,0.0,0.0,,
2021-05-23,0.0,0.0,0.0,,
2021-05-24,0.004666049915032348,0.0,0.0,,
2021-05-24,0.0418413272725143,0.0,0.0,,
2021-05-24,0.0680865744645806,0.0,0.0,,
2021-05-24,0.05164066960413946,0.0,0.0,,
2021-05-24,0.00192829895607447,0.0,0.0,,
2021-05-24,0.032053708604748626,0.0,0.0,,
2021-05-24,0.004674267007490928,0.0,0.0,,
2021-05-24,0.07047257791324979,0.0,0.0,,
2021-05-24,0.06977710396061046,0.0,0.0,,
2021-05-24,0.022191890222729316,0.0,0.0,,
2021-05-24,0.0,0.0,0.0,,
2021-05-24,0.026698388940917757,0.0,0.0,,
2021-05-25,0.0012893319405855935,0.0,0.0,,
2021-05-25,0.0,0.0,0.0,,
2021-05-25,0.0,0.0,0.0,,
2021-05-25,0.0,0.0,0.0,,
2021-05-25,0.011691555302156379,0.0,0.0,,
2021-05-25,0.0,0.0,0.0,,
2021-05-25,0.005811521394319786,0.0,0.0,,
2021-05-25,0.000919055161588843,0.0,0.0,,
2021-05-25,0.0,0.0,0.0,,
2021-05-25,0.0014868671919398212,0.0,0.0,,
2021-05-25,0.0,0.0,0.0,,
2021-05-25,0.0029751016040070123,0.0,0.0,,
2021-05-26,0.0,0.0,0.0,,
2021-05-26,0.0,0.0,0.0,,
2021-05-26,0.0,0.0,0.0,,
2021-05-26,0.0,0.0,0.0,,
2021-05-26,0.0,0.0,0.0,,
2021-05-26,0.0,0.0,0.0,,
2021-05-26,0.0,0.0,0.0,,
2021-05-26,0.0,0.0,0.0,,
2021-05-26,0.0,0.0,0.0,,
2021-05-26,0.0,0.0,0.0,,
2021-05-26,0.0,0.0,0.0,,
2021-05-26,0.0,0.0,0.0,,
2021-05-27,0.0,0.0,0.0,0.0029200955667640083,0.014412142229828007
2021-05-27,0.0,0.0,0.0,0.0029200955667640083,0.014412142229828007
2021-05-27,0.0,0.0,0.0,0.0029200955667640083,0.014412142229828007
2021-05-27,0.0,0.0,0.0,0.0029200955667640083,0.014412142229828007
2021-05-27,0.0,0.0,0.0,0.0029200955667640083,0.014412142229828007
2021-05-27,0.0,0.0,0.0,0.0029200955667640083,0.014412142229828007
2021-05-27,0.0,0.0,0.0,0.0029200955667640083,0.014412142229828007
2021-05-27,0.0,0.0,0.0,0.0029200955667640083,0.014412142229828007
2021-05-27,0.0,0.0,0.0,0.0029200955667640083,0.014412142229828007
2021-05-27,0.0,0.0,0.0,0.0029200955667640083,0.014412142229828007
2021-05-27,0.0,0.0,0.0,0.0029200955667640083,0.014412142229828007
2021-05-27,0.0,0.0,0.0,0.0029200955667640083,0.014412142229828007
2021-05-28,0.0,0.0,0.0,,
2021-05-28,0.0,0.0,0.0,,
2021-05-28,0.0,0.0,0.0,,
2021-05-28,0.004614883498425592,0.0,0.0,,
2021-05-28,0.0,0.0,0.0,,
2021-05-28,0.0,0.0,0.0,,
2021-05-28,0.0,0.0,0.0,,
2021-05-28,0.0,0.0,0.0,,
2021-05-28,0.0,0.0,0.0,,
2021-05-28,0.0,0.0,0.0,,
2021-05-28,0.0,0.0,0.0,,
2021-05-28,0.0,0.0,0.0,,
2021-05-29,1.105116462850773e-05,0.0,0.0,,
2021-05-29,0.0047117918111639475,0.0,0.0,,
2021-05-29,0.0019429609053286789,0.0,0.0,,
2021-05-29,0.007539597758350212,0.0,0.0,,
2021-05-29,0.0,0.0,0.0,,
2021-05-29,0.0005828211595775537,0.0,0.0,,
2021-05-29,5.689542295072412e-06,0.0,0.0,,
2021-05-29,0.00012054123440020576,0.0,0.0,,
2021-05-29,0.00028790996871796645,0.0,0.0,,
2021-05-29,0.0,0.0,0.0,,
2021-05-29,0.0036197800317598963,0.0,0.0,,
2021-05-29,0.0,0.0,0.0,,
2021-05-30,0.08658698636411231,0.0,0.0,,
2021-05-30,0.014810366508175197,0.0,0.0,,
2021-05-30,0.008869088764893292,0.0,0.0,,
2021-05-30,0.0036689918488154644,0.0,0.0,,
2021-05-30,0.038037486046719186,0.0,0.0,,
2021-05-30,0.033404436433982936,0.0,0.0,,
2021-05-30,0.07348910344115105,0.0,0.0,,
2021-05-30,0.06377123469400191,0.0,0.0,,
2021-05-30,0.025033380847159708,0.0,0.0,,
2021-05-30,0.16899540576276104,0.0,0.0,,
2021-05-30,0.020838047019659477,0.0,0.0,,
2021-05-30,0.02082868295237643,0.0,0.0,,
2021-05-31,0.0,0.0,0.0,,
2021-05-31,0.0,0.0,0.0,,
2021-05-31,6.258121690156513e-05,0.0,0.0,,
2021-05-31,0.006272239370573149,0.0,0.0,,
2021-05-31,0.012906895242289787,0.0,0.0,,
2021-05-31,0.013640380950166058,0.0,0.0,,
2021-05-31,0.03230406362570181,0.0,0.0,,
2021-05-31,0.0021157963637010893,0.0,0.0,,
2021-05-31,0.0,0.0,0.0,,
2021-05-31,0.020368846197969113,0.0,0.0,,
2021-05-31,0.0002820736023910741,0.0,0.0,,
2021-05-31,0.005035224125514808,0.0,0.0,,
2021-06-01,0.05331538561329138,0.0,0.0,0.36395274754446505,0.0
2021-06-01,0.08240985482013079,0.0,0.0,0.36395274754446505,0.0
2021-06-01,0.21168344893856295,0.0,0.0,0.36395274754446505,0.0
2021-06-01,0.02648532631704007,0.0,0.0,0.36395274754446505,0.0
2021-06-01,0.042634202681165266,0.0,0.0,0.36395274754446505,0.0
2021-06-01,0.11514227457850211,0.0,0.0,0.36395274754446505,0.0
2021-06-01,0.08912691317155501,0.0,0.0,0.36395274754446505,0.0
2021-06-01,0.1311586165708105,0.0,0.0,0.36395274754446505,0.0
2021-06-01,0.11946883598470287,0.0,0.0,0.36395274754446505,0.0
2021-06-01,0.11103468644450791,0.0,0.0,0.36395274754446505,0.0
2021-06-01,0.08611573430037579,0.0,0.0,0.36395274754446505,0.0
2021-06-01,0.041356416001764075,0.0,0.0,0.36395274754446505,0.0
2021-06-02,0.00503928394326909,0.0,0.0,,
2021-06-02,0.00998206258096331,0.0,0.0,,
2021-06-02,0.015564925842313476,0.0,0.0,,
2021-06-02,0.010436695634018969,0.0,0.0,,
2021-06-02,0.012380942934067184,0.0,0.0,,
2021-06-02,5.416421275064317e-05,0.0,0.0,,
2021-06-02,0.0011048733017446203,0.0,0.0,,
2021-06-02,0.008650737301346455,0.0,0.0,,
2021-06-02,0.0037774958819301995,0.0,0.0,,
2021-06-02,0.0019534568892730746,0.0,0.0,,
2021-06-02,0.015516052088886899,0.0,0.0,,
2021-06-02,0.0,0.0,0.0,,
2021-06-03,0.12866443666654687,0.0,0.0,0.0,0.00923277861598315
2021-06-03,0.005065088146544214,0.0,0.0,0.0,0.00923277861598315
2021-06-03,0.06978986205641576,0.0,0.0,0.0,0.00923277861598315
2021-06-03,0.0005017119234159927,0.0,0.0,0.0,0.00923277861598315
2021-06-03,0.038457965205207056,0.0,0.0,0.0,0.00923277861598315
2021-06-03,0.011986851304513381,0.0,0.0,0.0,0.00923277861598315
2021-06-03,0.08214926270087478,0.0,0.0,0.0,0.00923277861598315
2021-06-03,0.022720513665837418,0.0,0.0,0.0,0.00923277861598315
2021-06-03,0.016842803814720836,0.0,0.0,0.0,0.00923277861598315
2021-06-03,0.001487446806275219,0.0,0.0,0.0,0.00923277861598315
2021-06-03,0.042184862993557344,0.0,0.0,0.0,0.00923277861598315
2021-06-03,0.1322184556267937,0.0,0.0,0.0,0.00923277861598315
2021-06-04,0.004547758594177739,0.0,0.0,,
2021-06-04,0.0011942018793713004,0.0,0.0,,
2021-06-04,0.003946593546966076,0.0,0.0,,
2021-06-04,0.011638604979116113,0.0,0.0,,
2021-06-04,0.0010499995320585572,0.0,0.0,,
2021-06-04,0.0023717229512853558,0.0,0.0,,
2021-06-04,0.009480895740839932,0.0,0.0,,
2021-06-04,0.0007232353746790103,0.0,0.0,,
2021-06-04,0.008389099736491216,0.0,0.0,,
2021-06-04,0.0008134364835462236,0.0,0.0,,
2021-06-04,0.003003551036944169,0.0,0.0,,
2021-06-04,0.0010402641102966413,0.0,0.0,,
2021-06-05,0.00022856090739887538,0.0,0.0,,
2021-06-05,0.0013957083857490684,0.0,0.0,,
2021-06-05,0.003459105618115328,0.0,0.0,,
2021-06-05,0.0022747462243233978,0.0,0.0,,
2021-06-05,0.0014137639933186846,0.0,0.0,,
2021-06-05,0.0007465427457029833,0.0,0.0,,
2021-06-05,0.00389221290204296,0.0,0.0,,
2021-06-05,0.000914478683171909,0.0,0.0,,
2021-06-05,0.0020624463468485337,0.0,0.0,,
2021-06-05,0.006988146824831467,0.0,0.0,,
2021-06-05,0.01271184689238829,0.0,0.0,,
2021-06-05,0.04492900911829807,0.0,0.0,,
2021-06-06,0.003799352514164225,0.0,0.0,,
2021-06-06,0.01627287130438988,0.0,0.0,,
2021-06-06,0.004650337179945267,0.0,0.0,,
2021-06-06,0.003143009405756275,0.0,0.0,,
2021-06-06,0.003534919304608807,0.0,0.0,,
2021-06-06,0.009438147216880506,0.0,0.0,,
2021-06-06,0.02231942018479037,0.0,0.0,,
2021-06-06,0.002091114646068121,0.0,0.0,,
2021-06-06,0.0007592964082813967,0.0,0.0,,
2021-06-06,0.003956060744618929,0.0,0.0,,
2021-06-06,2.3137927354371477e-07,0.0,0.0,,
2021-06-06,0.00365665722335661,0.0,0.0,,
2021-06-07,0.00018380935157872558,0.0,0.0,,
2021-06-07,0.02222394907978205,0.0,0.0,,
2021-06-07,0.0,0.0,0.0,,
2021-06-07,0.0,0.0,0.0,,
2021-06-07,0.03859559682539936,0.0,0.0,,
2021-06-07,4.4581399502385734e-05,0.0,0.0,,
2021-06-07,0.015577268427219342,0.0,0.0,,
2021-06-07,0.00025293245648807253,0.0,0.0,,
2021-06-07,0.004076717881524838,0.0,0.0,,
2021-06-07,0.002493598938673268,0.0,0.0,,
2021-06-07,0.027842597663192244,0.0,0.0,,
2021-06-07,0.006278062002226364,0.0,0.0,,
2021-06-08,0.002024172892398035,0.0,0.0,,
2021-06-08,0.0,0.0,0.0,,
2021-06-08,0.0,0.0,0.0,,
2021-06-08,0.04866477543356885,0.0,0.0,,
2021-06-08,0.0,0.0,0.0,,
2021-06-08,0.0006280468300395365,0.0,0.0,,
2021-06-08,0.0,0.0,0.0,,
2021-06-08,0.0,0.0,0.0,,
2021-06-08,0.0,0.0,0.0,,
2021-06-08,0.0,0.0,0.0,,
2021-06-08,0.0,0.0,0.0,,
2021-06-08,0.0004388508301451491,0.0,0.0,,
2021-06-09,0.0,0.0,0.0,,
2021-06-09,0.0,0.0,0.0,,
2021-06-09,0.0,0.0,0.0,,
2021-06-09,8.338279666891442e-06,0.0,0.0,,
2021-06-09,0.0,0.0,0.0,,
2021-06-09,0.0,0.0,0.0,,
2021-06-09,0.0,0.0,0.0,,
2021-06-09,0.0,0.0,0.0,,
2021-06-09,0.0,0.0,0.0,,
2021-06-09,0.0,0.0,0.0,,
2021-06-09,0.0,0.0,0.0,,
2021-06-09,0.0,0.0,0.0,,
2021-06-10,0.010662765317800284,0.0,0.0,0.012314839394743815,0.03332807890647871
2021-06-10,0.06132268489266008,0.0,0.0,0.012314839394743815,0.03332807890647871
2021-06-10,0.012623790910021271,0.0,0.0,0.012314839394743815,0.03332807890647871
2021-06-10,0.00615241481958999,0.0,0.0,0.012314839394743815,0.03332807890647871
2021-06-10,0.026249671515472934,0.0,0.0,0.012314839394743815,0.03332807890647871
2021-06-10,0.1194350978324138,0.0,0.0,0.012314839394743815,0.03332807890647871
2021-06-10,0.08081584539167343,0.0,0.0,0.012314839394743815,0.03332807890647871
2021-06-10,0.0007572009357733044,0.0,0.0,0.012314839394743815,0.03332807890647871
2021-06-10,0.00519480997371872,0.0,0.0,0.012314839394743815,0.03332807890647871
2021-06-10,0.0026910045806136274,0.0,0.0,0.012314839394743815,0.03332807890647871
2021-06-10,0.12919779384268137,0.0,0.0,0.012314839394743815,0.03332807890647871
2021-06-10,0.1301040594408837,0.0,0.0,0.012314839394743815,0.03332807890647871
2021-06-11,0.00210734853057576,0.0,0.0,,
2021-06-11,0.04358656809146987,0.0,0.0,,
2021-06-11,0.004936222126516351,0.0,0.0,,
2021-06-11,0.009360214531234402,0.0,0.0,,
2021-06-11,0.028859603954650138,0.0,0.0,,
2021-06-11,0.15132420662786633,0.0,0.0,,
2021-06-11,0.012161475583815072,0.0,0.0,,
2021-06-11,0.22878841125469065,0.0,0.0,,
2021-06-11,0.04559321041289065,0.0,0.0,,
2021-06-11,0.017788661275729506,0.0,0.0,,
2021-06-11,0.05700586332293778,0.0,0.0,,
2021-06-11,0.023927815767663046,0.0,0.0,,
2021-06-12,0.1561380454725651,0.0,0.0,,
2021-06-12,0.1395622979957135,0.0,0.0,,
2021-06-12,0.0312518041660027,0.0,0.0,,
2021-06-12,0.12899929217563258,0.0,0.0,,
2021-06-12,0.05882057198340994,0.0,0.0,,
2021-06-12,0.09972733896198771,0.0,0.0,,
2021-06-12,0.09783473563611167,0.0,0.0,,
2021-06-12,0.15787870489860797,0.0,0.0,,
2021-06-12,0.048875368426142776,0.0,0.0,,
2021-06-12,0.43181707533725433,0.0,0.0,,
2021-06-12,0.035981610704646214,0.0,0.0,,
2021-06-12,0.0221541206475504,0.0,0.0,,
2021-06-13,0.04071541088657178,0.0,0.0,,
2021-06-13,0.1132199034761193,0.0,0.0,,
2021-06-13,0.03183920913409257,0.0,0.0,,
2021-06-13,0.07002984190117086,0.0,0.0,,
2021-06-13,0.01833535556041859,0.0,0.0,,
2021-06-13,0.18072865113050726,0.0,0.0,,
2021-06-13,0.04162069401135798,0.0,0.0,,
2021-06-13,0.12752833870407201,0.0,0.0,,
2021-06-13,0.047615898155773176,0.0,0.0,,
2021-06-13,0.04091105102135846,0.0,0.0,,
2021-06-13,0.02665696914482976,0.0,0.0,,
2021-06-13,0.0795140505211942,0.0,0.0,,
2021-06-14,0.0004590532208905586,0.0,0.0,,
2021-06-14,0.0,0.0,0.0,,
2021-06-14,0.03849857887590603,0.0,0.0,,
2021-06-14,0.015868413152222816,0.0,0.0,,
2021-06-14,0.008266625096881279,0.0,0.0,,
2021-06-14,0.004911983694550808,0.0,0.0,,
2021-06-14,0.02293078429155228,0.0,0.0,,
2021-06-14,0.025530054218494327,0.0,0.0,,
2021-06-14,0.026024844273604356,0.0,0.0,,
2021-06-14,0.018157919495398602,0.0,0.0,,
2021-06-14,0.03452990774801004,0.0,0.0,,
2021-06-14,0.0014602057469665585,0.0,0.0,,
2021-06-15,0.00047358464446897584,0.0,0.0,,
2021-06-15,0.004553993349337819,0.0,0.0,,
2021-06-15,0.0009649144688190107,0.0,0.0,,
2021-06-15,0.0013696761350619386,0.0,0.0,,
2021-06-15,0.0014809420222477428,0.0,0.0,,
2021-06-15,0.0010651861476982827,0.0,0.0,,
2021-06-15,0.0007357899770408085,0.0,0.0,,
2021-06-15,0.001486118865093326,0.0,0.0,,
2021-06-15,0.06918809512692742,0.0,0.0,,
2021-06-15,0.07390149644008365,0.0,0.0,,
2021-06-15,0.008723210259847142,0.0,0.0,,
2021-06-15,0.0006059252130062784,0.0,0.0,,
2021-06-16,0.07296291820804135,0.0,0.0,,
2021-06-16,0.16337164191115755,0.0,0.0,,
2021-06-16,0.12234906813459898,0.0,0.0,,
2021-06-16,0.13686543521582473,0.0,0.0,,
2021-06-16,0.03439923257344234,0.0,0.0,,
2021-06-16,0.04432889900323586,0.0,0.0,,
2021-06-16,0.06501667158930699,0.0,0.0,,
2021-06-16,0.007690673486128357,0.0,0.0,,
2021-06-16,0.012233948431253708,0.0,0.0,,
2021-06-16,0.025642355472398216,0.0,0.0,,
2021-06-16,0.04577105271512879,0.0,0.0,,
2021-06-16,0.0275460420228149,0.0,0.0,,
2021-06-17,0.10876915415008453,0.0,0.0,0.05601274223520039,0.1197784133132167
2021-06-17,0.03235088684973039,0.0,0.0,0.05601274223520039,0.1197784133132167
2021-06-17,0.10084248238448505,0.0,0.0,0.05601274223520039,0.1197784133132167
2021-06-17,0.13678627860786294,0.0,0.0,0.05601274223520039,0.1197784133132167
2021-06-17,0.11602094903129975,0.0,0.0,0.05601274223520039,0.1197784133132167
2021-06-17,0.08135628542981244,0.0,0.0,0.05601274223520039,0.1197784133132167
2021-06-17,0.1889949380619527,0.0,0.0,0.05601274223520039,0.1197784133132167
2021-06-17,0.38520781558981565,0.0,0.0,0.05601274223520039,0.1197784133132167
2021-06-17,0.1250495667158405,0.0,0.0,0.05601274223520039,0.1197784133132167
2021-06-17,0.17799926364379162,0.0,0.0,0.05601274223520039,0.1197784133132167
2021-06-17,0.06570507771959459,0.0,0.0,0.05601274223520039,0.1197784133132167
2021-06-17,0.07680696719124827,0.0,0.0,0.05601274223520039,0.1197784133132167
2021-06-18,0.08032986111342491,0.0,0.0,,
2021-06-18,0.14025129984433393,0.0,0.0,,
2021-06-18,0.006864784494010994,0.0,0.0,,
2021-06-18,0.0004166701743764536,0.0,0.0,,
2021-06-18,0.003639226015894579,0.0,0.0,,
2021-06-18,0.07154453810566375,0.0,0.0,,
2021-06-18,0.05275599338215295,0.0,0.0,,
2021-06-18,0.02438235816631933,0.0,0.0,,
2021-06-18,0.13047201366249817,0.0,0.0,,
2021-06-18,0.049926955590224684,0.0,0.0,,
2021-06-18,0.06674362716139154,0.0,0.0,,
2021-06-18,0.18958323633914184,0.0,0.0,,
2021-06-19,0.002854733422793075,0.0,0.0,,
2021-06-19,0.04171282115831885,0.0,0.0,,
2021-06-19,0.008353033297869,0.0,0.0,,
2021-06-19,0.024950677250465524,0.0,0.0,,
2021-06-19,0.0003304930564968065,0.0,0.0,,
2021-06-19,0.04251657696443928,0.0,0.0,,
2021-06-19,0.025275904725537757,0.0,0.0,,
2021-06-19,0.07826173001845983,0.0,0.0,,
2021-06-19,0.06543416454838016,0.0,0.0,,
2021-06-19,0.01278569267964994,0.0,0.0,,
2021-06-19,0.010778747603077319,0.0,0.0,,
2021-06-19,0.04196562193223476,0.0,0.0,,
2021-06-20,0.006562770496253529,0.0,0.0,,
2021-06-20,0.010075963027931794,0.0,0.0,,
2021-06-20,0.0042929488650916975,0.0,0.0,,
2021-06-20,0.006137009985529799,0.0,0.0,,
2021-06-20,0.06448720109444396,0.0,0.0,,
2021-06-20,0.018160613897783846,0.0,0.0,,
2021-06-20,0.021390098604517172,0.0,0.0,,
2021-06-20,0.007835751455908728,0.0,0.0,,
2021-06-20,0.09648519630965385,0.0,0.0,,
2021-06-20,0.024828242500642347,0.0,0.0,,
2021-06-20,0.004691537535930239,0.0,0.0,,
2021-06-20,0.053208591343435745,0.0,0.0,,
2021-06-21,0.003204162040747126,0.0,0.0,,
2021-06-21,0.0015220806647528748,0.0,0.0,,
2021-06-21,0.004766714670276687,0.0,0.0,,
2021-06-21,0.01099940172538895,0.0,0.0,,
2021-06-21,0.0094561731153514,0.0,0.0,,
2021-06-21,0.00609714277213279,0.0,0.0,,
2021-06-21,0.018641833808390153,0.0,0.0,,
2021-06-21,0.009919862492001125,0.0,0.0,,
2021-06-21,0.006611959129105888,0.0,0.0,,
2021-06-21,0.002164026022016319,0.0,0.0,,
2021-06-21,0.00578179152699318,0.0,0.0,,
2021-06-21,0.001316347090426737,0.0,0.0,,
2021-06-22,0.0,0.0,0.0,,
2021-06-22,0.00013225876208134845,0.0,0.0,,
2021-06-22,0.010540506925259402,0.0,0.0,,
2021-06-22,0.0,0.0,0.0,,
2021-06-22,0.00026138933191541155,0.0,0.0,,
2021-06-22,0.0,0.0,0.0,,
2021-06-22,0.0005322986807442407,0.0,0.0,,
2021-06-22,0.0,0.0,0.0,,
2021-06-22,4.27312260449336e-05,0.0,0.0,,
2021-06-22,0.0,0.0,0.0,,
2021-06-22,0.0,0.0,0.0,,
2021-06-22,0.0,0.0,0.0,,
2021-06-23,0.0,0.0,0.0,,
2021-06-23,0.00034860067812711535,0.0,0.0,,
2021-06-23,0.002177738779449084,0.0,0.0,,
2021-06-23,0.00018066985876772032,0.0,0.0,,
2021-06-23,0.0,0.0,0.0,,
2021-06-23,0.0,0.0,0.0,,
2021-06-23,0.0,0.0,0.0,,
2021-06-23,0.0,0.0,0.0,,
2021-06-23,4.408293450580504e-06,0.0,0.0,,
2021-06-23,0.0,0.0,0.0,,
2021-06-23,0.0,0.0,0.0,,
2021-06-23,0.0,0.0,0.0,,
2021-06-24,0.007982130582406287,0.0,0.0,0.06663127156888768,0.13916724840678185
2021-06-24,0.0005250531683656125,0.0,0.0,0.06663127156888768,0.13916724840678185
2021-06-24,0.0019636257306901925,0.0,0.0,0.06663127156888768,0.13916724840678185
2021-06-24,0.00660678706192851,0.0,0.0,0.06663127156888768,0.13916724840678185
2021-06-24,0.020070885807746228,0.0,0.0,0.06663127156888768,0.13916724840678185
2021-06-24,0.00678304635972877,0.0,0.0,0.06663127156888768,0.13916724840678185
2021-06-24,0.04659578088668595,0.0,0.0,0.06663127156888768,0.13916724840678185
2021-06-24,0.005884543924870995,0.0,0.0,0.06663127156888768,0.13916724840678185
2021-06-24,0.008328720685708358,0.0,0.0,0.06663127156888768,0.13916724840678185
2021-06-24,0.0,0.0,0.0,0.06663127156888768,0.13916724840678185
2021-06-24,0.00145848907009477,0.0,0.0,0.06663127156888768,0.13916724840678185
2021-06-24,0.00033324564614176284,0.0,0.0,0.06663127156888768,0.13916724840678185
2021-06-25,0.04753682172535726,0.0,0.0,,
2021-06-25,0.015780835958358958,0.0,0.0,,
2021-06-25,0.003851538406360556,0.0,0.0,,
2021-06-25,0.00470043961284539,0.0,0.0,,
2021-06-25,0.10382455473335578,0.0,0.0,,
2021-06-25,0.04578453519465335,0.0,0.0,,
2021-06-25,0.0018605888936438254,0.0,0.0,,
2021-06-25,0.09050576065347549,0.0,0.0,,
2021-06-25,0.0037425031449441065,0.0,0.0,,
2021-06-25,0.0024548039831057147,0.0,0.0,,
2021-06-25,0.007518942289966519,0.0,0.0,,
2021-06-25,0.02502463458104736,0.0,0.0,,
2021-06-26,0.07941494562320522,0.0,0.0,,
2021-06-26,0.027321773413809192,0.0,0.0,,
2021-06-26,0.03357303457893274,0.0,0.0,,
2021-06-26,0.02044122355980914,0.0,0.0,,
2021-06-26,0.00435722238074479,0.0,0.0,,
2021-06-26,0.0075985634519785536,0.0,0.0,,
2021-06-26,0.0037883936050796645,0.0,0.0,,
2021-06-26,0.007823572604231995,0.0,0.0,,
2021-06-26,0.06623291241852469,0.0,0.0,,
2021-06-26,0.010509861203237082,0.0,0.0,,
2021-06-26,0.1091046214259695,0.0,0.0,,
2021-06-26,0.050864938899878843,0.0,0.0,,
2021-06-27,0.00012124459037109489,0.0,0.0,,
2021-06-27,0.0009242103195689097,0.0,0.0,,
2021-06-27,0.0,0.0,0.0,,
2021-06-27,0.001174574780796459,0.0,0.0,,
2021-06-27,0.00023341887258483167,0.0,0.0,,
2021-06-27,0.0015380586900598295,0.0,0.0,,
2021-06-27,0.0,0.0,0.0,,
2021-06-27,0.0003078915681053897,0.0,0.0,,
2021-06-27,0.00012743238479381633,0.0,0.0,,
2021-06-27,0.0,0.0,0.0,,
2021-06-27,1.4747689157813059e-05,0.0,0.0,,
2021-06-27,0.0059702994512039025,0.0,0.0,,
2021-06-28,0.0,0.0,0.0,,
2021-06-28,0.0,0.0,0.0,,
2021-06-28,0.0,0.0,0.0,,
2021-06-28,0.0,0.0,0.0,,
2021-06-28,2.070051330066539e-05,0.0,0.0,,
2021-06-28,0.0,0.0,0.0,,
2021-06-28,0.0,0.0,0.0,,
2021-06-28,0.0,0.0,0.0,,
2021-06-28,0.0,0.0,0.0,,
2021-06-28,0.0,0.0,0.0,,
2021-06-28,0.0,0.0,0.0,,
2021-06-28,0.0,0.0,0.0,,
2021-06-29,0.0,0.0,0.0,,
2021-06-29,0.0,0.0,0.0,,
2021-06-29,0.0,0.0,0.0,,
2021-06-29,0.0,0.0,0.0,,
2021-06-29,0.0,0.0,0.0,,
2021-06-29,0.0,0.0,0.0,,
2021-06-29,0.0,0.0,0.0,,
2021-06-29,0.0,0.0,0.0,,
2021-06-29,0.017883210797091306,0.0,0.0,,
2021-06-29,0.0,0.0,0.0,,
2021-06-29,0.0,0.0,0.0,,
2021-06-29,0.0,0.0,0.0,,
2021-06-30,0.0,0.0,0.0,,
2021-06-30,0.0,0.0,0.0,,
2021-06-30,0.0,0.0,0.0,,
2021-06-30,0.0,0.0,0.0,,
2021-06-30,0.0,0.0,0.0,,
2021-06-30,0.0,0.0,0.0,,
2021-06-30,0.0,0.0,0.0,,
2021-06-30,0.0,0.0,0.0,,
2021-06-30,0.0,0.0,0.0,,
2021-06-30,0.0,0.0,0.0,,
2021-06-30,0.0,0.0,0.0,,
2021-06-30,0.0,0.0,0.0,,
2021-07-01,4.695283344244809e-05,0.0,0.0,0.0708786833023626,0.14932330488436563
2021-07-01,0.0,0.0,0.0,0.0708786833023626,0.14932330488436563
2021-07-01,0.004700663328837393,0.0,0.0,0.0708786833023626,0.14932330488436563
2021-07-01,0.0,0.0,0.0,0.0708786833023626,0.14932330488436563
2021-07-01,0.0,0.0,0.0,0.0708786833023626,0.14932330488436563
2021-07-01,0.0,0.0,0.0,0.0708786833023626,0.14932330488436563
2021-07-01,0.005826412122144504,0.0,0.0,0.0708786833023626,0.14932330488436563
2021-07-01,0.0,0.0,0.0,0.0708786833023626,0.14932330488436563
2021-07-01,0.0,0.0,0.0,0.0708786833023626,0.14932330488436563
2021-07-01,0.0,0.0,0.0,0.0708786833023626,0.14932330488436563
2021-07-01,0.0,0.0,0.0,0.0708786833023626,0.14932330488436563
2021-07-01,0.0001101773402554904,0.0,0.0,0.0708786833023626,0.14932330488436563
2021-07-02,0.03078143870136654,0.0,0.0,0.0755986195911866,0.15605647758236252
2021-07-02,0.0006114619061532478,0.0,0.0,0.0755986195911866,0.15605647758236252
2021-07-02,0.0,0.0,0.0,0.0755986195911866,0.15605647758236252
2021-07-02,0.012213855010890968,0.0,0.0,0.0755986195911866,0.15605647758236252
2021-07-02,0.0005575763388341479,0.0,0.0,0.0755986195911866,0.15605647758236252
2021-07-02,0.02060776901890612,0.0,0.0,0.0755986195911866,0.15605647758236252
2021-07-02,0.008005293332129125,0.0,0.0,0.0755986195911866,0.15605647758236252
2021-07-02,0.022523520952603796,0.0,0.0,0.0755986195911866,0.15605647758236252
2021-07-02,0.0065418830562653536,0.0,0.0,0.0755986195911866,0.15605647758236252
2021-07-02,0.0297625454471467,0.0,0.0,0.0755986195911866,0.15605647758236252
2021-07-02,0.00048080970291982284,0.0,0.0,0.0755986195911866,0.15605647758236252
2021-07-02,0.004519671075445088,0.0,0.0,0.0755986195911866,0.15605647758236252
2021-07-03,0.047055221417970076,0.0,0.0,0.079981417573666,0.16416330758664088
2021-07-03,0.04013447552360463,0.0,0.0,0.079981417573666,0.16416330758664088
2021-07-03,0.019868640544368717,0.0,0.0,0.079981417573666,0.16416330758664088
2021-07-03,0.14283136005314512,0.0,0.0,0.079981417573666,0.16416330758664088
2021-07-03,0.14551977628637733,0.0,0.0,0.079981417573666,0.16416330758664088
2021-07-03,0.00999469335338196,0.0,0.0,0.079981417573666,0.16416330758664088
2021-07-03,0.17864767823597094,0.0,0.0,0.079981417573666,0.16416330758664088
2021-07-03,0.015673415844589065,0.0,0.0,0.079981417573666,0.16416330758664088
2021-07-03,0.04551580330989198,0.0,0.0,0.079981417573666,0.16416330758664088
2021-07-03,0.06417898079192189,0.0,0.0,0.079981417573666,0.16416330758664088
2021-07-03,0.08760280830836548,0.0,0.0,0.079981417573666,0.16416330758664088
2021-07-03,0.036989058190769274,0.0,0.0,0.079981417573666,0.16416330758664088
2021-07-04,0.0,0.0,0.0,0.08351738784178389,0.17091899925687493
2021-07-04,0.00307862560548624,0.0,0.0,0.08351738784178389,0.17091899925687493
2021-07-04,0.0002841705001954914,0.0,0.0,0.08351738784178389,0.17091899925687493
2021-07-04,0.0019433651619402434,0.0,0.0,0.08351738784178389,0.17091899925687493
2021-07-04,0.0022058251320301965,0.0,0.0,0.08351738784178389,0.17091899925687493
2021-07-04,0.0,0.0,0.0,0.08351738784178389,0.17091899925687493
2021-07-04,0.003405527017050853,0.0,0.0,0.08351738784178389,0.17091899925687493
2021-07-04,0.00012327968214396315,0.0,0.0,0.08351738784178389,0.17091899925687493
2021-07-04,0.001061292497283089,0.0,0.0,0.08351738784178389,0.17091899925687493
2021-07-04,0.0010062470997070818,0.0,0.0,0.08351738784178389,0.17091899925687493
2021-07-04,0.00015911296449981497,0.0,0.0,0.08351738784178389,0.17091899925687493
2021-07-04,0.00023446636357684784,0.0,0.0,0.08351738784178389,0.17091899925687493
2021-07-05,0.15381119887382488,0.0,0.0,0.08693920891956464,0.1772243114824228
2021-07-05,0.00771061527902556,0.0,0.0,0.08693920891956464,0.1772243114824228
2021-07-05,0.03154811075898517,0.0,0.0,0.08693920891956464,0.1772243114824228
2021-07-05,0.04934770983275432,0.0,0.0,0.08693920891956464,0.1772243114824228
2021-07-05,0.09061977167063848,0.0,0.0,0.08693920891956464,0.1772243114824228
2021-07-05,0.048239601746958675,0.0,0.0,0.08693920891956464,0.1772243114824228
2021-07-05,0.039524648376805166,0.0,0.0,0.08693920891956464,0.1772243114824228
2021-07-05,0.005110014328929694,0.0,0.0,0.08693920891956464,0.1772243114824228
2021-07-05,0.01333549617423071,0.0,0.0,0.08693920891956464,0.1772243114824228
2021-07-05,0.15327599880805245,0.0,0.0,0.08693920891956464,0.1772243114824228
2021-07-05,0.02661057667496715,0.0,0.0,0.08693920891956464,0.1772243114824228
2021-07-05,0.06641644654908511,0.0,0.0,0.08693920891956464,0.1772243114824228
2021-07-06,1.1808487501158193e-06,0.0,0.0,0.08984868595699494,0.18262886481860896
2021-07-06,0.0035795504784205175,0.0,0.0,0.08984868595699494,0.18262886481860896
2021-07-06,2.6083107851454714e-05,0.0,0.0,0.08984868595699494,0.18262886481860896
2021-07-06,0.0006025373576830512,0.0,0.0,0.08984868595699494,0.18262886481860896
2021-07-06,0.013765130270159033,0.0,0.0,0.08984868595699494,0.18262886481860896
2021-07-06,0.004871374882816579,0.0,0.0,0.08984868595699494,0.18262886481860896
2021-07-06,0.003817444207645343,0.0,0.0,0.08984868595699494,0.18262886481860896
2021-07-06,0.0004669616533982314,0.0,0.0,0.08984868595699494,0.18262886481860896
2021-07-06,0.031071295014023215,0.0,0.0,0.08984868595699494,0.18262886481860896
2021-07-06,0.0014267160219758924,0.0,0.0,0.08984868595699494,0.18262886481860896
2021-07-06,0.0,0.0,0.0,0.08984868595699494,0.18262886481860896
2021-07-06,0.0,0.0,0.0,0.08984868595699494,0.18262886481860896
2021-07-07,0.0,0.0,0.0,0.09537032121051234,0.19298759204629867
2021-07-07,0.0011179449719965922,0.0,0.0,0.09537032121051234,0.19298759204629867
2021-07-07,0.033275736100025266,0.0,0.0,0.09537032121051234,0.19298759204629867
2021-07-07,0.0,0.0,0.0,0.09537032121051234,0.19298759204629867
2021-07-07,0.0,0.0,0.0,0.09537032121051234,0.19298759204629867
2021-07-07,0.0,0.0,0.0,0.09537032121051234,0.19298759204629867
2021-07-07,0.0,0.0,0.0,0.09537032121051234,0.19298759204629867
2021-07-07,0.0007446843814192477,0.0,0.0,0.09537032121051234,0.19298759204629867
2021-07-07,0.0,0.0,0.0,0.09537032121051234,0.19298759204629867
2021-07-07,0.0,0.0,0.0,0.09537032121051234,0.19298759204629867
2021-07-07,0.0,0.0,0.0,0.09537032121051234,0.19298759204629867
2021-07-07,0.0,0.0,0.0,0.09537032121051234,0.19298759204629867
2021-07-08,0.027815845239888625,0.0,0.0,0.09993628882399785,0.20131961177291835
2021-07-08,8.280203469231969e-06,0.0,0.0,0.09993628882399785,0.20131961177291835
2021-07-08,0.0022967780384330083,0.0,0.0,0.09993628882399785,0.20131961177291835
2021-07-08,0.0016669082821592718,0.0,0.0,0.09993628882399785,0.20131961177291835
2021-07-08,0.017571088699603613,0.0,0.0,0.09993628882399785,0.20131961177291835
2021-07-08,9.197375175768653e-05,0.0,0.0,0.09993628882399785,0.20131961177291835
2021-07-08,0.0024429359385795464,0.0,0.0,0.09993628882399785,0.20131961177291835
2021-07-08,0.010768378600078244,0.0,0.0,0.09993628882399785,0.20131961177291835
2021-07-08,0.09500138842372399,0.0,0.0,0.09993628882399785,0.20131961177291835
2021-07-08,0.0,0.0,0.0,0.09993628882399785,0.20131961177291835
2021-07-08,0.03473557585125693,0.0,0.0,0.09993628882399785,0.20131961177291835
2021-07-08,0.00031023551418775505,0.0,0.0,0.09993628882399785,0.20131961177291835
2021-07-09,0.24807611752820238,0.0,0.0,,
2021-07-09,0.0611876766229057,0.0,0.0,,
2021-07-09,0.08777233389548501,0.0,0.0,,
2021-07-09,0.03402524515578059,0.0,0.0,,
2021-07-09,0.029335547649640456,0.0,0.0,,
2021-07-09,0.005219793567262295,0.0,0.0,,
2021-07-09,0.2511045872521763,0.0,0.0,,
2021-07-09,0.01819836682291024,0.0,0.0,,
2021-07-09,0.006918337328679567,0.0,0.0,,
2021-07-09,0.0072224946666892345,0.0,0.0,,
2021-07-09,0.022649748906471937,0.0,0.0,,
2021-07-09,0.0028617849190232516,0.0,0.0,,
2021-07-10,0.062410983858433966,0.0,0.0,,
2021-07-10,0.0469220588144049,0.0,0.0,,
2021-07-10,0.006333790690562659,0.0,0.0,,
2021-07-10,0.025529483507633375,0.0,0.0,,
2021-07-10,0.010646372845938558,0.0,0.0,,
2021-07-10,0.03431794689670194,0.0,0.0,,
2021-07-10,0.0011426965939356833,0.0,0.0,,
2021-07-10,0.10532909114798875,0.0,0.0,,
2021-07-10,0.12803741132972418,0.0,0.0,,
2021-07-10,0.07689619734938717,0.0,0.0,,
2021-07-10,0.06903236292828989,0.0,0.0,,
2021-07-10,0.07032813862430576,0.0,0.0,,
2021-07-11,0.007920500028898346,0.0,0.0,0.11635784443854527,0.23194541401130486
2021-07-11,0.09923954166053789,0.0,0.0,0.11635784443854527,0.23194541401130486
2021-07-11,0.11419007482650219,0.0,0.0,0.11635784443854527,0.23194541401130486
2021-07-11,0.042219782929368815,0.0,0.0,0.11635784443854527,0.23194541401130486
2021-07-11,0.03840303860700526,0.0,0.0,0.11635784443854527,0.23194541401130486
2021-07-11,0.2601028647278875,0.0,0.0,0.11635784443854527,0.23194541401130486
2021-07-11,0.22252488769146225,0.0,0.0,0.11635784443854527,0.23194541401130486
2021-07-11,0.2669139001405853,0.0,0.0,0.11635784443854527,0.23194541401130486
2021-07-11,0.12028729361135392,0.0,0.0,0.11635784443854527,0.23194541401130486
2021-07-11,0.007046524990953255,0.0,0.0,0.11635784443854527,0.23194541401130486
2021-07-11,0.045231556399005196,0.0,0.0,0.11635784443854527,0.23194541401130486
2021-07-11,0.06514316863727025,0.0,0.0,0.11635784443854527,0.23194541401130486
2021-07-12,0.2505353511101622,0.0,0.0,,
2021-07-12,0.3834741811161727,0.0,0.0,,
2021-07-12,0.5331825553999354,0.0,0.0,,
2021-07-12,0.2226819039802818,0.0,0.0,,
2021-07-12,0.7568262178727657,0.0,0.0,,
2021-07-12,0.24340990615671299,0.0,0.0,,
2021-07-12,0.19310721745699386,0.0,0.0,,
2021-07-12,0.09115274792244735,0.0,0.0,,
2021-07-12,0.346739134136851,0.0,0.0,,
2021-07-12,0.10291822545957736,0.0,0.0,,
2021-07-12,0.023916126384956736,0.0,0.0,,
2021-07-12,0.07260163776062062,0.0,0.0,,
2021-07-13,0.3087167512796607,0.0,0.0,,
2021-07-13,0.07545640427990498,0.0,0.0,,
2021-07-13,0.1739826489349142,0.0,0.0,,
2021-07-13,0.7294308360853399,0.0,0.0,,
2021-07-13,0.253970042873802,0.0,0.0,,
2021-07-13,0.16008757898011183,0.0,0.0,,
2021-07-13,0.2847785435469194,0.0,0.0,,
2021-07-13,0.1534077674533014,0.0,0.0,,
2021-07-13,0.6068947919331693,0.0,0.0,,
2021-07-13,0.3081341387316361,0.0,0.0,,
2021-07-13,0.0662961899667224,0.0,0.0,,
2021-07-13,1.0,0.0,0.0,,
2021-07-14,0.07759923308210652,0.0,0.0,,
2021-07-14,0.039282295682068855,0.0,0.0,,
2021-07-14,0.010664652012162271,0.0,0.0,,
2021-07-14,0.04201285178219867,0.0,0.0,,
2021-07-14,0.1029711035830291,0.0,0.0,,
2021-07-14,0.04616324318448842,0.0,0.0,,
2021-07-14,0.07544410823925378,0.0,0.0,,
2021-07-14,0.03956725113182226,0.0,0.0,,
2021-07-14,0.19269904933253412,0.0,0.0,,
2021-07-14,0.09691122959803075,0.0,0.0,,
2021-07-14,0.19747515752930295,0.0,0.0,,
2021-07-14,0.08183870087712514,0.0,0.0,,
2021-07-15,0.004722056841572664,0.0,0.0,0.2089195646402973,0.2927016010989245
2021-07-15,0.10185375835536471,0.0,0.0,0.2089195646402973,0.2927016010989245
2021-07-15,0.0039250154305912,0.0,0.0,0.2089195646402973,0.2927016010989245
2021-07-15,0.0017679262887681155,0.0,0.0,0.2089195646402973,0.2927016010989245
2021-07-15,0.12598696532081524,0.0,0.0,0.2089195646402973,0.2927016010989245
2021-07-15,0.012990878042435684,0.0,0.0,0.2089195646402973,0.2927016010989245
2021-07-15,0.04936347288820581,0.0,0.0,0.2089195646402973,0.2927016010989245
2021-07-15,0.010035500179498488,0.0,0.0,0.2089195646402973,0.2927016010989245
2021-07-15,0.007733610251009565,0.0,0.0,0.2089195646402973,0.2927016010989245
2021-07-15,0.10300664510537619,0.0,0.0,0.2089195646402973,0.2927016010989245
2021-07-15,0.0977784923325055,0.0,0.0,0.2089195646402973,0.2927016010989245
2021-07-15,0.014896745407291715,0.0,0.0,0.2089195646402973,0.2927016010989245
2021-07-16,0.0032378283266338483,0.0,0.0,0.16304220865410138,0.30242979710405926
2021-07-16,0.02195082511662959,0.0,0.0,0.16304220865410138,0.30242979710405926
2021-07-16,0.01600803157996119,0.0,0.0,0.16304220865410138,0.30242979710405926
2021-07-16,0.0,0.0,0.0,0.16304220865410138,0.30242979710405926
2021-07-16,0.07294148835024979,0.0,0.0,0.16304220865410138,0.30242979710405926
2021-07-16,0.04098159707177942,0.0,0.0,0.16304220865410138,0.30242979710405926
2021-07-16,0.004703050996347288,0.0,0.0,0.16304220865410138,0.30242979710405926
2021-07-16,0.07106369868439004,0.0,0.0,0.16304220865410138,0.30242979710405926
2021-07-16,0.02052527328409612,0.0,0.0,0.16304220865410138,0.30242979710405926
2021-07-16,0.0773652712549184,0.0,0.0,0.16304220865410138,0.30242979710405926
2021-07-16,0.030962369463403108,0.0,0.0,0.16304220865410138,0.30242979710405926
2021-07-16,0.08439262065155603,0.0,0.0,0.16304220865410138,0.30242979710405926
2021-07-17,0.007140325167399758,0.0,0.0,0.16942659941598084,0.3116625757200442
2021-07-17,3.6735393122714964e-05,0.0,0.0,0.16942659941598084,0.3116625757200442
2021-07-17,0.0007200979272607831,0.0,0.0,0.16942659941598084,0.3116625757200442
2021-07-17,0.0017500147194238656,0.0,0.0,0.16942659941598084,0.3116625757200442
2021-07-17,0.0005955801438792585,0.0,0.0,0.16942659941598084,0.3116625757200442
2021-07-17,0.0014317878463967998,0.0,0.0,0.16942659941598084,0.3116625757200442
2021-07-17,0.0029204040620308507,0.0,0.0,0.16942659941598084,0.3116625757200442
2021-07-17,0.011472230749936727,0.0,0.0,0.16942659941598084,0.3116625757200442
2021-07-17,0.026322943583943076,0.0,0.0,0.16942659941598084,0.3116625757200442
2021-07-17,0.0,0.0,0.0,0.16942659941598084,0.3116625757200442
2021-07-17,0.0008831239872899404,0.0,0.0,0.16942659941598084,0.3116625757200442
2021-07-17,0.003545540844202199,0.0,0.0,0.16942659941598084,0.3116625757200442
2021-07-18,0.001791426287664899,0.0,0.0,0.17651712237855052,0.3220213029477339
2021-07-18,0.0017458487818795658,0.0,0.0,0.17651712237855052,0.3220213029477339
2021-07-18,0.022910737656078647,0.0,0.0,0.17651712237855052,0.3220213029477339
2021-07-18,0.04696753987205385,0.0,0.0,0.17651712237855052,0.3220213029477339
2021-07-18,0.0,0.0,0.0,0.17651712237855052,0.3220213029477339
2021-07-18,0.0329589745704479,0.0,0.0,0.17651712237855052,0.3220213029477339
2021-07-18,0.06957990569928539,0.0,0.0,0.17651712237855052,0.3220213029477339
2021-07-18,0.00022911493118661937,0.0,0.0,0.17651712237855052,0.3220213029477339
2021-07-18,0.16624657964051642,0.0,0.0,0.17651712237855052,0.3220213029477339
2021-07-18,0.012228105188334806,0.0,0.0,0.17651712237855052,0.3220213029477339
2021-07-18,0.010446069141576378,0.0,0.0,0.17651712237855052,0.3220213029477339
2021-07-18,0.05023628440308079,0.0,0.0,0.17651712237855052,0.3220213029477339
2021-07-19,0.14575399189960783,0.0,0.0,0.1873931510485797,0.337784583511608
2021-07-19,0.3723993234351575,0.0,0.0,0.1873931510485797,0.337784583511608
2021-07-19,0.10505791898932584,0.0,0.0,0.1873931510485797,0.337784583511608
2021-07-19,0.38352291070180156,0.0,0.0,0.1873931510485797,0.337784583511608
2021-07-19,0.6461034217114789,0.0,0.0,0.1873931510485797,0.337784583511608
2021-07-19,0.39063541016999936,0.0,0.0,0.1873931510485797,0.337784583511608
2021-07-19,0.07695024531719077,0.0,0.0,0.1873931510485797,0.337784583511608
2021-07-19,0.8244131263712738,0.0,0.0,0.1873931510485797,0.337784583511608
2021-07-19,0.2468068613491134,0.0,0.0,0.1873931510485797,0.337784583511608
2021-07-19,0.146052882739931,0.0,0.0,0.1873931510485797,0.337784583511608
2021-07-19,0.5652310250041104,0.0,0.0,0.1873931510485797,0.337784583511608
2021-07-19,0.23636596048009428,0.0,0.0,0.1873931510485797,0.337784583511608
2021-07-20,0.23782086030234614,0.0,0.0,0.18739580568091316,0.3677348165829706
2021-07-20,0.22403184979384735,0.0,0.0,0.18739580568091316,0.3677348165829706
2021-07-20,0.1010388155649822,0.0,0.0,0.18739580568091316,0.3677348165829706
2021-07-20,0.0886518027103494,0.0,0.0,0.18739580568091316,0.3677348165829706
2021-07-20,0.18912890120078363,0.0,0.0,0.18739580568091316,0.3677348165829706
2021-07-20,0.13660490132084913,0.0,0.0,0.18739580568091316,0.3677348165829706
2021-07-20,0.27355524551103105,0.0,0.0,0.18739580568091316,0.3677348165829706
2021-07-20,0.14150351975261535,0.0,0.0,0.18739580568091316,0.3677348165829706
2021-07-20,0.16312046314296985,0.0,0.0,0.18739580568091316,0.3677348165829706
2021-07-20,0.14996672201481012,0.0,0.0,0.18739580568091316,0.3677348165829706
2021-07-20,0.0875119236125725,0.0,0.0,0.18739580568091316,0.3677348165829706
2021-07-20,0.08620081642972614,0.0,0.0,0.18739580568091316,0.3677348165829706
2021-07-21,0.11634048010599524,0.0,0.0,0.22696840987523223,0.39183011687346614
2021-07-21,0.030882890470071908,0.0,0.0,0.22696840987523223,0.39183011687346614
2021-07-21,0.10068330677173315,0.0,0.0,0.22696840987523223,0.39183011687346614
2021-07-21,0.03294582581387715,0.0,0.0,0.22696840987523223,0.39183011687346614
2021-07-21,0.08886127388365349,0.0,0.0,0.22696840987523223,0.39183011687346614
2021-07-21,0.05399235271324665,0.0,0.0,0.22696840987523223,0.39183011687346614
2021-07-21,0.1336582006619387,0.0,0.0,0.22696840987523223,0.39183011687346614
2021-07-21,0.1548111768724325,0.0,0.0,0.22696840987523223,0.39183011687346614
2021-07-21,0.025205178180773093,0.0,0.0,0.22696840987523223,0.39183011687346614
2021-07-21,0.04113736533781811,0.0,0.0,0.22696840987523223,0.39183011687346614
2021-07-21,0.03848251783171573,0.0,0.0,0.22696840987523223,0.39183011687346614
2021-07-21,0.07635435615240894,0.0,0.0,0.22696840987523223,0.39183011687346614
2021-07-22,0.002064191640708874,0.0,0.0,0.24488717812582952,0.4118720021618216
2021-07-22,0.021633625438004667,0.0,0.0,0.24488717812582952,0.4118720021618216
2021-07-22,0.02490277069942304,0.0,0.0,0.24488717812582952,0.4118720021618216
2021-07-22,0.0013110790656370355,0.0,0.0,0.24488717812582952,0.4118720021618216
2021-07-22,0.27821444970004877,0.0,0.0,0.24488717812582952,0.4118720021618216
2021-07-22,0.054065674232095136,0.0,0.0,0.24488717812582952,0.4118720021618216
2021-07-22,0.010616697047320593,0.0,0.0,0.24488717812582952,0.4118720021618216
2021-07-22,0.04978437391589555,0.0,0.0,0.24488717812582952,0.4118720021618216
2021-07-22,0.02521883386156666,0.0,0.0,0.24488717812582952,0.4118720021618216
2021-07-22,0.1624422360718081,0.0,0.0,0.24488717812582952,0.4118720021618216
2021-07-22,0.08354994762905991,0.0,0.0,0.24488717812582952,0.4118720021618216
2021-07-22,0.03034324582132364,0.0,0.0,0.24488717812582952,0.4118720021618216
2021-07-23,0.06784386515885271,0.0,0.0,0.25984603132466155,0.428536041615061
2021-07-23,0.1491072361228226,0.0,0.0,0.25984603132466155,0.428536041615061
2021-07-23,0.04919683377603407,0.0,0.0,0.25984603132466155,0.428536041615061
2021-07-23,0.12816449250854628,0.0,0.0,0.25984603132466155,0.428536041615061
2021-07-23,0.13212249033267778,0.0,0.0,0.25984603132466155,0.428536041615061
2021-07-23,0.09188882411564953,0.0,0.0,0.25984603132466155,0.428536041615061
2021-07-23,0.11109348991349999,0.0,0.0,0.25984603132466155,0.428536041615061
2021-07-23,0.08245190818820078,0.0,0.0,0.25984603132466155,0.428536041615061
2021-07-23,0.11529941072178532,0.0,0.0,0.25984603132466155,0.428536041615061
2021-07-23,0.045202223624787846,0.0,0.0,0.25984603132466155,0.428536041615061
2021-07-23,0.12302389050602638,0.0,0.0,0.25984603132466155,0.428536041615061
2021-07-23,0.11891170366269466,0.0,0.0,0.25984603132466155,0.428536041615061
2021-07-24,0.03616868417916785,0.0,0.0,0.2727156888770904,0.442948183844889
2021-07-24,0.02111938066187859,0.0,0.0,0.2727156888770904,0.442948183844889
2021-07-24,0.007752875157724772,0.0,0.0,0.2727156888770904,0.442948183844889
2021-07-24,0.011665314217792119,0.0,0.0,0.2727156888770904,0.442948183844889
2021-07-24,0.05906007495548226,0.0,0.0,0.2727156888770904,0.442948183844889
2021-07-24,0.023262794909173233,0.0,0.0,0.2727156888770904,0.442948183844889
2021-07-24,0.025356424157420714,0.0,0.0,0.2727156888770904,0.442948183844889
2021-07-24,0.004191784756354367,0.0,0.0,0.2727156888770904,0.442948183844889
2021-07-24,0.13842751695151195,0.0,0.0,0.2727156888770904,0.442948183844889
2021-07-24,0.054985958424854015,0.0,0.0,0.2727156888770904,0.442948183844889
2021-07-24,0.03321519871177794,0.0,0.0,0.2727156888770904,0.442948183844889
2021-07-24,0.005517466852827396,0.0,0.0,0.2727156888770904,0.442948183844889
2021-07-25,0.010700433317478115,0.0,0.0,0.28447571011414907,0.4560091877406709
2021-07-25,0.0071484993806513655,0.0,0.0,0.28447571011414907,0.4560091877406709
2021-07-25,0.005442999395733591,0.0,0.0,0.28447571011414907,0.4560091877406709
2021-07-25,0.011965662071911137,0.0,0.0,0.28447571011414907,0.4560091877406709
2021-07-25,0.21318877102465714,0.0,0.0,0.28447571011414907,0.4560091877406709
2021-07-25,0.09201243160669308,0.0,0.0,0.28447571011414907,0.4560091877406709
2021-07-25,0.013947094297989878,0.0,0.0,0.28447571011414907,0.4560091877406709
2021-07-25,0.008601485538973103,0.0,0.0,0.28447571011414907,0.4560091877406709
2021-07-25,0.006677706521476283,0.0,0.0,0.28447571011414907,0.4560091877406709
2021-07-25,0.07738666250939197,0.0,0.0,0.28447571011414907,0.4560091877406709
2021-07-25,0.023331408239267108,0.0,0.0,0.28447571011414907,0.4560091877406709
2021-07-25,0.003595310979444828,0.0,0.0,0.28447571011414907,0.4560091877406709
2021-07-26,0.05889759422863533,0.0,0.0,0.29654366870188476,0.46952057108113543
2021-07-26,0.05025946287733905,0.0,0.0,0.29654366870188476,0.46952057108113543
2021-07-26,0.07034601081289765,0.0,0.0,0.29654366870188476,0.46952057108113543
2021-07-26,0.1111349115236015,0.0,0.0,0.29654366870188476,0.46952057108113543
2021-07-26,0.03596702577692458,0.0,0.0,0.29654366870188476,0.46952057108113543
2021-07-26,0.028016929386540466,0.0,0.0,0.29654366870188476,0.46952057108113543
2021-07-26,0.10318038548808743,0.0,0.0,0.29654366870188476,0.46952057108113543
2021-07-26,8.098140374051363e-05,0.0,0.0,0.29654366870188476,0.46952057108113543
2021-07-26,0.032420201999436786,0.0,0.0,0.29654366870188476,0.46952057108113543
2021-07-26,0.13083621046981364,0.0,0.0,0.29654366870188476,0.46952057108113543
2021-07-26,0.18997119838929816,0.0,0.0,0.29654366870188476,0.46952057108113543
2021-07-26,0.0046791005853014525,0.0,0.0,0.29654366870188476,0.46952057108113543
2021-07-27,0.17216717709304616,0.0,0.0,0.31704539421290145,0.4922647330375849
2021-07-27,0.019451593425390146,0.0,0.0,0.31704539421290145,0.4922647330375849
2021-07-27,0.0468486095834526,0.0,0.0,0.31704539421290145,0.4922647330375849
2021-07-27,0.08858089613399958,0.0,0.0,0.31704539421290145,0.4922647330375849
2021-07-27,0.1181648807814776,0.0,0.0,0.31704539421290145,0.4922647330375849
2021-07-27,0.1123484488896216,0.0,0.0,0.31704539421290145,0.4922647330375849
2021-07-27,0.03591809185563171,0.0,0.0,0.31704539421290145,0.4922647330375849
2021-07-27,0.06439182352219316,0.0,0.0,0.31704539421290145,0.4922647330375849
2021-07-27,0.10204332535804146,0.0,0.0,0.31704539421290145,0.4922647330375849
2021-07-27,0.18644214173570173,0.0,0.0,0.31704539421290145,0.4922647330375849
2021-07-27,0.19936393772916639,0.0,0.0,0.31704539421290145,0.4922647330375849
2021-07-27,0.18819422861385807,0.0,0.0,0.31704539421290145,0.4922647330375849
2021-07-28,0.09300718868007594,0.0,0.0,0.3362543137775418,0.5136577566599865
2021-07-28,0.3003587656879035,0.0,0.0,0.3362543137775418,0.5136577566599865
2021-07-28,0.280670867581353,0.0,0.0,0.3362543137775418,0.5136577566599865
2021-07-28,0.29297942964587037,0.0,0.0,0.3362543137775418,0.5136577566599865
2021-07-28,0.19998636546727203,0.0,0.0,0.3362543137775418,0.5136577566599865
2021-07-28,0.48641192998864485,0.0,0.0,0.3362543137775418,0.5136577566599865
2021-07-28,0.2870807576933016,0.0,0.0,0.3362543137775418,0.5136577566599865
2021-07-28,0.447502828824488,0.0,0.0,0.3362543137775418,0.5136577566599865
2021-07-28,0.2513053904951349,0.0,0.0,0.3362543137775418,0.5136577566599865
2021-07-28,0.041672135408348576,0.0,0.0,0.3362543137775418,0.5136577566599865
2021-07-28,0.3935021518901791,0.0,0.0,0.3362543137775418,0.5136577566599865
2021-07-28,0.509283656229218,0.0,0.0,0.3362543137775418,0.5136577566599865
2021-07-29,0.11303433896466801,0.0,0.0,0.3698035572073267,0.5447339383430538
2021-07-29,0.09868403991454619,0.0,0.0,0.3698035572073267,0.5447339383430538
2021-07-29,0.06314464283236544,0.0,0.0,0.3698035572073267,0.5447339383430538
2021-07-29,0.3412253735449927,0.0,0.0,0.3698035572073267,0.5447339383430538
2021-07-29,0.11203328468223156,0.0,0.0,0.3698035572073267,0.5447339383430538
2021-07-29,0.10908578946689577,0.0,0.0,0.3698035572073267,0.5447339383430538
2021-07-29,0.23967021847179001,0.0,0.0,0.3698035572073267,0.5447339383430538
2021-07-29,0.06167394021295808,0.0,0.0,0.3698035572073267,0.5447339383430538
2021-07-29,0.3144523880280914,0.0,0.0,0.3698035572073267,0.5447339383430538
2021-07-29,0.07691627476755934,0.0,0.0,0.3698035572073267,0.5447339383430538
2021-07-29,0.11879827571204583,0.0,0.0,0.3698035572073267,0.5447339383430538
2021-07-29,0.047514256711594524,0.0,0.0,0.3698035572073267,0.5447339383430538
2021-07-30,0.27522701795934085,0.0,0.0,,
2021-07-30,0.23649590789280533,0.0,0.0,,
2021-07-30,0.07098905810932377,0.0,0.0,,
2021-07-30,0.12265154914828215,0.0,0.0,,
2021-07-30,0.3095973239680185,0.0,0.0,,
2021-07-30,0.09543241071199704,0.0,0.0,,
2021-07-30,0.1011280840025081,0.0,0.0,,
2021-07-30,0.129114259909071,0.0,0.0,,
2021-07-30,0.049937581294645005,0.0,0.0,,
2021-07-30,0.15826094493932955,0.0,0.0,,
2021-07-30,0.32480818121423316,0.0,0.0,,
2021-07-30,0.1804992169236887,0.0,0.0,,
2021-07-31,0.07688775112666157,0.0,0.0,,
2021-07-31,0.08004913037155127,0.0,0.0,,
2021-07-31,0.06502269404935601,0.0,0.0,,
2021-07-31,0.04674090706665176,0.0,0.0,,
2021-07-31,0.11516494530482733,0.0,0.0,,
2021-07-31,0.07925297295896715,0.0,0.0,,
2021-07-31,0.12048290803527574,0.0,0.0,,
2021-07-31,0.06522689743850484,0.0,0.0,,
2021-07-31,0.08130415589235197,0.0,0.0,,
2021-07-31,0.1496457251986926,0.0,0.0,,
2021-07-31,0.055623843677452885,0.0,0.0,,
2021-07-31,0.10180420783607336,0.0,0.0,,
2021-08-01,0.04590616032063288,0.0,0.0,,
2021-08-01,0.01717685189343842,0.0,0.0,,
2021-08-01,0.020473696197044335,0.0,0.0,,
2021-08-01,0.024451156525790673,0.0,0.0,,
2021-08-01,0.060175040817525095,0.0,0.0,,
2021-08-01,0.013540317123915796,0.0,0.0,,
2021-08-01,0.0495884976631878,0.0,0.0,,
2021-08-01,0.008778044037939567,0.0,0.0,,
2021-08-01,0.026371870119609536,0.0,0.0,,
2021-08-01,0.03918804753683843,0.0,0.0,,
2021-08-01,0.12463378056762689,0.0,0.0,,
2021-08-01,0.04967174207654079,0.0,0.0,,
2021-08-02,0.03004234056527948,0.0,0.0,,
2021-08-02,0.0011238800262112364,0.0,0.0,,
2021-08-02,0.027272266227228188,0.0,0.0,,
2021-08-02,0.006574131200074183,0.0,0.0,,
2021-08-02,0.004465198119446999,0.0,0.0,,
2021-08-02,0.061232717088141965,0.0,0.0,,
2021-08-02,0.01399329994297186,0.0,0.0,,
2021-08-02,0.015450138538432585,0.0,0.0,,
2021-08-02,0.3670978858124256,0.0,0.0,,
2021-08-02,0.0015386117605649663,0.0,0.0,,
2021-08-02,0.06196289082384156,0.0,0.0,,
2021-08-02,0.028584826518188253,0.0,0.0,,
2021-08-03,0.025288403195287794,0.0,0.0,,
2021-08-03,0.04632785444243096,0.0,0.0,,
2021-08-03,0.03999242479066691,0.0,0.0,,
2021-08-03,0.03872020944651753,0.0,0.0,,
2021-08-03,0.08621810232174922,0.0,0.0,,
2021-08-03,0.022237875363263607,0.0,0.0,,
2021-08-03,0.06839371839072213,0.0,0.0,,
2021-08-03,0.046429457801581184,0.0,0.0,,
2021-08-03,0.06340447920212786,0.0,0.0,,
2021-08-03,0.035500022484512284,0.0,0.0,,
2021-08-03,0.027662696020633374,0.0,0.0,,
2021-08-03,0.08642786262659352,0.0,0.0,,
2021-08-04,0.01862409020188815,0.0,0.0,,
2021-08-04,0.005976080869580914,0.0,0.0,,
2021-08-04,0.055163022709657276,0.0,0.0,,
2021-08-04,0.017389956452495643,0.0,0.0,,
2021-08-04,0.02153948621688106,0.0,0.0,,
2021-08-04,0.08282689018504226,0.0,0.0,,
2021-08-04,0.016914318751967,0.0,0.0,,
2021-08-04,0.041183656482069245,0.0,0.0,,
2021-08-04,0.10099126703171726,0.0,0.0,,
2021-08-04,0.008853836548601932,0.0,0.0,,
2021-08-04,0.020116203493117716,0.0,0.0,,
2021-08-04,0.008630671516924145,0.0,0.0,,
2021-08-05,0.019426772204565578,0.0,0.0,0.5048473586408282,0.6645348706285041
2021-08-05,0.040855636120337775,0.0,0.0,0.5048473586408282,0.6645348706285041
2021-08-05,0.011298633526209615,0.0,0.0,0.5048473586408282,0.6645348706285041
2021-08-05,0.015757289683607466,0.0,0.0,0.5048473586408282,0.6645348706285041
2021-08-05,0.2949048419974246,0.0,0.0,0.5048473586408282,0.6645348706285041
2021-08-05,0.055220791052565714,0.0,0.0,0.5048473586408282,0.6645348706285041
2021-08-05,0.027574577056828094,0.0,0.0,0.5048473586408282,0.6645348706285041
2021-08-05,0.010366060456301843,0.0,0.0,0.5048473586408282,0.6645348706285041
2021-08-05,0.20463945633822758,0.0,0.0,0.5048473586408282,0.6645348706285041
2021-08-05,0.037604064605269105,0.0,0.0,0.5048473586408282,0.6645348706285041
2021-08-05,0.007598212782806741,0.0,0.0,0.5048473586408282,0.6645348706285041
2021-08-05,0.012490279173642658,0.0,0.0,0.5048473586408282,0.6645348706285041
2021-08-06,0.020376335917288213,0.0,0.0,,
2021-08-06,0.033664279374916714,0.0,0.0,,
2021-08-06,0.003948207121233573,0.0,0.0,,
2021-08-06,0.002243644463008096,0.0,0.0,,
2021-08-06,0.004928085156072613,0.0,0.0,,
2021-08-06,0.0155333352969104,0.0,0.0,,
2021-08-06,0.08255381532982682,0.0,0.0,,
2021-08-06,0.036541981336925586,0.0,0.0,,
2021-08-06,0.10223449878073859,0.0,0.0,,
2021-08-06,0.006065607998389807,0.0,0.0,,
2021-08-06,0.05250829459526005,0.0,0.0,,
2021-08-06,0.005673310002454175,0.0,0.0,,
2021-08-07,0.059303942166391475,0.0,0.0,,
2021-08-07,0.022141603463844715,0.0,0.0,,
2021-08-07,0.0198522699517311,0.0,0.0,,
2021-08-07,0.026622372344056552,0.0,0.0,,
2021-08-07,0.1643447138321136,0.0,0.0,,
2021-08-07,0.03372899588932693,0.0,0.0,,
2021-08-07,0.037613963408563655,0.0,0.0,,
2021-08-07,0.00999836516660485,0.0,0.0,,
2021-08-07,0.026521500550638247,0.0,0.0,,
2021-08-07,0.0239719768805978,0.0,0.0,,
2021-08-07,0.041817190814022194,0.0,0.0,,
2021-08-07,0.03420026887900496,0.0,0.0,,
2021-08-08,0.03727705401970806,0.0,0.0,,
2021-08-08,0.014714424407517645,0.0,0.0,,
2021-08-08,0.04627290775125305,0.0,0.0,,
2021-08-08,0.020549385947543734,0.0,0.0,,
2021-08-08,0.008004613151106274,0.0,0.0,,
2021-08-08,0.04195197807954966,0.0,0.0,,
2021-08-08,0.09212804930302121,0.0,0.0,,
2021-08-08,0.023887605872306743,0.0,0.0,,
2021-08-08,0.03137506681863213,0.0,0.0,,
2021-08-08,0.05615310690276267,0.0,0.0,,
2021-08-08,0.03496509844495802,0.0,0.0,,
2021-08-08,0.038206781855709755,0.0,0.0,,
2021-08-09,0.0679734235026877,0.0,0.0,,
2021-08-09,0.07949602144819969,0.0,0.0,,
2021-08-09,0.10955822059313444,0.0,0.0,,
2021-08-09,0.055536351048085915,0.0,0.0,,
2021-08-09,0.06767055685379689,0.0,0.0,,
2021-08-09,0.04371305517161404,0.0,0.0,,
2021-08-09,0.062331242851213414,0.0,0.0,,
2021-08-09,0.06916244927037192,0.0,0.0,,
2021-08-09,0.10719244933686108,0.0,0.0,,
2021-08-09,0.07316511229957871,0.0,0.0,,
2021-08-09,0.14111903736907802,0.0,0.0,,
2021-08-09,0.0374195452062309,0.0,0.0,,
2021-08-10,0.058659729033102515,0.0,0.0,,
2021-08-10,0.003431807074939948,0.0,0.0,,
2021-08-10,0.014423191166059283,0.0,0.0,,
2021-08-10,0.0266497914821093,0.0,0.0,,
2021-08-10,0.0012498008749971883,0.0,0.0,,
2021-08-10,0.34434128445809353,0.0,0.0,,
2021-08-10,0.04451584805123935,0.0,0.0,,
2021-08-10,0.057079511058796446,0.0,0.0,,
2021-08-10,0.027434428104181,0.0,0.0,,
2021-08-10,0.007169363284739835,0.0,0.0,,
2021-08-10,0.12241628807094204,0.0,0.0,,
2021-08-10,0.06049225318498938,0.0,0.0,,
2021-08-11,0.0001355769352225551,0.0,0.0,,
2021-08-11,0.0667906471596095,0.0,0.0,,
2021-08-11,0.10485032291365456,0.0,0.0,,
2021-08-11,0.005152229060905052,0.0,0.0,,
2021-08-11,0.0006961953469383754,0.0,0.0,,
2021-08-11,0.005129494381348612,0.0,0.0,,
2021-08-11,0.016938022521962408,0.0,0.0,,
2021-08-11,0.010045686596485224,0.0,0.0,,
2021-08-11,0.01635128805398658,0.0,0.0,,
2021-08-11,0.002203520437127795,0.0,0.0,,
2021-08-11,0.11966873684849465,0.0,0.0,,
2021-08-11,0.019720809836860656,0.0,0.0,,
2021-08-12,0.0827615716125071,0.0,0.0,0.585877355986196,0.7258765509942116
2021-08-12,0.006336064852656123,0.0,0.0,0.585877355986196,0.7258765509942116
2021-08-12,0.007993299805995328,0.0,0.0,0.585877355986196,0.7258765509942116
2021-08-12,0.003429676608630525,0.0,0.0,0.585877355986196,0.7258765509942116
2021-08-12,3.1574756081450657e-06,0.0,0.0,0.585877355986196,0.7258765509942116
2021-08-12,0.03875519617689768,0.0,0.0,0.585877355986196,0.7258765509942116
2021-08-12,0.020773544244166987,0.0,0.0,0.585877355986196,0.7258765509942116
2021-08-12,0.0027348500181778963,0.0,0.0,0.585877355986196,0.7258765509942116
2021-08-12,0.0019060442311727276,0.0,0.0,0.585877355986196,0.7258765509942116
2021-08-12,0.12321495351453418,0.0,0.0,0.585877355986196,0.7258765509942116
2021-08-12,0.014298190133182205,0.0,0.0,0.585877355986196,0.7258765509942116
2021-08-12,0.0005801748285501796,0.0,0.0,0.585877355986196,0.7258765509942116
2021-08-13,0.015157837824068144,0.0,0.0,,
2021-08-13,0.07665933024999906,0.0,0.0,,
2021-08-13,0.19234083053268158,0.0,0.0,,
2021-08-13,0.033406251335983926,0.0,0.0,,
2021-08-13,0.013722934807449575,0.0,0.0,,
2021-08-13,0.0349953074802498,0.0,0.0,,
2021-08-13,0.001999150399370992,0.0,0.0,,
2021-08-13,0.02511216549905651,0.0,0.0,,
2021-08-13,0.012437908002179244,0.0,0.0,,
2021-08-13,0.0510472097088609,0.0,0.0,,
2021-08-13,0.07912697049808383,0.0,0.0,,
2021-08-13,0.04670776655777106,0.0,0.0,,
2021-08-14,0.00996365863652496,0.0,0.0,,
2021-08-14,0.16853475785740687,0.0,0.0,,
2021-08-14,0.002313118736868486,0.0,0.0,,
2021-08-14,0.024027621115499245,0.0,0.0,,
2021-08-14,0.007614884631258515,0.0,0.0,,
2021-08-14,0.04606598000998581,0.0,0.0,,
2021-08-14,0.038967985745467074,0.0,0.0,,
2021-08-14,0.08574629392043222,0.0,0.0,,
2021-08-14,0.0041722985955226265,0.0,0.0,,
2021-08-14,0.028186360191454388,0.0,0.0,,
2021-08-14,0.0386117783811705,0.0,0.0,,
2021-08-14,0.11273277893304523,0.0,0.0,,
2021-08-15,0.01680267405063455,0.0,0.0,,
2021-08-15,0.05231083286698378,0.0,0.0,,
2021-08-15,0.07520567940381062,0.0,0.0,,
2021-08-15,0.033425686056575574,0.0,0.0,,
2021-08-15,0.016116097149352557,0.0,0.0,,
2021-08-15,0.03479140996524543,0.0,0.0,,
2021-08-15,0.01389336344010824,0.0,0.0,,
2021-08-15,0.03384589305750673,0.0,0.0,,
2021-08-15,0.04095629678479656,0.0,0.0,,
2021-08-15,0.019045478866024472,0.0,0.0,,
2021-08-15,0.03352739647028808,0.0,0.0,,
2021-08-15,0.06190672989125678,0.0,0.0,,
2021-08-16,0.02614486640397678,0.0,0.0,,
2021-08-16,0.012495108336736645,0.0,0.0,,
2021-08-16,0.0022826436339224787,0.0,0.0,,
2021-08-16,0.018084060713876953,0.0,0.0,,
2021-08-16,0.050781732441981885,0.0,0.0,,
2021-08-16,0.011149515174533938,0.0,0.0,,
2021-08-16,0.004531343474912719,0.0,0.0,,
2021-08-16,0.057748765722999064,0.0,0.0,,
2021-08-16,0.009821694208056272,0.0,0.0,,
2021-08-16,0.0030431844184473354,0.0,0.0,,
2021-08-16,0.04241511421910117,0.0,0.0,,
2021-08-16,0.025866910584475593,0.0,0.0,,
2021-08-17,0.0,0.0,0.0,,
2021-08-17,0.0,0.0,0.0,,
2021-08-17,0.0,0.0,0.0,,
2021-08-17,0.025938774848893783,0.0,0.0,,
2021-08-17,0.0,0.0,0.0,,
2021-08-17,0.0,0.0,0.0,,
2021-08-17,0.0,0.0,0.0,,
2021-08-17,0.0,0.0,0.0,,
2021-08-17,0.0,0.0,0.0,,
2021-08-17,0.0,0.0,0.0,,
2021-08-17,0.0,0.0,0.0,,
2021-08-17,0.0,0.0,0.0,,
2021-08-18,0.0,0.0,0.0,,
2021-08-18,0.0,0.0,0.0,,
2021-08-18,0.0,0.0,0.0,,
2021-08-18,0.0,0.0,0.0,,
2021-08-18,0.0,0.0,0.0,,
2021-08-18,0.0,0.0,0.0,,
2021-08-18,0.0,0.0,0.0,,
2021-08-18,0.0,0.0,0.0,,
2021-08-18,0.007870559635531071,0.0,0.0,,
2021-08-18,0.0,0.0,0.0,,
2021-08-18,0.0,0.0,0.0,,
2021-08-18,0.0,0.0,0.0,,
2021-08-19,0.0026886004018787726,0.0,0.0,0.6442792673214759,0.770621748823384
2021-08-19,0.003237826151668677,0.0,0.0,0.6442792673214759,0.770621748823384
2021-08-19,0.07112937536725443,0.0,0.0,0.6442792673214759,0.770621748823384
2021-08-19,0.0006625651654734975,0.0,0.0,0.6442792673214759,0.770621748823384
2021-08-19,0.02083215726025142,0.0,0.0,0.6442792673214759,0.770621748823384
2021-08-19,0.0037058036526294745,0.0,0.0,0.6442792673214759,0.770621748823384
2021-08-19,0.0007121972228208467,0.0,0.0,0.6442792673214759,0.770621748823384
2021-08-19,6.466754530076691e-05,0.0,0.0,0.6442792673214759,0.770621748823384
2021-08-19,0.0,0.0,0.0,0.6442792673214759,0.770621748823384
2021-08-19,0.008973974368611127,0.0,0.0,0.6442792673214759,0.770621748823384
2021-08-19,4.018040838167827e-05,0.0,0.0,0.6442792673214759,0.770621748823384
2021-08-19,0.05620286704242068,0.0,0.0,0.6442792673214759,0.770621748823384
2021-08-20,0.1655327170144708,0.0,0.0,,
2021-08-20,0.13620807022548279,0.0,0.0,,
2021-08-20,0.313287385981662,0.0,0.0,,
2021-08-20,0.05420877423301768,0.0,0.0,,
2021-08-20,0.05923032578705196,0.0,0.0,,
2021-08-20,0.14479786295733632,0.0,0.0,,
2021-08-20,0.07549240712624765,0.0,0.0,,
2021-08-20,0.2521776038205464,0.0,0.0,,
2021-08-20,0.09271229616615131,0.0,0.0,,
2021-08-20,0.21027762725167756,0.0,0.0,,
2021-08-20,0.15313921274953254,0.0,0.0,,
2021-08-20,0.3530102372223221,0.0,0.0,,
2021-08-21,0.039525183399726965,0.0,0.0,,
2021-08-21,0.12340318693962993,0.0,0.0,,
2021-08-21,0.08894481623021427,0.0,0.0,,
2021-08-21,0.0954440107730486,0.0,0.0,,
2021-08-21,0.07456248744906269,0.0,0.0,,
2021-08-21,0.042258544131327944,0.0,0.0,,
2021-08-21,0.09485308560069103,0.0,0.0,,
2021-08-21,0.025439327304855573,0.0,0.0,,
2021-08-21,0.10467131189619543,0.0,0.0,,
2021-08-21,0.04184126909450976,0.0,0.0,,
2021-08-21,0.08666230919335972,0.0,0.0,,
2021-08-21,0.06818512746747114,0.0,0.0,,
2021-08-22,0.07089175065808337,0.0,0.0,,
2021-08-22,0.06614339181461132,0.0,0.0,,
2021-08-22,0.1474300237626884,0.0,0.0,,
2021-08-22,0.03051056571610434,0.0,0.0,,
2021-08-22,0.2630820540910099,0.0,0.0,,
2021-08-22,0.11253200104925502,0.0,0.0,,
2021-08-22,0.08684821146301937,0.0,0.0,,
2021-08-22,0.14626364898930497,0.0,0.0,,
2021-08-22,0.03276315711584114,0.0,0.0,,
2021-08-22,0.13047807802070602,0.0,0.0,,
2021-08-22,0.1697124929829145,0.0,0.0,,
2021-08-22,0.13571758873935644,0.0,0.0,,
2021-08-23,0.061095820448839655,0.0,0.0,,
2021-08-23,0.007386428436863675,0.0,0.0,,
2021-08-23,0.04652819556544926,0.0,0.0,,
2021-08-23,0.03811754529299257,0.0,0.0,,
2021-08-23,0.03351580628450392,0.0,0.0,,
2021-08-23,0.0361688683848351,0.0,0.0,,
2021-08-23,0.013069981497950748,0.0,0.0,,
2021-08-23,0.015558019670777428,0.0,0.0,,
2021-08-23,0.005506740479912747,0.0,0.0,,
2021-08-23,0.02075424846220152,0.0,0.0,,
2021-08-23,0.07402610648826428,0.0,0.0,,
2021-08-23,0.029015753320862692,0.0,0.0,,
2021-08-24,0.0004393439734184383,0.0,0.0,,
2021-08-24,0.007300917959691791,0.0,0.0,,
2021-08-24,0.0011431237941160125,0.0,0.0,,
2021-08-24,0.0009148626617039402,0.0,0.0,,
2021-08-24,0.03005850827531489,0.0,0.0,,
2021-08-24,0.028459834379530452,0.0,0.0,,
2021-08-24,0.0035691996895978557,0.0,0.0,,
2021-08-24,0.0018507611237862528,0.0,0.0,,
2021-08-24,0.003990185559439617,0.0,0.0,,
2021-08-24,0.00120937801815752,0.0,0.0,,
2021-08-24,0.05145811637361612,0.0,0.0,,
2021-08-24,0.018397571003709368,0.0,0.0,,
2021-08-25,0.016675023780606424,0.0,0.0,,
2021-08-25,0.05163125500362307,0.0,0.0,,
2021-08-25,0.15161123474538662,0.0,0.0,,
2021-08-25,0.1763643788824424,0.0,0.0,,
2021-08-25,0.013659448110898923,0.0,0.0,,
2021-08-25,0.05105323235401334,0.0,0.0,,
2021-08-25,0.02911123142278025,0.0,0.0,,
2021-08-25,0.0028812215091594284,0.0,0.0,,
2021-08-25,0.08749021787664552,0.0,0.0,,
2021-08-25,0.01882179076910574,0.0,0.0,,
2021-08-25,0.1586686867706157,0.0,0.0,,
2021-08-25,0.009579733691933445,0.0,0.0,,
2021-08-26,0.11238775967288642,0.0,0.0,0.7000265463233342,0.8094894948994522
2021-08-26,0.02894302725194709,0.0,0.0,0.7000265463233342,0.8094894948994522
2021-08-26,0.10910160859017284,0.0,0.0,0.7000265463233342,0.8094894948994522
2021-08-26,0.08662025174375934,0.0,0.0,0.7000265463233342,0.8094894948994522
2021-08-26,0.03651723667487504,0.0,0.0,0.7000265463233342,0.8094894948994522
2021-08-26,0.17300373552026654,0.0,0.0,0.7000265463233342,0.8094894948994522
2021-08-26,0.016430413370215412,0.0,0.0,0.7000265463233342,0.8094894948994522
2021-08-26,0.19363660527541485,0.0,0.0,0.7000265463233342,0.8094894948994522
2021-08-26,0.04126768647433177,0.0,0.0,0.7000265463233342,0.8094894948994522
2021-08-26,0.030341349260949425,0.0,0.0,0.7000265463233342,0.8094894948994522
2021-08-26,0.0004202312864997102,0.0,0.0,0.7000265463233342,0.8094894948994522
2021-08-26,0.05532400768981796,0.0,0.0,0.7000265463233342,0.8094894948994522
2021-08-27,0.005105190385752119,0.0,0.0,,
2021-08-27,0.004823974626645293,0.0,0.0,,
2021-08-27,0.0004370507734383465,0.0,0.0,,
2021-08-27,0.023390882939531732,0.0,0.0,,
2021-08-27,0.040897201389202636,0.0,0.0,,
2021-08-27,0.10759082280646488,0.0,0.0,,
2021-08-27,0.002475553132329679,0.0,0.0,,
2021-08-27,0.036992650270694497,0.0,0.0,,
2021-08-27,0.058097625388574645,0.0,0.0,,
2021-08-27,0.05232031672394433,0.0,0.0,,
2021-08-27,0.14370706637262173,0.0,0.0,,
2021-08-27,0.16654844407471145,0.0,0.0,,
2021-08-28,0.26519372851624934,0.0,0.0,,
2021-08-28,0.15406381173075,0.0,0.0,,
2021-08-28,0.22597180516570922,0.0,0.0,,
2021-08-28,0.0369066009852359,0.0,0.0,,
2021-08-28,0.08318885378439571,0.0,0.0,,
2021-08-28,0.16490408192576622,0.0,0.0,,
2021-08-28,0.06550952499989746,0.0,0.0,,
2021-08-28,0.11038666556730045,0.0,0.0,,
2021-08-28,0.08594665483100598,0.0,0.0,,
2021-08-28,0.0754128996455003,0.0,0.0,,
2021-08-28,0.20391775291646355,0.0,0.0,,
2021-08-28,0.07294654079434275,0.0,0.0,,
2021-08-29,0.02764113091702884,0.0,0.0,,
2021-08-29,0.01221664293677858,0.0,0.0,,
2021-08-29,0.006745748835288566,0.0,0.0,,
2021-08-29,0.029883089430332677,0.0,0.0,,
2021-08-29,0.036300844382933836,0.0,0.0,,
2021-08-29,0.0015504479395375822,0.0,0.0,,
2021-08-29,0.00017935529130783814,0.0,0.0,,
2021-08-29,0.04305404912840205,0.0,0.0,,
2021-08-29,0.0019152547088939985,0.0,0.0,,
2021-08-29,0.029275765316748897,0.0,0.0,,
2021-08-29,0.0010833424422725742,0.0,0.0,,
2021-08-29,0.0018034886815256731,0.0,0.0,,
2021-08-30,0.005861007497621384,0.0,0.0,,
2021-08-30,0.003745650069657378,0.0,0.0,,
2021-08-30,0.028693951897204164,0.0,0.0,,
2021-08-30,0.0012589942954384136,0.0,0.0,,
2021-08-30,0.015591435965241842,0.0,0.0,,
2021-08-30,0.055095861460353134,0.0,0.0,,
2021-08-30,0.022228243803030002,0.0,0.0,,
2021-08-30,0.07855445250947445,0.0,0.0,,
2021-08-30,0.027256525569290375,0.0,0.0,,
2021-08-30,0.07101975566955854,0.0,0.0,,
2021-08-30,0.050096596256139714,0.0,0.0,,
2021-08-30,0.1415856419024503,0.0,0.0,,
2021-08-31,0.0044535862302869855,0.0,0.0,,
2021-08-31,0.07639247127865013,0.0,0.0,,
2021-08-31,0.00980767966726461,0.0,0.0,,
2021-08-31,0.0030978690402048625,0.0,0.0,,
2021-08-31,0.0468273674945691,0.0,0.0,,
2021-08-31,0.03653053964110402,0.0,0.0,,
2021-08-31,0.0042174127411747616,0.0,0.0,,
2021-08-31,0.0,0.0,0.0,,
2021-08-31,0.09125225991838538,0.0,0.0,,
2021-08-31,0.003381817046090914,0.0,0.0,,
2021-08-31,0.1364565419487217,0.0,0.0,,
2021-08-31,0.018063595513297483,0.0,0.0,,
2021-09-01,0.05787220661171049,0.0,0.0,,
2021-09-01,0.020374131363335397,0.0,0.0,,
2021-09-01,0.014969990219283432,0.0,0.0,,
2021-09-01,0.05545389664686933,0.0,0.0,,
2021-09-01,0.008503825215830216,0.0,0.0,,
2021-09-01,0.04306949778569665,0.0,0.0,,
2021-09-01,0.03675202788569677,0.0,0.0,,
2021-09-01,5.9857364562382865e-05,0.0,0.0,,
2021-09-01,0.07922935535461322,0.0,0.0,,
2021-09-01,0.018032296894496248,0.0,0.0,,
2021-09-01,0.0,0.0,0.0,,
2021-09-01,0.021366308539307904,0.0,0.0,,
2021-09-02,0.010778666675862605,0.0,0.0,0.7730315901247676,0.8586484112865094
2021-09-02,0.003580133313555403,0.0,0.0,0.7730315901247676,0.8586484112865094
2021-09-02,0.033029246251326284,0.0,0.0,0.7730315901247676,0.8586484112865094
2021-09-02,0.016696785038303893,0.0,0.0,0.7730315901247676,0.8586484112865094
2021-09-02,0.009806363258025709,0.0,0.0,0.7730315901247676,0.8586484112865094
2021-09-02,0.02065632384839722,0.0,0.0,0.7730315901247676,0.8586484112865094
2021-09-02,0.03573295286917481,0.0,0.0,0.7730315901247676,0.8586484112865094
2021-09-02,0.020277077540799493,0.0,0.0,0.7730315901247676,0.8586484112865094
2021-09-02,0.015146634124967345,0.0,0.0,0.7730315901247676,0.8586484112865094
2021-09-02,0.011997785779946656,0.0,0.0,0.7730315901247676,0.8586484112865094
2021-09-02,0.03043802011376693,0.0,0.0,0.7730315901247676,0.8586484112865094
2021-09-02,0.0009723714155778032,0.0,0.0,0.7730315901247676,0.8586484112865094
2021-09-03,0.0178812271548137,0.0,0.0,,
2021-09-03,0.055854500899580405,0.0,0.0,,
2021-09-03,0.02177911235676827,0.0,0.0,,
2021-09-03,0.036571369697699606,0.0,0.0,,
2021-09-03,0.01576074101089301,0.0,0.0,,
2021-09-03,0.029802544074715914,0.0,0.0,,
2021-09-03,0.04877954623547995,0.0,0.0,,
2021-09-03,0.03226668971833583,0.0,0.0,,
2021-09-03,0.08090772476845302,0.0,0.0,,
2021-09-03,0.022293623117252043,0.0,0.0,,
2021-09-03,0.0033340751167739726,0.0,0.0,,
2021-09-03,0.005005901513475151,0.0,0.0,,
2021-09-04,0.0971097455180428,0.0,0.0,,
2021-09-04,0.018937312137614706,0.0,0.0,,
2021-09-04,0.013330932930708224,0.0,0.0,,
2021-09-04,0.06138853892311007,0.0,0.0,,
2021-09-04,0.04870771875111108,0.0,0.0,,
2021-09-04,0.02798325471546887,0.0,0.0,,
2021-09-04,0.018627342977991485,0.0,0.0,,
2021-09-04,0.006123275330362586,0.0,0.0,,
2021-09-04,0.05934599328545493,0.0,0.0,,
2021-09-04,0.089359438975675,0.0,0.0,,
2021-09-04,0.11521534406053552,0.0,0.0,,
2021-09-04,0.02005332054838828,0.0,0.0,,
2021-09-05,0.0011022292845099817,0.0,0.0,,
2021-09-05,0.0,0.0,0.0,,
2021-09-05,0.00012730055413892206,0.0,0.0,,
2021-09-05,0.010433361967721608,0.0,0.0,,
2021-09-05,0.010473478210003146,0.0,0.0,,
2021-09-05,0.12983412904850608,0.0,0.0,,
2021-09-05,0.0,0.0,0.0,,
2021-09-05,0.020471820386763376,0.0,0.0,,
2021-09-05,0.004264499608002788,0.0,0.0,,
2021-09-05,0.00034108233256429526,0.0,0.0,,
2021-09-05,0.0010584687538839324,0.0,0.0,,
2021-09-05,0.00021661018643068437,0.0,0.0,,
2021-09-06,0.0,0.0,0.0,,
2021-09-06,0.010526914050055845,0.0,0.0,,
2021-09-06,0.001155847571747455,0.0,0.0,,
2021-09-06,4.5986871251257795e-05,0.0,0.0,,
2021-09-06,0.001030194761967147,0.0,0.0,,
2021-09-06,0.000950723765103643,0.0,0.0,,
2021-09-06,0.0007594222786062045,0.0,0.0,,
2021-09-06,6.883968380959777e-05,0.0,0.0,,
2021-09-06,4.143956513313222e-06,0.0,0.0,,
2021-09-06,0.008855345955920479,0.0,0.0,,
2021-09-06,0.038549573747919376,0.0,0.0,,
2021-09-06,0.0253749425605581,0.0,0.0,,
2021-09-07,0.04056536165905795,0.0,0.0,,
2021-09-07,0.00311602342821394,0.0,0.0,,
2021-09-07,0.11076145001251816,0.0,0.0,,
2021-09-07,0.048271660280080425,0.0,0.0,,
2021-09-07,0.01095599459421014,0.0,0.0,,
2021-09-07,0.05378414948910642,0.0,0.0,,
2021-09-07,0.0021185391613751893,0.0,0.0,,
2021-09-07,0.0463462267619502,0.0,0.0,,
2021-09-07,0.002701685103411431,0.0,0.0,,
2021-09-07,0.0531427721124285,0.0,0.0,,
2021-09-07,0.08044754227788,0.0,0.0,,
2021-09-07,0.0011744654957379788,0.0,0.0,,
2021-09-08,0.12923126748218494,0.0,0.0,,
2021-09-08,0.12823200749973895,0.0,0.0,,
2021-09-08,0.37245146216300273,0.0,0.0,,
2021-09-08,0.03331821131878678,0.0,0.0,,
2021-09-08,0.06553590277388135,0.0,0.0,,
2021-09-08,0.29781797146732975,0.0,0.0,,
2021-09-08,0.05391662901478024,0.0,0.0,,
2021-09-08,0.02830440924895443,0.0,0.0,,
2021-09-08,0.01280589793949834,0.0,0.0,,
2021-09-08,0.084224102138097,0.0,0.0,,
2021-09-08,0.15768913641510388,0.0,0.0,,
2021-09-08,0.07666487172806939,0.0,0.0,,
2021-09-09,0.053468043355204116,0.0,0.0,0.8023944783647464,0.8780597653523099
2021-09-09,0.06998589505469859,0.0,0.0,0.8023944783647464,0.8780597653523099
2021-09-09,0.11040182090971755,0.0,0.0,0.8023944783647464,0.8780597653523099
2021-09-09,0.06673327520641734,0.0,0.0,0.8023944783647464,0.8780597653523099
2021-09-09,0.09320880813655988,0.0,0.0,0.8023944783647464,0.8780597653523099
2021-09-09,0.06666023170364876,0.0,0.0,0.8023944783647464,0.8780597653523099
2021-09-09,0.052351041512892,0.0,0.0,0.8023944783647464,0.8780597653523099
2021-09-09,0.07025850501342244,0.0,0.0,0.8023944783647464,0.8780597653523099
2021-09-09,0.07238918961530726,0.0,0.0,0.8023944783647464,0.8780597653523099
2021-09-09,0.06891841994588849,0.0,0.0,0.8023944783647464,0.8780597653523099
2021-09-09,0.0892818412254101,0.0,0.0,0.8023944783647464,0.8780597653523099
2021-09-09,0.0447112395736242,0.0,0.0,0.8023944783647464,0.8780597653523099
2021-09-10,0.28519588659998885,0.0,0.0,,
2021-09-10,0.05888670167912642,0.0,0.0,,
2021-09-10,0.04067294215568509,0.0,0.0,,
2021-09-10,0.0911033411452159,0.0,0.0,,
2021-09-10,0.22302608611022892,0.0,0.0,,
2021-09-10,0.10232644325839058,0.0,0.0,,
2021-09-10,0.19486996879097124,0.0,0.0,,
2021-09-10,0.0893631251159025,0.0,0.0,,
2021-09-10,0.10907077156376715,0.0,0.0,,
2021-09-10,0.0896601733997739,0.0,0.0,,
2021-09-10,0.07385595905546434,0.0,0.0,,
2021-09-10,0.08285527599793437,0.0,0.0,,
2021-09-11,0.18881329996422175,0.0,0.0,,
2021-09-11,0.03182051680778285,0.0,0.0,,
2021-09-11,0.0925763462197743,0.0,0.0,,
2021-09-11,0.1223598778966038,0.0,0.0,,
2021-09-11,0.09786438078160348,0.0,0.0,,
2021-09-11,0.13171384371588035,0.0,0.0,,
2021-09-11,0.09415694894079159,0.0,0.0,,
2021-09-11,0.07023292910744894,0.0,0.0,,
2021-09-11,0.16500400380545974,0.0,0.0,,
2021-09-11,0.07457506101526974,0.0,0.0,,
2021-09-11,0.056320869972148746,0.0,0.0,,
2021-09-11,0.19053333664816535,0.0,0.0,,
2021-09-12,0.13963145929671333,0.0,0.0,,
2021-09-12,0.06320736984597485,0.0,0.0,,
2021-09-12,0.1368819423685096,0.0,0.0,,
2021-09-12,0.030428499356439837,0.0,0.0,,
2021-09-12,0.1117366493270669,0.0,0.0,,
2021-09-12,0.1454176620417911,0.0,0.0,,
2021-09-12,0.05152639840561096,0.0,0.0,,
2021-09-12,0.04299040884228962,0.0,0.0,,
2021-09-12,0.12136008518651842,0.0,0.0,,
2021-09-12,0.13691413120518303,0.0,0.0,,
2021-09-12,0.04363544034555877,0.0,0.0,,
2021-09-12,0.07407733883870882,0.0,0.0,,
2021-09-13,0.04760415644433036,0.0,0.0,,
2021-09-13,0.12007406659712996,0.0,0.0,,
2021-09-13,0.1608504750390483,0.0,0.0,,
2021-09-13,0.16766655239122,0.0,0.0,,
2021-09-13,0.2623046321338321,0.0,0.0,,
2021-09-13,0.34269619300167803,0.0,0.0,,
2021-09-13,0.2845125265184711,0.0,0.0,,
2021-09-13,0.03491982428665548,0.0,0.0,,
2021-09-13,0.07736407862433567,0.0,0.0,,
2021-09-13,0.09079364080203269,0.0,0.0,,
2021-09-13,0.08807507924610546,0.0,0.0,,
2021-09-13,0.031752191905836204,0.0,0.0,,
2021-09-14,0.11561886396049319,0.0,0.0,,
2021-09-14,0.1856844056196687,0.0,0.0,,
2021-09-14,0.0034089457568795127,0.0,0.0,,
2021-09-14,0.035207439052441086,0.0,0.0,,
2021-09-14,0.27145499881556023,0.0,0.0,,
2021-09-14,0.01658451045780266,0.0,0.0,,
2021-09-14,0.013213367178234764,0.0,0.0,,
2021-09-14,0.11888183046979085,0.0,0.0,,
2021-09-14,0.03958603783311007,0.0,0.0,,
2021-09-14,0.04224073458173298,0.0,0.0,,
2021-09-14,0.033235227771681954,0.0,0.0,,
2021-09-14,0.04527255436291201,0.0,0.0,,
2021-09-15,0.004097731386196411,0.0,0.0,,
2021-09-15,0.08994235574116838,0.0,0.0,,
2021-09-15,0.05392308224750557,0.0,0.0,,
2021-09-15,0.004796263858156168,0.0,0.0,,
2021-09-15,0.0033655636979587848,0.0,0.0,,
2021-09-15,0.002420108855396424,0.0,0.0,,
2021-09-15,0.04060095025320445,0.0,0.0,,
2021-09-15,0.0,0.0,0.0,,
2021-09-15,0.0009487402431432623,0.0,0.0,,
2021-09-15,0.11089242067692853,0.0,0.0,,
2021-09-15,0.04188080342717351,0.0,0.0,,
2021-09-15,0.043742318680132064,0.0,0.0,,
2021-09-16,0.08007145519511774,0.0,0.0,0.8752322803291744,0.9265881505168103
2021-09-16,0.01293941838499281,0.0,0.0,0.8752322803291744,0.9265881505168103
2021-09-16,0.2990556108718612,0.0,0.0,0.8752322803291744,0.9265881505168103
2021-09-16,0.08357866949720891,0.0,0.0,0.8752322803291744,0.9265881505168103
2021-09-16,0.026532520765975124,0.0,0.0,0.8752322803291744,0.9265881505168103
2021-09-16,0.06472621879939346,0.0,0.0,0.8752322803291744,0.9265881505168103
2021-09-16,0.01607553855617586,0.0,0.0,0.8752322803291744,0.9265881505168103
2021-09-16,0.0740882756094245,0.0,0.0,0.8752322803291744,0.9265881505168103
2021-09-16,0.017549368840285764,0.0,0.0,0.8752322803291744,0.9265881505168103
2021-09-16,0.014688673597323683,0.0,0.0,0.8752322803291744,0.9265881505168103
2021-09-16,0.034337054419235284,0.0,0.0,0.8752322803291744,0.9265881505168103
2021-09-16,0.012674843358453052,0.0,0.0,0.8752322803291744,0.9265881505168103
2021-09-17,0.04946622415695277,0.0,0.0,,
2021-09-17,0.13264075519410928,0.0,0.0,,
2021-09-17,0.020223551472085283,0.0,0.0,,
2021-09-17,0.01124548499442846,0.0,0.0,,
2021-09-17,0.17365163950466503,0.0,0.0,,
2021-09-17,0.17973376393867616,0.0,0.0,,
2021-09-17,0.11604287092174409,0.0,0.0,,
2021-09-17,0.06293682103233006,0.0,0.0,,
2021-09-17,0.12954102815057236,0.0,0.0,,
2021-09-17,0.1566336860686295,0.0,0.0,,
2021-09-17,0.013188496155335353,0.0,0.0,,
2021-09-17,0.002455486931424677,0.0,0.0,,
2021-09-18,0.009762185670886684,0.0,0.0,,
2021-09-18,0.0007840061598271471,0.0,0.0,,
2021-09-18,0.024752751551214775,0.0,0.0,,
2021-09-18,0.06171837525118719,0.0,0.0,,
2021-09-18,0.002323340619670271,0.0,0.0,,
2021-09-18,0.05461891957666641,0.0,0.0,,
2021-09-18,0.007981330408092176,0.0,0.0,,
2021-09-18,0.00016954022879996845,0.0,0.0,,
2021-09-18,0.013594239637877294,0.0,0.0,,
2021-09-18,0.0005878771113802959,0.0,0.0,,
2021-09-18,0.003405936854530496,0.0,0.0,,
2021-09-18,3.7668545732916765e-07,0.0,0.0,,
2021-09-19,0.004244668590246587,0.0,0.0,,
2021-09-19,0.0037160523013856236,0.0,0.0,,
2021-09-19,0.0005791003309693554,0.0,0.0,,
2021-09-19,0.0,0.0,0.0,,
2021-09-19,0.006856050750144932,0.0,0.0,,
2021-09-19,0.013142918010943225,0.0,0.0,,
2021-09-19,0.0030103027211668587,0.0,0.0,,
2021-09-19,0.001491839291893831,0.0,0.0,,
2021-09-19,0.10429477794601458,0.0,0.0,,
2021-09-19,0.00039208399787311725,0.0,0.0,,
2021-09-19,0.0012238826757815736,0.0,0.0,,
2021-09-19,0.0009011693123646404,0.0,0.0,,
2021-09-20,0.058205651484661954,0.0,0.0,,
2021-09-20,0.005918403597554544,0.0,0.0,,
2021-09-20,0.08739948366067689,0.0,0.0,,
2021-09-20,0.0018539159616706793,0.0,0.0,,
2021-09-20,0.028853776186377047,0.0,0.0,,
2021-09-20,0.0004720533856918345,0.0,0.0,,
2021-09-20,0.012084454911968738,0.0,0.0,,
2021-09-20,0.04629625940826998,0.0,0.0,,
2021-09-20,0.04110665631042655,0.0,0.0,,
2021-09-20,0.1129341873716317,0.0,0.0,,
2021-09-20,0.015986875573422626,0.0,0.0,,
2021-09-20,0.0717486884256624,0.0,0.0,,
2021-09-21,0.0634659281414164,0.0,0.0,,
2021-09-21,0.15680309123671993,0.0,0.0,,
2021-09-21,0.06649961330229874,0.0,0.0,,
2021-09-21,0.05388193546970518,0.0,0.0,,
2021-09-21,0.15399785521779216,0.0,0.0,,
2021-09-21,0.10347735449216455,0.0,0.0,,
2021-09-21,0.05801146404150628,0.0,0.0,,
2021-09-21,0.09503120728877437,0.0,0.0,,
2021-09-21,0.21433539276435476,0.0,0.0,,
2021-09-21,0.02762184808304752,0.0,0.0,,
2021-09-21,0.2931063383083061,0.0,0.0,,
2021-09-21,0.26657472598363474,0.0,0.0,,
2021-09-22,0.0402759139807087,0.0,0.0,,
2021-09-22,0.10892491941744785,0.0,0.0,,
2021-09-22,0.006492850169429602,0.0,0.0,,
2021-09-22,0.0037633531755313357,0.0,0.0,,
2021-09-22,0.015541619378296257,0.0,0.0,,
2021-09-22,0.0717431878647028,0.0,0.0,,
2021-09-22,0.049033315368676327,0.0,0.0,,
2021-09-22,0.019263233389555906,0.0,0.0,,
2021-09-22,0.03410219026841136,0.0,0.0,,
2021-09-22,0.04192168037972026,0.0,0.0,,
2021-09-22,0.16060294780600398,0.0,0.0,,
2021-09-22,0.010557091053200988,0.0,0.0,,
2021-09-23,0.03503894302904745,0.0,0.0,0.9286992301566231,0.9584074582836042
2021-09-23,0.05356041991051153,0.0,0.0,0.9286992301566231,0.9584074582836042
2021-09-23,0.07077602754535822,0.0,0.0,0.9286992301566231,0.9584074582836042
2021-09-23,0.13015056130686686,0.0,0.0,0.9286992301566231,0.9584074582836042
2021-09-23,0.05261647807552921,0.0,0.0,0.9286992301566231,0.9584074582836042
2021-09-23,0.1874689465876977,0.0,0.0,0.9286992301566231,0.9584074582836042
2021-09-23,0.20465508147312172,0.0,0.0,0.9286992301566231,0.9584074582836042
2021-09-23,0.0881749808292091,0.0,0.0,0.9286992301566231,0.9584074582836042
2021-09-23,0.02872227220199634,0.0,0.0,0.9286992301566231,0.9584074582836042
2021-09-23,0.22778280629725384,0.0,0.0,0.9286992301566231,0.9584074582836042
2021-09-23,0.023946425787737587,0.0,0.0,0.9286992301566231,0.9584074582836042
2021-09-23,0.050224602406000886,0.0,0.0,0.9286992301566231,0.9584074582836042
2021-09-24,0.33742789897905395,0.0,0.0,,
2021-09-24,0.16705351189534542,0.0,0.0,,
2021-09-24,0.07606449716500786,0.0,0.0,,
2021-09-24,0.3073129081632192,0.0,0.0,,
2021-09-24,0.4205430783079125,0.0,0.0,,
2021-09-24,0.17756151932486355,0.0,0.0,,
2021-09-24,0.0937767391143678,0.0,0.0,,
2021-09-24,0.12703224478973488,0.0,0.0,,
2021-09-24,0.08418256734651006,0.0,0.0,,
2021-09-24,0.046394009728695104,0.0,0.0,,
2021-09-24,0.2667707206099788,0.0,0.0,,
2021-09-24,0.35302923605212794,0.0,0.0,,
2021-09-25,0.0,0.0,0.0,,
2021-09-25,0.003987063475605153,0.0,0.0,,
2021-09-25,0.0,0.0,0.0,,
2021-09-25,0.0,0.0,0.0,,
2021-09-25,0.007014942395742017,0.0,0.0,,
2021-09-25,0.08875819802680643,0.0,0.0,,
2021-09-25,0.002354631112431417,0.0,0.0,,
2021-09-25,0.002204398993484611,0.0,0.0,,
2021-09-25,0.005759753280539765,0.0,0.0,,
2021-09-25,0.0,0.0,0.0,,
2021-09-25,0.00016484411804344146,0.0,0.0,,
2021-09-25,0.0005451110118512538,0.0,0.0,,
2021-09-26,0.0,0.0,0.0,,
2021-09-26,8.396478958324438e-05,0.0,0.0,,
2021-09-26,0.030752825118717558,0.0,0.0,,
2021-09-26,0.0,0.0,0.0,,
2021-09-26,0.00016301945183710476,0.0,0.0,,
2021-09-26,1.0525295070768517e-05,0.0,0.0,,
2021-09-26,0.0,0.0,0.0,,
2021-09-26,0.02255673136579061,0.0,0.0,,
2021-09-26,0.0,0.0,0.0,,
2021-09-26,0.004509569759755161,0.0,0.0,,
2021-09-26,0.0,0.0,0.0,,
2021-09-26,0.011028592858470207,0.0,0.0,,
2021-09-27,0.01734851833116918,0.0,0.0,,
2021-09-27,0.0,0.0,0.0,,
2021-09-27,0.00027948624531294076,0.0,0.0,,
2021-09-27,0.0,0.0,0.0,,
2021-09-27,3.0137890792744185e-06,0.0,0.0,,
2021-09-27,0.0,0.0,0.0,,
2021-09-27,0.0007714671616835568,0.0,0.0,,
2021-09-27,4.307078901161541e-06,0.0,0.0,,
2021-09-27,0.0,0.0,0.0,,
2021-09-27,0.0,0.0,0.0,,
2021-09-27,0.01211072019860501,0.0,0.0,,
2021-09-27,0.0,0.0,0.0,,
2021-09-28,0.0036527425266826945,0.0,0.0,,
2021-09-28,0.0,0.0,0.0,,
2021-09-28,0.0,0.0,0.0,,
2021-09-28,0.008498522336066747,0.0,0.0,,
2021-09-28,0.00042416442872931224,0.0,0.0,,
2021-09-28,0.0,0.0,0.0,,
2021-09-28,0.003870829801374998,0.0,0.0,,
2021-09-28,1.4591989417060023e-05,0.0,0.0,,
2021-09-28,0.020957493450633812,0.0,0.0,,
2021-09-28,0.0,0.0,0.0,,
2021-09-28,0.02968829519040456,0.0,0.0,,
2021-09-28,0.0,0.0,0.0,,
2021-09-29,0.024557892127117713,0.0,0.0,,
2021-09-29,0.02564928675321303,0.0,0.0,,
2021-09-29,0.003941756304107858,0.0,0.0,,
2021-09-29,0.026587050798612413,0.0,0.0,,
2021-09-29,0.10698765841095052,0.0,0.0,,
2021-09-29,0.011545216722562715,0.0,0.0,,
2021-09-29,0.005827775612437984,0.0,0.0,,
2021-09-29,0.03055911347464484,0.0,0.0,,
2021-09-29,0.013011207460402269,0.0,0.0,,
2021-09-29,0.007592881406371943,0.0,0.0,,
2021-09-29,0.01652933097131005,0.0,0.0,,
2021-09-29,0.05570218386827555,0.0,0.0,,
2021-09-30,0.0,0.0,0.0,0.9814175736660472,0.9902042470781627
2021-09-30,0.005479040641780504,0.0,0.0,0.9814175736660472,0.9902042470781627
2021-09-30,0.03708917055113595,0.0,0.0,0.9814175736660472,0.9902042470781627
2021-09-30,3.3611745164361985e-05,0.0,0.0,0.9814175736660472,0.9902042470781627
2021-09-30,0.10714968387593883,0.0,0.0,0.9814175736660472,0.9902042470781627
2021-09-30,0.0007500843479258947,0.0,0.0,0.9814175736660472,0.9902042470781627
2021-09-30,0.01875420084804909,0.0,0.0,0.9814175736660472,0.9902042470781627
2021-09-30,0.014198994590049014,0.0,0.0,0.9814175736660472,0.9902042470781627
2021-09-30,0.009524885457264012,0.0,0.0,0.9814175736660472,0.9902042470781627
2021-09-30,0.03449800424825673,0.0,0.0,0.9814175736660472,0.9902042470781627
2021-09-30,0.00043187542067528483,0.0,0.0,0.9814175736660472,0.9902042470781627
2021-09-30,0.024838556315057093,0.0,0.0,0.9814175736660472,0.9902042470781627
2021-10-01,0.04386885360025483,0.0,0.0,,
2021-10-01,0.002702646345465441,0.0,0.0,,
2021-10-01,0.009733457324118027,0.0,0.0,,
2021-10-01,0.00885114984651891,0.0,0.0,,
2021-10-01,0.12588173023258747,0.0,0.0,,
2021-10-01,0.01700638332471714,0.0,0.0,,
2021-10-01,0.0037264356128789747,0.0,0.0,,
2021-10-01,0.006640196017042368,0.0,0.0,,
2021-10-01,0.0007819770376395363,0.0,0.0,,
2021-10-01,0.035007447904456784,0.0,0.0,,
2021-10-01,0.01033371526277052,0.0,0.0,,
2021-10-01,0.007094771262300325,0.0,0.0,,
2021-10-02,0.0002637241246337155,0.0,0.0,,
2021-10-02,0.005285243655776529,0.0,0.0,,
2021-10-02,0.0033529005231866687,0.0,0.0,,
2021-10-02,0.027915877922488667,0.0,0.0,,
2021-10-02,0.0025439767869502744,0.0,0.0,,
2021-10-02,0.020084635021297332,0.0,0.0,,
2021-10-02,0.09189766073999578,0.0,0.0,,
2021-10-02,0.0719471532386205,0.0,0.0,,
2021-10-02,0.01620349527416904,0.0,0.0,,
2021-10-02,0.008594006129914435,0.0,0.0,,
2021-10-02,0.009335300693914216,0.0,0.0,,
2021-10-02,0.016783659681396737,0.0,0.0,,
2021-10-03,0.013112614489611308,0.0,0.0,,
2021-10-03,0.012166977653367548,0.0,0.0,,
2021-10-03,0.03151848192110457,0.0,0.0,,
2021-10-03,0.005644223462059729,0.0,0.0,,
2021-10-03,0.00014300465415151354,0.0,0.0,,
2021-10-03,0.0,0.0,0.0,,
2021-10-03,0.0007452966479977281,0.0,0.0,,
2021-10-03,0.005680566769120669,0.0,0.0,,
2021-10-03,0.0007143643766278827,0.0,0.0,,
2021-10-03,0.0,0.0,0.0,,
2021-10-03,0.0008147621387008941,0.0,0.0,,
2021-10-03,0.0005572097507683161,0.0,0.0,,
2021-10-04,0.0025222153904252394,0.0,0.0,,
2021-10-04,0.025185079253583643,0.0,0.0,,
2021-10-04,8.514757266408704e-07,0.0,0.0,,
2021-10-04,0.001549829092532562,0.0,0.0,,
2021-10-04,0.00017833986948313514,0.0,0.0,,
2021-10-04,0.0011147091143457416,0.0,0.0,,
2021-10-04,0.0018330867089422142,0.0,0.0,,
2021-10-04,3.516321723484013e-05,0.0,0.0,,
2021-10-04,0.0020919686669667713,0.0,0.0,,
2021-10-04,0.0015675411111361372,0.0,0.0,,
2021-10-04,0.0,0.0,0.0,,
2021-10-04,0.002060620838421641,0.0,0.0,,
2021-10-05,9.472428675469385e-05,0.0,0.0,,
2021-10-05,0.009768745208505451,0.0,0.0,,
2021-10-05,0.0009288986930025294,0.0,0.0,,
2021-10-05,0.0270884211599448,0.0,0.0,,
2021-10-05,0.015280460796302766,0.0,0.0,,
2021-10-05,0.003629678492613122,0.0,0.0,,
2021-10-05,0.002210501010983045,0.0,0.0,,
2021-10-05,0.008708214837528733,0.0,0.0,,
2021-10-05,0.02321165251899024,0.0,0.0,,
2021-10-05,0.0045208426875346045,0.0,0.0,,
2021-10-05,0.01556395705729515,0.0,0.0,,
2021-10-05,0.009357634152555158,0.0,0.0,,
2021-10-06,0.0,0.0,0.0,,
2021-10-06,0.0030084684018172295,0.0,0.0,,
2021-10-06,0.0035850930208355222,0.0,0.0,,
2021-10-06,0.0005018975636347422,0.0,0.0,,
2021-10-06,0.0,0.0,0.0,,
2021-10-06,0.0,0.0,0.0,,
2021-10-06,0.0009219398132679673,0.0,0.0,,
2021-10-06,0.0,0.0,0.0,,
2021-10-06,0.0,0.0,0.0,,
2021-10-06,9.316207868592328e-05,0.0,0.0,,
2021-10-06,0.0,0.0,0.0,,
2021-10-06,0.0,0.0,0.0,,
2021-10-07,0.053069929465379716,0.0,0.0,0.9999999999999999,1.0
2021-10-07,0.0,0.0,0.0,0.9999999999999999,1.0
2021-10-07,0.0,0.0,0.0,0.9999999999999999,1.0
2021-10-07,0.0,0.0,0.0,0.9999999999999999,1.0
2021-10-07,0.0,0.0,0.0,0.9999999999999999,1.0
2021-10-07,0.0,0.0,0.0,0.9999999999999999,1.0
2021-10-07,0.0,0.0,0.0,0.9999999999999999,1.0
2021-10-07,0.0,0.0,0.0,0.9999999999999999,1.0
2021-10-07,0.0,0.0,0.0,0.9999999999999999,1.0
2021-10-07,0.0,0.0,0.0,0.9999999999999999,1.0
2021-10-07,0.0,0.0,0.0,0.9999999999999999,1.0
2021-10-07,0.0,0.0,0.0,0.9999999999999999,1.0
2021-10-08,0.0,0.0,0.0,,
2021-10-08,0.0,0.0,0.0,,
2021-10-08,0.0,0.0,0.0,,
2021-10-08,0.0,0.0,0.0,,
2021-10-08,0.0,0.0,0.0,,
2021-10-08,0.0,0.0,0.0,,
2021-10-08,0.0,0.0,0.0,,
2021-10-08,0.0,0.0,0.0,,
2021-10-08,0.0,0.0,0.0,,
2021-10-08,0.0,0.0,0.0,,
2021-10-08,0.0,0.0,0.0,,
2021-10-08,0.0,0.0,0.0,,
2021-10-09,0.0,0.0,0.0,,
2021-10-09,0.0,0.0,0.0,,
2021-10-09,0.0,0.0,0.0,,
2021-10-09,0.0,0.0,0.0,,
2021-10-09,0.0,0.0,0.0,,
2021-10-09,0.0,0.0,0.0,,
2021-10-09,0.0,0.0,0.0,,
2021-10-09,0.0,0.0,0.0,,
2021-10-09,0.0,0.0,0.0,,
2021-10-09,0.0,0.0,0.0,,
2021-10-09,0.0,0.0,0.0,,
2021-10-09,0.0,0.0,0.0,,
2021-10-10,0.012014163860017569,0.0,0.0,,
2021-10-10,0.001181413917129377,0.0,0.0,,
2021-10-10,0.0,0.0,0.0,,
2021-10-10,0.009889730644835006,0.0,0.0,,
2021-10-10,0.0,0.0,0.0,,
2021-10-10,0.0,0.0,0.0,,
2021-10-10,0.0,0.0,0.0,,
2021-10-10,0.0,0.0,0.0,,
2021-10-10,0.0,0.0,0.0,,
2021-10-10,0.0,0.0,0.0,,
2021-10-10,6.675974147834578e-05,0.0,0.0,,
2021-10-10,0.0,0.0,0.0,,
2021-10-11,0.0,0.0,0.0,,
2021-10-11,0.0,0.0,0.0,,
2021-10-11,0.0,0.0,0.0,,
2021-10-11,0.0,0.0,0.0,,
2021-10-11,0.0,0.0,0.0,,
2021-10-11,0.0,0.0,0.0,,
2021-10-11,0.0,0.0,0.0,,
2021-10-11,0.0,0.0,0.0,,
2021-10-11,0.0,0.0,0.0,,
2021-10-11,0.0,0.0,0.0,,
2021-10-11,0.0,0.0,0.0,,
2021-10-11,0.0,0.0,0.0,,
2021-10-12,0.0,0.0,0.0,,
2021-10-12,0.0,0.0,0.0,,
2021-10-12,0.0,0.0,0.0,,
2021-10-12,0.0,0.0,0.0,,
2021-10-12,0.0,0.0,0.0,,
2021-10-12,0.0,0.0,0.0,,
2021-10-12,0.0,0.0,0.0,,
2021-10-12,0.0,0.0,0.0,,
2021-10-12,0.0,0.0,0.0,,
2021-10-12,0.0,0.0,0.0,,
2021-10-12,0.0,0.0,0.0,,
2021-10-12,0.0,0.0,0.0,,
2021-10-13,0.0,0.0,0.0,,
2021-10-13,0.0,0.0,0.0,,
2021-10-13,0.0,0.0,0.0,,
2021-10-13,0.0,0.0,0.0,,
2021-10-13,0.0,0.0,0.0,,
2021-10-13,0.0,0.0,0.0,,
2021-10-13,0.0,0.0,0.0,,
2021-10-13,0.0,0.0,0.0,,
2021-10-13,0.0,0.0,0.0,,
2021-10-13,0.0,0.0,0.0,,
2021-10-13,0.0,0.0,0.0,,
2021-10-13,0.0,0.0,0.0,,
2021-10-14,0.0,0.0,0.0,0.984072205999469,0.9913076767176339
2021-10-14,0.0,0.0,0.0,0.984072205999469,0.9913076767176339
2021-10-14,0.0,0.0,0.0,0.984072205999469,0.9913076767176339
2021-10-14,0.0,0.0,0.0,0.984072205999469,0.9913076767176339
2021-10-14,0.0,0.0,0.0,0.984072205999469,0.9913076767176339
2021-10-14,0.0,0.0,0.0,0.984072205999469,0.9913076767176339
2021-10-14,0.0,0.0,0.0,0.984072205999469,0.9913076767176339
2021-10-14,0.0,0.0,0.0,0.984072205999469,0.9913076767176339
2021-10-14,0.0,0.0,0.0,0.984072205999469,0.9913076767176339
2021-10-14,0.0,0.0,0.0,0.984072205999469,0.9913076767176339
2021-10-14,0.0,0.0,0.0,0.984072205999469,0.9913076767176339
2021-10-14,0.0,0.0,0.0,0.984072205999469,0.9913076767176339
2021-10-15,0.0,0.0,0.0,,
2021-10-15,0.0,0.0,0.0,,
2021-10-15,0.0,0.0,0.0,,
2021-10-15,0.0,0.0,0.0,,
2021-10-15,0.0,0.0,0.0,,
2021-10-15,0.0,0.0,0.0,,
2021-10-15,0.0,0.0,0.0,,
2021-10-15,0.0,0.0,0.0,,
2021-10-15,0.0,0.0,0.0,,
2021-10-15,0.0,0.0,0.0,,
2021-10-15,0.0,0.0,0.0,,
2021-10-15,0.0,0.0,0.0,,
2021-10-16,0.0,0.0,0.0,,
2021-10-16,0.0,0.0,0.0,,
2021-10-16,0.0,0.0,0.0,,
2021-10-16,0.0,0.0,0.0,,
2021-10-16,0.0,0.0,0.0,,
2021-10-16,0.0,0.0,0.0,,
2021-10-16,0.0,0.0,0.0,,
2021-10-16,0.0,0.0,0.0,,
2021-10-16,0.0,0.0,0.0,,
2021-10-16,0.0,0.0,0.0,,
2021-10-16,0.0,0.0,0.0,,
2021-10-16,0.0,0.0,0.0,,
2021-10-17,0.0014969004080819589,0.0,0.0,,
2021-10-17,0.0035844503047446435,0.0,0.0,,
2021-10-17,0.00011510339573406515,0.0,0.0,,
2021-10-17,0.00024526522299031257,0.0,0.0,,
2021-10-17,0.0,0.0,0.0,,
2021-10-17,0.0013968721772191386,0.0,0.0,,
2021-10-17,0.004996570218752407,0.0,0.0,,
2021-10-17,0.0002937981917676454,0.0,0.0,,
2021-10-17,0.0007408369328173952,0.0,0.0,,
2021-10-17,0.0030435375957704727,0.0,0.0,,
2021-10-17,0.0029823802684079536,0.0,0.0,,
2021-10-17,0.0,0.0,0.0,,
2021-10-18,0.185507421114439,0.0,0.0,,
2021-10-18,0.20925572764028075,0.0,0.0,,
2021-10-18,0.013928066573540395,0.0,0.0,,
2021-10-18,0.046245448973303155,0.0,0.0,,
2021-10-18,0.17000606598711795,0.0,0.0,,
2021-10-18,0.16188150321064843,0.0,0.0,,
2021-10-18,0.024931417443349504,0.0,0.0,,
2021-10-18,0.17542858327307476,0.0,0.0,,
2021-10-18,0.11613542281626499,0.0,0.0,,
2021-10-18,0.22072987199861654,0.0,0.0,,
2021-10-18,0.09555264945039019,0.0,0.0,,
2021-10-18,0.05497913479093243,0.0,0.0,,
2021-10-19,0.44365773955081206,0.0,0.0,,
2021-10-19,0.21984104619667486,0.0,0.0,,
2021-10-19,0.08182069273932728,0.0,0.0,,
2021-10-19,0.031594343253218055,0.0,0.0,,
2021-10-19,0.1090868224365246,0.0,0.0,,
2021-10-19,0.05155090696825078,0.0,0.0,,
2021-10-19,8.333403117322234e-05,0.0,0.0,,
2021-10-19,0.00663792447416228,0.0,0.0,,
2021-10-19,0.1898851133603694,0.0,0.0,,
2021-10-19,0.23300999625469146,0.0,0.0,,
2021-10-19,0.32658869053724815,0.0,0.0,,
2021-10-19,0.040257967065866616,0.0,0.0,,
2021-10-20,0.0,0.0,0.0,,
2021-10-20,0.0,0.0,0.0,,
2021-10-20,0.0,0.0,0.0,,
2021-10-20,0.0,0.0,0.0,,
2021-10-20,0.0,0.0,0.0,,
2021-10-20,0.0,0.0,0.0,,
2021-10-20,0.0,0.0,0.0,,
2021-10-20,0.0024717436854597135,0.0,0.0,,
2021-10-20,0.0,0.0,0.0,,
2021-10-20,0.0,0.0,0.0,,
2021-10-20,0.0,0.0,0.0,,
2021-10-20,0.0,0.0,0.0,,
2021-10-21,0.0,0.0,0.0,0.9601805149986725,0.9773233949602549
2021-10-21,0.0,0.0,0.0,0.9601805149986725,0.9773233949602549
2021-10-21,0.0,0.0,0.0,0.9601805149986725,0.9773233949602549
2021-10-21,0.003462758809934284,0.0,0.0,0.9601805149986725,0.9773233949602549
2021-10-21,0.0,0.0,0.0,0.9601805149986725,0.9773233949602549
2021-10-21,0.0,0.0,0.0,0.9601805149986725,0.9773233949602549
2021-10-21,0.0,0.0,0.0,0.9601805149986725,0.9773233949602549
2021-10-21,0.0,0.0,0.0,0.9601805149986725,0.9773233949602549
2021-10-21,0.0,0.0,0.0,0.9601805149986725,0.9773233949602549
2021-10-21,0.0,0.0,0.0,0.9601805149986725,0.9773233949602549
2021-10-21,0.0,0.0,0.0,0.9601805149986725,0.9773233949602549
2021-10-21,0.0,0.0,0.0,0.9601805149986725,0.9773233949602549
2021-10-22,0.0,0.0,0.0,,
2021-10-22,0.0,0.0,0.0,,
2021-10-22,0.0,0.0,0.0,,
2021-10-22,0.0,0.0,0.0,,
2021-10-22,0.0,0.0,0.0,,
2021-10-22,0.0,0.0,0.0,,
2021-10-22,0.0,0.0,0.0,,
2021-10-22,0.0,0.0,0.0,,
2021-10-22,0.0,0.0,0.0,,
2021-10-22,0.0,0.0,0.0,,
2021-10-22,0.0,0.0,0.0,,
2021-10-22,0.0,0.0,0.0,,
2021-10-23,0.0,0.0,0.0,,
2021-10-23,0.0,0.0,0.0,,
2021-10-23,0.0007635546383903276,0.0,0.0,,
2021-10-23,0.0,0.0,0.0,,
2021-10-23,0.0,0.0,0.0,,
2021-10-23,0.0,0.0,0.0,,
2021-10-23,0.0,0.0,0.0,,
2021-10-23,0.0,0.0,0.0,,
2021-10-23,0.0,0.0,0.0,,
2021-10-23,0.0,0.0,0.0,,
2021-10-23,0.0,0.0,0.0,,
2021-10-23,0.0,0.0,0.0,,
2021-10-24,0.01642849374595521,0.0,0.0,,
2021-10-24,0.06768459957658407,0.0,0.0,,
2021-10-24,0.11763904685614653,0.0,0.0,,
2021-10-24,0.0011539724833698275,0.0,0.0,,
2021-10-24,0.030127244819499507,0.0,0.0,,
2021-10-24,0.1711083627695896,0.0,0.0,,
2021-10-24,0.03038938947517065,0.0,0.0,,
2021-10-24,0.16165784191670474,0.0,0.0,,
2021-10-24,0.006746644134249615,0.0,0.0,,
2021-10-24,0.25407321128235844,0.0,0.0,,
2021-10-24,0.0042928598581127506,0.0,0.0,,
2021-10-24,0.00014859729480682586,0.0,0.0,,
2021-10-25,0.10147237460305868,0.0,0.0,,
2021-10-25,0.06483587818326236,0.0,0.0,,
2021-10-25,0.08871778078785553,0.0,0.0,,
2021-10-25,0.07104278167413071,0.0,0.0,,
2021-10-25,0.08053141393267807,0.0,0.0,,
2021-10-25,0.1900217296790542,0.0,0.0,,
2021-10-25,0.1248510758773417,0.0,0.0,,
2021-10-25,0.23821877388250584,0.0,0.0,,
2021-10-25,0.12368120996092732,0.0,0.0,,
2021-10-25,0.17921904825019738,0.0,0.0,,
2021-10-25,0.22425792131940767,0.0,0.0,,
2021-10-25,0.03432472525432728,0.0,0.0,,
2021-10-26,0.0,0.0,0.0,,
2021-10-26,0.0,0.0,0.0,,
2021-10-26,0.0,0.0,0.0,,
2021-10-26,0.0,0.0,0.0,,
2021-10-26,0.0,0.0,0.0,,
2021-10-26,0.0,0.0,0.0,,
2021-10-26,0.0,0.0,0.0,,
2021-10-26,0.0,0.0,0.0,,
2021-10-26,0.0,0.0,0.0,,
2021-10-26,0.0,0.0,0.0,,
2021-10-26,0.0,0.0,0.0,,
2021-10-26,0.0,0.0,0.0,,
2021-10-27,0.0002553826611880201,0.0,0.0,,
2021-10-27,0.0006239748880113211,0.0,0.0,,
2021-10-27,0.0,0.0,0.0,,
2021-10-27,0.004950447028088349,0.0,0.0,,
2021-10-27,0.004049834044049016,0.0,0.0,,
2021-10-27,0.011117578689351402,0.0,0.0,,
2021-10-27,0.0,0.0,0.0,,
2021-10-27,0.0,0.0,0.0,,
2021-10-27,0.022132438290185207,0.0,0.0,,
2021-10-27,0.0008053940361633143,0.0,0.0,,
2021-10-27,4.5986871251257795e-05,0.0,0.0,,
2021-10-27,0.026321549977323347,0.0,0.0,,
2021-10-28,0.000616529278836932,0.0,0.0,0.9442527209981418,0.9672123764271401
2021-10-28,0.027291380126574307,0.0,0.0,0.9442527209981418,0.9672123764271401
2021-10-28,4.8399268577908335e-06,0.0,0.0,0.9442527209981418,0.9672123764271401
2021-10-28,0.022208997998987616,0.0,0.0,0.9442527209981418,0.9672123764271401
2021-10-28,0.0016439082753622743,0.0,0.0,0.9442527209981418,0.9672123764271401
2021-10-28,0.000442332134929375,0.0,0.0,0.9442527209981418,0.9672123764271401
2021-10-28,0.0017146806332230988,0.0,0.0,0.9442527209981418,0.9672123764271401
2021-10-28,2.712374076180304e-05,0.0,0.0,0.9442527209981418,0.9672123764271401
2021-10-28,0.0,0.0,0.0,0.9442527209981418,0.9672123764271401
2021-10-28,4.381227628678455e-05,0.0,0.0,0.9442527209981418,0.9672123764271401
2021-10-28,0.007397274580945481,0.0,0.0,0.9442527209981418,0.9672123764271401
2021-10-28,0.0,0.0,0.0,0.9442527209981418,0.9672123764271401
2021-10-29,0.0,0.0,0.0,,
2021-10-29,0.0,0.0,0.0,,
2021-10-29,0.0,0.0,0.0,,
2021-10-29,0.0,0.0,0.0,,
2021-10-29,0.0,0.0,0.0,,
2021-10-29,0.0,0.0,0.0,,
2021-10-29,0.0,0.0,0.0,,
2021-10-29,0.0,0.0,0.0,,
2021-10-29,0.0,0.0,0.0,,
2021-10-29,0.0,0.0,0.0,,
2021-10-29,0.0,0.0,0.0,,
2021-10-29,0.0,0.0,0.0,,
2021-10-30,0.0,0.0,0.0,,
2021-10-30,0.0,0.0,0.0,,
2021-10-30,0.0,0.0,0.0,,
2021-10-30,0.0,0.0,0.0,,
2021-10-30,0.0,0.0,0.0,,
2021-10-30,0.0,0.0,0.0,,
2021-10-30,0.0,0.0,0.0,,
2021-10-30,0.0,0.0,0.0,,
2021-10-30,0.0,0.0,0.0,,
2021-10-30,0.0,0.0,0.0,,
2021-10-30,0.0,0.0,0.0,,
2021-10-30,0.0,0.0,0.0,,
2021-10-31,0.0,0.0,0.0,,
2021-10-31,0.0,0.0,0.0,,
2021-10-31,0.0,0.0,0.0,,
2021-10-31,0.0,0.0,0.0,,
2021-10-31,0.0,0.0,0.0,,
2021-10-31,0.0,0.0,0.0,,
2021-10-31,0.0,0.0,0.0,,
2021-10-31,0.0,0.0,0.0,,
2021-10-31,0.0,0.0,0.0,,
2021-10-31,0.0,0.0,0.0,,
2021-10-31,0.0,0.0,0.0,,
2021-10-31,0.0,0.0,0.0,,
2021-11-01,0.0,0.0,0.0,,
2021-11-01,0.0,0.0,0.0,,
2021-11-01,0.0,0.0,0.0,,
2021-11-01,0.0,0.0,0.0,,
2021-11-01,0.0,0.0,0.0,,
2021-11-01,0.0,0.0,0.0,,
2021-11-01,0.0,0.0,0.0,,
2021-11-01,0.0,0.0,0.0,,
2021-11-01,0.0,0.0,0.0,,
2021-11-01,0.0,0.0,0.0,,
2021-11-01,0.0,0.0,0.0,,
2021-11-01,0.0,0.0,0.0,,
2021-11-02,0.0,0.0,0.0,,
2021-11-02,0.0,0.0,0.0,,
2021-11-02,8.76245525735691e-05,0.0,0.0,,
2021-11-02,0.0,0.0,0.0,,
2021-11-02,0.0,0.0,0.0,,
2021-11-02,0.0,0.0,0.0,,
2021-11-02,0.0,0.0,0.0,,
2021-11-02,0.0,0.0,0.0,,
2021-11-02,5.288811903636582e-06,0.0,0.0,,
2021-11-02,0.0,0.0,0.0,,
2021-11-02,0.0,0.0,0.0,,
2021-11-02,0.0,0.0,0.0,,
2021-11-03,0.001683312637660487,0.0,0.0,0.9230156623307672,0.9544441191704021
2021-11-03,0.004894857935495368,0.0,0.0,0.9230156623307672,0.9544441191704021
2021-11-03,0.044300576356885425,0.0,0.0,0.9230156623307672,0.9544441191704021
2021-11-03,0.006741169820954794,0.0,0.0,0.9230156623307672,0.9544441191704021
2021-11-03,0.0034360664989659304,0.0,0.0,0.9230156623307672,0.9544441191704021
2021-11-03,0.003461675408879014,0.0,0.0,0.9230156623307672,0.9544441191704021
2021-11-03,0.00043113648782729564,0.0,0.0,0.9230156623307672,0.9544441191704021
2021-11-03,0.006409291145050786,0.0,0.0,0.9230156623307672,0.9544441191704021
2021-11-03,0.008816791449693991,0.0,0.0,0.9230156623307672,0.9544441191704021
2021-11-03,0.004461059512422491,0.0,0.0,0.9230156623307672,0.9544441191704021
2021-11-03,0.009388184620358146,0.0,0.0,0.9230156623307672,0.9544441191704021
2021-11-03,0.004115052142448424,0.0,0.0,0.9230156623307672,0.9544441191704021
2021-11-04,0.0,0.0,0.0,,
2021-11-04,0.0,0.0,0.0,,
2021-11-04,0.0,0.0,0.0,,
2021-11-04,0.0,0.0,0.0,,
2021-11-04,4.5986871251257795e-05,0.0,0.0,,
2021-11-04,0.0,0.0,0.0,,
2021-11-04,0.0,0.0,0.0,,
2021-11-04,0.0,0.0,0.0,,
2021-11-04,0.0,0.0,0.0,,
2021-11-04,6.883968380959777e-05,0.0,0.0,,
2021-11-04,6.684212175489829e-05,0.0,0.0,,
2021-11-04,0.0,0.0,0.0,,
2021-11-05,0.0,0.0,0.0,,
2021-11-05,0.0,0.0,0.0,,
2021-11-05,0.0,0.0,0.0,,
2021-11-05,0.0,0.0,0.0,,
2021-11-05,0.0,0.0,0.0,,
2021-11-05,0.0,0.0,0.0,,
2021-11-05,0.0,0.0,0.0,,
2021-11-05,0.0,0.0,0.0,,
2021-11-05,0.0,0.0,0.0,,
2021-11-05,0.0,0.0,0.0,,
2021-11-05,0.0,0.0,0.0,,
2021-11-05,0.0,0.0,0.0,,
2021-11-06,0.0,0.0,0.0,,
2021-11-06,0.0,0.0,0.0,,
2021-11-06,0.0,0.0,0.0,,
2021-11-06,0.0,0.0,0.0,,
2021-11-06,0.0,0.0,0.0,,
2021-11-06,0.0,0.0,0.0,,
2021-11-06,0.0,0.0,0.0,,
2021-11-06,0.0,0.0,0.0,,
2021-11-06,0.0,0.0,0.0,,
2021-11-06,0.0,0.0,0.0,,
2021-11-06,0.0,0.0,0.0,,
2021-11-06,0.0,0.0,0.0,,
2021-11-07,0.0,0.0,0.0,,
2021-11-07,0.0,0.0,0.0,,
2021-11-07,0.0,0.0,0.0,,
2021-11-07,0.0,0.0,0.0,,
2021-11-07,0.0,0.0,0.0,,
2021-11-07,0.0,0.0,0.0,,
2021-11-07,0.0,0.0,0.0,,
2021-11-07,0.0,0.0,0.0,,
2021-11-07,0.0,0.0,0.0,,
2021-11-07,0.0,0.0,0.0,,
2021-11-07,0.0,0.0,0.0,,
2021-11-07,0.0,0.0,0.0,,
2021-11-08,0.0,0.0,0.0,,
2021-11-08,0.0,0.0,0.0,,
2021-11-08,0.0,0.0,0.0,,
2021-11-08,0.0,0.0,0.0,,
2021-11-08,0.0,0.0,0.0,,
2021-11-08,0.0,0.0,0.0,,
2021-11-08,0.0,0.0,0.0,,
2021-11-08,0.0,0.0,0.0,,
2021-11-08,0.0,0.0,0.0,,
2021-11-08,0.0,0.0,0.0,,
2021-11-08,0.0,0.0,0.0,,
2021-11-08,0.0,0.0,0.0,,
2021-11-09,0.0,0.0,0.0,,
2021-11-09,0.0,0.0,0.0,,
2021-11-09,0.0,0.0,0.0,,
2021-11-09,0.0,0.0,0.0,,
2021-11-09,0.0,0.0,0.0,,
2021-11-09,0.0,0.0,0.0,,
2021-11-09,0.0,0.0,0.0,,
2021-11-09,0.0,0.0,0.0,,
2021-11-09,0.0,0.0,0.0,,
2021-11-09,0.0,0.0,0.0,,
2021-11-09,0.0,0.0,0.0,,
2021-11-09,0.0,0.0,0.0,,
2021-11-10,0.0,0.0,0.0,,
2021-11-10,0.0,0.0,0.0,,
2021-11-10,0.0,0.0,0.0,,
2021-11-10,0.0,0.0,0.0,,
2021-11-10,0.0,0.0,0.0,,
2021-11-10,0.0,0.0,0.0,,
2021-11-10,0.0,0.0,0.0,,
2021-11-10,0.0,0.0,0.0,,
2021-11-10,0.0,0.0,0.0,,
2021-11-10,0.0,0.0,0.0,,
2021-11-10,0.0,0.0,0.0,,
2021-11-10,0.0,0.0,0.0,,
2021-11-11,0.0,0.0,0.0,0.8911600743297053,0.9356407773549229
2021-11-11,0.0,0.0,0.0,0.8911600743297053,0.9356407773549229
2021-11-11,0.0,0.0,0.0,0.8911600743297053,0.9356407773549229
2021-11-11,0.0,0.0,0.0,0.8911600743297053,0.9356407773549229
2021-11-11,0.0,0.0,0.0,0.8911600743297053,0.9356407773549229
2021-11-11,0.0,0.0,0.0,0.8911600743297053,0.9356407773549229
2021-11-11,0.0,0.0,0.0,0.8911600743297053,0.9356407773549229
2021-11-11,0.0,0.0,0.0,0.8911600743297053,0.9356407773549229
2021-11-11,0.0,0.0,0.0,0.8911600743297053,0.9356407773549229
2021-11-11,0.0,0.0,0.0,0.8911600743297053,0.9356407773549229
2021-11-11,0.0,0.0,0.0,0.8911600743297053,0.9356407773549229
2021-11-11,0.0,0.0,0.0,0.8911600743297053,0.9356407773549229
2021-11-12,0.0,0.0,0.0,,
2021-11-12,0.0,0.0,0.0,,
2021-11-12,0.0,0.0,0.0,,
2021-11-12,0.0,0.0,0.0,,
2021-11-12,0.0,0.0,0.0,,
2021-11-12,0.0,0.0,0.0,,
2021-11-12,0.0,0.0,0.0,,
2021-11-12,0.0,0.0,0.0,,
2021-11-12,0.0,0.0,0.0,,
2021-11-12,0.0,0.0,0.0,,
2021-11-12,0.0,0.0,0.0,,
2021-11-12,0.0,0.0,0.0,,
2021-11-13,0.0,0.0,0.0,,
2021-11-13,0.0,0.0,0.0,,
2021-11-13,0.0,0.0,0.0,,
2021-11-13,0.0,0.0,0.0,,
2021-11-13,0.0,0.0,0.0,,
2021-11-13,0.0,0.0,0.0,,
2021-11-13,0.0,0.0,0.0,,
2021-11-13,0.0,0.0,0.0,,
2021-11-13,0.0,0.0,0.0,,
2021-11-13,0.0,0.0,0.0,,
2021-11-13,0.0,0.0,0.0,,
2021-11-13,0.0,0.0,0.0,,
2021-11-14,0.0,0.0,0.0,,
2021-11-14,0.0,0.0,0.0,,
2021-11-14,0.0,0.0,0.0,,
2021-11-14,0.0,0.0,0.0,,
2021-11-14,0.0,0.0,0.0,,
2021-11-14,0.0,0.0,0.0,,
2021-11-14,0.0,0.0,0.0,,
2021-11-14,0.0,0.0,0.0,,
2021-11-14,0.0,0.0,0.0,,
2021-11-14,0.0,0.0,0.0,,
2021-11-14,0.0,0.0,0.0,,
2021-11-14,0.0,0.0,0.0,,
2021-11-15,0.0,0.0,0.0,,
2021-11-15,0.0,0.0,0.0,,
2021-11-15,0.0,0.0,0.0,,
2021-11-15,0.0,0.0,0.0,,
2021-11-15,0.0,0.0,0.0,,
2021-11-15,0.0,0.0,0.0,,
2021-11-15,0.0,0.0,0.0,,
2021-11-15,0.0,0.0,0.0,,
2021-11-15,0.0,0.0,0.0,,
2021-11-15,0.0,0.0,0.0,,
2021-11-15,0.0,0.0,0.0,,
2021-11-15,0.0,0.0,0.0,,
2021-11-16,0.0,0.0,0.0,,
2021-11-16,0.0,0.0,0.0,,
2021-11-16,0.0,0.0,0.0,,
2021-11-16,0.0,0.0,0.0,,
2021-11-16,0.0,0.0,0.0,,
2021-11-16,0.0,0.0,0.0,,
2021-11-16,0.0,0.0,0.0,,
2021-11-16,0.0,0.0,0.0,,
2021-11-16,0.0,0.0,0.0,,
2021-11-16,0.0,0.0,0.0,,
2021-11-16,0.0,0.0,0.0,,
2021-11-16,0.0,0.0,0.0,,
2021-11-17,0.0,0.0,0.0,,
2021-11-17,0.0,0.0,0.0,,
2021-11-17,0.0,0.0,0.0,,
2021-11-17,0.0,0.0,0.0,,
2021-11-17,0.0,0.0,0.0,,
2021-11-17,0.0,0.0,0.0,,
2021-11-17,0.0,0.0,0.0,,
2021-11-17,0.0,0.0,0.0,,
2021-11-17,0.0,0.0,0.0,,
2021-11-17,0.0,0.0,0.0,,
2021-11-17,0.0,0.0,0.0,,
2021-11-17,0.0,0.0,0.0,,
2021-11-18,0.0,0.0,0.0,0.8619591186620652,0.9182110928457234
2021-11-18,0.0,0.0,0.0,0.8619591186620652,0.9182110928457234
2021-11-18,0.0,0.0,0.0,0.8619591186620652,0.9182110928457234
2021-11-18,0.0,0.0,0.0,0.8619591186620652,0.9182110928457234
2021-11-18,0.0,0.0,0.0,0.8619591186620652,0.9182110928457234
2021-11-18,0.0,0.0,0.0,0.8619591186620652,0.9182110928457234
2021-11-18,0.0,0.0,0.0,0.8619591186620652,0.9182110928457234
2021-11-18,0.0,0.0,0.0,0.8619591186620652,0.9182110928457234
2021-11-18,0.0,0.0,0.0,0.8619591186620652,0.9182110928457234
2021-11-18,0.0,0.0,0.0,0.8619591186620652,0.9182110928457234
2021-11-18,0.0,0.0,0.0,0.8619591186620652,0.9182110928457234
2021-11-18,0.0,0.0,0.0,0.8619591186620652,0.9182110928457234
2021-11-19,0.0,0.0,0.0,,
2021-11-19,0.0,0.0,0.0,,
2021-11-19,0.0,0.0,0.0,,
2021-11-19,0.0,0.0,0.0,,
2021-11-19,0.0,0.0,0.0,,
2021-11-19,0.0,0.0,0.0,,
2021-11-19,0.0,0.0,0.0,,
2021-11-19,0.0,0.0,0.0,,
2021-11-19,0.0,0.0,0.0,,
2021-11-19,0.0,0.0,0.0,,
2021-11-19,0.0,0.0,0.0,,
2021-11-19,0.0,0.0,0.0,,
2021-11-20,0.0,0.0,0.0,,
2021-11-20,0.0,0.0,0.0,,
2021-11-20,0.0,0.0,0.0,,
2021-11-20,0.0,0.0,0.0,,
2021-11-20,0.0,0.0,0.0,,
2021-11-20,0.0,0.0,0.0,,
2021-11-20,0.0,0.0,0.0,,
2021-11-20,0.0,0.0,0.0,,
2021-11-20,0.0,0.0,0.0,,
2021-11-20,0.002770298155850178,0.0,0.0,,
2021-11-20,0.0,0.0,0.0,,
2021-11-20,0.0,0.0,0.0,,
2021-11-21,0.0,0.0,0.0,,
2021-11-21,0.0,0.0,0.0,,
2021-11-21,0.0,0.0,0.0,,
2021-11-21,0.0,0.0,0.0,,
2021-11-21,0.0,0.0,0.0,,
2021-11-21,0.0,0.0,0.0,,
2021-11-21,0.0,0.0,0.0,,
2021-11-21,0.0,0.0,0.0,,
2021-11-21,0.0,0.0,0.0,,
2021-11-21,0.0,0.0,0.0,,
2021-11-21,4.169139833445721e-06,0.0,0.0,,
2021-11-21,0.0,0.0,0.0,,
2021-11-22,0.0,0.0,0.0,,
2021-11-22,0.0,0.0,0.0,,
2021-11-22,0.0,0.0,0.0,,
2021-11-22,0.0,0.0,0.0,,
2021-11-22,0.0,0.0,0.0,,
2021-11-22,0.0,0.0,0.0,,
2021-11-22,0.0,0.0,0.0,,
2021-11-22,0.0,0.0,0.0,,
2021-11-22,0.0,0.0,0.0,,
2021-11-22,0.0,0.0,0.0,,
2021-11-22,0.0,0.0,0.0,,
2021-11-22,0.0,0.0,0.0,,
2021-11-23,0.0,0.0,0.0,,
2021-11-23,0.0,0.0,0.0,,
2021-11-23,0.0,0.0,0.0,,
2021-11-23,0.0,0.0,0.0,,
2021-11-23,0.0,0.0,0.0,,
2021-11-23,0.0,0.0,0.0,,
2021-11-23,0.0,0.0,0.0,,
2021-11-23,0.0,0.0,0.0,,
2021-11-23,0.0,0.0,0.0,,
2021-11-23,0.0,0.0,0.0,,
2021-11-23,0.0,0.0,0.0,,
2021-11-23,0.0,0.0,0.0,,
2021-11-24,0.0,0.0,0.0,,
2021-11-24,0.0,0.0,0.0,,
2021-11-24,0.0,0.0,0.0,,
2021-11-24,0.0,0.0,0.0,,
2021-11-24,0.0,0.0,0.0,,
2021-11-24,0.0,0.0,0.0,,
2021-11-24,0.0,0.0,0.0,,
2021-11-24,0.0,0.0,0.0,,
2021-11-24,0.0,0.0,0.0,,
2021-11-24,0.0,0.0,0.0,,
2021-11-24,0.0,0.0,0.0,,
2021-11-24,0.0,0.0,0.0,,
2021-11-25,0.0,0.0,0.0,0.8407220599946907,0.9026279640597199
2021-11-25,0.0,0.0,0.0,0.8407220599946907,0.9026279640597199
2021-11-25,0.0,0.0,0.0,0.8407220599946907,0.9026279640597199
2021-11-25,0.0,0.0,0.0,0.8407220599946907,0.9026279640597199
2021-11-25,0.0,0.0,0.0,0.8407220599946907,0.9026279640597199
2021-11-25,0.0,0.0,0.0,0.8407220599946907,0.9026279640597199
2021-11-25,0.0,0.0,0.0,0.8407220599946907,0.9026279640597199
2021-11-25,0.0,0.0,0.0,0.8407220599946907,0.9026279640597199
2021-11-25,0.0,0.0,0.0,0.8407220599946907,0.9026279640597199
2021-11-25,0.0,0.0,0.0,0.8407220599946907,0.9026279640597199
2021-11-25,0.0,0.0,0.0,0.8407220599946907,0.9026279640597199
2021-11-25,0.0,0.0,0.0,0.8407220599946907,0.9026279640597199
2021-11-26,0.0,0.0,0.0,,
2021-11-26,0.0,0.0,0.0,,
2021-11-26,0.0,0.0,0.0,,
2021-11-26,0.0,0.0,0.0,,
2021-11-26,0.0,0.0,0.0,,
2021-11-26,0.0,0.0,0.0,,
2021-11-26,0.0,0.0,0.0,,
2021-11-26,0.0,0.0,0.0,,
2021-11-26,0.0,0.0,0.0,,
2021-11-26,0.0,0.0,0.0,,
2021-11-26,0.0,0.0,0.0,,
2021-11-26,0.0,0.0,0.0,,
2021-11-27,0.0,0.0,0.0,,
2021-11-27,0.0,0.0,0.0,,
2021-11-27,0.0,0.0,0.0,,
2021-11-27,0.0,0.0,0.0,,
2021-11-27,0.0,0.0,0.0,,
2021-11-27,0.0,0.0,0.0,,
2021-11-27,0.0,0.0,0.0,,
2021-11-27,0.0,0.0,0.0,,
2021-11-27,0.0,0.0,0.0,,
2021-11-27,0.0,0.0,0.0,,
2021-11-27,0.0,0.0,0.0,,
2021-11-27,0.0,0.0,0.0,,
2021-11-28,0.0,0.0,0.0,,
2021-11-28,0.0,0.0,0.0,,
2021-11-28,0.0,0.0,0.0,,
2021-11-28,0.0,0.0,0.0,,
2021-11-28,0.0,0.0,0.0,,
2021-11-28,0.0,0.0,0.0,,
2021-11-28,0.0,0.0,0.0,,
2021-11-28,0.0,0.0,0.0,,
2021-11-28,0.0,0.0,0.0,,
2021-11-28,0.0,0.0,0.0,,
2021-11-28,0.0,0.0,0.0,,
2021-11-28,0.0,0.0,0.0,,
2021-11-29,0.0,0.0,0.0,,
2021-11-29,0.0,0.0,0.0,,
2021-11-29,0.0,0.0,0.0,,
2021-11-29,0.0,0.0,0.0,,
2021-11-29,0.0,0.0,0.0,,
2021-11-29,0.0,0.0,0.0,,
2021-11-29,0.0,0.0,0.0,,
2021-11-29,0.0,0.0,0.0,,
2021-11-29,0.0,0.0,0.0,,
2021-11-29,0.0,0.0,0.0,,
2021-11-29,0.0,0.0,0.0,,
2021-11-29,0.0,0.0,0.0,,
2021-11-30,0.0,0.0,0.0,,
2021-11-30,0.0,0.0,0.0,,
2021-11-30,0.0,0.0,0.0,,
2021-11-30,0.0,0.0,0.0,,
2021-11-30,0.0,0.0,0.0,,
2021-11-30,0.0,0.0,0.0,,
2021-11-30,0.0,0.0,0.0,,
2021-11-30,0.0,0.0,0.0,,
2021-11-30,0.0,0.0,0.0,,
2021-11-30,0.0,0.0,0.0,,
2021-11-30,0.0,0.0,0.0,,
2021-11-30,0.0,0.0,0.0,,
2021-12-01,0.0,0.0,0.0,,
2021-12-01,0.0,0.0,0.0,,
2021-12-01,0.0,0.0,0.0,,
2021-12-01,0.0,0.0,0.0,,
2021-12-01,0.0,0.0,0.0,,
2021-12-01,0.0,0.0,0.0,,
2021-12-01,0.0,0.0,0.0,,
2021-12-01,0.0,0.0,0.0,,
2021-12-01,0.0,0.0,0.0,,
2021-12-01,0.0,0.0,0.0,,
2021-12-01,0.0,0.0,0.0,,
2021-12-01,0.0,0.0,0.0,,
2021-12-02,0.0,0.0,0.0,0.8079638970002654,0.8818429526876397
2021-12-02,0.0,0.0,0.0,0.8079638970002654,0.8818429526876397
2021-12-02,0.0,0.0,0.0,0.8079638970002654,0.8818429526876397
2021-12-02,0.0,0.0,0.0,0.8079638970002654,0.8818429526876397
2021-12-02,0.0,0.0,0.0,0.8079638970002654,0.8818429526876397
2021-12-02,0.0,0.0,0.0,0.8079638970002654,0.8818429526876397
2021-12-02,0.0020649262236265204,0.0,0.0,0.8079638970002654,0.8818429526876397
2021-12-02,0.0,0.0,0.0,0.8079638970002654,0.8818429526876397
2021-12-02,0.0012377895881903545,0.0,0.0,0.8079638970002654,0.8818429526876397
2021-12-02,0.0,0.0,0.0,0.8079638970002654,0.8818429526876397
2021-12-02,0.0015086468581722943,0.0,0.0,0.8079638970002654,0.8818429526876397
2021-12-02,0.0010226620338686834,0.0,0.0,0.8079638970002654,0.8818429526876397
2021-12-03,0.03834853055539896,0.0,0.0,,
2021-12-03,0.008195215326142525,0.0,0.0,,
2021-12-03,0.008129724274241702,0.0,0.0,,
2021-12-03,0.004367576547704846,0.0,0.0,,
2021-12-03,0.0444874907905496,0.0,0.0,,
2021-12-03,0.01352617992434364,0.0,0.0,,
2021-12-03,0.023161376209193636,0.0,0.0,,
2021-12-03,0.0014861580792526064,0.0,0.0,,
2021-12-03,0.006012362213272397,0.0,0.0,,
2021-12-03,0.02426390165917375,0.0,0.0,,
2021-12-03,0.03687482089393193,0.0,0.0,,
2021-12-03,3.4060417341276077e-06,0.0,0.0,,
2021-12-04,0.00012170036126412128,0.0,0.0,,
2021-12-04,0.016888372537348945,0.0,0.0,,
2021-12-04,0.0038944219169881654,0.0,0.0,,
2021-12-04,0.015161252065883726,0.0,0.0,,
2021-12-04,0.028067894854875736,0.0,0.0,,
2021-12-04,0.0012283604200349011,0.0,0.0,,
2021-12-04,0.03753100525764789,0.0,0.0,,
2021-12-04,0.003483169932549943,0.0,0.0,,
2021-12-04,0.024772593925065724,0.0,0.0,,
2021-12-04,8.333403117322234e-05,0.0,0.0,,
2021-12-04,0.0176855023999991,0.0,0.0,,
2021-12-04,0.019810133712860497,0.0,0.0,,
2021-12-05,0.0,0.0,0.0,,
2021-12-05,0.0,0.0,0.0,,
2021-12-05,0.0002605774127893757,0.0,0.0,,
2021-12-05,0.0,0.0,0.0,,
2021-12-05,0.0001572270753376986,0.0,0.0,,
2021-12-05,0.0015989644618761515,0.0,0.0,,
2021-12-05,0.0,0.0,0.0,,
2021-12-05,0.001800769882509825,0.0,0.0,,
2021-12-05,0.0,0.0,0.0,,
2021-12-05,0.0010224941265574582,0.0,0.0,,
2021-12-05,0.0,0.0,0.0,,
2021-12-05,0.0,0.0,0.0,,
2021-12-06,0.07046514031905343,0.0,0.0,,
2021-12-06,0.11956638474601522,0.0,0.0,,
2021-12-06,0.04857660733406104,0.0,0.0,,
2021-12-06,0.0552880245569894,0.0,0.0,,
2021-12-06,0.026324803790005825,0.0,0.0,,
2021-12-06,0.056057004021275524,0.0,0.0,,
2021-12-06,0.04976461057194927,0.0,0.0,,
2021-12-06,0.09658748168235076,0.0,0.0,,
2021-12-06,0.011878305650894923,0.0,0.0,,
2021-12-06,0.12238731411044694,0.0,0.0,,
2021-12-06,0.07420556826031381,0.0,0.0,,
2021-12-06,0.040707099345093735,0.0,0.0,,
2021-12-07,0.01894565544283942,0.0,0.0,,
2021-12-07,0.03371003794886635,0.0,0.0,,
2021-12-07,0.024843165491992968,0.0,0.0,,
2021-12-07,0.004780285388601009,0.0,0.0,,
2021-12-07,0.051267792288701146,0.0,0.0,,
2021-12-07,0.002682946889964177,0.0,0.0,,
2021-12-07,0.040283728149300334,0.0,0.0,,
2021-12-07,0.03520938785825527,0.0,0.0,,
2021-12-07,0.0023177375206717946,0.0,0.0,,
2021-12-07,0.022999814307952293,0.0,0.0,,
2021-12-07,0.050236444980296634,0.0,0.0,,
2021-12-07,0.05501073860825063,0.0,0.0,,
2021-12-08,0.0,0.0,0.0,,
2021-12-08,0.0,0.0,0.0,,
2021-12-08,0.0,0.0,0.0,,
2021-12-08,0.0,0.0,0.0,,
2021-12-08,0.0,0.0,0.0,,
2021-12-08,0.0,0.0,0.0,,
2021-12-08,0.0,0.0,0.0,,
2021-12-08,0.0,0.0,0.0,,
2021-12-08,0.0,0.0,0.0,,
2021-12-08,0.0,0.0,0.0,,
2021-12-08,0.0,0.0,0.0,,
2021-12-08,0.0,0.0,0.0,,
2021-12-09,0.0,0.0,0.0,0.7679851340589328,0.8550453757290519
2021-12-09,0.0,0.0,0.0,0.7679851340589328,0.8550453757290519
2021-12-09,0.0,0.0,0.0,0.7679851340589328,0.8550453757290519
2021-12-09,0.0,0.0,0.0,0.7679851340589328,0.8550453757290519
2021-12-09,0.0,0.0,0.0,0.7679851340589328,0.8550453757290519
2021-12-09,0.0,0.0,0.0,0.7679851340589328,0.8550453757290519
2021-12-09,0.0,0.0,0.0,0.7679851340589328,0.8550453757290519
2021-12-09,0.0,0.0,0.0,0.7679851340589328,0.8550453757290519
2021-12-09,0.0,0.0,0.0,0.7679851340589328,0.8550453757290519
2021-12-09,0.0,0.0,0.0,0.7679851340589328,0.8550453757290519
2021-12-09,0.0,0.0,0.0,0.7679851340589328,0.8550453757290519
2021-12-09,0.0,0.0,0.0,0.7679851340589328,0.8550453757290519
2021-12-10,0.0,0.0,0.0,,
2021-12-10,0.0,0.0,0.0,,
2021-12-10,0.0,0.0,0.0,,
2021-12-10,0.0,0.0,0.0,,
2021-12-10,0.0,0.0,0.0,,
2021-12-10,0.0,0.0,0.0,,
2021-12-10,0.0,0.0,0.0,,
2021-12-10,0.0,0.0,0.0,,
2021-12-10,0.0,0.0,0.0,,
2021-12-10,0.0,0.0,0.0,,
2021-12-10,0.0,0.0,0.0,,
2021-12-10,0.0,0.0,0.0,,
2021-12-11,0.0,0.0,0.0,,
2021-12-11,0.0,0.0,0.0,,
2021-12-11,0.0,0.0,0.0,,
2021-12-11,0.0,0.0,0.0,,
2021-12-11,0.0,0.0,0.0,,
2021-12-11,0.0,0.0,0.0,,
2021-12-11,0.0,0.0,0.0,,
2021-12-11,0.0,0.0,0.0,,
2021-12-11,0.0,0.0,0.0,,
2021-12-11,0.0,0.0,0.0,,
2021-12-11,0.0,0.0,0.0,,
2021-12-11,0.0,0.0,0.0,,
2021-12-12,0.0,0.0,0.0,,
2021-12-12,0.0,0.0,0.0,,
2021-12-12,0.0,0.0,0.0,,
2021-12-12,0.0,0.0,0.0,,
2021-12-12,0.0,0.0,0.0,,
2021-12-12,0.0,0.0,0.0,,
2021-12-12,0.0,0.0,0.0,,
2021-12-12,0.0,0.0,0.0,,
2021-12-12,0.0,0.0,0.0,,
2021-12-12,0.0,0.0,0.0,,
2021-12-12,0.0,0.0,0.0,,
2021-12-12,0.0,0.0,0.0,,
2021-12-13,0.0,0.0,0.0,,
2021-12-13,0.0,0.0,0.0,,
2021-12-13,0.0,0.0,0.0,,
2021-12-13,0.0,0.0,0.0,,
2021-12-13,0.0,0.0,0.0,,
2021-12-13,0.0,0.0,0.0,,
2021-12-13,0.0,0.0,0.0,,
2021-12-13,0.0,0.0,0.0,,
2021-12-13,0.0,0.0,0.0,,
2021-12-13,0.0,0.0,0.0,,
2021-12-13,0.0,0.0,0.0,,
2021-12-13,0.0,0.0,0.0,,
2021-12-14,0.0,0.0,0.0,,
2021-12-14,0.0,0.0,0.0,,
2021-12-14,0.0,0.0,0.0,,
2021-12-14,0.0,0.0,0.0,,
2021-12-14,0.0,0.0,0.0,,
2021-12-14,0.0,0.0,0.0,,
2021-12-14,0.0,0.0,0.0,,
2021-12-14,0.0,0.0,0.0,,
2021-12-14,0.0,0.0,0.0,,
2021-12-14,0.0,0.0,0.0,,
2021-12-14,0.0,0.0,0.0,,
2021-12-14,0.0,0.0,0.0,,
2021-12-15,0.0,0.0,0.0,,
2021-12-15,0.0,0.0,0.0,,
2021-12-15,0.0,0.0,0.0,,
2021-12-15,0.0,0.0,0.0,,
2021-12-15,0.0,0.0,0.0,,
2021-12-15,0.0,0.0,0.0,,
2021-12-15,0.0,0.0,0.0,,
2021-12-15,0.0,0.0,0.0,,
2021-12-15,0.0,0.0,0.0,,
2021-12-15,0.0,0.0,0.0,,
2021-12-15,0.0,0.0,0.0,,
2021-12-15,0.0,0.0,0.0,,
2021-12-16,0.0,0.0,0.0,0.7977170161932571,0.8237440043236415
2021-12-16,0.0,0.0,0.0,0.7977170161932571,0.8237440043236415
2021-12-16,0.0,0.0,0.0,0.7977170161932571,0.8237440043236415
2021-12-16,0.0,0.0,0.0,0.7977170161932571,0.8237440043236415
2021-12-16,0.0,0.0,0.0,0.7977170161932571,0.8237440043236415
2021-12-16,0.0,0.0,0.0,0.7977170161932571,0.8237440043236415
2021-12-16,0.0,0.0,0.0,0.7977170161932571,0.8237440043236415
2021-12-16,0.0,0.0,0.0,0.7977170161932571,0.8237440043236415
2021-12-16,0.0,0.0,0.0,0.7977170161932571,0.8237440043236415
2021-12-16,0.0,0.0,0.0,0.7977170161932571,0.8237440043236415
2021-12-16,0.0,0.0,0.0,0.7977170161932571,0.8237440043236415
2021-12-16,0.0,0.0,0.0,0.7977170161932571,0.8237440043236415
2021-12-17,0.0,0.0,0.0,,
2021-12-17,0.0008559775343386463,0.0,0.0,,
2021-12-17,2.2649161776937736e-06,0.0,0.0,,
2021-12-17,0.013345251355782588,0.0,0.0,,
2021-12-17,0.0,0.0,0.0,,
2021-12-17,0.0,0.0,0.0,,
2021-12-17,0.0,0.0,0.0,,
2021-12-17,0.0,0.0,0.0,,
2021-12-17,0.0,0.0,0.0,,
2021-12-17,0.0,0.0,0.0,,
2021-12-17,0.0,0.0,0.0,,
2021-12-17,0.00023068176684086083,0.0,0.0,,
2021-12-18,0.02227116977638189,0.0,0.0,,
2021-12-18,0.0,0.0,0.0,,
2021-12-18,7.783598762010565e-08,0.0,0.0,,
2021-12-18,0.000598511617468177,0.0,0.0,,
2021-12-18,0.02485997807457408,0.0,0.0,,
2021-12-18,0.005912763653720549,0.0,0.0,,
2021-12-18,0.01792306576589716,0.0,0.0,,
2021-12-18,0.017582377351918487,0.0,0.0,,
2021-12-18,0.0,0.0,0.0,,
2021-12-18,0.0013247860293327909,0.0,0.0,,
2021-12-18,0.0,0.0,0.0,,
2021-12-18,2.6636974301292718e-05,0.0,0.0,,
2021-12-19,0.0,0.0,0.0,,
2021-12-19,0.0,0.0,0.0,,
2021-12-19,0.0,0.0,0.0,,
2021-12-19,0.0,0.0,0.0,,
2021-12-19,0.0,0.0,0.0,,
2021-12-19,0.0,0.0,0.0,,
2021-12-19,0.0,0.0,0.0,,
2021-12-19,0.0,0.0,0.0,,
2021-12-19,0.0,0.0,0.0,,
2021-12-19,0.0,0.0,0.0,,
2021-12-19,0.0,0.0,0.0,,
2021-12-19,0.0,0.0,0.0,,
2021-12-20,0.0,0.0,0.0,,
2021-12-20,0.0,0.0,0.0,,
2021-12-20,0.0,0.0,0.0,,
2021-12-20,0.0,0.0,0.0,,
2021-12-20,0.0,0.0,0.0,,
2021-12-20,0.0,0.0,0.0,,
2021-12-20,0.0,0.0,0.0,,
2021-12-20,0.0,0.0,0.0,,
2021-12-20,0.0,0.0,0.0,,
2021-12-20,0.0,0.0,0.0,,
2021-12-20,0.0,0.0,0.0,,
2021-12-20,0.0,0.0,0.0,,
2021-12-21,0.0,0.0,0.0,,
2021-12-21,0.0,0.0,0.0,,
2021-12-21,0.0,0.0,0.0,,
2021-12-21,0.0,0.0,0.0,,
2021-12-21,0.0,0.0,0.0,,
2021-12-21,0.0,0.0,0.0,,
2021-12-21,0.0,0.0,0.0,,
2021-12-21,0.0,0.0,0.0,,
2021-12-21,0.0,0.0,0.0,,
2021-12-21,0.0,0.0,0.0,,
2021-12-21,0.0,0.0,0.0,,
2021-12-21,0.0,0.0,0.0,,
2021-12-22,0.0,0.0,0.0,,
2021-12-22,0.0,0.0,0.0,,
2021-12-22,0.0,0.0,0.0,,
2021-12-22,0.0,0.0,0.0,,
2021-12-22,0.0,0.0,0.0,,
2021-12-22,0.0,0.0,0.0,,
2021-12-22,0.0,0.0,0.0,,
2021-12-22,0.0,0.0,0.0,,
2021-12-22,0.0,0.0,0.0,,
2021-12-22,0.0,0.0,0.0,,
2021-12-22,0.0,0.0,0.0,,
2021-12-22,0.0,0.0,0.0,,
2021-12-23,0.0,0.0,0.0,0.7464826121582161,0.7893800526943959
2021-12-23,0.0,0.0,0.0,0.7464826121582161,0.7893800526943959
2021-12-23,0.0,0.0,0.0,0.7464826121582161,0.7893800526943959
2021-12-23,0.0,0.0,0.0,0.7464826121582161,0.7893800526943959
2021-12-23,0.0,0.0,0.0,0.7464826121582161,0.7893800526943959
2021-12-23,0.0,0.0,0.0,0.7464826121582161,0.7893800526943959
2021-12-23,0.0,0.0,0.0,0.7464826121582161,0.7893800526943959
2021-12-23,0.0,0.0,0.0,0.7464826121582161,0.7893800526943959
2021-12-23,0.0,0.0,0.0,0.7464826121582161,0.7893800526943959
2021-12-23,0.0,0.0,0.0,0.7464826121582161,0.7893800526943959
2021-12-23,0.0,0.0,0.0,0.7464826121582161,0.7893800526943959
2021-12-23,0.0,0.0,0.0,0.7464826121582161,0.7893800526943959
2021-12-24,0.0,0.0,0.0,,
2021-12-24,0.0,0.0,0.0,,
2021-12-24,0.0,0.0,0.0,,
2021-12-24,1.98524249665892e-05,0.0,0.0,,
2021-12-24,0.0,0.0,0.0,,
2021-12-24,0.0,0.0,0.0,,
2021-12-24,0.0,0.0,0.0,,
2021-12-24,0.0,0.0,0.0,,
2021-12-24,0.0002698623853815567,0.0,0.0,,
2021-12-24,0.0,0.0,0.0,,
2021-12-24,0.0,0.0,0.0,,
2021-12-24,0.0,0.0,0.0,,
2021-12-25,0.0006941929074085896,0.0,0.0,,
2021-12-25,0.0,0.0,0.0,,
2021-12-25,0.0,0.0,0.0,,
2021-12-25,4.7147321604617995e-06,0.0,0.0,,
2021-12-25,0.0,0.0,0.0,,
2021-12-25,0.0,0.0,0.0,,
2021-12-25,0.0,0.0,0.0,,
2021-12-25,0.0026215940193500004,0.0,0.0,,
2021-12-25,0.0,0.0,0.0,,
2021-12-25,9.964133695194228e-05,0.0,0.0,,
2021-12-25,0.002124558780086728,0.0,0.0,,
2021-12-25,0.0016345884755618394,0.0,0.0,,
2021-12-26,0.0,0.0,0.0,,
2021-12-26,0.0,0.0,0.0,,
2021-12-26,0.0,0.0,0.0,,
2021-12-26,0.0,0.0,0.0,,
2021-12-26,0.0,0.0,0.0,,
2021-12-26,0.0,0.0,0.0,,
2021-12-26,0.0,0.0,0.0,,
2021-12-26,0.0,0.0,0.0,,
2021-12-26,0.0,0.0,0.0,,
2021-12-26,0.0,0.0,0.0,,
2021-12-26,0.0,0.0,0.0,,
2021-12-26,0.0,0.0,0.0,,
2021-12-27,0.0,0.0,0.0,,
2021-12-27,0.004028260888445765,0.0,0.0,,
2021-12-27,0.04420580618299321,0.0,0.0,,
2021-12-27,0.01721155281488472,0.0,0.0,,
2021-12-27,0.020092323134460736,0.0,0.0,,
2021-12-27,0.008061559551538545,0.0,0.0,,
2021-12-27,0.0061903788921862475,0.0,0.0,,
2021-12-27,0.011567380367327221,0.0,0.0,,
2021-12-27,0.0011292222311960359,0.0,0.0,,
2021-12-27,0.017804612118599402,0.0,0.0,,
2021-12-27,0.00022134589080850017,0.0,0.0,,
2021-12-27,7.998924941555818e-05,0.0,0.0,,
2021-12-28,0.0,0.0,0.0,,
2021-12-28,0.0,0.0,0.0,,
2021-12-28,0.0,0.0,0.0,,
2021-12-28,0.0,0.0,0.0,,
2021-12-28,0.0,0.0,0.0,,
2021-12-28,0.0,0.0,0.0,,
2021-12-28,0.0,0.0,0.0,,
2021-12-28,0.0,0.0,0.0,,
2021-12-28,0.0,0.0,0.0,,
2021-12-28,2.8008692441740218e-05,0.0,0.0,,
2021-12-28,0.0,0.0,0.0,,
2021-12-28,0.0,0.0,0.0,,
2021-12-29,0.0005642138697784417,0.0,0.0,,
2021-12-29,0.0,0.0,0.0,,
2021-12-29,2.8008692441740218e-05,0.0,0.0,,
2021-12-29,0.0,0.0,0.0,,
2021-12-29,0.0,0.0,0.0,,
2021-12-29,0.0,0.0,0.0,,
2021-12-29,0.0,0.0,0.0,,
2021-12-29,0.0,0.0,0.0,,
2021-12-29,0.03383912600970028,0.0,0.0,,
2021-12-29,0.0,0.0,0.0,,
2021-12-29,0.0,0.0,0.0,,
2021-12-29,0.0,0.0,0.0,,
2021-12-30,0.0,0.0,0.0,0.6360499070878682,0.7640687279032576
2021-12-30,0.0,0.0,0.0,0.6360499070878682,0.7640687279032576
2021-12-30,0.0,0.0,0.0,0.6360499070878682,0.7640687279032576
2021-12-30,0.0,0.0,0.0,0.6360499070878682,0.7640687279032576
2021-12-30,0.0,0.0,0.0,0.6360499070878682,0.7640687279032576
2021-12-30,0.0,0.0,0.0,0.6360499070878682,0.7640687279032576
2021-12-30,0.0,0.0,0.0,0.6360499070878682,0.7640687279032576
2021-12-30,0.0,0.0,0.0,0.6360499070878682,0.7640687279032576
2021-12-30,0.0,0.0,0.0,0.6360499070878682,0.7640687279032576
2021-12-30,0.0,0.0,0.0,0.6360499070878682,0.7640687279032576
2021-12-30,0.0,0.0,0.0,0.6360499070878682,0.7640687279032576
2021-12-30,0.0,0.0,0.0,0.6360499070878682,0.7640687279032576
2021-12-31,0.0,0.0,0.0,,
2021-12-31,0.0,0.0,0.0,,
2021-12-31,0.0,0.0,0.0,,
2021-12-31,0.0,0.0,0.0,,
2021-12-31,0.0,0.0,0.0,,
2021-12-31,0.0,0.0,0.0,,
2021-12-31,0.0,0.0,0.0,,
2021-12-31,0.0,0.0,0.0,,
2021-12-31,0.0,0.0,0.0,,
2021-12-31,0.0,0.0,0.0,,
2021-12-31,0.0,0.0,0.0,,
2021-12-31,0.0,0.0,0.0,,
