Date,Avg_rainfall,Full_reservoir_level,Live_capacity_FRL,Storage,Level,Storage_shift,delta_storage,predicted_inflow,estimated_outflow
2023-01-01,0.0,0.0,0.0,0.5469481857856973,0.6390109890109876,0.5469481857856973,0.0,0.0,0.0
2023-01-01,0.0,0.0,0.0,0.5469481857856973,0.6390109890109876,0.5469481857856973,0.0,0.0,0.0
2023-01-01,0.0,0.0,0.0,0.5469481857856973,0.6390109890109876,0.5469481857856973,0.0,0.0,0.0
2023-01-01,0.0,0.0,0.0,0.5469481857856973,0.6390109890109876,0.5469481857856973,0.0,0.0,0.0
2023-01-01,0.0,0.0,0.0,0.5469481857856973,0.6390109890109876,0.5469481857856973,0.0,0.0,0.0
2023-01-01,0.0,0.0,0.0,0.5469481857856973,0.6390109890109876,0.5469481857856973,0.0,0.0,0.0
2023-01-01,0.0,0.0,0.0,0.5469481857856973,0.6390109890109876,0.5469481857856973,0.0,0.0,0.0
2023-01-01,0.0,0.0,0.0,0.5469481857856973,0.6390109890109876,0.5469481857856973,0.0,0.0,0.0
2023-01-01,0.0,0.0,0.0,0.5469481857856973,0.6390109890109876,0.5469481857856973,0.0,0.0,0.0
2023-01-02,0.0,0.0,0.0,0.5436532464083517,0.635989010989011,0.5469481857856973,-0.003294939377345596,0.0,0.003294939377345596
2023-01-02,0.0,0.0,0.0,0.5436532464083517,0.635989010989011,0.5436532464083517,0.0,0.0,0.0
2023-01-02,0.0,0.0,0.0,0.5436532464083517,0.635989010989011,0.5436532464083517,0.0,0.0,0.0
2023-01-02,0.0,0.0,0.0,0.5436532464083517,0.635989010989011,0.5436532464083517,0.0,0.0,0.0
2023-01-02,0.0,0.0,0.0,0.5436532464083517,0.635989010989011,0.5436532464083517,0.0,0.0,0.0
2023-01-02,0.0,0.0,0.0,0.5436532464083517,0.635989010989011,0.5436532464083517,0.0,0.0,0.0
2023-01-02,0.0,0.0,0.0,0.5436532464083517,0.635989010989011,0.5436532464083517,0.0,0.0,0.0
2023-01-02,0.0,0.0,0.0,0.5436532464083517,0.635989010989011,0.5436532464083517,0.0,0.0,0.0
2023-01-02,0.0,0.0,0.0,0.5436532464083517,0.635989010989011,0.5436532464083517,0.0,0.0,0.0
2023-01-02,0.0,0.0,0.0,0.5436532464083517,0.635989010989011,0.5436532464083517,0.0,0.0,0.0
2023-01-03,0.0,0.0,0.0,0.5401749937132934,0.6329670329670325,0.5436532464083517,-0.0034782526950583037,0.0,0.0034782526950583037
2023-01-03,0.0,0.0,0.0,0.5401749937132934,0.6329670329670325,0.5401749937132934,0.0,0.0,0.0
2023-01-03,0.0,0.0,0.0,0.5401749937132934,0.6329670329670325,0.5401749937132934,0.0,0.0,0.0
2023-01-03,0.0,0.0,0.0,0.5401749937132934,0.6329670329670325,0.5401749937132934,0.0,0.0,0.0
2023-01-03,0.0,0.0,0.0,0.5401749937132934,0.6329670329670325,0.5401749937132934,0.0,0.0,0.0
2023-01-03,0.0,0.0,0.0,0.5401749937132934,0.6329670329670325,0.5401749937132934,0.0,0.0,0.0
2023-01-03,0.0,0.0,0.0,0.5401749937132934,0.6329670329670325,0.5401749937132934,0.0,0.0,0.0
2023-01-03,0.0,0.0,0.0,0.5401749937132934,0.6329670329670325,0.5401749937132934,0.0,0.0,0.0
2023-01-03,0.0,0.0,0.0,0.5401749937132934,0.6329670329670325,0.5401749937132934,0.0,0.0,0.0
2023-01-03,0.0,0.0,0.0,0.5401749937132934,0.6329670329670325,0.5401749937132934,0.0,0.0,0.0
2023-01-04,0.0,0.0,0.0,0.5369717109948038,0.629945054945054,0.5401749937132934,-0.003203282718489575,0.0,0.003203282718489575
2023-01-04,0.0,0.0,0.0,0.5369717109948038,0.629945054945054,0.5369717109948038,0.0,0.0,0.0
2023-01-04,0.0,0.0,0.0,0.5369717109948038,0.629945054945054,0.5369717109948038,0.0,0.0,0.0
2023-01-04,0.0,0.0,0.0,0.5369717109948038,0.629945054945054,0.5369717109948038,0.0,0.0,0.0
2023-01-04,0.0,0.0,0.0,0.5369717109948038,0.629945054945054,0.5369717109948038,0.0,0.0,0.0
2023-01-04,0.0,0.0,0.0,0.5369717109948038,0.629945054945054,0.5369717109948038,0.0,0.0,0.0
2023-01-04,0.0,0.0,0.0,0.5369717109948038,0.629945054945054,0.5369717109948038,0.0,0.0,0.0
2023-01-04,0.0,0.0,0.0,0.5369717109948038,0.629945054945054,0.5369717109948038,0.0,0.0,0.0
2023-01-04,0.0,0.0,0.0,0.5369717109948038,0.629945054945054,0.5369717109948038,0.0,0.0,0.0
2023-01-04,0.0,0.0,0.0,0.5369717109948038,0.629945054945054,0.5369717109948038,0.0,0.0,0.0
2023-01-05,0.0,0.0,0.0,0.5338577347644307,0.6271978021978022,0.5369717109948038,-0.0031139762303731278,0.0,0.0031139762303731278
2023-01-05,0.0,0.0,0.0,0.5338577347644307,0.6271978021978022,0.5338577347644307,0.0,0.0,0.0
2023-01-05,0.0,0.0,0.0,0.5338577347644307,0.6271978021978022,0.5338577347644307,0.0,0.0,0.0
2023-01-05,0.0,0.0,0.0,0.5338577347644307,0.6271978021978022,0.5338577347644307,0.0,0.0,0.0
2023-01-05,0.0,0.0,0.0,0.5338577347644307,0.6271978021978022,0.5338577347644307,0.0,0.0,0.0
2023-01-05,0.0,0.0,0.0,0.5338577347644307,0.6271978021978022,0.5338577347644307,0.0,0.0,0.0
2023-01-05,0.0,0.0,0.0,0.5338577347644307,0.6271978021978022,0.5338577347644307,0.0,0.0,0.0
2023-01-05,0.0,0.0,0.0,0.5338577347644307,0.6271978021978022,0.5338577347644307,0.0,0.0,0.0
2023-01-05,0.0,0.0,0.0,0.5338577347644307,0.6271978021978022,0.5338577347644307,0.0,0.0,0.0
2023-01-05,0.0,0.0,0.0,0.5338577347644307,0.6271978021978022,0.5338577347644307,0.0,0.0,0.0
2023-01-06,0.0,0.0,0.0,0.5305627953870848,0.6241758241758237,0.5338577347644307,-0.003294939377345818,0.0,0.003294939377345818
2023-01-06,0.0,0.0,0.0,0.5305627953870848,0.6241758241758237,0.5305627953870848,0.0,0.0,0.0
2023-01-06,0.0,0.0,0.0,0.5305627953870848,0.6241758241758237,0.5305627953870848,0.0,0.0,0.0
2023-01-06,0.0,0.0,0.0,0.5305627953870848,0.6241758241758237,0.5305627953870848,0.0,0.0,0.0
2023-01-06,0.0,0.0,0.0,0.5305627953870848,0.6241758241758237,0.5305627953870848,0.0,0.0,0.0
2023-01-06,0.0,0.0,0.0,0.5305627953870848,0.6241758241758237,0.5305627953870848,0.0,0.0,0.0
2023-01-06,0.0,0.0,0.0,0.5305627953870848,0.6241758241758237,0.5305627953870848,0.0,0.0,0.0
2023-01-06,0.0,0.0,0.0,0.5305627953870848,0.6241758241758237,0.5305627953870848,0.0,0.0,0.0
2023-01-06,0.0,0.0,0.0,0.5305627953870848,0.6241758241758237,0.5305627953870848,0.0,0.0,0.0
2023-01-06,0.0,0.0,0.0,0.5305627953870848,0.6241758241758237,0.5305627953870848,0.0,0.0,0.0
2023-01-07,0.0,0.0,0.0,0.5271761993508828,0.6208791208791204,0.5305627953870848,-0.003386596036202061,0.0,0.003386596036202061
2023-01-07,0.0,0.0,0.0,0.5271761993508828,0.6208791208791204,0.5271761993508828,0.0,0.0,0.0
2023-01-07,0.0,0.0,0.0,0.5271761993508828,0.6208791208791204,0.5271761993508828,0.0,0.0,0.0
2023-01-07,0.0,0.0,0.0,0.5271761993508828,0.6208791208791204,0.5271761993508828,0.0,0.0,0.0
2023-01-07,0.0,0.0,0.0,0.5271761993508828,0.6208791208791204,0.5271761993508828,0.0,0.0,0.0
2023-01-07,0.0,0.0,0.0,0.5271761993508828,0.6208791208791204,0.5271761993508828,0.0,0.0,0.0
2023-01-07,0.0,0.0,0.0,0.5271761993508828,0.6208791208791204,0.5271761993508828,0.0,0.0,0.0
2023-01-07,0.0,0.0,0.0,0.5271761993508828,0.6208791208791204,0.5271761993508828,0.0,0.0,0.0
2023-01-07,0.0,0.0,0.0,0.5271761993508828,0.6208791208791204,0.5271761993508828,0.0,0.0,0.0
2023-01-07,0.0,0.0,0.0,0.5271761993508828,0.6208791208791204,0.5271761993508828,0.0,0.0,0.0
2023-01-08,0.002931630900538,0.0,0.0,0.5239729166323934,0.6181318681318686,0.5271761993508828,-0.003203282718489353,0.0,0.003203282718489353
2023-01-08,0.0,0.0,0.0,0.5239729166323934,0.6181318681318686,0.5239729166323934,0.0,0.0,0.0
2023-01-08,0.0,0.0,0.0,0.5239729166323934,0.6181318681318686,0.5239729166323934,0.0,0.0,0.0
2023-01-08,0.0006326222772647,0.0,0.0,0.5239729166323934,0.6181318681318686,0.5239729166323934,0.0,0.0,0.0
2023-01-08,0.0,0.0,0.0,0.5239729166323934,0.6181318681318686,0.5239729166323934,0.0,0.0,0.0
2023-01-08,0.0,0.0,0.0,0.5239729166323934,0.6181318681318686,0.5239729166323934,0.0,0.0,0.0
2023-01-08,0.0001864143742959,0.0,0.0,0.5239729166323934,0.6181318681318686,0.5239729166323934,0.0,0.0,0.0
2023-01-08,0.0031123618897611,0.0,0.0,0.5239729166323934,0.6181318681318686,0.5239729166323934,0.0,0.0,0.0
2023-01-08,0.0,0.0,0.0,0.5239729166323934,0.6181318681318686,0.5239729166323934,0.0,0.0,0.0
2023-01-08,0.0021247285977668,0.0,0.0,0.5239729166323934,0.6181318681318686,0.5239729166323934,0.0,0.0,0.0
2023-01-09,0.0055475770425774,0.0,0.0,0.5203113506196226,0.6148351648351635,0.5239729166323934,-0.0036615660127707894,0.0,0.0036615660127707894
2023-01-09,0.0,0.0,0.0,0.5203113506196226,0.6148351648351635,0.5203113506196226,0.0,0.0,0.0
2023-01-09,0.0005592431222101,0.0,0.0,0.5203113506196226,0.6148351648351635,0.5203113506196226,0.0,8.115139564889392e-05,8.115139564889392e-05
2023-01-09,0.0024852736168602,0.0,0.0,0.5203113506196226,0.6148351648351635,0.5203113506196226,0.0,0.0,0.0
2023-01-09,0.0,0.0,0.0,0.5203113506196226,0.6148351648351635,0.5203113506196226,0.0,0.0,0.0
2023-01-09,0.0,0.0,0.0,0.5203113506196226,0.6148351648351635,0.5203113506196226,0.0,0.0,0.0
2023-01-09,0.0,0.0,0.0,0.5203113506196226,0.6148351648351635,0.5203113506196226,0.0,0.0,0.0
2023-01-09,0.0027754703268022,0.0,0.0,0.5203113506196226,0.6148351648351635,0.5203113506196226,0.0,0.0,0.0
2023-01-09,0.0019334826194058,0.0,0.0,0.5203113506196226,0.6148351648351635,0.5203113506196226,0.0,5.8460497155119474e-05,5.8460497155119474e-05
2023-01-09,0.0,0.0,0.0,0.5203113506196226,0.6148351648351635,0.5203113506196226,0.0,0.0,0.0
2023-01-10,0.0,0.0,0.0,0.5167414412657079,0.6115384615384603,0.5203113506196226,-0.0035699093539147686,0.0,0.0035699093539147686
2023-01-10,0.0,0.0,0.0,0.5167414412657079,0.6115384615384603,0.5167414412657079,0.0,0.0,0.0
2023-01-10,0.0,0.0,0.0,0.5167414412657079,0.6115384615384603,0.5167414412657079,0.0,0.0,0.0
2023-01-10,0.0,0.0,0.0,0.5167414412657079,0.6115384615384603,0.5167414412657079,0.0,0.0,0.0
2023-01-10,0.0,0.0,0.0,0.5167414412657079,0.6115384615384603,0.5167414412657079,0.0,0.0,0.0
2023-01-10,0.0,0.0,0.0,0.5167414412657079,0.6115384615384603,0.5167414412657079,0.0,0.0,0.0
2023-01-10,0.0,0.0,0.0,0.5167414412657079,0.6115384615384603,0.5167414412657079,0.0,0.0,0.0
2023-01-10,0.0,0.0,0.0,0.5167414412657079,0.6115384615384603,0.5167414412657079,0.0,0.0,0.0
2023-01-10,0.0,0.0,0.0,0.5167414412657079,0.6115384615384603,0.5167414412657079,0.0,0.0,0.0
2023-01-10,0.0,0.0,0.0,0.5167414412657079,0.6115384615384603,0.5167414412657079,0.0,0.0,0.0
2023-01-11,0.0045604624174087,0.0,0.0,0.5134465018883623,0.6085164835164836,0.5167414412657079,-0.003294939377345596,0.0,0.003294939377345596
2023-01-11,5.925994862708235e-05,0.0,0.0,0.5134465018883623,0.6085164835164836,0.5134465018883623,0.0,0.0003522435904968546,0.0003522435904968546
2023-01-11,0.0,0.0,0.0,0.5134465018883623,0.6085164835164836,0.5134465018883623,0.0,0.0,0.0
2023-01-11,0.0001864143742959,0.0,0.0,0.5134465018883623,0.6085164835164836,0.5134465018883623,0.0,0.0,0.0
2023-01-11,0.0,0.0,0.0,0.5134465018883623,0.6085164835164836,0.5134465018883623,0.0,0.0,0.0
2023-01-11,0.0039035661978784,0.0,0.0,0.5134465018883623,0.6085164835164836,0.5134465018883623,0.0,0.0,0.0
2023-01-11,0.0045232927616263,0.0,0.0,0.5134465018883623,0.6085164835164836,0.5134465018883623,0.0,0.0,0.0
2023-01-11,0.0005725947283048,0.0,0.0,0.5134465018883623,0.6085164835164836,0.5134465018883623,0.0,0.0,0.0
2023-01-11,0.001416496622917,0.0,0.0,0.5134465018883623,0.6085164835164836,0.5134465018883623,0.0,0.0,0.0
2023-01-11,0.0,0.0,0.0,0.5134465018883623,0.6085164835164836,0.5134465018883623,0.0,0.0,0.0
2023-01-12,0.041780603508721,0.0,0.0,0.5107908089522704,0.6060439560439566,0.5134465018883623,-0.0026556929360919135,0.0,0.0026556929360919135
2023-01-12,0.0113807513128043,0.0,0.0,0.5107908089522704,0.6060439560439566,0.5107908089522704,0.0,0.0,0.0
2023-01-12,0.0012081591723506,0.0,0.0,0.5107908089522704,0.6060439560439566,0.5107908089522704,0.0,0.0,0.0
2023-01-12,0.0232894396623873,0.0,0.0,0.5107908089522704,0.6060439560439566,0.5107908089522704,0.0,0.0,0.0
2023-01-12,0.0021906893667585,0.0,0.0,0.5107908089522704,0.6060439560439566,0.5107908089522704,0.0,0.0,0.0
2023-01-12,0.0040381947776129,0.0,0.0,0.5107908089522704,0.6060439560439566,0.5107908089522704,0.0,0.0,0.0
2023-01-12,0.016813879539272,0.0,0.0,0.5107908089522704,0.6060439560439566,0.5107908089522704,0.0,0.0,0.0
2023-01-12,0.0187025693429349,0.0,0.0,0.5107908089522704,0.6060439560439566,0.5107908089522704,0.0,7.949452527726108e-05,7.949452527726108e-05
2023-01-12,0.0361731886483606,0.0,0.0,0.5107908089522704,0.6060439560439566,0.5107908089522704,0.0,0.0,0.0
2023-01-12,0.0373020413897835,0.0,0.0,0.5107908089522704,0.6060439560439566,0.5107908089522704,0.0,0.0,0.0
2023-01-13,0.0238325974490376,0.0,0.0,0.5074958695749245,0.6030219780219781,0.5107908089522704,-0.003294939377345818,0.0,0.003294939377345818
2023-01-13,0.0276280529619182,0.0,0.0,0.5074958695749245,0.6030219780219781,0.5074958695749245,0.0,0.0,0.0
2023-01-13,0.0187124174103361,0.0,0.0,0.5074958695749245,0.6030219780219781,0.5074958695749245,0.0,1.3595737730344725e-05,1.3595737730344725e-05
2023-01-13,0.0154559915078591,0.0,0.0,0.5074958695749245,0.6030219780219781,0.5074958695749245,0.0,0.0,0.0
2023-01-13,0.0300580183970502,0.0,0.0,0.5074958695749245,0.6030219780219781,0.5074958695749245,0.0,0.0,0.0
2023-01-13,0.0071644462462715,0.0,0.0,0.5074958695749245,0.6030219780219781,0.5074958695749245,0.0,0.0,0.0
2023-01-13,0.0108912063897437,0.0,0.0,0.5074958695749245,0.6030219780219781,0.5074958695749245,0.0,0.0,0.0
2023-01-13,0.0243680298755079,0.0,0.0,0.5074958695749245,0.6030219780219781,0.5074958695749245,0.0,0.0,0.0
2023-01-13,0.0252007491102951,0.0,0.0,0.5074958695749245,0.6030219780219781,0.5074958695749245,0.0,0.0,0.0
2023-01-13,0.0120181099100145,0.0,0.0,0.5074958695749245,0.6030219780219781,0.5074958695749245,0.0,0.0,0.0
2023-01-14,0.0836971464936216,0.0,0.0,0.5042925868564352,0.6000000000000014,0.5074958695749245,-0.003203282718489353,0.0,0.003203282718489353
2023-01-14,0.0593190723365392,0.0,0.0,0.5042925868564352,0.6000000000000014,0.5042925868564352,0.0,0.0,0.0
2023-01-14,0.0415605319057852,0.0,0.0,0.5042925868564352,0.6000000000000014,0.5042925868564352,0.0,0.0,0.0
2023-01-14,0.0809447306638956,0.0,0.0,0.5042925868564352,0.6000000000000014,0.5042925868564352,0.0,0.0,0.0
2023-01-14,0.0826597095467932,0.0,0.0,0.5042925868564352,0.6000000000000014,0.5042925868564352,0.0,0.0,0.0
2023-01-14,0.0544908939309193,0.0,0.0,0.5042925868564352,0.6000000000000014,0.5042925868564352,0.0,0.0,0.0
2023-01-14,0.0151697050526274,0.0,0.0,0.5042925868564352,0.6000000000000014,0.5042925868564352,0.0,0.0,0.0
2023-01-14,0.0189365847752143,0.0,0.0,0.5042925868564352,0.6000000000000014,0.5042925868564352,0.0,0.0,0.0
2023-01-14,0.1018633290886117,0.0,0.0,0.5042925868564352,0.6000000000000014,0.5042925868564352,0.0,0.0,0.0
2023-01-14,0.0658069113775699,0.0,0.0,0.5042925868564352,0.6000000000000014,0.5042925868564352,0.0,0.0,0.0
2023-01-15,0.000120504123876,0.0,0.0,0.5010893041379456,0.5972527472527478,0.5042925868564352,-0.003203282718489575,0.0,0.003203282718489575
2023-01-15,0.0002240238605496,0.0,0.0,0.5010893041379456,0.5972527472527478,0.5010893041379456,0.0,0.0,0.0
2023-01-15,0.000549011474922,0.0,0.0,0.5010893041379456,0.5972527472527478,0.5010893041379456,0.0,3.8084516840148075e-05,3.8084516840148075e-05
2023-01-15,0.0,0.0,0.0,0.5010893041379456,0.5972527472527478,0.5010893041379456,0.0,0.0,0.0
2023-01-15,5.1506595322603725e-05,0.0,0.0,0.5010893041379456,0.5972527472527478,0.5010893041379456,0.0,0.0,0.0
2023-01-15,7.396817984448496e-05,0.0,0.0,0.5010893041379456,0.5972527472527478,0.5010893041379456,0.0,0.0,0.0
2023-01-15,6.822531387243879e-05,0.0,0.0,0.5010893041379456,0.5972527472527478,0.5010893041379456,0.0,0.0,0.0
2023-01-15,0.0,0.0,0.0,0.5010893041379456,0.5972527472527478,0.5010893041379456,0.0,0.0,0.0
2023-01-15,0.0,0.0,0.0,0.5010893041379456,0.5972527472527478,0.5010893041379456,0.0,0.0,0.0
2023-01-15,0.0002112671014026,0.0,0.0,0.5010893041379456,0.5972527472527478,0.5010893041379456,0.0,0.0,0.0
2023-01-16,0.0,0.0,0.0,0.4978860214194561,0.5942307692307693,0.5010893041379456,-0.0032032827184895196,0.0,0.0032032827184895196
2023-01-16,0.0,0.0,0.0,0.4978860214194561,0.5942307692307693,0.4978860214194561,0.0,0.0,0.0
2023-01-16,0.0,0.0,0.0,0.4978860214194561,0.5942307692307693,0.4978860214194561,0.0,0.0,0.0
2023-01-16,0.0,0.0,0.0,0.4978860214194561,0.5942307692307693,0.4978860214194561,0.0,0.0,0.0
2023-01-16,0.0,0.0,0.0,0.4978860214194561,0.5942307692307693,0.4978860214194561,0.0,0.0,0.0
2023-01-16,0.0,0.0,0.0,0.4978860214194561,0.5942307692307693,0.4978860214194561,0.0,0.0,0.0
2023-01-16,0.0,0.0,0.0,0.4978860214194561,0.5942307692307693,0.4978860214194561,0.0,0.0,0.0
2023-01-16,0.0,0.0,0.0,0.4978860214194561,0.5942307692307693,0.4978860214194561,0.0,0.0,0.0
2023-01-16,0.0,0.0,0.0,0.4978860214194561,0.5942307692307693,0.4978860214194561,0.0,0.0,0.0
2023-01-16,0.0,0.0,0.0,0.4978860214194561,0.5942307692307693,0.4978860214194561,0.0,0.0,0.0
2023-01-17,0.0,0.0,0.0,0.4945910820421103,0.5912087912087909,0.4978860214194561,-0.003294939377345818,0.0,0.003294939377345818
2023-01-17,0.0,0.0,0.0,0.4945910820421103,0.5912087912087909,0.4945910820421103,0.0,0.0,0.0
2023-01-17,0.0,0.0,0.0,0.4945910820421103,0.5912087912087909,0.4945910820421103,0.0,0.0,0.0
2023-01-17,0.0,0.0,0.0,0.4945910820421103,0.5912087912087909,0.4945910820421103,0.0,0.0,0.0
2023-01-17,0.0,0.0,0.0,0.4945910820421103,0.5912087912087909,0.4945910820421103,0.0,0.0,0.0
2023-01-17,0.0,0.0,0.0,0.4945910820421103,0.5912087912087909,0.4945910820421103,0.0,0.0,0.0
2023-01-17,0.0,0.0,0.0,0.4945910820421103,0.5912087912087909,0.4945910820421103,0.0,0.0,0.0
2023-01-17,0.0,0.0,0.0,0.4945910820421103,0.5912087912087909,0.4945910820421103,0.0,0.0,0.0
2023-01-17,0.0,0.0,0.0,0.4945910820421103,0.5912087912087909,0.4945910820421103,0.0,0.0,0.0
2023-01-17,0.0,0.0,0.0,0.4945910820421103,0.5912087912087909,0.4945910820421103,0.0,0.0,0.0
2023-01-18,0.0,0.0,0.0,0.4910211726881957,0.5879120879120894,0.4945910820421103,-0.003569909353914602,0.0,0.003569909353914602
2023-01-18,0.0,0.0,0.0,0.4910211726881957,0.5879120879120894,0.4910211726881957,0.0,0.0,0.0
2023-01-18,0.0,0.0,0.0,0.4910211726881957,0.5879120879120894,0.4910211726881957,0.0,0.0,0.0
2023-01-18,0.0,0.0,0.0,0.4910211726881957,0.5879120879120894,0.4910211726881957,0.0,0.0,0.0
2023-01-18,0.0,0.0,0.0,0.4910211726881957,0.5879120879120894,0.4910211726881957,0.0,0.0,0.0
2023-01-18,0.0,0.0,0.0,0.4910211726881957,0.5879120879120894,0.4910211726881957,0.0,0.0,0.0
2023-01-18,0.0,0.0,0.0,0.4910211726881957,0.5879120879120894,0.4910211726881957,0.0,0.0,0.0
2023-01-18,0.0,0.0,0.0,0.4910211726881957,0.5879120879120894,0.4910211726881957,0.0,0.0,0.0
2023-01-18,0.0,0.0,0.0,0.4910211726881957,0.5879120879120894,0.4910211726881957,0.0,0.0,0.0
2023-01-18,0.0,0.0,0.0,0.4910211726881957,0.5879120879120894,0.4910211726881957,0.0,0.0,0.0
2023-01-19,0.0001170785627855,0.0,0.0,0.4872679500165687,0.5846153846153843,0.4910211726881957,-0.0037532226716269768,0.0,0.0037532226716269768
2023-01-19,0.0005082858159587,0.0,0.0,0.4872679500165687,0.5846153846153843,0.4872679500165687,0.0,0.0,0.0
2023-01-19,0.0026259430072559,0.0,0.0,0.4872679500165687,0.5846153846153843,0.4872679500165687,0.0,0.0,0.0
2023-01-19,0.0023084368432855,0.0,0.0,0.4872679500165687,0.5846153846153843,0.4872679500165687,0.0,0.0,0.0
2023-01-19,0.0,0.0,0.0,0.4872679500165687,0.5846153846153843,0.4872679500165687,0.0,0.0,0.0
2023-01-19,0.0003377436144022,0.0,0.0,0.4872679500165687,0.5846153846153843,0.4872679500165687,0.0,0.0,0.0
2023-01-19,0.0,0.0,0.0,0.4872679500165687,0.5846153846153843,0.4872679500165687,0.0,0.0,0.0
2023-01-19,0.003048257168419,0.0,0.0,0.4872679500165687,0.5846153846153843,0.4872679500165687,0.0,0.0,0.0
2023-01-19,0.0001242762490787,0.0,0.0,0.4872679500165687,0.5846153846153843,0.4872679500165687,0.0,0.0,0.0
2023-01-19,0.0,0.0,0.0,0.4872679500165687,0.5846153846153843,0.4872679500165687,0.0,0.0,0.0
2023-01-20,0.0316337161251283,0.0,0.0,0.4832397573683728,0.5807692307692296,0.4872679500165687,-0.004028192648195872,0.0,0.004028192648195872
2023-01-20,0.0510494178873855,0.0,0.0,0.4832397573683728,0.5807692307692296,0.4832397573683728,0.0,0.0,0.0
2023-01-20,0.003465279753362,0.0,0.0,0.4832397573683728,0.5807692307692296,0.4832397573683728,0.0,0.0,0.0
2023-01-20,0.033040938129298,0.0,0.0,0.4832397573683728,0.5807692307692296,0.4832397573683728,0.0,0.0,0.0
2023-01-20,0.0429563481516854,0.0,0.0,0.4832397573683728,0.5807692307692296,0.4832397573683728,0.0,0.0,0.0
2023-01-20,0.0284130739120757,0.0,0.0,0.4832397573683728,0.5807692307692296,0.4832397573683728,0.0,0.0,0.0
2023-01-20,0.0421671896908508,0.0,0.0,0.4832397573683728,0.5807692307692296,0.4832397573683728,0.0,0.0,0.0
2023-01-20,0.0282080033813388,0.0,0.0,0.4832397573683728,0.5807692307692296,0.4832397573683728,0.0,0.0,0.0
2023-01-20,0.0251740495710129,0.0,0.0,0.4832397573683728,0.5807692307692296,0.4832397573683728,0.0,0.0,0.0
2023-01-20,0.0391033720838808,0.0,0.0,0.4832397573683728,0.5807692307692296,0.4832397573683728,0.0,0.0,0.0
2023-01-21,0.0302905240984014,0.0,0.0,0.4796698480144583,0.5774725274725263,0.4832397573683728,-0.0035699093539145466,0.0,0.0035699093539145466
2023-01-21,0.0178075941347299,0.0,0.0,0.4796698480144583,0.5774725274725263,0.4796698480144583,0.0,0.0,0.0
2023-01-21,0.0027886621068709,0.0,0.0,0.4796698480144583,0.5774725274725263,0.4796698480144583,0.0,0.0,0.0
2023-01-21,0.0362940597843906,0.0,0.0,0.4796698480144583,0.5774725274725263,0.4796698480144583,0.0,0.0,0.0
2023-01-21,0.0520239328479668,0.0,0.0,0.4796698480144583,0.5774725274725263,0.4796698480144583,0.0,0.0,0.0
2023-01-21,0.0848302720461622,0.0,0.0,0.4796698480144583,0.5774725274725263,0.4796698480144583,0.0,0.0,0.0
2023-01-21,0.0625839629725694,0.0,0.0,0.4796698480144583,0.5774725274725263,0.4796698480144583,0.0,0.0,0.0
2023-01-21,0.0545849283443449,0.0,0.0,0.4796698480144583,0.5774725274725263,0.4796698480144583,0.0,0.0,0.0
2023-01-21,0.0162820671712407,0.0,0.0,0.4796698480144583,0.5774725274725263,0.4796698480144583,0.0,0.0,0.0
2023-01-21,0.0522877280019494,0.0,0.0,0.4796698480144583,0.5774725274725263,0.4796698480144583,0.0,0.0,0.0
2023-01-22,0.002751167628906,0.0,0.0,0.4746357822895833,0.5728021978021989,0.4796698480144583,-0.00503406572487497,0.0,0.00503406572487497
2023-01-22,0.0,0.0,0.0,0.4746357822895833,0.5728021978021989,0.4746357822895833,0.0,0.0,0.0
2023-01-22,0.0,0.0,0.0,0.4746357822895833,0.5728021978021989,0.4746357822895833,0.0,0.0,0.0
2023-01-22,0.0,0.0,0.0,0.4746357822895833,0.5728021978021989,0.4746357822895833,0.0,0.0,0.0
2023-01-22,0.0002501108749424,0.0,0.0,0.4746357822895833,0.5728021978021989,0.4746357822895833,0.0,0.0,0.0
2023-01-22,0.0006548026908765,0.0,0.0,0.4746357822895833,0.5728021978021989,0.4746357822895833,0.0,0.0,0.0
2023-01-22,0.0,0.0,0.0,0.4746357822895833,0.5728021978021989,0.4746357822895833,0.0,0.0,0.0
2023-01-22,0.0,0.0,0.0,0.4746357822895833,0.5728021978021989,0.4746357822895833,0.0,0.0,0.0
2023-01-22,0.0,0.0,0.0,0.4746357822895833,0.5728021978021989,0.4746357822895833,0.0,0.0,0.0
2023-01-22,0.0013706723153362,0.0,0.0,0.4746357822895833,0.5728021978021989,0.4746357822895833,0.0,0.0,0.0
2023-01-23,0.0,0.0,0.0,0.4689624701234544,0.5678571428571431,0.4746357822895833,-0.00567331216612893,0.0,0.00567331216612893
2023-01-23,0.0,0.0,0.0,0.4689624701234544,0.5678571428571431,0.4689624701234544,0.0,0.0,0.0
2023-01-23,0.0,0.0,0.0,0.4689624701234544,0.5678571428571431,0.4689624701234544,0.0,0.0,0.0
2023-01-23,0.0,0.0,0.0,0.4689624701234544,0.5678571428571431,0.4689624701234544,0.0,0.0,0.0
2023-01-23,0.0,0.0,0.0,0.4689624701234544,0.5678571428571431,0.4689624701234544,0.0,0.0,0.0
2023-01-23,0.0,0.0,0.0,0.4689624701234544,0.5678571428571431,0.4689624701234544,0.0,0.0,0.0
2023-01-23,0.0,0.0,0.0,0.4689624701234544,0.5678571428571431,0.4689624701234544,0.0,0.0,0.0
2023-01-23,0.0,0.0,0.0,0.4689624701234544,0.5678571428571431,0.4689624701234544,0.0,0.0,0.0
2023-01-23,0.0,0.0,0.0,0.4689624701234544,0.5678571428571431,0.4689624701234544,0.0,0.0,0.0
2023-01-23,0.0,0.0,0.0,0.4689624701234544,0.5678571428571431,0.4689624701234544,0.0,0.0,0.0
2023-01-24,0.0,0.0,0.0,0.4629201811511605,0.562087912087911,0.4689624701234544,-0.006042288972293863,0.0,0.006042288972293863
2023-01-24,0.0003324955952426,0.0,0.0,0.4629201811511605,0.562087912087911,0.4629201811511605,0.0,2.796703180487081e-06,2.796703180487081e-06
2023-01-24,0.0,0.0,0.0,0.4629201811511605,0.562087912087911,0.4629201811511605,0.0,0.0,0.0
2023-01-24,0.000138907122187,0.0,0.0,0.4629201811511605,0.562087912087911,0.4629201811511605,0.0,0.0,0.0
2023-01-24,2.818866492290457e-07,0.0,0.0,0.4629201811511605,0.562087912087911,0.4629201811511605,0.0,0.0,0.0
2023-01-24,0.000115997946576,0.0,0.0,0.4629201811511605,0.562087912087911,0.4629201811511605,0.0,0.0,0.0
2023-01-24,0.0,0.0,0.0,0.4629201811511605,0.562087912087911,0.4629201811511605,0.0,0.0,0.0
2023-01-24,0.0,0.0,0.0,0.4629201811511605,0.562087912087911,0.4629201811511605,0.0,0.0,0.0
2023-01-24,0.0,0.0,0.0,0.4629201811511605,0.562087912087911,0.4629201811511605,0.0,0.0,0.0
2023-01-24,0.0,0.0,0.0,0.4629201811511605,0.562087912087911,0.4629201811511605,0.0,0.0,0.0
2023-01-25,0.0255363779807511,0.0,0.0,0.4570612054965793,0.5568681318681303,0.4629201811511605,-0.005858975654581211,0.0,0.005858975654581211
2023-01-25,0.0442198883166259,0.0,0.0,0.4570612054965793,0.5568681318681303,0.4570612054965793,0.0,0.0,0.0
2023-01-25,0.2700297518814324,0.0,0.0,0.4570612054965793,0.5568681318681303,0.4570612054965793,0.0,0.0,0.0
2023-01-25,0.1760029203360452,0.0,0.0,0.4570612054965793,0.5568681318681303,0.4570612054965793,0.0,0.0,0.0
2023-01-25,0.0327606124500524,0.0,0.0,0.4570612054965793,0.5568681318681303,0.4570612054965793,0.0,0.0,0.0
2023-01-25,0.0647938381148934,0.0,0.0,0.4570612054965793,0.5568681318681303,0.4570612054965793,0.0,0.0,0.0
2023-01-25,0.0704188870183434,0.0,0.0,0.4570612054965793,0.5568681318681303,0.4570612054965793,0.0,0.0,0.0
2023-01-25,0.0537604239166513,0.0,0.0,0.4570612054965793,0.5568681318681303,0.4570612054965793,0.0,0.0,0.0
2023-01-25,0.2979225635386928,0.0,0.0,0.4570612054965793,0.5568681318681303,0.4570612054965793,0.0,0.0,0.0
2023-01-25,0.1553147567538415,0.0,0.0,0.4570612054965793,0.5568681318681303,0.4570612054965793,0.0,0.0,0.0
2023-01-26,0.0902662757712985,0.0,0.0,0.4570612054965793,0.5568681318681303,0.4570612054965793,0.0,0.0,0.0
2023-01-26,0.0444571395639076,0.0,0.0,0.4570612054965793,0.5568681318681303,0.4570612054965793,0.0,0.0,0.0
2023-01-26,0.1068728653956484,0.0,0.0,0.4570612054965793,0.5568681318681303,0.4570612054965793,0.0,0.0,0.0
2023-01-26,0.0838784416160461,0.0,0.0,0.4570612054965793,0.5568681318681303,0.4570612054965793,0.0,0.0,0.0
2023-01-26,0.0719182261729427,0.0,0.0,0.4570612054965793,0.5568681318681303,0.4570612054965793,0.0,0.0,0.0
2023-01-26,0.0484541557884923,0.0,0.0,0.4570612054965793,0.5568681318681303,0.4570612054965793,0.0,0.0,0.0
2023-01-26,0.0264015432360882,0.0,0.0,0.4570612054965793,0.5568681318681303,0.4570612054965793,0.0,0.0,0.0
2023-01-26,0.0263296451532542,0.0,0.0,0.4570612054965793,0.5568681318681303,0.4570612054965793,0.0,0.0,0.0
2023-01-26,0.0281457611025309,0.0,0.0,0.4570612054965793,0.5568681318681303,0.4570612054965793,0.0,0.0,0.0
2023-01-26,0.0378859581816534,0.0,0.0,0.4570612054965793,0.5568681318681303,0.4570612054965793,0.0,0.0,0.0
2023-01-27,0.0,0.0,0.0,0.4460788576290067,0.5467032967032974,0.4570612054965793,-0.010982347867572628,0.0,0.010982347867572628
2023-01-27,0.0,0.0,0.0,0.4460788576290067,0.5467032967032974,0.4460788576290067,0.0,0.0,0.0
2023-01-27,0.0,0.0,0.0,0.4460788576290067,0.5467032967032974,0.4460788576290067,0.0,0.0,0.0
2023-01-27,0.0,0.0,0.0,0.4460788576290067,0.5467032967032974,0.4460788576290067,0.0,0.0,0.0
2023-01-27,1.7868573703412717e-05,0.0,0.0,0.4460788576290067,0.5467032967032974,0.4460788576290067,0.0,0.0,0.0
2023-01-27,0.0,0.0,0.0,0.4460788576290067,0.5467032967032974,0.4460788576290067,0.0,0.0,0.0
2023-01-27,0.0,0.0,0.0,0.4460788576290067,0.5467032967032974,0.4460788576290067,0.0,0.0,0.0
2023-01-27,0.0,0.0,0.0,0.4460788576290067,0.5467032967032974,0.4460788576290067,0.0,0.0,0.0
2023-01-27,0.000358388965616,0.0,0.0,0.4460788576290067,0.5467032967032974,0.4460788576290067,0.0,0.0,0.0
2023-01-27,0.0042767711771538,0.0,0.0,0.4460788576290067,0.5467032967032974,0.4460788576290067,0.0,0.0,0.0
2023-01-28,0.0,0.0,0.0,0.4405865086098504,0.5417582417582416,0.4460788576290067,-0.005492349019156295,0.0,0.005492349019156295
2023-01-28,0.0,0.0,0.0,0.4405865086098504,0.5417582417582416,0.4405865086098504,0.0,0.0,0.0
2023-01-28,0.0,0.0,0.0,0.4405865086098504,0.5417582417582416,0.4405865086098504,0.0,0.0,0.0
2023-01-28,0.0,0.0,0.0,0.4405865086098504,0.5417582417582416,0.4405865086098504,0.0,0.0,0.0
2023-01-28,0.0,0.0,0.0,0.4405865086098504,0.5417582417582416,0.4405865086098504,0.0,0.0,0.0
2023-01-28,0.0,0.0,0.0,0.4405865086098504,0.5417582417582416,0.4405865086098504,0.0,0.0,0.0
2023-01-28,0.0,0.0,0.0,0.4405865086098504,0.5417582417582416,0.4405865086098504,0.0,0.0,0.0
2023-01-28,0.0,0.0,0.0,0.4405865086098504,0.5417582417582416,0.4405865086098504,0.0,0.0,0.0
2023-01-28,0.0,0.0,0.0,0.4405865086098504,0.5417582417582416,0.4405865086098504,0.0,0.0,0.0
2023-01-28,0.0,0.0,0.0,0.4405865086098504,0.5417582417582416,0.4405865086098504,0.0,0.0,0.0
2023-01-29,0.0,0.0,0.0,0.4345442196375566,0.5362637362637361,0.4405865086098504,-0.006042288972293808,0.0,0.006042288972293808
2023-01-29,0.0,0.0,0.0,0.4345442196375566,0.5362637362637361,0.4345442196375566,0.0,0.0,0.0
2023-01-29,0.0,0.0,0.0,0.4345442196375566,0.5362637362637361,0.4345442196375566,0.0,0.0,0.0
2023-01-29,0.0,0.0,0.0,0.4345442196375566,0.5362637362637361,0.4345442196375566,0.0,0.0,0.0
2023-01-29,0.0,0.0,0.0,0.4345442196375566,0.5362637362637361,0.4345442196375566,0.0,0.0,0.0
2023-01-29,0.0,0.0,0.0,0.4345442196375566,0.5362637362637361,0.4345442196375566,0.0,0.0,0.0
2023-01-29,0.0,0.0,0.0,0.4345442196375566,0.5362637362637361,0.4345442196375566,0.0,0.0,0.0
2023-01-29,0.0,0.0,0.0,0.4345442196375566,0.5362637362637361,0.4345442196375566,0.0,0.0,0.0
2023-01-29,0.0,0.0,0.0,0.4345442196375566,0.5362637362637361,0.4345442196375566,0.0,0.0,0.0
2023-01-29,0.0,0.0,0.0,0.4345442196375566,0.5362637362637361,0.4345442196375566,0.0,0.0,0.0
2023-01-30,0.1708252368639014,0.0,0.0,0.428229310859434,0.5304945054945058,0.4345442196375566,-0.006314908778122574,0.0,0.006314908778122574
2023-01-30,0.1653935916718367,0.0,0.0,0.428229310859434,0.5304945054945058,0.428229310859434,0.0,0.0,0.0
2023-01-30,0.1690044961076401,0.0,0.0,0.428229310859434,0.5304945054945058,0.428229310859434,0.0,0.0,0.0
2023-01-30,0.0700269097424401,0.0,0.0,0.428229310859434,0.5304945054945058,0.428229310859434,0.0,0.0,0.0
2023-01-30,0.1043701578247586,0.0,0.0,0.428229310859434,0.5304945054945058,0.428229310859434,0.0,0.0,0.0
2023-01-30,0.0654943370319792,0.0,0.0,0.428229310859434,0.5304945054945058,0.428229310859434,0.0,0.0,0.0
2023-01-30,0.0816123735225991,0.0,0.0,0.428229310859434,0.5304945054945058,0.428229310859434,0.0,0.0,0.0
2023-01-30,0.023159731259428,0.0,0.0,0.428229310859434,0.5304945054945058,0.428229310859434,0.0,0.0,0.0
2023-01-30,0.1945862265334662,0.0,0.0,0.428229310859434,0.5304945054945058,0.428229310859434,0.0,0.0,0.0
2023-01-30,0.1387073410995013,0.0,0.0,0.428229310859434,0.5304945054945058,0.428229310859434,0.0,0.0,0.0
2023-01-31,0.099198417845129,0.0,0.0,0.4221870218871401,0.5250000000000004,0.428229310859434,-0.006042288972293919,0.0,0.006042288972293919
2023-01-31,0.083010714990837,0.0,0.0,0.4221870218871401,0.5250000000000004,0.4221870218871401,0.0,0.0,0.0
2023-01-31,0.021487397811032,0.0,0.0,0.4221870218871401,0.5250000000000004,0.4221870218871401,0.0,0.0,0.0
2023-01-31,0.025829346698643,0.0,0.0,0.4221870218871401,0.5250000000000004,0.4221870218871401,0.0,0.0,0.0
2023-01-31,0.004251505416413,0.0,0.0,0.4221870218871401,0.5250000000000004,0.4221870218871401,0.0,0.0,0.0
2023-01-31,0.0460712523879771,0.0,0.0,0.4221870218871401,0.5250000000000004,0.4221870218871401,0.0,0.0,0.0
2023-01-31,0.0106350312894412,0.0,0.0,0.4221870218871401,0.5250000000000004,0.4221870218871401,0.0,0.0,0.0
2023-01-31,0.0292228537448319,0.0,0.0,0.4221870218871401,0.5250000000000004,0.4221870218871401,0.0,0.0,0.0
2023-01-31,0.0664655608568924,0.0,0.0,0.4221870218871401,0.5250000000000004,0.4221870218871401,0.0,0.0,0.0
2023-01-31,0.0116516658060852,0.0,0.0,0.4221870218871401,0.5250000000000004,0.4221870218871401,0.0,5.452396116578002e-06,5.452396116578002e-06
2023-02-01,0.0,0.0,0.0,0.4168779861856963,0.5200549450549445,0.4221870218871401,-0.005309035701443754,0.0,0.005309035701443754
2023-02-01,0.0,0.0,0.0,0.4168779861856963,0.5200549450549445,0.4168779861856963,0.0,0.0,0.0
2023-02-01,0.0,0.0,0.0,0.4168779861856963,0.5200549450549445,0.4168779861856963,0.0,0.0,0.0
2023-02-01,0.0,0.0,0.0,0.4168779861856963,0.5200549450549445,0.4168779861856963,0.0,0.0,0.0
2023-02-01,0.0002110457204607,0.0,0.0,0.4168779861856963,0.5200549450549445,0.4168779861856963,0.0,0.0,0.0
2023-02-01,0.0,0.0,0.0,0.4168779861856963,0.5200549450549445,0.4168779861856963,0.0,0.0,0.0
2023-02-01,0.0006780911627844,0.0,0.0,0.4168779861856963,0.5200549450549445,0.4168779861856963,0.0,0.0,0.0
2023-02-01,8.494976917938579e-06,0.0,0.0,0.4168779861856963,0.5200549450549445,0.4168779861856963,0.0,0.0,0.0
2023-02-01,0.0,0.0,0.0,0.4168779861856963,0.5200549450549445,0.4168779861856963,0.0,0.0,0.0
2023-02-01,0.0008895557756374,0.0,0.0,0.4168779861856963,0.5200549450549445,0.4168779861856963,0.0,0.0,0.0
2023-02-02,0.0,0.0,0.0,0.4112939805076839,0.5151098901098905,0.4168779861856963,-0.005584005678012427,0.0,0.005584005678012427
2023-02-02,0.0,0.0,0.0,0.4112939805076839,0.5151098901098905,0.4112939805076839,0.0,0.0,0.0
2023-02-02,0.0,0.0,0.0,0.4112939805076839,0.5151098901098905,0.4112939805076839,0.0,0.0,0.0
2023-02-02,0.0,0.0,0.0,0.4112939805076839,0.5151098901098905,0.4112939805076839,0.0,0.0,0.0
2023-02-02,0.0,0.0,0.0,0.4112939805076839,0.5151098901098905,0.4112939805076839,0.0,0.0,0.0
2023-02-02,0.0,0.0,0.0,0.4112939805076839,0.5151098901098905,0.4112939805076839,0.0,0.0,0.0
2023-02-02,0.0,0.0,0.0,0.4112939805076839,0.5151098901098905,0.4112939805076839,0.0,0.0,0.0
2023-02-02,0.0,0.0,0.0,0.4112939805076839,0.5151098901098905,0.4112939805076839,0.0,0.0,0.0
2023-02-02,0.0,0.0,0.0,0.4112939805076839,0.5151098901098905,0.4112939805076839,0.0,0.0,0.0
2023-02-02,0.0,0.0,0.0,0.4112939805076839,0.5151098901098905,0.4112939805076839,0.0,0.0,0.0
2023-02-03,0.0,0.0,0.0,0.405620668341555,0.5093406593406602,0.4112939805076839,-0.005673312166128874,0.0,0.005673312166128874
2023-02-03,0.0,0.0,0.0,0.405620668341555,0.5093406593406602,0.405620668341555,0.0,0.0,0.0
2023-02-03,0.0,0.0,0.0,0.405620668341555,0.5093406593406602,0.405620668341555,0.0,0.0,0.0
2023-02-03,5.519974319208551e-05,0.0,0.0,0.405620668341555,0.5093406593406602,0.405620668341555,0.0,0.0,0.0
2023-02-03,6.628433659738064e-05,0.0,0.0,0.405620668341555,0.5093406593406602,0.405620668341555,0.0,0.0,0.0
2023-02-03,0.0,0.0,0.0,0.405620668341555,0.5093406593406602,0.405620668341555,0.0,0.0,0.0
2023-02-03,0.0,0.0,0.0,0.405620668341555,0.5093406593406602,0.405620668341555,0.0,0.0,0.0
2023-02-03,0.0015964974654298,0.0,0.0,0.405620668341555,0.5093406593406602,0.405620668341555,0.0,0.0,0.0
2023-02-03,0.0027153364872011,0.0,0.0,0.405620668341555,0.5093406593406602,0.405620668341555,0.0,0.0,0.0
2023-02-03,0.0,0.0,0.0,0.405620668341555,0.5093406593406602,0.405620668341555,0.0,0.0,0.0
2023-02-04,0.0,0.0,0.0,0.3998580496873098,0.5032967032967033,0.405620668341555,-0.005762618654245211,0.0,0.005762618654245211
2023-02-04,0.0008950888873609,0.0,0.0,0.3998580496873098,0.5032967032967033,0.3998580496873098,0.0,0.0,0.0
2023-02-04,0.004981280681199,0.0,0.0,0.3998580496873098,0.5032967032967033,0.3998580496873098,0.0,0.0,0.0
2023-02-04,0.0,0.0,0.0,0.3998580496873098,0.5032967032967033,0.3998580496873098,0.0,0.0,0.0
2023-02-04,0.0001864143742959,0.0,0.0,0.3998580496873098,0.5032967032967033,0.3998580496873098,0.0,0.0,0.0
2023-02-04,0.0059372491621854,0.0,0.0,0.3998580496873098,0.5032967032967033,0.3998580496873098,0.0,0.0,0.0
2023-02-04,6.74134082065253e-05,0.0,0.0,0.3998580496873098,0.5032967032967033,0.3998580496873098,0.0,0.0,0.0
2023-02-04,0.0,0.0,0.0,0.3998580496873098,0.5032967032967033,0.3998580496873098,0.0,0.0,0.0
2023-02-04,0.0017580913371442,0.0,0.0,0.3998580496873098,0.5032967032967033,0.3998580496873098,0.0,0.0,0.0
2023-02-04,6.628433659738064e-05,0.0,0.0,0.3998580496873098,0.5032967032967033,0.3998580496873098,0.0,0.0,0.0
2023-02-05,0.0,0.0,0.0,0.3942505423018982,0.4972527472527481,0.3998580496873098,-0.005607507385411603,0.0,0.005607507385411603
2023-02-05,0.0,0.0,0.0,0.3942505423018982,0.4972527472527481,0.3942505423018982,0.0,0.0,0.0
2023-02-05,0.0,0.0,0.0,0.3942505423018982,0.4972527472527481,0.3942505423018982,0.0,0.0,0.0
2023-02-05,0.0,0.0,0.0,0.3942505423018982,0.4972527472527481,0.3942505423018982,0.0,0.0,0.0
2023-02-05,0.0,0.0,0.0,0.3942505423018982,0.4972527472527481,0.3942505423018982,0.0,0.0,0.0
2023-02-05,0.0,0.0,0.0,0.3942505423018982,0.4972527472527481,0.3942505423018982,0.0,0.0,0.0
2023-02-05,0.0,0.0,0.0,0.3942505423018982,0.4972527472527481,0.3942505423018982,0.0,0.0,0.0
2023-02-05,0.0,0.0,0.0,0.3942505423018982,0.4972527472527481,0.3942505423018982,0.0,0.0,0.0
2023-02-05,0.0,0.0,0.0,0.3942505423018982,0.4972527472527481,0.3942505423018982,0.0,0.0,0.0
2023-02-05,0.0,0.0,0.0,0.3942505423018982,0.4972527472527481,0.3942505423018982,0.0,0.0,0.0
2023-02-06,0.0010539440167255,0.0,0.0,0.3890449141130103,0.4917582417582427,0.3942505423018982,-0.005205628188887923,0.0,0.005205628188887923
2023-02-06,0.0061089334759,0.0,0.0,0.3890449141130103,0.4917582417582427,0.3890449141130103,0.0,0.0,0.0
2023-02-06,0.0051734792099869,0.0,0.0,0.3890449141130103,0.4917582417582427,0.3890449141130103,0.0,0.0,0.0
2023-02-06,0.0111806684701173,0.0,0.0,0.3890449141130103,0.4917582417582427,0.3890449141130103,0.0,0.0,0.0
2023-02-06,0.0020297372066341,0.0,0.0,0.3890449141130103,0.4917582417582427,0.3890449141130103,0.0,0.0,0.0
2023-02-06,1.3799935967467182e-05,0.0,0.0,0.3890449141130103,0.4917582417582427,0.3890449141130103,0.0,0.0,0.0
2023-02-06,0.0002487363163537,0.0,0.0,0.3890449141130103,0.4917582417582427,0.3890449141130103,0.0,0.0,0.0
2023-02-06,0.0058740279177053,0.0,0.0,0.3890449141130103,0.4917582417582427,0.3890449141130103,0.0,0.0,0.0
2023-02-06,0.0203366573160107,0.0,0.0,0.3890449141130103,0.4917582417582427,0.3890449141130103,0.0,5.0411162370961326e-06,5.0411162370961326e-06
2023-02-06,0.0033826399927279,0.0,0.0,0.3890449141130103,0.4917582417582427,0.3890449141130103,0.0,0.0,0.0
2023-02-07,0.0071839705657405,0.0,0.0,0.3828005104570847,0.4854395604395609,0.3890449141130103,-0.006244403655925601,0.0,0.006244403655925601
2023-02-07,0.0146173408349321,0.0,0.0,0.3828005104570847,0.4854395604395609,0.3828005104570847,0.0,0.0,0.0
2023-02-07,0.0146974378430436,0.0,0.0,0.3828005104570847,0.4854395604395609,0.3828005104570847,0.0,0.0,0.0
2023-02-07,0.0035972389686364,0.0,0.0,0.3828005104570847,0.4854395604395609,0.3828005104570847,0.0,0.0,0.0
2023-02-07,0.0247531925014226,0.0,0.0,0.3828005104570847,0.4854395604395609,0.3828005104570847,0.0,0.0,0.0
2023-02-07,0.0173736989446254,0.0,0.0,0.3828005104570847,0.4854395604395609,0.3828005104570847,0.0,0.0,0.0
2023-02-07,0.0667774412304184,0.0,0.0,0.3828005104570847,0.4854395604395609,0.3828005104570847,0.0,0.0,0.0
2023-02-07,0.0252332707382401,0.0,0.0,0.3828005104570847,0.4854395604395609,0.3828005104570847,0.0,0.0,0.0
2023-02-07,0.056954492445953,0.0,0.0,0.3828005104570847,0.4854395604395609,0.3828005104570847,0.0,0.0,0.0
2023-02-07,0.0052838832585299,0.0,0.0,0.3828005104570847,0.4854395604395609,0.3828005104570847,0.0,0.0,0.0
2023-02-08,0.0,0.0,0.0,0.3763962951908455,0.4785714285714295,0.3828005104570847,-0.006404215266239188,0.0,0.006404215266239188
2023-02-08,0.0,0.0,0.0,0.3763962951908455,0.4785714285714295,0.3763962951908455,0.0,0.0,0.0
2023-02-08,0.0,0.0,0.0,0.3763962951908455,0.4785714285714295,0.3763962951908455,0.0,0.0,0.0
2023-02-08,0.0,0.0,0.0,0.3763962951908455,0.4785714285714295,0.3763962951908455,0.0,0.0,0.0
2023-02-08,0.0,0.0,0.0,0.3763962951908455,0.4785714285714295,0.3763962951908455,0.0,0.0,0.0
2023-02-08,0.0,0.0,0.0,0.3763962951908455,0.4785714285714295,0.3763962951908455,0.0,0.0,0.0
2023-02-08,0.0,0.0,0.0,0.3763962951908455,0.4785714285714295,0.3763962951908455,0.0,0.0,0.0
2023-02-08,0.0,0.0,0.0,0.3763962951908455,0.4785714285714295,0.3763962951908455,0.0,0.0,0.0
2023-02-08,0.0,0.0,0.0,0.3763962951908455,0.4785714285714295,0.3763962951908455,0.0,0.0,0.0
2023-02-08,0.0,0.0,0.0,0.3763962951908455,0.4785714285714295,0.3763962951908455,0.0,0.0,0.0
2023-02-09,0.0001864143742959,0.0,0.0,0.3706289761951205,0.4725274725274726,0.3763962951908455,-0.005767318995725024,0.0,0.005767318995725024
2023-02-09,0.0008546205562499,0.0,0.0,0.3706289761951205,0.4725274725274726,0.3706289761951205,0.0,0.0,0.0
2023-02-09,0.0029307012571502,0.0,0.0,0.3706289761951205,0.4725274725274726,0.3706289761951205,0.0,0.0,0.0
2023-02-09,0.0,0.0,0.0,0.3706289761951205,0.4725274725274726,0.3706289761951205,0.0,0.0,0.0
2023-02-09,0.0015865180138195,0.0,0.0,0.3706289761951205,0.4725274725274726,0.3706289761951205,0.0,0.0,0.0
2023-02-09,0.0,0.0,0.0,0.3706289761951205,0.4725274725274726,0.3706289761951205,0.0,0.0,0.0
2023-02-09,0.0,0.0,0.0,0.3706289761951205,0.4725274725274726,0.3706289761951205,0.0,0.0,0.0
2023-02-09,0.0,0.0,0.0,0.3706289761951205,0.4725274725274726,0.3706289761951205,0.0,0.0,0.0
2023-02-09,0.0027447002818135,0.0,0.0,0.3706289761951205,0.4725274725274726,0.3706289761951205,0.0,0.0,0.0
2023-02-09,0.0,0.0,0.0,0.3706289761951205,0.4725274725274726,0.3706289761951205,0.0,0.0,0.0
2023-02-10,0.1038288448243899,0.0,0.0,0.3643023165632983,0.4662087912087909,0.3706289761951205,-0.006326659631822162,0.0,0.006326659631822162
2023-02-10,0.136096961689266,0.0,0.0,0.3643023165632983,0.4662087912087909,0.3643023165632983,0.0,0.0,0.0
2023-02-10,0.0111016709605778,0.0,0.0,0.3643023165632983,0.4662087912087909,0.3643023165632983,0.0,0.0,0.0
2023-02-10,0.0394728446757055,0.0,0.0,0.3643023165632983,0.4662087912087909,0.3643023165632983,0.0,0.0,0.0
2023-02-10,0.0229378074322176,0.0,0.0,0.3643023165632983,0.4662087912087909,0.3643023165632983,0.0,0.0,0.0
2023-02-10,0.0018743740685705,0.0,0.0,0.3643023165632983,0.4662087912087909,0.3643023165632983,0.0,0.0,0.0
2023-02-10,0.0511128808876486,0.0,0.0,0.3643023165632983,0.4662087912087909,0.3643023165632983,0.0,0.0,0.0
2023-02-10,0.0233505670433886,0.0,0.0,0.3643023165632983,0.4662087912087909,0.3643023165632983,0.0,0.0,0.0
2023-02-10,0.1082081755762849,0.0,0.0,0.3643023165632983,0.4662087912087909,0.3643023165632983,0.0,0.0,0.0
2023-02-10,0.0008701207012395,0.0,0.0,0.3643023165632983,0.4662087912087909,0.3643023165632983,0.0,0.0,0.0
2023-02-11,0.0353724554355347,0.0,0.0,0.3581378187125294,0.4596153846153843,0.3643023165632983,-0.006164497850768891,0.0,0.006164497850768891
2023-02-11,0.0497651729642104,0.0,0.0,0.3581378187125294,0.4596153846153843,0.3581378187125294,0.0,0.0,0.0
2023-02-11,0.0510205276788817,0.0,0.0,0.3581378187125294,0.4596153846153843,0.3581378187125294,0.0,0.0,0.0
2023-02-11,0.0275052361820757,0.0,0.0,0.3581378187125294,0.4596153846153843,0.3581378187125294,0.0,0.0,0.0
2023-02-11,0.0004991651238123,0.0,0.0,0.3581378187125294,0.4596153846153843,0.3581378187125294,0.0,0.0,0.0
2023-02-11,0.0905633966162625,0.0,0.0,0.3581378187125294,0.4596153846153843,0.3581378187125294,0.0,0.0,0.0
2023-02-11,0.005900807387284,0.0,0.0,0.3581378187125294,0.4596153846153843,0.3581378187125294,0.0,0.0,0.0
2023-02-11,0.0628058456007271,0.0,0.0,0.3581378187125294,0.4596153846153843,0.3581378187125294,0.0,0.0,0.0
2023-02-11,0.0345999208700228,0.0,0.0,0.3581378187125294,0.4596153846153843,0.3581378187125294,0.0,0.0,0.0
2023-02-11,0.004934957430284,0.0,0.0,0.3581378187125294,0.4596153846153843,0.3581378187125294,0.0,0.0,0.0
2023-02-12,0.0156860321021768,0.0,0.0,0.3520532266669173,0.4532967032967026,0.3581378187125294,-0.006084592045612125,0.0,0.006084592045612125
2023-02-12,0.0178288148005347,0.0,0.0,0.3520532266669173,0.4532967032967026,0.3520532266669173,0.0,0.0,0.0
2023-02-12,0.0069054532981848,0.0,0.0,0.3520532266669173,0.4532967032967026,0.3520532266669173,0.0,0.0,0.0
2023-02-12,0.0003649420976963,0.0,0.0,0.3520532266669173,0.4532967032967026,0.3520532266669173,0.0,0.0,0.0
2023-02-12,0.0198578071179959,0.0,0.0,0.3520532266669173,0.4532967032967026,0.3520532266669173,0.0,0.0006335002737948912,0.0006335002737948912
2023-02-12,0.0365771724234837,0.0,0.0,0.3520532266669173,0.4532967032967026,0.3520532266669173,0.0,0.0,0.0
2023-02-12,0.0054209757422327,0.0,0.0,0.3520532266669173,0.4532967032967026,0.3520532266669173,0.0,0.0,0.0
2023-02-12,0.0172881658928355,0.0,0.0,0.3520532266669173,0.4532967032967026,0.3520532266669173,0.0,0.0,0.0
2023-02-12,0.0016326681134905,0.0,0.0,0.3520532266669173,0.4532967032967026,0.3520532266669173,0.0,0.0,0.0
2023-02-12,0.0013755824439753,0.0,0.0,0.3520532266669173,0.4532967032967026,0.3520532266669173,0.0,0.0,0.0
2023-02-13,0.0,0.0,0.0,0.3457265670350951,0.446703296703296,0.3520532266669173,-0.006326659631822218,0.0,0.006326659631822218
2023-02-13,0.0,0.0,0.0,0.3457265670350951,0.446703296703296,0.3457265670350951,0.0,0.0,0.0
2023-02-13,0.0,0.0,0.0,0.3457265670350951,0.446703296703296,0.3457265670350951,0.0,0.0,0.0
2023-02-13,0.0,0.0,0.0,0.3457265670350951,0.446703296703296,0.3457265670350951,0.0,0.0,0.0
2023-02-13,0.0,0.0,0.0,0.3457265670350951,0.446703296703296,0.3457265670350951,0.0,0.0,0.0
2023-02-13,0.0,0.0,0.0,0.3457265670350951,0.446703296703296,0.3457265670350951,0.0,0.0,0.0
2023-02-13,0.0,0.0,0.0,0.3457265670350951,0.446703296703296,0.3457265670350951,0.0,0.0,0.0
2023-02-13,0.0,0.0,0.0,0.3457265670350951,0.446703296703296,0.3457265670350951,0.0,0.0,0.0
2023-02-13,0.0,0.0,0.0,0.3457265670350951,0.446703296703296,0.3457265670350951,0.0,0.0,0.0
2023-02-13,0.0,0.0,0.0,0.3457265670350951,0.446703296703296,0.3457265670350951,0.0,0.0,0.0
2023-02-14,0.0,0.0,0.0,0.3392400957929594,0.4398351648351646,0.3457265670350951,-0.006486471242135694,0.0,0.006486471242135694
2023-02-14,0.0,0.0,0.0,0.3392400957929594,0.4398351648351646,0.3392400957929594,0.0,0.0,0.0
2023-02-14,0.0,0.0,0.0,0.3392400957929594,0.4398351648351646,0.3392400957929594,0.0,0.0,0.0
2023-02-14,0.0,0.0,0.0,0.3392400957929594,0.4398351648351646,0.3392400957929594,0.0,0.0,0.0
2023-02-14,0.0,0.0,0.0,0.3392400957929594,0.4398351648351646,0.3392400957929594,0.0,0.0,0.0
2023-02-14,0.0,0.0,0.0,0.3392400957929594,0.4398351648351646,0.3392400957929594,0.0,0.0,0.0
2023-02-14,0.0,0.0,0.0,0.3392400957929594,0.4398351648351646,0.3392400957929594,0.0,0.0,0.0
2023-02-14,0.0,0.0,0.0,0.3392400957929594,0.4398351648351646,0.3392400957929594,0.0,0.0,0.0
2023-02-14,0.0,0.0,0.0,0.3392400957929594,0.4398351648351646,0.3392400957929594,0.0,0.0,0.0
2023-02-14,0.0,0.0,0.0,0.3392400957929594,0.4398351648351646,0.3392400957929594,0.0,0.0,0.0
2023-02-15,0.0,0.0,0.0,0.333555032773131,0.4337912087912094,0.3392400957929594,-0.005685063019828407,0.0,0.005685063019828407
2023-02-15,0.0,0.0,0.0,0.333555032773131,0.4337912087912094,0.333555032773131,0.0,0.0,0.0
2023-02-15,0.0,0.0,0.0,0.333555032773131,0.4337912087912094,0.333555032773131,0.0,0.0,0.0
2023-02-15,0.0,0.0,0.0,0.333555032773131,0.4337912087912094,0.333555032773131,0.0,0.0,0.0
2023-02-15,0.0,0.0,0.0,0.333555032773131,0.4337912087912094,0.333555032773131,0.0,0.0,0.0
2023-02-15,0.0,0.0,0.0,0.333555032773131,0.4337912087912094,0.333555032773131,0.0,0.0,0.0
2023-02-15,0.0,0.0,0.0,0.333555032773131,0.4337912087912094,0.333555032773131,0.0,0.0,0.0
2023-02-15,0.0,0.0,0.0,0.333555032773131,0.4337912087912094,0.333555032773131,0.0,0.0,0.0
2023-02-15,0.0,0.0,0.0,0.333555032773131,0.4337912087912094,0.333555032773131,0.0,0.0,0.0
2023-02-15,0.0,0.0,0.0,0.333555032773131,0.4337912087912094,0.333555032773131,0.0,0.0,0.0
2023-02-16,0.0,0.0,0.0,0.3273106291172054,0.4271978021978029,0.333555032773131,-0.006244403655925601,0.0,0.006244403655925601
2023-02-16,0.0,0.0,0.0,0.3273106291172054,0.4271978021978029,0.3273106291172054,0.0,0.0,0.0
2023-02-16,0.0,0.0,0.0,0.3273106291172054,0.4271978021978029,0.3273106291172054,0.0,0.0,0.0
2023-02-16,0.0,0.0,0.0,0.3273106291172054,0.4271978021978029,0.3273106291172054,0.0,0.0,0.0
2023-02-16,0.0,0.0,0.0,0.3273106291172054,0.4271978021978029,0.3273106291172054,0.0,0.0,0.0
2023-02-16,0.0,0.0,0.0,0.3273106291172054,0.4271978021978029,0.3273106291172054,0.0,0.0,0.0
2023-02-16,0.0,0.0,0.0,0.3273106291172054,0.4271978021978029,0.3273106291172054,0.0,0.0,0.0
2023-02-16,0.0,0.0,0.0,0.3273106291172054,0.4271978021978029,0.3273106291172054,0.0,0.0,0.0
2023-02-16,0.0,0.0,0.0,0.3273106291172054,0.4271978021978029,0.3273106291172054,0.0,0.0,0.0
2023-02-16,0.0,0.0,0.0,0.3273106291172054,0.4271978021978029,0.3273106291172054,0.0,0.0,0.0
2023-02-17,0.0,0.0,0.0,0.3207442520699129,0.4203296703296697,0.3273106291172054,-0.00656637704729246,0.0,0.00656637704729246
2023-02-17,0.0,0.0,0.0,0.3207442520699129,0.4203296703296697,0.3207442520699129,0.0,0.0,0.0
2023-02-17,0.0,0.0,0.0,0.3207442520699129,0.4203296703296697,0.3207442520699129,0.0,0.0,0.0
2023-02-17,0.0,0.0,0.0,0.3207442520699129,0.4203296703296697,0.3207442520699129,0.0,0.0,0.0
2023-02-17,0.0,0.0,0.0,0.3207442520699129,0.4203296703296697,0.3207442520699129,0.0,0.0,0.0
2023-02-17,0.0,0.0,0.0,0.3207442520699129,0.4203296703296697,0.3207442520699129,0.0,0.0,0.0
2023-02-17,0.0,0.0,0.0,0.3207442520699129,0.4203296703296697,0.3207442520699129,0.0,0.0,0.0
2023-02-17,0.0,0.0,0.0,0.3207442520699129,0.4203296703296697,0.3207442520699129,0.0,0.0,0.0
2023-02-17,0.0,0.0,0.0,0.3207442520699129,0.4203296703296697,0.3207442520699129,0.0,0.0,0.0
2023-02-17,0.0,0.0,0.0,0.3207442520699129,0.4203296703296697,0.3207442520699129,0.0,0.0,0.0
2023-02-18,0.0,0.0,0.0,0.3136185343865231,0.4129120879120886,0.3207442520699129,-0.007125717683389821,0.0,0.007125717683389821
2023-02-18,0.0,0.0,0.0,0.3136185343865231,0.4129120879120886,0.3136185343865231,0.0,0.0,0.0
2023-02-18,0.0,0.0,0.0,0.3136185343865231,0.4129120879120886,0.3136185343865231,0.0,0.0,0.0
2023-02-18,0.0,0.0,0.0,0.3136185343865231,0.4129120879120886,0.3136185343865231,0.0,0.0,0.0
2023-02-18,0.0,0.0,0.0,0.3136185343865231,0.4129120879120886,0.3136185343865231,0.0,0.0,0.0
2023-02-18,0.0,0.0,0.0,0.3136185343865231,0.4129120879120886,0.3136185343865231,0.0,0.0,0.0
2023-02-18,0.0,0.0,0.0,0.3136185343865231,0.4129120879120886,0.3136185343865231,0.0,0.0,0.0
2023-02-18,0.0,0.0,0.0,0.3136185343865231,0.4129120879120886,0.3136185343865231,0.0,0.0,0.0
2023-02-18,0.0,0.0,0.0,0.3136185343865231,0.4129120879120886,0.3136185343865231,0.0,0.0,0.0
2023-02-18,0.0,0.0,0.0,0.3136185343865231,0.4129120879120886,0.3136185343865231,0.0,0.0,0.0
2023-02-19,0.0,0.0,0.0,0.307289524583961,0.4063186813186821,0.3136185343865231,-0.006329009802562069,0.0,0.006329009802562069
2023-02-19,0.0,0.0,0.0,0.307289524583961,0.4063186813186821,0.307289524583961,0.0,0.0,0.0
2023-02-19,0.0,0.0,0.0,0.307289524583961,0.4063186813186821,0.307289524583961,0.0,0.0,0.0
2023-02-19,0.0,0.0,0.0,0.307289524583961,0.4063186813186821,0.307289524583961,0.0,0.0,0.0
2023-02-19,0.0,0.0,0.0,0.307289524583961,0.4063186813186821,0.307289524583961,0.0,0.0,0.0
2023-02-19,0.0,0.0,0.0,0.307289524583961,0.4063186813186821,0.307289524583961,0.0,0.0,0.0
2023-02-19,0.0,0.0,0.0,0.307289524583961,0.4063186813186821,0.307289524583961,0.0,0.0,0.0
2023-02-19,0.0,0.0,0.0,0.307289524583961,0.4063186813186821,0.307289524583961,0.0,0.0,0.0
2023-02-19,0.0,0.0,0.0,0.307289524583961,0.4063186813186821,0.307289524583961,0.0,0.0,0.0
2023-02-19,0.0,0.0,0.0,0.307289524583961,0.4063186813186821,0.307289524583961,0.0,0.0,0.0
2023-02-20,0.0,0.0,0.0,0.3008853093177219,0.3997252747252755,0.307289524583961,-0.006404215266239133,0.0,0.006404215266239133
2023-02-20,0.0,0.0,0.0,0.3008853093177219,0.3997252747252755,0.3008853093177219,0.0,0.0,0.0
2023-02-20,0.0012659661476157,0.0,0.0,0.3008853093177219,0.3997252747252755,0.3008853093177219,0.0,0.0,0.0
2023-02-20,0.0,0.0,0.0,0.3008853093177219,0.3997252747252755,0.3008853093177219,0.0,0.0,0.0
2023-02-20,0.0,0.0,0.0,0.3008853093177219,0.3997252747252755,0.3008853093177219,0.0,0.0,0.0
2023-02-20,0.0,0.0,0.0,0.3008853093177219,0.3997252747252755,0.3008853093177219,0.0,0.0,0.0
2023-02-20,0.0,0.0,0.0,0.3008853093177219,0.3997252747252755,0.3008853093177219,0.0,0.0,0.0
2023-02-20,0.0048469997364742,0.0,0.0,0.3008853093177219,0.3997252747252755,0.3008853093177219,0.0,0.0,0.0
2023-02-20,0.0022801047180901,0.0,0.0,0.3008853093177219,0.3997252747252755,0.3008853093177219,0.0,0.0,0.0
2023-02-20,0.0,0.0,0.0,0.3008853093177219,0.3997252747252755,0.3008853093177219,0.0,0.0,0.0
2023-02-21,0.0160614451575024,0.0,0.0,0.2944787438807428,0.3928571428571423,0.3008853093177219,-0.006406565436979095,0.0,0.006406565436979095
2023-02-21,0.0,0.0,0.0,0.2944787438807428,0.3928571428571423,0.2944787438807428,0.0,0.0,0.0
2023-02-21,0.000120504123876,0.0,0.0,0.2944787438807428,0.3928571428571423,0.2944787438807428,0.0,0.0,0.0
2023-02-21,0.0081605617382924,0.0,0.0,0.2944787438807428,0.3928571428571423,0.2944787438807428,0.0,0.0,0.0
2023-02-21,0.0238454351660005,0.0,0.0,0.2944787438807428,0.3928571428571423,0.2944787438807428,0.0,0.0,0.0
2023-02-21,0.0004989485774981,0.0,0.0,0.2944787438807428,0.3928571428571423,0.2944787438807428,0.0,0.0,0.0
2023-02-21,0.0113269700946424,0.0,0.0,0.2944787438807428,0.3928571428571423,0.2944787438807428,0.0,0.0,0.0
2023-02-21,0.0002040023037267,0.0,0.0,0.2944787438807428,0.3928571428571423,0.2944787438807428,0.0,0.0,0.0
2023-02-21,9.264808513143003e-06,0.0,0.0,0.2944787438807428,0.3928571428571423,0.2944787438807428,0.0,0.0,0.0
2023-02-21,0.0,0.0,0.0,0.2944787438807428,0.3928571428571423,0.2944787438807428,0.0,0.0,0.0
2023-02-22,0.0604161935439414,0.0,0.0,0.2882343402248172,0.3865384615384606,0.2944787438807428,-0.006244403655925601,0.0,0.006244403655925601
2023-02-22,0.0357265426073451,0.0,0.0,0.2882343402248172,0.3865384615384606,0.2882343402248172,0.0,0.0,0.0
2023-02-22,0.0270185005511418,0.0,0.0,0.2882343402248172,0.3865384615384606,0.2882343402248172,0.0,0.0,0.0
2023-02-22,0.0780373619365954,0.0,0.0,0.2882343402248172,0.3865384615384606,0.2882343402248172,0.0,0.0,0.0
2023-02-22,0.0162240526221556,0.0,0.0,0.2882343402248172,0.3865384615384606,0.2882343402248172,0.0,0.0,0.0
2023-02-22,0.0149552644319554,0.0,0.0,0.2882343402248172,0.3865384615384606,0.2882343402248172,0.0,0.0,0.0
2023-02-22,0.0314281468225363,0.0,0.0,0.2882343402248172,0.3865384615384606,0.2882343402248172,0.0,0.0,0.0
2023-02-22,0.0430459149468981,0.0,0.0,0.2882343402248172,0.3865384615384606,0.2882343402248172,0.0,0.0,0.0
2023-02-22,0.027188343636259,0.0,0.0,0.2882343402248172,0.3865384615384606,0.2882343402248172,0.0,0.0,0.0
2023-02-22,0.0472332818402424,0.0,0.0,0.2882343402248172,0.3865384615384606,0.2882343402248172,0.0,0.0,0.0
2023-02-23,0.0,0.0,0.0,0.2820674922033084,0.379945054945054,0.2882343402248172,-0.006166848021508797,0.0,0.006166848021508797
2023-02-23,0.0,0.0,0.0,0.2820674922033084,0.379945054945054,0.2820674922033084,0.0,0.0,0.0
2023-02-23,0.0,0.0,0.0,0.2820674922033084,0.379945054945054,0.2820674922033084,0.0,0.0,0.0
2023-02-23,0.0,0.0,0.0,0.2820674922033084,0.379945054945054,0.2820674922033084,0.0,0.0,0.0
2023-02-23,0.0,0.0,0.0,0.2820674922033084,0.379945054945054,0.2820674922033084,0.0,0.0,0.0
2023-02-23,0.0,0.0,0.0,0.2820674922033084,0.379945054945054,0.2820674922033084,0.0,0.0,0.0
2023-02-23,0.0,0.0,0.0,0.2820674922033084,0.379945054945054,0.2820674922033084,0.0,0.0,0.0
2023-02-23,0.0,0.0,0.0,0.2820674922033084,0.379945054945054,0.2820674922033084,0.0,0.0,0.0
2023-02-23,0.0,0.0,0.0,0.2820674922033084,0.379945054945054,0.2820674922033084,0.0,0.0,0.0
2023-02-23,0.0,0.0,0.0,0.2820674922033084,0.379945054945054,0.2820674922033084,0.0,0.0,0.0
2023-02-24,0.0,0.0,0.0,0.2756609267663296,0.3733516483516492,0.2820674922033084,-0.006406565436978817,0.0,0.006406565436978817
2023-02-24,0.0,0.0,0.0,0.2756609267663296,0.3733516483516492,0.2756609267663296,0.0,0.0,0.0
2023-02-24,0.0,0.0,0.0,0.2756609267663296,0.3733516483516492,0.2756609267663296,0.0,0.0,0.0
2023-02-24,0.0,0.0,0.0,0.2756609267663296,0.3733516483516492,0.2756609267663296,0.0,0.0,0.0
2023-02-24,0.0,0.0,0.0,0.2756609267663296,0.3733516483516492,0.2756609267663296,0.0,0.0,0.0
2023-02-24,0.0,0.0,0.0,0.2756609267663296,0.3733516483516492,0.2756609267663296,0.0,0.0,0.0
2023-02-24,0.0,0.0,0.0,0.2756609267663296,0.3733516483516492,0.2756609267663296,0.0,0.0,0.0
2023-02-24,0.0,0.0,0.0,0.2756609267663296,0.3733516483516492,0.2756609267663296,0.0,0.0,0.0
2023-02-24,0.0,0.0,0.0,0.2756609267663296,0.3733516483516492,0.2756609267663296,0.0,0.0,0.0
2023-02-24,0.0,0.0,0.0,0.2756609267663296,0.3733516483516492,0.2756609267663296,0.0,0.0,0.0
2023-02-25,0.0,0.0,0.0,0.2705375545533382,0.367857142857142,0.2756609267663296,-0.005123372212991362,0.0,0.005123372212991362
2023-02-25,0.0,0.0,0.0,0.2705375545533382,0.367857142857142,0.2705375545533382,0.0,0.0,0.0
2023-02-25,0.0,0.0,0.0,0.2705375545533382,0.367857142857142,0.2705375545533382,0.0,0.0,0.0
2023-02-25,0.0,0.0,0.0,0.2705375545533382,0.367857142857142,0.2705375545533382,0.0,0.0,0.0
2023-02-25,0.0,0.0,0.0,0.2705375545533382,0.367857142857142,0.2705375545533382,0.0,0.0,0.0
2023-02-25,0.0,0.0,0.0,0.2705375545533382,0.367857142857142,0.2705375545533382,0.0,0.0,0.0
2023-02-25,0.0,0.0,0.0,0.2705375545533382,0.367857142857142,0.2705375545533382,0.0,0.0,0.0
2023-02-25,0.0,0.0,0.0,0.2705375545533382,0.367857142857142,0.2705375545533382,0.0,0.0,0.0
2023-02-25,0.0,0.0,0.0,0.2705375545533382,0.367857142857142,0.2705375545533382,0.0,0.0,0.0
2023-02-25,0.0,0.0,0.0,0.2705375545533382,0.367857142857142,0.2705375545533382,0.0,0.0,0.0
2023-02-26,0.0,0.0,0.0,0.2640510833112025,0.3612637362637372,0.2705375545533382,-0.0064864712421357495,0.0,0.0064864712421357495
2023-02-26,0.0,0.0,0.0,0.2640510833112025,0.3612637362637372,0.2640510833112025,0.0,0.0,0.0
2023-02-26,0.0,0.0,0.0,0.2640510833112025,0.3612637362637372,0.2640510833112025,0.0,0.0,0.0
2023-02-26,0.0,0.0,0.0,0.2640510833112025,0.3612637362637372,0.2640510833112025,0.0,0.0,0.0
2023-02-26,0.0,0.0,0.0,0.2640510833112025,0.3612637362637372,0.2640510833112025,0.0,0.0,0.0
2023-02-26,0.0,0.0,0.0,0.2640510833112025,0.3612637362637372,0.2640510833112025,0.0,0.0,0.0
2023-02-26,0.0,0.0,0.0,0.2640510833112025,0.3612637362637372,0.2640510833112025,0.0,0.0,0.0
2023-02-26,0.0,0.0,0.0,0.2640510833112025,0.3612637362637372,0.2640510833112025,0.0,0.0,0.0
2023-02-26,0.0,0.0,0.0,0.2640510833112025,0.3612637362637372,0.2640510833112025,0.0,0.0,0.0
2023-02-26,0.0,0.0,0.0,0.2640510833112025,0.3612637362637372,0.2640510833112025,0.0,0.0,0.0
2023-02-27,0.0002814020430431,0.0,0.0,0.2568454598226561,0.3535714285714277,0.2640510833112025,-0.007205623488546364,0.0,0.007205623488546364
2023-02-27,2.574508292876443e-05,0.0,0.0,0.2568454598226561,0.3535714285714277,0.2568454598226561,0.0,0.0,0.0
2023-02-27,8.021252677104654e-05,0.0,0.0,0.2568454598226561,0.3535714285714277,0.2568454598226561,0.0,0.0,0.0
2023-02-27,0.0,0.0,0.0,0.2568454598226561,0.3535714285714277,0.2568454598226561,0.0,0.0,0.0
2023-02-27,0.0,0.0,0.0,0.2568454598226561,0.3535714285714277,0.2568454598226561,0.0,0.0,0.0
2023-02-27,0.0,0.0,0.0,0.2568454598226561,0.3535714285714277,0.2568454598226561,0.0,0.0,0.0
2023-02-27,0.0,0.0,0.0,0.2568454598226561,0.3535714285714277,0.2568454598226561,0.0,0.0,0.0
2023-02-27,0.0012611927603842,0.0,0.0,0.2568454598226561,0.3535714285714277,0.2568454598226561,0.0,0.0,0.0
2023-02-27,0.0,0.0,0.0,0.2568454598226561,0.3535714285714277,0.2568454598226561,0.0,0.0,0.0
2023-02-27,0.001245754796582,0.0,0.0,0.2568454598226561,0.3535714285714277,0.2568454598226561,0.0,0.0,0.0
2023-02-28,0.0,0.0,0.0,0.2498207994810823,0.3461538461538467,0.2568454598226561,-0.007024660341573813,0.0,0.007024660341573813
2023-02-28,0.0006850040960832,0.0,0.0,0.2498207994810823,0.3461538461538467,0.2498207994810823,0.0,0.0,0.0
2023-02-28,0.0,0.0,0.0,0.2498207994810823,0.3461538461538467,0.2498207994810823,0.0,0.0,0.0
2023-02-28,0.0,0.0,0.0,0.2498207994810823,0.3461538461538467,0.2498207994810823,0.0,0.0,0.0
2023-02-28,0.0,0.0,0.0,0.2498207994810823,0.3461538461538467,0.2498207994810823,0.0,0.0,0.0
2023-02-28,0.0001660013637785,0.0,0.0,0.2498207994810823,0.3461538461538467,0.2498207994810823,0.0,0.0,0.0
2023-02-28,0.0003030224796202,0.0,0.0,0.2498207994810823,0.3461538461538467,0.2498207994810823,0.0,0.0,0.0
2023-02-28,0.0006167079240426,0.0,0.0,0.2498207994810823,0.3461538461538467,0.2498207994810823,0.0,0.0,0.0
2023-02-28,0.0001313719608543,0.0,0.0,0.2498207994810823,0.3461538461538467,0.2498207994810823,0.0,0.0,0.0
2023-02-28,0.0007596566505821,0.0,0.0,0.2498207994810823,0.3461538461538467,0.2498207994810823,0.0,0.0,0.0
2023-03-01,0.0022517993619426,0.0,0.0,0.2440746320220163,0.3390109890109904,0.2498207994810823,-0.005746167459066004,0.0,0.005746167459066004
2023-03-01,0.0170263766328486,0.0,0.0,0.2440746320220163,0.3390109890109904,0.2440746320220163,0.0,0.0,0.0
2023-03-01,0.0123791781472479,0.0,0.0,0.2440746320220163,0.3390109890109904,0.2440746320220163,0.0,8.7896385672415e-06,8.7896385672415e-06
2023-03-01,0.0067190198015911,0.0,0.0,0.2440746320220163,0.3390109890109904,0.2440746320220163,0.0,0.0,0.0
2023-03-01,0.0158584641747986,0.0,0.0,0.2440746320220163,0.3390109890109904,0.2440746320220163,0.0,0.0,0.0
2023-03-01,0.0212423128545015,0.0,0.0,0.2440746320220163,0.3390109890109904,0.2440746320220163,0.0,0.0,0.0
2023-03-01,0.0266929051021398,0.0,0.0,0.2440746320220163,0.3390109890109904,0.2440746320220163,0.0,0.0,0.0
2023-03-01,0.0239677833712635,0.0,0.0,0.2440746320220163,0.3390109890109904,0.2440746320220163,0.0,0.0,0.0
2023-03-01,0.0094334809690511,0.0,0.0,0.2440746320220163,0.3390109890109904,0.2440746320220163,0.0,0.0008994103421613609,0.0008994103421613609
2023-03-01,0.0245166147917196,0.0,0.0,0.2440746320220163,0.3390109890109904,0.2440746320220163,0.0,0.0,0.0
2023-03-02,0.001846595875939,0.0,0.0,0.2383261143922105,0.3321428571428573,0.2440746320220163,-0.005748517629805799,0.0,0.005748517629805799
2023-03-02,0.0079455085161414,0.0,0.0,0.2383261143922105,0.3321428571428573,0.2383261143922105,0.0,0.0,0.0
2023-03-02,0.0355243902234299,0.0,0.0,0.2383261143922105,0.3321428571428573,0.2383261143922105,0.0,0.0,0.0
2023-03-02,0.0077344949531052,0.0,0.0,0.2383261143922105,0.3321428571428573,0.2383261143922105,0.0,0.0,0.0
2023-03-02,0.0107452984867757,0.0,0.0,0.2383261143922105,0.3321428571428573,0.2383261143922105,0.0,0.0,0.0
2023-03-02,0.0049780561573872,0.0,0.0,0.2383261143922105,0.3321428571428573,0.2383261143922105,0.0,0.0,0.0
2023-03-02,0.0027288153511606,0.0,0.0,0.2383261143922105,0.3321428571428573,0.2383261143922105,0.0,0.0,0.0
2023-03-02,0.0106836005580328,0.0,0.0,0.2383261143922105,0.3321428571428573,0.2383261143922105,0.0,0.0,0.0
2023-03-02,0.03134891648633,0.0,0.0,0.2383261143922105,0.3321428571428573,0.2383261143922105,0.0,0.0,0.0
2023-03-02,6.235863114088717e-07,0.0,0.0,0.2383261143922105,0.3321428571428573,0.2383261143922105,0.0,0.0,0.0
2023-03-03,0.0,0.0,0.0,0.2330499810811254,0.3255494505494507,0.2383261143922105,-0.0052761333110850905,0.0,0.0052761333110850905
2023-03-03,0.0073307708977313,0.0,0.0,0.2330499810811254,0.3255494505494507,0.2330499810811254,0.0,0.0,0.0
2023-03-03,0.0016104312249481,0.0,0.0,0.2330499810811254,0.3255494505494507,0.2330499810811254,0.0,0.0,0.0
2023-03-03,0.0021818138586225,0.0,0.0,0.2330499810811254,0.3255494505494507,0.2330499810811254,0.0,0.0,0.0
2023-03-03,0.0,0.0,0.0,0.2330499810811254,0.3255494505494507,0.2330499810811254,0.0,0.0,0.0
2023-03-03,1.3799935967467182e-05,0.0,0.0,0.2330499810811254,0.3255494505494507,0.2330499810811254,0.0,0.0,0.0
2023-03-03,0.0047765365288347,0.0,0.0,0.2330499810811254,0.3255494505494507,0.2330499810811254,0.0,0.0,0.0
2023-03-03,0.000795773897459,0.0,0.0,0.2330499810811254,0.3255494505494507,0.2330499810811254,0.0,0.00018766113358135482,0.00018766113358135482
2023-03-03,0.0084118872583635,0.0,0.0,0.2330499810811254,0.3255494505494507,0.2330499810811254,0.0,0.0,0.0
2023-03-03,0.0,0.0,0.0,0.2330499810811254,0.3255494505494507,0.2330499810811254,0.0,0.0,0.0
2023-03-04,3.228320753323795e-06,0.0,0.0,0.2281146225273265,0.3195054945054938,0.2330499810811254,-0.004935358553798896,0.0,0.004935358553798896
2023-03-04,0.0,0.0,0.0,0.2281146225273265,0.3195054945054938,0.2281146225273265,0.0,0.0,0.0
2023-03-04,0.0,0.0,0.0,0.2281146225273265,0.3195054945054938,0.2281146225273265,0.0,0.0,0.0
2023-03-04,0.0,0.0,0.0,0.2281146225273265,0.3195054945054938,0.2281146225273265,0.0,0.0,0.0
2023-03-04,0.0,0.0,0.0,0.2281146225273265,0.3195054945054938,0.2281146225273265,0.0,0.0,0.0
2023-03-04,0.0,0.0,0.0,0.2281146225273265,0.3195054945054938,0.2281146225273265,0.0,0.0,0.0
2023-03-04,0.0,0.0,0.0,0.2281146225273265,0.3195054945054938,0.2281146225273265,0.0,0.0,0.0
2023-03-04,0.0,0.0,0.0,0.2281146225273265,0.3195054945054938,0.2281146225273265,0.0,0.0,0.0
2023-03-04,0.0,0.0,0.0,0.2281146225273265,0.3195054945054938,0.2281146225273265,0.0,0.0,0.0
2023-03-04,0.0,0.0,0.0,0.2281146225273265,0.3195054945054938,0.2281146225273265,0.0,0.0,0.0
2023-03-05,0.0011369686924794,0.0,0.0,0.2231769138027877,0.3131868131868138,0.2281146225273265,-0.004937708724538803,0.0,0.004937708724538803
2023-03-05,0.0,0.0,0.0,0.2231769138027877,0.3131868131868138,0.2231769138027877,0.0,0.0,0.0
2023-03-05,0.0,0.0,0.0,0.2231769138027877,0.3131868131868138,0.2231769138027877,0.0,0.0,0.0
2023-03-05,0.0,0.0,0.0,0.2231769138027877,0.3131868131868138,0.2231769138027877,0.0,0.0,0.0
2023-03-05,0.0,0.0,0.0,0.2231769138027877,0.3131868131868138,0.2231769138027877,0.0,0.0,0.0
2023-03-05,0.0,0.0,0.0,0.2231769138027877,0.3131868131868138,0.2231769138027877,0.0,0.0,0.0
2023-03-05,3.884470481401683e-07,0.0,0.0,0.2231769138027877,0.3131868131868138,0.2231769138027877,0.0,9.971774449413585e-05,9.971774449413585e-05
2023-03-05,0.0,0.0,0.0,0.2231769138027877,0.3131868131868138,0.2231769138027877,0.0,0.0,0.0
2023-03-05,0.0,0.0,0.0,0.2231769138027877,0.3131868131868138,0.2231769138027877,0.0,0.0,0.0
2023-03-05,0.0,0.0,0.0,0.2231769138027877,0.3131868131868138,0.2231769138027877,0.0,0.0,0.0
2023-03-06,0.0,0.0,0.0,0.217498901295179,0.3063186813186824,0.2231769138027877,-0.005678012507608715,0.0,0.005678012507608715
2023-03-06,0.0,0.0,0.0,0.217498901295179,0.3063186813186824,0.217498901295179,0.0,0.0,0.0
2023-03-06,0.0,0.0,0.0,0.217498901295179,0.3063186813186824,0.217498901295179,0.0,0.0,0.0
2023-03-06,0.0,0.0,0.0,0.217498901295179,0.3063186813186824,0.217498901295179,0.0,0.0,0.0
2023-03-06,0.0,0.0,0.0,0.217498901295179,0.3063186813186824,0.217498901295179,0.0,0.0,0.0
2023-03-06,0.0,0.0,0.0,0.217498901295179,0.3063186813186824,0.217498901295179,0.0,0.0,0.0
2023-03-06,0.0,0.0,0.0,0.217498901295179,0.3063186813186824,0.217498901295179,0.0,0.0,0.0
2023-03-06,0.0,0.0,0.0,0.217498901295179,0.3063186813186824,0.217498901295179,0.0,0.0,0.0
2023-03-06,0.0,0.0,0.0,0.217498901295179,0.3063186813186824,0.217498901295179,0.0,0.0,0.0
2023-03-06,0.0,0.0,0.0,0.217498901295179,0.3063186813186824,0.217498901295179,0.0,0.0,0.0
2023-03-07,0.0,0.0,0.0,0.2118185386168304,0.2991758241758244,0.217498901295179,-0.005680362678348594,0.0,0.005680362678348594
2023-03-07,0.0,0.0,0.0,0.2118185386168304,0.2991758241758244,0.2118185386168304,0.0,0.0,0.0
2023-03-07,5.666265624484243e-06,0.0,0.0,0.2118185386168304,0.2991758241758244,0.2118185386168304,0.0,0.0,0.0
2023-03-07,0.0,0.0,0.0,0.2118185386168304,0.2991758241758244,0.2118185386168304,0.0,0.0,0.0
2023-03-07,0.0001041484158481,0.0,0.0,0.2118185386168304,0.2991758241758244,0.2118185386168304,0.0,4.4970517108067485e-05,4.4970517108067485e-05
2023-03-07,4.894971237550257e-05,0.0,0.0,0.2118185386168304,0.2991758241758244,0.2118185386168304,0.0,0.0,0.0
2023-03-07,0.0,0.0,0.0,0.2118185386168304,0.2991758241758244,0.2118185386168304,0.0,0.0,0.0
2023-03-07,0.0,0.0,0.0,0.2118185386168304,0.2991758241758244,0.2118185386168304,0.0,0.0,0.0
2023-03-07,0.0,0.0,0.0,0.2118185386168304,0.2991758241758244,0.2118185386168304,0.0,0.0,0.0
2023-03-07,0.0003666192797117,0.0,0.0,0.2118185386168304,0.2991758241758244,0.2118185386168304,0.0,2.3619215936039604e-06,2.3619215936039604e-06
2023-03-08,0.0040792472975306,0.0,0.0,0.2059337110841102,0.2920329670329664,0.2118185386168304,-0.005884827532720183,0.0,0.005884827532720183
2023-03-08,0.0163131390012382,0.0,0.0,0.2059337110841102,0.2920329670329664,0.2059337110841102,0.0,0.0,0.0
2023-03-08,0.0005004265861386,0.0,0.0,0.2059337110841102,0.2920329670329664,0.2059337110841102,0.0,0.0,0.0
2023-03-08,0.0037744786897533,0.0,0.0,0.2059337110841102,0.2920329670329664,0.2059337110841102,0.0,0.0,0.0
2023-03-08,0.0044904682357524,0.0,0.0,0.2059337110841102,0.2920329670329664,0.2059337110841102,0.0,0.0,0.0
2023-03-08,0.0122229329441446,0.0,0.0,0.2059337110841102,0.2920329670329664,0.2059337110841102,0.0,0.0,0.0
2023-03-08,8.900208521778728e-05,0.0,0.0,0.2059337110841102,0.2920329670329664,0.2059337110841102,0.0,0.0,0.0
2023-03-08,0.0003368309406727,0.0,0.0,0.2059337110841102,0.2920329670329664,0.2059337110841102,0.0,0.0,0.0
2023-03-08,5.924071313950707e-06,0.0,0.0,0.2059337110841102,0.2920329670329664,0.2059337110841102,0.0,0.0,0.0
2023-03-08,0.0021155079475077,0.0,0.0,0.2059337110841102,0.2920329670329664,0.2059337110841102,0.0,0.0,0.0
2023-03-09,0.0081230104641277,0.0,0.0,0.2003215033572189,0.2848901098901102,0.2059337110841102,-0.005612207726891305,0.0,0.005612207726891305
2023-03-09,0.0005342445944454,0.0,0.0,0.2003215033572189,0.2848901098901102,0.2003215033572189,0.0,0.0001082018608651919,0.0001082018608651919
2023-03-09,0.0022806046475988,0.0,0.0,0.2003215033572189,0.2848901098901102,0.2003215033572189,0.0,0.0,0.0
2023-03-09,0.0050722098782806,0.0,0.0,0.2003215033572189,0.2848901098901102,0.2003215033572189,0.0,0.0,0.0
2023-03-09,0.0175040273131782,0.0,0.0,0.2003215033572189,0.2848901098901102,0.2003215033572189,0.0,0.0,0.0
2023-03-09,0.029318984939593,0.0,0.0,0.2003215033572189,0.2848901098901102,0.2003215033572189,0.0,0.0,0.0
2023-03-09,0.0217876898084464,0.0,0.0,0.2003215033572189,0.2848901098901102,0.2003215033572189,0.0,0.0,0.0
2023-03-09,0.0128451747403834,0.0,0.0,0.2003215033572189,0.2848901098901102,0.2003215033572189,0.0,0.0,0.0
2023-03-09,0.0,0.0,0.0,0.2003215033572189,0.2848901098901102,0.2003215033572189,0.0,0.0,0.0
2023-03-09,0.0018313477063476,0.0,0.0,0.2003215033572189,0.2848901098901102,0.2003215033572189,0.0,0.0,0.0
2023-03-10,0.0,0.0,0.0,0.2003215033572189,0.2848901098901102,0.2003215033572189,0.0,0.0,0.0
2023-03-10,0.0006624655879112,0.0,0.0,0.2003215033572189,0.2848901098901102,0.2003215033572189,0.0,0.0,0.0
2023-03-10,0.0,0.0,0.0,0.2003215033572189,0.2848901098901102,0.2003215033572189,0.0,0.0,0.0
2023-03-10,0.0,0.0,0.0,0.2003215033572189,0.2848901098901102,0.2003215033572189,0.0,0.0,0.0
2023-03-10,0.0,0.0,0.0,0.2003215033572189,0.2848901098901102,0.2003215033572189,0.0,0.0,0.0
2023-03-10,0.0,0.0,0.0,0.2003215033572189,0.2848901098901102,0.2003215033572189,0.0,0.0,0.0
2023-03-10,0.0,0.0,0.0,0.2003215033572189,0.2848901098901102,0.2003215033572189,0.0,0.0,0.0
2023-03-10,0.0006021604291141,0.0,0.0,0.2003215033572189,0.2848901098901102,0.2003215033572189,0.0,1.451230431890896e-05,1.451230431890896e-05
2023-03-10,0.0,0.0,0.0,0.2003215033572189,0.2848901098901102,0.2003215033572189,0.0,0.0,0.0
2023-03-10,0.0001468513080661,0.0,0.0,0.2003215033572189,0.2848901098901102,0.2003215033572189,0.0,1.6921229327315074e-06,1.6921229327315074e-06
2023-03-11,0.0,0.0,0.0,0.2003215033572189,0.2848901098901102,0.2003215033572189,0.0,0.0,0.0
2023-03-11,0.0,0.0,0.0,0.2003215033572189,0.2848901098901102,0.2003215033572189,0.0,0.0,0.0
2023-03-11,0.0,0.0,0.0,0.2003215033572189,0.2848901098901102,0.2003215033572189,0.0,0.0,0.0
2023-03-11,0.0,0.0,0.0,0.2003215033572189,0.2848901098901102,0.2003215033572189,0.0,0.0,0.0
2023-03-11,0.0,0.0,0.0,0.2003215033572189,0.2848901098901102,0.2003215033572189,0.0,0.0,0.0
2023-03-11,0.0,0.0,0.0,0.2003215033572189,0.2848901098901102,0.2003215033572189,0.0,0.0,0.0
2023-03-11,0.0,0.0,0.0,0.2003215033572189,0.2848901098901102,0.2003215033572189,0.0,0.0,0.0
2023-03-11,0.0,0.0,0.0,0.2003215033572189,0.2848901098901102,0.2003215033572189,0.0,0.0,0.0
2023-03-11,0.0,0.0,0.0,0.2003215033572189,0.2848901098901102,0.2003215033572189,0.0,0.0,0.0
2023-03-11,0.0,0.0,0.0,0.2003215033572189,0.2848901098901102,0.2003215033572189,0.0,0.0,0.0
2023-03-12,0.0,0.0,0.0,0.2003215033572189,0.2848901098901102,0.2003215033572189,0.0,0.0,0.0
2023-03-12,0.0,0.0,0.0,0.2003215033572189,0.2848901098901102,0.2003215033572189,0.0,0.0,0.0
2023-03-12,0.0060030329321578,0.0,0.0,0.2003215033572189,0.2848901098901102,0.2003215033572189,0.0,0.0,0.0
2023-03-12,0.0008180255372752,0.0,0.0,0.2003215033572189,0.2848901098901102,0.2003215033572189,0.0,0.0,0.0
2023-03-12,0.0,0.0,0.0,0.2003215033572189,0.2848901098901102,0.2003215033572189,0.0,0.0,0.0
2023-03-12,0.0044180843063892,0.0,0.0,0.2003215033572189,0.2848901098901102,0.2003215033572189,0.0,0.0,0.0
2023-03-12,0.0001448653524193,0.0,0.0,0.2003215033572189,0.2848901098901102,0.2003215033572189,0.0,1.6921229327315074e-06,1.6921229327315074e-06
2023-03-12,0.0,0.0,0.0,0.2003215033572189,0.2848901098901102,0.2003215033572189,0.0,0.0,0.0
2023-03-12,3.0180041479872867e-05,0.0,0.0,0.2003215033572189,0.2848901098901102,0.2003215033572189,0.0,0.0,0.0
2023-03-12,0.0,0.0,0.0,0.2003215033572189,0.2848901098901102,0.2003215033572189,0.0,0.0,0.0
2023-03-13,0.0002960664372757,0.0,0.0,0.2003215033572189,0.2848901098901102,0.2003215033572189,0.0,0.0001510572243073476,0.0001510572243073476
2023-03-13,0.0,0.0,0.0,0.2003215033572189,0.2848901098901102,0.2003215033572189,0.0,0.0,0.0
2023-03-13,0.0013273143768212,0.0,0.0,0.2003215033572189,0.2848901098901102,0.2003215033572189,0.0,0.0,0.0
2023-03-13,0.0027273862927016,0.0,0.0,0.2003215033572189,0.2848901098901102,0.2003215033572189,0.0,0.0,0.0
2023-03-13,0.0001993569456774,0.0,0.0,0.2003215033572189,0.2848901098901102,0.2003215033572189,0.0,0.0,0.0
2023-03-13,0.000205026922165,0.0,0.0,0.2003215033572189,0.2848901098901102,0.2003215033572189,0.0,0.0,0.0
2023-03-13,0.0026914566548624,0.0,0.0,0.2003215033572189,0.2848901098901102,0.2003215033572189,0.0,0.0,0.0
2023-03-13,0.0,0.0,0.0,0.2003215033572189,0.2848901098901102,0.2003215033572189,0.0,0.0,0.0
2023-03-13,0.0034392163814032,0.0,0.0,0.2003215033572189,0.2848901098901102,0.2003215033572189,0.0,0.00023641542558066808,0.00023641542558066808
2023-03-13,0.0044217303862813,0.0,0.0,0.2003215033572189,0.2848901098901102,0.2003215033572189,0.0,0.0,0.0
2023-03-14,0.0133401951290274,0.0,0.0,0.2003215033572189,0.2848901098901102,0.2003215033572189,0.0,0.0,0.0
2023-03-14,0.0035718269449894,0.0,0.0,0.2003215033572189,0.2848901098901102,0.2003215033572189,0.0,0.0012747326093240654,0.0012747326093240654
2023-03-14,0.006543077974326,0.0,0.0,0.2003215033572189,0.2848901098901102,0.2003215033572189,0.0,0.0,0.0
2023-03-14,0.0138810429545772,0.0,0.0,0.2003215033572189,0.2848901098901102,0.2003215033572189,0.0,0.0,0.0
2023-03-14,0.0120089833868991,0.0,0.0,0.2003215033572189,0.2848901098901102,0.2003215033572189,0.0,0.0,0.0
2023-03-14,0.0047268513023836,0.0,0.0,0.2003215033572189,0.2848901098901102,0.2003215033572189,0.0,0.0,0.0
2023-03-14,0.0258081884641277,0.0,0.0,0.2003215033572189,0.2848901098901102,0.2003215033572189,0.0,0.0,0.0
2023-03-14,0.0013347810468047,0.0,0.0,0.2003215033572189,0.2848901098901102,0.2003215033572189,0.0,0.0,0.0
2023-03-14,0.0,0.0,0.0,0.2003215033572189,0.2848901098901102,0.2003215033572189,0.0,0.0,0.0
2023-03-14,0.0080002338015957,0.0,0.0,0.2003215033572189,0.2848901098901102,0.2003215033572189,0.0,0.0,0.0
2023-03-15,0.0,0.0,0.0,0.2003215033572189,0.2848901098901102,0.2003215033572189,0.0,0.0,0.0
2023-03-15,0.0029135872893199,0.0,0.0,0.2003215033572189,0.2848901098901102,0.2003215033572189,0.0,0.0,0.0
2023-03-15,0.0051289376186585,0.0,0.0,0.2003215033572189,0.2848901098901102,0.2003215033572189,0.0,0.0,0.0
2023-03-15,0.0,0.0,0.0,0.2003215033572189,0.2848901098901102,0.2003215033572189,0.0,0.0,0.0
2023-03-15,0.0012115030707307,0.0,0.0,0.2003215033572189,0.2848901098901102,0.2003215033572189,0.0,0.0,0.0
2023-03-15,2.3876780958683704e-05,0.0,0.0,0.2003215033572189,0.2848901098901102,0.2003215033572189,0.0,0.0,0.0
2023-03-15,1.5415962281313529e-06,0.0,0.0,0.2003215033572189,0.2848901098901102,0.2003215033572189,0.0,0.0,0.0
2023-03-15,0.0002434434862348,0.0,0.0,0.2003215033572189,0.2848901098901102,0.2003215033572189,0.0,0.0,0.0
2023-03-15,0.0003242645769301,0.0,0.0,0.2003215033572189,0.2848901098901102,0.2003215033572189,0.0,0.0,0.0
2023-03-15,0.0,0.0,0.0,0.2003215033572189,0.2848901098901102,0.2003215033572189,0.0,0.0,0.0
2023-03-16,0.0018053998876154,0.0,0.0,0.1560959903737006,0.2302197802197803,0.2003215033572189,-0.04422551298351832,0.0,0.04422551298351832
2023-03-16,0.0013827682182286,0.0,0.0,0.1560959903737006,0.2302197802197803,0.1560959903737006,0.0,0.0,0.0
2023-03-16,0.0053606624086923,0.0,0.0,0.1560959903737006,0.2302197802197803,0.1560959903737006,0.0,0.0,0.0
2023-03-16,0.0249872540249938,0.0,0.0,0.1560959903737006,0.2302197802197803,0.1560959903737006,0.0,0.0,0.0
2023-03-16,0.010796770744923,0.0,0.0,0.1560959903737006,0.2302197802197803,0.1560959903737006,0.0,0.0,0.0
2023-03-16,0.0118274636050954,0.0,0.0,0.1560959903737006,0.2302197802197803,0.1560959903737006,0.0,0.0,0.0
2023-03-16,0.0360106108760344,0.0,0.0,0.1560959903737006,0.2302197802197803,0.1560959903737006,0.0,0.0,0.0
2023-03-16,0.0614496974083208,0.0,0.0,0.1560959903737006,0.2302197802197803,0.1560959903737006,0.0,0.0,0.0
2023-03-16,0.0253238761196475,0.0,0.0,0.1560959903737006,0.2302197802197803,0.1560959903737006,0.0,0.0,0.0
2023-03-16,0.0022672819171023,0.0,0.0,0.1560959903737006,0.2302197802197803,0.1560959903737006,0.0,0.0,0.0
2023-03-17,0.002499811403222,0.0,0.0,0.1508198570626155,0.2236263736263737,0.1560959903737006,-0.0052761333110850905,0.0,0.0052761333110850905
2023-03-17,0.0304197505507295,0.0,0.0,0.1508198570626155,0.2236263736263737,0.1508198570626155,0.0,0.0,0.0
2023-03-17,0.0052830821533395,0.0,0.0,0.1508198570626155,0.2236263736263737,0.1508198570626155,0.0,0.0,0.0
2023-03-17,0.0032318356286193,0.0,0.0,0.1508198570626155,0.2236263736263737,0.1508198570626155,0.0,0.0,0.0
2023-03-17,0.0765752177692484,0.0,0.0,0.1508198570626155,0.2236263736263737,0.1508198570626155,0.0,0.0,0.0
2023-03-17,0.0248299078437178,0.0,0.0,0.1508198570626155,0.2236263736263737,0.1508198570626155,0.0,0.0,0.0
2023-03-17,0.0046510813449914,0.0,0.0,0.1508198570626155,0.2236263736263737,0.1508198570626155,0.0,0.0,0.0
2023-03-17,0.0114080046226603,0.0,0.0,0.1508198570626155,0.2236263736263737,0.1508198570626155,0.0,0.0,0.0
2023-03-17,0.0063928160957007,0.0,0.0,0.1508198570626155,0.2236263736263737,0.1508198570626155,0.0,0.0,0.0
2023-03-17,0.0152385199491053,0.0,0.0,0.1508198570626155,0.2236263736263737,0.1508198570626155,0.0,0.0,0.0
2023-03-18,0.0288278994803573,0.0,0.0,0.1459503032895339,0.2175824175824185,0.1508198570626155,-0.004869553773081597,0.0,0.004869553773081597
2023-03-18,0.0099237407310881,0.0,0.0,0.1459503032895339,0.2175824175824185,0.1459503032895339,0.0,0.0,0.0
2023-03-18,0.0483477343175174,0.0,0.0,0.1459503032895339,0.2175824175824185,0.1459503032895339,0.0,0.0,0.0
2023-03-18,0.046544673753249,0.0,0.0,0.1459503032895339,0.2175824175824185,0.1459503032895339,0.0,0.0,0.0
2023-03-18,0.0088543006130276,0.0,0.0,0.1459503032895339,0.2175824175824185,0.1459503032895339,0.0,0.0,0.0
2023-03-18,0.0219372133019065,0.0,0.0,0.1459503032895339,0.2175824175824185,0.1459503032895339,0.0,0.0,0.0
2023-03-18,0.0214563068567034,0.0,0.0,0.1459503032895339,0.2175824175824185,0.1459503032895339,0.0,0.0,0.0
2023-03-18,0.0223361080481894,0.0,0.0,0.1459503032895339,0.2175824175824185,0.1459503032895339,0.0,0.0,0.0
2023-03-18,0.0089860480678151,0.0,0.0,0.1459503032895339,0.2175824175824185,0.1459503032895339,0.0,0.0,0.0
2023-03-18,0.023885150214949,0.0,0.0,0.1459503032895339,0.2175824175824185,0.1459503032895339,0.0,0.0,0.0
2023-03-19,0.0189885739345619,0.0,0.0,0.142096023276091,0.2129120879120876,0.1459503032895339,-0.003854280013442901,0.0,0.003854280013442901
2023-03-19,0.0089883795891995,0.0,0.0,0.142096023276091,0.2129120879120876,0.142096023276091,0.0,0.0,0.0
2023-03-19,0.0160410245131127,0.0,0.0,0.142096023276091,0.2129120879120876,0.142096023276091,0.0,0.0,0.0
2023-03-19,0.0137723283335588,0.0,0.0,0.142096023276091,0.2129120879120876,0.142096023276091,0.0,0.0,0.0
2023-03-19,0.0122148808992339,0.0,0.0,0.142096023276091,0.2129120879120876,0.142096023276091,0.0,0.0,0.0
2023-03-19,0.0047156751479219,0.0,0.0,0.142096023276091,0.2129120879120876,0.142096023276091,0.0,0.0,0.0
2023-03-19,0.0221954767519213,0.0,0.0,0.142096023276091,0.2129120879120876,0.142096023276091,0.0,0.0,0.0
2023-03-19,0.0194783752359005,0.0,0.0,0.142096023276091,0.2129120879120876,0.142096023276091,0.0,0.0,0.0
2023-03-19,0.0076905479728558,0.0,0.0,0.142096023276091,0.2129120879120876,0.142096023276091,0.0,0.0,0.0
2023-03-19,0.023083018711633,0.0,0.0,0.142096023276091,0.2129120879120876,0.142096023276091,0.0,0.0,0.0
2023-03-20,0.0082165885823722,0.0,0.0,0.1387164777521086,0.2087912087912098,0.142096023276091,-0.003379545523982397,0.0,0.003379545523982397
2023-03-20,0.0012642582755765,0.0,0.0,0.1387164777521086,0.2087912087912098,0.1387164777521086,0.0,0.0,0.0
2023-03-20,0.1009260188895944,0.0,0.0,0.1387164777521086,0.2087912087912098,0.1387164777521086,0.0,0.0,0.0
2023-03-20,0.028067892522944,0.0,0.0,0.1387164777521086,0.2087912087912098,0.1387164777521086,0.0,0.0,0.0
2023-03-20,0.0238282000078207,0.0,0.0,0.1387164777521086,0.2087912087912098,0.1387164777521086,0.0,0.0,0.0
2023-03-20,0.0094389648039016,0.0,0.0,0.1387164777521086,0.2087912087912098,0.1387164777521086,0.0,0.0,0.0
2023-03-20,0.0404758161875688,0.0,0.0,0.1387164777521086,0.2087912087912098,0.1387164777521086,0.0,0.0,0.0
2023-03-20,0.024595348525655,0.0,0.0,0.1387164777521086,0.2087912087912098,0.1387164777521086,0.0,0.0,0.0
2023-03-20,0.0328943840833933,0.0,0.0,0.1387164777521086,0.2087912087912098,0.1387164777521086,0.0,0.0,0.0
2023-03-20,0.0184926108389365,0.0,0.0,0.1387164777521086,0.2087912087912098,0.1387164777521086,0.0,0.0,0.0
2023-03-21,0.160161175493868,0.0,0.0,0.1351324673737546,0.2041208791208788,0.1387164777521086,-0.0035840103783540134,0.0,0.0035840103783540134
2023-03-21,0.0332622931093247,0.0,0.0,0.1351324673737546,0.2041208791208788,0.1351324673737546,0.0,0.0,0.0
2023-03-21,0.2606915334527214,0.0,0.0,0.1351324673737546,0.2041208791208788,0.1351324673737546,0.0,0.0,0.0
2023-03-21,0.0204642853684552,0.0,0.0,0.1351324673737546,0.2041208791208788,0.1351324673737546,0.0,0.0,0.0
2023-03-21,0.2297788952409161,0.0,0.0,0.1351324673737546,0.2041208791208788,0.1351324673737546,0.0,0.0,0.0
2023-03-21,0.0638349631896902,0.0,0.0,0.1351324673737546,0.2041208791208788,0.1351324673737546,0.0,0.0,0.0
2023-03-21,0.0093760882819969,0.0,0.0,0.1351324673737546,0.2041208791208788,0.1351324673737546,0.0,0.0,0.0
2023-03-21,0.0886533967695559,0.0,0.0,0.1351324673737546,0.2041208791208788,0.1351324673737546,0.0,0.0,0.0
2023-03-21,0.0501139774773947,0.0,0.0,0.1351324673737546,0.2041208791208788,0.1351324673737546,0.0,0.0,0.0
2023-03-21,0.0381967235794278,0.0,0.0,0.1351324673737546,0.2041208791208788,0.1351324673737546,0.0,0.0,0.0
2023-03-22,0.0096863026691307,0.0,0.0,0.1318187266304896,0.2002747252747259,0.1351324673737546,-0.003313740743264987,0.0,0.003313740743264987
2023-03-22,0.0501050987247105,0.0,0.0,0.1318187266304896,0.2002747252747259,0.1318187266304896,0.0,0.0,0.0
2023-03-22,0.018357777095579,0.0,0.0,0.1318187266304896,0.2002747252747259,0.1318187266304896,0.0,0.0,0.0
2023-03-22,0.0175622583326658,0.0,0.0,0.1318187266304896,0.2002747252747259,0.1318187266304896,0.0,0.0,0.0
2023-03-22,0.0259990210211625,0.0,0.0,0.1318187266304896,0.2002747252747259,0.1318187266304896,0.0,0.0,0.0
2023-03-22,0.0384394762269897,0.0,0.0,0.1318187266304896,0.2002747252747259,0.1318187266304896,0.0,0.0,0.0
2023-03-22,0.0085090319864185,0.0,0.0,0.1318187266304896,0.2002747252747259,0.1318187266304896,0.0,0.0,0.0
2023-03-22,0.0308798086913469,0.0,0.0,0.1318187266304896,0.2002747252747259,0.1318187266304896,0.0,0.0,0.0
2023-03-22,0.0650605981820616,0.0,0.0,0.1318187266304896,0.2002747252747259,0.1318187266304896,0.0,0.0,0.0
2023-03-22,0.0239349075046669,0.0,0.0,0.1318187266304896,0.2002747252747259,0.1318187266304896,0.0,0.0,0.0
2023-03-23,0.0,0.0,0.0,0.1291794848895772,0.1969780219780226,0.1318187266304896,-0.0026392417409124014,0.0,0.0026392417409124014
2023-03-23,0.0007961694666531,0.0,0.0,0.1291794848895772,0.1969780219780226,0.1291794848895772,0.0,0.0,0.0
2023-03-23,0.0008166588985833,0.0,0.0,0.1291794848895772,0.1969780219780226,0.1291794848895772,0.0,0.0,0.0
2023-03-23,0.0001119715801457,0.0,0.0,0.1291794848895772,0.1969780219780226,0.1291794848895772,0.0,0.0,0.0
2023-03-23,4.799258894514393e-06,0.0,0.0,0.1291794848895772,0.1969780219780226,0.1291794848895772,0.0,0.0,0.0
2023-03-23,0.0151108396104304,0.0,0.0,0.1291794848895772,0.1969780219780226,0.1291794848895772,0.0,0.0,0.0
2023-03-23,0.0032876291227835,0.0,0.0,0.1291794848895772,0.1969780219780226,0.1291794848895772,0.0,0.0,0.0
2023-03-23,0.0,0.0,0.0,0.1291794848895772,0.1969780219780226,0.1291794848895772,0.0,0.0,0.0
2023-03-23,0.0080971293887418,0.0,0.0,0.1291794848895772,0.1969780219780226,0.1291794848895772,0.0,0.0,0.0
2023-03-23,0.0035992559389653,0.0,0.0,0.1291794848895772,0.1969780219780226,0.1291794848895772,0.0,0.0,0.0
2023-03-24,0.0,0.0,0.0,0.1268128629544935,0.1939560439560441,0.1291794848895772,-0.0023666219350836903,0.0,0.0023666219350836903
2023-03-24,0.0001658665662532,0.0,0.0,0.1268128629544935,0.1939560439560441,0.1268128629544935,0.0,0.0,0.0
2023-03-24,0.0,0.0,0.0,0.1268128629544935,0.1939560439560441,0.1268128629544935,0.0,0.0,0.0
2023-03-24,0.000194106865379,0.0,0.0,0.1268128629544935,0.1939560439560441,0.1268128629544935,0.0,0.0,0.0
2023-03-24,4.7018866603907256e-05,0.0,0.0,0.1268128629544935,0.1939560439560441,0.1268128629544935,0.0,0.0,0.0
2023-03-24,0.0025876597461995,0.0,0.0,0.1268128629544935,0.1939560439560441,0.1268128629544935,0.0,0.0,0.0
2023-03-24,0.0075828349710579,0.0,0.0,0.1268128629544935,0.1939560439560441,0.1268128629544935,0.0,0.0,0.0
2023-03-24,0.0,0.0,0.0,0.1268128629544935,0.1939560439560441,0.1268128629544935,0.0,0.0,0.0
2023-03-24,0.0,0.0,0.0,0.1268128629544935,0.1939560439560441,0.1268128629544935,0.0,0.0,0.0
2023-03-24,0.0001822822838512,0.0,0.0,0.1268128629544935,0.1939560439560441,0.1268128629544935,0.0,0.0,0.0
2023-03-25,0.0181723105685724,0.0,0.0,0.1249209755088706,0.1914835164835171,0.1268128629544935,-0.0018918874456229084,0.0,0.0018918874456229084
2023-03-25,0.0249908816210599,0.0,0.0,0.1249209755088706,0.1914835164835171,0.1249209755088706,0.0,0.0,0.0
2023-03-25,0.0977630398682318,0.0,0.0,0.1249209755088706,0.1914835164835171,0.1249209755088706,0.0,3.76027318384653e-06,3.76027318384653e-06
2023-03-25,0.1167146969554052,0.0,0.0,0.1249209755088706,0.1914835164835171,0.1249209755088706,0.0,0.0,0.0
2023-03-25,0.039353876834915,0.0,0.0,0.1249209755088706,0.1914835164835171,0.1249209755088706,0.0,0.0,0.0
2023-03-25,0.0524473870459158,0.0,0.0,0.1249209755088706,0.1914835164835171,0.1249209755088706,0.0,0.0,0.0
2023-03-25,0.0645024449128906,0.0,0.0,0.1249209755088706,0.1914835164835171,0.1249209755088706,0.0,0.0,0.0
2023-03-25,0.026766243620702,0.0,0.0,0.1249209755088706,0.1914835164835171,0.1249209755088706,0.0,0.0,0.0
2023-03-25,0.0387202743299457,0.0,0.0,0.1249209755088706,0.1914835164835171,0.1249209755088706,0.0,0.0,0.0
2023-03-25,0.150530942658573,0.0,0.0,0.1249209755088706,0.1914835164835171,0.1249209755088706,0.0,0.0,0.0
2023-03-26,0.0505708868778191,0.0,0.0,0.1241078164328637,0.1906593406593408,0.1249209755088706,-0.000813159076006903,0.0,0.000813159076006903
2023-03-26,0.0286512365988437,0.0,0.0,0.1241078164328637,0.1906593406593408,0.1241078164328637,0.0,0.0,0.0
2023-03-26,0.1010364573044574,0.0,0.0,0.1241078164328637,0.1906593406593408,0.1241078164328637,0.0,0.0,0.0
2023-03-26,0.1156606294547117,0.0,0.0,0.1241078164328637,0.1906593406593408,0.1241078164328637,0.0,0.0,0.0
2023-03-26,0.0493257037324098,0.0,0.0,0.1241078164328637,0.1906593406593408,0.1241078164328637,0.0,0.0,0.0
2023-03-26,0.1116697789616565,0.0,0.0,0.1241078164328637,0.1906593406593408,0.1241078164328637,0.0,0.0,0.0
2023-03-26,0.0942691753405595,0.0,0.0,0.1241078164328637,0.1906593406593408,0.1241078164328637,0.0,0.0,0.0
2023-03-26,0.0607322302434066,0.0,0.0,0.1241078164328637,0.1906593406593408,0.1241078164328637,0.0,0.0,0.0
2023-03-26,0.1303490279199387,0.0,0.0,0.1241078164328637,0.1906593406593408,0.1241078164328637,0.0,0.0,0.0
2023-03-26,0.070298691420708,0.0,0.0,0.1241078164328637,0.1906593406593408,0.1241078164328637,0.0,0.0,0.0
2023-03-27,0.0111240711948745,0.0,0.0,0.1230267378925078,0.1892857142857131,0.1241078164328637,-0.0010810785403558981,0.0,0.0010810785403558981
2023-03-27,1.3794271055375771e-06,0.0,0.0,0.1230267378925078,0.1892857142857131,0.1230267378925078,0.0,0.0,0.0
2023-03-27,0.0014851996383977,0.0,0.0,0.1230267378925078,0.1892857142857131,0.1230267378925078,0.0,0.0,0.0
2023-03-27,0.0037120171833208,0.0,0.0,0.1230267378925078,0.1892857142857131,0.1230267378925078,0.0,0.0,0.0
2023-03-27,0.0113861739282417,0.0,0.0,0.1230267378925078,0.1892857142857131,0.1230267378925078,0.0,0.0,0.0
2023-03-27,0.0011982206358017,0.0,0.0,0.1230267378925078,0.1892857142857131,0.1230267378925078,0.0,0.0,0.0
2023-03-27,0.0014061731238035,0.0,0.0,0.1230267378925078,0.1892857142857131,0.1230267378925078,0.0,0.0,0.0
2023-03-27,0.0051848776827647,0.0,0.0,0.1230267378925078,0.1892857142857131,0.1230267378925078,0.0,0.0,0.0
2023-03-27,0.001318948368493,0.0,0.0,0.1230267378925078,0.1892857142857131,0.1230267378925078,0.0,0.0,0.0
2023-03-27,0.003877228400308,0.0,0.0,0.1230267378925078,0.1892857142857131,0.1230267378925078,0.0,0.0,0.0
2023-03-28,1.9507035319381312e-05,0.0,0.0,0.1222159289872409,0.1881868131868138,0.1230267378925078,-0.0008108089052668993,0.0,0.0008108089052668993
2023-03-28,0.0,0.0,0.0,0.1222159289872409,0.1881868131868138,0.1222159289872409,0.0,0.0,0.0
2023-03-28,5.8026105288924765e-05,0.0,0.0,0.1222159289872409,0.1881868131868138,0.1222159289872409,0.0,0.0,0.0
2023-03-28,0.0,0.0,0.0,0.1222159289872409,0.1881868131868138,0.1222159289872409,0.0,0.0,0.0
2023-03-28,0.0009960422351779,0.0,0.0,0.1222159289872409,0.1881868131868138,0.1222159289872409,0.0,0.0011511018775514,0.0011511018775514
2023-03-28,0.0018324507903928,0.0,0.0,0.1222159289872409,0.1881868131868138,0.1222159289872409,0.0,0.0,0.0
2023-03-28,1.9242642932654215e-05,0.0,0.0,0.1222159289872409,0.1881868131868138,0.1222159289872409,0.0,0.0,0.0
2023-03-28,0.0,0.0,0.0,0.1222159289872409,0.1881868131868138,0.1222159289872409,0.0,0.0,0.0
2023-03-28,0.0,0.0,0.0,0.1222159289872409,0.1881868131868138,0.1222159289872409,0.0,0.0,0.0
2023-03-28,0.0027387832323337,0.0,0.0,0.1222159289872409,0.1881868131868138,0.1222159289872409,0.0,0.0,0.0
2023-03-29,0.0012905561835715,0.0,0.0,0.1212006552276022,0.1870879120879127,0.1222159289872409,-0.0010152737596386963,0.0,0.0010152737596386963
2023-03-29,0.0,0.0,0.0,0.1212006552276022,0.1870879120879127,0.1212006552276022,0.0,0.0,0.0
2023-03-29,0.0,0.0,0.0,0.1212006552276022,0.1870879120879127,0.1212006552276022,0.0,0.0,0.0
2023-03-29,0.0,0.0,0.0,0.1212006552276022,0.1870879120879127,0.1212006552276022,0.0,0.0,0.0
2023-03-29,0.0,0.0,0.0,0.1212006552276022,0.1870879120879127,0.1212006552276022,0.0,0.0,0.0
2023-03-29,0.0,0.0,0.0,0.1212006552276022,0.1870879120879127,0.1212006552276022,0.0,0.0,0.0
2023-03-29,0.0,0.0,0.0,0.1212006552276022,0.1870879120879127,0.1212006552276022,0.0,0.0,0.0
2023-03-29,0.0025358794599823,0.0,0.0,0.1212006552276022,0.1870879120879127,0.1212006552276022,0.0,0.0,0.0
2023-03-29,3.2191041894197296e-05,0.0,0.0,0.1212006552276022,0.1870879120879127,0.1212006552276022,0.0,0.0,0.0
2023-03-29,0.0001950703504826,0.0,0.0,0.1212006552276022,0.1870879120879127,0.1212006552276022,0.0,0.0,0.0
2023-03-30,0.0027766526423494,0.0,0.0,0.1198493070521573,0.1854395604395602,0.1212006552276022,-0.0013513481754449108,0.0,0.0013513481754449108
2023-03-30,1.9507035319381312e-05,0.0,0.0,0.1198493070521573,0.1854395604395602,0.1198493070521573,0.0,0.0,0.0
2023-03-30,5.379551735436314e-05,0.0,0.0,0.1198493070521573,0.1854395604395602,0.1198493070521573,0.0,0.0,0.0
2023-03-30,0.0032958138952696,0.0,0.0,0.1198493070521573,0.1854395604395602,0.1198493070521573,0.0,0.0,0.0
2023-03-30,0.0003245268702222,0.0,0.0,0.1198493070521573,0.1854395604395602,0.1198493070521573,0.0,3.384245865463015e-06,3.384245865463015e-06
2023-03-30,0.0001143298041554,0.0,0.0,0.1198493070521573,0.1854395604395602,0.1198493070521573,0.0,2.538184399097261e-05,2.538184399097261e-05
2023-03-30,0.0,0.0,0.0,0.1198493070521573,0.1854395604395602,0.1198493070521573,0.0,0.0,0.0
2023-03-30,0.0,0.0,0.0,0.1198493070521573,0.1854395604395602,0.1198493070521573,0.0,0.0,0.0
2023-03-30,0.0073965189668285,0.0,0.0,0.1198493070521573,0.1854395604395602,0.1198493070521573,0.0,0.0,0.0
2023-03-30,3.870701722106432e-05,0.0,0.0,0.1198493070521573,0.1854395604395602,0.1198493070521573,0.0,0.0,0.0
2023-03-31,0.0,0.0,0.0,0.1182934940223406,0.1835164835164846,0.1198493070521573,-0.001555813029816694,0.0,0.001555813029816694
2023-03-31,0.0007410783416098,0.0,0.0,0.1182934940223406,0.1835164835164846,0.1182934940223406,0.0,0.0,0.0
2023-03-31,0.0090174064306657,0.0,0.0,0.1182934940223406,0.1835164835164846,0.1182934940223406,0.0,5.076368798192857e-06,5.076368798192857e-06
2023-03-31,0.0351972080114044,0.0,0.0,0.1182934940223406,0.1835164835164846,0.1182934940223406,0.0,0.0,0.0
2023-03-31,0.0308873636642829,0.0,0.0,0.1182934940223406,0.1835164835164846,0.1182934940223406,0.0,0.0,0.0
2023-03-31,0.0091767726987178,0.0,0.0,0.1182934940223406,0.1835164835164846,0.1182934940223406,0.0,5.076368798192857e-06,5.076368798192857e-06
2023-03-31,0.0029733702832522,0.0,0.0,0.1182934940223406,0.1835164835164846,0.1182934940223406,0.0,0.0,0.0
2023-03-31,0.0,0.0,0.0,0.1182934940223406,0.1835164835164846,0.1182934940223406,0.0,0.0,0.0
2023-03-31,0.0490097433350676,0.0,0.0,0.1182934940223406,0.1835164835164846,0.1182934940223406,0.0,0.0,0.0
2023-03-31,0.0843926416192062,0.0,0.0,0.1182934940223406,0.1835164835164846,0.1182934940223406,0.0,0.0,0.0
2023-04-01,0.1003522989910006,0.0,0.0,0.1174145301656164,0.1824175824175817,0.1182934940223406,-0.000878963856724202,0.0,0.000878963856724202
2023-04-01,0.0623259997771288,0.0,0.0,0.1174145301656164,0.1824175824175817,0.1174145301656164,0.0,0.0,0.0
2023-04-01,0.1834033009747613,0.0,0.0,0.1174145301656164,0.1824175824175817,0.1174145301656164,0.0,0.0,0.0
2023-04-01,0.072201717566784,0.0,0.0,0.1174145301656164,0.1824175824175817,0.1174145301656164,0.0,0.0,0.0
2023-04-01,0.1631282955456798,0.0,0.0,0.1174145301656164,0.1824175824175817,0.1174145301656164,0.0,0.0,0.0
2023-04-01,0.0834868728285628,0.0,0.0,0.1174145301656164,0.1824175824175817,0.1174145301656164,0.0,0.0,0.0
2023-04-01,0.1242929494206067,0.0,0.0,0.1174145301656164,0.1824175824175817,0.1174145301656164,0.0,0.0,0.0
2023-04-01,0.024442634662557,0.0,0.0,0.1174145301656164,0.1824175824175817,0.1174145301656164,0.0,0.0,0.0
2023-04-01,0.0886437108550105,0.0,0.0,0.1174145301656164,0.1824175824175817,0.1174145301656164,0.0,0.0,0.0
2023-04-01,0.0224369878463611,0.0,0.0,0.1174145301656164,0.1824175824175817,0.1174145301656164,0.0,0.0,0.0
2023-04-02,0.0368939297861165,0.0,0.0,0.1163311014545206,0.1810439560439576,0.1174145301656164,-0.0010834287110958046,0.0,0.0010834287110958046
2023-04-02,0.0104391575733611,0.0,0.0,0.1163311014545206,0.1810439560439576,0.1163311014545206,0.0,0.0,0.0
2023-04-02,0.0834265071552471,0.0,0.0,0.1163311014545206,0.1810439560439576,0.1163311014545206,0.0,0.0,0.0
2023-04-02,0.0936720331661627,0.0,0.0,0.1163311014545206,0.1810439560439576,0.1163311014545206,0.0,2.7062216069997444e-05,2.7062216069997444e-05
2023-04-02,0.0991294744897544,0.0,0.0,0.1163311014545206,0.1810439560439576,0.1163311014545206,0.0,0.0,0.0
2023-04-02,0.0357485696867385,0.0,0.0,0.1163311014545206,0.1810439560439576,0.1163311014545206,0.0,0.0,0.0
2023-04-02,0.0419634645991024,0.0,0.0,0.1163311014545206,0.1810439560439576,0.1163311014545206,0.0,0.0,0.0
2023-04-02,0.0517495588210675,0.0,0.0,0.1163311014545206,0.1810439560439576,0.1163311014545206,0.0,0.0,0.0
2023-04-02,0.036603684185638,0.0,0.0,0.1163311014545206,0.1810439560439576,0.1163311014545206,0.0,0.0,0.0
2023-04-02,0.0810452155496451,0.0,0.0,0.1163311014545206,0.1810439560439576,0.1163311014545206,0.0,0.0,0.0
2023-04-03,0.0114624631272198,0.0,0.0,0.1153863328170791,0.1796703296703299,0.1163311014545206,-0.0009447686374414871,0.0,0.0009447686374414871
2023-04-03,0.0024165672192413,0.0,0.0,0.1153863328170791,0.1796703296703299,0.1153863328170791,0.0,0.0,0.0
2023-04-03,2.75885556664158e-07,0.0,0.0,0.1153863328170791,0.1796703296703299,0.1153863328170791,0.0,0.0,0.0
2023-04-03,2.4810940416014224e-05,0.0,0.0,0.1153863328170791,0.1796703296703299,0.1153863328170791,0.0,0.0,0.0
2023-04-03,0.0,0.0,0.0,0.1153863328170791,0.1796703296703299,0.1153863328170791,0.0,0.0,0.0
2023-04-03,0.0008228388337378,0.0,0.0,0.1153863328170791,0.1796703296703299,0.1153863328170791,0.0,0.0,0.0
2023-04-03,0.0059510208488263,0.0,0.0,0.1153863328170791,0.1796703296703299,0.1153863328170791,0.0,0.0,0.0
2023-04-03,0.005275455060203,0.0,0.0,0.1153863328170791,0.1796703296703299,0.1153863328170791,0.0,0.0,0.0
2023-04-03,0.0,0.0,0.0,0.1153863328170791,0.1796703296703299,0.1153863328170791,0.0,0.0,0.0
2023-04-03,9.73884060311212e-05,0.0,0.0,0.1153863328170791,0.1796703296703299,0.1153863328170791,0.0,0.0,0.0
2023-04-04,0.0333557488829549,0.0,0.0,0.1154521375977964,0.1799450549450547,0.1153863328170791,6.5804780717299e-05,4.244408356265786e-05,2.3360697154641145e-05
2023-04-04,0.057835968134755,0.0,0.0,0.1154521375977964,0.1799450549450547,0.1154521375977964,0.0,3.29023903586495e-07,3.29023903586495e-07
2023-04-04,0.0287789970880946,0.0,0.0,0.1154521375977964,0.1799450549450547,0.1154521375977964,0.0,0.0,0.0
2023-04-04,0.0074529679898714,0.0,0.0,0.1154521375977964,0.1799450549450547,0.1154521375977964,0.0,1.0152737596385713e-05,1.0152737596385713e-05
2023-04-04,0.0102743100135011,0.0,0.0,0.1154521375977964,0.1799450549450547,0.1154521375977964,0.0,0.0,0.0
2023-04-04,0.0426226516926802,0.0,0.0,0.1154521375977964,0.1799450549450547,0.1154521375977964,0.0,1.7626280549139227e-07,1.7626280549139227e-07
2023-04-04,0.0780127331036508,0.0,0.0,0.1154521375977964,0.1799450549450547,0.1154521375977964,0.0,0.0,0.0
2023-04-04,0.0593988278029119,0.0,0.0,0.1154521375977964,0.1799450549450547,0.1154521375977964,0.0,3.29023903586495e-07,3.29023903586495e-07
2023-04-04,0.0929405178454794,0.0,0.0,0.1154521375977964,0.1799450549450547,0.1154521375977964,0.0,3.585185463723946e-05,3.585185463723946e-05
2023-04-04,0.0224559640093347,0.0,0.0,0.1154521375977964,0.1799450549450547,0.1154521375977964,0.0,3.2902390358649503e-06,3.2902390358649503e-06
2023-04-05,0.0071364631977306,0.0,0.0,0.1157905621843426,0.1802197802197795,0.1154521375977964,0.00033842458654619045,0.00019967050606225237,0.00013875408048393808
2023-04-05,0.0028590029326179,0.0,0.0,0.1157905621843426,0.1802197802197795,0.1157905621843426,0.0,0.0,0.0
2023-04-05,0.0244923419637296,0.0,0.0,0.1157905621843426,0.1802197802197795,0.1157905621843426,0.0,0.0,0.0
2023-04-05,0.0139835612102981,0.0,0.0,0.1157905621843426,0.1802197802197795,0.1157905621843426,0.0,1.6921229327309522e-06,1.6921229327309522e-06
2023-04-05,0.0333219940975883,0.0,0.0,0.1157905621843426,0.1802197802197795,0.1157905621843426,0.0,8.225597589662376e-06,8.225597589662376e-06
2023-04-05,0.0210500494191598,0.0,0.0,0.1157905621843426,0.1802197802197795,0.1157905621843426,0.0,0.0,0.0
2023-04-05,0.0139781398487597,0.0,0.0,0.1157905621843426,0.1802197802197795,0.1157905621843426,0.0,1.6921229327309522e-06,1.6921229327309522e-06
2023-04-05,0.0136082778914906,0.0,0.0,0.1157905621843426,0.1802197802197795,0.1157905621843426,0.0,0.0,0.0
2023-04-05,0.0157359563665002,0.0,0.0,0.1157905621843426,0.1802197802197795,0.1157905621843426,0.0,0.0,0.0
2023-04-05,0.0333918935420961,0.0,0.0,0.1157905621843426,0.1802197802197795,0.1157905621843426,0.0,1.3160956143459801e-05,1.3160956143459801e-05
2023-04-06,0.000115997946576,0.0,0.0,0.1161289867708889,0.180769230769231,0.1157905621843426,0.0003384245865463015,0.00018936500736784054,0.00014905957917846094
2023-04-06,0.0,0.0,0.0,0.1161289867708889,0.180769230769231,0.1161289867708889,0.0,0.0,0.0
2023-04-06,0.0,0.0,0.0,0.1161289867708889,0.180769230769231,0.1161289867708889,0.0,0.0,0.0
2023-04-06,1.1693906280028606e-05,0.0,0.0,0.1161289867708889,0.180769230769231,0.1161289867708889,0.0,0.0,0.0
2023-04-06,0.0,0.0,0.0,0.1161289867708889,0.180769230769231,0.1161289867708889,0.0,0.0,0.0
2023-04-06,9.625021010436772e-05,0.0,0.0,0.1161289867708889,0.180769230769231,0.1161289867708889,0.0,2.538184399097261e-05,2.538184399097261e-05
2023-04-06,0.0,0.0,0.0,0.1161289867708889,0.180769230769231,0.1161289867708889,0.0,0.0,0.0
2023-04-06,0.0001821223656466,0.0,0.0,0.1161289867708889,0.180769230769231,0.1161289867708889,0.0,0.0,0.0
2023-04-06,0.0,0.0,0.0,0.1161289867708889,0.180769230769231,0.1161289867708889,0.0,0.0,0.0
2023-04-06,0.0,0.0,0.0,0.1161289867708889,0.180769230769231,0.1161289867708889,0.0,0.0,0.0
2023-04-07,4.323843449008239e-07,0.0,0.0,0.1157905621843426,0.1802197802197795,0.1161289867708889,-0.0003384245865463015,0.0,0.0003384245865463015
2023-04-07,0.0004337233388488,0.0,0.0,0.1157905621843426,0.1802197802197795,0.1157905621843426,0.0,0.0,0.0
2023-04-07,3.544419865778257e-06,0.0,0.0,0.1157905621843426,0.1802197802197795,0.1157905621843426,0.0,0.0,0.0
2023-04-07,0.0,0.0,0.0,0.1157905621843426,0.1802197802197795,0.1157905621843426,0.0,0.0,0.0
2023-04-07,0.0,0.0,0.0,0.1157905621843426,0.1802197802197795,0.1157905621843426,0.0,0.0,0.0
2023-04-07,0.0,0.0,0.0,0.1157905621843426,0.1802197802197795,0.1157905621843426,0.0,0.0,0.0
2023-04-07,0.0,0.0,0.0,0.1157905621843426,0.1802197802197795,0.1157905621843426,0.0,0.0,0.0
2023-04-07,0.0022475985998583,0.0,0.0,0.1157905621843426,0.1802197802197795,0.1157905621843426,0.0,1.6921229327309522e-06,1.6921229327309522e-06
2023-04-07,0.0020557182638551,0.0,0.0,0.1157905621843426,0.1802197802197795,0.1157905621843426,0.0,1.6921229327309522e-06,1.6921229327309522e-06
2023-04-07,0.0,0.0,0.0,0.1157905621843426,0.1802197802197795,0.1157905621843426,0.0,0.0,0.0
2023-04-08,0.0,0.0,0.0,0.1155202925492536,0.1799450549450547,0.1157905621843426,-0.0002702696350889988,0.0,0.0002702696350889988
2023-04-08,0.0,0.0,0.0,0.1155202925492536,0.1799450549450547,0.1155202925492536,0.0,0.0,0.0
2023-04-08,0.0,0.0,0.0,0.1155202925492536,0.1799450549450547,0.1155202925492536,0.0,0.0,0.0
2023-04-08,0.0,0.0,0.0,0.1155202925492536,0.1799450549450547,0.1155202925492536,0.0,0.0,0.0
2023-04-08,0.0,0.0,0.0,0.1155202925492536,0.1799450549450547,0.1155202925492536,0.0,0.0,0.0
2023-04-08,0.0,0.0,0.0,0.1155202925492536,0.1799450549450547,0.1155202925492536,0.0,0.0,0.0
2023-04-08,0.0,0.0,0.0,0.1155202925492536,0.1799450549450547,0.1155202925492536,0.0,0.0,0.0
2023-04-08,0.0,0.0,0.0,0.1155202925492536,0.1799450549450547,0.1155202925492536,0.0,0.0,0.0
2023-04-08,0.0,0.0,0.0,0.1155202925492536,0.1799450549450547,0.1155202925492536,0.0,0.0,0.0
2023-04-08,0.0,0.0,0.0,0.1155202925492536,0.1799450549450547,0.1155202925492536,0.0,0.0,0.0
2023-04-09,0.0,0.0,0.0,0.114601375789951,0.1788461538461536,0.1155202925492536,-0.0009189167593025988,0.0,0.0009189167593025988
2023-04-09,1.127621288626218e-05,0.0,0.0,0.114601375789951,0.1788461538461536,0.114601375789951,0.0,0.0,0.0
2023-04-09,5.076186407311372e-05,0.0,0.0,0.114601375789951,0.1788461538461536,0.114601375789951,0.0,0.0,0.0
2023-04-09,0.0,0.0,0.0,0.114601375789951,0.1788461538461536,0.114601375789951,0.0,0.0,0.0
2023-04-09,0.0,0.0,0.0,0.114601375789951,0.1788461538461536,0.114601375789951,0.0,0.0,0.0
2023-04-09,0.0,0.0,0.0,0.114601375789951,0.1788461538461536,0.114601375789951,0.0,0.0,0.0
2023-04-09,0.000214577385802,0.0,0.0,0.114601375789951,0.1788461538461536,0.114601375789951,0.0,0.0,0.0
2023-04-09,0.0,0.0,0.0,0.114601375789951,0.1788461538461536,0.114601375789951,0.0,0.0,0.0
2023-04-09,0.0,0.0,0.0,0.114601375789951,0.1788461538461536,0.114601375789951,0.0,0.0,0.0
2023-04-09,0.0031404195873116,0.0,0.0,0.114601375789951,0.1788461538461536,0.114601375789951,0.0,0.0,0.0
2023-04-10,0.0,0.0,0.0,0.1132382767608066,0.1766483516483514,0.114601375789951,-0.0013630990291444017,0.0,0.0013630990291444017
2023-04-10,0.0,0.0,0.0,0.1132382767608066,0.1766483516483514,0.1132382767608066,0.0,0.0,0.0
2023-04-10,0.0,0.0,0.0,0.1132382767608066,0.1766483516483514,0.1132382767608066,0.0,0.0,0.0
2023-04-10,0.0,0.0,0.0,0.1132382767608066,0.1766483516483514,0.1132382767608066,0.0,0.0,0.0
2023-04-10,0.0,0.0,0.0,0.1132382767608066,0.1766483516483514,0.1132382767608066,0.0,0.0,0.0
2023-04-10,0.0,0.0,0.0,0.1132382767608066,0.1766483516483514,0.1132382767608066,0.0,0.0,0.0
2023-04-10,0.0,0.0,0.0,0.1132382767608066,0.1766483516483514,0.1132382767608066,0.0,0.0,0.0
2023-04-10,0.0,0.0,0.0,0.1132382767608066,0.1766483516483514,0.1132382767608066,0.0,0.0,0.0
2023-04-10,0.0014339634006319,0.0,0.0,0.1132382767608066,0.1766483516483514,0.1132382767608066,0.0,1.9118638969119127e-05,1.9118638969119127e-05
2023-04-10,0.0,0.0,0.0,0.1132382767608066,0.1766483516483514,0.1132382767608066,0.0,0.0,0.0
2023-04-11,9.550712383473482e-06,0.0,0.0,0.1107846985083466,0.1728021978021985,0.1132382767608066,-0.0024535782524599953,0.0,0.0024535782524599953
2023-04-11,0.0,0.0,0.0,0.1107846985083466,0.1728021978021985,0.1107846985083466,0.0,0.0,0.0
2023-04-11,0.0,0.0,0.0,0.1107846985083466,0.1728021978021985,0.1107846985083466,0.0,0.0,0.0
2023-04-11,0.0013833859688266,0.0,0.0,0.1107846985083466,0.1728021978021985,0.1107846985083466,0.0,9.51819149658667e-07,9.51819149658667e-07
2023-04-11,6.166383556958987e-07,0.0,0.0,0.1107846985083466,0.1728021978021985,0.1107846985083466,0.0,0.0,0.0
2023-04-11,5.852110528036072e-05,0.0,0.0,0.1107846985083466,0.1728021978021985,0.1107846985083466,0.0,0.0,0.0
2023-04-11,0.0,0.0,0.0,0.1107846985083466,0.1728021978021985,0.1107846985083466,0.0,0.0,0.0
2023-04-11,0.0,0.0,0.0,0.1107846985083466,0.1728021978021985,0.1107846985083466,0.0,0.0,0.0
2023-04-11,0.0,0.0,0.0,0.1107846985083466,0.1728021978021985,0.1107846985083466,0.0,0.0,0.0
2023-04-11,0.0,0.0,0.0,0.1107846985083466,0.1728021978021985,0.1107846985083466,0.0,0.0,0.0
2023-04-12,0.0,0.0,0.0,0.107188937276293,0.167307692307693,0.1107846985083466,-0.0035957612320536014,0.0,0.0035957612320536014
2023-04-12,0.0,0.0,0.0,0.107188937276293,0.167307692307693,0.107188937276293,0.0,0.0,0.0
2023-04-12,0.0,0.0,0.0,0.107188937276293,0.167307692307693,0.107188937276293,0.0,0.0,0.0
2023-04-12,0.0,0.0,0.0,0.107188937276293,0.167307692307693,0.107188937276293,0.0,0.0,0.0
2023-04-12,0.0,0.0,0.0,0.107188937276293,0.167307692307693,0.107188937276293,0.0,0.0,0.0
2023-04-12,0.0,0.0,0.0,0.107188937276293,0.167307692307693,0.107188937276293,0.0,0.0,0.0
2023-04-12,0.0,0.0,0.0,0.107188937276293,0.167307692307693,0.107188937276293,0.0,0.0,0.0
2023-04-12,0.0,0.0,0.0,0.107188937276293,0.167307692307693,0.107188937276293,0.0,0.0,0.0
2023-04-12,0.0,0.0,0.0,0.107188937276293,0.167307692307693,0.107188937276293,0.0,0.0,0.0
2023-04-12,0.0,0.0,0.0,0.107188937276293,0.167307692307693,0.107188937276293,0.0,0.0,0.0
2023-04-13,0.0,0.0,0.0,0.1041360654851574,0.1626373626373638,0.107188937276293,-0.0030528717911356,0.0,0.0030528717911356
2023-04-13,0.0,0.0,0.0,0.1041360654851574,0.1626373626373638,0.1041360654851574,0.0,0.0,0.0
2023-04-13,0.0,0.0,0.0,0.1041360654851574,0.1626373626373638,0.1041360654851574,0.0,0.0,0.0
2023-04-13,0.0,0.0,0.0,0.1041360654851574,0.1626373626373638,0.1041360654851574,0.0,0.0,0.0
2023-04-13,0.0,0.0,0.0,0.1041360654851574,0.1626373626373638,0.1041360654851574,0.0,0.0,0.0
2023-04-13,0.0,0.0,0.0,0.1041360654851574,0.1626373626373638,0.1041360654851574,0.0,0.0,0.0
2023-04-13,0.0,0.0,0.0,0.1041360654851574,0.1626373626373638,0.1041360654851574,0.0,0.0,0.0
2023-04-13,0.0,0.0,0.0,0.1041360654851574,0.1626373626373638,0.1041360654851574,0.0,0.0,0.0
2023-04-13,0.0,0.0,0.0,0.1041360654851574,0.1626373626373638,0.1041360654851574,0.0,0.0,0.0
2023-04-13,0.0,0.0,0.0,0.1041360654851574,0.1626373626373638,0.1041360654851574,0.0,0.0,0.0
2023-04-14,0.0,0.0,0.0,0.1008646278152107,0.157692307692308,0.1041360654851574,-0.0032714376699466974,0.0,0.0032714376699466974
2023-04-14,0.0,0.0,0.0,0.1008646278152107,0.157692307692308,0.1008646278152107,0.0,0.0,0.0
2023-04-14,0.0,0.0,0.0,0.1008646278152107,0.157692307692308,0.1008646278152107,0.0,0.0,0.0
2023-04-14,0.0,0.0,0.0,0.1008646278152107,0.157692307692308,0.1008646278152107,0.0,0.0,0.0
2023-04-14,0.0,0.0,0.0,0.1008646278152107,0.157692307692308,0.1008646278152107,0.0,0.0,0.0
2023-04-14,0.0,0.0,0.0,0.1008646278152107,0.157692307692308,0.1008646278152107,0.0,0.0,0.0
2023-04-14,0.0,0.0,0.0,0.1008646278152107,0.157692307692308,0.1008646278152107,0.0,0.0,0.0
2023-04-14,0.0,0.0,0.0,0.1008646278152107,0.157692307692308,0.1008646278152107,0.0,0.0,0.0
2023-04-14,0.0,0.0,0.0,0.1008646278152107,0.157692307692308,0.1008646278152107,0.0,0.0,0.0
2023-04-14,0.0,0.0,0.0,0.1008646278152107,0.157692307692308,0.1008646278152107,0.0,0.0,0.0
2023-04-15,0.0028550981401624,0.0,0.0,0.0977036481700395,0.1527472527472522,0.1008646278152107,-0.0031609796451712024,0.0,0.0031609796451712024
2023-04-15,0.0,0.0,0.0,0.0977036481700395,0.1527472527472522,0.0977036481700395,0.0,5.990249477338676e-06,5.990249477338676e-06
2023-04-15,7.5347966852908465e-06,0.0,0.0,0.0977036481700395,0.1527472527472522,0.0977036481700395,0.0,0.0,0.0
2023-04-15,0.000133301049134,0.0,0.0,0.0977036481700395,0.1527472527472522,0.0977036481700395,0.0,1.6921229327315074e-06,1.6921229327315074e-06
2023-04-15,0.0001939305583764,0.0,0.0,0.0977036481700395,0.1527472527472522,0.0977036481700395,0.0,0.0,0.0
2023-04-15,4.387050190283128e-05,0.0,0.0,0.0977036481700395,0.1527472527472522,0.0977036481700395,0.0,0.0,0.0
2023-04-15,0.0,0.0,0.0,0.0977036481700395,0.1527472527472522,0.0977036481700395,0.0,5.990249477338676e-06,5.990249477338676e-06
2023-04-15,0.0039483338366861,0.0,0.0,0.0977036481700395,0.1527472527472522,0.0977036481700395,0.0,0.0,0.0
2023-04-15,0.0004080046074535,0.0,0.0,0.0977036481700395,0.1527472527472522,0.0977036481700395,0.0,0.0,0.0
2023-04-15,0.0,0.0,0.0,0.0977036481700395,0.1527472527472522,0.0977036481700395,0.0,5.990249477338676e-06,5.990249477338676e-06
2023-04-16,0.0013453441531284,0.0,0.0,0.0950855579657861,0.1489010989010992,0.0977036481700395,-0.0026180902042533954,0.0,0.0026180902042533954
2023-04-16,0.0,0.0,0.0,0.0950855579657861,0.1489010989010992,0.0950855579657861,0.0,2.9597168984326323e-05,2.9597168984326323e-05
2023-04-16,0.0,0.0,0.0,0.0950855579657861,0.1489010989010992,0.0950855579657861,0.0,2.9597168984326323e-05,2.9597168984326323e-05
2023-04-16,0.0007221763267641,0.0,0.0,0.0950855579657861,0.1489010989010992,0.0950855579657861,0.0,3.076373498534679e-05,3.076373498534679e-05
2023-04-16,0.0043681646903031,0.0,0.0,0.0950855579657861,0.1489010989010992,0.0950855579657861,0.0,0.0,0.0
2023-04-16,0.0003576696905484,0.0,0.0,0.0950855579657861,0.1489010989010992,0.0950855579657861,0.0,0.0,0.0
2023-04-16,0.0072485276836547,0.0,0.0,0.0950855579657861,0.1489010989010992,0.0950855579657861,0.0,0.0,0.0
2023-04-16,0.0005121968453753,0.0,0.0,0.0950855579657861,0.1489010989010992,0.0950855579657861,0.0,0.0,0.0
2023-04-16,0.0042211783603654,0.0,0.0,0.0950855579657861,0.1489010989010992,0.0950855579657861,0.0,0.0,0.0
2023-04-16,0.0,0.0,0.0,0.0950855579657861,0.1489010989010992,0.0950855579657861,0.0,2.9597168984326323e-05,2.9597168984326323e-05
2023-04-17,0.0,0.0,0.0,0.0923617100782371,0.1445054945054948,0.0950855579657861,-0.002723847887549008,0.0,0.002723847887549008
2023-04-17,0.0,0.0,0.0,0.0923617100782371,0.1445054945054948,0.0923617100782371,0.0,0.0,0.0
2023-04-17,1.167946000863398e-05,0.0,0.0,0.0923617100782371,0.1445054945054948,0.0923617100782371,0.0,0.0,0.0
2023-04-17,0.0,0.0,0.0,0.0923617100782371,0.1445054945054948,0.0923617100782371,0.0,0.0,0.0
2023-04-17,0.0,0.0,0.0,0.0923617100782371,0.1445054945054948,0.0923617100782371,0.0,0.0,0.0
2023-04-17,0.0,0.0,0.0,0.0923617100782371,0.1445054945054948,0.0923617100782371,0.0,0.0,0.0
2023-04-17,0.0,0.0,0.0,0.0923617100782371,0.1445054945054948,0.0923617100782371,0.0,0.0,0.0
2023-04-17,0.0,0.0,0.0,0.0923617100782371,0.1445054945054948,0.0923617100782371,0.0,0.0,0.0
2023-04-17,0.0,0.0,0.0,0.0923617100782371,0.1445054945054948,0.0923617100782371,0.0,0.0,0.0
2023-04-17,0.0,0.0,0.0,0.0923617100782371,0.1445054945054948,0.0923617100782371,0.0,0.0,0.0
2023-04-18,9.00479325040327e-06,0.0,0.0,0.0905638294622103,0.141758241758243,0.0923617100782371,-0.0017978806160268007,0.0,0.0017978806160268007
2023-04-18,0.0,0.0,0.0,0.0905638294622103,0.141758241758243,0.0905638294622103,0.0,0.0,0.0
2023-04-18,2.565972019982924e-06,0.0,0.0,0.0905638294622103,0.141758241758243,0.0905638294622103,0.0,0.0,0.0
2023-04-18,0.0006160329055076,0.0,0.0,0.0905638294622103,0.141758241758243,0.0905638294622103,0.0,0.0,0.0
2023-04-18,0.0,0.0,0.0,0.0905638294622103,0.141758241758243,0.0905638294622103,0.0,0.0,0.0
2023-04-18,2.7794426217212225e-05,0.0,0.0,0.0905638294622103,0.141758241758243,0.0905638294622103,0.0,0.0,0.0
2023-04-18,0.0,0.0,0.0,0.0905638294622103,0.141758241758243,0.0905638294622103,0.0,0.0,0.0
2023-04-18,0.0004183611518875,0.0,0.0,0.0905638294622103,0.141758241758243,0.0905638294622103,0.0,0.0,0.0
2023-04-18,0.0,0.0,0.0,0.0905638294622103,0.141758241758243,0.0905638294622103,0.0,0.0,0.0
2023-04-18,0.0037330333232967,0.0,0.0,0.0905638294622103,0.141758241758243,0.0905638294622103,0.0,0.0,0.0
2023-04-19,0.1200438037972715,0.0,0.0,0.0878376314039214,0.1376373626373617,0.0905638294622103,-0.0027261980582889006,0.0,0.0027261980582889006
2023-04-19,0.0611435380090469,0.0,0.0,0.0878376314039214,0.1376373626373617,0.0878376314039214,0.0,0.0,0.0
2023-04-19,0.1589737106703574,0.0,0.0,0.0878376314039214,0.1376373626373617,0.0878376314039214,0.0,0.0,0.0
2023-04-19,0.0281598882417332,0.0,0.0,0.0878376314039214,0.1376373626373617,0.0878376314039214,0.0,0.0,0.0
2023-04-19,0.0786822307567827,0.0,0.0,0.0878376314039214,0.1376373626373617,0.0878376314039214,0.0,0.0,0.0
2023-04-19,0.0271805888846877,0.0,0.0,0.0878376314039214,0.1376373626373617,0.0878376314039214,0.0,0.0,0.0
2023-04-19,0.1448421262580405,0.0,0.0,0.0878376314039214,0.1376373626373617,0.0878376314039214,0.0,0.0,0.0
2023-04-19,0.111204329625598,0.0,0.0,0.0878376314039214,0.1376373626373617,0.0878376314039214,0.0,0.0,0.0
2023-04-19,0.1422089384341578,0.0,0.0,0.0878376314039214,0.1376373626373617,0.0878376314039214,0.0,0.0,0.0
2023-04-19,0.0605984811497465,0.0,0.0,0.0878376314039214,0.1376373626373617,0.0878376314039214,0.0,0.0,0.0
2023-04-20,0.2600019345991723,0.0,0.0,0.0868012061076237,0.1359890109890109,0.0878376314039214,-0.0010364252962977022,0.0,0.0010364252962977022
2023-04-20,0.1699614399647588,0.0,0.0,0.0868012061076237,0.1359890109890109,0.0868012061076237,0.0,0.0,0.0
2023-04-20,0.1454995002320463,0.0,0.0,0.0868012061076237,0.1359890109890109,0.0868012061076237,0.0,0.0,0.0
2023-04-20,0.1294209327882801,0.0,0.0,0.0868012061076237,0.1359890109890109,0.0868012061076237,0.0,0.0,0.0
2023-04-20,0.1294978865828429,0.0,0.0,0.0868012061076237,0.1359890109890109,0.0868012061076237,0.0,0.000119388673587138,0.000119388673587138
2023-04-20,0.2108266322209729,0.0,0.0,0.0868012061076237,0.1359890109890109,0.0868012061076237,0.0,0.0,0.0
2023-04-20,0.1713550845695233,0.0,0.0,0.0868012061076237,0.1359890109890109,0.0868012061076237,0.0,0.0,0.0
2023-04-20,0.1763842662237106,0.0,0.0,0.0868012061076237,0.1359890109890109,0.0868012061076237,0.0,0.0,0.0
2023-04-20,0.0857504150476446,0.0,0.0,0.0868012061076237,0.1359890109890109,0.0868012061076237,0.0,0.0,0.0
2023-04-20,0.1034477537513567,0.0,0.0,0.0868012061076237,0.1359890109890109,0.0868012061076237,0.0,0.0,0.0
2023-04-21,0.1005912231963526,0.0,0.0,0.087945739257957,0.1379120879120883,0.0868012061076237,0.0011445331503333045,0.0007220899598355357,0.0004224431904977688
2023-04-21,0.1176554183654868,0.0,0.0,0.087945739257957,0.1379120879120883,0.087945739257957,0.0,0.0,0.0
2023-04-21,0.1355334251750511,0.0,0.0,0.087945739257957,0.1379120879120883,0.087945739257957,0.0,0.0,0.0
2023-04-21,0.1050113454247054,0.0,0.0,0.087945739257957,0.1379120879120883,0.087945739257957,0.0,0.00010269071048010753,0.00010269071048010753
2023-04-21,0.1589544073705717,0.0,0.0,0.087945739257957,0.1379120879120883,0.087945739257957,0.0,0.0,0.0
2023-04-21,0.1815741236183723,0.0,0.0,0.087945739257957,0.1379120879120883,0.087945739257957,0.0,0.0,0.0
2023-04-21,0.0435734840910823,0.0,0.0,0.087945739257957,0.1379120879120883,0.087945739257957,0.0,2.289066300666609e-05,2.289066300666609e-05
2023-04-21,0.0787727945927903,0.0,0.0,0.087945739257957,0.1379120879120883,0.087945739257957,0.0,9.732057033943065e-05,9.732057033943065e-05
2023-04-21,0.1458430290169376,0.0,0.0,0.087945739257957,0.1379120879120883,0.087945739257957,0.0,0.0003281308387054338,0.0003281308387054338
2023-04-21,0.1245082285296023,0.0,0.0,0.087945739257957,0.1379120879120883,0.087945739257957,0.0,0.0,0.0
2023-04-22,0.0017551146237528,0.0,0.0,0.0893088382871015,0.1398351648351656,0.087945739257957,0.0013630990291444989,0.0008023482906033309,0.0005607507385411679
2023-04-22,0.0025522426805593,0.0,0.0,0.0893088382871015,0.1398351648351656,0.0893088382871015,0.0,0.0,0.0
2023-04-22,0.0030126886561866,0.0,0.0,0.0893088382871015,0.1398351648351656,0.0893088382871015,0.0,0.0,0.0
2023-04-22,0.0055826749190915,0.0,0.0,0.0893088382871015,0.1398351648351656,0.0893088382871015,0.0,0.0,0.0
2023-04-22,0.0116162965424616,0.0,0.0,0.0893088382871015,0.1398351648351656,0.0893088382871015,0.0,7.525246709173743e-05,7.525246709173743e-05
2023-04-22,0.0126082051628604,0.0,0.0,0.0893088382871015,0.1398351648351656,0.0893088382871015,0.0,0.0,0.0
2023-04-22,0.005818046734525,0.0,0.0,0.0893088382871015,0.1398351648351656,0.0893088382871015,0.0,0.0,0.0
2023-04-22,0.0012053530332714,0.0,0.0,0.0893088382871015,0.1398351648351656,0.0893088382871015,0.0,0.0,0.0
2023-04-22,0.0210236083952061,0.0,0.0,0.0893088382871015,0.1398351648351656,0.0893088382871015,0.0,0.0006639232340229519,0.0006639232340229519
2023-04-22,0.0008567379340616,0.0,0.0,0.0893088382871015,0.1398351648351656,0.0893088382871015,0.0,3.81902745234395e-06,3.81902745234395e-06
2023-04-23,0.0015646166591455,0.0,0.0,0.0881102512097503,0.1381868131868149,0.0893088382871015,-0.0011985870773511959,0.0,0.0011985870773511959
2023-04-23,0.0,0.0,0.0,0.0881102512097503,0.1381868131868149,0.0881102512097503,0.0,0.0,0.0
2023-04-23,0.0101929940312597,0.0,0.0,0.0881102512097503,0.1381868131868149,0.0881102512097503,0.0,0.0,0.0
2023-04-23,0.0034087302103242,0.0,0.0,0.0881102512097503,0.1381868131868149,0.0881102512097503,0.0,0.0,0.0
2023-04-23,0.0004486887318616,0.0,0.0,0.0881102512097503,0.1381868131868149,0.0881102512097503,0.0,0.0,0.0
2023-04-23,0.0021438108189019,0.0,0.0,0.0881102512097503,0.1381868131868149,0.0881102512097503,0.0,0.0,0.0
2023-04-23,0.0020010991829636,0.0,0.0,0.0881102512097503,0.1381868131868149,0.0881102512097503,0.0,0.0,0.0
2023-04-23,0.0039862844241194,0.0,0.0,0.0881102512097503,0.1381868131868149,0.0881102512097503,0.0,0.0,0.0
2023-04-23,0.0189230936149116,0.0,0.0,0.0881102512097503,0.1381868131868149,0.0881102512097503,0.0,0.0008250744416581867,0.0008250744416581867
2023-04-23,0.0008438406609656,0.0,0.0,0.0881102512097503,0.1381868131868149,0.0881102512097503,0.0,0.0,0.0
2023-04-24,0.0,0.0,0.0,0.0849492715645791,0.1332417582417591,0.0881102512097503,-0.0031609796451712024,0.0,0.0031609796451712024
2023-04-24,0.0,0.0,0.0,0.0849492715645791,0.1332417582417591,0.0849492715645791,0.0,0.0,0.0
2023-04-24,0.0,0.0,0.0,0.0849492715645791,0.1332417582417591,0.0849492715645791,0.0,0.0,0.0
2023-04-24,0.0,0.0,0.0,0.0849492715645791,0.1332417582417591,0.0849492715645791,0.0,0.0,0.0
2023-04-24,0.0,0.0,0.0,0.0849492715645791,0.1332417582417591,0.0849492715645791,0.0,0.0,0.0
2023-04-24,0.0,0.0,0.0,0.0849492715645791,0.1332417582417591,0.0849492715645791,0.0,0.0,0.0
2023-04-24,5.73601155041655e-08,0.0,0.0,0.0849492715645791,0.1332417582417591,0.0849492715645791,0.0,0.0,0.0
2023-04-24,0.0,0.0,0.0,0.0849492715645791,0.1332417582417591,0.0849492715645791,0.0,0.0,0.0
2023-04-24,0.0,0.0,0.0,0.0849492715645791,0.1332417582417591,0.0849492715645791,0.0,0.0,0.0
2023-04-24,0.0,0.0,0.0,0.0849492715645791,0.1332417582417591,0.0849492715645791,0.0,0.0,0.0
2023-04-25,0.0,0.0,0.0,0.080312384694748,0.1260989010989028,0.0849492715645791,-0.004636886869831103,0.0,0.004636886869831103
2023-04-25,0.0,0.0,0.0,0.080312384694748,0.1260989010989028,0.080312384694748,0.0,0.0,0.0
2023-04-25,0.0,0.0,0.0,0.080312384694748,0.1260989010989028,0.080312384694748,0.0,0.0,0.0
2023-04-25,1.0450909479584058e-05,0.0,0.0,0.080312384694748,0.1260989010989028,0.080312384694748,0.0,0.0,0.0
2023-04-25,0.0,0.0,0.0,0.080312384694748,0.1260989010989028,0.080312384694748,0.0,0.0,0.0
2023-04-25,0.0,0.0,0.0,0.080312384694748,0.1260989010989028,0.080312384694748,0.0,0.0,0.0
2023-04-25,0.0,0.0,0.0,0.080312384694748,0.1260989010989028,0.080312384694748,0.0,0.0,0.0
2023-04-25,3.884470481401683e-07,0.0,0.0,0.080312384694748,0.1260989010989028,0.080312384694748,0.0,0.0,0.0
2023-04-25,0.0,0.0,0.0,0.080312384694748,0.1260989010989028,0.080312384694748,0.0,0.0,0.0
2023-04-25,0.0,0.0,0.0,0.080312384694748,0.1260989010989028,0.080312384694748,0.0,0.0,0.0
2023-04-26,0.0012454642200742,0.0,0.0,0.0756825483371366,0.118956043956043,0.080312384694748,-0.004629836357611397,0.0,0.004629836357611397
2023-04-26,0.0062668832563383,0.0,0.0,0.0756825483371366,0.118956043956043,0.0756825483371366,0.0,0.0,0.0
2023-04-26,0.0509417603201211,0.0,0.0,0.0756825483371366,0.118956043956043,0.0756825483371366,0.0,0.0,0.0
2023-04-26,0.0,0.0,0.0,0.0756825483371366,0.118956043956043,0.0756825483371366,0.0,0.0,0.0
2023-04-26,0.0136093266118999,0.0,0.0,0.0756825483371366,0.118956043956043,0.0756825483371366,0.0,0.0,0.0
2023-04-26,0.0,0.0,0.0,0.0756825483371366,0.118956043956043,0.0756825483371366,0.0,0.0,0.0
2023-04-26,0.0001974650900629,0.0,0.0,0.0756825483371366,0.118956043956043,0.0756825483371366,0.0,0.0,0.0
2023-04-26,0.0037916077125043,0.0,0.0,0.0756825483371366,0.118956043956043,0.0756825483371366,0.0,0.0,0.0
2023-04-26,0.0238871086193861,0.0,0.0,0.0756825483371366,0.118956043956043,0.0756825483371366,0.0,0.0,0.0
2023-04-26,0.0010677232498047,0.0,0.0,0.0756825483371366,0.118956043956043,0.0756825483371366,0.0,0.0007893400955579544,0.0007893400955579544
2023-04-27,0.0635117368702299,0.0,0.0,0.0718118171285143,0.1131868131868127,0.0756825483371366,-0.0038707312086223022,0.0,0.0038707312086223022
2023-04-27,0.0213985150854713,0.0,0.0,0.0718118171285143,0.1131868131868127,0.0718118171285143,0.0,0.0008299040425286898,0.0008299040425286898
2023-04-27,0.0249463275259867,0.0,0.0,0.0718118171285143,0.1131868131868127,0.0718118171285143,0.0,0.0,0.0
2023-04-27,0.0165649563092861,0.0,0.0,0.0718118171285143,0.1131868131868127,0.0718118171285143,0.0,2.421850947471386e-05,2.421850947471386e-05
2023-04-27,0.0373463050134053,0.0,0.0,0.0718118171285143,0.1131868131868127,0.0718118171285143,0.0,0.0,0.0
2023-04-27,0.0320287337020105,0.0,0.0,0.0718118171285143,0.1131868131868127,0.0718118171285143,0.0,0.0,0.0
2023-04-27,0.0155408142943535,0.0,0.0,0.0718118171285143,0.1131868131868127,0.0718118171285143,0.0,0.0,0.0
2023-04-27,0.0170343491825996,0.0,0.0,0.0718118171285143,0.1131868131868127,0.0718118171285143,0.0,0.00013054023374798194,0.00013054023374798194
2023-04-27,0.1411260933027187,0.0,0.0,0.0718118171285143,0.1131868131868127,0.0718118171285143,0.0,0.0,0.0
2023-04-27,0.0498565303006807,0.0,0.0,0.0718118171285143,0.1131868131868127,0.0718118171285143,0.0,0.0,0.0
2023-04-28,0.0783454823545163,0.0,0.0,0.0668529568673164,0.1054945054945069,0.0718118171285143,-0.004958860261197892,0.0,0.004958860261197892
2023-04-28,0.0209633203158681,0.0,0.0,0.0668529568673164,0.1054945054945069,0.0668529568673164,0.0,0.0008299040425286898,0.0008299040425286898
2023-04-28,0.0178780669655355,0.0,0.0,0.0668529568673164,0.1054945054945069,0.0668529568673164,0.0,0.0001434309202563569,0.0001434309202563569
2023-04-28,0.0322129204922999,0.0,0.0,0.0668529568673164,0.1054945054945069,0.0668529568673164,0.0,0.0,0.0
2023-04-28,0.0404745264427046,0.0,0.0,0.0668529568673164,0.1054945054945069,0.0668529568673164,0.0,0.0,0.0
2023-04-28,0.0541813286899796,0.0,0.0,0.0668529568673164,0.1054945054945069,0.0668529568673164,0.0,0.0005743699779788971,0.0005743699779788971
2023-04-28,0.0700201077791978,0.0,0.0,0.0668529568673164,0.1054945054945069,0.0668529568673164,0.0,0.0,0.0
2023-04-28,0.0607464529615641,0.0,0.0,0.0668529568673164,0.1054945054945069,0.0668529568673164,0.0,0.0,0.0
2023-04-28,0.0106578304750702,0.0,0.0,0.0668529568673164,0.1054945054945069,0.0668529568673164,0.0,0.0,0.0
2023-04-28,0.023682361521376,0.0,0.0,0.0668529568673164,0.1054945054945069,0.0668529568673164,0.0,0.0,0.0
2023-04-29,0.0,0.0,0.0,0.0631443874397474,0.0997252747252748,0.0668529568673164,-0.003708569427569003,0.0,0.003708569427569003
2023-04-29,0.0083560930735382,0.0,0.0,0.0631443874397474,0.0997252747252748,0.0631443874397474,0.0,0.0,0.0
2023-04-29,0.0,0.0,0.0,0.0631443874397474,0.0997252747252748,0.0631443874397474,0.0,0.0,0.0
2023-04-29,0.0004324918026847,0.0,0.0,0.0631443874397474,0.0997252747252748,0.0631443874397474,0.0,0.0,0.0
2023-04-29,0.0002279287214612,0.0,0.0,0.0631443874397474,0.0997252747252748,0.0631443874397474,0.0,0.0,0.0
2023-04-29,0.0010176130817462,0.0,0.0,0.0631443874397474,0.0997252747252748,0.0631443874397474,0.0,0.00010146862169536663,0.00010146862169536663
2023-04-29,7.876993027008909e-05,0.0,0.0,0.0631443874397474,0.0997252747252748,0.0631443874397474,0.0,0.00013423940249258882,0.00013423940249258882
2023-04-29,1.942236596267267e-06,0.0,0.0,0.0631443874397474,0.0997252747252748,0.0631443874397474,0.0,0.0,0.0
2023-04-29,0.0,0.0,0.0,0.0631443874397474,0.0997252747252748,0.0631443874397474,0.0,0.0,0.0
2023-04-29,0.0,0.0,0.0,0.0631443874397474,0.0997252747252748,0.0631443874397474,0.0,0.0,0.0
2023-04-30,0.015031689912804,0.0,0.0,0.0590574405230539,0.0934065934065948,0.0631443874397474,-0.0040869469166935,0.0,0.0040869469166935
2023-04-30,0.0002109147903664,0.0,0.0,0.0590574405230539,0.0934065934065948,0.0590574405230539,0.0,0.0,0.0
2023-04-30,0.0017436585034795,0.0,0.0,0.0590574405230539,0.0934065934065948,0.0590574405230539,0.0,3.4077475728612475e-05,3.4077475728612475e-05
2023-04-30,0.0124842141330909,0.0,0.0,0.0590574405230539,0.0934065934065948,0.0590574405230539,0.0,0.0,0.0
2023-04-30,0.0152397635362549,0.0,0.0,0.0590574405230539,0.0934065934065948,0.0590574405230539,0.0,0.0,0.0
2023-04-30,0.0070822371823021,0.0,0.0,0.0590574405230539,0.0934065934065948,0.0590574405230539,0.0,0.0,0.0
2023-04-30,0.0041793868100329,0.0,0.0,0.0590574405230539,0.0934065934065948,0.0590574405230539,0.0,0.0,0.0
2023-04-30,0.0029733373090989,0.0,0.0,0.0590574405230539,0.0934065934065948,0.0590574405230539,0.0,0.0,0.0
2023-04-30,0.0157583119199719,0.0,0.0,0.0590574405230539,0.0934065934065948,0.0590574405230539,0.0,0.0,0.0
2023-04-30,0.0339808819675001,0.0,0.0,0.0590574405230539,0.0934065934065948,0.0590574405230539,0.0,1.31609561434598e-06,1.31609561434598e-06
2023-05-01,0.078160471042982,0.0,0.0,0.0550245475333782,0.0873626373626379,0.0590574405230539,-0.004032892989675699,0.0,0.004032892989675699
2023-05-01,0.0718882477828131,0.0,0.0,0.0550245475333782,0.0873626373626379,0.0550245475333782,0.0,0.0,0.0
2023-05-01,0.0247688973477871,0.0,0.0,0.0550245475333782,0.0873626373626379,0.0550245475333782,0.0,0.0,0.0
2023-05-01,0.0300468164515817,0.0,0.0,0.0550245475333782,0.0873626373626379,0.0550245475333782,0.0,0.0,0.0
2023-05-01,0.0449887887583416,0.0,0.0,0.0550245475333782,0.0873626373626379,0.0550245475333782,0.0,0.0,0.0
2023-05-01,0.0550154655280118,0.0,0.0,0.0550245475333782,0.0873626373626379,0.0550245475333782,0.0,1.1985870773511507e-05,1.1985870773511507e-05
2023-05-01,0.0042625580848734,0.0,0.0,0.0550245475333782,0.0873626373626379,0.0550245475333782,0.0,0.0,0.0
2023-05-01,0.0060923159490283,0.0,0.0,0.0550245475333782,0.0873626373626379,0.0550245475333782,0.0,0.0,0.0
2023-05-01,0.0276139139899766,0.0,0.0,0.0550245475333782,0.0873626373626379,0.0550245475333782,0.0,0.0,0.0
2023-05-01,0.0018224139929005,0.0,0.0,0.0550245475333782,0.0873626373626379,0.0550245475333782,0.0,2.0446485437167484e-05,2.0446485437167484e-05
2023-05-02,0.0162002077986754,0.0,0.0,0.0514804900576026,0.0818681318681324,0.0550245475333782,-0.0035440574757756027,0.0,0.0035440574757756027
2023-05-02,0.053721859589741,0.0,0.0,0.0514804900576026,0.0818681318681324,0.0514804900576026,0.0,0.0,0.0
2023-05-02,0.0772606151666631,0.0,0.0,0.0514804900576026,0.0818681318681324,0.0514804900576026,0.0,0.0,0.0
2023-05-02,0.0224518318599228,0.0,0.0,0.0514804900576026,0.0818681318681324,0.0514804900576026,0.0,0.0,0.0
2023-05-02,0.0773993128260483,0.0,0.0,0.0514804900576026,0.0818681318681324,0.0514804900576026,0.0,0.0,0.0
2023-05-02,0.0941635549598638,0.0,0.0,0.0514804900576026,0.0818681318681324,0.0514804900576026,0.0,0.0,0.0
2023-05-02,0.0447089687046949,0.0,0.0,0.0514804900576026,0.0818681318681324,0.0514804900576026,0.0,0.0,0.0
2023-05-02,0.038411071483423,0.0,0.0,0.0514804900576026,0.0818681318681324,0.0514804900576026,0.0,0.0,0.0
2023-05-02,0.0546040426178482,0.0,0.0,0.0514804900576026,0.0818681318681324,0.0514804900576026,0.0,1.1985870773511507e-05,1.1985870773511507e-05
2023-05-02,0.051913280934103,0.0,0.0,0.0514804900576026,0.0818681318681324,0.0514804900576026,0.0,3.6686165249906e-05,3.6686165249906e-05
2023-05-03,0.1012348605528987,0.0,0.0,0.0490809657321604,0.0780219780219795,0.0514804900576026,-0.002399524325442201,0.0,0.002399524325442201
2023-05-03,0.0566795419379978,0.0,0.0,0.0490809657321604,0.0780219780219795,0.0490809657321604,0.0,0.00015581632005564914,0.00015581632005564914
2023-05-03,0.0528644705839031,0.0,0.0,0.0490809657321604,0.0780219780219795,0.0490809657321604,0.0,0.0,0.0
2023-05-03,0.2030883487701336,0.0,0.0,0.0490809657321604,0.0780219780219795,0.0490809657321604,0.0,0.0,0.0
2023-05-03,0.1420881522921426,0.0,0.0,0.0490809657321604,0.0780219780219795,0.0490809657321604,0.0,0.0,0.0
2023-05-03,0.088615313849017,0.0,0.0,0.0490809657321604,0.0780219780219795,0.0490809657321604,0.0,0.0,0.0
2023-05-03,0.1594902598992773,0.0,0.0,0.0490809657321604,0.0780219780219795,0.0490809657321604,0.0,0.0,0.0
2023-05-03,0.0758365037164524,0.0,0.0,0.0490809657321604,0.0780219780219795,0.0490809657321604,0.0,0.0,0.0
2023-05-03,0.0055176691405464,0.0,0.0,0.0490809657321604,0.0780219780219795,0.0490809657321604,0.0,5.452396116578002e-06,5.452396116578002e-06
2023-05-03,0.1143794145119107,0.0,0.0,0.0490809657321604,0.0780219780219795,0.0490809657321604,0.0,0.0,0.0
2023-05-04,0.0254924484269859,0.0,0.0,0.0478823786548092,0.0763736263736269,0.0490809657321604,-0.0011985870773511959,0.0,0.0011985870773511959
2023-05-04,0.0683937215496238,0.0,0.0,0.0478823786548092,0.0763736263736269,0.0478823786548092,0.0,0.0,0.0
2023-05-04,0.0380927358524237,0.0,0.0,0.0478823786548092,0.0763736263736269,0.0478823786548092,0.0,0.0,0.0
2023-05-04,0.0243583587712035,0.0,0.0,0.0478823786548092,0.0763736263736269,0.0478823786548092,0.0,0.0,0.0
2023-05-04,0.0756124210114419,0.0,0.0,0.0478823786548092,0.0763736263736269,0.0478823786548092,0.0,0.0,0.0
2023-05-04,0.1002765842593845,0.0,0.0,0.0478823786548092,0.0763736263736269,0.0478823786548092,0.0,0.0,0.0
2023-05-04,0.0149543563779963,0.0,0.0,0.0478823786548092,0.0763736263736269,0.0478823786548092,0.0,0.0,0.0
2023-05-04,0.0924216345284101,0.0,0.0,0.0478823786548092,0.0763736263736269,0.0478823786548092,0.0,0.0,0.0
2023-05-04,0.0921071310613283,0.0,0.0,0.0478823786548092,0.0763736263736269,0.0478823786548092,0.0,0.0,0.0
2023-05-04,0.0159181341856582,0.0,0.0,0.0478823786548092,0.0763736263736269,0.0478823786548092,0.0,0.0,0.0
2023-05-05,0.0008475821801896,0.0,0.0,0.0470104653103047,0.075000000000001,0.0478823786548092,-0.0008719133445045033,0.0,0.0008719133445045033
2023-05-05,0.0018562100071421,0.0,0.0,0.0470104653103047,0.075000000000001,0.0470104653103047,0.0,0.0,0.0
2023-05-05,0.0002636402757739,0.0,0.0,0.0470104653103047,0.075000000000001,0.0470104653103047,0.0,3.324316511594601e-05,3.324316511594601e-05
2023-05-05,0.0105324186937527,0.0,0.0,0.0470104653103047,0.075000000000001,0.0470104653103047,0.0,5.452396116578002e-06,5.452396116578002e-06
2023-05-05,0.0004631647281168,0.0,0.0,0.0470104653103047,0.075000000000001,0.0470104653103047,0.0,0.0,0.0
2023-05-05,0.003188539401588,0.0,0.0,0.0470104653103047,0.075000000000001,0.0470104653103047,0.0,0.0,0.0
2023-05-05,0.0077766101788109,0.0,0.0,0.0470104653103047,0.075000000000001,0.0470104653103047,0.0,0.0,0.0
2023-05-05,0.0027640360318261,0.0,0.0,0.0470104653103047,0.075000000000001,0.0470104653103047,0.0,0.0,0.0
2023-05-05,0.0020138345200944,0.0,0.0,0.0470104653103047,0.075000000000001,0.0470104653103047,0.0,0.0,0.0
2023-05-05,0.000382415626132,0.0,0.0,0.0470104653103047,0.075000000000001,0.0470104653103047,0.0,0.0,0.0
2023-05-06,0.0004521763677276,0.0,0.0,0.0453747464753313,0.0725274725274722,0.0470104653103047,-0.0016357188349733973,0.0,0.0016357188349733973
2023-05-06,2.51624509901973e-06,0.0,0.0,0.0453747464753313,0.0725274725274722,0.0453747464753313,0.0,0.0,0.0
2023-05-06,0.0,0.0,0.0,0.0453747464753313,0.0725274725274722,0.0453747464753313,0.0,0.0,0.0
2023-05-06,0.0001124488791507,0.0,0.0,0.0453747464753313,0.0725274725274722,0.0453747464753313,0.0,0.0,0.0
2023-05-06,0.0064487526000894,0.0,0.0,0.0453747464753313,0.0725274725274722,0.0453747464753313,0.0,0.0,0.0
2023-05-06,0.0001599281239018,0.0,0.0,0.0453747464753313,0.0725274725274722,0.0453747464753313,0.0,1.910688811542202e-05,1.910688811542202e-05
2023-05-06,2.6882813896234034e-06,0.0,0.0,0.0453747464753313,0.0725274725274722,0.0453747464753313,0.0,0.0,0.0
2023-05-06,0.0,0.0,0.0,0.0453747464753313,0.0725274725274722,0.0453747464753313,0.0,0.0,0.0
2023-05-06,0.000120504123876,0.0,0.0,0.0453747464753313,0.0725274725274722,0.0453747464753313,0.0,0.0,0.0
2023-05-06,0.0007299431625322,0.0,0.0,0.0453747464753313,0.0725274725274722,0.0453747464753313,0.0,0.0,0.0
2023-05-07,0.0005818959710545,0.0,0.0,0.0428671142958535,0.0686813186813193,0.0453747464753313,-0.0025076321794778034,0.0,0.0025076321794778034
2023-05-07,0.04603063961313,0.0,0.0,0.0428671142958535,0.0686813186813193,0.0428671142958535,0.0,1.1985870773511507e-05,1.1985870773511507e-05
2023-05-07,0.0508277542353948,0.0,0.0,0.0428671142958535,0.0686813186813193,0.0428671142958535,0.0,3.1891816940500006e-05,3.1891816940500006e-05
2023-05-07,0.0255176160291285,0.0,0.0,0.0428671142958535,0.0686813186813193,0.0428671142958535,0.0,0.0,0.0
2023-05-07,0.0058464534531519,0.0,0.0,0.0428671142958535,0.0686813186813193,0.0428671142958535,0.0,0.0,0.0
2023-05-07,0.071720664132769,0.0,0.0,0.0428671142958535,0.0686813186813193,0.0428671142958535,0.0,0.002558654386241161,0.002558654386241161
2023-05-07,0.1065559110502361,0.0,0.0,0.0428671142958535,0.0686813186813193,0.0428671142958535,0.0,0.0,0.0
2023-05-07,0.0199254279217655,0.0,0.0,0.0428671142958535,0.0686813186813193,0.0428671142958535,0.0,0.0019857767666820996,0.0019857767666820996
2023-05-07,0.0107593529371174,0.0,0.0,0.0428671142958535,0.0686813186813193,0.0428671142958535,0.0,0.0,0.0
2023-05-07,0.0061757796676694,0.0,0.0,0.0428671142958535,0.0686813186813193,0.0428671142958535,0.0,0.0,0.0
2023-05-08,0.032006971536897,0.0,0.0,0.0392713530638,0.0631868131868138,0.0428671142958535,-0.0035957612320534973,0.0,0.0035957612320534973
2023-05-08,0.0277274143948814,0.0,0.0,0.0392713530638,0.0631868131868138,0.0392713530638,0.0,0.0,0.0
2023-05-08,0.0010848489087176,0.0,0.0,0.0392713530638,0.0631868131868138,0.0392713530638,0.0,0.0001109045572160832,0.0001109045572160832
2023-05-08,0.0193424999498579,0.0,0.0,0.0392713530638,0.0631868131868138,0.0392713530638,0.0,0.0,0.0
2023-05-08,0.0340316608330873,0.0,0.0,0.0392713530638,0.0631868131868138,0.0392713530638,0.0,0.0,0.0
2023-05-08,0.0259240765955899,0.0,0.0,0.0392713530638,0.0631868131868138,0.0392713530638,0.0,0.0,0.0
2023-05-08,0.0106389100638325,0.0,0.0,0.0392713530638,0.0631868131868138,0.0392713530638,0.0,0.0,0.0
2023-05-08,0.0099168525409433,0.0,0.0,0.0392713530638,0.0631868131868138,0.0392713530638,0.0,0.0,0.0
2023-05-08,0.0470692109142099,0.0,0.0,0.0392713530638,0.0631868131868138,0.0392713530638,0.0,0.0,0.0
2023-05-08,0.0218707168842307,0.0,0.0,0.0392713530638,0.0631868131868138,0.0392713530638,0.0,0.014611199503643958,0.014611199503643958
2023-05-09,0.0399294764507037,0.0,0.0,0.0354546757821955,0.0571428571428569,0.0392713530638,-0.003816677281604501,0.0,0.003816677281604501
2023-05-09,0.1116501301971228,0.0,0.0,0.0354546757821955,0.0571428571428569,0.0354546757821955,0.0,2.9964676933790303e-06,2.9964676933790303e-06
2023-05-09,0.089964700944442,0.0,0.0,0.0354546757821955,0.0571428571428569,0.0354546757821955,0.0,0.0,0.0
2023-05-09,0.0487965430427635,0.0,0.0,0.0354546757821955,0.0571428571428569,0.0354546757821955,0.0,0.0,0.0
2023-05-09,0.0472014244249345,0.0,0.0,0.0354546757821955,0.0571428571428569,0.0354546757821955,0.0,0.0,0.0
2023-05-09,0.0832462632983079,0.0,0.0,0.0354546757821955,0.0571428571428569,0.0354546757821955,0.0,0.0,0.0
2023-05-09,0.0029857645022589,0.0,0.0,0.0354546757821955,0.0571428571428569,0.0354546757821955,0.0,0.0,0.0
2023-05-09,0.0440536998921363,0.0,0.0,0.0354546757821955,0.0571428571428569,0.0354546757821955,0.0,0.0,0.0
2023-05-09,0.0511658265651662,0.0,0.0,0.0354546757821955,0.0571428571428569,0.0354546757821955,0.0,0.0,0.0
2023-05-09,0.0856306969584493,0.0,0.0,0.0354546757821955,0.0571428571428569,0.0354546757821955,0.0,5.6392346904001725e-05,5.6392346904001725e-05
2023-05-10,0.0014959816219321,0.0,0.0,0.0315298906465554,0.0510989010989018,0.0354546757821955,-0.003924785135640103,0.0,0.003924785135640103
2023-05-10,0.0,0.0,0.0,0.0315298906465554,0.0510989010989018,0.0315298906465554,0.0,0.0,0.0
2023-05-10,0.0003835833964515,0.0,0.0,0.0315298906465554,0.0510989010989018,0.0315298906465554,0.0,6.852594269545199e-05,6.852594269545199e-05
2023-05-10,0.0017365737921255,0.0,0.0,0.0315298906465554,0.0510989010989018,0.0315298906465554,0.0,0.0,0.0
2023-05-10,0.0008890245250887,0.0,0.0,0.0315298906465554,0.0510989010989018,0.0315298906465554,0.0,0.0,0.0
2023-05-10,0.0009203684843682,0.0,0.0,0.0315298906465554,0.0510989010989018,0.0315298906465554,0.0,9.494186181197404e-05,9.494186181197404e-05
2023-05-10,0.0050105694519876,0.0,0.0,0.0315298906465554,0.0510989010989018,0.0315298906465554,0.0,0.0,0.0
2023-05-10,0.0031496468446014,0.0,0.0,0.0315298906465554,0.0510989010989018,0.0315298906465554,0.0,0.0,0.0
2023-05-10,0.0012738365906813,0.0,0.0,0.0315298906465554,0.0510989010989018,0.0315298906465554,0.0,0.0,0.0
2023-05-10,0.0032756994042015,0.0,0.0,0.0315298906465554,0.0510989010989018,0.0315298906465554,0.0,0.0,0.0
2023-05-11,0.0,0.0,0.0,0.0265169764583396,0.0434065934065923,0.0315298906465554,-0.005012914188215797,0.0,0.005012914188215797
2023-05-11,0.0,0.0,0.0,0.0265169764583396,0.0434065934065923,0.0265169764583396,0.0,0.0,0.0
2023-05-11,0.0,0.0,0.0,0.0265169764583396,0.0434065934065923,0.0265169764583396,0.0,0.0,0.0
2023-05-11,0.0,0.0,0.0,0.0265169764583396,0.0434065934065923,0.0265169764583396,0.0,0.0,0.0
2023-05-11,0.0,0.0,0.0,0.0265169764583396,0.0434065934065923,0.0265169764583396,0.0,0.0,0.0
2023-05-11,0.0,0.0,0.0,0.0265169764583396,0.0434065934065923,0.0265169764583396,0.0,0.0,0.0
2023-05-11,0.0,0.0,0.0,0.0265169764583396,0.0434065934065923,0.0265169764583396,0.0,0.0,0.0
2023-05-11,0.0,0.0,0.0,0.0265169764583396,0.0434065934065923,0.0265169764583396,0.0,0.0,0.0
2023-05-11,0.0,0.0,0.0,0.0265169764583396,0.0434065934065923,0.0265169764583396,0.0,0.0,0.0
2023-05-11,0.0,0.0,0.0,0.0265169764583396,0.0434065934065923,0.0265169764583396,0.0,0.0,0.0
2023-05-12,0.0,0.0,0.0,0.021990547613284,0.0365384615384609,0.0265169764583396,-0.004526428845055601,0.0,0.004526428845055601
2023-05-12,0.0,0.0,0.0,0.021990547613284,0.0365384615384609,0.021990547613284,0.0,0.0,0.0
2023-05-12,0.0,0.0,0.0,0.021990547613284,0.0365384615384609,0.021990547613284,0.0,0.0,0.0
2023-05-12,0.0,0.0,0.0,0.021990547613284,0.0365384615384609,0.021990547613284,0.0,0.0,0.0
2023-05-12,0.0,0.0,0.0,0.021990547613284,0.0365384615384609,0.021990547613284,0.0,0.0,0.0
2023-05-12,0.0,0.0,0.0,0.021990547613284,0.0365384615384609,0.021990547613284,0.0,0.0,0.0
2023-05-12,0.0,0.0,0.0,0.021990547613284,0.0365384615384609,0.021990547613284,0.0,0.0,0.0
2023-05-12,0.0,0.0,0.0,0.021990547613284,0.0365384615384609,0.021990547613284,0.0,0.0,0.0
2023-05-12,0.0,0.0,0.0,0.021990547613284,0.0365384615384609,0.021990547613284,0.0,0.0,0.0
2023-05-12,0.0,0.0,0.0,0.021990547613284,0.0365384615384609,0.021990547613284,0.0,0.0,0.0
2023-05-13,0.0,0.0,0.0,0.0173583610849327,0.0293956043956047,0.021990547613284,-0.0046321865283513,0.0,0.0046321865283513
2023-05-13,0.0,0.0,0.0,0.0173583610849327,0.0293956043956047,0.0173583610849327,0.0,0.0,0.0
2023-05-13,0.0,0.0,0.0,0.0173583610849327,0.0293956043956047,0.0173583610849327,0.0,0.0,0.0
2023-05-13,0.0,0.0,0.0,0.0173583610849327,0.0293956043956047,0.0173583610849327,0.0,0.0,0.0
2023-05-13,0.0,0.0,0.0,0.0173583610849327,0.0293956043956047,0.0173583610849327,0.0,0.0,0.0
2023-05-13,0.0,0.0,0.0,0.0173583610849327,0.0293956043956047,0.0173583610849327,0.0,0.0,0.0
2023-05-13,0.0,0.0,0.0,0.0173583610849327,0.0293956043956047,0.0173583610849327,0.0,0.0,0.0
2023-05-13,0.0,0.0,0.0,0.0173583610849327,0.0293956043956047,0.0173583610849327,0.0,0.0,0.0
2023-05-13,0.0,0.0,0.0,0.0173583610849327,0.0293956043956047,0.0173583610849327,0.0,0.0,0.0
2023-05-13,0.0,0.0,0.0,0.0173583610849327,0.0293956043956047,0.0173583610849327,0.0,0.0,0.0
2023-05-14,0.0013432685755629,0.0,0.0,0.014086923414986,0.0244505494505489,0.0173583610849327,-0.003271437669946699,0.0,0.003271437669946699
2023-05-14,0.0007692681628309,0.0,0.0,0.014086923414986,0.0244505494505489,0.014086923414986,0.0,0.0,0.0
2023-05-14,0.0009850847085026,0.0,0.0,0.014086923414986,0.0244505494505489,0.014086923414986,0.0,0.0014397733495338377,0.0014397733495338377
2023-05-14,0.0005042278431416,0.0,0.0,0.014086923414986,0.0244505494505489,0.014086923414986,0.0,0.0,0.0
2023-05-14,0.0047273743707334,0.0,0.0,0.014086923414986,0.0244505494505489,0.014086923414986,0.0,0.0,0.0
2023-05-14,0.0126820489999856,0.0,0.0,0.014086923414986,0.0244505494505489,0.014086923414986,0.0,0.00011057553331249095,0.00011057553331249095
2023-05-14,0.0030312570295348,0.0,0.0,0.014086923414986,0.0244505494505489,0.014086923414986,0.0,3.2667373284665185e-06,3.2667373284665185e-06
2023-05-14,0.0064482464187084,0.0,0.0,0.014086923414986,0.0244505494505489,0.014086923414986,0.0,0.0,0.0
2023-05-14,0.0025475404612429,0.0,0.0,0.014086923414986,0.0244505494505489,0.014086923414986,0.0,0.00017988206843226655,0.00017988206843226655
2023-05-14,0.0001023968471252,0.0,0.0,0.014086923414986,0.0244505494505489,0.014086923414986,0.0,6.949790616574366e-06,6.949790616574366e-06
2023-05-15,0.0034254456253586,0.0,0.0,0.010380704158157,0.0186813186813186,0.014086923414986,-0.0037062192568289992,0.0,0.0037062192568289992
2023-05-15,0.0,0.0,0.0,0.010380704158157,0.0186813186813186,0.010380704158157,0.0,0.0,0.0
2023-05-15,0.003154668312011,0.0,0.0,0.010380704158157,0.0186813186813186,0.010380704158157,0.0,0.0,0.0
2023-05-15,0.0008694477018208,0.0,0.0,0.010380704158157,0.0186813186813186,0.010380704158157,0.0,0.0,0.0
2023-05-15,0.003818119085611,0.0,0.0,0.010380704158157,0.0186813186813186,0.010380704158157,0.0,0.0,0.0
2023-05-15,0.0010460205784683,0.0,0.0,0.010380704158157,0.0186813186813186,0.010380704158157,0.0,0.0,0.0
2023-05-15,0.0004231101958572,0.0,0.0,0.010380704158157,0.0186813186813186,0.010380704158157,0.0,0.0,0.0
2023-05-15,0.0026232382964012,0.0,0.0,0.010380704158157,0.0186813186813186,0.010380704158157,0.0,0.0,0.0
2023-05-15,0.0027422945919677,0.0,0.0,0.010380704158157,0.0186813186813186,0.010380704158157,0.0,0.0,0.0
2023-05-15,0.0030170198542612,0.0,0.0,0.010380704158157,0.0186813186813186,0.010380704158157,0.0,0.0,0.0
2023-05-16,0.0042915959016831,0.0,0.0,0.0064559190225169,0.0126373626373617,0.010380704158157,-0.003924785135640101,0.0,0.003924785135640101
2023-05-16,0.0001487858104781,0.0,0.0,0.0064559190225169,0.0126373626373617,0.0064559190225169,0.0,2.6721441312711967e-05,2.6721441312711967e-05
2023-05-16,0.0015781206654733,0.0,0.0,0.0064559190225169,0.0126373626373617,0.0064559190225169,0.0,0.0,0.0
2023-05-16,9.68118897304819e-05,0.0,0.0,0.0064559190225169,0.0126373626373617,0.0064559190225169,0.0,0.0,0.0
2023-05-16,3.109203945949905e-05,0.0,0.0,0.0064559190225169,0.0126373626373617,0.0064559190225169,0.0,0.0,0.0
2023-05-16,0.0,0.0,0.0,0.0064559190225169,0.0126373626373617,0.0064559190225169,0.0,0.0,0.0
2023-05-16,0.0,0.0,0.0,0.0064559190225169,0.0126373626373617,0.0064559190225169,0.0,0.0,0.0
2023-05-16,0.0021265297883542,0.0,0.0,0.0064559190225169,0.0126373626373617,0.0064559190225169,0.0,0.0,0.0
2023-05-16,3.2085010843975256e-05,0.0,0.0,0.0064559190225169,0.0126373626373617,0.0064559190225169,0.0,0.0,0.0
2023-05-16,0.0005051313552754,0.0,0.0,0.0064559190225169,0.0126373626373617,0.0064559190225169,0.0,0.0,0.0
2023-05-17,0.0,0.0,0.0,0.0038942329160213,0.0079670329670342,0.0064559190225169,-0.0025616861064955997,0.0,0.0025616861064955997
2023-05-17,0.0,0.0,0.0,0.0038942329160213,0.0079670329670342,0.0038942329160213,0.0,0.0,0.0
2023-05-17,0.0,0.0,0.0,0.0038942329160213,0.0079670329670342,0.0038942329160213,0.0,0.0,0.0
2023-05-17,0.0,0.0,0.0,0.0038942329160213,0.0079670329670342,0.0038942329160213,0.0,0.0,0.0
2023-05-17,0.0,0.0,0.0,0.0038942329160213,0.0079670329670342,0.0038942329160213,0.0,0.0,0.0
2023-05-17,0.0004388813761868,0.0,0.0,0.0038942329160213,0.0079670329670342,0.0038942329160213,0.0,0.0,0.0
2023-05-17,0.0025252220469024,0.0,0.0,0.0038942329160213,0.0079670329670342,0.0038942329160213,0.0,4.7230038405146034e-05,4.7230038405146034e-05
2023-05-17,0.0020371438582363,0.0,0.0,0.0038942329160213,0.0079670329670342,0.0038942329160213,0.0,0.0,0.0
2023-05-17,0.0,0.0,0.0,0.0038942329160213,0.0079670329670342,0.0038942329160213,0.0,0.0,0.0
2023-05-17,0.0,0.0,0.0,0.0038942329160213,0.0079670329670342,0.0038942329160213,0.0,0.0,0.0
2023-05-18,0.0066342249655207,0.0,0.0,0.0015088096150184,0.0030219780219784,0.0038942329160213,-0.0023854233010029,0.0,0.0023854233010029
2023-05-18,0.0006299576728761,0.0,0.0,0.0015088096150184,0.0030219780219784,0.0015088096150184,0.0,0.0,0.0
2023-05-18,0.03154409167632,0.0,0.0,0.0015088096150184,0.0030219780219784,0.0015088096150184,0.0,0.0002947936667598883,0.0002947936667598883
2023-05-18,0.0111893285577369,0.0,0.0,0.0015088096150184,0.0030219780219784,0.0015088096150184,0.0,0.0,0.0
2023-05-18,0.0004823282893375,0.0,0.0,0.0015088096150184,0.0030219780219784,0.0015088096150184,0.0,0.0,0.0
2023-05-18,0.0007485697886364,0.0,0.0,0.0015088096150184,0.0030219780219784,0.0015088096150184,0.0,0.0,0.0
2023-05-18,6.416472548992679e-05,0.0,0.0,0.0015088096150184,0.0030219780219784,0.0015088096150184,0.0,0.00022238294778782086,0.00022238294778782086
2023-05-18,3.064241434301781e-05,0.0,0.0,0.0015088096150184,0.0030219780219784,0.0015088096150184,0.0,4.650824687969312e-06,4.650824687969312e-06
2023-05-18,0.0027648962410683,0.0,0.0,0.0015088096150184,0.0030219780219784,0.0015088096150184,0.0,0.0,0.0
2023-05-18,0.0037776485103597,0.0,0.0,0.0015088096150184,0.0030219780219784,0.0015088096150184,0.0,0.0,0.0
2023-05-19,0.0043848910596698,0.0,0.0,8.460614663652333e-05,0.0002747252747248,0.0015088096150184,-0.0014242034683818767,0.0,0.0014242034683818767
2023-05-19,0.0,0.0,0.0,8.460614663652333e-05,0.0002747252747248,8.460614663652333e-05,0.0,1.0812855194804276e-05,1.0812855194804276e-05
2023-05-19,0.0010876287972529,0.0,0.0,8.460614663652333e-05,0.0002747252747248,8.460614663652333e-05,0.0,0.00010054030425310514,0.00010054030425310514
2023-05-19,0.0035565278894678,0.0,0.0,8.460614663652333e-05,0.0002747252747248,8.460614663652333e-05,0.0,0.0,0.0
2023-05-19,0.003907476683035,0.0,0.0,8.460614663652333e-05,0.0002747252747248,8.460614663652333e-05,0.0,0.0,0.0
2023-05-19,0.0,0.0,0.0,8.460614663652333e-05,0.0002747252747248,8.460614663652333e-05,0.0,1.0812855194804276e-05,1.0812855194804276e-05
2023-05-19,0.0010201473301229,0.0,0.0,8.460614663652333e-05,0.0002747252747248,8.460614663652333e-05,0.0,0.0,0.0
2023-05-19,0.0019221100799693,0.0,0.0,8.460614663652333e-05,0.0002747252747248,8.460614663652333e-05,0.0,0.0,0.0
2023-05-19,0.0,0.0,0.0,8.460614663652333e-05,0.0002747252747248,8.460614663652333e-05,0.0,1.0812855194804276e-05,1.0812855194804276e-05
2023-05-19,0.0012977197611023,0.0,0.0,8.460614663652333e-05,0.0002747252747248,8.460614663652333e-05,0.0,0.0,0.0
2023-05-20,0.0105372936271429,0.0,0.0,0.0,0.0,8.460614663652333e-05,-8.460614663652333e-05,0.0,8.460614663652333e-05
2023-05-20,0.0,0.0,0.0,0.0,0.0,0.0,0.0,1.280113374597836e-06,1.280113374597836e-06
2023-05-20,0.0018443415384735,0.0,0.0,0.0,0.0,0.0,0.0,0.0,0.0
2023-05-20,0.0002422932311891,0.0,0.0,0.0,0.0,0.0,0.0,1.2016087254453554e-05,1.2016087254453554e-05
2023-05-20,0.0012851822675357,0.0,0.0,0.0,0.0,0.0,0.0,0.0,0.0
2023-05-20,0.0078448644706268,0.0,0.0,0.0,0.0,0.0,0.0,0.0,0.0
2023-05-20,0.0,0.0,0.0,0.0,0.0,0.0,0.0,1.280113374597836e-06,1.280113374597836e-06
2023-05-20,0.000720785317699,0.0,0.0,0.0,0.0,0.0,0.0,3.0216480941595234e-08,3.0216480941595234e-08
2023-05-20,5.0679812992955584e-05,0.0,0.0,0.0,0.0,0.0,0.0,0.0,0.0
2023-05-20,0.0013271519203186,0.0,0.0,0.0,0.0,0.0,0.0,0.0,0.0
2023-05-21,0.0,0.0,0.0,0.0001269092199547,0.0002747252747248,0.0,0.0001269092199547,1.0812855194804276e-05,0.00011609636475989572
2023-05-21,0.0,0.0,0.0,0.0001269092199547,0.0002747252747248,0.0001269092199547,0.0,1.0812855194804276e-05,1.0812855194804276e-05
2023-05-21,0.0034102645325829,0.0,0.0,0.0001269092199547,0.0002747252747248,0.0001269092199547,0.0,0.0,0.0
2023-05-21,0.0,0.0,0.0,0.0001269092199547,0.0002747252747248,0.0001269092199547,0.0,1.0812855194804276e-05,1.0812855194804276e-05
2023-05-21,0.0,0.0,0.0,0.0001269092199547,0.0002747252747248,0.0001269092199547,0.0,1.0812855194804276e-05,1.0812855194804276e-05
2023-05-21,0.0,0.0,0.0,0.0001269092199547,0.0002747252747248,0.0001269092199547,0.0,1.0812855194804276e-05,1.0812855194804276e-05
2023-05-21,0.0,0.0,0.0,0.0001269092199547,0.0002747252747248,0.0001269092199547,0.0,1.0812855194804276e-05,1.0812855194804276e-05
2023-05-21,0.0,0.0,0.0,0.0001269092199547,0.0002747252747248,0.0001269092199547,0.0,1.0812855194804276e-05,1.0812855194804276e-05
2023-05-21,0.0,0.0,0.0,0.0001269092199547,0.0002747252747248,0.0001269092199547,0.0,1.0812855194804276e-05,1.0812855194804276e-05
2023-05-21,0.0,0.0,0.0,0.0001269092199547,0.0002747252747248,0.0001269092199547,0.0,1.0812855194804276e-05,1.0812855194804276e-05
2023-05-22,0.0,0.0,0.0,0.0003783774891245,0.0008241758241762,0.0001269092199547,0.00025146826916980003,2.6614207625355954e-05,0.00022485406154444407
2023-05-22,0.0,0.0,0.0,0.0003783774891245,0.0008241758241762,0.0003783774891245,0.0,2.6614207625355954e-05,2.6614207625355954e-05
2023-05-22,0.0,0.0,0.0,0.0003783774891245,0.0008241758241762,0.0003783774891245,0.0,2.6614207625355954e-05,2.6614207625355954e-05
2023-05-22,0.0,0.0,0.0,0.0003783774891245,0.0008241758241762,0.0003783774891245,0.0,2.6614207625355954e-05,2.6614207625355954e-05
2023-05-22,0.0,0.0,0.0,0.0003783774891245,0.0008241758241762,0.0003783774891245,0.0,2.6614207625355954e-05,2.6614207625355954e-05
2023-05-22,0.0,0.0,0.0,0.0003783774891245,0.0008241758241762,0.0003783774891245,0.0,2.6614207625355954e-05,2.6614207625355954e-05
2023-05-22,0.0,0.0,0.0,0.0003783774891245,0.0008241758241762,0.0003783774891245,0.0,2.6614207625355954e-05,2.6614207625355954e-05
2023-05-22,0.0,0.0,0.0,0.0003783774891245,0.0008241758241762,0.0003783774891245,0.0,2.6614207625355954e-05,2.6614207625355954e-05
2023-05-22,0.0,0.0,0.0,0.0003783774891245,0.0008241758241762,0.0003783774891245,0.0,2.6614207625355954e-05,2.6614207625355954e-05
2023-05-22,0.0,0.0,0.0,0.0003783774891245,0.0008241758241762,0.0003783774891245,0.0,2.6614207625355954e-05,2.6614207625355954e-05
2023-05-23,0.0,0.0,0.0,0.0019271400067214,0.0038461538461529,0.0003783774891245,0.0015487625175969,0.00014691042009615018,0.0014018520975007498
2023-05-23,0.0,0.0,0.0,0.0019271400067214,0.0038461538461529,0.0019271400067214,0.0,0.00014691042009615018,0.00014691042009615018
2023-05-23,0.0,0.0,0.0,0.0019271400067214,0.0038461538461529,0.0019271400067214,0.0,0.00014691042009615018,0.00014691042009615018
2023-05-23,0.0,0.0,0.0,0.0019271400067214,0.0038461538461529,0.0019271400067214,0.0,0.00014691042009615018,0.00014691042009615018
2023-05-23,0.0,0.0,0.0,0.0019271400067214,0.0038461538461529,0.0019271400067214,0.0,0.00014691042009615018,0.00014691042009615018
2023-05-23,0.0003169352739482,0.0,0.0,0.0019271400067214,0.0038461538461529,0.0019271400067214,0.0,1.2079066886811142e-05,1.2079066886811142e-05
2023-05-23,0.0,0.0,0.0,0.0019271400067214,0.0038461538461529,0.0019271400067214,0.0,0.00014691042009615018,0.00014691042009615018
2023-05-23,0.0,0.0,0.0,0.0019271400067214,0.0038461538461529,0.0019271400067214,0.0,0.00014691042009615018,0.00014691042009615018
2023-05-23,0.0,0.0,0.0,0.0019271400067214,0.0038461538461529,0.0019271400067214,0.0,0.00014691042009615018,0.00014691042009615018
2023-05-23,0.0,0.0,0.0,0.0019271400067214,0.0038461538461529,0.0019271400067214,0.0,0.00014691042009615018,0.00014691042009615018
2023-05-24,0.0123369356297881,0.0,0.0,0.0036850677201697,0.0074175824175828,0.0019271400067214,0.0017579277134483,0.0011118775279023488,0.0006460501855459512
2023-05-24,0.0123184603330196,0.0,0.0,0.0036850677201697,0.0074175824175828,0.0036850677201697,0.0,0.0003471789725523393,0.0003471789725523393
2023-05-24,0.0732206773753069,0.0,0.0,0.0036850677201697,0.0074175824175828,0.0036850677201697,0.0,0.00026418269287263997,0.00026418269287263997
2023-05-24,0.0221452401671269,0.0,0.0,0.0036850677201697,0.0074175824175828,0.0036850677201697,0.0,0.0002218913704080558,0.0002218913704080558
2023-05-24,0.095919074062949,0.0,0.0,0.0036850677201697,0.0074175824175828,0.0036850677201697,0.0,0.0006938174058345431,0.0006938174058345431
2023-05-24,0.0377527714901363,0.0,0.0,0.0036850677201697,0.0074175824175828,0.0036850677201697,0.0,3.470027097468649e-05,3.470027097468649e-05
2023-05-24,0.0555199516302799,0.0,0.0,0.0036850677201697,0.0074175824175828,0.0036850677201697,0.0,9.1715413124765e-05,9.1715413124765e-05
2023-05-24,0.0545066105612226,0.0,0.0,0.0036850677201697,0.0074175824175828,0.0036850677201697,0.0,0.00011005849574971799,0.00011005849574971799
2023-05-24,0.0502041882073263,0.0,0.0,0.0036850677201697,0.0074175824175828,0.0036850677201697,0.0,0.000165087743624577,0.000165087743624577
2023-05-24,0.0059946353330318,0.0,0.0,0.0036850677201697,0.0074175824175828,0.0036850677201697,0.0,0.0,0.0
2023-05-25,0.0515554367319996,0.0,0.0,0.0073536842451603,0.0134615384615397,0.0036850677201697,0.0036686165249906,0.002383319898190648,0.0012852966267999522
2023-05-25,0.1235305042011197,0.0,0.0,0.0073536842451603,0.0134615384615397,0.0073536842451603,0.0,0.00010904792233155903,0.00010904792233155903
2023-05-25,0.1615302220600903,0.0,0.0,0.0073536842451603,0.0134615384615397,0.0073536842451603,0.0,0.0,0.0
2023-05-25,0.1989835038861458,0.0,0.0,0.0073536842451603,0.0134615384615397,0.0073536842451603,0.0,0.0,0.0
2023-05-25,0.2538910688826228,0.0,0.0,0.0073536842451603,0.0134615384615397,0.0073536842451603,0.0,0.0,0.0
2023-05-25,0.1627506647125152,0.0,0.0,0.0073536842451603,0.0134615384615397,0.0073536842451603,0.0,0.0,0.0
2023-05-25,0.173206143015546,0.0,0.0,0.0073536842451603,0.0134615384615397,0.0073536842451603,0.0,0.0,0.0
2023-05-25,0.1548859188526671,0.0,0.0,0.0073536842451603,0.0134615384615397,0.0073536842451603,0.0,0.0,0.0
2023-05-25,0.1724136370532356,0.0,0.0,0.0073536842451603,0.0134615384615397,0.0073536842451603,0.0,0.0,0.0
2023-05-25,0.0421344825312736,0.0,0.0,0.0073536842451603,0.0134615384615397,0.0073536842451603,0.0,0.0004756393051955307,0.0004756393051955307
2023-05-26,0.095178950798542,0.0,0.0,0.0118519110413371,0.0208791208791208,0.0073536842451603,0.0044982267961768,0.0031099104349931457,0.0013883163611836543
2023-05-26,0.0216342933702086,0.0,0.0,0.0118519110413371,0.0208791208791208,0.0118519110413371,0.0,0.0,0.0
2023-05-26,0.0692053155775939,0.0,0.0,0.0118519110413371,0.0208791208791208,0.0118519110413371,0.0,0.0,0.0
2023-05-26,0.0537563668208857,0.0,0.0,0.0118519110413371,0.0208791208791208,0.0118519110413371,0.0,1.8343082624953e-05,1.8343082624953e-05
2023-05-26,0.0676480747715814,0.0,0.0,0.0118519110413371,0.0208791208791208,0.0118519110413371,0.0,0.0,0.0
2023-05-26,0.0493390634807142,0.0,0.0,0.0118519110413371,0.0208791208791208,0.0118519110413371,0.0,5.5029247874859e-05,5.5029247874859e-05
2023-05-26,0.0627409236571876,0.0,0.0,0.0118519110413371,0.0208791208791208,0.0118519110413371,0.0,0.0,0.0
2023-05-26,0.0170610544952392,0.0,0.0,0.0118519110413371,0.0208791208791208,0.0118519110413371,0.0,0.00011432405564264372,0.00011432405564264372
2023-05-26,0.0553031212408897,0.0,0.0,0.0118519110413371,0.0208791208791208,0.0118519110413371,0.0,1.1985870773511507e-05,1.1985870773511507e-05
2023-05-26,0.0512117502771107,0.0,0.0,0.0118519110413371,0.0208791208791208,0.0118519110413371,0.0,0.00027514623937429495,0.00027514623937429495
2023-05-27,0.0284871455433275,0.0,0.0,0.0151233487112838,0.0260989010989014,0.0118519110413371,0.003271437669946699,0.0018975748588134795,0.0013738628111332196
2023-05-27,0.0088776486464909,0.0,0.0,0.0151233487112838,0.0260989010989014,0.0151233487112838,0.0,0.0,0.0
2023-05-27,0.0218584181255673,0.0,0.0,0.0151233487112838,0.0260989010989014,0.0151233487112838,0.0,0.0,0.0
2023-05-27,0.0218517324651798,0.0,0.0,0.0151233487112838,0.0260989010989014,0.0151233487112838,0.0,0.0,0.0
2023-05-27,0.012141870051577,0.0,0.0,0.0151233487112838,0.0260989010989014,0.0151233487112838,0.0,3.099875205933599e-05,3.099875205933599e-05
2023-05-27,0.0216998958148714,0.0,0.0,0.0151233487112838,0.0260989010989014,0.0151233487112838,0.0,0.0,0.0
2023-05-27,0.0113081995670287,0.0,0.0,0.0151233487112838,0.0260989010989014,0.0151233487112838,0.0,4.695641138328752e-05,4.695641138328752e-05
2023-05-27,0.0218599843280372,0.0,0.0,0.0151233487112838,0.0260989010989014,0.0151233487112838,0.0,0.0,0.0
2023-05-27,0.0021759336825828,0.0,0.0,0.0151233487112838,0.0260989010989014,0.0151233487112838,0.0,0.0001569796545718991,0.0001569796545718991
2023-05-27,0.0346968357082455,0.0,0.0,0.0151233487112838,0.0260989010989014,0.0151233487112838,0.0,0.0003271437669946698,0.0003271437669946698
2023-05-28,0.0024947378441058,0.0,0.0,0.0170857412791038,0.0291208791208799,0.0151233487112838,0.0019623925678200014,0.0009829589119649215,0.00097943365585508
2023-05-28,0.0047631945370949,0.0,0.0,0.0170857412791038,0.0291208791208799,0.0170857412791038,0.0,1.9623925678199523e-05,1.9623925678199523e-05
2023-05-28,0.0008245488970502,0.0,0.0,0.0170857412791038,0.0291208791208799,0.0170857412791038,0.0,0.0,0.0
2023-05-28,4.808106676572451e-05,0.0,0.0,0.0170857412791038,0.0291208791208799,0.0170857412791038,0.0,0.0,0.0
2023-05-28,0.0002447521798843,0.0,0.0,0.0170857412791038,0.0291208791208799,0.0170857412791038,0.0,3.9156782240230716e-05,3.9156782240230716e-05
2023-05-28,0.001110897181022,0.0,0.0,0.0170857412791038,0.0291208791208799,0.0170857412791038,0.0,0.0,0.0
2023-05-28,0.0073892997744739,0.0,0.0,0.0170857412791038,0.0291208791208799,0.0170857412791038,0.0,0.0,0.0
2023-05-28,0.0032536113473637,0.0,0.0,0.0170857412791038,0.0291208791208799,0.0170857412791038,0.0,0.00011230290880632009,0.00011230290880632009
2023-05-28,0.0211723046332438,0.0,0.0,0.0170857412791038,0.0291208791208799,0.0170857412791038,0.0,0.0,0.0
2023-05-28,0.0280080969351218,0.0,0.0,0.0170857412791038,0.0291208791208799,0.0170857412791038,0.0,0.0004580012737925377,0.0004580012737925377
2023-05-29,0.0002038257900002,0.0,0.0,0.0176850348177794,0.0299450549450561,0.0170857412791038,0.0005992935386755979,0.00036257259089873735,0.00023672094777686057
2023-05-29,0.0012935238709238,0.0,0.0,0.0176850348177794,0.0299450549450561,0.0176850348177794,0.0,0.0,0.0
2023-05-29,0.0003037988301343,0.0,0.0,0.0176850348177794,0.0299450549450561,0.0176850348177794,0.0,0.00012341921640607383,0.00012341921640607383
2023-05-29,0.0,0.0,0.0,0.0176850348177794,0.0299450549450561,0.0176850348177794,0.0,0.0,0.0
2023-05-29,0.0,0.0,0.0,0.0176850348177794,0.0299450549450561,0.0176850348177794,0.0,0.0,0.0
2023-05-29,0.0,0.0,0.0,0.0176850348177794,0.0299450549450561,0.0176850348177794,0.0,0.0,0.0
2023-05-29,0.0,0.0,0.0,0.0176850348177794,0.0299450549450561,0.0176850348177794,0.0,0.0,0.0
2023-05-29,0.0006134389539189,0.0,0.0,0.0176850348177794,0.0299450549450561,0.0176850348177794,0.0,0.0,0.0
2023-05-29,0.004488050682667,0.0,0.0,0.0176850348177794,0.0299450549450561,0.0176850348177794,0.0,0.0,0.0
2023-05-29,0.0023462609143488,0.0,0.0,0.0176850348177794,0.0299450549450561,0.0176850348177794,0.0,0.00013736747974739955,0.00013736747974739955
2023-05-30,0.1090655106448126,0.0,0.0,0.0195933734585817,0.0329670329670328,0.0176850348177794,0.0019083386408023026,0.0013167536621535925,0.0005915849786487101
2023-05-30,0.0419658555369966,0.0,0.0,0.0195933734585817,0.0329670329670328,0.0195933734585817,0.0,1.6357188349733494e-05,1.6357188349733494e-05
2023-05-30,0.0778423849283835,0.0,0.0,0.0195933734585817,0.0329670329670328,0.0195933734585817,0.0,0.00012690921995482765,0.00012690921995482765
2023-05-30,0.0723649387661695,0.0,0.0,0.0195933734585817,0.0329670329670328,0.0195933734585817,0.0,2.5076321794778018e-05,2.5076321794778018e-05
2023-05-30,0.0830483048911892,0.0,0.0,0.0195933734585817,0.0329670329670328,0.0195933734585817,0.0,0.00012634517897725257,0.00012634517897725257
2023-05-30,0.0141496056349998,0.0,0.0,0.0195933734585817,0.0329670329670328,0.0195933734585817,0.0,9.997626327552682e-05,9.997626327552682e-05
2023-05-30,0.1654437321042712,0.0,0.0,0.0195933734585817,0.0329670329670328,0.0195933734585817,0.0,9.541693204011514e-06,9.541693204011514e-06
2023-05-30,0.1419595274307051,0.0,0.0,0.0195933734585817,0.0329670329670328,0.0195933734585817,0.0,9.541693204011514e-06,9.541693204011514e-06
2023-05-30,0.1100866816824331,0.0,0.0,0.0195933734585817,0.0329670329670328,0.0195933734585817,0.0,0.0004961680466085993,0.0004961680466085993
2023-05-30,0.1262777134926965,0.0,0.0,0.0195933734585817,0.0329670329670328,0.0195933734585817,0.0,2.862507961203454e-05,2.862507961203454e-05
2023-05-31,0.0186389939052147,0.0,0.0,0.020519340730104,0.0343406593406587,0.0195933734585817,0.0009259672715222975,0.00076992768524635,0.00015603958627594746
2023-05-31,0.0310025135393586,0.0,0.0,0.020519340730104,0.0343406593406587,0.020519340730104,0.0,0.0001518445315052129,0.0001518445315052129
2023-05-31,0.0738050573052572,0.0,0.0,0.020519340730104,0.0343406593406587,0.020519340730104,0.0,0.00030380657154741915,0.00030380657154741915
2023-05-31,0.0578808018330258,0.0,0.0,0.020519340730104,0.0343406593406587,0.020519340730104,0.0,0.0,0.0
2023-05-31,0.0612607676903775,0.0,0.0,0.020519340730104,0.0343406593406587,0.020519340730104,0.0,0.0,0.0
2023-05-31,0.0366612715415199,0.0,0.0,0.020519340730104,0.0343406593406587,0.020519340730104,0.0,1.6357188349733494e-05,1.6357188349733494e-05
2023-05-31,0.0268518201346625,0.0,0.0,0.020519340730104,0.0343406593406587,0.020519340730104,0.0,4.6603885772301455e-05,4.6603885772301455e-05
2023-05-31,0.1493486114288266,0.0,0.0,0.020519340730104,0.0343406593406587,0.020519340730104,0.0,0.0,0.0
2023-05-31,0.0511550803740078,0.0,0.0,0.020519340730104,0.0343406593406587,0.020519340730104,0.0,3.6686165249906e-05,3.6686165249906e-05
2023-05-31,0.0377779482206633,0.0,0.0,0.020519340730104,0.0343406593406587,0.020519340730104,0.0,1.6357188349733494e-05,1.6357188349733494e-05
2023-06-01,0.380681309473954,0.0,0.0,0.0269517580452219,0.0442307692307704,0.020519340730104,0.0064324173151179,0.003979873137783438,0.0024525441773344614
2023-06-01,0.1846621749750634,0.0,0.0,0.0269517580452219,0.0442307692307704,0.0269517580452219,0.0,0.0,0.0
2023-06-01,0.1519834778085913,0.0,0.0,0.0269517580452219,0.0442307692307704,0.0269517580452219,0.0,0.0,0.0
2023-06-01,0.0890484056301461,0.0,0.0,0.0269517580452219,0.0442307692307704,0.0269517580452219,0.0,0.000137531991699198,0.000137531991699198
2023-06-01,0.0584743796973307,0.0,0.0,0.0269517580452219,0.0442307692307704,0.0269517580452219,0.0,0.0,0.0
2023-06-01,0.1863629776763988,0.0,0.0,0.0269517580452219,0.0442307692307704,0.0269517580452219,0.0,0.0,0.0
2023-06-01,0.1663135388305709,0.0,0.0,0.0269517580452219,0.0442307692307704,0.0269517580452219,0.0,0.0,0.0
2023-06-01,0.0839576254441239,0.0,0.0,0.0269517580452219,0.0442307692307704,0.0269517580452219,0.0,0.00010030528717911207,0.00010030528717911207
2023-06-01,0.1903761034578043,0.0,0.0,0.0269517580452219,0.0442307692307704,0.0269517580452219,0.0,0.0,0.0
2023-06-01,0.1407574825203824,0.0,0.0,0.0269517580452219,0.0442307692307704,0.0269517580452219,0.0,0.0,0.0
2023-06-02,0.0745580582473698,0.0,0.0,0.0319670224041775,0.0519230769230762,0.0269517580452219,0.005015264358955603,0.0030091586153733634,0.00200610574358224
2023-06-02,0.0314118243258859,0.0,0.0,0.0319670224041775,0.0519230769230762,0.0319670224041775,0.0,0.0,0.0
2023-06-02,0.0314381429984474,0.0,0.0,0.0319670224041775,0.0519230769230762,0.0319670224041775,0.0,0.0,0.0
2023-06-02,0.015894997721547,0.0,0.0,0.0319670224041775,0.0519230769230762,0.0319670224041775,0.0,0.0,0.0
2023-06-02,0.037094846521079,0.0,0.0,0.0319670224041775,0.0519230769230762,0.0319670224041775,0.0,0.0,0.0
2023-06-02,0.027905712045448,0.0,0.0,0.0319670224041775,0.0519230769230762,0.0319670224041775,0.0,1.3630990291444486e-05,1.3630990291444486e-05
2023-06-02,0.0294254388180944,0.0,0.0,0.0319670224041775,0.0519230769230762,0.0319670224041775,0.0,9.541693204011194e-05,9.541693204011194e-05
2023-06-02,0.0446634794924567,0.0,0.0,0.0319670224041775,0.0519230769230762,0.0319670224041775,0.0,0.0,0.0
2023-06-02,0.0098252193548388,0.0,0.0,0.0319670224041775,0.0519230769230762,0.0319670224041775,0.0,0.0,0.0
2023-06-02,0.0086099781158443,0.0,0.0,0.0319670224041775,0.0519230769230762,0.0319670224041775,0.0,0.0,0.0
2023-06-03,0.0002932969418682,0.0,0.0,0.0386156554273667,0.0620879120879127,0.0319670224041775,0.006648633023189202,0.004255125134841082,0.0023935078883481195
2023-06-03,0.0053009630525306,0.0,0.0,0.0386156554273667,0.0620879120879127,0.0386156554273667,0.0,0.0,0.0
2023-06-03,2.51624509901973e-06,0.0,0.0,0.0386156554273667,0.0620879120879127,0.0386156554273667,0.0,0.0002396214501650211,0.0002396214501650211
2023-06-03,0.0003087606553324,0.0,0.0,0.0386156554273667,0.0620879120879127,0.0386156554273667,0.0,0.0006519021106883491,0.0006519021106883491
2023-06-03,0.0012561175434102,0.0,0.0,0.0386156554273667,0.0620879120879127,0.0386156554273667,0.0,0.0,0.0
2023-06-03,0.002007943187743,0.0,0.0,0.0386156554273667,0.0620879120879127,0.0386156554273667,0.0,0.0,0.0
2023-06-03,0.0005360586100469,0.0,0.0,0.0386156554273667,0.0620879120879127,0.0386156554273667,0.0,0.00015367766468234103,0.00015367766468234103
2023-06-03,0.0074378500468354,0.0,0.0,0.0386156554273667,0.0620879120879127,0.0386156554273667,0.0,0.0,0.0
2023-06-03,0.0001835057903176,0.0,0.0,0.0386156554273667,0.0620879120879127,0.0386156554273667,0.0,0.00031586294744313597,0.00031586294744313597
2023-06-03,0.000241008247752,0.0,0.0,0.0386156554273667,0.0620879120879127,0.0386156554273667,0.0,0.0008594221870218957,0.0008594221870218957
2023-06-04,0.0,0.0,0.0,0.0425404405630068,0.0681318681318696,0.0386156554273667,0.0039247851356400965,0.0017393339459445029,0.0021854511896955936
2023-06-04,0.0044656647299405,0.0,0.0,0.0425404405630068,0.0681318681318696,0.0425404405630068,0.0,0.0,0.0
2023-06-04,1.890732053272231e-05,0.0,0.0,0.0425404405630068,0.0681318681318696,0.0425404405630068,0.0,5.838999203292122e-05,5.838999203292122e-05
2023-06-04,0.0,0.0,0.0,0.0425404405630068,0.0681318681318696,0.0425404405630068,0.0,0.0017393339459445029,0.0017393339459445029
2023-06-04,0.0063815079707474,0.0,0.0,0.0425404405630068,0.0681318681318696,0.0425404405630068,0.0,0.0,0.0
2023-06-04,0.0018078799296019,0.0,0.0,0.0425404405630068,0.0681318681318696,0.0425404405630068,0.0,0.0,0.0
2023-06-04,7.768947740635492e-07,0.0,0.0,0.0425404405630068,0.0681318681318696,0.0425404405630068,0.0,0.000528864797027503,0.000528864797027503
2023-06-04,0.0004468336520864,0.0,0.0,0.0425404405630068,0.0681318681318696,0.0425404405630068,0.0,0.0,0.0
2023-06-04,9.063710233946914e-06,0.0,0.0,0.0425404405630068,0.0681318681318696,0.0425404405630068,0.0,0.0,0.0
2023-06-04,0.0005609770787362,0.0,0.0,0.0425404405630068,0.0681318681318696,0.0425404405630068,0.0,0.0,0.0
2023-06-05,0.000153993662849,0.0,0.0,0.0446132911556024,0.0711538461538463,0.0425404405630068,0.0020728505925955987,0.0012955316203722492,0.0007773189722233495
2023-06-05,0.0,0.0,0.0,0.0446132911556024,0.0711538461538463,0.0446132911556024,0.0,0.0,0.0
2023-06-05,0.0,0.0,0.0,0.0446132911556024,0.0711538461538463,0.0446132911556024,0.0,0.0,0.0
2023-06-05,6.290613764224144e-06,0.0,0.0,0.0446132911556024,0.0711538461538463,0.0446132911556024,0.0,3.246760877177797e-05,3.246760877177797e-05
2023-06-05,7.406712467121864e-05,0.0,0.0,0.0446132911556024,0.0711538461538463,0.0446132911556024,0.0,0.0005016909478473624,0.0005016909478473624
2023-06-05,0.0039514564510474,0.0,0.0,0.0446132911556024,0.0711538461538463,0.0446132911556024,0.0,0.0,0.0
2023-06-05,0.0050338125002202,0.0,0.0,0.0446132911556024,0.0711538461538463,0.0446132911556024,0.0,0.0,0.0
2023-06-05,0.0030115532913603,0.0,0.0,0.0446132911556024,0.0711538461538463,0.0446132911556024,0.0,0.0,0.0
2023-06-05,0.0,0.0,0.0,0.0446132911556024,0.0711538461538463,0.0446132911556024,0.0,0.0,0.0
2023-06-05,0.0019212706739274,0.0,0.0,0.0446132911556024,0.0711538461538463,0.0446132911556024,0.0,5.02936538339549e-06,5.02936538339549e-06
2023-06-06,0.0560070209359228,0.0,0.0,0.0470104653103047,0.075000000000001,0.0446132911556024,0.0023971741547023015,0.001540184394396232,0.0008569897603060695
2023-06-06,0.0178956158275419,0.0,0.0,0.0470104653103047,0.075000000000001,0.0470104653103047,0.0,4.629836357611487e-06,4.629836357611487e-06
2023-06-06,0.0162614234907626,0.0,0.0,0.0470104653103047,0.075000000000001,0.0470104653103047,0.0,0.0,0.0
2023-06-06,0.0651048017459573,0.0,0.0,0.0470104653103047,0.075000000000001,0.0470104653103047,0.0,2.7708513023469023e-05,2.7708513023469023e-05
2023-06-06,0.0033389450698885,0.0,0.0,0.0470104653103047,0.075000000000001,0.0470104653103047,0.0,0.0,0.0
2023-06-06,0.0696437448547556,0.0,0.0,0.0470104653103047,0.075000000000001,0.0470104653103047,0.0,0.0001569209003034046,0.0001569209003034046
2023-06-06,0.0032832762512351,0.0,0.0,0.0470104653103047,0.075000000000001,0.0470104653103047,0.0,0.0,0.0
2023-06-06,0.0117281887338596,0.0,0.0,0.0470104653103047,0.075000000000001,0.0470104653103047,0.0,0.00010505263207372318,0.00010505263207372318
2023-06-06,0.0421253397562723,0.0,0.0,0.0470104653103047,0.075000000000001,0.0470104653103047,0.0,0.0003356043816583218,0.0003356043816583218
2023-06-06,0.0131502141022207,0.0,0.0,0.0470104653103047,0.075000000000001,0.0470104653103047,0.0,0.0,0.0
2023-06-07,0.0115790708028294,0.0,0.0,0.0481009445336203,0.0766483516483518,0.0470104653103047,0.0010904792233156005,0.0006906446753356788,0.0003998345479799217
2023-06-07,0.0093192471654321,0.0,0.0,0.0481009445336203,0.0766483516483518,0.0481009445336203,0.0,6.542875339893604e-05,6.542875339893604e-05
2023-06-07,0.0004820164961818,0.0,0.0,0.0481009445336203,0.0766483516483518,0.0481009445336203,0.0,0.0,0.0
2023-06-07,0.0175387299715899,0.0,0.0,0.0481009445336203,0.0766483516483518,0.0481009445336203,0.0,5.452396116578002e-06,5.452396116578002e-06
2023-06-07,0.0134882875679568,0.0,0.0,0.0481009445336203,0.0766483516483518,0.0481009445336203,0.0,0.00011450031844813805,0.00011450031844813805
2023-06-07,0.0195396144016537,0.0,0.0,0.0481009445336203,0.0766483516483518,0.0481009445336203,0.0,0.00017061064486334945,0.00017061064486334945
2023-06-07,0.0031171176132843,0.0,0.0,0.0481009445336203,0.0766483516483518,0.0481009445336203,0.0,0.0,0.0
2023-06-07,0.0023857178092273,0.0,0.0,0.0481009445336203,0.0766483516483518,0.0481009445336203,0.0,1.9623925678200015e-05,1.9623925678200015e-05
2023-06-07,0.002645539129723,0.0,0.0,0.0481009445336203,0.0766483516483518,0.0481009445336203,0.0,0.0,0.0
2023-06-07,0.0008792540299762,0.0,0.0,0.0481009445336203,0.0766483516483518,0.0481009445336203,0.0,0.0,0.0
2023-06-08,6.431597552496462e-05,0.0,0.0,0.0508271425919092,0.0807692307692313,0.0481009445336203,0.0027261980582889006,0.0017938148206466922,0.0009323832376422084
2023-06-08,0.0034627995968301,0.0,0.0,0.0508271425919092,0.0807692307692313,0.0508271425919092,0.0,0.0,0.0
2023-06-08,0.0007139082682768,0.0,0.0,0.0508271425919092,0.0807692307692313,0.0508271425919092,0.0,0.0,0.0
2023-06-08,0.0002505557928545,0.0,0.0,0.0508271425919092,0.0807692307692313,0.0508271425919092,0.0,0.0,0.0
2023-06-08,5.839860409807105e-05,0.0,0.0,0.0508271425919092,0.0807692307692313,0.0508271425919092,0.0,0.0004089297087433351,0.0004089297087433351
2023-06-08,0.0,0.0,0.0,0.0508271425919092,0.0807692307692313,0.0508271425919092,0.0,0.0,0.0
2023-06-08,0.0001364506277448,0.0,0.0,0.0508271425919092,0.0807692307692313,0.0508271425919092,0.0,0.0,0.0
2023-06-08,0.000385470090069,0.0,0.0,0.0508271425919092,0.0807692307692313,0.0508271425919092,0.0,0.0,0.0
2023-06-08,0.012336451937254,0.0,0.0,0.0508271425919092,0.0807692307692313,0.0508271425919092,0.0,6.2420534851856e-05,6.2420534851856e-05
2023-06-08,0.0,0.0,0.0,0.0508271425919092,0.0807692307692313,0.0508271425919092,0.0,0.0,0.0
2023-06-09,0.0032732554975492,0.0,0.0,0.0508271425919092,0.0807692307692313,0.0508271425919092,0.0,0.0,0.0
2023-06-09,0.0040204871618335,0.0,0.0,0.0508271425919092,0.0807692307692313,0.0508271425919092,0.0,0.0,0.0
2023-06-09,2.027639178855366e-05,0.0,0.0,0.0508271425919092,0.0807692307692313,0.0508271425919092,0.0,0.0,0.0
2023-06-09,0.0010279591557851,0.0,0.0,0.0508271425919092,0.0807692307692313,0.0508271425919092,0.0,5.8307736057025066e-05,5.8307736057025066e-05
2023-06-09,0.002208185068872,0.0,0.0,0.0508271425919092,0.0807692307692313,0.0508271425919092,0.0,0.0,0.0
2023-06-09,0.0,0.0,0.0,0.0508271425919092,0.0807692307692313,0.0508271425919092,0.0,0.0,0.0
2023-06-09,0.0040540428693927,0.0,0.0,0.0508271425919092,0.0807692307692313,0.0508271425919092,0.0,0.0,0.0
2023-06-09,0.0001223205049408,0.0,0.0,0.0508271425919092,0.0807692307692313,0.0508271425919092,0.0,3.384245865463015e-06,3.384245865463015e-06
2023-06-09,0.0005624627219268,0.0,0.0,0.0508271425919092,0.0807692307692313,0.0508271425919092,0.0,7.256152159454479e-05,7.256152159454479e-05
2023-06-09,0.0014941733593545,0.0,0.0,0.0508271425919092,0.0807692307692313,0.0508271425919092,0.0,0.0,0.0
2023-06-10,0.0,0.0,0.0,0.0508271425919092,0.0807692307692313,0.0508271425919092,0.0,0.0,0.0
2023-06-10,0.0112798391789511,0.0,0.0,0.0508271425919092,0.0807692307692313,0.0508271425919092,0.0,0.00013085750679787207,0.00013085750679787207
2023-06-10,0.0,0.0,0.0,0.0508271425919092,0.0807692307692313,0.0508271425919092,0.0,0.0,0.0
2023-06-10,0.0,0.0,0.0,0.0508271425919092,0.0807692307692313,0.0508271425919092,0.0,0.0,0.0
2023-06-10,0.0006640836292745,0.0,0.0,0.0508271425919092,0.0807692307692313,0.0508271425919092,0.0,0.0,0.0
2023-06-10,0.0102245448933538,0.0,0.0,0.0508271425919092,0.0807692307692313,0.0508271425919092,0.0,0.0,0.0
2023-06-10,0.0,0.0,0.0,0.0508271425919092,0.0807692307692313,0.0508271425919092,0.0,0.0,0.0
2023-06-10,0.0,0.0,0.0,0.0508271425919092,0.0807692307692313,0.0508271425919092,0.0,0.0,0.0
2023-06-10,0.0006338752673009,0.0,0.0,0.0508271425919092,0.0807692307692313,0.0508271425919092,0.0,0.0,0.0
2023-06-10,0.0007951920232821,0.0,0.0,0.0508271425919092,0.0807692307692313,0.0508271425919092,0.0,0.0,0.0
2023-06-11,0.0066842581360507,0.0,0.0,0.0508271425919092,0.0807692307692313,0.0508271425919092,0.0,0.0,0.0
2023-06-11,0.0228381539187457,0.0,0.0,0.0508271425919092,0.0807692307692313,0.0508271425919092,0.0,0.0,0.0
2023-06-11,0.0016935043662684,0.0,0.0,0.0508271425919092,0.0807692307692313,0.0508271425919092,0.0,0.0,0.0
2023-06-11,0.0005177056463704,0.0,0.0,0.0508271425919092,0.0807692307692313,0.0508271425919092,0.0,0.0,0.0
2023-06-11,0.009961902832973,0.0,0.0,0.0508271425919092,0.0807692307692313,0.0508271425919092,0.0,0.0,0.0
2023-06-11,0.0260439370734826,0.0,0.0,0.0508271425919092,0.0807692307692313,0.0508271425919092,0.0,0.0,0.0
2023-06-11,0.0001177910688321,0.0,0.0,0.0508271425919092,0.0807692307692313,0.0508271425919092,0.0,0.0,0.0
2023-06-11,0.0056799872351458,0.0,0.0,0.0508271425919092,0.0807692307692313,0.0508271425919092,0.0,0.0,0.0
2023-06-11,0.0359312848253161,0.0,0.0,0.0508271425919092,0.0807692307692313,0.0508271425919092,0.0,0.0,0.0
2023-06-11,0.0019858423445249,0.0,0.0,0.0508271425919092,0.0807692307692313,0.0508271425919092,0.0,0.0,0.0
2023-06-12,0.0006713375187073,0.0,0.0,0.0508271425919092,0.0807692307692313,0.0508271425919092,0.0,0.0,0.0
2023-06-12,0.0001440096836469,0.0,0.0,0.0508271425919092,0.0807692307692313,0.0508271425919092,0.0,2.0728505925955988e-05,2.0728505925955988e-05
2023-06-12,0.000159421213226,0.0,0.0,0.0508271425919092,0.0807692307692313,0.0508271425919092,0.0,2.0728505925955988e-05,2.0728505925955988e-05
2023-06-12,0.0008103435348873,0.0,0.0,0.0508271425919092,0.0807692307692313,0.0508271425919092,0.0,0.0,0.0
2023-06-12,0.0043116972742572,0.0,0.0,0.0508271425919092,0.0807692307692313,0.0508271425919092,0.0,0.0,0.0
2023-06-12,0.0020780523851438,0.0,0.0,0.0508271425919092,0.0807692307692313,0.0508271425919092,0.0,0.0,0.0
2023-06-12,0.0027866969415463,0.0,0.0,0.0508271425919092,0.0807692307692313,0.0508271425919092,0.0,0.0,0.0
2023-06-12,0.0017402044422827,0.0,0.0,0.0508271425919092,0.0807692307692313,0.0508271425919092,0.0,2.7261980582889978e-05,2.7261980582889978e-05
2023-06-12,0.0021811419931351,0.0,0.0,0.0508271425919092,0.0807692307692313,0.0508271425919092,0.0,0.0,0.0
2023-06-12,3.7104835307119755e-07,0.0,0.0,0.0508271425919092,0.0807692307692313,0.0508271425919092,0.0,0.0,0.0
2023-06-13,0.0013313465586315,0.0,0.0,0.0508271425919092,0.0807692307692313,0.0508271425919092,0.0,0.0,0.0
2023-06-13,0.0006872166427914,0.0,0.0,0.0508271425919092,0.0807692307692313,0.0508271425919092,0.0,0.0,0.0
2023-06-13,0.0001251804213734,0.0,0.0,0.0508271425919092,0.0807692307692313,0.0508271425919092,0.0,0.0,0.0
2023-06-13,0.0,0.0,0.0,0.0508271425919092,0.0807692307692313,0.0508271425919092,0.0,0.0,0.0
2023-06-13,0.0,0.0,0.0,0.0508271425919092,0.0807692307692313,0.0508271425919092,0.0,0.0,0.0
2023-06-13,0.0,0.0,0.0,0.0508271425919092,0.0807692307692313,0.0508271425919092,0.0,0.0,0.0
2023-06-13,3.228320753323795e-06,0.0,0.0,0.0508271425919092,0.0807692307692313,0.0508271425919092,0.0,0.0,0.0
2023-06-13,0.0,0.0,0.0,0.0508271425919092,0.0807692307692313,0.0508271425919092,0.0,0.0,0.0
2023-06-13,1.3810951300239324e-06,0.0,0.0,0.0508271425919092,0.0807692307692313,0.0508271425919092,0.0,0.0,0.0
2023-06-13,0.0028749350254601,0.0,0.0,0.0508271425919092,0.0807692307692313,0.0508271425919092,0.0,0.0,0.0
2023-06-14,0.0611221756702839,0.0,0.0,0.0508271425919092,0.0807692307692313,0.0508271425919092,0.0,0.0,0.0
2023-06-14,0.0067090139388024,0.0,0.0,0.0508271425919092,0.0807692307692313,0.0508271425919092,0.0,0.0,0.0
2023-06-14,0.0022526782034452,0.0,0.0,0.0508271425919092,0.0807692307692313,0.0508271425919092,0.0,0.0,0.0
2023-06-14,0.0437829848684215,0.0,0.0,0.0508271425919092,0.0807692307692313,0.0508271425919092,0.0,0.0,0.0
2023-06-14,0.0267962925924642,0.0,0.0,0.0508271425919092,0.0807692307692313,0.0508271425919092,0.0,0.0,0.0
2023-06-14,0.0007943621007828,0.0,0.0,0.0508271425919092,0.0807692307692313,0.0508271425919092,0.0,0.0,0.0
2023-06-14,0.0279327699327814,0.0,0.0,0.0508271425919092,0.0807692307692313,0.0508271425919092,0.0,0.0,0.0
2023-06-14,0.0004171791962432,0.0,0.0,0.0508271425919092,0.0807692307692313,0.0508271425919092,0.0,0.0,0.0
2023-06-14,0.0139763010303593,0.0,0.0,0.0508271425919092,0.0807692307692313,0.0508271425919092,0.0,0.0,0.0
2023-06-14,0.002103841822206,0.0,0.0,0.0508271425919092,0.0807692307692313,0.0508271425919092,0.0,0.0,0.0
2023-06-15,0.0197832406134982,0.0,0.0,0.0840233042930568,0.1318681318681331,0.0508271425919092,0.03319616170114759,0.020415639446205835,0.012780522254941758
2023-06-15,0.0403433204770591,0.0,0.0,0.0840233042930568,0.1318681318681331,0.0840233042930568,0.0,0.0,0.0
2023-06-15,0.0020070999664593,0.0,0.0,0.0840233042930568,0.1318681318681331,0.0840233042930568,0.0,0.0,0.0
2023-06-15,0.005919519751609,0.0,0.0,0.0840233042930568,0.1318681318681331,0.0840233042930568,0.0,0.0,0.0
2023-06-15,0.0300156831446135,0.0,0.0,0.0840233042930568,0.1318681318681331,0.0840233042930568,0.0,0.0003139828108512084,0.0003139828108512084
2023-06-15,0.0073133507189678,0.0,0.0,0.0840233042930568,0.1318681318681331,0.0840233042930568,0.0,0.0,0.0
2023-06-15,0.0589285027635015,0.0,0.0,0.0840233042930568,0.1318681318681331,0.0840233042930568,0.0,0.0,0.0
2023-06-15,0.0104552649700868,0.0,0.0,0.0840233042930568,0.1318681318681331,0.0840233042930568,0.0,0.0004979424255172139,0.0004979424255172139
2023-06-15,0.022191531005093,0.0,0.0,0.0840233042930568,0.1318681318681331,0.0840233042930568,0.0,0.0016598080850573796,0.0016598080850573796
2023-06-15,0.0124992286741978,0.0,0.0,0.0840233042930568,0.1318681318681331,0.0840233042930568,0.0,0.0006639232340229519,0.0006639232340229519
2023-06-16,0.0010673190964862,0.0,0.0,0.0907259912432638,0.1420329670329678,0.0840233042930568,0.00670268695020701,0.004263691507188059,0.0024389954430189507
2023-06-16,0.0093579461346553,0.0,0.0,0.0907259912432638,0.1420329670329678,0.0907259912432638,0.0,0.0,0.0
2023-06-16,0.0001865809171536,0.0,0.0,0.0907259912432638,0.1420329670329678,0.0907259912432638,0.0,2.9200871443310974e-05,2.9200871443310974e-05
2023-06-16,0.0001982358142986,0.0,0.0,0.0907259912432638,0.1420329670329678,0.0907259912432638,0.0,5.8037466421936095e-05,5.8037466421936095e-05
2023-06-16,0.0019022563944592,0.0,0.0,0.0907259912432638,0.1420329670329678,0.0907259912432638,0.0,2.5475850820562972e-05,2.5475850820562972e-05
2023-06-16,0.005466747251179,0.0,0.0,0.0907259912432638,0.1420329670329678,0.0907259912432638,0.0,0.0,0.0
2023-06-16,0.0017191288796971,0.0,0.0,0.0907259912432638,0.1420329670329678,0.0907259912432638,0.0,0.00014749671563639406,0.00014749671563639406
2023-06-16,0.0034509993226416,0.0,0.0,0.0907259912432638,0.1420329670329678,0.0907259912432638,0.0,0.0,0.0
2023-06-16,0.0013957045553601,0.0,0.0,0.0907259912432638,0.1420329670329678,0.0907259912432638,0.0,0.0,0.0
2023-06-16,0.0027112308391128,0.0,0.0,0.0907259912432638,0.1420329670329678,0.0907259912432638,0.0,0.0,0.0
2023-06-17,0.0,0.0,0.0,0.0962324412868594,0.1505494505494518,0.0907259912432638,0.005506450043595595,0.0008129679998083255,0.0046934820437872695
2023-06-17,0.0,0.0,0.0,0.0962324412868594,0.1505494505494518,0.0962324412868594,0.0,0.0008129679998083255,0.0008129679998083255
2023-06-17,0.0,0.0,0.0,0.0962324412868594,0.1505494505494518,0.0962324412868594,0.0,0.0008129679998083255,0.0008129679998083255
2023-06-17,0.0,0.0,0.0,0.0962324412868594,0.1505494505494518,0.0962324412868594,0.0,0.0008129679998083255,0.0008129679998083255
2023-06-17,0.0,0.0,0.0,0.0962324412868594,0.1505494505494518,0.0962324412868594,0.0,0.0008129679998083255,0.0008129679998083255
2023-06-17,0.0,0.0,0.0,0.0962324412868594,0.1505494505494518,0.0962324412868594,0.0,0.0008129679998083255,0.0008129679998083255
2023-06-17,0.0,0.0,0.0,0.0962324412868594,0.1505494505494518,0.0962324412868594,0.0,0.0008129679998083255,0.0008129679998083255
2023-06-17,0.0002738048828467,0.0,0.0,0.0962324412868594,0.1505494505494518,0.0962324412868594,0.0,0.00015560656731711722,0.00015560656731711722
2023-06-17,0.000678966146345,0.0,0.0,0.0962324412868594,0.1505494505494518,0.0962324412868594,0.0,3.1662087750674676e-05,3.1662087750674676e-05
2023-06-17,0.0020348823078018,0.0,0.0,0.0962324412868594,0.1505494505494518,0.0962324412868594,0.0,0.0,0.0
2023-06-18,0.0,0.0,0.0,0.0981384297569217,0.1535714285714302,0.0962324412868594,0.0019059884700623059,0.00035843928406635985,0.0015475491859959461
2023-06-18,0.0003328034498,0.0,0.0,0.0981384297569217,0.1535714285714302,0.0981384297569217,0.0,0.0,0.0
2023-06-18,0.004122467437974,0.0,0.0,0.0981384297569217,0.1535714285714302,0.0981384297569217,0.0,0.0,0.0
2023-06-18,1.2398907910942144e-05,0.0,0.0,0.0981384297569217,0.1535714285714302,0.0981384297569217,0.0,3.09302380540152e-05,3.09302380540152e-05
2023-06-18,3.524081286024376e-05,0.0,0.0,0.0981384297569217,0.1535714285714302,0.0981384297569217,0.0,3.0450434843138268e-05,3.0450434843138268e-05
2023-06-18,0.0,0.0,0.0,0.0981384297569217,0.1535714285714302,0.0981384297569217,0.0,0.00035843928406635985,0.00035843928406635985
2023-06-18,0.0,0.0,0.0,0.0981384297569217,0.1535714285714302,0.0981384297569217,0.0,0.00035843928406635985,0.00035843928406635985
2023-06-18,0.0,0.0,0.0,0.0981384297569217,0.1535714285714302,0.0981384297569217,0.0,0.00035843928406635985,0.00035843928406635985
2023-06-18,0.0001654920178276,0.0,0.0,0.0981384297569217,0.1535714285714302,0.0981384297569217,0.0,1.0588824833679477e-06,1.0588824833679477e-06
2023-06-18,0.0,0.0,0.0,0.0981384297569217,0.1535714285714302,0.0981384297569217,0.0,0.00035843928406635985,0.00035843928406635985
2023-06-19,0.0982591297384627,0.0,0.0,0.0996660407378595,0.1557692307692306,0.0981384297569217,0.001527610980937788,0.001201195766872476,0.00032641521406531196
2023-06-19,0.0076450650850127,0.0,0.0,0.0996660407378595,0.1557692307692306,0.0996660407378595,0.0,0.0,0.0
2023-06-19,0.025216686881605,0.0,0.0,0.0996660407378595,0.1557692307692306,0.0996660407378595,0.0,0.0,0.0
2023-06-19,0.0073086697867888,0.0,0.0,0.0996660407378595,0.1557692307692306,0.0996660407378595,0.0,0.0,0.0
2023-06-19,0.0284944489617686,0.0,0.0,0.0996660407378595,0.1557692307692306,0.0996660407378595,0.0,0.0,0.0
2023-06-19,0.0151812876316592,0.0,0.0,0.0996660407378595,0.1557692307692306,0.0996660407378595,0.0,0.0,0.0
2023-06-19,0.0513916195293683,0.0,0.0,0.0996660407378595,0.1557692307692306,0.0996660407378595,0.0,0.0,0.0
2023-06-19,0.0060475587243596,0.0,0.0,0.0996660407378595,0.1557692307692306,0.0996660407378595,0.0,0.0,0.0
2023-06-19,0.0418240701270631,0.0,0.0,0.0996660407378595,0.1557692307692306,0.0996660407378595,0.0,7.63805490468894e-06,7.63805490468894e-06
2023-06-19,0.0237952675558147,0.0,0.0,0.0996660407378595,0.1557692307692306,0.0996660407378595,0.0,0.0,0.0
2023-06-20,0.0,0.0,0.0,0.1027612156023135,0.1607142857142864,0.0996660407378595,0.0030951748644540006,0.0010168822276843494,0.002078292636769651
2023-06-20,0.0010798851382818,0.0,0.0,0.1027612156023135,0.1607142857142864,0.1027612156023135,0.0,0.0005465322055647377,0.0005465322055647377
2023-06-20,0.0,0.0,0.0,0.1027612156023135,0.1607142857142864,0.1027612156023135,0.0,0.0010168822276843494,0.0010168822276843494
2023-06-20,9.218467864888578e-05,0.0,0.0,0.1027612156023135,0.1607142857142864,0.1027612156023135,0.0,3.0951748644540006e-05,3.0951748644540006e-05
2023-06-20,0.0,0.0,0.0,0.1027612156023135,0.1607142857142864,0.1027612156023135,0.0,0.0010168822276843494,0.0010168822276843494
2023-06-20,0.0127834095240342,0.0,0.0,0.1027612156023135,0.1607142857142864,0.1027612156023135,0.0,0.0,0.0
2023-06-20,0.0045159039059001,0.0,0.0,0.1027612156023135,0.1607142857142864,0.1027612156023135,0.0,0.0,0.0
2023-06-20,9.60363478117108e-05,0.0,0.0,0.1027612156023135,0.1607142857142864,0.1027612156023135,0.0,3.0951748644540006e-05,3.0951748644540006e-05
2023-06-20,0.0077620690021775,0.0,0.0,0.1027612156023135,0.1607142857142864,0.1027612156023135,0.0,0.0,0.0
2023-06-20,0.0251833567538547,0.0,0.0,0.1027612156023135,0.1607142857142864,0.1027612156023135,0.0,0.0,0.0
2023-06-21,0.0042600280184191,0.0,0.0,0.0987753260274358,0.1653846153846156,0.1027612156023135,-0.0039858895748776935,0.0,0.0039858895748776935
2023-06-21,0.0721233696711092,0.0,0.0,0.0987753260274358,0.1653846153846156,0.0987753260274358,0.0,0.0,0.0
2023-06-21,0.0007230247439339,0.0,0.0,0.0987753260274358,0.1653846153846156,0.0987753260274358,0.0,1.0834287110958324e-05,1.0834287110958324e-05
2023-06-21,0.009893628635342,0.0,0.0,0.0987753260274358,0.1653846153846156,0.0987753260274358,0.0,0.0,0.0
2023-06-21,0.0076086823490958,0.0,0.0,0.0987753260274358,0.1653846153846156,0.0987753260274358,0.0,0.0,0.0
2023-06-21,0.0001050303371977,0.0,0.0,0.0987753260274358,0.1653846153846156,0.0987753260274358,0.0,0.0,0.0
2023-06-21,0.0004857522129038,0.0,0.0,0.0987753260274358,0.1653846153846156,0.0987753260274358,0.0,0.0,0.0
2023-06-21,9.00401108857586e-07,0.0,0.0,0.0987753260274358,0.1653846153846156,0.0987753260274358,0.0,0.0,0.0
2023-06-21,0.0190424056523177,0.0,0.0,0.0987753260274358,0.1653846153846156,0.0987753260274358,0.0,0.0,0.0
2023-06-21,0.130813538859717,0.0,0.0,0.0987753260274358,0.1653846153846156,0.0987753260274358,0.0,0.0,0.0
2023-06-22,0.00097895240253,0.0,0.0,0.1102935128237065,0.172252747252747,0.0987753260274358,0.011518186796270702,0.007693107654271027,0.0038250791419996745
2023-06-22,0.0431108039494957,0.0,0.0,0.1102935128237065,0.172252747252747,0.1102935128237065,0.0,0.0,0.0
2023-06-22,0.0028204452805168,0.0,0.0,0.1102935128237065,0.172252747252747,0.1102935128237065,0.0,0.0,0.0
2023-06-22,0.002319670904156,0.0,0.0,0.1102935128237065,0.172252747252747,0.1102935128237065,0.0,0.0,0.0
2023-06-22,0.0372691605963807,0.0,0.0,0.1102935128237065,0.172252747252747,0.1102935128237065,0.0,0.0,0.0
2023-06-22,0.0388901880366847,0.0,0.0,0.1102935128237065,0.172252747252747,0.1102935128237065,0.0,0.0,0.0
2023-06-22,0.0003621129621106,0.0,0.0,0.1102935128237065,0.172252747252747,0.1102935128237065,0.0,0.0,0.0
2023-06-22,7.060087489892284e-05,0.0,0.0,0.1102935128237065,0.172252747252747,0.1102935128237065,0.0,0.0007563436983696792,0.0007563436983696792
2023-06-22,0.0022945615317248,0.0,0.0,0.1102935128237065,0.172252747252747,0.1102935128237065,0.0,0.0,0.0
2023-06-22,8.567033406842842e-05,0.0,0.0,0.1102935128237065,0.172252747252747,0.1102935128237065,0.0,0.0,0.0
2023-06-23,0.1626975724969114,0.0,0.0,0.1102935128237065,0.172252747252747,0.1102935128237065,0.0,0.0,0.0
2023-06-23,0.0008180521199328,0.0,0.0,0.1102935128237065,0.172252747252747,0.1102935128237065,0.0,0.00040313653786947456,0.00040313653786947456
2023-06-23,0.0613610530713161,0.0,0.0,0.1102935128237065,0.172252747252747,0.1102935128237065,0.0,0.0,0.0
2023-06-23,0.0602393065689976,0.0,0.0,0.1102935128237065,0.172252747252747,0.1102935128237065,0.0,0.0,0.0
2023-06-23,1.77221000066745e-05,0.0,0.0,0.1102935128237065,0.172252747252747,0.1102935128237065,0.0,0.0,0.0
2023-06-23,0.0085531062374106,0.0,0.0,0.1102935128237065,0.172252747252747,0.1102935128237065,0.0,0.0,0.0
2023-06-23,0.0001153294557712,0.0,0.0,0.1102935128237065,0.172252747252747,0.1102935128237065,0.0,4.2303073318287684e-05,4.2303073318287684e-05
2023-06-23,0.006803984682625,0.0,0.0,0.1102935128237065,0.172252747252747,0.1102935128237065,0.0,1.6921229327309522e-05,1.6921229327309522e-05
2023-06-23,0.0001419528203537,0.0,0.0,0.1102935128237065,0.172252747252747,0.1102935128237065,0.0,3.384245865463015e-06,3.384245865463015e-06
2023-06-23,0.0148756239027043,0.0,0.0,0.1102935128237065,0.172252747252747,0.1102935128237065,0.0,0.0,0.0
2023-06-24,0.0513944094762065,0.0,0.0,0.1102935128237065,0.172252747252747,0.1102935128237065,0.0,0.0,0.0
2023-06-24,0.2082136741194379,0.0,0.0,0.1102935128237065,0.172252747252747,0.1102935128237065,0.0,0.0,0.0
2023-06-24,0.059511930536139,0.0,0.0,0.1102935128237065,0.172252747252747,0.1102935128237065,0.0,0.0,0.0
2023-06-24,0.0029245748106135,0.0,0.0,0.1102935128237065,0.172252747252747,0.1102935128237065,0.0,0.0,0.0
2023-06-24,0.1612091151633136,0.0,0.0,0.1102935128237065,0.172252747252747,0.1102935128237065,0.0,0.0,0.0
2023-06-24,0.207983972627517,0.0,0.0,0.1102935128237065,0.172252747252747,0.1102935128237065,0.0,0.0,0.0
2023-06-24,0.0006195223361436,0.0,0.0,0.1102935128237065,0.172252747252747,0.1102935128237065,0.0,4.5052773083964495e-05,4.5052773083964495e-05
2023-06-24,0.1831307724946162,0.0,0.0,0.1102935128237065,0.172252747252747,0.1102935128237065,0.0,0.0,0.0
2023-06-24,0.3697850220010225,0.0,0.0,0.1102935128237065,0.172252747252747,0.1102935128237065,0.0,0.0025872677149995126,0.0025872677149995126
2023-06-24,0.0162698850699127,0.0,0.0,0.1102935128237065,0.172252747252747,0.1102935128237065,0.0,0.0,0.0
2023-06-25,0.2045075314004776,0.0,0.0,0.1102935128237065,0.172252747252747,0.1102935128237065,0.0,0.0,0.0
2023-06-25,0.2530027838251192,0.0,0.0,0.1102935128237065,0.172252747252747,0.1102935128237065,0.0,0.0,0.0
2023-06-25,0.0177291268211087,0.0,0.0,0.1102935128237065,0.172252747252747,0.1102935128237065,0.0,0.0,0.0
2023-06-25,0.064079851532833,0.0,0.0,0.1102935128237065,0.172252747252747,0.1102935128237065,0.0,0.0,0.0
2023-06-25,0.0140404495866529,0.0,0.0,0.1102935128237065,0.172252747252747,0.1102935128237065,0.0,0.0,0.0
2023-06-25,0.0896720498086523,0.0,0.0,0.1102935128237065,0.172252747252747,0.1102935128237065,0.0,0.0003592941027165623,0.0003592941027165623
2023-06-25,0.0440963568597971,0.0,0.0,0.1102935128237065,0.172252747252747,0.1102935128237065,0.0,0.0,0.0
2023-06-25,0.1268061858785791,0.0,0.0,0.1102935128237065,0.172252747252747,0.1102935128237065,0.0,0.0,0.0
2023-06-25,0.2560916510721636,0.0,0.0,0.1102935128237065,0.172252747252747,0.1102935128237065,0.0,0.0,0.0
2023-06-25,0.059598735955787,0.0,0.0,0.1102935128237065,0.172252747252747,0.1102935128237065,0.0,0.0,0.0
2023-06-26,0.1297343666273739,0.0,0.0,0.1102935128237065,0.172252747252747,0.1102935128237065,0.0,0.00040234923067161005,0.00040234923067161005
2023-06-26,0.0112713831332231,0.0,0.0,0.1102935128237065,0.172252747252747,0.1102935128237065,0.0,0.0,0.0
2023-06-26,0.1131274059241707,0.0,0.0,0.1102935128237065,0.172252747252747,0.1102935128237065,0.0,0.0,0.0
2023-06-26,0.0376764679777324,0.0,0.0,0.1102935128237065,0.172252747252747,0.1102935128237065,0.0,0.00029135066662593133,0.00029135066662593133
2023-06-26,0.0387402101553256,0.0,0.0,0.1102935128237065,0.172252747252747,0.1102935128237065,0.0,0.0,0.0
2023-06-26,0.2191177283495146,0.0,0.0,0.1102935128237065,0.172252747252747,0.1102935128237065,0.0,0.0,0.0
2023-06-26,0.1554945572951481,0.0,0.0,0.1102935128237065,0.172252747252747,0.1102935128237065,0.0,0.0,0.0
2023-06-26,0.0480040063240065,0.0,0.0,0.1102935128237065,0.172252747252747,0.1102935128237065,0.0,0.0,0.0
2023-06-26,0.0665278809452131,0.0,0.0,0.1102935128237065,0.172252747252747,0.1102935128237065,0.0,0.0,0.0
2023-06-26,0.0576692899739383,0.0,0.0,0.1102935128237065,0.172252747252747,0.1102935128237065,0.0,0.0,0.0
2023-06-27,0.0724063622110837,0.0,0.0,0.1102935128237065,0.172252747252747,0.1102935128237065,0.0,0.0,0.0
2023-06-27,0.0346841779501812,0.0,0.0,0.1102935128237065,0.172252747252747,0.1102935128237065,0.0,1.31609561434598e-06,1.31609561434598e-06
2023-06-27,0.0107808540364042,0.0,0.0,0.1102935128237065,0.172252747252747,0.1102935128237065,0.0,0.0,0.0
2023-06-27,0.0187892402578599,0.0,0.0,0.1102935128237065,0.172252747252747,0.1102935128237065,0.0,0.0,0.0
2023-06-27,0.0550803808638428,0.0,0.0,0.1102935128237065,0.172252747252747,0.1102935128237065,0.0,0.0,0.0
2023-06-27,0.0786347766415221,0.0,0.0,0.1102935128237065,0.172252747252747,0.1102935128237065,0.0,0.0,0.0
2023-06-27,0.1061964600837266,0.0,0.0,0.1102935128237065,0.172252747252747,0.1102935128237065,0.0,3.2432356210679304e-06,3.2432356210679304e-06
2023-06-27,0.0189302185628661,0.0,0.0,0.1102935128237065,0.172252747252747,0.1102935128237065,0.0,0.0,0.0
2023-06-27,0.0279970242341007,0.0,0.0,0.1102935128237065,0.172252747252747,0.1102935128237065,0.0,0.0,0.0
2023-06-27,0.0030637410574561,0.0,0.0,0.1102935128237065,0.172252747252747,0.1102935128237065,0.0,0.0,0.0
2023-06-28,0.0275251843017653,0.0,0.0,0.1102935128237065,0.172252747252747,0.1102935128237065,0.0,0.0,0.0
2023-06-28,0.0169162233566387,0.0,0.0,0.1102935128237065,0.172252747252747,0.1102935128237065,0.0,0.0,0.0
2023-06-28,0.0573880905230085,0.0,0.0,0.1102935128237065,0.172252747252747,0.1102935128237065,0.0,0.0,0.0
2023-06-28,0.0620547494727663,0.0,0.0,0.1102935128237065,0.172252747252747,0.1102935128237065,0.0,0.0,0.0
2023-06-28,0.0105096918397926,0.0,0.0,0.1102935128237065,0.172252747252747,0.1102935128237065,0.0,0.0,0.0
2023-06-28,0.0601657896016378,0.0,0.0,0.1102935128237065,0.172252747252747,0.1102935128237065,0.0,0.0,0.0
2023-06-28,0.0261679566033584,0.0,0.0,0.1102935128237065,0.172252747252747,0.1102935128237065,0.0,0.0,0.0
2023-06-28,0.0090836617825417,0.0,0.0,0.1102935128237065,0.172252747252747,0.1102935128237065,0.0,0.0,0.0
2023-06-28,0.0574559055103129,0.0,0.0,0.1102935128237065,0.172252747252747,0.1102935128237065,0.0,0.0,0.0
2023-06-28,0.0365802142562528,0.0,0.0,0.1102935128237065,0.172252747252747,0.1102935128237065,0.0,0.0,0.0
2023-06-29,0.0095533052153644,0.0,0.0,0.1102935128237065,0.172252747252747,0.1102935128237065,0.0,0.0003431954331482194,0.0003431954331482194
2023-06-29,0.0273903730316658,0.0,0.0,0.1102935128237065,0.172252747252747,0.1102935128237065,0.0,0.0,0.0
2023-06-29,0.0059561898120298,0.0,0.0,0.1102935128237065,0.172252747252747,0.1102935128237065,0.0,0.0,0.0
2023-06-29,0.0129631445487822,0.0,0.0,0.1102935128237065,0.172252747252747,0.1102935128237065,0.0,0.0,0.0
2023-06-29,0.0197719412780376,0.0,0.0,0.1102935128237065,0.172252747252747,0.1102935128237065,0.0,0.003319616170114759,0.003319616170114759
2023-06-29,0.0148830372264044,0.0,0.0,0.1102935128237065,0.172252747252747,0.1102935128237065,0.0,0.0,0.0
2023-06-29,0.0219816281620076,0.0,0.0,0.1102935128237065,0.172252747252747,0.1102935128237065,0.0,0.0,0.0
2023-06-29,0.0245210792324849,0.0,0.0,0.1102935128237065,0.172252747252747,0.1102935128237065,0.0,0.0,0.0
2023-06-29,0.0037414999620985,0.0,0.0,0.1102935128237065,0.172252747252747,0.1102935128237065,0.0,0.0,0.0
2023-06-29,0.0292539773269665,0.0,0.0,0.1102935128237065,0.172252747252747,0.1102935128237065,0.0,0.0,0.0
2023-06-30,0.0218735142046725,0.0,0.0,0.1917997842543261,0.2744505494505489,0.1102935128237065,0.08150627143061959,0.05094141964413715,0.03056485178648244
2023-06-30,0.0090864290690538,0.0,0.0,0.1917997842543261,0.2744505494505489,0.1917997842543261,0.0,4.27378549051631e-05,4.27378549051631e-05
2023-06-30,0.0249189183917367,0.0,0.0,0.1917997842543261,0.2744505494505489,0.1917997842543261,0.0,0.00040753135715309793,0.00040753135715309793
2023-06-30,0.0381182433879254,0.0,0.0,0.1917997842543261,0.2744505494505489,0.1917997842543261,0.0,0.0,0.0
2023-06-30,0.010420874201076,0.0,0.0,0.1917997842543261,0.2744505494505489,0.1917997842543261,0.0,0.00040753135715309793,0.00040753135715309793
2023-06-30,0.0055909495452981,0.0,0.0,0.1917997842543261,0.2744505494505489,0.1917997842543261,0.0,0.0,0.0
2023-06-30,0.0189507701902172,0.0,0.0,0.1917997842543261,0.2744505494505489,0.1917997842543261,0.0,0.0027949052998700423,0.0027949052998700423
2023-06-30,0.0389832250087456,0.0,0.0,0.1917997842543261,0.2744505494505489,0.1917997842543261,0.0,0.0,0.0
2023-06-30,0.0224522493791263,0.0,0.0,0.1917997842543261,0.2744505494505489,0.1917997842543261,0.0,0.003260250857224784,0.003260250857224784
2023-06-30,0.0108258580243182,0.0,0.0,0.1917997842543261,0.2744505494505489,0.1917997842543261,0.0,0.00040753135715309793,0.00040753135715309793
2023-07-01,0.003668728852464,0.0,0.0,0.2172944364408074,0.3060439560439558,0.1917997842543261,0.02549465218648131,0.014708402565446388,0.010786249621034921
2023-07-01,0.0474071208491569,0.0,0.0,0.2172944364408074,0.3060439560439558,0.2172944364408074,0.0,0.00012747326093240656,0.00012747326093240656
2023-07-01,0.0225244502568661,0.0,0.0,0.2172944364408074,0.3060439560439558,0.2172944364408074,0.0,0.00012747326093240656,0.00012747326093240656
2023-07-01,0.0012413308154078,0.0,0.0,0.2172944364408074,0.3060439560439558,0.2172944364408074,0.0,0.00010558142049019822,0.00010558142049019822
2023-07-01,0.0330151147244523,0.0,0.0,0.2172944364408074,0.3060439560439558,0.2172944364408074,0.0,0.00012747326093240656,0.00012747326093240656
2023-07-01,0.0078886858339245,0.0,0.0,0.2172944364408074,0.3060439560439558,0.2172944364408074,0.0,0.003258182706973655,0.003258182706973655
2023-07-01,0.2063344150334185,0.0,0.0,0.2172944364408074,0.3060439560439558,0.2172944364408074,0.0,0.00026136248798475217,0.00026136248798475217
2023-07-01,0.0010332450989488,0.0,0.0,0.2172944364408074,0.3060439560439558,0.2172944364408074,0.0,0.00017519347780616437,0.00017519347780616437
2023-07-01,0.0001286548933338,0.0,0.0,0.2172944364408074,0.3060439560439558,0.2172944364408074,0.0,0.0004713536009819684,0.0004713536009819684
2023-07-01,0.0357898911923797,0.0,0.0,0.2172944364408074,0.3060439560439558,0.2172944364408074,0.0,0.00012747326093240656,0.00012747326093240656
2023-07-02,6.989897277064079e-05,0.0,0.0,0.2262885398624209,0.3170329670329668,0.2172944364408074,0.008994103421613497,0.005403794585676583,0.0035903088359369147
2023-07-02,0.0208815001686506,0.0,0.0,0.2262885398624209,0.3170329670329668,0.2262885398624209,0.0,0.0,0.0
2023-07-02,0.0066775786285792,0.0,0.0,0.2262885398624209,0.3170329670329668,0.2262885398624209,0.0,0.00029991703897288055,0.00029991703897288055
2023-07-02,0.0603197295467784,0.0,0.0,0.2262885398624209,0.3170329670329668,0.2262885398624209,0.0,0.0,0.0
2023-07-02,0.0121993792868436,0.0,0.0,0.2262885398624209,0.3170329670329668,0.2262885398624209,0.0,0.0,0.0
2023-07-02,0.0096890939457795,0.0,0.0,0.2262885398624209,0.3170329670329668,0.2262885398624209,0.0,0.0,0.0
2023-07-02,0.0013364493695157,0.0,0.0,0.2262885398624209,0.3170329670329668,0.2262885398624209,0.0,3.446525390069538e-05,3.446525390069538e-05
2023-07-02,0.0104710003404182,0.0,0.0,0.2262885398624209,0.3170329670329668,0.2262885398624209,0.0,0.0,0.0
2023-07-02,0.0228595982136992,0.0,0.0,0.2262885398624209,0.3170329670329668,0.2262885398624209,0.0,0.0,0.0
2023-07-02,0.0005813964170377,0.0,0.0,0.2262885398624209,0.3170329670329668,0.2262885398624209,0.0,0.0010576003346643079,0.0010576003346643079
2023-07-03,0.0005609770787362,0.0,0.0,0.2316986329056805,0.3239010989010999,0.2262885398624209,0.005410093043259595,0.0032460558259557472,0.002164037217303848
2023-07-03,0.0,0.0,0.0,0.2316986329056805,0.3239010989010999,0.2316986329056805,0.0,0.0,0.0
2023-07-03,0.0,0.0,0.0,0.2316986329056805,0.3239010989010999,0.2316986329056805,0.0,0.0,0.0
2023-07-03,0.0043359166481963,0.0,0.0,0.2316986329056805,0.3239010989010999,0.2316986329056805,0.0,0.0,0.0
2023-07-03,0.0007107788083051,0.0,0.0,0.2316986329056805,0.3239010989010999,0.2316986329056805,0.0,0.0005680597695422575,0.0005680597695422575
2023-07-03,0.0196537843845276,0.0,0.0,0.2316986329056805,0.3239010989010999,0.2316986329056805,0.0,0.00016598080850573798,0.00016598080850573798
2023-07-03,0.0426684824263236,0.0,0.0,0.2316986329056805,0.3239010989010999,0.2316986329056805,0.0,0.0,0.0
2023-07-03,0.007196370703828,0.0,0.0,0.2316986329056805,0.3239010989010999,0.2316986329056805,0.0,0.0,0.0
2023-07-03,1.2902338847760366e-05,0.0,0.0,0.2316986329056805,0.3239010989010999,0.2316986329056805,0.0,0.00015863652494353697,0.00015863652494353697
2023-07-03,0.0002301120862132,0.0,0.0,0.2316986329056805,0.3239010989010999,0.2316986329056805,0.0,0.00040775462337338755,0.00040775462337338755
2023-07-04,0.1295511745503718,0.0,0.0,0.2397456175191127,0.3337912087912098,0.2316986329056805,0.008046984613432201,0.00517238502377201,0.0028745995896601907
2023-07-04,0.0222603487814717,0.0,0.0,0.2397456175191127,0.3337912087912098,0.2397456175191127,0.0,0.0,0.0
2023-07-04,0.0028350392551069,0.0,0.0,0.2397456175191127,0.3337912087912098,0.2397456175191127,0.0,0.0,0.0
2023-07-04,0.0306520386728249,0.0,0.0,0.2397456175191127,0.3337912087912098,0.2397456175191127,0.0,0.0,0.0
2023-07-04,0.0325115107563577,0.0,0.0,0.2397456175191127,0.3337912087912098,0.2397456175191127,0.0,0.0,0.0
2023-07-04,0.0440246997532953,0.0,0.0,0.2397456175191127,0.3337912087912098,0.2397456175191127,0.0,8.046984613432201e-05,8.046984613432201e-05
2023-07-04,0.0383289749795896,0.0,0.0,0.2397456175191127,0.3337912087912098,0.2397456175191127,0.0,8.046984613432201e-05,8.046984613432201e-05
2023-07-04,0.0494580531142683,0.0,0.0,0.2397456175191127,0.3337912087912098,0.2397456175191127,0.0,8.046984613432201e-05,8.046984613432201e-05
2023-07-04,0.0084544119118968,0.0,0.0,0.2397456175191127,0.3337912087912098,0.2397456175191127,0.0,0.0,0.0
2023-07-04,0.1346812223853883,0.0,0.0,0.2397456175191127,0.3337912087912098,0.2397456175191127,0.0,0.001273992305541003,0.001273992305541003
2023-07-05,0.0095836732833964,0.0,0.0,0.2487397209407263,0.3450549450549456,0.2397456175191127,0.008994103421613608,0.005469834383467994,0.0035242690381456143
2023-07-05,0.0105002943525045,0.0,0.0,0.2487397209407263,0.3450549450549456,0.2487397209407263,0.0,0.0005846167224048845,0.0005846167224048845
2023-07-05,0.0733494746227712,0.0,0.0,0.2487397209407263,0.3450549450549456,0.2487397209407263,0.0,0.00011428880308154255,0.00011428880308154255
2023-07-05,0.0545401219058372,0.0,0.0,0.2487397209407263,0.3450549450549456,0.2487397209407263,0.0,0.0,0.0
2023-07-05,0.078258042943229,0.0,0.0,0.2487397209407263,0.3450549450549456,0.2487397209407263,0.0,0.0,0.0
2023-07-05,0.0097382864970356,0.0,0.0,0.2487397209407263,0.3450549450549456,0.2487397209407263,0.0,0.001107694223985376,0.001107694223985376
2023-07-05,0.0270048385298246,0.0,0.0,0.2487397209407263,0.3450549450549456,0.2487397209407263,0.0,8.994103421613608e-05,8.994103421613608e-05
2023-07-05,0.0015566382621587,0.0,0.0,0.2487397209407263,0.3450549450549456,0.2487397209407263,0.0,0.0,0.0
2023-07-05,0.0750111575009865,0.0,0.0,0.2487397209407263,0.3450549450549456,0.2487397209407263,0.0,0.0,0.0
2023-07-05,0.0019834683905224,0.0,0.0,0.2487397209407263,0.3450549450549456,0.2487397209407263,0.0,0.0,0.0
2023-07-06,0.0896374043083767,0.0,0.0,0.2590052667326281,0.3557692307692299,0.2487397209407263,0.010265545791901781,0.006107999746181559,0.0041575460457202226
2023-07-06,0.0213895887273277,0.0,0.0,0.2590052667326281,0.3557692307692299,0.2590052667326281,0.0,0.0,0.0
2023-07-06,0.1790017879683953,0.0,0.0,0.2590052667326281,0.3557692307692299,0.2590052667326281,0.0,0.0,0.0
2023-07-06,0.0534601171821964,0.0,0.0,0.2590052667326281,0.3557692307692299,0.2590052667326281,0.0,0.0,0.0
2023-07-06,0.151547308356228,0.0,0.0,0.2590052667326281,0.3557692307692299,0.2590052667326281,0.0,0.0,0.0
2023-07-06,0.0834802231340637,0.0,0.0,0.2590052667326281,0.3557692307692299,0.2590052667326281,0.0,5.1327728959508904e-05,5.1327728959508904e-05
2023-07-06,0.1526334102244816,0.0,0.0,0.2590052667326281,0.3557692307692299,0.2590052667326281,0.0,0.0,0.0
2023-07-06,0.0518249908831947,0.0,0.0,0.2590052667326281,0.3557692307692299,0.2590052667326281,0.0,0.0,0.0
2023-07-06,0.0147412184092141,0.0,0.0,0.2590052667326281,0.3557692307692299,0.2590052667326281,0.0,0.0,0.0
2023-07-06,0.0957140710651758,0.0,0.0,0.2590052667326281,0.3557692307692299,0.2590052667326281,0.0,0.0014774113339334099,0.0014774113339334099
2023-07-07,0.0373617094547276,0.0,0.0,0.2590052667326281,0.3557692307692299,0.2590052667326281,0.0,0.0,0.0
2023-07-07,0.0617928189797024,0.0,0.0,0.2590052667326281,0.3557692307692299,0.2590052667326281,0.0,0.0,0.0
2023-07-07,0.0088445869913822,0.0,0.0,0.2590052667326281,0.3557692307692299,0.2590052667326281,0.0,1.655695286262665e-05,1.655695286262665e-05
2023-07-07,0.0887118303513345,0.0,0.0,0.2590052667326281,0.3557692307692299,0.2590052667326281,0.0,0.0022424036606259424,0.0022424036606259424
2023-07-07,0.0083822921227849,0.0,0.0,0.2590052667326281,0.3557692307692299,0.2590052667326281,0.0,0.0,0.0
2023-07-07,0.0493459948924167,0.0,0.0,0.2590052667326281,0.3557692307692299,0.2590052667326281,0.0,0.0,0.0
2023-07-07,0.0672619832471626,0.0,0.0,0.2590052667326281,0.3557692307692299,0.2590052667326281,0.0,0.0,0.0
2023-07-07,0.0432370217255317,0.0,0.0,0.2590052667326281,0.3557692307692299,0.2590052667326281,0.0,0.0,0.0
2023-07-07,0.0350243030528241,0.0,0.0,0.2590052667326281,0.3557692307692299,0.2590052667326281,0.0,0.0,0.0
2023-07-07,0.1554692338130333,0.0,0.0,0.2590052667326281,0.3557692307692299,0.2590052667326281,0.0,0.0,0.0
2023-07-08,0.2104624219447892,0.0,0.0,0.2590052667326281,0.3557692307692299,0.2590052667326281,0.0,0.0,0.0
2023-07-08,0.014792434377873,0.0,0.0,0.2590052667326281,0.3557692307692299,0.2590052667326281,0.0,0.0,0.0
2023-07-08,0.0189263668937032,0.0,0.0,0.2590052667326281,0.3557692307692299,0.2590052667326281,0.0,0.0,0.0
2023-07-08,0.0155062267113313,0.0,0.0,0.2590052667326281,0.3557692307692299,0.2590052667326281,0.0,0.0,0.0
2023-07-08,0.017174947680938,0.0,0.0,0.2590052667326281,0.3557692307692299,0.2590052667326281,0.0,0.0,0.0
2023-07-08,0.0069031271794104,0.0,0.0,0.2590052667326281,0.3557692307692299,0.2590052667326281,0.0,0.0,0.0
2023-07-08,0.0745329156893168,0.0,0.0,0.2590052667326281,0.3557692307692299,0.2590052667326281,0.0,5.0152643589556035e-05,5.0152643589556035e-05
2023-07-08,0.0503349525565418,0.0,0.0,0.2590052667326281,0.3557692307692299,0.2590052667326281,0.0,0.0,0.0
2023-07-08,0.0516679431000447,0.0,0.0,0.2590052667326281,0.3557692307692299,0.2590052667326281,0.0,0.0,0.0
2023-07-08,0.0238828329487011,0.0,0.0,0.2590052667326281,0.3557692307692299,0.2590052667326281,0.0,0.0,0.0
2023-07-09,0.5179623085210694,0.0,0.0,0.2590052667326281,0.3557692307692299,0.2590052667326281,0.0,0.0,0.0
2023-07-09,0.6297681586725171,0.0,0.0,0.2590052667326281,0.3557692307692299,0.2590052667326281,0.0,0.0,0.0
2023-07-09,0.6296822933754631,0.0,0.0,0.2590052667326281,0.3557692307692299,0.2590052667326281,0.0,0.0,0.0
2023-07-09,0.7146296492602754,0.0,0.0,0.2590052667326281,0.3557692307692299,0.2590052667326281,0.0,0.0,0.0
2023-07-09,0.6595058237003107,0.0,0.0,0.2590052667326281,0.3557692307692299,0.2590052667326281,0.0,0.0,0.0
2023-07-09,0.4234499651155501,0.0,0.0,0.2590052667326281,0.3557692307692299,0.2590052667326281,0.0,0.0,0.0
2023-07-09,0.653931244787149,0.0,0.0,0.2590052667326281,0.3557692307692299,0.2590052667326281,0.0,0.0,0.0
2023-07-09,0.7543868454943308,0.0,0.0,0.2590052667326281,0.3557692307692299,0.2590052667326281,0.0,0.0,0.0
2023-07-09,0.1244397534912496,0.0,0.0,0.2590052667326281,0.3557692307692299,0.2590052667326281,0.0,0.0006076601465096457,0.0006076601465096457
2023-07-09,0.8375186957926272,0.0,0.0,0.2590052667326281,0.3557692307692299,0.2590052667326281,0.0,0.0,0.0
2023-07-10,0.5110845011210441,0.0,0.0,0.2590052667326281,0.3557692307692299,0.2590052667326281,0.0,0.0,0.0
2023-07-10,0.5534441497822712,0.0,0.0,0.2590052667326281,0.3557692307692299,0.2590052667326281,0.0,0.0,0.0
2023-07-10,0.699331600963102,0.0,0.0,0.2590052667326281,0.3557692307692299,0.2590052667326281,0.0,0.0,0.0
2023-07-10,0.596425651999413,0.0,0.0,0.2590052667326281,0.3557692307692299,0.2590052667326281,0.0,0.0002168032507561657,0.0002168032507561657
2023-07-10,0.2089590155439429,0.0,0.0,0.2590052667326281,0.3557692307692299,0.2590052667326281,0.0,0.0,0.0
2023-07-10,0.1390058968325378,0.0,0.0,0.2590052667326281,0.3557692307692299,0.2590052667326281,0.0,9.156265202666991e-05,9.156265202666991e-05
2023-07-10,0.3601567801451035,0.0,0.0,0.2590052667326281,0.3557692307692299,0.2590052667326281,0.0,0.0010868364586687296,0.0010868364586687296
2023-07-10,0.6459969434794627,0.0,0.0,0.2590052667326281,0.3557692307692299,0.2590052667326281,0.0,0.0,0.0
2023-07-10,0.5889305613817652,0.0,0.0,0.2590052667326281,0.3557692307692299,0.2590052667326281,0.0,0.0002168032507561657,0.0002168032507561657
2023-07-10,0.6399432167041994,0.0,0.0,0.2590052667326281,0.3557692307692299,0.2590052667326281,0.0,0.0,0.0
2023-07-11,0.032663770476914,0.0,0.0,0.2590052667326281,0.3557692307692299,0.2590052667326281,0.0,0.0,0.0
2023-07-11,0.3795846948329136,0.0,0.0,0.2590052667326281,0.3557692307692299,0.2590052667326281,0.0,9.648625972676849e-05,9.648625972676849e-05
2023-07-11,0.0747268047002602,0.0,0.0,0.2590052667326281,0.3557692307692299,0.2590052667326281,0.0,2.5076321794778018e-05,2.5076321794778018e-05
2023-07-11,0.2174889423349421,0.0,0.0,0.2590052667326281,0.3557692307692299,0.2590052667326281,0.0,0.0,0.0
2023-07-11,0.0472107200895284,0.0,0.0,0.2590052667326281,0.3557692307692299,0.2590052667326281,0.0,0.0,0.0
2023-07-11,0.1753287948855492,0.0,0.0,0.2590052667326281,0.3557692307692299,0.2590052667326281,0.0,0.0,0.0
2023-07-11,0.3816902987125378,0.0,0.0,0.2590052667326281,0.3557692307692299,0.2590052667326281,0.0,9.648625972676849e-05,9.648625972676849e-05
2023-07-11,0.0347145360181997,0.0,0.0,0.2590052667326281,0.3557692307692299,0.2590052667326281,0.0,0.0,0.0
2023-07-11,0.4319774631686853,0.0,0.0,0.2590052667326281,0.3557692307692299,0.2590052667326281,0.0,0.0,0.0
2023-07-11,0.6647334122799132,0.0,0.0,0.2590052667326281,0.3557692307692299,0.2590052667326281,0.0,0.0,0.0
2023-07-12,0.0050674479299964,0.0,0.0,0.2590052667326281,0.3557692307692299,0.2590052667326281,0.0,0.0,0.0
2023-07-12,0.0398355820998234,0.0,0.0,0.2590052667326281,0.3557692307692299,0.2590052667326281,0.0,0.0,0.0
2023-07-12,0.0068218214981182,0.0,0.0,0.2590052667326281,0.3557692307692299,0.2590052667326281,0.0,0.0,0.0
2023-07-12,0.0472710881852413,0.0,0.0,0.2590052667326281,0.3557692307692299,0.2590052667326281,0.0,0.0,0.0
2023-07-12,0.02197163850366,0.0,0.0,0.2590052667326281,0.3557692307692299,0.2590052667326281,0.0,0.0,0.0
2023-07-12,0.2047851293106836,0.0,0.0,0.2590052667326281,0.3557692307692299,0.2590052667326281,0.0,0.0,0.0
2023-07-12,0.0796787369108474,0.0,0.0,0.2590052667326281,0.3557692307692299,0.2590052667326281,0.0,5.1327728959508904e-05,5.1327728959508904e-05
2023-07-12,0.007318387620179,0.0,0.0,0.2590052667326281,0.3557692307692299,0.2590052667326281,0.0,0.0,0.0
2023-07-12,0.0107622082344574,0.0,0.0,0.2590052667326281,0.3557692307692299,0.2590052667326281,0.0,4.497051710806804e-05,4.497051710806804e-05
2023-07-12,0.0107981759000015,0.0,0.0,0.2590052667326281,0.3557692307692299,0.2590052667326281,0.0,4.497051710806804e-05,4.497051710806804e-05
2023-07-13,0.0713873673598131,0.0,0.0,0.5123630731772664,0.6074175824175825,0.2590052667326281,0.2533578064446383,0.16844310589164269,0.0849147005529956
2023-07-13,0.0172386073176333,0.0,0.0,0.5123630731772664,0.6074175824175825,0.5123630731772664,0.0,0.0,0.0
2023-07-13,0.0956078606836824,0.0,0.0,0.5123630731772664,0.6074175824175825,0.5123630731772664,0.0,0.011370889845147255,0.011370889845147255
2023-07-13,0.0264549079381658,0.0,0.0,0.5123630731772664,0.6074175824175825,0.5123630731772664,0.0,0.0011789043974044732,0.0011789043974044732
2023-07-13,0.0648212817232309,0.0,0.0,0.5123630731772664,0.6074175824175825,0.5123630731772664,0.0,0.02777640945614701,0.02777640945614701
2023-07-13,0.2836697181267308,0.0,0.0,0.5123630731772664,0.6074175824175825,0.5123630731772664,0.0,0.0,0.0
2023-07-13,0.136120901493219,0.0,0.0,0.5123630731772664,0.6074175824175825,0.5123630731772664,0.0,0.002533578064446383,0.002533578064446383
2023-07-13,0.0096832622766509,0.0,0.0,0.5123630731772664,0.6074175824175825,0.5123630731772664,0.0,0.0,0.0
2023-07-13,0.0822795397228027,0.0,0.0,0.5123630731772664,0.6074175824175825,0.5123630731772664,0.0,0.030347084965722776,0.030347084965722776
2023-07-13,0.0399098694491383,0.0,0.0,0.5123630731772664,0.6074175824175825,0.5123630731772664,0.0,0.002374236488280868,0.002374236488280868
2023-07-14,0.0163879295883217,0.0,0.0,0.540722583495691,0.6335164835164839,0.5123630731772664,0.028359510318424652,0.020868047313637433,0.0074914630047872195
2023-07-14,0.0339227780310093,0.0,0.0,0.540722583495691,0.6335164835164839,0.540722583495691,0.0,0.001764578696642315,0.001764578696642315
2023-07-14,0.0286050559968948,0.0,0.0,0.540722583495691,0.6335164835164839,0.540722583495691,0.0,0.0010294100366391636,0.0010294100366391636
2023-07-14,0.0152177468662562,0.0,0.0,0.540722583495691,0.6335164835164839,0.540722583495691,0.0,0.00370209470718048,0.00370209470718048
2023-07-14,0.0017780352200109,0.0,0.0,0.540722583495691,0.6335164835164839,0.540722583495691,0.0,0.00019002305517495932,0.00019002305517495932
2023-07-14,0.0010822125882225,0.0,0.0,0.540722583495691,0.6335164835164839,0.540722583495691,0.0,1.1633345162546937e-06,1.1633345162546937e-06
2023-07-14,0.0888249930595647,0.0,0.0,0.540722583495691,0.6335164835164839,0.540722583495691,0.0,7.213849086136203e-05,7.213849086136203e-05
2023-07-14,0.0004664644946763,0.0,0.0,0.540722583495691,0.6335164835164839,0.540722583495691,0.0,0.00018753665592333513,0.00018753665592333513
2023-07-14,0.0754741451650169,0.0,0.0,0.540722583495691,0.6335164835164839,0.540722583495691,0.0,0.0,0.0
2023-07-14,0.1529144977625584,0.0,0.0,0.540722583495691,0.6335164835164839,0.540722583495691,0.0,0.0006725953640532012,0.0006725953640532012
2023-07-15,0.008744998362775,0.0,0.0,0.5597636668303951,0.6508241758241748,0.540722583495691,0.019041083334704112,0.0115784451740418,0.007462638160662312
2023-07-15,0.0528855931005986,0.0,0.0,0.5597636668303951,0.6508241758241748,0.5597636668303951,0.0,0.0,0.0
2023-07-15,0.0196733907516879,0.0,0.0,0.5597636668303951,0.6508241758241748,0.5597636668303951,0.0,0.0016569996310231915,0.0016569996310231915
2023-07-15,0.2105705990640642,0.0,0.0,0.5597636668303951,0.6508241758241748,0.5597636668303951,0.0,4.6227858453918855e-05,4.6227858453918855e-05
2023-07-15,0.1081759716653209,0.0,0.0,0.5597636668303951,0.6508241758241748,0.5597636668303951,0.0,0.0002350875791126228,0.0002350875791126228
2023-07-15,0.0770607093670513,0.0,0.0,0.5597636668303951,0.6508241758241748,0.5597636668303951,0.0,0.0,0.0
2023-07-15,0.0422005655804902,0.0,0.0,0.5597636668303951,0.6508241758241748,0.5597636668303951,0.0,0.001595848188370893,0.001595848188370893
2023-07-15,0.0242184139195397,0.0,0.0,0.5597636668303951,0.6508241758241748,0.5597636668303951,0.0,0.0006674602409865061,0.0006674602409865061
2023-07-15,0.069174400573754,0.0,0.0,0.5597636668303951,0.6508241758241748,0.5597636668303951,0.0,0.0,0.0
2023-07-15,0.0626745050930806,0.0,0.0,0.5597636668303951,0.6508241758241748,0.5597636668303951,0.0,0.0,0.0
2023-07-16,0.1461097535838544,0.0,0.0,0.581639056077424,0.6708791208791212,0.5597636668303951,0.02187538924702892,0.014503091649608422,0.007372297597420498
2023-07-16,0.2292798656683241,0.0,0.0,0.581639056077424,0.6708791208791212,0.581639056077424,0.0,8.777887713542375e-05,8.777887713542375e-05
2023-07-16,0.2140362303388449,0.0,0.0,0.581639056077424,0.6708791208791212,0.581639056077424,0.0,0.0002187538924702892,0.0002187538924702892
2023-07-16,0.0756109065143422,0.0,0.0,0.581639056077424,0.6708791208791212,0.581639056077424,0.0,0.0,0.0
2023-07-16,0.1561651259603015,0.0,0.0,0.581639056077424,0.6708791208791212,0.581639056077424,0.0,0.001547610933934358,0.001547610933934358
2023-07-16,0.1344727011701706,0.0,0.0,0.581639056077424,0.6708791208791212,0.581639056077424,0.0,0.003099863455080022,0.003099863455080022
2023-07-16,0.2833264547515788,0.0,0.0,0.581639056077424,0.6708791208791212,0.581639056077424,0.0,0.0,0.0
2023-07-16,0.3061837262209098,0.0,0.0,0.581639056077424,0.6708791208791212,0.581639056077424,0.0,0.0,0.0
2023-07-16,0.1603506954410219,0.0,0.0,0.581639056077424,0.6708791208791212,0.581639056077424,0.0,0.001281019316053319,0.001281019316053319
2023-07-16,0.0763210636314178,0.0,0.0,0.581639056077424,0.6708791208791212,0.581639056077424,0.0,0.0,0.0
2023-07-17,0.1415390048335746,0.0,0.0,0.6067811826529197,0.6923076923076916,0.581639056077424,0.025142126575495638,0.017147104237122797,0.007995022338372841
2023-07-17,0.0647300464338282,0.0,0.0,0.6067811826529197,0.6923076923076916,0.6067811826529197,0.0,0.0,0.0
2023-07-17,0.0643736796574717,0.0,0.0,0.6067811826529197,0.6923076923076916,0.6067811826529197,0.0,0.0,0.0
2023-07-17,0.0976584037805844,0.0,0.0,0.6067811826529197,0.6923076923076916,0.6067811826529197,0.0,0.003121402769911237,0.003121402769911237
2023-07-17,0.0474973859583135,0.0,0.0,0.6067811826529197,0.6923076923076916,0.6067811826529197,0.0,0.00047809523361872386,0.00047809523361872386
2023-07-17,0.0760751072964557,0.0,0.0,0.6067811826529197,0.6923076923076916,0.6067811826529197,0.0,0.000628553164387391,0.000628553164387391
2023-07-17,0.0085108317170609,0.0,0.0,0.6067811826529197,0.6923076923076916,0.6067811826529197,0.0,0.0006072606174838552,0.0006072606174838552
2023-07-17,0.0596875613646103,0.0,0.0,0.6067811826529197,0.6923076923076916,0.6067811826529197,0.0,0.0,0.0
2023-07-17,0.0102952857359084,0.0,0.0,0.6067811826529197,0.6923076923076916,0.6067811826529197,0.0,0.0002856162500205617,0.0002856162500205617
2023-07-17,0.0445351623018973,0.0,0.0,0.6067811826529197,0.6923076923076916,0.6067811826529197,0.0,0.0006831476306753715,0.0006831476306753715
2023-07-18,0.0376458222700407,0.0,0.0,0.6359162493155128,0.7162087912087909,0.6067811826529197,0.029135066662593134,0.02219216876106047,0.0069428979015326645
2023-07-18,0.0110458335236946,0.0,0.0,0.6359162493155128,0.7162087912087909,0.6359162493155128,0.0,0.00019041083334704113,0.00019041083334704113
2023-07-18,0.1162428381501961,0.0,0.0,0.6359162493155128,0.7162087912087909,0.6359162493155128,0.0,0.0003219851422205833,0.0003219851422205833
2023-07-18,0.0494839391611941,0.0,0.0,0.6359162493155128,0.7162087912087909,0.6359162493155128,0.0,0.0027678313329463477,0.0027678313329463477
2023-07-18,0.0214373284319672,0.0,0.0,0.6359162493155128,0.7162087912087909,0.6359162493155128,0.0,0.0008536995212702225,0.0008536995212702225
2023-07-18,0.0277562719688013,0.0,0.0,0.6359162493155128,0.7162087912087909,0.6359162493155128,0.0,0.003080274781962923,0.003080274781962923
2023-07-18,0.0071121731987807,0.0,0.0,0.6359162493155128,0.7162087912087909,0.6359162493155128,0.0,5.445345604358054e-05,5.445345604358054e-05
2023-07-18,0.1561523256434162,0.0,0.0,0.6359162493155128,0.7162087912087909,0.6359162493155128,0.0,0.000490139858660733,0.000490139858660733
2023-07-18,0.1447925634954937,0.0,0.0,0.6359162493155128,0.7162087912087909,0.6359162493155128,0.0,0.0037928112977407835,0.0037928112977407835
2023-07-18,0.0119604909206345,0.0,0.0,0.6359162493155128,0.7162087912087909,0.6359162493155128,0.0,0.00019041083334704113,0.00019041083334704113
2023-07-19,0.0982394078140091,0.0,0.0,0.6535472302062746,0.7307692307692317,0.6359162493155128,0.01763098089076176,0.01172460229235659,0.005906378598405171
2023-07-19,0.0256983438998711,0.0,0.0,0.6535472302062746,0.7307692307692317,0.6535472302062746,0.0,0.0003747934787462351,0.0003747934787462351
2023-07-19,0.2930079854446227,0.0,0.0,0.6535472302062746,0.7307692307692317,0.6535472302062746,0.0,0.0,0.0
2023-07-19,0.1239513661954828,0.0,0.0,0.6535472302062746,0.7307692307692317,0.6535472302062746,0.0,0.0007427949640541398,0.0007427949640541398
2023-07-19,0.0453244413640879,0.0,0.0,0.6535472302062746,0.7307692307692317,0.6535472302062746,0.0,0.0014553314798320183,0.0014553314798320183
2023-07-19,0.0172785075661002,0.0,0.0,0.6535472302062746,0.7307692307692317,0.6535472302062746,0.0,0.00042539265477636976,0.00042539265477636976
2023-07-19,0.171773813464893,0.0,0.0,0.6535472302062746,0.7307692307692317,0.6535472302062746,0.0,0.0002884247040547522,0.0002884247040547522
2023-07-19,0.1010269634248741,0.0,0.0,0.6535472302062746,0.7307692307692317,0.6535472302062746,0.0,0.0025564922291604554,0.0025564922291604554
2023-07-19,0.0764878108271659,0.0,0.0,0.6535472302062746,0.7307692307692317,0.6535472302062746,0.0,0.00046690842089677775,0.00046690842089677775
2023-07-19,0.0811193472257117,0.0,0.0,0.6535472302062746,0.7307692307692317,0.6535472302062746,0.0,0.0003526196178152352,0.0003526196178152352
2023-07-20,0.0741577484008953,0.0,0.0,0.6764049908225831,0.7494505494505503,0.6535472302062746,0.02285776061630851,0.01462896679443749,0.008228793821871019
2023-07-20,0.0324062107624311,0.0,0.0,0.6764049908225831,0.7494505494505503,0.6764049908225831,0.0,0.0009421246953591234,0.0009421246953591234
2023-07-20,0.004434381102178,0.0,0.0,0.6764049908225831,0.7494505494505503,0.6764049908225831,0.0,0.0,0.0
2023-07-20,0.0673029819856601,0.0,0.0,0.6764049908225831,0.7494505494505503,0.6764049908225831,0.0,0.002514353667793936,0.002514353667793936
2023-07-20,0.0414169200293726,0.0,0.0,0.6764049908225831,0.7494505494505503,0.6764049908225831,0.0,0.0032733530590997708,0.0032733530590997708
2023-07-20,0.0860292404456155,0.0,0.0,0.6764049908225831,0.7494505494505503,0.6764049908225831,0.0,0.00015078695467225624,0.00015078695467225624
2023-07-20,0.0162395333689897,0.0,0.0,0.6764049908225831,0.7494505494505503,0.6764049908225831,0.0,0.00040767236739749175,0.00040767236739749175
2023-07-20,0.0758159561456338,0.0,0.0,0.6764049908225831,0.7494505494505503,0.6764049908225831,0.0,0.00034286640924462765,0.00034286640924462765
2023-07-20,0.1868563920021422,0.0,0.0,0.6764049908225831,0.7494505494505503,0.6764049908225831,0.0,0.00022420628858686677,0.00022420628858686677
2023-07-20,0.0742166918661068,0.0,0.0,0.6764049908225831,0.7494505494505503,0.6764049908225831,0.0,0.004571552123261702,0.004571552123261702
2023-07-21,0.0426634862876726,0.0,0.0,0.6964942503072848,0.7656593406593402,0.6764049908225831,0.02008925948470175,0.012637784635053852,0.007451474849647897
2023-07-21,0.0048292917492695,0.0,0.0,0.6964942503072848,0.7656593406593402,0.6964942503072848,0.0,0.0,0.0
2023-07-21,0.0789758934250502,0.0,0.0,0.6964942503072848,0.7656593406593402,0.6964942503072848,0.0,0.0,0.0
2023-07-21,0.0990684865307933,0.0,0.0,0.6964942503072848,0.7656593406593402,0.6964942503072848,0.0,0.0016749431846223672,0.0016749431846223672
2023-07-21,0.0180604095707371,0.0,0.0,0.6964942503072848,0.7656593406593402,0.6964942503072848,0.0,0.00031187940803899613,0.00031187940803899613
2023-07-21,0.0115012440492445,0.0,0.0,0.6964942503072848,0.7656593406593402,0.6964942503072848,0.0,0.00010044629742350875,0.00010044629742350875
2023-07-21,0.1878573169747062,0.0,0.0,0.6964942503072848,0.7656593406593402,0.6964942503072848,0.0,4.789647967924915e-05,4.789647967924915e-05
2023-07-21,0.0683467383764394,0.0,0.0,0.6964942503072848,0.7656593406593402,0.6964942503072848,0.0,0.0005299164984336113,0.0005299164984336113
2023-07-21,0.002644858452376,0.0,0.0,0.6964942503072848,0.7656593406593402,0.6964942503072848,0.0,0.002480029424137663,0.002480029424137663
2023-07-21,0.052771776160089,0.0,0.0,0.6964942503072848,0.7656593406593402,0.6964942503072848,0.0,0.0012960839104961064,0.0012960839104961064
2023-07-22,0.6072808083139852,0.0,0.0,0.7109478003576959,0.7774725274725274,0.6964942503072848,0.014453550050411046,0.008672130030246628,0.005781420020164418
2023-07-22,0.3414074496531423,0.0,0.0,0.7109478003576959,0.7774725274725274,0.7109478003576959,0.0,0.00061568597958642,0.00061568597958642
2023-07-22,0.2371025504600562,0.0,0.0,0.7109478003576959,0.7774725274725274,0.7109478003576959,0.0,0.0003356043816583265,0.0003356043816583265
2023-07-22,0.1179904892990356,0.0,0.0,0.7109478003576959,0.7774725274725274,0.7109478003576959,0.0,0.0,0.0
2023-07-22,0.1907600880836176,0.0,0.0,0.7109478003576959,0.7774725274725274,0.7109478003576959,0.0,4.789647967924915e-05,4.789647967924915e-05
2023-07-22,0.1288157471266634,0.0,0.0,0.7109478003576959,0.7774725274725274,0.7109478003576959,0.0,0.0,0.0
2023-07-22,0.1874600772021939,0.0,0.0,0.7109478003576959,0.7774725274725274,0.7109478003576959,0.0,4.789647967924915e-05,4.789647967924915e-05
2023-07-22,0.131654359843969,0.0,0.0,0.7109478003576959,0.7774725274725274,0.7109478003576959,0.0,0.00019394784031059764,0.00019394784031059764
2023-07-22,0.0987489440132497,0.0,0.0,0.7109478003576959,0.7774725274725274,0.7109478003576959,0.0,0.0007933941400842792,0.0007933941400842792
2023-07-22,0.0577940556048635,0.0,0.0,0.7109478003576959,0.7774725274725274,0.7109478003576959,0.0,0.00010044629742350875,0.00010044629742350875
2023-07-23,0.0379467450023461,0.0,0.0,0.7350370504417145,0.7972527472527471,0.7109478003576959,0.024089250084018632,0.01496626329902865,0.009122986784989982
2023-07-23,0.068029395277621,0.0,0.0,0.7350370504417145,0.7972527472527471,0.7350370504417145,0.0,0.0,0.0
2023-07-23,0.1180855484461227,0.0,0.0,0.7350370504417145,0.7972527472527471,0.7350370504417145,0.0,0.0,0.0
2023-07-23,0.1303025292343282,0.0,0.0,0.7350370504417145,0.7972527472527471,0.7350370504417145,0.0,0.0002426316271877138,0.0002426316271877138
2023-07-23,0.0390809950277367,0.0,0.0,0.7350370504417145,0.7972527472527471,0.7350370504417145,0.0,0.0030363853433952015,0.0030363853433952015
2023-07-23,0.1388322366743463,0.0,0.0,0.7350370504417145,0.7972527472527471,0.7350370504417145,0.0,0.0017095729504748402,0.0017095729504748402
2023-07-23,0.0436598030657186,0.0,0.0,0.7350370504417145,0.7972527472527471,0.7350370504417145,0.0,0.0013858016784919513,0.0013858016784919513
2023-07-23,0.1149383650615414,0.0,0.0,0.7350370504417145,0.7972527472527471,0.7350370504417145,0.0,0.0,0.0
2023-07-23,0.0722734679559116,0.0,0.0,0.7350370504417145,0.7972527472527471,0.7350370504417145,0.0,0.0017143320462231382,0.0017143320462231382
2023-07-23,0.0320029891504638,0.0,0.0,0.7350370504417145,0.7972527472527471,0.7350370504417145,0.0,0.0014043915290445875,0.0014043915290445875
2023-07-24,0.0024633045130096,0.0,0.0,0.7450816801840654,0.8054945054945044,0.7350370504417145,0.010044629742350875,0.0060580703688123475,0.003986559373538527
2023-07-24,0.0008461569234166,0.0,0.0,0.7450816801840654,0.8054945054945044,0.7450816801840654,0.0,0.0005609387522003529,0.0005609387522003529
2023-07-24,0.0135383021055485,0.0,0.0,0.7450816801840654,0.8054945054945044,0.7450816801840654,0.0,0.0,0.0
2023-07-24,0.0310286006215297,0.0,0.0,0.7450816801840654,0.8054945054945044,0.7450816801840654,0.0,0.00015896554884712533,0.00015896554884712533
2023-07-24,0.0086441132934833,0.0,0.0,0.7450816801840654,0.8054945054945044,0.7450816801840654,0.0,0.00037710839692503605,0.00037710839692503605
2023-07-24,0.001860486631468,0.0,0.0,0.7450816801840654,0.8054945054945044,0.7450816801840654,0.0,0.0022222391956775865,0.0022222391956775865
2023-07-24,0.0859936303683276,0.0,0.0,0.7450816801840654,0.8054945054945044,0.7450816801840654,0.0,0.00037948206937233887,0.00037948206937233887
2023-07-24,0.0143432488986948,0.0,0.0,0.7450816801840654,0.8054945054945044,0.7450816801840654,0.0,0.00010622771744367432,0.00010622771744367432
2023-07-24,0.0376398664872836,0.0,0.0,0.7450816801840654,0.8054945054945044,0.7450816801840654,0.0,0.004252246175684672,0.004252246175684672
2023-07-24,0.022244869124513,0.0,0.0,0.7450816801840654,0.8054945054945044,0.7450816801840654,0.0,0.001351970970691011,0.001351970970691011
2023-07-25,0.1644575715009969,0.0,0.0,0.7546609761199152,0.8131868131868139,0.7450816801840654,0.00957929593584983,0.006226542358302389,0.0033527535775474404
2023-07-25,0.2828880986702597,0.0,0.0,0.7546609761199152,0.8131868131868139,0.7546609761199152,0.0,0.0010537225529434814,0.0010537225529434814
2023-07-25,0.0035891206060273,0.0,0.0,0.7546609761199152,0.8131868131868139,0.7546609761199152,0.0,0.00015066944613526312,0.00015066944613526312
2023-07-25,0.0451057877154888,0.0,0.0,0.7546609761199152,0.8131868131868139,0.7546609761199152,0.0,0.0,0.0
2023-07-25,0.0017296345533824,0.0,0.0,0.7546609761199152,0.8131868131868139,0.7546609761199152,0.0,0.0004056512205611767,0.0004056512205611767
2023-07-25,0.0208824562774395,0.0,0.0,0.7546609761199152,0.8131868131868139,0.7546609761199152,0.0,6.42536680289818e-05,6.42536680289818e-05
2023-07-25,0.0439982931078618,0.0,0.0,0.7546609761199152,0.8131868131868139,0.7546609761199152,0.0,0.00010044629742350875,0.00010044629742350875
2023-07-25,0.0458760902703919,0.0,0.0,0.7546609761199152,0.8131868131868139,0.7546609761199152,0.0,0.001691488386631288,0.001691488386631288
2023-07-25,0.0684193869374468,0.0,0.0,0.7546609761199152,0.8131868131868139,0.7546609761199152,0.0,0.0,0.0
2023-07-25,0.0233743521257009,0.0,0.0,0.7546609761199152,0.8131868131868139,0.7546609761199152,0.0,0.001858444515994081,0.001858444515994081
2023-07-26,0.0277095851759824,0.0,0.0,0.7626092535622715,0.8197802197802204,0.7546609761199152,0.007948277442356266,0.005325345886378698,0.002622931555977568
2023-07-26,0.4800420063435469,0.0,0.0,0.7626092535622715,0.8197802197802204,0.7626092535622715,0.0,0.0021671864460952937,0.0021671864460952937
2023-07-26,0.0879210685197541,0.0,0.0,0.7626092535622715,0.8197802197802204,0.7626092535622715,0.0,0.00040318354128427716,0.00040318354128427716
2023-07-26,0.0382671154890178,0.0,0.0,0.7626092535622715,0.8197802197802204,0.7626092535622715,0.0,0.00356740642207657,0.00356740642207657
2023-07-26,0.0214427684528775,0.0,0.0,0.7626092535622715,0.8197802197802204,0.7626092535622715,0.0,0.0003762388337512712,0.0003762388337512712
2023-07-26,0.0187479139440246,0.0,0.0,0.7626092535622715,0.8197802197802204,0.7626092535622715,0.0,0.001057929358567896,0.001057929358567896
2023-07-26,0.1523853717259345,0.0,0.0,0.7626092535622715,0.8197802197802204,0.7626092535622715,0.0,0.0011981992991790958,0.0011981992991790958
2023-07-26,0.0103236126570844,0.0,0.0,0.7626092535622715,0.8197802197802204,0.7626092535622715,0.0,0.0,0.0
2023-07-26,0.1697341379074226,0.0,0.0,0.7626092535622715,0.8197802197802204,0.7626092535622715,0.0,0.0010537225529434814,0.0010537225529434814
2023-07-26,0.0159818805894494,0.0,0.0,0.7626092535622715,0.8197802197802204,0.7626092535622715,0.0,0.0,0.0
2023-07-27,0.1380305156304438,0.0,0.0,0.7723460109376947,0.8277472527472529,0.7626092535622715,0.009736757375423233,0.00647494365465645,0.0032618137207667828
2023-07-27,0.0346919806203478,0.0,0.0,0.7723460109376947,0.8277472527472529,0.7723460109376947,0.0,0.0,0.0
2023-07-27,0.0263394322737111,0.0,0.0,0.7723460109376947,0.8277472527472529,0.7723460109376947,0.0,0.0004206100573206639,0.0004206100573206639
2023-07-27,0.0059815180304937,0.0,0.0,0.7723460109376947,0.8277472527472529,0.7723460109376947,0.0,0.0,0.0
2023-07-27,0.0163413519484224,0.0,0.0,0.7723460109376947,0.8277472527472529,0.7723460109376947,0.0,0.0018433681706976025,0.0018433681706976025
2023-07-27,0.0742000187677895,0.0,0.0,0.7723460109376947,0.8277472527472529,0.7723460109376947,0.0,0.000700574146711751,0.000700574146711751
2023-07-27,0.0313827442167593,0.0,0.0,0.7723460109376947,0.8277472527472529,0.7723460109376947,0.0,3.9741387211781333e-05,3.9741387211781333e-05
2023-07-27,0.0885413256162784,0.0,0.0,0.7723460109376947,0.8277472527472529,0.7723460109376947,0.0,0.0004581305331832314,0.0004581305331832314
2023-07-27,0.1211095340302839,0.0,0.0,0.7723460109376947,0.8277472527472529,0.7723460109376947,0.0,0.0008626771734966465,0.0008626771734966465
2023-07-27,0.0390942083491115,0.0,0.0,0.7723460109376947,0.8277472527472529,0.7723460109376947,0.0,0.00041002253813739566,0.00041002253813739566
2023-07-28,0.0233377755980079,0.0,0.0,0.7777772555176135,0.8321428571428573,0.7723460109376947,0.005431244579918726,0.003913892094260638,0.001517352485658088
2023-07-28,0.0408682149158516,0.0,0.0,0.7777772555176135,0.8321428571428573,0.7777772555176135,0.0,0.00010862489159837451,0.00010862489159837451
2023-07-28,0.0999465928752,0.0,0.0,0.7777772555176135,0.8321428571428573,0.7777772555176135,0.0,2.69212058256027e-05,2.69212058256027e-05
2023-07-28,0.0659942346611874,0.0,0.0,0.7777772555176135,0.8321428571428573,0.7777772555176135,0.0,0.0,0.0
2023-07-28,0.1414958193658093,0.0,0.0,0.7777772555176135,0.8321428571428573,0.7777772555176135,0.0,0.0006815730162796263,0.0006815730162796263
2023-07-28,0.0152617211638802,0.0,0.0,0.7777772555176135,0.8321428571428573,0.7777772555176135,0.0,0.00019009356029715542,0.00019009356029715542
2023-07-28,0.1045508256045971,0.0,0.0,0.7777772555176135,0.8321428571428573,0.7777772555176135,0.0,0.0,0.0
2023-07-28,0.1580207303234094,0.0,0.0,0.7777772555176135,0.8321428571428573,0.7777772555176135,0.0,0.0003360626649526111,0.0003360626649526111
2023-07-28,0.1836410945950142,0.0,0.0,0.7777772555176135,0.8321428571428573,0.7777772555176135,0.0,4.789647967924915e-05,4.789647967924915e-05
2023-07-28,0.03688692624608,0.0,0.0,0.7777772555176135,0.8321428571428573,0.7777772555176135,0.0,0.0006447223390779344,0.0006447223390779344
2023-07-29,0.0459016554066222,0.0,0.0,0.793154422668807,0.844780219780219,0.7777772555176135,0.015377167151193527,0.010072044484031761,0.005305122667161766
2023-07-29,0.043365976125845,0.0,0.0,0.793154422668807,0.844780219780219,0.793154422668807,0.0,0.0010210551796588003,0.0010210551796588003
2023-07-29,0.1111832024382984,0.0,0.0,0.793154422668807,0.844780219780219,0.793154422668807,0.0,0.0,0.0
2023-07-29,0.1678357987271517,0.0,0.0,0.793154422668807,0.844780219780219,0.793154422668807,0.0,4.789647967924915e-05,4.789647967924915e-05
2023-07-29,0.087391082580246,0.0,0.0,0.793154422668807,0.844780219780219,0.793154422668807,0.0,0.0003509627474436011,0.0003509627474436011
2023-07-29,0.0522561620042783,0.0,0.0,0.793154422668807,0.844780219780219,0.793154422668807,0.0,0.0011532875363395145,0.0011532875363395145
2023-07-29,0.0580419047687369,0.0,0.0,0.793154422668807,0.844780219780219,0.793154422668807,0.0,0.0007688583575596764,0.0007688583575596764
2023-07-29,0.082982478240584,0.0,0.0,0.793154422668807,0.844780219780219,0.793154422668807,0.0,9.394807532767113e-05,9.394807532767113e-05
2023-07-29,0.1184825936968863,0.0,0.0,0.793154422668807,0.844780219780219,0.793154422668807,0.0,0.0,0.0
2023-07-29,0.0272442975854321,0.0,0.0,0.793154422668807,0.844780219780219,0.793154422668807,0.0,0.0006665436743979458,0.0006665436743979458
2023-07-30,0.0226094979230194,0.0,0.0,0.8060051562746033,0.8271978021978015,0.793154422668807,0.01285073360579636,0.00813766595143131,0.004713067654365051
2023-07-30,0.0177059840542913,0.0,0.0,0.8060051562746033,0.8271978021978015,0.8060051562746033,0.0,0.0002570146721159272,0.0002570146721159272
2023-07-30,0.0217043407510692,0.0,0.0,0.8060051562746033,0.8271978021978015,0.8060051562746033,0.0,0.0007982002392473753,0.0007982002392473753
2023-07-30,0.0273616403155803,0.0,0.0,0.8060051562746033,0.8271978021978015,0.8060051562746033,0.0,0.0008372483260908913,0.0008372483260908913
2023-07-30,0.0088369781814479,0.0,0.0,0.8060051562746033,0.8271978021978015,0.8060051562746033,0.0,8.693281566905853e-05,8.693281566905853e-05
2023-07-30,0.0350735020064204,0.0,0.0,0.8060051562746033,0.8271978021978015,0.8060051562746033,0.0,0.00023250239129872673,0.00023250239129872673
2023-07-30,0.0176715664396431,0.0,0.0,0.8060051562746033,0.8271978021978015,0.8060051562746033,0.0,0.0002570146721159272,0.0002570146721159272
2023-07-30,0.0605124907135779,0.0,0.0,0.8060051562746033,0.8271978021978015,0.8060051562746033,0.0,0.0,0.0
2023-07-30,0.0466335703279541,0.0,0.0,0.8060051562746033,0.8271978021978015,0.8060051562746033,0.0,0.0011204674019567552,0.0011204674019567552
2023-07-30,0.0447630428655058,0.0,0.0,0.8060051562746033,0.8271978021978015,0.8060051562746033,0.0,7.688583575596764e-05,7.688583575596764e-05
2023-07-31,6.027627099880109e-05,0.0,0.0,0.8177466092911652,0.8634615384615376,0.8060051562746033,0.01174145301656182,0.008038970531209205,0.0037024824853526157
2023-07-31,0.001684086348249,0.0,0.0,0.8177466092911652,0.8634615384615376,0.8177466092911652,0.0,0.0007568842376398721,0.0007568842376398721
2023-07-31,0.0560417805870914,0.0,0.0,0.8177466092911652,0.8634615384615376,0.8177466092911652,0.0,0.0,0.0
2023-07-31,0.0105021151845717,0.0,0.0,0.8177466092911652,0.8634615384615376,0.8177466092911652,0.0,0.0,0.0
2023-07-31,0.0066703085408054,0.0,0.0,0.8177466092911652,0.8634615384615376,0.8177466092911652,0.0,0.0,0.0
2023-07-31,0.0023241551443245,0.0,0.0,0.8177466092911652,0.8634615384615376,0.8177466092911652,0.0,0.0016285743159240617,0.0016285743159240617
2023-07-31,0.0039530487840934,0.0,0.0,0.8177466092911652,0.8634615384615376,0.8177466092911652,0.0,0.0,0.0
2023-07-31,0.0092305564585667,0.0,0.0,0.8177466092911652,0.8634615384615376,0.8177466092911652,0.0,0.0,0.0
2023-07-31,7.561943665194215e-05,0.0,0.0,0.8177466092911652,0.8634615384615376,0.8177466092911652,0.0,0.0021653180603571124,0.0021653180603571124
2023-07-31,0.0365897461926857,0.0,0.0,0.8177466092911652,0.8634615384615376,0.8177466092911652,0.0,0.0002408925008401863,0.0002408925008401863
2023-08-01,0.0019210816483227,0.0,0.0,0.8270250833723072,0.8703296703296708,0.8177466092911652,0.009278474081142019,0.006414485512372496,0.0028639885687695224
2023-08-01,0.0044309844126191,0.0,0.0,0.8270250833723072,0.8703296703296708,0.8270250833723072,0.0,0.00027835422243426054,0.00027835422243426054
2023-08-01,0.0325245474318382,0.0,0.0,0.8270250833723072,0.8703296703296708,0.8270250833723072,0.0,0.0,0.0
2023-08-01,0.0077935563281955,0.0,0.0,0.8270250833723072,0.8703296703296708,0.8270250833723072,0.0,4.477075259515795e-06,4.477075259515795e-06
2023-08-01,0.0004895771882525,0.0,0.0,0.8270250833723072,0.8703296703296708,0.8270250833723072,0.0,5.87072650828091e-05,5.87072650828091e-05
2023-08-01,0.0005750658337196,0.0,0.0,0.8270250833723072,0.8703296703296708,0.8270250833723072,0.0,0.0,0.0
2023-08-01,0.0295965325372733,0.0,0.0,0.8270250833723072,0.8703296703296708,0.8270250833723072,0.0,0.00048288958192812094,0.00048288958192812094
2023-08-01,0.000646881135501,0.0,0.0,0.8270250833723072,0.8703296703296708,0.8270250833723072,0.0,0.0,0.0
2023-08-01,0.0202307234680348,0.0,0.0,0.8270250833723072,0.8703296703296708,0.8270250833723072,0.0,0.00014842503307865295,0.00014842503307865295
2023-08-01,0.0112068721791236,0.0,0.0,0.8270250833723072,0.8703296703296708,0.8270250833723072,0.0,4.639237040571009e-05,4.639237040571009e-05
2023-08-02,0.0,0.0,0.0,0.8317207245106357,0.8739010989010989,0.8270250833723072,0.0046956411383285435,0.002061116779606658,0.0026345243587218856
2023-08-02,0.0,0.0,0.0,0.8317207245106357,0.8739010989010989,0.8317207245106357,0.0,0.002061116779606658,0.002061116779606658
2023-08-02,0.0724201090813701,0.0,0.0,0.8317207245106357,0.8739010989010989,0.8317207245106357,0.0,0.0004368144845722988,0.0004368144845722988
2023-08-02,0.0165833424307951,0.0,0.0,0.8317207245106357,0.8739010989010989,0.8317207245106357,0.0,2.7156222899593628e-05,2.7156222899593628e-05
2023-08-02,0.0019968041229342,0.0,0.0,0.8317207245106357,0.8739010989010989,0.8317207245106357,0.0,0.0019530036357141456,0.0019530036357141456
2023-08-02,0.0003153539833462,0.0,0.0,0.8317207245106357,0.8739010989010989,0.8317207245106357,0.0,2.066975165745999e-05,2.066975165745999e-05
2023-08-02,0.0011776698400906,0.0,0.0,0.8317207245106357,0.8739010989010989,0.8317207245106357,0.0,5.3666148845714634e-05,5.3666148845714634e-05
2023-08-02,0.0174335115468395,0.0,0.0,0.8317207245106357,0.8739010989010989,0.8317207245106357,0.0,2.7156222899593628e-05,2.7156222899593628e-05
2023-08-02,0.0001985739006985,0.0,0.0,0.8317207245106357,0.8739010989010989,0.8317207245106357,0.0,0.00019450013043447733,0.00019450013043447733
2023-08-02,0.0073952220272955,0.0,0.0,0.8317207245106357,0.8739010989010989,0.8317207245106357,0.0,0.0,0.0
2023-08-03,0.0854072894414196,0.0,0.0,0.8379839295324805,0.8785714285714281,0.8317207245106357,0.006263205021844742,0.0035387108373422793,0.002724494184502463
2023-08-03,0.0412737171076948,0.0,0.0,0.8379839295324805,0.8785714285714281,0.8379839295324805,0.0,0.0,0.0
2023-08-03,0.053680402984961,0.0,0.0,0.8379839295324805,0.8785714285714281,0.8379839295324805,0.0,0.0,0.0
2023-08-03,0.0244343873930365,0.0,0.0,0.8379839295324805,0.8785714285714281,0.8379839295324805,0.0,0.00020016404191764315,0.00020016404191764315
2023-08-03,0.060759491471126,0.0,0.0,0.8379839295324805,0.8785714285714281,0.8379839295324805,0.0,5.593406360971942e-06,5.593406360971942e-06
2023-08-03,0.0141260307081838,0.0,0.0,0.8379839295324805,0.8785714285714281,0.8379839295324805,0.0,0.00039250201527141426,0.00039250201527141426
2023-08-03,0.079220680060722,0.0,0.0,0.8379839295324805,0.8785714285714281,0.8379839295324805,0.0,0.0006889525524029216,0.0006889525524029216
2023-08-03,0.0351539561439288,0.0,0.0,0.8379839295324805,0.8785714285714281,0.8379839295324805,0.0,0.0,0.0
2023-08-03,0.0312099284293718,0.0,0.0,0.8379839295324805,0.8785714285714281,0.8379839295324805,0.0,0.0,0.0
2023-08-03,0.0154815147286199,0.0,0.0,0.8379839295324805,0.8785714285714281,0.8379839295324805,0.0,2.628665972582822e-05,2.628665972582822e-05
2023-08-04,0.0018400185239533,0.0,0.0,0.8487171593016234,0.8868131868131872,0.8379839295324805,0.010733229769142927,0.006406107153684838,0.004327122615458089
2023-08-04,0.001363810029388,0.0,0.0,0.8487171593016234,0.8868131868131872,0.8487171593016234,0.0,0.0008586583815314341,0.0008586583815314341
2023-08-04,0.0413591976590748,0.0,0.0,0.8487171593016234,0.8868131868131872,0.8487171593016234,0.0,0.0,0.0
2023-08-04,0.0450293851870909,0.0,0.0,0.8487171593016234,0.8868131868131872,0.8487171593016234,0.0,2.87895915638281e-05,2.87895915638281e-05
2023-08-04,0.0002026535361448,0.0,0.0,0.8487171593016234,0.8868131868131872,0.8487171593016234,0.0,0.0003005387659595365,0.0003005387659595365
2023-08-04,0.0303164549976312,0.0,0.0,0.8487171593016234,0.8868131868131872,0.8487171593016234,0.0,0.00011628644821046086,0.00011628644821046086
2023-08-04,0.0328006786029052,0.0,0.0,0.8487171593016234,0.8868131868131872,0.8487171593016234,0.0,2.6827198996006718e-05,2.6827198996006718e-05
2023-08-04,0.0268945442923288,0.0,0.0,0.8487171593016234,0.8868131868131872,0.8487171593016234,0.0,0.00026985835520950297,0.00026985835520950297
2023-08-04,0.0133736129246473,0.0,0.0,0.8487171593016234,0.8868131868131872,0.8487171593016234,0.0,0.0006652393296373105,0.0006652393296373105
2023-08-04,0.1803527970417485,0.0,0.0,0.8487171593016234,0.8868131868131872,0.8487171593016234,0.0,0.0,0.0
2023-08-05,0.0292599043439263,0.0,0.0,0.8540825991008247,0.8906593406593402,0.8487171593016234,0.005365439799201344,0.003219263879520806,0.0021461759196805376
2023-08-05,0.0636541381980356,0.0,0.0,0.8540825991008247,0.8906593406593402,0.8540825991008247,0.0,0.0,0.0
2023-08-05,0.0846954684655132,0.0,0.0,0.8540825991008247,0.8906593406593402,0.8540825991008247,0.0,0.00033105680127660684,0.00033105680127660684
2023-08-05,0.0456766355660083,0.0,0.0,0.8540825991008247,0.8906593406593402,0.8540825991008247,0.0,0.001001325496297305,0.001001325496297305
2023-08-05,0.0061473492273078,0.0,0.0,0.8540825991008247,0.8906593406593402,0.8540825991008247,0.0,5.3666148845714634e-05,5.3666148845714634e-05
2023-08-05,0.0560325173991579,0.0,0.0,0.8540825991008247,0.8906593406593402,0.8540825991008247,0.0,0.0,0.0
2023-08-05,0.1109934304161121,0.0,0.0,0.8540825991008247,0.8906593406593402,0.8540825991008247,0.0,0.0,0.0
2023-08-05,0.063150967742795,0.0,0.0,0.8540825991008247,0.8906593406593402,0.8540825991008247,0.0,5.034065724874748e-05,5.034065724874748e-05
2023-08-05,0.0103857578807252,0.0,0.0,0.8540825991008247,0.8906593406593402,0.8540825991008247,0.0,6.650983193928872e-05,6.650983193928872e-05
2023-08-05,0.0052198935081986,0.0,0.0,0.8540825991008247,0.8906593406593402,0.8540825991008247,0.0,5.3666148845714634e-05,5.3666148845714634e-05
2023-08-06,0.0143032531946291,0.0,0.0,0.8583317077985717,0.8939560439560434,0.8540825991008247,0.004249108697746973,0.0027770440022468123,0.0014720646955001604
2023-08-06,0.0046783960667509,0.0,0.0,0.8583317077985717,0.8939560439560434,0.8583317077985717,0.0,0.0,0.0
2023-08-06,6.080472772518036e-05,0.0,0.0,0.8583317077985717,0.8939560439560434,0.8583317077985717,0.0,0.0013032829171349019,0.0013032829171349019
2023-08-06,0.0180734009323431,0.0,0.0,0.8583317077985717,0.8939560439560434,0.8583317077985717,0.0,9.676828021555977e-05,9.676828021555977e-05
2023-08-06,0.0049050734533226,0.0,0.0,0.8583317077985717,0.8939560439560434,0.8583317077985717,0.0,0.0,0.0
2023-08-06,0.0108958303494993,0.0,0.0,0.8583317077985717,0.8939560439560434,0.8583317077985717,0.0,8.498217395493945e-05,8.498217395493945e-05
2023-08-06,0.0134972563837965,0.0,0.0,0.8583317077985717,0.8939560439560434,0.8583317077985717,0.0,0.0004987297327150885,0.0004987297327150885
2023-08-06,0.0153261797822712,0.0,0.0,0.8583317077985717,0.8939560439560434,0.8583317077985717,0.0,0.00045623864573761884,0.00045623864573761884
2023-08-06,0.0061448868334406,0.0,0.0,0.8583317077985717,0.8939560439560434,0.8583317077985717,0.0,0.0,0.0
2023-08-06,0.0001583277130354,0.0,0.0,0.8583317077985717,0.8939560439560434,0.8583317077985717,0.0,0.0003610449799178067,0.0003610449799178067
2023-08-07,0.0138356384266069,0.0,0.0,0.8635890397437374,0.8978021978021982,0.8583317077985717,0.005257331945165644,0.00310182584764773,0.002155506097517914
2023-08-07,0.042278074758073,0.0,0.0,0.8635890397437374,0.8978021978021982,0.8635890397437374,0.0,0.0,0.0
2023-08-07,0.0061646583878921,0.0,0.0,0.8635890397437374,0.8978021978021982,0.8635890397437374,0.0,0.00012249089896380628,0.00012249089896380628
2023-08-07,0.1056708472265845,0.0,0.0,0.8635890397437374,0.8978021978021982,0.8635890397437374,0.0,0.0,0.0
2023-08-07,0.0934292353856944,0.0,0.0,0.8635890397437374,0.8978021978021982,0.8635890397437374,0.0,0.0,0.0
2023-08-07,0.0118866581293423,0.0,0.0,0.8635890397437374,0.8978021978021982,0.8635890397437374,0.0,0.0001314332986291411,0.0001314332986291411
2023-08-07,0.0892840914584752,0.0,0.0,0.8635890397437374,0.8978021978021982,0.8635890397437374,0.0,0.00011457082357032939,0.00011457082357032939
2023-08-07,0.0136634688072341,0.0,0.0,0.8635890397437374,0.8978021978021982,0.8635890397437374,0.0,0.0006571664931457055,0.0006571664931457055
2023-08-07,0.1657144410970709,0.0,0.0,0.8635890397437374,0.8978021978021982,0.8635890397437374,0.0,0.0003831718374339932,0.0003831718374339932
2023-08-07,0.0306240933164863,0.0,0.0,0.8635890397437374,0.8978021978021982,0.8635890397437374,0.0,0.00010568717817349138,0.00010568717817349138
2023-08-08,0.0471010249771479,0.0,0.0,0.8701836188399088,0.9027472527472522,0.8635890397437374,0.006594579096171449,0.004340025052820167,0.0022545540433512824
2023-08-08,0.0033496647726012,0.0,0.0,0.8701836188399088,0.9027472527472522,0.8701836188399088,0.0,3.468852012098678e-05,3.468852012098678e-05
2023-08-08,0.0222269699963424,0.0,0.0,0.8701836188399088,0.9027472527472522,0.8701836188399088,0.0,0.0,0.0
2023-08-08,0.0029068478068453,0.0,0.0,0.8701836188399088,0.9027472527472522,0.8701836188399088,0.0,3.468852012098678e-05,3.468852012098678e-05
2023-08-08,0.0306711607408351,0.0,0.0,0.8701836188399088,0.9027472527472522,0.8701836188399088,0.0,0.0,0.0
2023-08-08,0.0049291700434439,0.0,0.0,0.8701836188399088,0.9027472527472522,0.8701836188399088,0.0,0.0,0.0
2023-08-08,0.0016450032528456,0.0,0.0,0.8701836188399088,0.9027472527472522,0.8701836188399088,0.0,0.0001039950552407648,0.0001039950552407648
2023-08-08,0.0275684656297659,0.0,0.0,0.8701836188399088,0.9027472527472522,0.8701836188399088,0.0,7.948277442356267e-05,7.948277442356267e-05
2023-08-08,0.0324832212217037,0.0,0.0,0.8701836188399088,0.9027472527472522,0.8701836188399088,0.0,3.297289548085725e-05,3.297289548085725e-05
2023-08-08,0.0004838455124813,0.0,0.0,0.8701836188399088,0.9027472527472522,0.8701836188399088,0.0,8.714433103565344e-05,8.714433103565344e-05
2023-08-09,0.0024217044825239,0.0,0.0,0.8736524708520075,0.905494505494504,0.8701836188399088,0.0034688520120986777,0.002118443904949695,0.0013504081071489828
2023-08-09,0.0707989671221367,0.0,0.0,0.8736524708520075,0.905494505494504,0.8736524708520075,0.0,0.004355500927142346,0.004355500927142346
2023-08-09,0.0,0.0,0.0,0.8736524708520075,0.905494505494504,0.8736524708520075,0.0,0.0,0.0
2023-08-09,0.0,0.0,0.0,0.8736524708520075,0.905494505494504,0.8736524708520075,0.0,0.0,0.0
2023-08-09,0.0028610021755268,0.0,0.0,0.8736524708520075,0.905494505494504,0.8736524708520075,0.0,0.0003030780186180504,0.0003030780186180504
2023-08-09,0.0011446982427152,0.0,0.0,0.8736524708520075,0.905494505494504,0.8736524708520075,0.0,3.632188878522125e-05,3.632188878522125e-05
2023-08-09,0.0504991366744042,0.0,0.0,0.8736524708520075,0.905494505494504,0.8736524708520075,0.0,0.0,0.0
2023-08-09,0.011105975756963,0.0,0.0,0.8736524708520075,0.905494505494504,0.8736524708520075,0.0,3.468852012098678e-05,3.468852012098678e-05
2023-08-09,0.0262982514995873,0.0,0.0,0.8736524708520075,0.905494505494504,0.8736524708520075,0.0,0.0,0.0
2023-08-09,0.0384173865089052,0.0,0.0,0.8736524708520075,0.905494505494504,0.8736524708520075,0.0,0.0,0.0
2023-08-10,0.0001645554041173,0.0,0.0,0.8780096874037902,0.9085164835164824,0.8736524708520075,0.004357216551782672,0.0023964573526267714,0.001960759199155901
2023-08-10,0.0025894257835607,0.0,0.0,0.8780096874037902,0.9085164835164824,0.8780096874037902,0.0,0.0008862963894326892,0.0008862963894326892
2023-08-10,0.0093268287549149,0.0,0.0,0.8780096874037902,0.9085164835164824,0.8780096874037902,0.0,0.0,0.0
2023-08-10,0.1446917939157169,0.0,0.0,0.8780096874037902,0.9085164835164824,0.8780096874037902,0.0,0.0,0.0
2023-08-10,0.0079049935772678,0.0,0.0,0.8780096874037902,0.9085164835164824,0.8780096874037902,0.0,0.0,0.0
2023-08-10,0.0722330754009637,0.0,0.0,0.8780096874037902,0.9085164835164824,0.8780096874037902,0.0,0.0006664614184220457,0.0006664614184220457
2023-08-10,0.0750477128682877,0.0,0.0,0.8780096874037902,0.9085164835164824,0.8780096874037902,0.0,8.780237884282337e-05,8.780237884282337e-05
2023-08-10,0.0001323671716345,0.0,0.0,0.8780096874037902,0.9085164835164824,0.8780096874037902,0.0,0.0002511157435587874,0.0002511157435587874
2023-08-10,0.0002669074829835,0.0,0.0,0.8780096874037902,0.9085164835164824,0.8780096874037902,0.0,0.000540210246274414,0.000540210246274414
2023-08-10,0.0854009050265254,0.0,0.0,0.8780096874037902,0.9085164835164824,0.8780096874037902,0.0,0.00053669674101823,0.00053669674101823
2023-08-11,0.0711334900788026,0.0,0.0,0.8867335211903147,0.9137362637362632,0.8780096874037902,0.008723833786524526,0.031181313322412755,0.02245747953588823
2023-08-11,0.0089423350163081,0.0,0.0,0.8867335211903147,0.9137362637362632,0.8867335211903147,0.0,0.0,0.0
2023-08-11,0.1125194699978896,0.0,0.0,0.8867335211903147,0.9137362637362632,0.8867335211903147,0.0,0.0002919147076035045,0.0002919147076035045
2023-08-11,0.0164087535909902,0.0,0.0,0.8867335211903147,0.9137362637362632,0.8867335211903147,0.0,0.0037739746792604502,0.0037739746792604502
2023-08-11,0.3355686541512409,0.0,0.0,0.8867335211903147,0.9137362637362632,0.8867335211903147,0.0,0.0001811394097781216,0.0001811394097781216
2023-08-11,0.1471603574903302,0.0,0.0,0.8867335211903147,0.9137362637362632,0.8867335211903147,0.0,0.0003274727908982578,0.0003274727908982578
2023-08-11,0.5025860938636434,0.0,0.0,0.8867335211903147,0.9137362637362632,0.8867335211903147,0.0,2.1797833612610674e-05,2.1797833612610674e-05
2023-08-11,0.2754096520326848,0.0,0.0,0.8867335211903147,0.9137362637362632,0.8867335211903147,0.0,0.0,0.0
2023-08-11,0.0584963290187227,0.0,0.0,0.8867335211903147,0.9137362637362632,0.8867335211903147,0.0,0.0005788118006773146,0.0005788118006773146
2023-08-11,0.2932127516208747,0.0,0.0,0.8867335211903147,0.9137362637362632,0.8867335211903147,0.0,0.0,0.0
2023-08-12,0.2367053283044852,0.0,0.0,0.9042892966173994,0.928296703296704,0.8867335211903147,0.017555775427084752,0.011849584372304656,0.0057061910547800965
2023-08-12,0.1036482891119389,0.0,0.0,0.9042892966173994,0.928296703296704,0.9042892966173994,0.0,0.00014159778707923093,0.00014159778707923093
2023-08-12,0.0043020304501537,0.0,0.0,0.9042892966173994,0.928296703296704,0.9042892966173994,0.0,0.0,0.0
2023-08-12,0.062315163112756,0.0,0.0,0.9042892966173994,0.928296703296704,0.9042892966173994,0.0,0.00012192685798622982,0.00012192685798622982
2023-08-12,0.176071304502647,0.0,0.0,0.9042892966173994,0.928296703296704,0.9042892966173994,0.0,0.0019311352969793227,0.0019311352969793227
2023-08-12,0.0106573191269477,0.0,0.0,0.9042892966173994,0.928296703296704,0.9042892966173994,0.0,0.0,0.0
2023-08-12,0.0434369771076967,0.0,0.0,0.9042892966173994,0.928296703296704,0.9042892966173994,0.0,0.0,0.0
2023-08-12,0.2368545088545508,0.0,0.0,0.9042892966173994,0.928296703296704,0.9042892966173994,0.0,0.00386170655298107,0.00386170655298107
2023-08-12,0.323368575156931,0.0,0.0,0.9042892966173994,0.928296703296704,0.9042892966173994,0.0,0.0004388943856771188,0.0004388943856771188
2023-08-12,0.036772573339006,0.0,0.0,0.9042892966173994,0.928296703296704,0.9042892966173994,0.0,0.0,0.0
2023-08-13,0.0026678247549451,0.0,0.0,0.9241905424429084,0.943131868131868,0.9042892966173994,0.019901245825509006,0.01318290673817442,0.006718339087334586
2023-08-13,0.0467206269598165,0.0,0.0,0.9241905424429084,0.943131868131868,0.9241905424429084,0.0,0.00016093969226864567,0.00016093969226864567
2023-08-13,0.312862485261821,0.0,0.0,0.9241905424429084,0.943131868131868,0.9241905424429084,0.0,0.0,0.0
2023-08-13,0.2819932064220422,0.0,0.0,0.9241905424429084,0.943131868131868,0.9241905424429084,0.0,0.0,0.0
2023-08-13,0.2694641459378235,0.0,0.0,0.9241905424429084,0.943131868131868,0.9241905424429084,0.0,0.0,0.0
2023-08-13,0.052441088405165,0.0,0.0,0.9241905424429084,0.943131868131868,0.9241905424429084,0.0,5.593406360971942e-06,5.593406360971942e-06
2023-08-13,0.0745979862564815,0.0,0.0,0.9241905424429084,0.943131868131868,0.9241905424429084,0.0,2.303167325108435e-05,2.303167325108435e-05
2023-08-13,0.0061555658854273,0.0,0.0,0.9241905424429084,0.943131868131868,0.9241905424429084,0.0,0.0008955560621479052,0.0008955560621479052
2023-08-13,0.0033916238628105,0.0,0.0,0.9241905424429084,0.943131868131868,0.9241905424429084,0.0,0.002468102307632623,0.002468102307632623
2023-08-13,0.2406895568555527,0.0,0.0,0.9241905424429084,0.943131868131868,0.9241905424429084,0.0,0.0,0.0
2023-08-14,0.3649960658030992,0.0,0.0,0.9604184243985328,0.9703296703296688,0.9241905424429084,0.03622788195562432,0.02331663145327523,0.012911250502349089
2023-08-14,0.553084973173595,0.0,0.0,0.9604184243985328,0.9703296703296688,0.9604184243985328,0.0,0.0006524073973974182,0.0006524073973974182
2023-08-14,0.2161537680959289,0.0,0.0,0.9604184243985328,0.9703296703296688,0.9604184243985328,0.0,0.00035669716404896913,0.00035669716404896913
2023-08-14,0.316053120867951,0.0,0.0,0.9604184243985328,0.9703296703296688,0.9604184243985328,0.0,0.0007245576391124864,0.0007245576391124864
2023-08-14,0.0692948810287624,0.0,0.0,0.9604184243985328,0.9703296703296688,0.9604184243985328,0.0,0.00019847191898491435,0.00019847191898491435
2023-08-14,0.2170611603251233,0.0,0.0,0.9604184243985328,0.9703296703296688,0.9604184243985328,0.0,0.00035669716404896913,0.00035669716404896913
2023-08-14,1.0,0.0,0.0,0.9604184243985328,0.9703296703296688,0.9604184243985328,0.0,0.0008830766555190172,0.0008830766555190172
2023-08-14,0.1166731413766537,0.0,0.0,0.9604184243985328,0.9703296703296688,0.9604184243985328,0.0,0.0,0.0
2023-08-14,0.4472956209176088,0.0,0.0,0.9604184243985328,0.9703296703296688,0.9604184243985328,0.0,0.001915154135947935,0.001915154135947935
2023-08-14,0.2922594338964881,0.0,0.0,0.9604184243985328,0.9703296703296688,0.9604184243985328,0.0,0.0005434182293343648,0.0005434182293343648
2023-08-15,0.0544213796529889,0.0,0.0,1.0,1.0,0.9604184243985328,0.039581575601467245,0.02458800331844088,0.014993572283026366
2023-08-15,0.1160316833405273,0.0,0.0,1.0,1.0,1.0,0.0,0.0,0.0
2023-08-15,0.0451900600701696,0.0,0.0,1.0,1.0,1.0,0.0,0.01045221985377232,0.01045221985377232
2023-08-15,0.1088202877648206,0.0,0.0,1.0,1.0,1.0,0.0,0.0,0.0
2023-08-15,0.1318008612972853,0.0,0.0,1.0,1.0,1.0,0.0,0.0,0.0
2023-08-15,0.0967168272927573,0.0,0.0,1.0,1.0,1.0,0.0,0.0,0.0
2023-08-15,0.2638450465266247,0.0,0.0,1.0,1.0,1.0,0.0,0.0,0.0
2023-08-15,0.025513457450238,0.0,0.0,1.0,1.0,1.0,0.0,0.0029686181701100434,0.0029686181701100434
2023-08-15,0.1419631049413029,0.0,0.0,1.0,1.0,1.0,0.0,0.0,0.0
2023-08-15,0.2936475536076505,0.0,0.0,1.0,1.0,1.0,0.0,0.0,0.0
2023-08-16,0.0005394209298969,0.0,0.0,0.9960869657180595,0.9969780219780215,1.0,-0.003913034281940453,0.0,0.003913034281940453
2023-08-16,0.0,0.0,0.0,0.9960869657180595,0.9969780219780215,0.9960869657180595,0.0,0.0,0.0
2023-08-16,0.0020685099667935,0.0,0.0,0.9960869657180595,0.9969780219780215,0.9960869657180595,0.0,0.0,0.0
2023-08-16,0.0,0.0,0.0,0.9960869657180595,0.9969780219780215,0.9960869657180595,0.0,0.0,0.0
2023-08-16,1.3794271055375771e-06,0.0,0.0,0.9960869657180595,0.9969780219780215,0.9960869657180595,0.0,0.0,0.0
2023-08-16,0.0086326628706557,0.0,0.0,0.9960869657180595,0.9969780219780215,0.9960869657180595,0.0,0.0,0.0
2023-08-16,0.0144528009107056,0.0,0.0,0.9960869657180595,0.9969780219780215,0.9960869657180595,0.0,0.0,0.0
2023-08-16,0.0172698409873507,0.0,0.0,0.9960869657180595,0.9969780219780215,0.9960869657180595,0.0,0.0,0.0
2023-08-16,0.0174137557833812,0.0,0.0,0.9960869657180595,0.9969780219780215,0.9960869657180595,0.0,0.0,0.0
2023-08-16,0.0,0.0,0.0,0.9960869657180595,0.9969780219780215,0.9960869657180595,0.0,0.0,0.0
2023-08-17,0.0056106924939092,0.0,0.0,0.982110500327849,0.986538461538462,0.9960869657180595,-0.01397646539021058,0.0,0.01397646539021058
2023-08-17,0.0402946199137259,0.0,0.0,0.982110500327849,0.986538461538462,0.982110500327849,0.0,0.0,0.0
2023-08-17,0.0172917761030844,0.0,0.0,0.982110500327849,0.986538461538462,0.982110500327849,0.0,0.0,0.0
2023-08-17,0.0103832253518845,0.0,0.0,0.982110500327849,0.986538461538462,0.982110500327849,0.0,0.0,0.0
2023-08-17,0.0075192898912478,0.0,0.0,0.982110500327849,0.986538461538462,0.982110500327849,0.0,0.0,0.0
2023-08-17,0.0001185154984411,0.0,0.0,0.982110500327849,0.986538461538462,0.982110500327849,0.0,0.0,0.0
2023-08-17,0.0008577502066786,0.0,0.0,0.982110500327849,0.986538461538462,0.982110500327849,0.0,0.0,0.0
2023-08-17,0.0149413437692421,0.0,0.0,0.982110500327849,0.986538461538462,0.982110500327849,0.0,0.0,0.0
2023-08-17,0.0030191150685619,0.0,0.0,0.982110500327849,0.986538461538462,0.982110500327849,0.0,0.0,0.0
2023-08-17,0.0300521048523873,0.0,0.0,0.982110500327849,0.986538461538462,0.982110500327849,0.0,0.0,0.0
2023-08-18,0.0092757378406477,0.0,0.0,0.9679084185466076,0.975824175824174,0.982110500327849,-0.014202081781241382,0.0,0.014202081781241382
2023-08-18,0.1132040562555335,0.0,0.0,0.9679084185466076,0.975824175824174,0.9679084185466076,0.0,0.0,0.0
2023-08-18,0.025012894881809,0.0,0.0,0.9679084185466076,0.975824175824174,0.9679084185466076,0.0,0.0,0.0
2023-08-18,0.0014470009294415,0.0,0.0,0.9679084185466076,0.975824175824174,0.9679084185466076,0.0,0.0,0.0
2023-08-18,0.00011912089644,0.0,0.0,0.9679084185466076,0.975824175824174,0.9679084185466076,0.0,0.0,0.0
2023-08-18,0.0398204540164727,0.0,0.0,0.9679084185466076,0.975824175824174,0.9679084185466076,0.0,0.0,0.0
2023-08-18,0.0320993095687423,0.0,0.0,0.9679084185466076,0.975824175824174,0.9679084185466076,0.0,0.0,0.0
2023-08-18,0.0005277580369433,0.0,0.0,0.9679084185466076,0.975824175824174,0.9679084185466076,0.0,0.0,0.0
2023-08-18,0.0493112742164939,0.0,0.0,0.9679084185466076,0.975824175824174,0.9679084185466076,0.0,0.0,0.0
2023-08-18,0.00531888475156,0.0,0.0,0.9679084185466076,0.975824175824174,0.9679084185466076,0.0,0.0,0.0
2023-08-19,0.0944947673989729,0.0,0.0,0.9378121320513936,0.9711538461538468,0.9679084185466076,-0.03009628649521401,0.0,0.03009628649521401
2023-08-19,0.0104480016953898,0.0,0.0,0.9378121320513936,0.9711538461538468,0.9378121320513936,0.0,0.0,0.0
2023-08-19,0.0097513884769286,0.0,0.0,0.9378121320513936,0.9711538461538468,0.9378121320513936,0.0,0.0,0.0
2023-08-19,0.0117520466446559,0.0,0.0,0.9378121320513936,0.9711538461538468,0.9378121320513936,0.0,0.0,0.0
2023-08-19,0.0242763873420951,0.0,0.0,0.9378121320513936,0.9711538461538468,0.9378121320513936,0.0,0.0,0.0
2023-08-19,0.0130698575465169,0.0,0.0,0.9378121320513936,0.9711538461538468,0.9378121320513936,0.0,0.0003612447444306921,0.0003612447444306921
2023-08-19,0.006654924137466,0.0,0.0,0.9378121320513936,0.9711538461538468,0.9378121320513936,0.0,0.0,0.0
2023-08-19,0.0174644315391639,0.0,0.0,0.9378121320513936,0.9711538461538468,0.9378121320513936,0.0,0.0,0.0
2023-08-19,0.0099287260414745,0.0,0.0,0.9378121320513936,0.9711538461538468,0.9378121320513936,0.0,0.0,0.0
2023-08-19,0.0030840198872308,0.0,0.0,0.9378121320513936,0.9711538461538468,0.9378121320513936,0.0,0.0,0.0
2023-08-20,0.0186714238589135,0.0,0.0,0.9537110371068458,0.9653846153846146,0.9378121320513936,0.015898905055452217,0.009618837558548622,0.006280067496903595
2023-08-20,0.0015478279235564,0.0,0.0,0.9537110371068458,0.9653846153846146,0.9537110371068458,0.0,0.0,0.0
2023-08-20,0.000797515023576,0.0,0.0,0.9537110371068458,0.9653846153846146,0.9537110371068458,0.0,4.195054770729123e-05,4.195054770729123e-05
2023-08-20,0.0051410029026942,0.0,0.0,0.9537110371068458,0.9653846153846146,0.9537110371068458,0.0,0.0,0.0
2023-08-20,0.0190270534396142,0.0,0.0,0.9537110371068458,0.9653846153846146,0.9537110371068458,0.0,0.0007171310995743818,0.0007171310995743818
2023-08-20,0.0003769473091282,0.0,0.0,0.9537110371068458,0.9653846153846146,0.9537110371068458,0.0,0.0,0.0
2023-08-20,0.0189911450394342,0.0,0.0,0.9537110371068458,0.9653846153846146,0.9537110371068458,0.0,0.0006785882994399528,0.0006785882994399528
2023-08-20,0.0003680384486359,0.0,0.0,0.9537110371068458,0.9653846153846146,0.9537110371068458,0.0,0.0,0.0
2023-08-20,0.0062226628515631,0.0,0.0,0.9537110371068458,0.9653846153846146,0.9537110371068458,0.0,1.340772407115498e-05,1.340772407115498e-05
2023-08-20,0.0019820747177693,0.0,0.0,0.9537110371068458,0.9653846153846146,0.9537110371068458,0.0,0.0,0.0
2023-08-21,0.000305320412102,0.0,0.0,0.9455465439564184,0.9593406593406596,0.9537110371068458,-0.008164493150427443,0.0,0.008164493150427443
2023-08-21,0.0139133226972826,0.0,0.0,0.9455465439564184,0.9593406593406596,0.9455465439564184,0.0,0.00031543991670993863,0.00031543991670993863
2023-08-21,5.2460501993835087e-05,0.0,0.0,0.9455465439564184,0.9593406593406596,0.9455465439564184,0.0,0.0,0.0
2023-08-21,0.0086747135808885,0.0,0.0,0.9455465439564184,0.9593406593406596,0.9455465439564184,0.0,0.0,0.0
2023-08-21,0.0011152190636442,0.0,0.0,0.9455465439564184,0.9593406593406596,0.9455465439564184,0.0,2.4606287646800616e-05,2.4606287646800616e-05
2023-08-21,0.0087929407042617,0.0,0.0,0.9455465439564184,0.9593406593406596,0.9455465439564184,0.0,0.0,0.0
2023-08-21,0.0011119004669114,0.0,0.0,0.9455465439564184,0.9593406593406596,0.9455465439564184,0.0,9.841339973350959e-05,9.841339973350959e-05
2023-08-21,0.0101673080347602,0.0,0.0,0.9455465439564184,0.9593406593406596,0.9455465439564184,0.0,0.0,0.0
2023-08-21,0.0001825313949376,0.0,0.0,0.9455465439564184,0.9593406593406596,0.9455465439564184,0.0,0.0,0.0
2023-08-21,0.020131329361854,0.0,0.0,0.9455465439564184,0.9593406593406596,0.9455465439564184,0.0,2.016446494838453e-05,2.016446494838453e-05
2023-08-22,0.2542243030392544,0.0,0.0,0.9367122521451184,0.952472527472528,0.9455465439564184,-0.00883429181129991,0.0,0.00883429181129991
2023-08-22,0.0015667569731412,0.0,0.0,0.9367122521451184,0.952472527472528,0.9367122521451184,0.0,0.0,0.0
2023-08-22,0.0011210401566435,0.0,0.0,0.9367122521451184,0.952472527472528,0.9367122521451184,0.0,0.0,0.0
2023-08-22,0.0374738292192949,0.0,0.0,0.9367122521451184,0.952472527472528,0.9367122521451184,0.0,0.0,0.0
2023-08-22,0.0006614654191468,0.0,0.0,0.9367122521451184,0.952472527472528,0.9367122521451184,0.0,0.0,0.0
2023-08-22,0.0101526926849209,0.0,0.0,0.9367122521451184,0.952472527472528,0.9367122521451184,0.0,0.0,0.0
2023-08-22,0.0246341460418462,0.0,0.0,0.9367122521451184,0.952472527472528,0.9367122521451184,0.0,2.2326622029078534e-06,2.2326622029078534e-06
2023-08-22,0.0003139033564697,0.0,0.0,0.9367122521451184,0.952472527472528,0.9367122521451184,0.0,0.0,0.0
2023-08-22,0.1125824284583625,0.0,0.0,0.9367122521451184,0.952472527472528,0.9367122521451184,0.0,0.0,0.0
2023-08-22,0.0199754502423418,0.0,0.0,0.9367122521451184,0.952472527472528,0.9367122521451184,0.0,0.0,0.0
2023-08-23,0.0007182980735881,0.0,0.0,0.9428649991421878,0.9571428571428572,0.9367122521451184,0.006152746997069358,0.0038661601265332014,0.002286586870536157
2023-08-23,0.0205236399586634,0.0,0.0,0.9428649991421878,0.9571428571428572,0.9428649991421878,0.0,0.0,0.0
2023-08-23,0.0481887842639361,0.0,0.0,0.9428649991421878,0.9571428571428572,0.9428649991421878,0.0,0.0004274725558811904,0.0004274725558811904
2023-08-23,0.1395367155378457,0.0,0.0,0.9428649991421878,0.9571428571428572,0.9428649991421878,0.0,0.00020652125376908304,0.00020652125376908304
2023-08-23,0.0837240124815496,0.0,0.0,0.9428649991421878,0.9571428571428572,0.9428649991421878,0.0,1.8037560428766362e-05,1.8037560428766362e-05
2023-08-23,0.3609045591688101,0.0,0.0,0.9428649991421878,0.9571428571428572,0.9428649991421878,0.0,0.005911055438177624,0.005911055438177624
2023-08-23,0.5358805304731145,0.0,0.0,0.9428649991421878,0.9571428571428572,0.9428649991421878,0.0,0.0,0.0
2023-08-23,0.6109432117085277,0.0,0.0,0.9428649991421878,0.9571428571428572,0.9428649991421878,0.0,0.0010335463371413838,0.0010335463371413838
2023-08-23,0.0051925022355697,0.0,0.0,0.9428649991421878,0.9571428571428572,0.9428649991421878,0.0,4.9236077000993636e-05,4.9236077000993636e-05
2023-08-23,0.2370493294581864,0.0,0.0,0.9428649991421878,0.9571428571428572,0.9428649991421878,0.0,0.00021747304941704571,0.00021747304941704571
2023-08-24,0.0880024702232718,0.0,0.0,0.95582384060202,0.9670329670329654,0.9428649991421878,0.012958841459832171,0.008568769521105793,0.0043900719387263785
2023-08-24,0.2113717341704793,0.0,0.0,0.95582384060202,0.9670329670329654,0.95582384060202,0.0,8.777887713542375e-05,8.777887713542375e-05
2023-08-24,0.0760112052566943,0.0,0.0,0.95582384060202,0.9670329670329654,0.95582384060202,0.0,0.0013417829805335508,0.0013417829805335508
2023-08-24,0.1120582310098034,0.0,0.0,0.95582384060202,0.9670329670329654,0.95582384060202,0.0,0.0017930862677173643,0.0017930862677173643
2023-08-24,0.285720364540839,0.0,0.0,0.95582384060202,0.9670329670329654,0.95582384060202,0.0,0.0,0.0
2023-08-24,0.2631305446212432,0.0,0.0,0.95582384060202,0.9670329670329654,0.95582384060202,0.0,0.0,0.0
2023-08-24,0.0085254127676807,0.0,0.0,0.95582384060202,0.9670329670329654,0.95582384060202,0.0,6.479420729916086e-05,6.479420729916086e-05
2023-08-24,0.0155360933770317,0.0,0.0,0.95582384060202,0.9670329670329654,0.95582384060202,0.0,6.479420729916086e-05,6.479420729916086e-05
2023-08-24,0.2979901621870847,0.0,0.0,0.95582384060202,0.9670329670329654,0.95582384060202,0.0,0.0,0.0
2023-08-24,0.1364620994521314,0.0,0.0,0.95582384060202,0.9670329670329654,0.95582384060202,0.0,0.0009565077402873323,0.0009565077402873323
2023-08-25,0.0886683800418121,0.0,0.0,0.953708686936106,0.9653846153846146,0.95582384060202,-0.0021151536659139714,0.0,0.0021151536659139714
2023-08-25,0.0017624913058147,0.0,0.0,0.953708686936106,0.9653846153846146,0.953708686936106,0.0,0.0,0.0
2023-08-25,0.0769979467750823,0.0,0.0,0.953708686936106,0.9653846153846146,0.953708686936106,0.0,0.0,0.0
2023-08-25,0.0137620883868153,0.0,0.0,0.953708686936106,0.9653846153846146,0.953708686936106,0.0,0.00010514663890331288,0.00010514663890331288
2023-08-25,0.0549429785627224,0.0,0.0,0.953708686936106,0.9653846153846146,0.953708686936106,0.0,0.0,0.0
2023-08-25,0.0199907358865671,0.0,0.0,0.953708686936106,0.9653846153846146,0.953708686936106,0.0,0.00024911809842985134,0.00024911809842985134
2023-08-25,0.1706595149792861,0.0,0.0,0.953708686936106,0.9653846153846146,0.953708686936106,0.0,0.0,0.0
2023-08-25,0.0141103509316648,0.0,0.0,0.953708686936106,0.9653846153846146,0.953708686936106,0.0,0.0001057811850030893,0.0001057811850030893
2023-08-25,0.0073070426278857,0.0,0.0,0.953708686936106,0.9653846153846146,0.953708686936106,0.0,0.0,0.0
2023-08-25,0.0041380598611147,0.0,0.0,0.953708686936106,0.9653846153846146,0.953708686936106,0.0,0.0,0.0
2023-08-26,0.0270697630591071,0.0,0.0,0.957391404485536,0.9681318681318682,0.953708686936106,0.003682717549429948,0.0022464577051522685,0.0014362598442776795
2023-08-26,0.0109976033303886,0.0,0.0,0.957391404485536,0.9681318681318682,0.957391404485536,0.0,9.50644064291295e-06,9.50644064291295e-06
2023-08-26,0.0101876247661723,0.0,0.0,0.957391404485536,0.9681318681318682,0.957391404485536,0.0,9.50644064291295e-06,9.50644064291295e-06
2023-08-26,0.0307750388763938,0.0,0.0,0.957391404485536,0.9681318681318682,0.957391404485536,0.0,0.0,0.0
2023-08-26,0.0837304545317392,0.0,0.0,0.957391404485536,0.9681318681318682,0.957391404485536,0.0,0.0013395268166232382,0.0013395268166232382
2023-08-26,0.002806198063885,0.0,0.0,0.957391404485536,0.9681318681318682,0.957391404485536,0.0,9.950622912754503e-05,9.950622912754503e-05
2023-08-26,0.0122423781520793,0.0,0.0,0.957391404485536,0.9681318681318682,0.957391404485536,0.0,9.50644064291295e-06,9.50644064291295e-06
2023-08-26,0.0003549398942592,0.0,0.0,0.957391404485536,0.9681318681318682,0.957391404485536,0.0,0.0,0.0
2023-08-26,0.0302158106010249,0.0,0.0,0.957391404485536,0.9681318681318682,0.957391404485536,0.0,0.0,0.0
2023-08-26,0.0216712207584817,0.0,0.0,0.957391404485536,0.9681318681318682,0.957391404485536,0.0,0.00018420638259370015,0.00018420638259370015
2023-08-27,5.056055025885601e-05,0.0,0.0,0.953487770886555,0.9651098901098898,0.957391404485536,-0.003903633598980938,0.0,0.003903633598980938
2023-08-27,9.984838156782592e-05,0.0,0.0,0.953487770886555,0.9651098901098898,0.953487770886555,0.0,0.0,0.0
2023-08-27,0.0,0.0,0.0,0.953487770886555,0.9651098901098898,0.953487770886555,0.0,0.0,0.0
2023-08-27,5.7178887795414936e-05,0.0,0.0,0.953487770886555,0.9651098901098898,0.953487770886555,0.0,0.0,0.0
2023-08-27,0.0,0.0,0.0,0.953487770886555,0.9651098901098898,0.953487770886555,0.0,0.0,0.0
2023-08-27,0.0,0.0,0.0,0.953487770886555,0.9651098901098898,0.953487770886555,0.0,0.0,0.0
2023-08-27,3.0275718035955097e-05,0.0,0.0,0.953487770886555,0.9651098901098898,0.953487770886555,0.0,0.0,0.0
2023-08-27,0.0031367969255073,0.0,0.0,0.953487770886555,0.9651098901098898,0.953487770886555,0.0,0.0,0.0
2023-08-27,0.0004949921542286,0.0,0.0,0.953487770886555,0.9651098901098898,0.953487770886555,0.0,0.0,0.0
2023-08-27,0.0001783868414151,0.0,0.0,0.953487770886555,0.9651098901098898,0.953487770886555,0.0,2.6838949849703475e-05,2.6838949849703475e-05
2023-08-28,0.0284399245299138,0.0,0.0,0.9502445352654872,0.9626373626373628,0.953487770886555,-0.0032432356210677638,0.0,0.0032432356210677638
2023-08-28,0.0129061012013625,0.0,0.0,0.9502445352654872,0.9626373626373628,0.9502445352654872,0.0,0.0002661803380015626,0.0002661803380015626
2023-08-28,0.0209659918356789,0.0,0.0,0.9502445352654872,0.9626373626373628,0.9502445352654872,0.0,0.0,0.0
2023-08-28,0.0132359030678718,0.0,0.0,0.9502445352654872,0.9626373626373628,0.9502445352654872,0.0,2.851932192873885e-05,2.851932192873885e-05
2023-08-28,0.0070856184136593,0.0,0.0,0.9502445352654872,0.9626373626373628,0.9502445352654872,0.0,4.5264288450554416e-05,4.5264288450554416e-05
2023-08-28,0.0088975290441152,0.0,0.0,0.9502445352654872,0.9626373626373628,0.9502445352654872,0.0,0.0,0.0
2023-08-28,0.0024004844816244,0.0,0.0,0.9502445352654872,0.9626373626373628,0.9502445352654872,0.0,0.0001476259750270842,0.0001476259750270842
2023-08-28,0.0005968004286454,0.0,0.0,0.9502445352654872,0.9626373626373628,0.9502445352654872,0.0,0.0,0.0
2023-08-28,0.0010062499045293,0.0,0.0,0.9502445352654872,0.9626373626373628,0.9502445352654872,0.0,0.00030204394349249983,0.00030204394349249983
2023-08-28,0.0007120479546597,0.0,0.0,0.9502445352654872,0.9626373626373628,0.9502445352654872,0.0,0.00015381867492673395,0.00015381867492673395
2023-08-29,0.0021060618143628,0.0,0.0,0.9459930763970004,0.9596153846153844,0.9502445352654872,-0.004251458868486879,0.0,0.004251458868486879
2023-08-29,0.0031179927073235,0.0,0.0,0.9459930763970004,0.9596153846153844,0.9459930763970004,0.0,0.0,0.0
2023-08-29,0.0022469745146984,0.0,0.0,0.9459930763970004,0.9596153846153844,0.9459930763970004,0.0,0.0,0.0
2023-08-29,0.0009341507444273,0.0,0.0,0.9459930763970004,0.9596153846153844,0.9459930763970004,0.0,0.0,0.0
2023-08-29,0.0013268571049546,0.0,0.0,0.9459930763970004,0.9596153846153844,0.9459930763970004,0.0,0.0,0.0
2023-08-29,0.0021813726278511,0.0,0.0,0.9459930763970004,0.9596153846153844,0.9459930763970004,0.0,0.0,0.0
2023-08-29,0.0061021816313374,0.0,0.0,0.9459930763970004,0.9596153846153844,0.9459930763970004,0.0,0.00015088096150184805,0.00015088096150184805
2023-08-29,0.0001321246336897,0.0,0.0,0.9459930763970004,0.9596153846153844,0.9459930763970004,0.0,0.0,0.0
2023-08-29,0.0199629396730355,0.0,0.0,0.9459930763970004,0.9596153846153844,0.9459930763970004,0.0,0.0,0.0
2023-08-29,0.0004067049228985,0.0,0.0,0.9459930763970004,0.9596153846153844,0.9459930763970004,0.0,0.0,0.0
2023-08-30,0.0001313719608543,0.0,0.0,0.941633509674478,0.956318681318681,0.9459930763970004,-0.004359566722522357,0.0,0.004359566722522357
2023-08-30,7.186069427870559e-05,0.0,0.0,0.941633509674478,0.956318681318681,0.941633509674478,0.0,0.0,0.0
2023-08-30,0.0,0.0,0.0,0.941633509674478,0.956318681318681,0.941633509674478,0.0,0.0,0.0
2023-08-30,0.0,0.0,0.0,0.941633509674478,0.956318681318681,0.941633509674478,0.0,0.0,0.0
2023-08-30,0.0014482832444461,0.0,0.0,0.941633509674478,0.956318681318681,0.941633509674478,0.0,0.0,0.0
2023-08-30,0.0,0.0,0.0,0.941633509674478,0.956318681318681,0.941633509674478,0.0,0.0,0.0
2023-08-30,0.0,0.0,0.0,0.941633509674478,0.956318681318681,0.941633509674478,0.0,0.0,0.0
2023-08-30,0.0,0.0,0.0,0.941633509674478,0.956318681318681,0.941633509674478,0.0,0.0,0.0
2023-08-30,0.0,0.0,0.0,0.941633509674478,0.956318681318681,0.941633509674478,0.0,0.0,0.0
2023-08-30,0.0052871174373636,0.0,0.0,0.941633509674478,0.956318681318681,0.941633509674478,0.0,3.0293700837363823e-05,3.0293700837363823e-05
2023-08-31,0.0,0.0,0.0,0.9398450297414108,0.9549450549450532,0.941633509674478,-0.0017884799330671886,0.0,0.0017884799330671886
2023-08-31,0.0,0.0,0.0,0.9398450297414108,0.9549450549450532,0.9398450297414108,0.0,0.0,0.0
2023-08-31,0.0,0.0,0.0,0.9398450297414108,0.9549450549450532,0.9398450297414108,0.0,0.0,0.0
2023-08-31,0.0,0.0,0.0,0.9398450297414108,0.9549450549450532,0.9398450297414108,0.0,0.0,0.0
2023-08-31,0.0,0.0,0.0,0.9398450297414108,0.9549450549450532,0.9398450297414108,0.0,0.0,0.0
2023-08-31,0.0,0.0,0.0,0.9398450297414108,0.9549450549450532,0.9398450297414108,0.0,0.0,0.0
2023-08-31,0.0,0.0,0.0,0.9398450297414108,0.9549450549450532,0.9398450297414108,0.0,0.0,0.0
2023-08-31,0.0,0.0,0.0,0.9398450297414108,0.9549450549450532,0.9398450297414108,0.0,0.0,0.0
2023-08-31,0.0,0.0,0.0,0.9398450297414108,0.9549450549450532,0.9398450297414108,0.0,0.0,0.0
2023-08-31,0.0,0.0,0.0,0.9398450297414108,0.9549450549450532,0.9398450297414108,0.0,0.0,0.0
2023-09-01,0.0,0.0,0.0,0.9397322215458954,0.9549450549450532,0.9398450297414108,-0.00011280819551540144,0.0,0.00011280819551540144
2023-09-01,0.0,0.0,0.0,0.9397322215458954,0.9549450549450532,0.9397322215458954,0.0,0.0,0.0
2023-09-01,0.0066303779540841,0.0,0.0,0.9397322215458954,0.9549450549450532,0.9397322215458954,0.0,3.017619230036961e-05,3.017619230036961e-05
2023-09-01,0.0,0.0,0.0,0.9397322215458954,0.9549450549450532,0.9397322215458954,0.0,0.0,0.0
2023-09-01,0.0849583517760507,0.0,0.0,0.9397322215458954,0.9549450549450532,0.9397322215458954,0.0,0.00015313712541216163,0.00015313712541216163
2023-09-01,0.0,0.0,0.0,0.9397322215458954,0.9549450549450532,0.9397322215458954,0.0,0.0,0.0
2023-09-01,1.838565451635069e-05,0.0,0.0,0.9397322215458954,0.9549450549450532,0.9397322215458954,0.0,0.0,0.0
2023-09-01,8.814861042965817e-05,0.0,0.0,0.9397322215458954,0.9549450549450532,0.9397322215458954,0.0,3.5769598661343774e-05,3.5769598661343774e-05
2023-09-01,0.0064457424401299,0.0,0.0,0.9397322215458954,0.9549450549450532,0.9397322215458954,0.0,0.00030008155092466624,0.00030008155092466624
2023-09-01,0.0,0.0,0.0,0.9397322215458954,0.9549450549450532,0.9397322215458954,0.0,0.0,0.0
2023-09-02,0.0631473116256113,0.0,0.0,0.9408509028180898,0.9557692307692314,0.9397322215458954,0.0011186812721943884,0.0007327362332873244,0.00038594503890706405
2023-09-02,0.0,0.0,0.0,0.9408509028180898,0.9557692307692314,0.9408509028180898,0.0,0.0,0.0
2023-09-02,0.0012618960499347,0.0,0.0,0.9408509028180898,0.9557692307692314,0.9408509028180898,0.0,4.421846247130767e-05,4.421846247130767e-05
2023-09-02,0.0255789432999215,0.0,0.0,0.9408509028180898,0.9557692307692314,0.9408509028180898,0.0,0.0,0.0
2023-09-02,5.316630069780672e-05,0.0,0.0,0.9408509028180898,0.9557692307692314,0.9408509028180898,0.0,0.0,0.0
2023-09-02,0.0206832610250809,0.0,0.0,0.9408509028180898,0.9557692307692314,0.9408509028180898,0.0,1.6803720790320442e-06,1.6803720790320442e-06
2023-09-02,0.0001010325942302,0.0,0.0,0.9408509028180898,0.9557692307692314,0.9408509028180898,0.0,0.0,0.0
2023-09-02,0.0091974831394868,0.0,0.0,0.9408509028180898,0.9557692307692314,0.9408509028180898,0.0,6.1574473385489494e-06,6.1574473385489494e-06
2023-09-02,0.0096206223512434,0.0,0.0,0.9408509028180898,0.9557692307692314,0.9408509028180898,0.0,0.00016331336471594722,0.00016331336471594722
2023-09-02,0.0,0.0,0.0,0.9408509028180898,0.9557692307692314,0.9408509028180898,0.0,0.0,0.0
2023-09-03,0.0,0.0,0.0,0.939172880909798,0.9543956043956036,0.9408509028180898,-0.0016780219082918046,0.0,0.0016780219082918046
2023-09-03,0.0362535526976355,0.0,0.0,0.939172880909798,0.9543956043956036,0.939172880909798,0.0,0.0,0.0
2023-09-03,0.0014723443865053,0.0,0.0,0.939172880909798,0.9543956043956036,0.939172880909798,0.0,0.0,0.0
2023-09-03,0.0,0.0,0.0,0.939172880909798,0.9543956043956036,0.939172880909798,0.0,0.0,0.0
2023-09-03,0.0,0.0,0.0,0.939172880909798,0.9543956043956036,0.939172880909798,0.0,0.0,0.0
2023-09-03,0.061046725207698,0.0,0.0,0.939172880909798,0.9543956043956036,0.939172880909798,0.0,0.00013983515902429855,0.00013983515902429855
2023-09-03,0.0,0.0,0.0,0.939172880909798,0.9543956043956036,0.939172880909798,0.0,0.0,0.0
2023-09-03,1.4599908582138576e-05,0.0,0.0,0.939172880909798,0.9543956043956036,0.939172880909798,0.0,0.0,0.0
2023-09-03,9.984838156782592e-05,0.0,0.0,0.939172880909798,0.9543956043956036,0.939172880909798,0.0,0.0,0.0
2023-09-03,0.0,0.0,0.0,0.939172880909798,0.9543956043956036,0.939172880909798,0.0,0.0,0.0
2023-09-04,0.0003111477908628,0.0,0.0,0.9397322215458954,0.9549450549450532,0.939172880909798,0.0005593406360974162,0.0,0.0005593406360974162
2023-09-04,1.2471726228177435e-06,0.0,0.0,0.9397322215458954,0.9549450549450532,0.9397322215458954,0.0,0.0,0.0
2023-09-04,0.0,0.0,0.0,0.9397322215458954,0.9549450549450532,0.9397322215458954,0.0,0.0,0.0
2023-09-04,0.0001019958326207,0.0,0.0,0.9397322215458954,0.9549450549450532,0.9397322215458954,0.0,0.0,0.0
2023-09-04,0.0,0.0,0.0,0.9397322215458954,0.9549450549450532,0.9397322215458954,0.0,0.0,0.0
2023-09-04,0.0012906704232542,0.0,0.0,0.9397322215458954,0.9549450549450532,0.9397322215458954,0.0,0.0,0.0
2023-09-04,0.0001243239636613,0.0,0.0,0.9397322215458954,0.9549450549450532,0.9397322215458954,0.0,0.0,0.0
2023-09-04,0.0,0.0,0.0,0.9397322215458954,0.9549450549450532,0.9397322215458954,0.0,0.0,0.0
2023-09-04,0.0,0.0,0.0,0.9397322215458954,0.9549450549450532,0.9397322215458954,0.0,0.0,0.0
2023-09-04,0.0002216068219017,0.0,0.0,0.9397322215458954,0.9549450549450532,0.9397322215458954,0.0,0.0,0.0
2023-09-05,0.004721550473745,0.0,0.0,0.9409637110136052,0.9557692307692314,0.9397322215458954,0.0012314894677097898,0.0006345696014815222,0.0005969198662282676
2023-09-05,0.1166523528532252,0.0,0.0,0.9409637110136052,0.9557692307692314,0.9409637110136052,0.0,1.6780219082915826e-05,1.6780219082915826e-05
2023-09-05,0.0075298955311792,0.0,0.0,0.9409637110136052,0.9557692307692314,0.9409637110136052,0.0,1.2314894677097899e-05,1.2314894677097899e-05
2023-09-05,0.0169535885000109,0.0,0.0,0.9409637110136052,0.9557692307692314,0.9409637110136052,0.0,0.0,0.0
2023-09-05,0.0577568416369702,0.0,0.0,0.9409637110136052,0.9557692307692314,0.9409637110136052,0.0,0.00011746153358041078,0.00011746153358041078
2023-09-05,0.0109503309213516,0.0,0.0,0.9409637110136052,0.9557692307692314,0.9409637110136052,0.0,0.0,0.0
2023-09-05,0.0327424827752776,0.0,0.0,0.9409637110136052,0.9557692307692314,0.9409637110136052,0.0,0.0,0.0
2023-09-05,0.0183807318975225,0.0,0.0,0.9409637110136052,0.9557692307692314,0.9409637110136052,0.0,0.00015898905055452216,0.00015898905055452216
2023-09-05,0.0093285654571408,0.0,0.0,0.9409637110136052,0.9557692307692314,0.9409637110136052,0.0,0.0,0.0
2023-09-05,0.0516776676265442,0.0,0.0,0.9409637110136052,0.9557692307692314,0.9409637110136052,0.0,0.0,0.0
2023-09-06,0.0011092631900641,0.0,0.0,0.9423056585060908,0.9568681318681308,0.9409637110136052,0.0013419474924856178,0.0009712668125341201,0.00037068067995149774
2023-09-06,0.0084593019056299,0.0,0.0,0.9423056585060908,0.9568681318681308,0.9423056585060908,0.0,0.0,0.0
2023-09-06,0.0017441286694941,0.0,0.0,0.9423056585060908,0.9568681318681308,0.9423056585060908,0.0,0.00019507592226572666,0.00019507592226572666
2023-09-06,0.0075305089243089,0.0,0.0,0.9423056585060908,0.9568681318681308,0.9423056585060908,0.0,0.0,0.0
2023-09-06,1.3810951300239324e-06,0.0,0.0,0.9423056585060908,0.9568681318681308,0.9423056585060908,0.0,0.0,0.0
2023-09-06,0.0,0.0,0.0,0.9423056585060908,0.9568681318681308,0.9423056585060908,0.0,0.0,0.0
2023-09-06,0.0001708790815022,0.0,0.0,0.9423056585060908,0.9568681318681308,0.9423056585060908,0.0,0.0,0.0
2023-09-06,0.0,0.0,0.0,0.9423056585060908,0.9568681318681308,0.9423056585060908,0.0,0.0,0.0
2023-09-06,0.0016350014947121,0.0,0.0,0.9423056585060908,0.9568681318681308,0.9423056585060908,0.0,8.108089052670297e-05,8.108089052670297e-05
2023-09-06,7.768947740635492e-07,0.0,0.0,0.9423056585060908,0.9568681318681308,0.9423056585060908,0.0,0.0,0.0
2023-09-07,0.0017398508597253,0.0,0.0,0.9433115315827696,0.957417582417582,0.9423056585060908,0.001005873076678765,0.0006135825767740466,0.0003922904999047183
2023-09-07,0.0,0.0,0.0,0.9433115315827696,0.957417582417582,0.9433115315827696,0.0,9.776710278020701e-07,9.776710278020701e-07
2023-09-07,0.0245030023177108,0.0,0.0,0.9433115315827696,0.957417582417582,0.9433115315827696,0.0,0.0,0.0
2023-09-07,0.0069269021539416,0.0,0.0,0.9433115315827696,0.957417582417582,0.9433115315827696,0.0,4.023492306715726e-05,4.023492306715726e-05
2023-09-07,0.0004401828419561,0.0,0.0,0.9433115315827696,0.957417582417582,0.9433115315827696,0.0,1.5088096150181474e-05,1.5088096150181474e-05
2023-09-07,0.0109794997963567,0.0,0.0,0.9433115315827696,0.957417582417582,0.9433115315827696,0.0,5.0293653833938246e-06,5.0293653833938246e-06
2023-09-07,0.0,0.0,0.0,0.9433115315827696,0.957417582417582,0.9433115315827696,0.0,9.776710278020701e-07,9.776710278020701e-07
2023-09-07,0.0,0.0,0.0,0.9433115315827696,0.957417582417582,0.9433115315827696,0.0,9.776710278020701e-07,9.776710278020701e-07
2023-09-07,0.0086886455612259,0.0,0.0,0.9433115315827696,0.957417582417582,0.9433115315827696,0.0,0.00010023478205691439,0.00010023478205691439
2023-09-07,0.0019328766534246,0.0,0.0,0.9433115315827696,0.957417582417582,0.9433115315827696,0.0,0.00022343073224268095,0.00022343073224268095
2023-09-08,0.0,0.0,0.0,0.9434243397782852,0.957692307692307,0.9433115315827696,0.00011280819551562349,2.0314959614789228e-05,9.249323590083426e-05
2023-09-08,0.0,0.0,0.0,0.9434243397782852,0.957692307692307,0.9434243397782852,0.0,2.0314959614789228e-05,2.0314959614789228e-05
2023-09-08,0.0,0.0,0.0,0.9434243397782852,0.957692307692307,0.9434243397782852,0.0,2.0314959614789228e-05,2.0314959614789228e-05
2023-09-08,0.0030054794360564,0.0,0.0,0.9434243397782852,0.957692307692307,0.9434243397782852,0.0,2.2373625443885546e-05,2.2373625443885546e-05
2023-09-08,0.0,0.0,0.0,0.9434243397782852,0.957692307692307,0.9434243397782852,0.0,2.0314959614789228e-05,2.0314959614789228e-05
2023-09-08,0.0,0.0,0.0,0.9434243397782852,0.957692307692307,0.9434243397782852,0.0,2.0314959614789228e-05,2.0314959614789228e-05
2023-09-08,0.0001372542807223,0.0,0.0,0.9434243397782852,0.957692307692307,0.9434243397782852,0.0,0.0,0.0
2023-09-08,0.0,0.0,0.0,0.9434243397782852,0.957692307692307,0.9434243397782852,0.0,2.0314959614789228e-05,2.0314959614789228e-05
2023-09-08,0.0004356535034482,0.0,0.0,0.9434243397782852,0.957692307692307,0.9434243397782852,0.0,1.781429420842029e-06,1.781429420842029e-06
2023-09-08,0.0027576156537547,0.0,0.0,0.9434243397782852,0.957692307692307,0.9434243397782852,0.0,0.0007115846966281974,0.0007115846966281974
2023-09-09,0.0064038761614871,0.0,0.0,0.9464419590083222,0.9598901098901093,0.9434243397782852,0.003017619230036961,0.0019145078389944403,0.0011031113910425206
2023-09-09,0.0238189910635555,0.0,0.0,0.9464419590083222,0.9598901098901093,0.9464419590083222,0.0,0.0,0.0
2023-09-09,0.0051484518296687,0.0,0.0,0.9464419590083222,0.9598901098901093,0.9464419590083222,0.0,6.650983193928817e-05,6.650983193928817e-05
2023-09-09,0.0052854983413695,0.0,0.0,0.9464419590083222,0.9598901098901093,0.9464419590083222,0.0,6.650983193928817e-05,6.650983193928817e-05
2023-09-09,0.0466952535494791,0.0,0.0,0.9464419590083222,0.9598901098901093,0.9464419590083222,0.0,0.00016093969226864567,0.00016093969226864567
2023-09-09,0.0011767520646869,0.0,0.0,0.9464419590083222,0.9598901098901093,0.9464419590083222,0.0,0.0,0.0
2023-09-09,0.0137223126383134,0.0,0.0,0.9464419590083222,0.9598901098901093,0.9464419590083222,0.0,8.274951175202605e-05,8.274951175202605e-05
2023-09-09,0.0011645443478979,0.0,0.0,0.9464419590083222,0.9598901098901093,0.9464419590083222,0.0,0.0,0.0
2023-09-09,0.0098159762692776,0.0,0.0,0.9464419590083222,0.9598901098901093,0.9464419590083222,0.0,0.00013579286535166324,0.00013579286535166324
2023-09-09,0.001316559956019,0.0,0.0,0.9464419590083222,0.9598901098901093,0.9464419590083222,0.0,0.0,0.0
2023-09-10,0.0005935706642138,0.0,0.0,0.9458826183722248,0.9593406593406596,0.9464419590083222,-0.0005593406360974162,0.0,0.0005593406360974162
2023-09-10,8.982234727292963e-05,0.0,0.0,0.9458826183722248,0.9593406593406596,0.9458826183722248,0.0,0.0,0.0
2023-09-10,0.0692376810483534,0.0,0.0,0.9458826183722248,0.9593406593406596,0.9458826183722248,0.0,4.474725088777554e-05,4.474725088777554e-05
2023-09-10,0.0017507402095428,0.0,0.0,0.9458826183722248,0.9593406593406596,0.9458826183722248,0.0,4.3807182591807934e-05,4.3807182591807934e-05
2023-09-10,9.191309701562202e-07,0.0,0.0,0.9458826183722248,0.9593406593406596,0.9458826183722248,0.0,0.0,0.0
2023-09-10,3.569562098495221e-05,0.0,0.0,0.9458826183722248,0.9593406593406596,0.9458826183722248,0.0,0.0,0.0
2023-09-10,0.0024150338662126,0.0,0.0,0.9458826183722248,0.9593406593406596,0.9458826183722248,0.0,0.00022091604955099876,0.00022091604955099876
2023-09-10,0.0017731555279048,0.0,0.0,0.9458826183722248,0.9593406593406596,0.9458826183722248,0.0,0.0,0.0
2023-09-10,0.0009222135376963,0.0,0.0,0.9458826183722248,0.9593406593406596,0.9458826183722248,0.0,1.3983515902420418e-05,1.3983515902420418e-05
2023-09-10,0.0157635486628522,0.0,0.0,0.9458826183722248,0.9593406593406596,0.9458826183722248,0.0,0.0,0.0
2023-09-11,0.0010182352697908,0.0,0.0,0.9481199809166136,0.9612637362637352,0.9458826183722248,0.002237362544388888,0.0013424175266333327,0.0008949450177555551
2023-09-11,0.0093349068477122,0.0,0.0,0.9481199809166136,0.9612637362637352,0.9481199809166136,0.0,3.017619230036961e-05,3.017619230036961e-05
2023-09-11,0.0145443733328673,0.0,0.0,0.9481199809166136,0.9612637362637352,0.9481199809166136,0.0,6.37366304662046e-05,6.37366304662046e-05
2023-09-11,0.0675354712948242,0.0,0.0,0.9481199809166136,0.9612637362637352,0.9481199809166136,0.0,0.0,0.0
2023-09-11,0.001101682439677,0.0,0.0,0.9481199809166136,0.9612637362637352,0.9481199809166136,0.0,0.000210281526952954,0.000210281526952954
2023-09-11,0.0,0.0,0.0,0.9481199809166136,0.9612637362637352,0.9481199809166136,0.0,0.0,0.0
2023-09-11,0.001291613269859,0.0,0.0,0.9481199809166136,0.9612637362637352,0.9481199809166136,0.0,4.4747250887777754e-05,4.4747250887777754e-05
2023-09-11,0.01091703623353,0.0,0.0,0.9481199809166136,0.9612637362637352,0.9481199809166136,0.0,0.0,0.0
2023-09-11,0.0108500150537241,0.0,0.0,0.9481199809166136,0.9612637362637352,0.9481199809166136,0.0,0.0,0.0
2023-09-11,0.0164984822916677,0.0,0.0,0.9481199809166136,0.9612637362637352,0.9481199809166136,0.0,0.0,0.0
2023-09-12,0.0019151436194191,0.0,0.0,0.9491258539932927,0.9618131868131864,0.9481199809166136,0.001005873076679098,0.0006940289212011741,0.00031184415547792386
2023-09-12,0.0168134278645391,0.0,0.0,0.9491258539932927,0.9618131868131864,0.9491258539932927,0.0,0.0,0.0
2023-09-12,0.0020151088135347,0.0,0.0,0.9491258539932927,0.9618131868131864,0.9491258539932927,0.0,5.579305336533613e-05,5.579305336533613e-05
2023-09-12,0.0001692071821292,0.0,0.0,0.9491258539932927,0.9618131868131864,0.9491258539932927,0.0,4.025842477455521e-05,4.025842477455521e-05
2023-09-12,0.0012464082717775,0.0,0.0,0.9491258539932927,0.9618131868131864,0.9491258539932927,0.0,0.0,0.0
2023-09-12,0.0007538467349057,0.0,0.0,0.9491258539932927,0.9618131868131864,0.9491258539932927,0.0,0.00020079858801742067,0.00020079858801742067
2023-09-12,0.0007061294438792,0.0,0.0,0.9491258539932927,0.9618131868131864,0.9491258539932927,0.0,0.00015381867492673395,0.00015381867492673395
2023-09-12,0.0005047002072071,0.0,0.0,0.9491258539932927,0.9618131868131864,0.9491258539932927,0.0,0.0,0.0
2023-09-12,0.0008696454748955,0.0,0.0,0.9491258539932927,0.9618131868131864,0.9491258539932927,0.0,3.858980354922881e-05,3.858980354922881e-05
2023-09-12,0.0,0.0,0.0,0.9491258539932927,0.9618131868131864,0.9491258539932927,0.0,0.0,0.0
2023-09-13,0.0,0.0,0.0,0.9506910677060688,0.9631868131868124,0.9491258539932927,0.0015652137127760701,0.00045982219555132153,0.0011053915172247485
2023-09-13,0.0031825307957962,0.0,0.0,0.9506910677060688,0.9631868131868124,0.9506910677060688,0.0,0.0,0.0
2023-09-13,0.0,0.0,0.0,0.9506910677060688,0.9631868131868124,0.9506910677060688,0.0,0.00045982219555132153,0.00045982219555132153
2023-09-13,0.0191969473137387,0.0,0.0,0.9506910677060688,0.9631868131868124,0.9506910677060688,0.0,8.117489735629313e-05,8.117489735629313e-05
2023-09-13,0.0,0.0,0.0,0.9506910677060688,0.9631868131868124,0.9506910677060688,0.0,0.00045982219555132153,0.00045982219555132153
2023-09-13,0.0017978129409342,0.0,0.0,0.9506910677060688,0.9631868131868124,0.9506910677060688,0.0,0.0,0.0
2023-09-13,0.0327436107848004,0.0,0.0,0.9506910677060688,0.9631868131868124,0.9506910677060688,0.0,0.0,0.0
2023-09-13,0.0003971478007192,0.0,0.0,0.9506910677060688,0.9631868131868124,0.9506910677060688,0.0,9.782585704850438e-06,9.782585704850438e-06
2023-09-13,0.0276835679258157,0.0,0.0,0.9506910677060688,0.9631868131868124,0.9506910677060688,0.0,8.607500334899543e-05,8.607500334899543e-05
2023-09-13,0.0002301294103521,0.0,0.0,0.9506910677060688,0.9631868131868124,0.9506910677060688,0.0,3.23501002347807e-05,3.23501002347807e-05
2023-09-14,7.677367299620643e-05,0.0,0.0,0.952479547639136,0.9642857142857136,0.9506910677060688,0.0017884799330671886,0.0011790219059414995,0.0006094580271256891
2023-09-14,0.0,0.0,0.0,0.952479547639136,0.9642857142857136,0.952479547639136,0.0,1.6768468229216294e-05,1.6768468229216294e-05
2023-09-14,0.0,0.0,0.0,0.952479547639136,0.9642857142857136,0.952479547639136,0.0,1.6768468229216294e-05,1.6768468229216294e-05
2023-09-14,0.0015633904822132,0.0,0.0,0.952479547639136,0.9642857142857136,0.952479547639136,0.0,0.0,0.0
2023-09-14,0.0003434977003976,0.0,0.0,0.952479547639136,0.9642857142857136,0.952479547639136,0.0,8.942399665335944e-06,8.942399665335944e-06
2023-09-14,0.0002192286080317,0.0,0.0,0.952479547639136,0.9642857142857136,0.952479547639136,0.0,5.365439799201566e-05,5.365439799201566e-05
2023-09-14,1.655312662201735e-06,0.0,0.0,0.952479547639136,0.9642857142857136,0.952479547639136,0.0,2.5193830331775024e-05,2.5193830331775024e-05
2023-09-14,0.0034274142385664,0.0,0.0,0.952479547639136,0.9642857142857136,0.952479547639136,0.0,0.0,0.0
2023-09-14,0.0097688708680576,0.0,0.0,0.952479547639136,0.9642857142857136,0.952479547639136,0.0,0.0,0.0
2023-09-14,0.0285749772799385,0.0,0.0,0.952479547639136,0.9642857142857136,0.952479547639136,0.0,0.0,0.0
2023-09-15,0.0202652192317652,0.0,0.0,0.9528156220549424,0.96456043956044,0.952479547639136,0.00033607441580640884,0.00020612172474336333,0.0001299526910630455
2023-09-15,0.0197433611363756,0.0,0.0,0.9528156220549424,0.96456043956044,0.9528156220549424,0.0,0.0003700461338516348,0.0003700461338516348
2023-09-15,0.0298377118242969,0.0,0.0,0.9528156220549424,0.96456043956044,0.9528156220549424,0.0,3.3607441580640884e-06,3.3607441580640884e-06
2023-09-15,0.1007656902053028,0.0,0.0,0.9528156220549424,0.96456043956044,0.9528156220549424,0.0,0.0,0.0
2023-09-15,0.1498084922294998,0.0,0.0,0.9528156220549424,0.96456043956044,0.9528156220549424,0.0,0.0,0.0
2023-09-15,0.0300331265733745,0.0,0.0,0.9528156220549424,0.96456043956044,0.9528156220549424,0.0,3.3607441580640884e-06,3.3607441580640884e-06
2023-09-15,0.1194183583414215,0.0,0.0,0.9528156220549424,0.96456043956044,0.9528156220549424,0.0,0.0,0.0
2023-09-15,0.0182045578156395,0.0,0.0,0.9528156220549424,0.96456043956044,0.9528156220549424,0.0,0.0,0.0
2023-09-15,0.0493168097411256,0.0,0.0,0.9528156220549424,0.96456043956044,0.9528156220549424,0.0,0.0,0.0
2023-09-15,0.0439195742268677,0.0,0.0,0.9528156220549424,0.96456043956044,0.9528156220549424,0.0,0.0,0.0
2023-09-16,0.0243824565460898,0.0,0.0,0.9530388882752332,0.964835164835165,0.9528156220549424,0.00022326622029078536,0.00013172706997156337,9.153915031922199e-05
2023-09-16,0.0121487418705461,0.0,0.0,0.9530388882752332,0.964835164835165,0.9530388882752332,0.0,0.0,0.0
2023-09-16,0.2103984101258365,0.0,0.0,0.9530388882752332,0.964835164835165,0.9530388882752332,0.0,0.00026333663140627126,0.00026333663140627126
2023-09-16,0.0247418531862415,0.0,0.0,0.9530388882752332,0.964835164835165,0.9530388882752332,0.0,3.683892634797958e-05,3.683892634797958e-05
2023-09-16,0.029907692825103,0.0,0.0,0.9530388882752332,0.964835164835165,0.9530388882752332,0.0,0.0,0.0
2023-09-16,0.0422800131760387,0.0,0.0,0.9530388882752332,0.964835164835165,0.9530388882752332,0.0,0.0,0.0
2023-09-16,0.0651384267249942,0.0,0.0,0.9530388882752332,0.964835164835165,0.9530388882752332,0.0,7.948277442357266e-05,7.948277442357266e-05
2023-09-16,0.0074214365435552,0.0,0.0,0.9530388882752332,0.964835164835165,0.9530388882752332,0.0,0.0,0.0
2023-09-16,0.15207425629312,0.0,0.0,0.9530388882752332,0.964835164835165,0.9530388882752332,0.0,0.0,0.0
2023-09-16,0.1032441577651102,0.0,0.0,0.9530388882752332,0.964835164835165,0.9530388882752332,0.0,0.0,0.0
2023-09-17,0.0017931765519901,0.0,0.0,0.9530388882752332,0.964835164835165,0.9530388882752332,0.0,0.0,0.0
2023-09-17,0.0295521593045837,0.0,0.0,0.9530388882752332,0.964835164835165,0.9530388882752332,0.0,0.0,0.0
2023-09-17,0.0265150697641136,0.0,0.0,0.9530388882752332,0.964835164835165,0.9530388882752332,0.0,7.477068209005289e-05,7.477068209005289e-05
2023-09-17,0.0282449302985526,0.0,0.0,0.9530388882752332,0.964835164835165,0.9530388882752332,0.0,0.0,0.0
2023-09-17,0.0104587658112031,0.0,0.0,0.9530388882752332,0.964835164835165,0.9530388882752332,0.0,0.0,0.0
2023-09-17,0.0287559958715567,0.0,0.0,0.9530388882752332,0.964835164835165,0.9530388882752332,0.0,0.0,0.0
2023-09-17,0.0,0.0,0.0,0.9530388882752332,0.964835164835165,0.9530388882752332,0.0,7.82606856388035e-06,7.82606856388035e-06
2023-09-17,0.0114695362681365,0.0,0.0,0.9530388882752332,0.964835164835165,0.9530388882752332,0.0,0.0,0.0
2023-09-17,0.0063332626283089,0.0,0.0,0.9530388882752332,0.964835164835165,0.9530388882752332,0.0,0.00023972916632392704,0.00023972916632392704
2023-09-17,0.0304139688938686,0.0,0.0,0.9530388882752332,0.964835164835165,0.9530388882752332,0.0,0.0,0.0
2023-09-18,0.0745843998452706,0.0,0.0,0.9531516964707488,0.964835164835165,0.9530388882752332,0.00011280819551562349,7.163320415242092e-05,4.117499136320257e-05
2023-09-18,0.1166873046972795,0.0,0.0,0.9531516964707488,0.964835164835165,0.9531516964707488,0.0,0.0,0.0
2023-09-18,0.0970419266864593,0.0,0.0,0.9531516964707488,0.964835164835165,0.9531516964707488,0.0,0.00024110401620677845,0.00024110401620677845
2023-09-18,0.1741839998459022,0.0,0.0,0.9531516964707488,0.964835164835165,0.9531516964707488,0.0,0.0,0.0
2023-09-18,0.034220899775388,0.0,0.0,0.9531516964707488,0.964835164835165,0.9531516964707488,0.0,0.0,0.0
2023-09-18,0.1928382333067614,0.0,0.0,0.9531516964707488,0.964835164835165,0.9531516964707488,0.0,0.0,0.0
2023-09-18,0.0359050311304757,0.0,0.0,0.9531516964707488,0.964835164835165,0.9531516964707488,0.0,0.0,0.0
2023-09-18,0.0911803061442106,0.0,0.0,0.9531516964707488,0.964835164835165,0.9531516964707488,0.0,0.0,0.0
2023-09-18,0.1043483878373491,0.0,0.0,0.9531516964707488,0.964835164835165,0.9531516964707488,0.0,0.0,0.0
2023-09-18,0.080306199722007,0.0,0.0,0.9531516964707488,0.964835164835165,0.9531516964707488,0.0,9.588696618827996e-06,9.588696618827996e-06
2023-09-19,0.4290460282457743,0.0,0.0,0.957511263193271,0.9681318681318682,0.9531516964707488,0.004359566722522135,0.0034425300998115844,0.0009170366227105502
2023-09-19,0.185740913367861,0.0,0.0,0.957511263193271,0.9681318681318682,0.957511263193271,0.0,0.00010898916806305337,0.00010898916806305337
2023-09-19,0.018033507981568,0.0,0.0,0.957511263193271,0.9681318681318682,0.957511263193271,0.0,8.844867579629629e-05,8.844867579629629e-05
2023-09-19,0.0067088388809542,0.0,0.0,0.957511263193271,0.9681318681318682,0.957511263193271,0.0,0.0,0.0
2023-09-19,0.0184804330001871,0.0,0.0,0.957511263193271,0.9681318681318682,0.957511263193271,0.0,0.001210831466906066,0.001210831466906066
2023-09-19,0.0291911686701393,0.0,0.0,0.957511263193271,0.9681318681318682,0.957511263193271,0.0,1.841358774714974e-05,1.841358774714974e-05
2023-09-19,0.0280306491507815,0.0,0.0,0.957511263193271,0.9681318681318682,0.957511263193271,0.0,0.0006444755711502409,0.0006444755711502409
2023-09-19,0.0297976644663726,0.0,0.0,0.957511263193271,0.9681318681318682,0.957511263193271,0.0,0.0,0.0
2023-09-19,0.0763402827186727,0.0,0.0,0.957511263193271,0.9681318681318682,0.957511263193271,0.0,6.64863302318952e-05,6.64863302318952e-05
2023-09-19,0.0432155646787648,0.0,0.0,0.957511263193271,0.9681318681318682,0.957511263193271,0.0,0.0,0.0
2023-09-20,0.0130141594740623,0.0,0.0,0.9594125513218535,0.9695054945054942,0.957511263193271,0.00190128812858259,0.0012168244022928577,0.0006844637262897323
2023-09-20,0.0124606413480698,0.0,0.0,0.9594125513218535,0.9695054945054942,0.9594125513218535,0.0,0.0001330901690007813,0.0001330901690007813
2023-09-20,0.0389187801432538,0.0,0.0,0.9594125513218535,0.9695054945054942,0.9594125513218535,0.0,0.0,0.0
2023-09-20,0.0177532119133155,0.0,0.0,0.9594125513218535,0.9695054945054942,0.9594125513218535,0.0,8.900096592017404e-05,8.900096592017404e-05
2023-09-20,0.0019516624189604,0.0,0.0,0.9594125513218535,0.9695054945054942,0.9594125513218535,0.0,0.0,0.0
2023-09-20,0.00381488925679,0.0,0.0,0.9594125513218535,0.9695054945054942,0.9594125513218535,0.0,2.182133532001085e-05,2.182133532001085e-05
2023-09-20,0.0099260465380553,0.0,0.0,0.9594125513218535,0.9695054945054942,0.9594125513218535,0.0,5.70386438574777e-05,5.70386438574777e-05
2023-09-20,0.0156284066684341,0.0,0.0,0.9594125513218535,0.9695054945054942,0.9594125513218535,0.0,0.0,0.0
2023-09-20,0.0170984419356457,0.0,0.0,0.9594125513218535,0.9695054945054942,0.9594125513218535,0.0,8.900096592017404e-05,8.900096592017404e-05
2023-09-20,0.0159072486707382,0.0,0.0,0.9594125513218535,0.9695054945054942,0.9594125513218535,0.0,9.50644064291295e-06,9.50644064291295e-06
2023-09-21,0.0,0.0,0.0,0.961313839450436,0.9711538461538468,0.9594125513218535,0.001901288128582479,6.170498779726306e-05,0.0018395831407852158
2023-09-21,0.0084599389378047,0.0,0.0,0.961313839450436,0.9711538461538468,0.961313839450436,0.0,0.0,0.0
2023-09-21,0.0,0.0,0.0,0.961313839450436,0.9711538461538468,0.961313839450436,0.0,6.170498779726306e-05,6.170498779726306e-05
2023-09-21,0.0006438492180226,0.0,0.0,0.961313839450436,0.9711538461538468,0.961313839450436,0.0,0.0,0.0
2023-09-21,0.0,0.0,0.0,0.961313839450436,0.9711538461538468,0.961313839450436,0.0,6.170498779726306e-05,6.170498779726306e-05
2023-09-21,0.0107975339389872,0.0,0.0,0.961313839450436,0.9711538461538468,0.961313839450436,0.0,0.0,0.0
2023-09-21,0.0063476506415252,0.0,0.0,0.961313839450436,0.9711538461538468,0.961313839450436,0.0,0.00015756719725688374,0.00015756719725688374
2023-09-21,0.0053815768262858,0.0,0.0,0.961313839450436,0.9711538461538468,0.961313839450436,0.0,0.0,0.0
2023-09-21,0.0131940432193583,0.0,0.0,0.961313839450436,0.9711538461538468,0.961313839450436,0.0,9.50644064291295e-05,9.50644064291295e-05
2023-09-21,0.0011514197951128,0.0,0.0,0.961313839450436,0.9711538461538468,0.961313839450436,0.0,0.0,0.0
2023-09-22,0.0001634569716983,0.0,0.0,0.9626557869429212,0.9719780219780212,0.961313839450436,0.0013419474924851738,0.0009291752545821586,0.00041277223790301516
2023-09-22,0.0003801983850973,0.0,0.0,0.9626557869429212,0.9719780219780212,0.9626557869429212,0.0,6.038763716183282e-05,6.038763716183282e-05
2023-09-22,3.3677531636006576e-05,0.0,0.0,0.9626557869429212,0.9719780219780212,0.9626557869429212,0.0,0.0,0.0
2023-09-22,0.0048400657478398,0.0,0.0,0.9626557869429212,0.9719780219780212,0.9626557869429212,0.0,1.9588673117106327e-05,1.9588673117106327e-05
2023-09-22,0.0069470391874016,0.0,0.0,0.9626557869429212,0.9719780219780212,0.9626557869429212,0.0,0.0,0.0
2023-09-22,5.6710720563584966e-05,0.0,0.0,0.9626557869429212,0.9719780219780212,0.9626557869429212,0.0,6.11044392372917e-07,6.11044392372917e-07
2023-09-22,0.0372932263243212,0.0,0.0,0.9626557869429212,0.9719780219780212,0.9626557869429212,0.0,0.0,0.0
2023-09-22,0.0001188222089005,0.0,0.0,0.9626557869429212,0.9719780219780212,0.9626557869429212,0.0,5.594581446340618e-05,5.594581446340618e-05
2023-09-22,0.0,0.0,0.0,0.9626557869429212,0.9719780219780212,0.9626557869429212,0.0,5.954915190377679e-06,5.954915190377679e-06
2023-09-22,0.0005594434579832,0.0,0.0,0.9626557869429212,0.9719780219780212,0.9626557869429212,0.0,7.345458647569539e-05,7.345458647569539e-05
2023-09-23,0.0064923149356545,0.0,0.0,0.9623197125271152,0.9717032967032964,0.9626557869429212,-0.00033607441580596475,0.0,0.00033607441580596475
2023-09-23,0.0,0.0,0.0,0.9623197125271152,0.9717032967032964,0.9623197125271152,0.0,6.747118577287046e-06,6.747118577287046e-06
2023-09-23,0.0,0.0,0.0,0.9623197125271152,0.9717032967032964,0.9623197125271152,0.0,6.747118577287046e-06,6.747118577287046e-06
2023-09-23,3.544419865778257e-06,0.0,0.0,0.9623197125271152,0.9717032967032964,0.9623197125271152,0.0,0.0,0.0
2023-09-23,5.8850580444517016e-05,0.0,0.0,0.9623197125271152,0.9717032967032964,0.9623197125271152,0.0,0.00020250246180385288,0.00020250246180385288
2023-09-23,0.001424560510056,0.0,0.0,0.9623197125271152,0.9717032967032964,0.9623197125271152,0.0,1.005873076679209e-05,1.005873076679209e-05
2023-09-23,0.0087987831921659,0.0,0.0,0.9623197125271152,0.9717032967032964,0.9623197125271152,0.0,0.0,0.0
2023-09-23,0.0291203257602107,0.0,0.0,0.9623197125271152,0.9717032967032964,0.9623197125271152,0.0,1.841358774714974e-05,1.841358774714974e-05
2023-09-23,0.0055344382488892,0.0,0.0,0.9623197125271152,0.9717032967032964,0.9623197125271152,0.0,0.0,0.0
2023-09-23,0.0048014876036411,0.0,0.0,0.9623197125271152,0.9717032967032964,0.9623197125271152,0.0,4.465324405837912e-06,4.465324405837912e-06
2023-09-24,0.0,0.0,0.0,0.9611892804012212,0.9711538461538468,0.9623197125271152,-0.001130432125894032,6.170498779726306e-05,0.001192137113691295
2023-09-24,0.0,0.0,0.0,0.9611892804012212,0.9711538461538468,0.9611892804012212,0.0,6.170498779726306e-05,6.170498779726306e-05
2023-09-24,0.0001825313949376,0.0,0.0,0.9611892804012212,0.9711538461538468,0.9611892804012212,0.0,8.051684954911042e-05,8.051684954911042e-05
2023-09-24,0.0001575017467567,0.0,0.0,0.9611892804012212,0.9711538461538468,0.9611892804012212,0.0,0.00017611004439470833,0.00017611004439470833
2023-09-24,0.0002700633161778,0.0,0.0,0.9611892804012212,0.9711538461538468,0.9611892804012212,0.0,0.0,0.0
2023-09-24,0.0,0.0,0.0,0.9611892804012212,0.9711538461538468,0.9611892804012212,0.0,6.170498779726306e-05,6.170498779726306e-05
2023-09-24,0.0229231118938465,0.0,0.0,0.9611892804012212,0.9711538461538468,0.9611892804012212,0.0,0.0,0.0
2023-09-24,0.0006509894696442,0.0,0.0,0.9611892804012212,0.9711538461538468,0.9611892804012212,0.0,0.0,0.0
2023-09-24,0.0088256589503389,0.0,0.0,0.9611892804012212,0.9711538461538468,0.9611892804012212,0.0,0.0,0.0
2023-09-24,0.0014991666574161,0.0,0.0,0.9611892804012212,0.9711538461538468,0.9611892804012212,0.0,0.0,0.0
2023-09-25,0.0,0.0,0.0,0.9611892804012212,0.9711538461538468,0.9611892804012212,0.0,6.170498779726306e-05,6.170498779726306e-05
2023-09-25,0.0,0.0,0.0,0.9611892804012212,0.9711538461538468,0.9611892804012212,0.0,6.170498779726306e-05,6.170498779726306e-05
2023-09-25,0.0030907182119977,0.0,0.0,0.9611892804012212,0.9711538461538468,0.9611892804012212,0.0,0.0,0.0
2023-09-25,0.0,0.0,0.0,0.9611892804012212,0.9711538461538468,0.9611892804012212,0.0,6.170498779726306e-05,6.170498779726306e-05
2023-09-25,0.0,0.0,0.0,0.9611892804012212,0.9711538461538468,0.9611892804012212,0.0,6.170498779726306e-05,6.170498779726306e-05
2023-09-25,0.0,0.0,0.0,0.9611892804012212,0.9711538461538468,0.9611892804012212,0.0,6.170498779726306e-05,6.170498779726306e-05
2023-09-25,0.0,0.0,0.0,0.9611892804012212,0.9711538461538468,0.9611892804012212,0.0,6.170498779726306e-05,6.170498779726306e-05
2023-09-25,3.460082080617246e-05,0.0,0.0,0.9611892804012212,0.9711538461538468,0.9611892804012212,0.0,0.0,0.0
2023-09-25,0.0,0.0,0.0,0.9611892804012212,0.9711538461538468,0.9611892804012212,0.0,6.170498779726306e-05,6.170498779726306e-05
2023-09-25,0.0,0.0,0.0,0.9611892804012212,0.9711538461538468,0.9611892804012212,0.0,6.170498779726306e-05,6.170498779726306e-05
2023-09-26,0.0,0.0,0.0,0.958963668710532,0.9692307692307692,0.9611892804012212,-0.0022256116906892442,0.0,0.0022256116906892442
2023-09-26,0.0,0.0,0.0,0.958963668710532,0.9692307692307692,0.958963668710532,0.0,0.0,0.0
2023-09-26,0.0,0.0,0.0,0.958963668710532,0.9692307692307692,0.958963668710532,0.0,0.0,0.0
2023-09-26,0.0,0.0,0.0,0.958963668710532,0.9692307692307692,0.958963668710532,0.0,0.0,0.0
2023-09-26,1.5537888703438858e-06,0.0,0.0,0.958963668710532,0.9692307692307692,0.958963668710532,0.0,0.0,0.0
2023-09-26,0.0,0.0,0.0,0.958963668710532,0.9692307692307692,0.958963668710532,0.0,0.0,0.0
2023-09-26,0.0,0.0,0.0,0.958963668710532,0.9692307692307692,0.958963668710532,0.0,0.0,0.0
2023-09-26,0.0,0.0,0.0,0.958963668710532,0.9692307692307692,0.958963668710532,0.0,0.0,0.0
2023-09-26,0.0002232217942626,0.0,0.0,0.958963668710532,0.9692307692307692,0.958963668710532,0.0,5.698095784839849e-06,5.698095784839849e-06
2023-09-26,0.0,0.0,0.0,0.958963668710532,0.9692307692307692,0.958963668710532,0.0,0.0,0.0
2023-09-27,0.0,0.0,0.0,0.955384358673658,0.9664835164835156,0.958963668710532,-0.0035793100368739506,0.0,0.0035793100368739506
2023-09-27,0.0,0.0,0.0,0.955384358673658,0.9664835164835156,0.955384358673658,0.0,0.0,0.0
2023-09-27,0.0,0.0,0.0,0.955384358673658,0.9664835164835156,0.955384358673658,0.0,0.0,0.0
2023-09-27,0.0,0.0,0.0,0.955384358673658,0.9664835164835156,0.955384358673658,0.0,0.0,0.0
2023-09-27,0.0,0.0,0.0,0.955384358673658,0.9664835164835156,0.955384358673658,0.0,0.0,0.0
2023-09-27,0.0,0.0,0.0,0.955384358673658,0.9664835164835156,0.955384358673658,0.0,0.0,0.0
2023-09-27,0.0,0.0,0.0,0.955384358673658,0.9664835164835156,0.955384358673658,0.0,0.0,0.0
2023-09-27,0.0,0.0,0.0,0.955384358673658,0.9664835164835156,0.955384358673658,0.0,0.0,0.0
2023-09-27,0.0,0.0,0.0,0.955384358673658,0.9664835164835156,0.955384358673658,0.0,0.0,0.0
2023-09-27,0.0,0.0,0.0,0.955384358673658,0.9664835164835156,0.955384358673658,0.0,0.0,0.0
2023-09-28,0.0,0.0,0.0,0.955384358673658,0.9664835164835156,0.955384358673658,0.0,0.0,0.0
2023-09-28,0.0,0.0,0.0,0.955384358673658,0.9664835164835156,0.955384358673658,0.0,0.0,0.0
2023-09-28,0.0,0.0,0.0,0.955384358673658,0.9664835164835156,0.955384358673658,0.0,0.0,0.0
2023-09-28,0.0,0.0,0.0,0.955384358673658,0.9664835164835156,0.955384358673658,0.0,0.0,0.0
2023-09-28,0.0,0.0,0.0,0.955384358673658,0.9664835164835156,0.955384358673658,0.0,0.0,0.0
2023-09-28,0.0,0.0,0.0,0.955384358673658,0.9664835164835156,0.955384358673658,0.0,0.0,0.0
2023-09-28,0.0,0.0,0.0,0.955384358673658,0.9664835164835156,0.955384358673658,0.0,0.0,0.0
2023-09-28,0.0,0.0,0.0,0.955384358673658,0.9664835164835156,0.955384358673658,0.0,0.0,0.0
2023-09-28,0.0,0.0,0.0,0.955384358673658,0.9664835164835156,0.955384358673658,0.0,0.0,0.0
2023-09-28,0.0,0.0,0.0,0.955384358673658,0.9664835164835156,0.955384358673658,0.0,0.0,0.0
2023-09-29,0.0,0.0,0.0,0.9503549932902629,0.9629120879120876,0.955384358673658,-0.005029365383395157,0.0,0.005029365383395157
2023-09-29,0.0,0.0,0.0,0.9503549932902629,0.9629120879120876,0.9503549932902629,0.0,0.0,0.0
2023-09-29,0.0,0.0,0.0,0.9503549932902629,0.9629120879120876,0.9503549932902629,0.0,0.0,0.0
2023-09-29,0.0,0.0,0.0,0.9503549932902629,0.9629120879120876,0.9503549932902629,0.0,0.0,0.0
2023-09-29,0.0,0.0,0.0,0.9503549932902629,0.9629120879120876,0.9503549932902629,0.0,0.0,0.0
2023-09-29,0.0,0.0,0.0,0.9503549932902629,0.9629120879120876,0.9503549932902629,0.0,0.0,0.0
2023-09-29,0.0,0.0,0.0,0.9503549932902629,0.9629120879120876,0.9503549932902629,0.0,0.0,0.0
2023-09-29,0.0,0.0,0.0,0.9503549932902629,0.9629120879120876,0.9503549932902629,0.0,0.0,0.0
2023-09-29,0.0,0.0,0.0,0.9503549932902629,0.9629120879120876,0.9503549932902629,0.0,0.0,0.0
2023-09-29,0.0,0.0,0.0,0.9503549932902629,0.9629120879120876,0.9503549932902629,0.0,0.0,0.0
2023-09-30,0.0,0.0,0.0,0.9464419590083222,0.9598901098901093,0.9503549932902629,-0.003913034281940675,0.0,0.003913034281940675
2023-09-30,0.0001946791590903,0.0,0.0,0.9464419590083222,0.9598901098901093,0.9464419590083222,0.0,1.4042270170927517e-06,1.4042270170927517e-06
2023-09-30,0.0033379261129735,0.0,0.0,0.9464419590083222,0.9598901098901093,0.9464419590083222,0.0,2.5146826916975784e-05,2.5146826916975784e-05
2023-09-30,0.0,0.0,0.0,0.9464419590083222,0.9598901098901093,0.9464419590083222,0.0,0.0,0.0
2023-09-30,0.0015870708585415,0.0,0.0,0.9464419590083222,0.9598901098901093,0.9464419590083222,0.0,0.0,0.0
2023-09-30,0.001733929153197,0.0,0.0,0.9464419590083222,0.9598901098901093,0.9464419590083222,0.0,2.0117461533575298e-05,2.0117461533575298e-05
2023-09-30,0.0,0.0,0.0,0.9464419590083222,0.9598901098901093,0.9464419590083222,0.0,0.0,0.0
2023-09-30,0.0001119648517917,0.0,0.0,0.9464419590083222,0.9598901098901093,0.9464419590083222,0.0,0.0,0.0
2023-09-30,0.0007349712667951,0.0,0.0,0.9464419590083222,0.9598901098901093,0.9464419590083222,0.0,0.0007355329364678354,0.0007355329364678354
2023-09-30,0.0,0.0,0.0,0.9464419590083222,0.9598901098901093,0.9464419590083222,0.0,0.0,0.0
2023-10-01,0.0431331964543525,0.0,0.0,0.9427521909466724,0.9571428571428572,0.9464419590083222,-0.0036897680616497786,0.0,0.0036897680616497786
2023-10-01,0.0,0.0,0.0,0.9427521909466724,0.9571428571428572,0.9427521909466724,0.0,0.0,0.0
2023-10-01,0.0,0.0,0.0,0.9427521909466724,0.9571428571428572,0.9427521909466724,0.0,0.0,0.0
2023-10-01,0.000291872044998,0.0,0.0,0.9427521909466724,0.9571428571428572,0.9427521909466724,0.0,0.0,0.0
2023-10-01,0.0015400525890646,0.0,0.0,0.9427521909466724,0.9571428571428572,0.9427521909466724,0.0,0.0001705871431559497,0.0001705871431559497
2023-10-01,0.0235349457235945,0.0,0.0,0.9427521909466724,0.9571428571428572,0.9427521909466724,0.0,0.0,0.0
2023-10-01,0.0077936478248625,0.0,0.0,0.9427521909466724,0.9571428571428572,0.9427521909466724,0.0,3.076373498534679e-05,3.076373498534679e-05
2023-10-01,0.0017367807362849,0.0,0.0,0.9427521909466724,0.9571428571428572,0.9427521909466724,0.0,0.00024602762390685707,0.00024602762390685707
2023-10-01,0.0007153668387725,0.0,0.0,0.9427521909466724,0.9571428571428572,0.9427521909466724,0.0,0.0014665887976761515,0.0014665887976761515
2023-10-01,0.0060340471478711,0.0,0.0,0.9427521909466724,0.9571428571428572,0.9427521909466724,0.0,4.585183113553159e-05,4.585183113553159e-05
2023-10-02,0.0017826882004103,0.0,0.0,0.9387263484692164,0.9541208791208788,0.9427521909466724,-0.004025842477455965,0.0,0.004025842477455965
2023-10-02,0.0025210268548405,0.0,0.0,0.9387263484692164,0.9541208791208788,0.9387263484692164,0.0,0.00019661528410038932,0.00019661528410038932
2023-10-02,0.0020213088700395,0.0,0.0,0.9387263484692164,0.9541208791208788,0.9387263484692164,0.0,0.0,0.0
2023-10-02,0.0105663980863092,0.0,0.0,0.9387263484692164,0.9541208791208788,0.9387263484692164,0.0,0.0,0.0
2023-10-02,0.0005520576732927,0.0,0.0,0.9387263484692164,0.9541208791208788,0.9387263484692164,0.0,0.0,0.0
2023-10-02,0.0049732844266579,0.0,0.0,0.9387263484692164,0.9541208791208788,0.9387263484692164,0.0,0.0,0.0
2023-10-02,0.0001787626932178,0.0,0.0,0.9387263484692164,0.9541208791208788,0.9387263484692164,0.0,0.0,0.0
2023-10-02,0.0055225340156337,0.0,0.0,0.9387263484692164,0.9541208791208788,0.9387263484692164,0.0,6.1574473385489494e-06,6.1574473385489494e-06
2023-10-02,0.0142608510253336,0.0,0.0,0.9387263484692164,0.9541208791208788,0.9387263484692164,0.0,0.00019625100763570713,0.00019625100763570713
2023-10-02,0.0006736341186673,0.0,0.0,0.9387263484692164,0.9541208791208788,0.9387263484692164,0.0,0.0,0.0
2023-10-03,0.0,0.0,0.0,0.9339178991353724,0.9505494505494508,0.9387263484692164,-0.004808449333844056,0.0,0.004808449333844056
2023-10-03,0.0,0.0,0.0,0.9339178991353724,0.9505494505494508,0.9339178991353724,0.0,0.0,0.0
2023-10-03,0.0282873950590945,0.0,0.0,0.9339178991353724,0.9505494505494508,0.9339178991353724,0.0,0.0,0.0
2023-10-03,0.0288306226350488,0.0,0.0,0.9339178991353724,0.9505494505494508,0.9339178991353724,0.0,0.0,0.0
2023-10-03,0.0090472719353234,0.0,0.0,0.9339178991353724,0.9505494505494508,0.9339178991353724,0.0,0.0,0.0
2023-10-03,0.0125707466514617,0.0,0.0,0.9339178991353724,0.9505494505494508,0.9339178991353724,0.0,0.0,0.0
2023-10-03,0.0119701290379077,0.0,0.0,0.9339178991353724,0.9505494505494508,0.9339178991353724,0.0,0.0,0.0
2023-10-03,0.0057047711631897,0.0,0.0,0.9339178991353724,0.9505494505494508,0.9339178991353724,0.0,0.0,0.0
2023-10-03,0.0,0.0,0.0,0.9339178991353724,0.9505494505494508,0.9339178991353724,0.0,0.0,0.0
2023-10-03,0.0125430346369053,0.0,0.0,0.9339178991353724,0.9505494505494508,0.9339178991353724,0.0,0.0,0.0
2023-10-04,0.0012246604078898,0.0,0.0,0.928775725556462,0.946703296703296,0.9339178991353724,-0.005142173578910336,0.0,0.005142173578910336
2023-10-04,0.0006356985034651,0.0,0.0,0.928775725556462,0.946703296703296,0.928775725556462,0.0,0.0,0.0
2023-10-04,0.0,0.0,0.0,0.928775725556462,0.946703296703296,0.928775725556462,0.0,0.0,0.0
2023-10-04,0.0,0.0,0.0,0.928775725556462,0.946703296703296,0.928775725556462,0.0,0.0,0.0
2023-10-04,0.0010357544462481,0.0,0.0,0.928775725556462,0.946703296703296,0.928775725556462,0.0,0.0,0.0
2023-10-04,0.0,0.0,0.0,0.928775725556462,0.946703296703296,0.928775725556462,0.0,0.0,0.0
2023-10-04,0.0,0.0,0.0,0.928775725556462,0.946703296703296,0.928775725556462,0.0,0.0,0.0
2023-10-04,0.0,0.0,0.0,0.928775725556462,0.946703296703296,0.928775725556462,0.0,0.0,0.0
2023-10-04,0.0038920618851853,0.0,0.0,0.928775725556462,0.946703296703296,0.928775725556462,0.0,0.0,0.0
2023-10-04,0.0002176700706122,0.0,0.0,0.928775725556462,0.946703296703296,0.928775725556462,0.0,0.0,0.0
2023-10-05,0.0,0.0,0.0,0.9201670501361924,0.9401098901098894,0.928775725556462,-0.008608675420269662,0.0,0.008608675420269662
2023-10-05,0.0,0.0,0.0,0.9201670501361924,0.9401098901098894,0.9201670501361924,0.0,0.0,0.0
2023-10-05,0.0,0.0,0.0,0.9201670501361924,0.9401098901098894,0.9201670501361924,0.0,0.0,0.0
2023-10-05,0.0,0.0,0.0,0.9201670501361924,0.9401098901098894,0.9201670501361924,0.0,0.0,0.0
2023-10-05,0.0,0.0,0.0,0.9201670501361924,0.9401098901098894,0.9201670501361924,0.0,0.0,0.0
2023-10-05,0.0,0.0,0.0,0.9201670501361924,0.9401098901098894,0.9201670501361924,0.0,0.0,0.0
2023-10-05,0.0,0.0,0.0,0.9201670501361924,0.9401098901098894,0.9201670501361924,0.0,0.0,0.0
2023-10-05,0.0,0.0,0.0,0.9201670501361924,0.9401098901098894,0.9201670501361924,0.0,0.0,0.0
2023-10-05,0.0,0.0,0.0,0.9201670501361924,0.9401098901098894,0.9201670501361924,0.0,0.0,0.0
2023-10-05,0.0,0.0,0.0,0.9201670501361924,0.9401098901098894,0.9201670501361924,0.0,0.0,0.0
2023-10-06,0.0,0.0,0.0,0.9135677706985414,0.9351648351648354,0.9201670501361924,-0.006599279437650929,0.0,0.006599279437650929
2023-10-06,0.0,0.0,0.0,0.9135677706985414,0.9351648351648354,0.9135677706985414,0.0,0.0,0.0
2023-10-06,0.0,0.0,0.0,0.9135677706985414,0.9351648351648354,0.9135677706985414,0.0,0.0,0.0
2023-10-06,0.0,0.0,0.0,0.9135677706985414,0.9351648351648354,0.9135677706985414,0.0,0.0,0.0
2023-10-06,0.0,0.0,0.0,0.9135677706985414,0.9351648351648354,0.9135677706985414,0.0,0.0,0.0
2023-10-06,0.0,0.0,0.0,0.9135677706985414,0.9351648351648354,0.9135677706985414,0.0,0.0,0.0
2023-10-06,0.0,0.0,0.0,0.9135677706985414,0.9351648351648354,0.9135677706985414,0.0,0.0,0.0
2023-10-06,0.0,0.0,0.0,0.9135677706985414,0.9351648351648354,0.9135677706985414,0.0,0.0,0.0
2023-10-06,0.0,0.0,0.0,0.9135677706985414,0.9351648351648354,0.9135677706985414,0.0,0.0,0.0
2023-10-06,0.0,0.0,0.0,0.9135677706985414,0.9351648351648354,0.9135677706985414,0.0,0.0,0.0
2023-10-07,0.0,0.0,0.0,0.8962282109795279,0.9310439560439558,0.9135677706985414,-0.017339559719013575,0.0,0.017339559719013575
2023-10-07,0.0,0.0,0.0,0.8962282109795279,0.9310439560439558,0.8962282109795279,0.0,0.0,0.0
2023-10-07,0.0,0.0,0.0,0.8962282109795279,0.9310439560439558,0.8962282109795279,0.0,0.0,0.0
2023-10-07,0.0,0.0,0.0,0.8962282109795279,0.9310439560439558,0.8962282109795279,0.0,0.0,0.0
2023-10-07,0.0,0.0,0.0,0.8962282109795279,0.9310439560439558,0.8962282109795279,0.0,0.0,0.0
2023-10-07,0.0,0.0,0.0,0.8962282109795279,0.9310439560439558,0.8962282109795279,0.0,0.0,0.0
2023-10-07,0.0,0.0,0.0,0.8962282109795279,0.9310439560439558,0.8962282109795279,0.0,0.0,0.0
2023-10-07,0.0,0.0,0.0,0.8962282109795279,0.9310439560439558,0.8962282109795279,0.0,0.0,0.0
2023-10-07,0.0,0.0,0.0,0.8962282109795279,0.9310439560439558,0.8962282109795279,0.0,0.0,0.0
2023-10-07,0.0,0.0,0.0,0.8962282109795279,0.9310439560439558,0.8962282109795279,0.0,0.0,0.0
2023-10-08,0.0,0.0,0.0,0.9019391258774953,0.9266483516483516,0.8962282109795279,0.0057109148979673785,0.0005962940821145946,0.005114620815852784
2023-10-08,0.0,0.0,0.0,0.9019391258774953,0.9266483516483516,0.9019391258774953,0.0,0.0005962940821145946,0.0005962940821145946
2023-10-08,0.0,0.0,0.0,0.9019391258774953,0.9266483516483516,0.9019391258774953,0.0,0.0005962940821145946,0.0005962940821145946
2023-10-08,0.0,0.0,0.0,0.9019391258774953,0.9266483516483516,0.9019391258774953,0.0,0.0005962940821145946,0.0005962940821145946
2023-10-08,0.0,0.0,0.0,0.9019391258774953,0.9266483516483516,0.9019391258774953,0.0,0.0005962940821145946,0.0005962940821145946
2023-10-08,0.0,0.0,0.0,0.9019391258774953,0.9266483516483516,0.9019391258774953,0.0,0.0005962940821145946,0.0005962940821145946
2023-10-08,0.0,0.0,0.0,0.9019391258774953,0.9266483516483516,0.9019391258774953,0.0,0.0005962940821145946,0.0005962940821145946
2023-10-08,0.0,0.0,0.0,0.9019391258774953,0.9266483516483516,0.9019391258774953,0.0,0.0005962940821145946,0.0005962940821145946
2023-10-08,0.0,0.0,0.0,0.9019391258774953,0.9266483516483516,0.9019391258774953,0.0,0.0005962940821145946,0.0005962940821145946
2023-10-08,0.0,0.0,0.0,0.9019391258774953,0.9266483516483516,0.9019391258774953,0.0,0.0005962940821145946,0.0005962940821145946
2023-10-09,0.0,0.0,0.0,0.8958944867344614,0.9219780219780224,0.9019391258774953,-0.006044639143033881,0.0,0.006044639143033881
2023-10-09,0.0,0.0,0.0,0.8958944867344614,0.9219780219780224,0.8958944867344614,0.0,0.0,0.0
2023-10-09,0.0,0.0,0.0,0.8958944867344614,0.9219780219780224,0.8958944867344614,0.0,0.0,0.0
2023-10-09,0.0,0.0,0.0,0.8958944867344614,0.9219780219780224,0.8958944867344614,0.0,0.0,0.0
2023-10-09,0.0,0.0,0.0,0.8958944867344614,0.9219780219780224,0.8958944867344614,0.0,0.0,0.0
2023-10-09,0.0,0.0,0.0,0.8958944867344614,0.9219780219780224,0.8958944867344614,0.0,0.0,0.0
2023-10-09,0.0,0.0,0.0,0.8958944867344614,0.9219780219780224,0.8958944867344614,0.0,0.0,0.0
2023-10-09,0.0,0.0,0.0,0.8958944867344614,0.9219780219780224,0.8958944867344614,0.0,0.0,0.0
2023-10-09,0.0,0.0,0.0,0.8958944867344614,0.9219780219780224,0.8958944867344614,0.0,0.0,0.0
2023-10-09,0.0,0.0,0.0,0.8958944867344614,0.9219780219780224,0.8958944867344614,0.0,0.0,0.0
2023-10-10,0.0048975223335842,0.0,0.0,0.8909826298880614,0.9184065934065924,0.8958944867344614,-0.004911856846399942,0.0,0.004911856846399942
2023-10-10,0.0223936190897482,0.0,0.0,0.8909826298880614,0.9184065934065924,0.8909826298880614,0.0,0.0,0.0
2023-10-10,0.0317279144150124,0.0,0.0,0.8909826298880614,0.9184065934065924,0.8909826298880614,0.0,0.0,0.0
2023-10-10,0.0393437916064232,0.0,0.0,0.8909826298880614,0.9184065934065924,0.8909826298880614,0.0,0.0,0.0
2023-10-10,0.0649593871417449,0.0,0.0,0.8909826298880614,0.9184065934065924,0.8909826298880614,0.0,0.0002309865311714865,0.0002309865311714865
2023-10-10,0.0116578215789459,0.0,0.0,0.8909826298880614,0.9184065934065924,0.8909826298880614,0.0,0.0,0.0
2023-10-10,0.0225494964619353,0.0,0.0,0.8909826298880614,0.9184065934065924,0.8909826298880614,0.0,0.0002570146721159272,0.0002570146721159272
2023-10-10,0.033976385235787,0.0,0.0,0.8909826298880614,0.9184065934065924,0.8909826298880614,0.0,0.0,0.0
2023-10-10,0.0254199393951084,0.0,0.0,0.8909826298880614,0.9184065934065924,0.8909826298880614,0.0,0.0,0.0
2023-10-10,0.0165397840114614,0.0,0.0,0.8909826298880614,0.9184065934065924,0.8909826298880614,0.0,0.0,0.0
2023-10-11,0.0,0.0,0.0,0.8862869887497329,0.9148351648351642,0.8909826298880614,-0.0046956411383285435,0.0,0.0046956411383285435
2023-10-11,8.106624081664971e-06,0.0,0.0,0.8862869887497329,0.9148351648351642,0.8862869887497329,0.0,0.0,0.0
2023-10-11,0.0,0.0,0.0,0.8862869887497329,0.9148351648351642,0.8862869887497329,0.0,0.0,0.0
2023-10-11,0.0012116349185435,0.0,0.0,0.8862869887497329,0.9148351648351642,0.8862869887497329,0.0,0.0,0.0
2023-10-11,0.0,0.0,0.0,0.8862869887497329,0.9148351648351642,0.8862869887497329,0.0,0.0,0.0
2023-10-11,0.0,0.0,0.0,0.8862869887497329,0.9148351648351642,0.8862869887497329,0.0,0.0,0.0
2023-10-11,0.0,0.0,0.0,0.8862869887497329,0.9148351648351642,0.8862869887497329,0.0,0.0,0.0
2023-10-11,0.0,0.0,0.0,0.8862869887497329,0.9148351648351642,0.8862869887497329,0.0,0.0,0.0
2023-10-11,0.001442240063577,0.0,0.0,0.8862869887497329,0.9148351648351642,0.8862869887497329,0.0,0.0,0.0
2023-10-11,0.0,0.0,0.0,0.8862869887497329,0.9148351648351642,0.8862869887497329,0.0,0.0,0.0
2023-10-12,0.0,0.0,0.0,0.8820378800519859,0.911538461538461,0.8862869887497329,-0.004249108697746973,0.0,0.004249108697746973
2023-10-12,0.0,0.0,0.0,0.8820378800519859,0.911538461538461,0.8820378800519859,0.0,0.0,0.0
2023-10-12,0.0,0.0,0.0,0.8820378800519859,0.911538461538461,0.8820378800519859,0.0,0.0,0.0
2023-10-12,0.0,0.0,0.0,0.8820378800519859,0.911538461538461,0.8820378800519859,0.0,0.0,0.0
2023-10-12,0.0,0.0,0.0,0.8820378800519859,0.911538461538461,0.8820378800519859,0.0,0.0,0.0
2023-10-12,0.0,0.0,0.0,0.8820378800519859,0.911538461538461,0.8820378800519859,0.0,0.0,0.0
2023-10-12,0.0,0.0,0.0,0.8820378800519859,0.911538461538461,0.8820378800519859,0.0,0.0,0.0
2023-10-12,0.0,0.0,0.0,0.8820378800519859,0.911538461538461,0.8820378800519859,0.0,0.0,0.0
2023-10-12,0.0,0.0,0.0,0.8820378800519859,0.911538461538461,0.8820378800519859,0.0,0.0,0.0
2023-10-12,0.0,0.0,0.0,0.8820378800519859,0.911538461538461,0.8820378800519859,0.0,0.0,0.0
2023-10-13,0.0,0.0,0.0,0.8820378800519859,0.911538461538461,0.8820378800519859,0.0,0.0,0.0
2023-10-13,0.0,0.0,0.0,0.8820378800519859,0.911538461538461,0.8820378800519859,0.0,0.0,0.0
2023-10-13,0.0,0.0,0.0,0.8820378800519859,0.911538461538461,0.8820378800519859,0.0,0.0,0.0
2023-10-13,0.0,0.0,0.0,0.8820378800519859,0.911538461538461,0.8820378800519859,0.0,0.0,0.0
2023-10-13,0.0,0.0,0.0,0.8820378800519859,0.911538461538461,0.8820378800519859,0.0,0.0,0.0
2023-10-13,0.0,0.0,0.0,0.8820378800519859,0.911538461538461,0.8820378800519859,0.0,0.0,0.0
2023-10-13,0.0,0.0,0.0,0.8820378800519859,0.911538461538461,0.8820378800519859,0.0,0.0,0.0
2023-10-13,0.0,0.0,0.0,0.8820378800519859,0.911538461538461,0.8820378800519859,0.0,0.0,0.0
2023-10-13,0.0,0.0,0.0,0.8820378800519859,0.911538461538461,0.8820378800519859,0.0,0.0,0.0
2023-10-13,0.0,0.0,0.0,0.8820378800519859,0.911538461538461,0.8820378800519859,0.0,0.0,0.0
2023-10-14,0.0,0.0,0.0,0.8820378800519859,0.911538461538461,0.8820378800519859,0.0,0.0,0.0
2023-10-14,1.0164832774534353e-05,0.0,0.0,0.8820378800519859,0.911538461538461,0.8820378800519859,0.0,0.00017919308208287182,0.00017919308208287182
2023-10-14,0.0,0.0,0.0,0.8820378800519859,0.911538461538461,0.8820378800519859,0.0,0.0,0.0
2023-10-14,0.0,0.0,0.0,0.8820378800519859,0.911538461538461,0.8820378800519859,0.0,0.0,0.0
2023-10-14,0.0,0.0,0.0,0.8820378800519859,0.911538461538461,0.8820378800519859,0.0,0.0,0.0
2023-10-14,0.0,0.0,0.0,0.8820378800519859,0.911538461538461,0.8820378800519859,0.0,0.0,0.0
2023-10-14,0.0,0.0,0.0,0.8820378800519859,0.911538461538461,0.8820378800519859,0.0,0.0,0.0
2023-10-14,0.0,0.0,0.0,0.8820378800519859,0.911538461538461,0.8820378800519859,0.0,0.0,0.0
2023-10-14,0.0,0.0,0.0,0.8820378800519859,0.911538461538461,0.8820378800519859,0.0,0.0,0.0
2023-10-14,0.0,0.0,0.0,0.8820378800519859,0.911538461538461,0.8820378800519859,0.0,0.0,0.0
2023-10-15,0.0513292316484929,0.0,0.0,0.8658240521173866,0.8994505494505489,0.8820378800519859,-0.016213827934599356,0.0,0.016213827934599356
2023-10-15,0.0392389401714601,0.0,0.0,0.8658240521173866,0.8994505494505489,0.8658240521173866,0.0,0.0,0.0
2023-10-15,0.0053985803547639,0.0,0.0,0.8658240521173866,0.8994505494505489,0.8658240521173866,0.0,1.734426006049339e-05,1.734426006049339e-05
2023-10-15,0.0216791368041574,0.0,0.0,0.8658240521173866,0.8994505494505489,0.8658240521173866,0.0,0.0,0.0
2023-10-15,0.0397384990385185,0.0,0.0,0.8658240521173866,0.8994505494505489,0.8658240521173866,0.0,0.0,0.0
2023-10-15,0.0292564452217223,0.0,0.0,0.8658240521173866,0.8994505494505489,0.8658240521173866,0.0,0.0003219263879520806,0.0003219263879520806
2023-10-15,0.0288634735111006,0.0,0.0,0.8658240521173866,0.8994505494505489,0.8658240521173866,0.0,8.048159698802015e-05,8.048159698802015e-05
2023-10-15,0.0194694282257023,0.0,0.0,0.8658240521173866,0.8994505494505489,0.8658240521173866,0.0,0.0,0.0
2023-10-15,0.0522823922227416,0.0,0.0,0.8658240521173866,0.8994505494505489,0.8658240521173866,0.0,0.0,0.0
2023-10-15,0.0121743317173968,0.0,0.0,0.8658240521173866,0.8994505494505489,0.8658240521173866,0.0,0.0,0.0
2023-10-16,0.0088858829662854,0.0,0.0,0.8602329959271544,0.8953296703296711,0.8658240521173866,-0.0055910561902321465,0.0,0.0055910561902321465
2023-10-16,0.0017939461551723,0.0,0.0,0.8602329959271544,0.8953296703296711,0.8602329959271544,0.0,0.0,0.0
2023-10-16,0.023027116164861,0.0,0.0,0.8602329959271544,0.8953296703296711,0.8602329959271544,0.0,5.4312445799187256e-05,5.4312445799187256e-05
2023-10-16,0.0002422399337062,0.0,0.0,0.8602329959271544,0.8953296703296711,0.8602329959271544,0.0,4.357216551782672e-05,4.357216551782672e-05
2023-10-16,0.0007598268073798,0.0,0.0,0.8602329959271544,0.8953296703296711,0.8602329959271544,0.0,9.229120495604037e-05,9.229120495604037e-05
2023-10-16,0.0396855217220806,0.0,0.0,0.8602329959271544,0.8953296703296711,0.8602329959271544,0.0,0.0,0.0
2023-10-16,0.0118046596790506,0.0,0.0,0.8602329959271544,0.8953296703296711,0.8602329959271544,0.0,0.0,0.0
2023-10-16,0.0003618241654615,0.0,0.0,0.8602329959271544,0.8953296703296711,0.8602329959271544,0.0,2.178608275891336e-05,2.178608275891336e-05
2023-10-16,0.0021268520763052,0.0,0.0,0.8602329959271544,0.8953296703296711,0.8602329959271544,0.0,3.907158855090687e-05,3.907158855090687e-05
2023-10-16,0.0148070911090885,0.0,0.0,0.8602329959271544,0.8953296703296711,0.8602329959271544,0.0,0.0004428191708127671,0.0004428191708127671
2023-10-17,0.1059871581537486,0.0,0.0,0.8575491009421836,0.893406593406592,0.8602329959271544,-0.0026838949849707916,0.0,0.0026838949849707916
2023-10-17,0.1077129347806736,0.0,0.0,0.8575491009421836,0.893406593406592,0.8575491009421836,0.0,0.0,0.0
2023-10-17,0.1079670118579418,0.0,0.0,0.8575491009421836,0.893406593406592,0.8575491009421836,0.0,0.0,0.0
2023-10-17,0.073553459805694,0.0,0.0,0.8575491009421836,0.893406593406592,0.8575491009421836,0.0,0.0008313493975337227,0.0008313493975337227
2023-10-17,0.0109624077331243,0.0,0.0,0.8575491009421836,0.893406593406592,0.8575491009421836,0.0,0.0,0.0
2023-10-17,0.0924819878396377,0.0,0.0,0.8575491009421836,0.893406593406592,0.8575491009421836,0.0,0.0,0.0
2023-10-17,0.0619672504084229,0.0,0.0,0.8575491009421836,0.893406593406592,0.8575491009421836,0.0,0.0,0.0
2023-10-17,0.0765966436881434,0.0,0.0,0.8575491009421836,0.893406593406592,0.8575491009421836,0.0,0.0,0.0
2023-10-17,0.0321820651259271,0.0,0.0,0.8575491009421836,0.893406593406592,0.8575491009421836,0.0,2.6827198996006718e-05,2.6827198996006718e-05
2023-10-17,0.1244002736940764,0.0,0.0,0.8575491009421836,0.893406593406592,0.8575491009421836,0.0,0.0,0.0
2023-10-18,0.0074090328098277,0.0,0.0,0.8547547479324373,0.8912087912087898,0.8575491009421836,-0.0027943530097462865,0.0,0.0027943530097462865
2023-10-18,0.0265791568935924,0.0,0.0,0.8547547479324373,0.8912087912087898,0.8547547479324373,0.0,8.048159698802015e-05,8.048159698802015e-05
2023-10-18,0.0204117670840869,0.0,0.0,0.8547547479324373,0.8912087912087898,0.8547547479324373,0.0,3.0187943154070808e-05,3.0187943154070808e-05
2023-10-18,0.0076925652603872,0.0,0.0,0.8547547479324373,0.8912087912087898,0.8547547479324373,0.0,0.0,0.0
2023-10-18,0.0219827872648354,0.0,0.0,0.8547547479324373,0.8912087912087898,0.8547547479324373,0.0,2.6827198996006718e-05,2.6827198996006718e-05
2023-10-18,0.0098354382157466,0.0,0.0,0.8547547479324373,0.8912087912087898,0.8547547479324373,0.0,0.0,0.0
2023-10-18,0.0058424461764858,0.0,0.0,0.8547547479324373,0.8912087912087898,0.8547547479324373,0.0,0.0,0.0
2023-10-18,0.0068620187240775,0.0,0.0,0.8547547479324373,0.8912087912087898,0.8547547479324373,0.0,0.0,0.0
2023-10-18,0.0230593319038199,0.0,0.0,0.8547547479324373,0.8912087912087898,0.8547547479324373,0.0,8.113964479519397e-05,8.113964479519397e-05
2023-10-18,0.011816041557662,0.0,0.0,0.8547547479324373,0.8912087912087898,0.8547547479324373,0.0,0.0,0.0
2023-10-19,0.0,0.0,0.0,0.8519603949226913,0.8890109890109894,0.8547547479324373,-0.0027943530097460645,0.0,0.0027943530097460645
2023-10-19,0.0,0.0,0.0,0.8519603949226913,0.8890109890109894,0.8519603949226913,0.0,0.0,0.0
2023-10-19,0.0,0.0,0.0,0.8519603949226913,0.8890109890109894,0.8519603949226913,0.0,0.0,0.0
2023-10-19,0.0,0.0,0.0,0.8519603949226913,0.8890109890109894,0.8519603949226913,0.0,0.0,0.0
2023-10-19,0.0,0.0,0.0,0.8519603949226913,0.8890109890109894,0.8519603949226913,0.0,0.0,0.0
2023-10-19,0.0,0.0,0.0,0.8519603949226913,0.8890109890109894,0.8519603949226913,0.0,0.0,0.0
2023-10-19,0.0,0.0,0.0,0.8519603949226913,0.8890109890109894,0.8519603949226913,0.0,0.0,0.0
2023-10-19,0.0,0.0,0.0,0.8519603949226913,0.8890109890109894,0.8519603949226913,0.0,0.0,0.0
2023-10-19,0.0,0.0,0.0,0.8519603949226913,0.8890109890109894,0.8519603949226913,0.0,0.0,0.0
2023-10-19,0.0,0.0,0.0,0.8519603949226913,0.8890109890109894,0.8519603949226913,0.0,0.0,0.0
2023-10-20,0.0,0.0,0.0,0.8519603949226913,0.8890109890109894,0.8519603949226913,0.0,0.0,0.0
2023-10-20,0.0,0.0,0.0,0.8519603949226913,0.8890109890109894,0.8519603949226913,0.0,0.0,0.0
2023-10-20,0.0,0.0,0.0,0.8519603949226913,0.8890109890109894,0.8519603949226913,0.0,0.0,0.0
2023-10-20,0.0,0.0,0.0,0.8519603949226913,0.8890109890109894,0.8519603949226913,0.0,0.0,0.0
2023-10-20,0.0,0.0,0.0,0.8519603949226913,0.8890109890109894,0.8519603949226913,0.0,0.0,0.0
2023-10-20,0.0,0.0,0.0,0.8519603949226913,0.8890109890109894,0.8519603949226913,0.0,0.0,0.0
2023-10-20,0.0,0.0,0.0,0.8519603949226913,0.8890109890109894,0.8519603949226913,0.0,0.0,0.0
2023-10-20,0.0,0.0,0.0,0.8519603949226913,0.8890109890109894,0.8519603949226913,0.0,0.0,0.0
2023-10-20,0.0,0.0,0.0,0.8519603949226913,0.8890109890109894,0.8519603949226913,0.0,0.0,0.0
2023-10-20,0.0,0.0,0.0,0.8519603949226913,0.8890109890109894,0.8519603949226913,0.0,0.0,0.0
2023-10-21,0.0,0.0,0.0,0.8519603949226913,0.8890109890109894,0.8519603949226913,0.0,0.0,0.0
2023-10-21,0.0,0.0,0.0,0.8519603949226913,0.8890109890109894,0.8519603949226913,0.0,0.0,0.0
2023-10-21,0.0,0.0,0.0,0.8519603949226913,0.8890109890109894,0.8519603949226913,0.0,0.0,0.0
2023-10-21,0.0,0.0,0.0,0.8519603949226913,0.8890109890109894,0.8519603949226913,0.0,0.0,0.0
2023-10-21,0.0,0.0,0.0,0.8519603949226913,0.8890109890109894,0.8519603949226913,0.0,0.0,0.0
2023-10-21,0.0,0.0,0.0,0.8519603949226913,0.8890109890109894,0.8519603949226913,0.0,0.0,0.0
2023-10-21,0.0,0.0,0.0,0.8519603949226913,0.8890109890109894,0.8519603949226913,0.0,0.0,0.0
2023-10-21,0.0,0.0,0.0,0.8519603949226913,0.8890109890109894,0.8519603949226913,0.0,0.0,0.0
2023-10-21,0.0,0.0,0.0,0.8519603949226913,0.8890109890109894,0.8519603949226913,0.0,0.0,0.0
2023-10-21,0.0,0.0,0.0,0.8519603949226913,0.8890109890109894,0.8519603949226913,0.0,0.0,0.0
2023-10-22,0.0,0.0,0.0,0.8519603949226913,0.8890109890109894,0.8519603949226913,0.0,0.0,0.0
2023-10-22,0.0,0.0,0.0,0.8519603949226913,0.8890109890109894,0.8519603949226913,0.0,0.0,0.0
2023-10-22,0.0,0.0,0.0,0.8519603949226913,0.8890109890109894,0.8519603949226913,0.0,0.0,0.0
2023-10-22,0.0,0.0,0.0,0.8519603949226913,0.8890109890109894,0.8519603949226913,0.0,0.0,0.0
2023-10-22,0.0,0.0,0.0,0.8519603949226913,0.8890109890109894,0.8519603949226913,0.0,0.0,0.0
2023-10-22,0.0,0.0,0.0,0.8519603949226913,0.8890109890109894,0.8519603949226913,0.0,0.0,0.0
2023-10-22,0.0,0.0,0.0,0.8519603949226913,0.8890109890109894,0.8519603949226913,0.0,0.0,0.0
2023-10-22,0.0,0.0,0.0,0.8519603949226913,0.8890109890109894,0.8519603949226913,0.0,0.0,0.0
2023-10-22,0.0,0.0,0.0,0.8519603949226913,0.8890109890109894,0.8519603949226913,0.0,0.0,0.0
2023-10-22,0.0,0.0,0.0,0.8519603949226913,0.8890109890109894,0.8519603949226913,0.0,0.0,0.0
2023-10-23,0.0,0.0,0.0,0.8519603949226913,0.8890109890109894,0.8519603949226913,0.0,0.0,0.0
2023-10-23,0.0,0.0,0.0,0.8519603949226913,0.8890109890109894,0.8519603949226913,0.0,0.0,0.0
2023-10-23,0.0,0.0,0.0,0.8519603949226913,0.8890109890109894,0.8519603949226913,0.0,0.0,0.0
2023-10-23,0.0,0.0,0.0,0.8519603949226913,0.8890109890109894,0.8519603949226913,0.0,0.0,0.0
2023-10-23,0.0,0.0,0.0,0.8519603949226913,0.8890109890109894,0.8519603949226913,0.0,0.0,0.0
2023-10-23,0.0,0.0,0.0,0.8519603949226913,0.8890109890109894,0.8519603949226913,0.0,0.0,0.0
2023-10-23,0.0,0.0,0.0,0.8519603949226913,0.8890109890109894,0.8519603949226913,0.0,0.0,0.0
2023-10-23,0.0,0.0,0.0,0.8519603949226913,0.8890109890109894,0.8519603949226913,0.0,0.0,0.0
2023-10-23,0.0,0.0,0.0,0.8519603949226913,0.8890109890109894,0.8519603949226913,0.0,0.0,0.0
2023-10-23,0.0,0.0,0.0,0.8519603949226913,0.8890109890109894,0.8519603949226913,0.0,0.0,0.0
2023-10-24,0.0006685295008131,0.0,0.0,0.8519603949226913,0.8890109890109894,0.8519603949226913,0.0,3.307698738379446e-05,3.307698738379446e-05
2023-10-24,0.0004271956378723,0.0,0.0,0.8519603949226913,0.8890109890109894,0.8519603949226913,0.0,2.6091104859429294e-05,2.6091104859429294e-05
2023-10-24,0.0087418531267213,0.0,0.0,0.8519603949226913,0.8890109890109894,0.8519603949226913,0.0,0.0015564652021969295,0.0015564652021969295
2023-10-24,0.0070728188802914,0.0,0.0,0.8519603949226913,0.8890109890109894,0.8519603949226913,0.0,0.0,0.0
2023-10-24,0.0004104284313892,0.0,0.0,0.8519603949226913,0.8890109890109894,0.8519603949226913,0.0,2.6091104859429294e-05,2.6091104859429294e-05
2023-10-24,7.088840409339727e-06,0.0,0.0,0.8519603949226913,0.8890109890109894,0.8519603949226913,0.0,0.0005683383097422827,0.0005683383097422827
2023-10-24,4.008554761941154e-05,0.0,0.0,0.8519603949226913,0.8890109890109894,0.8519603949226913,0.0,0.0009641805650961822,0.0009641805650961822
2023-10-24,4.92235510268645e-05,0.0,0.0,0.8519603949226913,0.8890109890109894,0.8519603949226913,0.0,0.0006534412518439503,0.0006534412518439503
2023-10-24,0.0005735279198877,0.0,0.0,0.8519603949226913,0.8890109890109894,0.8519603949226913,0.0,2.1890174661846132e-05,2.1890174661846132e-05
2023-10-24,0.0034694670614495,0.0,0.0,0.8519603949226913,0.8890109890109894,0.8519603949226913,0.0,0.00031655513298682733,0.00031655513298682733
2023-10-25,0.0,0.0,0.0,0.8519603949226913,0.8890109890109894,0.8519603949226913,0.0,0.0,0.0
2023-10-25,0.0,0.0,0.0,0.8519603949226913,0.8890109890109894,0.8519603949226913,0.0,0.0,0.0
2023-10-25,0.0,0.0,0.0,0.8519603949226913,0.8890109890109894,0.8519603949226913,0.0,0.0,0.0
2023-10-25,0.0,0.0,0.0,0.8519603949226913,0.8890109890109894,0.8519603949226913,0.0,0.0,0.0
2023-10-25,0.0,0.0,0.0,0.8519603949226913,0.8890109890109894,0.8519603949226913,0.0,0.0,0.0
2023-10-25,0.0,0.0,0.0,0.8519603949226913,0.8890109890109894,0.8519603949226913,0.0,0.0,0.0
2023-10-25,0.0,0.0,0.0,0.8519603949226913,0.8890109890109894,0.8519603949226913,0.0,0.0,0.0
2023-10-25,0.0,0.0,0.0,0.8519603949226913,0.8890109890109894,0.8519603949226913,0.0,0.0,0.0
2023-10-25,0.0,0.0,0.0,0.8519603949226913,0.8890109890109894,0.8519603949226913,0.0,0.0,0.0
2023-10-25,0.0,0.0,0.0,0.8519603949226913,0.8890109890109894,0.8519603949226913,0.0,0.0,0.0
2023-10-26,0.0009061329533968,0.0,0.0,0.8519603949226913,0.8890109890109894,0.8519603949226913,0.0,0.0002019367550459173,0.0002019367550459173
2023-10-26,0.0041459620651016,0.0,0.0,0.8519603949226913,0.8890109890109894,0.8519603949226913,0.0,9.150278293359397e-05,9.150278293359397e-05
2023-10-26,0.0,0.0,0.0,0.8519603949226913,0.8890109890109894,0.8519603949226913,0.0,0.0,0.0
2023-10-26,0.0,0.0,0.0,0.8519603949226913,0.8890109890109894,0.8519603949226913,0.0,0.0,0.0
2023-10-26,0.0,0.0,0.0,0.8519603949226913,0.8890109890109894,0.8519603949226913,0.0,0.0,0.0
2023-10-26,0.0,0.0,0.0,0.8519603949226913,0.8890109890109894,0.8519603949226913,0.0,0.0,0.0
2023-10-26,0.0001050578375737,0.0,0.0,0.8519603949226913,0.8890109890109894,0.8519603949226913,0.0,4.620299709618397e-05,4.620299709618397e-05
2023-10-26,0.0003511266310043,0.0,0.0,0.8519603949226913,0.8890109890109894,0.8519603949226913,0.0,2.6091104859429294e-05,2.6091104859429294e-05
2023-10-26,0.0,0.0,0.0,0.8519603949226913,0.8890109890109894,0.8519603949226913,0.0,0.0,0.0
2023-10-26,1.6042505083096024e-05,0.0,0.0,0.8519603949226913,0.8890109890109894,0.8519603949226913,0.0,0.0007186730843348446,0.0007186730843348446
2023-10-27,0.0,0.0,0.0,0.8519603949226913,0.8890109890109894,0.8519603949226913,0.0,0.0,0.0
2023-10-27,0.0,0.0,0.0,0.8519603949226913,0.8890109890109894,0.8519603949226913,0.0,0.0,0.0
2023-10-27,0.0,0.0,0.0,0.8519603949226913,0.8890109890109894,0.8519603949226913,0.0,0.0,0.0
2023-10-27,0.0,0.0,0.0,0.8519603949226913,0.8890109890109894,0.8519603949226913,0.0,0.0,0.0
2023-10-27,0.0,0.0,0.0,0.8519603949226913,0.8890109890109894,0.8519603949226913,0.0,0.0,0.0
2023-10-27,0.0,0.0,0.0,0.8519603949226913,0.8890109890109894,0.8519603949226913,0.0,0.0,0.0
2023-10-27,0.0,0.0,0.0,0.8519603949226913,0.8890109890109894,0.8519603949226913,0.0,0.0,0.0
2023-10-27,0.0,0.0,0.0,0.8519603949226913,0.8890109890109894,0.8519603949226913,0.0,0.0,0.0
2023-10-27,0.0,0.0,0.0,0.8519603949226913,0.8890109890109894,0.8519603949226913,0.0,0.0,0.0
2023-10-27,0.0,0.0,0.0,0.8519603949226913,0.8890109890109894,0.8519603949226913,0.0,0.0,0.0
2023-10-28,0.0,0.0,0.0,0.8519603949226913,0.8890109890109894,0.8519603949226913,0.0,0.0,0.0
2023-10-28,0.0,0.0,0.0,0.8519603949226913,0.8890109890109894,0.8519603949226913,0.0,0.0,0.0
2023-10-28,0.0,0.0,0.0,0.8519603949226913,0.8890109890109894,0.8519603949226913,0.0,0.0,0.0
2023-10-28,0.0,0.0,0.0,0.8519603949226913,0.8890109890109894,0.8519603949226913,0.0,0.0,0.0
2023-10-28,0.0,0.0,0.0,0.8519603949226913,0.8890109890109894,0.8519603949226913,0.0,0.0,0.0
2023-10-28,0.0,0.0,0.0,0.8519603949226913,0.8890109890109894,0.8519603949226913,0.0,0.0,0.0
2023-10-28,0.0,0.0,0.0,0.8519603949226913,0.8890109890109894,0.8519603949226913,0.0,0.0,0.0
2023-10-28,0.0,0.0,0.0,0.8519603949226913,0.8890109890109894,0.8519603949226913,0.0,0.0,0.0
2023-10-28,0.0,0.0,0.0,0.8519603949226913,0.8890109890109894,0.8519603949226913,0.0,0.0,0.0
2023-10-28,0.0,0.0,0.0,0.8519603949226913,0.8890109890109894,0.8519603949226913,0.0,0.0,0.0
2023-10-29,0.0,0.0,0.0,0.8519603949226913,0.8890109890109894,0.8519603949226913,0.0,0.0,0.0
2023-10-29,0.0,0.0,0.0,0.8519603949226913,0.8890109890109894,0.8519603949226913,0.0,0.0,0.0
2023-10-29,0.0,0.0,0.0,0.8519603949226913,0.8890109890109894,0.8519603949226913,0.0,0.0,0.0
2023-10-29,0.0,0.0,0.0,0.8519603949226913,0.8890109890109894,0.8519603949226913,0.0,0.0,0.0
2023-10-29,0.0,0.0,0.0,0.8519603949226913,0.8890109890109894,0.8519603949226913,0.0,0.0,0.0
2023-10-29,0.0,0.0,0.0,0.8519603949226913,0.8890109890109894,0.8519603949226913,0.0,0.0,0.0
2023-10-29,0.0,0.0,0.0,0.8519603949226913,0.8890109890109894,0.8519603949226913,0.0,0.0,0.0
2023-10-29,0.0,0.0,0.0,0.8519603949226913,0.8890109890109894,0.8519603949226913,0.0,0.0,0.0
2023-10-29,0.0,0.0,0.0,0.8519603949226913,0.8890109890109894,0.8519603949226913,0.0,0.0,0.0
2023-10-29,0.0,0.0,0.0,0.8519603949226913,0.8890109890109894,0.8519603949226913,0.0,0.0,0.0
2023-10-30,0.0,0.0,0.0,0.8519603949226913,0.8890109890109894,0.8519603949226913,0.0,0.0,0.0
2023-10-30,0.0,0.0,0.0,0.8519603949226913,0.8890109890109894,0.8519603949226913,0.0,0.0,0.0
2023-10-30,0.0,0.0,0.0,0.8519603949226913,0.8890109890109894,0.8519603949226913,0.0,0.0,0.0
2023-10-30,0.0,0.0,0.0,0.8519603949226913,0.8890109890109894,0.8519603949226913,0.0,0.0,0.0
2023-10-30,0.0,0.0,0.0,0.8519603949226913,0.8890109890109894,0.8519603949226913,0.0,0.0,0.0
2023-10-30,0.0,0.0,0.0,0.8519603949226913,0.8890109890109894,0.8519603949226913,0.0,0.0,0.0
2023-10-30,0.0,0.0,0.0,0.8519603949226913,0.8890109890109894,0.8519603949226913,0.0,0.0,0.0
2023-10-30,0.0,0.0,0.0,0.8519603949226913,0.8890109890109894,0.8519603949226913,0.0,0.0,0.0
2023-10-30,0.0,0.0,0.0,0.8519603949226913,0.8890109890109894,0.8519603949226913,0.0,0.0,0.0
2023-10-30,0.0,0.0,0.0,0.8519603949226913,0.8890109890109894,0.8519603949226913,0.0,0.0,0.0
2023-10-31,0.0,0.0,0.0,0.8519603949226913,0.8890109890109894,0.8519603949226913,0.0,0.0,0.0
2023-10-31,0.0,0.0,0.0,0.8519603949226913,0.8890109890109894,0.8519603949226913,0.0,0.0,0.0
2023-10-31,0.0,0.0,0.0,0.8519603949226913,0.8890109890109894,0.8519603949226913,0.0,0.0,0.0
2023-10-31,0.0,0.0,0.0,0.8519603949226913,0.8890109890109894,0.8519603949226913,0.0,0.0,0.0
2023-10-31,0.0,0.0,0.0,0.8519603949226913,0.8890109890109894,0.8519603949226913,0.0,0.0,0.0
2023-10-31,0.0,0.0,0.0,0.8519603949226913,0.8890109890109894,0.8519603949226913,0.0,0.0,0.0
2023-10-31,0.0,0.0,0.0,0.8519603949226913,0.8890109890109894,0.8519603949226913,0.0,0.0,0.0
2023-10-31,0.0,0.0,0.0,0.8519603949226913,0.8890109890109894,0.8519603949226913,0.0,0.0,0.0
2023-10-31,0.0,0.0,0.0,0.8519603949226913,0.8890109890109894,0.8519603949226913,0.0,0.0,0.0
2023-10-31,0.0,0.0,0.0,0.8519603949226913,0.8890109890109894,0.8519603949226913,0.0,0.0,0.0
2023-11-01,0.0,0.0,0.0,0.8519603949226913,0.8890109890109894,0.8519603949226913,0.0,0.0,0.0
2023-11-01,0.0,0.0,0.0,0.8519603949226913,0.8890109890109894,0.8519603949226913,0.0,0.0,0.0
2023-11-01,0.0,0.0,0.0,0.8519603949226913,0.8890109890109894,0.8519603949226913,0.0,0.0,0.0
2023-11-01,0.0,0.0,0.0,0.8519603949226913,0.8890109890109894,0.8519603949226913,0.0,0.0,0.0
2023-11-01,0.0,0.0,0.0,0.8519603949226913,0.8890109890109894,0.8519603949226913,0.0,0.0,0.0
2023-11-01,0.0,0.0,0.0,0.8519603949226913,0.8890109890109894,0.8519603949226913,0.0,0.0,0.0
2023-11-01,0.0,0.0,0.0,0.8519603949226913,0.8890109890109894,0.8519603949226913,0.0,0.0,0.0
2023-11-01,0.0,0.0,0.0,0.8519603949226913,0.8890109890109894,0.8519603949226913,0.0,0.0,0.0
2023-11-01,0.0,0.0,0.0,0.8519603949226913,0.8890109890109894,0.8519603949226913,0.0,0.0,0.0
2023-11-01,0.0,0.0,0.0,0.8519603949226913,0.8890109890109894,0.8519603949226913,0.0,0.0,0.0
2023-11-02,0.0,0.0,0.0,0.797203766853662,0.8480769230769223,0.8519603949226913,-0.054756628069029256,0.003293749882832203,0.05805037795186146
2023-11-02,0.0,0.0,0.0,0.797203766853662,0.8480769230769223,0.797203766853662,0.0,0.003293749882832203,0.003293749882832203
2023-11-02,0.0,0.0,0.0,0.797203766853662,0.8480769230769223,0.797203766853662,0.0,0.003293749882832203,0.003293749882832203
2023-11-02,0.0,0.0,0.0,0.797203766853662,0.8480769230769223,0.797203766853662,0.0,0.003293749882832203,0.003293749882832203
2023-11-02,0.0,0.0,0.0,0.797203766853662,0.8480769230769223,0.797203766853662,0.0,0.003293749882832203,0.003293749882832203
2023-11-02,0.0,0.0,0.0,0.797203766853662,0.8480769230769223,0.797203766853662,0.0,0.003293749882832203,0.003293749882832203
2023-11-02,0.0,0.0,0.0,0.797203766853662,0.8480769230769223,0.797203766853662,0.0,0.003293749882832203,0.003293749882832203
2023-11-02,0.0,0.0,0.0,0.797203766853662,0.8480769230769223,0.797203766853662,0.0,0.003293749882832203,0.003293749882832203
2023-11-02,0.0,0.0,0.0,0.797203766853662,0.8480769230769223,0.797203766853662,0.0,0.003293749882832203,0.003293749882832203
2023-11-02,0.0,0.0,0.0,0.797203766853662,0.8480769230769223,0.797203766853662,0.0,0.003293749882832203,0.003293749882832203
2023-11-03,0.0,0.0,0.0,0.79725547060994,0.8480769230769223,0.797203766853662,5.1703756277943214e-05,0.003293749882832203,0.00324204612655426
2023-11-03,0.0,0.0,0.0,0.79725547060994,0.8480769230769223,0.79725547060994,0.0,0.003293749882832203,0.003293749882832203
2023-11-03,0.0,0.0,0.0,0.79725547060994,0.8480769230769223,0.79725547060994,0.0,0.003293749882832203,0.003293749882832203
2023-11-03,0.0,0.0,0.0,0.79725547060994,0.8480769230769223,0.79725547060994,0.0,0.003293749882832203,0.003293749882832203
2023-11-03,0.0,0.0,0.0,0.79725547060994,0.8480769230769223,0.79725547060994,0.0,0.003293749882832203,0.003293749882832203
2023-11-03,0.0,0.0,0.0,0.79725547060994,0.8480769230769223,0.79725547060994,0.0,0.003293749882832203,0.003293749882832203
2023-11-03,0.0,0.0,0.0,0.79725547060994,0.8480769230769223,0.79725547060994,0.0,0.003293749882832203,0.003293749882832203
2023-11-03,0.0,0.0,0.0,0.79725547060994,0.8480769230769223,0.79725547060994,0.0,0.003293749882832203,0.003293749882832203
2023-11-03,0.0,0.0,0.0,0.79725547060994,0.8480769230769223,0.79725547060994,0.0,0.003293749882832203,0.003293749882832203
2023-11-03,0.0,0.0,0.0,0.79725547060994,0.8480769230769223,0.79725547060994,0.0,0.003293749882832203,0.003293749882832203
2023-11-04,0.0,0.0,0.0,0.7946914343327045,0.8458791208791201,0.79725547060994,-0.0025640362772354486,0.003235042617749394,0.005799078894984842
2023-11-04,0.0,0.0,0.0,0.7946914343327045,0.8458791208791201,0.7946914343327045,0.0,0.003235042617749394,0.003235042617749394
2023-11-04,0.0,0.0,0.0,0.7946914343327045,0.8458791208791201,0.7946914343327045,0.0,0.003235042617749394,0.003235042617749394
2023-11-04,0.0,0.0,0.0,0.7946914343327045,0.8458791208791201,0.7946914343327045,0.0,0.003235042617749394,0.003235042617749394
2023-11-04,0.0,0.0,0.0,0.7946914343327045,0.8458791208791201,0.7946914343327045,0.0,0.003235042617749394,0.003235042617749394
2023-11-04,0.0,0.0,0.0,0.7946914343327045,0.8458791208791201,0.7946914343327045,0.0,0.003235042617749394,0.003235042617749394
2023-11-04,0.0,0.0,0.0,0.7946914343327045,0.8458791208791201,0.7946914343327045,0.0,0.003235042617749394,0.003235042617749394
2023-11-04,0.0,0.0,0.0,0.7946914343327045,0.8458791208791201,0.7946914343327045,0.0,0.003235042617749394,0.003235042617749394
2023-11-04,0.0,0.0,0.0,0.7946914343327045,0.8458791208791201,0.7946914343327045,0.0,0.003235042617749394,0.003235042617749394
2023-11-04,0.0,0.0,0.0,0.7946914343327045,0.8458791208791201,0.7946914343327045,0.0,0.003235042617749394,0.003235042617749394
2023-11-05,0.0,0.0,0.0,0.7919252833718371,0.8436813186813179,0.7946914343327045,-0.0027661509608674084,0.0029180280866437066,0.005684179047511115
2023-11-05,0.0,0.0,0.0,0.7919252833718371,0.8436813186813179,0.7919252833718371,0.0,0.0029180280866437066,0.0029180280866437066
2023-11-05,0.0,0.0,0.0,0.7919252833718371,0.8436813186813179,0.7919252833718371,0.0,0.0029180280866437066,0.0029180280866437066
2023-11-05,0.0,0.0,0.0,0.7919252833718371,0.8436813186813179,0.7919252833718371,0.0,0.0029180280866437066,0.0029180280866437066
2023-11-05,0.0,0.0,0.0,0.7919252833718371,0.8436813186813179,0.7919252833718371,0.0,0.0029180280866437066,0.0029180280866437066
2023-11-05,0.0,0.0,0.0,0.7919252833718371,0.8436813186813179,0.7919252833718371,0.0,0.0029180280866437066,0.0029180280866437066
2023-11-05,0.0,0.0,0.0,0.7919252833718371,0.8436813186813179,0.7919252833718371,0.0,0.0029180280866437066,0.0029180280866437066
2023-11-05,0.0,0.0,0.0,0.7919252833718371,0.8436813186813179,0.7919252833718371,0.0,0.0029180280866437066,0.0029180280866437066
2023-11-05,0.0,0.0,0.0,0.7919252833718371,0.8436813186813179,0.7919252833718371,0.0,0.0029180280866437066,0.0029180280866437066
2023-11-05,0.0,0.0,0.0,0.7919252833718371,0.8436813186813179,0.7919252833718371,0.0,0.0029180280866437066,0.0029180280866437066
2023-11-06,0.0,0.0,0.0,0.7894646546071573,0.8417582417582405,0.7919252833718371,-0.002460628764679784,0.0029180280866437066,0.005378656851323491
2023-11-06,0.0,0.0,0.0,0.7894646546071573,0.8417582417582405,0.7894646546071573,0.0,0.0029180280866437066,0.0029180280866437066
2023-11-06,0.0,0.0,0.0,0.7894646546071573,0.8417582417582405,0.7894646546071573,0.0,0.0029180280866437066,0.0029180280866437066
2023-11-06,0.0,0.0,0.0,0.7894646546071573,0.8417582417582405,0.7894646546071573,0.0,0.0029180280866437066,0.0029180280866437066
2023-11-06,0.0,0.0,0.0,0.7894646546071573,0.8417582417582405,0.7894646546071573,0.0,0.0029180280866437066,0.0029180280866437066
2023-11-06,0.0,0.0,0.0,0.7894646546071573,0.8417582417582405,0.7894646546071573,0.0,0.0029180280866437066,0.0029180280866437066
2023-11-06,0.0,0.0,0.0,0.7894646546071573,0.8417582417582405,0.7894646546071573,0.0,0.0029180280866437066,0.0029180280866437066
2023-11-06,0.0,0.0,0.0,0.7894646546071573,0.8417582417582405,0.7894646546071573,0.0,0.0029180280866437066,0.0029180280866437066
2023-11-06,0.0,0.0,0.0,0.7894646546071573,0.8417582417582405,0.7894646546071573,0.0,0.0029180280866437066,0.0029180280866437066
2023-11-06,0.0,0.0,0.0,0.7894646546071573,0.8417582417582405,0.7894646546071573,0.0,0.0029180280866437066,0.0029180280866437066
2023-11-07,0.0,0.0,0.0,0.7862872237668066,0.8390109890109887,0.7894646546071573,-0.0031774308403507145,0.0029180280866437066,0.006095458926994421
2023-11-07,0.0,0.0,0.0,0.7862872237668066,0.8390109890109887,0.7862872237668066,0.0,0.0029180280866437066,0.0029180280866437066
2023-11-07,0.0,0.0,0.0,0.7862872237668066,0.8390109890109887,0.7862872237668066,0.0,0.0029180280866437066,0.0029180280866437066
2023-11-07,0.0,0.0,0.0,0.7862872237668066,0.8390109890109887,0.7862872237668066,0.0,0.0029180280866437066,0.0029180280866437066
2023-11-07,0.0,0.0,0.0,0.7862872237668066,0.8390109890109887,0.7862872237668066,0.0,0.0029180280866437066,0.0029180280866437066
2023-11-07,0.0,0.0,0.0,0.7862872237668066,0.8390109890109887,0.7862872237668066,0.0,0.0029180280866437066,0.0029180280866437066
2023-11-07,0.0,0.0,0.0,0.7862872237668066,0.8390109890109887,0.7862872237668066,0.0,0.0029180280866437066,0.0029180280866437066
2023-11-07,0.0,0.0,0.0,0.7862872237668066,0.8390109890109887,0.7862872237668066,0.0,0.0029180280866437066,0.0029180280866437066
2023-11-07,0.0,0.0,0.0,0.7862872237668066,0.8390109890109887,0.7862872237668066,0.0,0.0029180280866437066,0.0029180280866437066
2023-11-07,0.0,0.0,0.0,0.7862872237668066,0.8390109890109887,0.7862872237668066,0.0,0.0029180280866437066,0.0029180280866437066
2023-11-08,0.0,0.0,0.0,0.7830063854139004,0.8365384615384599,0.7862872237668066,-0.003280838352906157,0.0025070772310640415,0.005787915583970198
2023-11-08,0.0,0.0,0.0,0.7830063854139004,0.8365384615384599,0.7830063854139004,0.0,0.0025070772310640415,0.0025070772310640415
2023-11-08,0.0,0.0,0.0,0.7830063854139004,0.8365384615384599,0.7830063854139004,0.0,0.0025070772310640415,0.0025070772310640415
2023-11-08,0.0,0.0,0.0,0.7830063854139004,0.8365384615384599,0.7830063854139004,0.0,0.0025070772310640415,0.0025070772310640415
2023-11-08,0.0,0.0,0.0,0.7830063854139004,0.8365384615384599,0.7830063854139004,0.0,0.0025070772310640415,0.0025070772310640415
2023-11-08,0.0,0.0,0.0,0.7830063854139004,0.8365384615384599,0.7830063854139004,0.0,0.0025070772310640415,0.0025070772310640415
2023-11-08,0.0,0.0,0.0,0.7830063854139004,0.8365384615384599,0.7830063854139004,0.0,0.0025070772310640415,0.0025070772310640415
2023-11-08,0.0,0.0,0.0,0.7830063854139004,0.8365384615384599,0.7830063854139004,0.0,0.0025070772310640415,0.0025070772310640415
2023-11-08,0.0,0.0,0.0,0.7830063854139004,0.8365384615384599,0.7830063854139004,0.0,0.0025070772310640415,0.0025070772310640415
2023-11-08,0.0,0.0,0.0,0.7830063854139004,0.8365384615384599,0.7830063854139004,0.0,0.0025070772310640415,0.0025070772310640415
2023-11-09,0.0,0.0,0.0,0.7795210822066223,0.8335164835164832,0.7830063854139004,-0.0034853032072781343,0.0023309554358156145,0.005816258643093749
2023-11-09,0.0,0.0,0.0,0.7795210822066223,0.8335164835164832,0.7795210822066223,0.0,0.0023309554358156145,0.0023309554358156145
2023-11-09,0.0,0.0,0.0,0.7795210822066223,0.8335164835164832,0.7795210822066223,0.0,0.0023309554358156145,0.0023309554358156145
2023-11-09,0.0,0.0,0.0,0.7795210822066223,0.8335164835164832,0.7795210822066223,0.0,0.0023309554358156145,0.0023309554358156145
2023-11-09,0.0,0.0,0.0,0.7795210822066223,0.8335164835164832,0.7795210822066223,0.0,0.0023309554358156145,0.0023309554358156145
2023-11-09,0.0,0.0,0.0,0.7795210822066223,0.8335164835164832,0.7795210822066223,0.0,0.0023309554358156145,0.0023309554358156145
2023-11-09,0.0,0.0,0.0,0.7795210822066223,0.8335164835164832,0.7795210822066223,0.0,0.0023309554358156145,0.0023309554358156145
2023-11-09,0.0,0.0,0.0,0.7795210822066223,0.8335164835164832,0.7795210822066223,0.0,0.0023309554358156145,0.0023309554358156145
2023-11-09,0.0,0.0,0.0,0.7795210822066223,0.8335164835164832,0.7795210822066223,0.0,0.0023309554358156145,0.0023309554358156145
2023-11-09,0.0,0.0,0.0,0.7795210822066223,0.8335164835164832,0.7795210822066223,0.0,0.0023309554358156145,0.0023309554358156145
2023-11-10,0.0036679763300964,0.0,0.0,0.7746562287750207,0.8304945054945048,0.7795210822066223,-0.00486485343160159,0.002225576438128227,0.0070904298697298165
2023-11-10,0.0001468513080661,0.0,0.0,0.7746562287750207,0.8304945054945048,0.7746562287750207,0.0,0.0009081059738990172,0.0009081059738990172
2023-11-10,0.0,0.0,0.0,0.7746562287750207,0.8304945054945048,0.7746562287750207,0.0,0.0023309554358156145,0.0023309554358156145
2023-11-10,0.0003540273981089,0.0,0.0,0.7746562287750207,0.8304945054945048,0.7746562287750207,0.0,0.00047984611081995697,0.00047984611081995697
2023-11-10,0.0,0.0,0.0,0.7746562287750207,0.8304945054945048,0.7746562287750207,0.0,0.0023309554358156145,0.0023309554358156145
2023-11-10,0.0064801544813668,0.0,0.0,0.7746562287750207,0.8304945054945048,0.7746562287750207,0.0,0.00013521707352039168,0.00013521707352039168
2023-11-10,0.0001010325942302,0.0,0.0,0.7746562287750207,0.8304945054945048,0.7746562287750207,0.0,0.001309515136274666,0.001309515136274666
2023-11-10,0.0094979256108745,0.0,0.0,0.7746562287750207,0.8304945054945048,0.7746562287750207,0.0,0.00034808378828721844,0.00034808378828721844
2023-11-10,0.0005440526333256,0.0,0.0,0.7746562287750207,0.8304945054945048,0.7746562287750207,0.0,0.00024502880134242286,0.00024502880134242286
2023-11-10,0.011072199866105,0.0,0.0,0.7746562287750207,0.8304945054945048,0.7746562287750207,0.0,0.00016293733739756178,0.00016293733739756178
2023-11-11,0.0108547397544319,0.0,0.0,0.7727737420123573,0.8282967032967044,0.7746562287750207,-0.001882486762663449,0.0,0.001882486762663449
2023-11-11,0.041108840039187,0.0,0.0,0.7727737420123573,0.8282967032967044,0.7727737420123573,0.0,0.00024957638172413364,0.00024957638172413364
2023-11-11,0.0643365804884323,0.0,0.0,0.7727737420123573,0.8282967032967044,0.7727737420123573,0.0,0.0001460513606313485,0.0001460513606313485
2023-11-11,0.0750878834431333,0.0,0.0,0.7727737420123573,0.8282967032967044,0.7727737420123573,0.0,0.0002434189343855808,0.0002434189343855808
2023-11-11,0.0480684434695476,0.0,0.0,0.7727737420123573,0.8282967032967044,0.7727737420123573,0.0,0.001949842656068973,0.001949842656068973
2023-11-11,0.1215157067069701,0.0,0.0,0.7727737420123573,0.8282967032967044,0.7727737420123573,0.0,0.0009113609603737627,0.0009113609603737627
2023-11-11,0.0831772304389489,0.0,0.0,0.7727737420123573,0.8282967032967044,0.7727737420123573,0.0,0.0002747349594948045,0.0002747349594948045
2023-11-11,0.0250277734372366,0.0,0.0,0.7727737420123573,0.8282967032967044,0.7727737420123573,0.0,0.0006471430149400326,0.0006471430149400326
2023-11-11,0.1189500844610808,0.0,0.0,0.7727737420123573,0.8282967032967044,0.7727737420123573,0.0,0.000876308163788091,0.000876308163788091
2023-11-11,0.0259010797371981,0.0,0.0,0.7727737420123573,0.8282967032967044,0.7727737420123573,0.0,0.0004206100573206639,0.0004206100573206639
2023-11-12,0.0,0.0,0.0,0.7700921971981265,0.8258241758241756,0.7727737420123573,-0.002681544814230774,0.0022135409056499964,0.00489508571988077
2023-11-12,0.0,0.0,0.0,0.7700921971981265,0.8258241758241756,0.7700921971981265,0.0,0.0022135409056499964,0.0022135409056499964
2023-11-12,0.0,0.0,0.0,0.7700921971981265,0.8258241758241756,0.7700921971981265,0.0,0.0022135409056499964,0.0022135409056499964
2023-11-12,0.0,0.0,0.0,0.7700921971981265,0.8258241758241756,0.7700921971981265,0.0,0.0022135409056499964,0.0022135409056499964
2023-11-12,0.0,0.0,0.0,0.7700921971981265,0.8258241758241756,0.7700921971981265,0.0,0.0022135409056499964,0.0022135409056499964
2023-11-12,0.0,0.0,0.0,0.7700921971981265,0.8258241758241756,0.7700921971981265,0.0,0.0022135409056499964,0.0022135409056499964
2023-11-12,0.0,0.0,0.0,0.7700921971981265,0.8258241758241756,0.7700921971981265,0.0,0.0022135409056499964,0.0022135409056499964
2023-11-12,0.0,0.0,0.0,0.7700921971981265,0.8258241758241756,0.7700921971981265,0.0,0.0022135409056499964,0.0022135409056499964
2023-11-12,0.0,0.0,0.0,0.7700921971981265,0.8258241758241756,0.7700921971981265,0.0,0.0022135409056499964,0.0022135409056499964
2023-11-12,0.0,0.0,0.0,0.7700921971981265,0.8258241758241756,0.7700921971981265,0.0,0.0022135409056499964,0.0022135409056499964
2023-11-13,0.0,0.0,0.0,0.766670348600826,0.8233516483516485,0.7700921971981265,-0.0034218485973005475,0.0022135409056499964,0.005635389502950543
2023-11-13,0.0,0.0,0.0,0.766670348600826,0.8233516483516485,0.766670348600826,0.0,0.0022135409056499964,0.0022135409056499964
2023-11-13,0.0,0.0,0.0,0.766670348600826,0.8233516483516485,0.766670348600826,0.0,0.0022135409056499964,0.0022135409056499964
2023-11-13,0.0,0.0,0.0,0.766670348600826,0.8233516483516485,0.766670348600826,0.0,0.0022135409056499964,0.0022135409056499964
2023-11-13,0.0,0.0,0.0,0.766670348600826,0.8233516483516485,0.766670348600826,0.0,0.0022135409056499964,0.0022135409056499964
2023-11-13,0.0,0.0,0.0,0.766670348600826,0.8233516483516485,0.766670348600826,0.0,0.0022135409056499964,0.0022135409056499964
2023-11-13,0.0,0.0,0.0,0.766670348600826,0.8233516483516485,0.766670348600826,0.0,0.0022135409056499964,0.0022135409056499964
2023-11-13,0.0,0.0,0.0,0.766670348600826,0.8233516483516485,0.766670348600826,0.0,0.0022135409056499964,0.0022135409056499964
2023-11-13,0.0,0.0,0.0,0.766670348600826,0.8233516483516485,0.766670348600826,0.0,0.0022135409056499964,0.0022135409056499964
2023-11-13,0.0,0.0,0.0,0.766670348600826,0.8233516483516485,0.766670348600826,0.0,0.0022135409056499964,0.0022135409056499964
2023-11-14,0.0,0.0,0.0,0.7637467362003849,0.8206043956043949,0.766670348600826,-0.0029236124004410335,0.0022135409056499964,0.0051371533060910295
2023-11-14,0.0,0.0,0.0,0.7637467362003849,0.8206043956043949,0.7637467362003849,0.0,0.0022135409056499964,0.0022135409056499964
2023-11-14,0.0,0.0,0.0,0.7637467362003849,0.8206043956043949,0.7637467362003849,0.0,0.0022135409056499964,0.0022135409056499964
2023-11-14,0.0,0.0,0.0,0.7637467362003849,0.8206043956043949,0.7637467362003849,0.0,0.0022135409056499964,0.0022135409056499964
2023-11-14,0.0,0.0,0.0,0.7637467362003849,0.8206043956043949,0.7637467362003849,0.0,0.0022135409056499964,0.0022135409056499964
2023-11-14,0.0,0.0,0.0,0.7637467362003849,0.8206043956043949,0.7637467362003849,0.0,0.0022135409056499964,0.0022135409056499964
2023-11-14,0.0,0.0,0.0,0.7637467362003849,0.8206043956043949,0.7637467362003849,0.0,0.0022135409056499964,0.0022135409056499964
2023-11-14,0.0,0.0,0.0,0.7637467362003849,0.8206043956043949,0.7637467362003849,0.0,0.0022135409056499964,0.0022135409056499964
2023-11-14,0.0,0.0,0.0,0.7637467362003849,0.8206043956043949,0.7637467362003849,0.0,0.0022135409056499964,0.0022135409056499964
2023-11-14,0.0,0.0,0.0,0.7637467362003849,0.8206043956043949,0.7637467362003849,0.0,0.0022135409056499964,0.0022135409056499964
2023-11-15,0.0,0.0,0.0,0.7609688343858181,0.8178571428571413,0.7637467362003849,-0.00277790181456683,0.0022135409056499964,0.004991442720216826
2023-11-15,0.0,0.0,0.0,0.7609688343858181,0.8178571428571413,0.7609688343858181,0.0,0.0022135409056499964,0.0022135409056499964
2023-11-15,0.0,0.0,0.0,0.7609688343858181,0.8178571428571413,0.7609688343858181,0.0,0.0022135409056499964,0.0022135409056499964
2023-11-15,0.0,0.0,0.0,0.7609688343858181,0.8178571428571413,0.7609688343858181,0.0,0.0022135409056499964,0.0022135409056499964
2023-11-15,0.0,0.0,0.0,0.7609688343858181,0.8178571428571413,0.7609688343858181,0.0,0.0022135409056499964,0.0022135409056499964
2023-11-15,0.0,0.0,0.0,0.7609688343858181,0.8178571428571413,0.7609688343858181,0.0,0.0022135409056499964,0.0022135409056499964
2023-11-15,0.0,0.0,0.0,0.7609688343858181,0.8178571428571413,0.7609688343858181,0.0,0.0022135409056499964,0.0022135409056499964
2023-11-15,0.0,0.0,0.0,0.7609688343858181,0.8178571428571413,0.7609688343858181,0.0,0.0022135409056499964,0.0022135409056499964
2023-11-15,0.0,0.0,0.0,0.7609688343858181,0.8178571428571413,0.7609688343858181,0.0,0.0022135409056499964,0.0022135409056499964
2023-11-15,0.0,0.0,0.0,0.7609688343858181,0.8178571428571413,0.7609688343858181,0.0,0.0022135409056499964,0.0022135409056499964
2023-11-16,0.0,0.0,0.0,0.7542073931671136,0.812912087912089,0.7609688343858181,-0.006761441218704478,0.002195932251381264,0.008957373470085742
2023-11-16,0.0,0.0,0.0,0.7542073931671136,0.812912087912089,0.7542073931671136,0.0,0.002195932251381264,0.002195932251381264
2023-11-16,0.0,0.0,0.0,0.7542073931671136,0.812912087912089,0.7542073931671136,0.0,0.002195932251381264,0.002195932251381264
2023-11-16,0.0,0.0,0.0,0.7542073931671136,0.812912087912089,0.7542073931671136,0.0,0.002195932251381264,0.002195932251381264
2023-11-16,0.0,0.0,0.0,0.7542073931671136,0.812912087912089,0.7542073931671136,0.0,0.002195932251381264,0.002195932251381264
2023-11-16,0.0,0.0,0.0,0.7542073931671136,0.812912087912089,0.7542073931671136,0.0,0.002195932251381264,0.002195932251381264
2023-11-16,0.0,0.0,0.0,0.7542073931671136,0.812912087912089,0.7542073931671136,0.0,0.002195932251381264,0.002195932251381264
2023-11-16,0.0,0.0,0.0,0.7542073931671136,0.812912087912089,0.7542073931671136,0.0,0.002195932251381264,0.002195932251381264
2023-11-16,0.0,0.0,0.0,0.7542073931671136,0.812912087912089,0.7542073931671136,0.0,0.002195932251381264,0.002195932251381264
2023-11-16,0.0,0.0,0.0,0.7542073931671136,0.812912087912089,0.7542073931671136,0.0,0.002195932251381264,0.002195932251381264
2023-11-17,0.0,0.0,0.0,0.7472320864110777,0.8071428571428569,0.7542073931671136,-0.0069753067560358595,0.0022494221374214874,0.009224728893457348
2023-11-17,0.0,0.0,0.0,0.7472320864110777,0.8071428571428569,0.7472320864110777,0.0,0.0022494221374214874,0.0022494221374214874
2023-11-17,0.0,0.0,0.0,0.7472320864110777,0.8071428571428569,0.7472320864110777,0.0,0.0022494221374214874,0.0022494221374214874
2023-11-17,0.0,0.0,0.0,0.7472320864110777,0.8071428571428569,0.7472320864110777,0.0,0.0022494221374214874,0.0022494221374214874
2023-11-17,0.0,0.0,0.0,0.7472320864110777,0.8071428571428569,0.7472320864110777,0.0,0.0022494221374214874,0.0022494221374214874
2023-11-17,0.0,0.0,0.0,0.7472320864110777,0.8071428571428569,0.7472320864110777,0.0,0.0022494221374214874,0.0022494221374214874
2023-11-17,0.0,0.0,0.0,0.7472320864110777,0.8071428571428569,0.7472320864110777,0.0,0.0022494221374214874,0.0022494221374214874
2023-11-17,0.0,0.0,0.0,0.7472320864110777,0.8071428571428569,0.7472320864110777,0.0,0.0022494221374214874,0.0022494221374214874
2023-11-17,0.0,0.0,0.0,0.7472320864110777,0.8071428571428569,0.7472320864110777,0.0,0.0022494221374214874,0.0022494221374214874
2023-11-17,0.0,0.0,0.0,0.7472320864110777,0.8071428571428569,0.7472320864110777,0.0,0.0022494221374214874,0.0022494221374214874
2023-11-18,0.0,0.0,0.0,0.739032340699552,0.8005494505494504,0.7472320864110777,-0.008199745711525708,0.002140491723626924,0.010340237435152631
2023-11-18,0.0,0.0,0.0,0.739032340699552,0.8005494505494504,0.739032340699552,0.0,0.002140491723626924,0.002140491723626924
2023-11-18,0.0,0.0,0.0,0.739032340699552,0.8005494505494504,0.739032340699552,0.0,0.002140491723626924,0.002140491723626924
2023-11-18,0.0,0.0,0.0,0.739032340699552,0.8005494505494504,0.739032340699552,0.0,0.002140491723626924,0.002140491723626924
2023-11-18,0.0,0.0,0.0,0.739032340699552,0.8005494505494504,0.739032340699552,0.0,0.002140491723626924,0.002140491723626924
2023-11-18,0.0,0.0,0.0,0.739032340699552,0.8005494505494504,0.739032340699552,0.0,0.002140491723626924,0.002140491723626924
2023-11-18,0.0,0.0,0.0,0.739032340699552,0.8005494505494504,0.739032340699552,0.0,0.002140491723626924,0.002140491723626924
2023-11-18,0.0,0.0,0.0,0.739032340699552,0.8005494505494504,0.739032340699552,0.0,0.002140491723626924,0.002140491723626924
2023-11-18,0.0,0.0,0.0,0.739032340699552,0.8005494505494504,0.739032340699552,0.0,0.002140491723626924,0.002140491723626924
2023-11-18,0.0,0.0,0.0,0.739032340699552,0.8005494505494504,0.739032340699552,0.0,0.002140491723626924,0.002140491723626924
2023-11-19,0.0,0.0,0.0,0.7304236652792828,0.7934065934065924,0.739032340699552,-0.008608675420269218,0.002140491723626924,0.010749167143896142
2023-11-19,0.0,0.0,0.0,0.7304236652792828,0.7934065934065924,0.7304236652792828,0.0,0.002140491723626924,0.002140491723626924
2023-11-19,0.0,0.0,0.0,0.7304236652792828,0.7934065934065924,0.7304236652792828,0.0,0.002140491723626924,0.002140491723626924
2023-11-19,0.0,0.0,0.0,0.7304236652792828,0.7934065934065924,0.7304236652792828,0.0,0.002140491723626924,0.002140491723626924
2023-11-19,0.0,0.0,0.0,0.7304236652792828,0.7934065934065924,0.7304236652792828,0.0,0.002140491723626924,0.002140491723626924
2023-11-19,0.0,0.0,0.0,0.7304236652792828,0.7934065934065924,0.7304236652792828,0.0,0.002140491723626924,0.002140491723626924
2023-11-19,0.0,0.0,0.0,0.7304236652792828,0.7934065934065924,0.7304236652792828,0.0,0.002140491723626924,0.002140491723626924
2023-11-19,0.0,0.0,0.0,0.7304236652792828,0.7934065934065924,0.7304236652792828,0.0,0.002140491723626924,0.002140491723626924
2023-11-19,0.0,0.0,0.0,0.7304236652792828,0.7934065934065924,0.7304236652792828,0.0,0.002140491723626924,0.002140491723626924
2023-11-19,0.0,0.0,0.0,0.7304236652792828,0.7934065934065924,0.7304236652792828,0.0,0.002140491723626924,0.002140491723626924
2023-11-20,0.0,0.0,0.0,0.7213003024669744,0.7859890109890113,0.7304236652792828,-0.009123362812308411,0.002140491723626924,0.011263854535935335
2023-11-20,0.0,0.0,0.0,0.7213003024669744,0.7859890109890113,0.7213003024669744,0.0,0.002140491723626924,0.002140491723626924
2023-11-20,0.0,0.0,0.0,0.7213003024669744,0.7859890109890113,0.7213003024669744,0.0,0.002140491723626924,0.002140491723626924
2023-11-20,0.0,0.0,0.0,0.7213003024669744,0.7859890109890113,0.7213003024669744,0.0,0.002140491723626924,0.002140491723626924
2023-11-20,0.0,0.0,0.0,0.7213003024669744,0.7859890109890113,0.7213003024669744,0.0,0.002140491723626924,0.002140491723626924
2023-11-20,0.0,0.0,0.0,0.7213003024669744,0.7859890109890113,0.7213003024669744,0.0,0.002140491723626924,0.002140491723626924
2023-11-20,0.0,0.0,0.0,0.7213003024669744,0.7859890109890113,0.7213003024669744,0.0,0.002140491723626924,0.002140491723626924
2023-11-20,0.0,0.0,0.0,0.7213003024669744,0.7859890109890113,0.7213003024669744,0.0,0.002140491723626924,0.002140491723626924
2023-11-20,0.0,0.0,0.0,0.7213003024669744,0.7859890109890113,0.7213003024669744,0.0,0.002140491723626924,0.002140491723626924
2023-11-20,0.0,0.0,0.0,0.7213003024669744,0.7859890109890113,0.7213003024669744,0.0,0.002140491723626924,0.002140491723626924
2023-11-21,0.0,0.0,0.0,0.7135118366349316,0.7796703296703296,0.7213003024669744,-0.007788465832042846,0.0019643699283784966,0.009752835760421342
2023-11-21,0.0,0.0,0.0,0.7135118366349316,0.7796703296703296,0.7135118366349316,0.0,0.0019643699283784966,0.0019643699283784966
2023-11-21,0.0,0.0,0.0,0.7135118366349316,0.7796703296703296,0.7135118366349316,0.0,0.0019643699283784966,0.0019643699283784966
2023-11-21,0.0,0.0,0.0,0.7135118366349316,0.7796703296703296,0.7135118366349316,0.0,0.0019643699283784966,0.0019643699283784966
2023-11-21,0.0,0.0,0.0,0.7135118366349316,0.7796703296703296,0.7135118366349316,0.0,0.0019643699283784966,0.0019643699283784966
2023-11-21,0.0,0.0,0.0,0.7135118366349316,0.7796703296703296,0.7135118366349316,0.0,0.0019643699283784966,0.0019643699283784966
2023-11-21,0.0,0.0,0.0,0.7135118366349316,0.7796703296703296,0.7135118366349316,0.0,0.0019643699283784966,0.0019643699283784966
2023-11-21,0.0,0.0,0.0,0.7135118366349316,0.7796703296703296,0.7135118366349316,0.0,0.0019643699283784966,0.0019643699283784966
2023-11-21,0.0,0.0,0.0,0.7135118366349316,0.7796703296703296,0.7135118366349316,0.0,0.0019643699283784966,0.0019643699283784966
2023-11-21,0.0,0.0,0.0,0.7135118366349316,0.7796703296703296,0.7135118366349316,0.0,0.0019643699283784966,0.0019643699283784966
2023-11-22,0.0,0.0,0.0,0.7063344151952642,0.7739010989010993,0.7135118366349316,-0.007177421439667375,0.0019643699283784966,0.009141791368045871
2023-11-22,0.0,0.0,0.0,0.7063344151952642,0.7739010989010993,0.7063344151952642,0.0,0.0019643699283784966,0.0019643699283784966
2023-11-22,0.0,0.0,0.0,0.7063344151952642,0.7739010989010993,0.7063344151952642,0.0,0.0019643699283784966,0.0019643699283784966
2023-11-22,0.0,0.0,0.0,0.7063344151952642,0.7739010989010993,0.7063344151952642,0.0,0.0019643699283784966,0.0019643699283784966
2023-11-22,0.0,0.0,0.0,0.7063344151952642,0.7739010989010993,0.7063344151952642,0.0,0.0019643699283784966,0.0019643699283784966
2023-11-22,0.0,0.0,0.0,0.7063344151952642,0.7739010989010993,0.7063344151952642,0.0,0.0019643699283784966,0.0019643699283784966
2023-11-22,0.0,0.0,0.0,0.7063344151952642,0.7739010989010993,0.7063344151952642,0.0,0.0019643699283784966,0.0019643699283784966
2023-11-22,0.0,0.0,0.0,0.7063344151952642,0.7739010989010993,0.7063344151952642,0.0,0.0019643699283784966,0.0019643699283784966
2023-11-22,0.0,0.0,0.0,0.7063344151952642,0.7739010989010993,0.7063344151952642,0.0,0.0019643699283784966,0.0019643699283784966
2023-11-22,0.0,0.0,0.0,0.7063344151952642,0.7739010989010993,0.7063344151952642,0.0,0.0019643699283784966,0.0019643699283784966
2023-11-23,0.0,0.0,0.0,0.7018244375453879,0.7700549450549445,0.7063344151952642,-0.004509977649876262,0.0018821844576040448,0.0063921621074803075
2023-11-23,0.0,0.0,0.0,0.7018244375453879,0.7700549450549445,0.7018244375453879,0.0,0.0018821844576040448,0.0018821844576040448
2023-11-23,0.0,0.0,0.0,0.7018244375453879,0.7700549450549445,0.7018244375453879,0.0,0.0018821844576040448,0.0018821844576040448
2023-11-23,0.0,0.0,0.0,0.7018244375453879,0.7700549450549445,0.7018244375453879,0.0,0.0018821844576040448,0.0018821844576040448
2023-11-23,0.0,0.0,0.0,0.7018244375453879,0.7700549450549445,0.7018244375453879,0.0,0.0018821844576040448,0.0018821844576040448
2023-11-23,0.0,0.0,0.0,0.7018244375453879,0.7700549450549445,0.7018244375453879,0.0,0.0018821844576040448,0.0018821844576040448
2023-11-23,0.0,0.0,0.0,0.7018244375453879,0.7700549450549445,0.7018244375453879,0.0,0.0018821844576040448,0.0018821844576040448
2023-11-23,0.0,0.0,0.0,0.7018244375453879,0.7700549450549445,0.7018244375453879,0.0,0.0018821844576040448,0.0018821844576040448
2023-11-23,0.0,0.0,0.0,0.7018244375453879,0.7700549450549445,0.7018244375453879,0.0,0.0018821844576040448,0.0018821844576040448
2023-11-23,0.0,0.0,0.0,0.7018244375453879,0.7700549450549445,0.7018244375453879,0.0,0.0018821844576040448,0.0018821844576040448
2023-11-24,0.0,0.0,0.0,0.6975189247498832,0.7664835164835164,0.7018244375453879,-0.004305512795504729,0.0018821844576040448,0.006187697253108774
2023-11-24,0.0,0.0,0.0,0.6975189247498832,0.7664835164835164,0.6975189247498832,0.0,0.0018821844576040448,0.0018821844576040448
2023-11-24,0.0,0.0,0.0,0.6975189247498832,0.7664835164835164,0.6975189247498832,0.0,0.0018821844576040448,0.0018821844576040448
2023-11-24,0.0,0.0,0.0,0.6975189247498832,0.7664835164835164,0.6975189247498832,0.0,0.0018821844576040448,0.0018821844576040448
2023-11-24,0.0,0.0,0.0,0.6975189247498832,0.7664835164835164,0.6975189247498832,0.0,0.0018821844576040448,0.0018821844576040448
2023-11-24,0.0,0.0,0.0,0.6975189247498832,0.7664835164835164,0.6975189247498832,0.0,0.0018821844576040448,0.0018821844576040448
2023-11-24,0.0,0.0,0.0,0.6975189247498832,0.7664835164835164,0.6975189247498832,0.0,0.0018821844576040448,0.0018821844576040448
2023-11-24,0.0,0.0,0.0,0.6975189247498832,0.7664835164835164,0.6975189247498832,0.0,0.0018821844576040448,0.0018821844576040448
2023-11-24,0.0,0.0,0.0,0.6975189247498832,0.7664835164835164,0.6975189247498832,0.0,0.0018821844576040448,0.0018821844576040448
2023-11-24,0.0,0.0,0.0,0.6975189247498832,0.7664835164835164,0.6975189247498832,0.0,0.0018821844576040448,0.0018821844576040448
2023-11-25,0.0,0.0,0.0,0.6940359717133451,0.7637362637362628,0.6975189247498832,-0.0034829530365381167,0.0018945419634736104,0.005377495000011727
2023-11-25,0.0,0.0,0.0,0.6940359717133451,0.7637362637362628,0.6940359717133451,0.0,0.0018945419634736104,0.0018945419634736104
2023-11-25,0.0,0.0,0.0,0.6940359717133451,0.7637362637362628,0.6940359717133451,0.0,0.0018945419634736104,0.0018945419634736104
2023-11-25,0.0,0.0,0.0,0.6940359717133451,0.7637362637362628,0.6940359717133451,0.0,0.0018945419634736104,0.0018945419634736104
2023-11-25,0.0,0.0,0.0,0.6940359717133451,0.7637362637362628,0.6940359717133451,0.0,0.0018945419634736104,0.0018945419634736104
2023-11-25,0.0,0.0,0.0,0.6940359717133451,0.7637362637362628,0.6940359717133451,0.0,0.0018945419634736104,0.0018945419634736104
2023-11-25,0.0,0.0,0.0,0.6940359717133451,0.7637362637362628,0.6940359717133451,0.0,0.0018945419634736104,0.0018945419634736104
2023-11-25,0.0,0.0,0.0,0.6940359717133451,0.7637362637362628,0.6940359717133451,0.0,0.0018945419634736104,0.0018945419634736104
2023-11-25,0.0,0.0,0.0,0.6940359717133451,0.7637362637362628,0.6940359717133451,0.0,0.0018945419634736104,0.0018945419634736104
2023-11-25,0.0,0.0,0.0,0.6940359717133451,0.7637362637362628,0.6940359717133451,0.0,0.0018945419634736104,0.0018945419634736104
2023-11-26,0.0,0.0,0.0,0.690550668506067,0.760989010989011,0.6940359717133451,-0.0034853032072781343,0.0018945419634736104,0.005379845170751745
2023-11-26,0.0,0.0,0.0,0.690550668506067,0.760989010989011,0.690550668506067,0.0,0.0018945419634736104,0.0018945419634736104
2023-11-26,0.0,0.0,0.0,0.690550668506067,0.760989010989011,0.690550668506067,0.0,0.0018945419634736104,0.0018945419634736104
2023-11-26,0.0,0.0,0.0,0.690550668506067,0.760989010989011,0.690550668506067,0.0,0.0018945419634736104,0.0018945419634736104
2023-11-26,0.0,0.0,0.0,0.690550668506067,0.760989010989011,0.690550668506067,0.0,0.0018945419634736104,0.0018945419634736104
2023-11-26,0.0,0.0,0.0,0.690550668506067,0.760989010989011,0.690550668506067,0.0,0.0018945419634736104,0.0018945419634736104
2023-11-26,0.0,0.0,0.0,0.690550668506067,0.760989010989011,0.690550668506067,0.0,0.0018945419634736104,0.0018945419634736104
2023-11-26,0.0,0.0,0.0,0.690550668506067,0.760989010989011,0.690550668506067,0.0,0.0018945419634736104,0.0018945419634736104
2023-11-26,0.0,0.0,0.0,0.690550668506067,0.760989010989011,0.690550668506067,0.0,0.0018945419634736104,0.0018945419634736104
2023-11-26,0.0,0.0,0.0,0.690550668506067,0.760989010989011,0.690550668506067,0.0,0.0018945419634736104,0.0018945419634736104
2023-11-27,0.0,0.0,0.0,0.6876787598619041,0.7585164835164839,0.690550668506067,-0.0028719086441628683,0.0018945419634736104,0.004766450607636479
2023-11-27,0.0,0.0,0.0,0.6876787598619041,0.7585164835164839,0.6876787598619041,0.0,0.0018945419634736104,0.0018945419634736104
2023-11-27,0.0,0.0,0.0,0.6876787598619041,0.7585164835164839,0.6876787598619041,0.0,0.0018945419634736104,0.0018945419634736104
2023-11-27,0.0,0.0,0.0,0.6876787598619041,0.7585164835164839,0.6876787598619041,0.0,0.0018945419634736104,0.0018945419634736104
2023-11-27,0.0,0.0,0.0,0.6876787598619041,0.7585164835164839,0.6876787598619041,0.0,0.0018945419634736104,0.0018945419634736104
2023-11-27,0.0,0.0,0.0,0.6876787598619041,0.7585164835164839,0.6876787598619041,0.0,0.0018945419634736104,0.0018945419634736104
2023-11-27,0.0,0.0,0.0,0.6876787598619041,0.7585164835164839,0.6876787598619041,0.0,0.0018945419634736104,0.0018945419634736104
2023-11-27,0.0,0.0,0.0,0.6876787598619041,0.7585164835164839,0.6876787598619041,0.0,0.0018945419634736104,0.0018945419634736104
2023-11-27,0.0,0.0,0.0,0.6876787598619041,0.7585164835164839,0.6876787598619041,0.0,0.0018945419634736104,0.0018945419634736104
2023-11-27,0.0,0.0,0.0,0.6876787598619041,0.7585164835164839,0.6876787598619041,0.0,0.0018945419634736104,0.0018945419634736104
2023-11-28,0.0,0.0,0.0,0.6836834696040668,0.7552197802197806,0.6876787598619041,-0.003995290257837292,0.000693495432443169,0.00468878569028046
2023-11-28,0.0,0.0,0.0,0.6836834696040668,0.7552197802197806,0.6836834696040668,0.0,0.000693495432443169,0.000693495432443169
2023-11-28,0.0,0.0,0.0,0.6836834696040668,0.7552197802197806,0.6836834696040668,0.0,0.000693495432443169,0.000693495432443169
2023-11-28,0.0,0.0,0.0,0.6836834696040668,0.7552197802197806,0.6836834696040668,0.0,0.000693495432443169,0.000693495432443169
2023-11-28,0.0018320517787377,0.0,0.0,0.6836834696040668,0.7552197802197806,0.6836834696040668,0.0,0.0020541667352133412,0.0020541667352133412
2023-11-28,0.000421409176884,0.0,0.0,0.6836834696040668,0.7552197802197806,0.6836834696040668,0.0,0.00025959985992982657,0.00025959985992982657
2023-11-28,0.0008299584617718,0.0,0.0,0.6836834696040668,0.7552197802197806,0.6836834696040668,0.0,0.0002008925948470175,0.0002008925948470175
2023-11-28,0.0,0.0,0.0,0.6836834696040668,0.7552197802197806,0.6836834696040668,0.0,0.000693495432443169,0.000693495432443169
2023-11-28,0.0003395500557762,0.0,0.0,0.6836834696040668,0.7552197802197806,0.6836834696040668,0.0,0.0003183071250126357,0.0003183071250126357
2023-11-28,0.0,0.0,0.0,0.6836834696040668,0.7552197802197806,0.6836834696040668,0.0,0.000693495432443169,0.000693495432443169
2023-11-29,0.0,0.0,0.0,0.6813238981812029,0.7532967032967033,0.6836834696040668,-0.0023595714228639153,0.000693495432443169,0.0030530668553070844
2023-11-29,0.0,0.0,0.0,0.6813238981812029,0.7532967032967033,0.6813238981812029,0.0,0.000693495432443169,0.000693495432443169
2023-11-29,0.0,0.0,0.0,0.6813238981812029,0.7532967032967033,0.6813238981812029,0.0,0.000693495432443169,0.000693495432443169
2023-11-29,0.0,0.0,0.0,0.6813238981812029,0.7532967032967033,0.6813238981812029,0.0,0.000693495432443169,0.000693495432443169
2023-11-29,0.0,0.0,0.0,0.6813238981812029,0.7532967032967033,0.6813238981812029,0.0,0.000693495432443169,0.000693495432443169
2023-11-29,0.0,0.0,0.0,0.6813238981812029,0.7532967032967033,0.6813238981812029,0.0,0.000693495432443169,0.000693495432443169
2023-11-29,0.0,0.0,0.0,0.6813238981812029,0.7532967032967033,0.6813238981812029,0.0,0.000693495432443169,0.000693495432443169
2023-11-29,0.0,0.0,0.0,0.6813238981812029,0.7532967032967033,0.6813238981812029,0.0,0.000693495432443169,0.000693495432443169
2023-11-29,0.0,0.0,0.0,0.6813238981812029,0.7532967032967033,0.6813238981812029,0.0,0.000693495432443169,0.000693495432443169
2023-11-29,5.73601155041655e-08,0.0,0.0,0.6813238981812029,0.7532967032967033,0.6813238981812029,0.0,0.0009283244927744055,0.0009283244927744055
2023-11-30,0.0082899229352787,0.0,0.0,0.678249874853408,0.7508241758241745,0.6813238981812029,-0.003074023327794828,0.0002284600976260892,0.0033024834254209174
2023-11-30,0.011014982627302,0.0,0.0,0.678249874853408,0.7508241758241745,0.678249874853408,0.0,9.520541667352056e-05,9.520541667352056e-05
2023-11-30,0.0045628770079037,0.0,0.0,0.678249874853408,0.7508241758241745,0.678249874853408,0.0,0.0,0.0
2023-11-30,0.000995886310472,0.0,0.0,0.678249874853408,0.7508241758241745,0.678249874853408,0.0,0.00029945875567860216,0.00029945875567860216
2023-11-30,0.0050669422766084,0.0,0.0,0.678249874853408,0.7508241758241745,0.678249874853408,0.0,0.0,0.0
2023-11-30,0.0129661673446542,0.0,0.0,0.678249874853408,0.7508241758241745,0.678249874853408,0.0,5.70386438574777e-05,5.70386438574777e-05
2023-11-30,0.0123690041013661,0.0,0.0,0.678249874853408,0.7508241758241745,0.678249874853408,0.0,8.7896385672415e-06,8.7896385672415e-06
2023-11-30,0.0536029346431389,0.0,0.0,0.678249874853408,0.7508241758241745,0.678249874853408,0.0,0.0016630865732395294,0.0016630865732395294
2023-11-30,0.0013379200628419,0.0,0.0,0.678249874853408,0.7508241758241745,0.678249874853408,0.0,0.000343900484370192,0.000343900484370192
2023-11-30,0.0,0.0,0.0,0.678249874853408,0.7508241758241745,0.678249874853408,0.0,0.0005572983377242366,0.0005572983377242366
2023-12-01,0.0104544779749873,0.0,0.0,0.6761981757974718,0.7491758241758237,0.678249874853408,-0.0020516990559362736,9.520541667352056e-05,0.002146904472609794
2023-12-01,0.0498684169725732,0.0,0.0,0.6761981757974718,0.7491758241758237,0.6761981757974718,0.0,0.0014538861248269564,0.0014538861248269564
2023-12-01,0.029062323975139,0.0,0.0,0.6761981757974718,0.7491758241758237,0.6761981757974718,0.0,0.0010863664245207483,0.0010863664245207483
2023-12-01,0.0221453701490025,0.0,0.0,0.6761981757974718,0.7491758241758237,0.6761981757974718,0.0,0.0007113849321153154,0.0007113849321153154
2023-12-01,0.0155051569321976,0.0,0.0,0.6761981757974718,0.7491758241758237,0.6761981757974718,0.0,0.0,0.0
2023-12-01,0.0269535431825848,0.0,0.0,0.6761981757974718,0.7491758241758237,0.6761981757974718,0.0,0.0007147809288344842,0.0007147809288344842
2023-12-01,0.0174618808213329,0.0,0.0,0.6761981757974718,0.7491758241758237,0.6761981757974718,0.0,0.00042539265477636976,0.00042539265477636976
2023-12-01,0.0005368497328461,0.0,0.0,0.6761981757974718,0.7491758241758237,0.6761981757974718,0.0,0.0001421970806179107,0.0001421970806179107
2023-12-01,0.0390991827071989,0.0,0.0,0.6761981757974718,0.7491758241758237,0.6761981757974718,0.0,0.006482992989440717,0.006482992989440717
2023-12-01,0.0044738236314413,0.0,0.0,0.6761981757974718,0.7491758241758237,0.6761981757974718,0.0,0.0,0.0
2023-12-02,0.0089852798506995,0.0,0.0,0.6736388398617161,0.7469780219780215,0.6761981757974718,-0.0025593359357556356,0.0005153219381388019,0.0030746578738944375
2023-12-02,0.0097679964640017,0.0,0.0,0.6736388398617161,0.7469780219780215,0.6736388398617161,0.0,0.00019041083334704113,0.00019041083334704113
2023-12-02,0.0017112045318548,0.0,0.0,0.6736388398617161,0.7469780219780215,0.6736388398617161,0.0,0.000551291301313046,0.000551291301313046
2023-12-02,0.0,0.0,0.0,0.6736388398617161,0.7469780219780215,0.6736388398617161,0.0,0.0005572983377242366,0.0005572983377242366
2023-12-02,0.0004041303775987,0.0,0.0,0.6736388398617161,0.7469780219780215,0.6736388398617161,0.0,0.00025959985992982657,0.00025959985992982657
2023-12-02,0.0062081394857169,0.0,0.0,0.6736388398617161,0.7469780219780215,0.6736388398617161,0.0,0.0,0.0
2023-12-02,0.0,0.0,0.0,0.6736388398617161,0.7469780219780215,0.6736388398617161,0.0,0.0005572983377242366,0.0005572983377242366
2023-12-02,0.0012267106668634,0.0,0.0,0.6736388398617161,0.7469780219780215,0.6736388398617161,0.0,0.0,0.0
2023-12-02,0.0127030487775969,0.0,0.0,0.6736388398617161,0.7469780219780215,0.6736388398617161,0.0,0.0,0.0
2023-12-02,0.0038701348831945,0.0,0.0,0.6736388398617161,0.7469780219780215,0.6736388398617161,0.0,0.0,0.0
2023-12-03,0.0,0.0,0.0,0.6710748035844805,0.7450549450549442,0.6736388398617161,-0.0025640362772356706,0.0005572983377242366,0.003121334614959907
2023-12-03,0.0,0.0,0.0,0.6710748035844805,0.7450549450549442,0.6710748035844805,0.0,0.0005572983377242366,0.0005572983377242366
2023-12-03,0.0,0.0,0.0,0.6710748035844805,0.7450549450549442,0.6710748035844805,0.0,0.0005572983377242366,0.0005572983377242366
2023-12-03,0.0,0.0,0.0,0.6710748035844805,0.7450549450549442,0.6710748035844805,0.0,0.0005572983377242366,0.0005572983377242366
2023-12-03,0.0,0.0,0.0,0.6710748035844805,0.7450549450549442,0.6710748035844805,0.0,0.0005572983377242366,0.0005572983377242366
2023-12-03,0.0,0.0,0.0,0.6710748035844805,0.7450549450549442,0.6710748035844805,0.0,0.0005572983377242366,0.0005572983377242366
2023-12-03,0.0,0.0,0.0,0.6710748035844805,0.7450549450549442,0.6710748035844805,0.0,0.0005572983377242366,0.0005572983377242366
2023-12-03,0.0,0.0,0.0,0.6710748035844805,0.7450549450549442,0.6710748035844805,0.0,0.0005572983377242366,0.0005572983377242366
2023-12-03,0.0,0.0,0.0,0.6710748035844805,0.7450549450549442,0.6710748035844805,0.0,0.0005572983377242366,0.0005572983377242366
2023-12-03,0.0,0.0,0.0,0.6710748035844805,0.7450549450549442,0.6710748035844805,0.0,0.0005572983377242366,0.0005572983377242366
2023-12-04,0.0,0.0,0.0,0.6684097099654289,0.7428571428571438,0.6710748035844805,-0.0026650936190515395,0.0005572983377242366,0.003222391956775776
2023-12-04,6.735506259422994e-05,0.0,0.0,0.6684097099654289,0.7428571428571438,0.6684097099654289,0.0,0.002930134124244167,0.002930134124244167
2023-12-04,0.0,0.0,0.0,0.6684097099654289,0.7428571428571438,0.6684097099654289,0.0,0.0005572983377242366,0.0005572983377242366
2023-12-04,0.0,0.0,0.0,0.6684097099654289,0.7428571428571438,0.6684097099654289,0.0,0.0005572983377242366,0.0005572983377242366
2023-12-04,0.0,0.0,0.0,0.6684097099654289,0.7428571428571438,0.6684097099654289,0.0,0.0005572983377242366,0.0005572983377242366
2023-12-04,0.0,0.0,0.0,0.6684097099654289,0.7428571428571438,0.6684097099654289,0.0,0.0005572983377242366,0.0005572983377242366
2023-12-04,0.0015480262612246,0.0,0.0,0.6684097099654289,0.7428571428571438,0.6684097099654289,0.0,0.000343900484370192,0.000343900484370192
2023-12-04,4.758031375037951e-07,0.0,0.0,0.6684097099654289,0.7428571428571438,0.6684097099654289,0.0,0.0012381780536356067,0.0012381780536356067
2023-12-04,0.0001008266179452,0.0,0.0,0.6684097099654289,0.7428571428571438,0.6684097099654289,0.0,0.000587319418755782,0.000587319418755782
2023-12-04,0.0,0.0,0.0,0.6684097099654289,0.7428571428571438,0.6684097099654289,0.0,0.0005572983377242366,0.0005572983377242366
2023-12-05,0.0,0.0,0.0,0.665537801321266,0.740384615384615,0.6684097099654289,-0.0028719086441628683,0.0005572983377242366,0.003429206981887105
2023-12-05,0.0102755196464229,0.0,0.0,0.665537801321266,0.740384615384615,0.665537801321266,0.0,9.520541667352056e-05,9.520541667352056e-05
2023-12-05,0.0127224728353065,0.0,0.0,0.665537801321266,0.740384615384615,0.665537801321266,0.0,0.0,0.0
2023-12-05,0.0003582724526484,0.0,0.0,0.665537801321266,0.740384615384615,0.665537801321266,0.0,0.00025959985992982657,0.00025959985992982657
2023-12-05,0.0013471842233943,0.0,0.0,0.665537801321266,0.740384615384615,0.665537801321266,0.0,0.0002882719429566576,0.0002882719429566576
2023-12-05,0.0110320382623979,0.0,0.0,0.665537801321266,0.740384615384615,0.665537801321266,0.0,9.520541667352056e-05,9.520541667352056e-05
2023-12-05,0.0002898541888065,0.0,0.0,0.665537801321266,0.740384615384615,0.665537801321266,0.0,0.0,0.0
2023-12-05,0.0292156171117597,0.0,0.0,0.665537801321266,0.740384615384615,0.665537801321266,0.0,0.0010863664245207483,0.0010863664245207483
2023-12-05,0.0,0.0,0.0,0.665537801321266,0.740384615384615,0.665537801321266,0.0,0.0005572983377242366,0.0005572983377242366
2023-12-05,0.0060207486332132,0.0,0.0,0.665537801321266,0.740384615384615,0.665537801321266,0.0,0.0,0.0
2023-12-06,0.0,0.0,0.0,0.6620548482847279,0.7376373626373631,0.665537801321266,-0.0034829530365381167,0.0005572983377242366,0.004040251374262354
2023-12-06,0.0,0.0,0.0,0.6620548482847279,0.7376373626373631,0.6620548482847279,0.0,0.0005572983377242366,0.0005572983377242366
2023-12-06,0.0,0.0,0.0,0.6620548482847279,0.7376373626373631,0.6620548482847279,0.0,0.0005572983377242366,0.0005572983377242366
2023-12-06,0.0,0.0,0.0,0.6620548482847279,0.7376373626373631,0.6620548482847279,0.0,0.0005572983377242366,0.0005572983377242366
2023-12-06,0.0,0.0,0.0,0.6620548482847279,0.7376373626373631,0.6620548482847279,0.0,0.0005572983377242366,0.0005572983377242366
2023-12-06,0.0,0.0,0.0,0.6620548482847279,0.7376373626373631,0.6620548482847279,0.0,0.0005572983377242366,0.0005572983377242366
2023-12-06,0.0,0.0,0.0,0.6620548482847279,0.7376373626373631,0.6620548482847279,0.0,0.0005572983377242366,0.0005572983377242366
2023-12-06,0.0,0.0,0.0,0.6620548482847279,0.7376373626373631,0.6620548482847279,0.0,0.0005572983377242366,0.0005572983377242366
2023-12-06,0.0,0.0,0.0,0.6620548482847279,0.7376373626373631,0.6620548482847279,0.0,0.0005572983377242366,0.0005572983377242366
2023-12-06,0.0,0.0,0.0,0.6620548482847279,0.7376373626373631,0.6620548482847279,0.0,0.0005572983377242366,0.0005572983377242366
2023-12-07,0.0,0.0,0.0,0.6566212535340692,0.733241758241757,0.6620548482847279,-0.005433594750658743,0.0005572983377242366,0.00599089308838298
2023-12-07,0.0,0.0,0.0,0.6566212535340692,0.733241758241757,0.6566212535340692,0.0,0.0005572983377242366,0.0005572983377242366
2023-12-07,0.0,0.0,0.0,0.6566212535340692,0.733241758241757,0.6566212535340692,0.0,0.0005572983377242366,0.0005572983377242366
2023-12-07,0.0,0.0,0.0,0.6566212535340692,0.733241758241757,0.6566212535340692,0.0,0.0005572983377242366,0.0005572983377242366
2023-12-07,0.0,0.0,0.0,0.6566212535340692,0.733241758241757,0.6566212535340692,0.0,0.0005572983377242366,0.0005572983377242366
2023-12-07,0.0,0.0,0.0,0.6566212535340692,0.733241758241757,0.6566212535340692,0.0,0.0005572983377242366,0.0005572983377242366
2023-12-07,0.0,0.0,0.0,0.6566212535340692,0.733241758241757,0.6566212535340692,0.0,0.0005572983377242366,0.0005572983377242366
2023-12-07,0.0,0.0,0.0,0.6566212535340692,0.733241758241757,0.6566212535340692,0.0,0.0005572983377242366,0.0005572983377242366
2023-12-07,0.0,0.0,0.0,0.6566212535340692,0.733241758241757,0.6566212535340692,0.0,0.0005572983377242366,0.0005572983377242366
2023-12-07,0.0,0.0,0.0,0.6566212535340692,0.733241758241757,0.6566212535340692,0.0,0.0005572983377242366,0.0005572983377242366
2023-12-08,0.0,0.0,0.0,0.6513944738085222,0.7288461538461544,0.6566212535340692,-0.005226779725546971,0.0005572983377242366,0.0057840780632712075
2023-12-08,0.0,0.0,0.0,0.6513944738085222,0.7288461538461544,0.6513944738085222,0.0,0.0005572983377242366,0.0005572983377242366
2023-12-08,0.0,0.0,0.0,0.6513944738085222,0.7288461538461544,0.6513944738085222,0.0,0.0005572983377242366,0.0005572983377242366
2023-12-08,0.0,0.0,0.0,0.6513944738085222,0.7288461538461544,0.6513944738085222,0.0,0.0005572983377242366,0.0005572983377242366
2023-12-08,0.0,0.0,0.0,0.6513944738085222,0.7288461538461544,0.6513944738085222,0.0,0.0005572983377242366,0.0005572983377242366
2023-12-08,0.0,0.0,0.0,0.6513944738085222,0.7288461538461544,0.6513944738085222,0.0,0.0005572983377242366,0.0005572983377242366
2023-12-08,0.0,0.0,0.0,0.6513944738085222,0.7288461538461544,0.6513944738085222,0.0,0.0005572983377242366,0.0005572983377242366
2023-12-08,0.0,0.0,0.0,0.6513944738085222,0.7288461538461544,0.6513944738085222,0.0,0.0005572983377242366,0.0005572983377242366
2023-12-08,0.0,0.0,0.0,0.6513944738085222,0.7288461538461544,0.6513944738085222,0.0,0.0005572983377242366,0.0005572983377242366
2023-12-08,0.0,0.0,0.0,0.6513944738085222,0.7288461538461544,0.6513944738085222,0.0,0.0005572983377242366,0.0005572983377242366
2023-12-09,0.0,0.0,0.0,0.6452417268114528,0.7239010989010985,0.6513944738085222,-0.006152746997069469,0.0005572983377242366,0.006710045334793706
2023-12-09,0.0,0.0,0.0,0.6452417268114528,0.7239010989010985,0.6452417268114528,0.0,0.0005572983377242366,0.0005572983377242366
2023-12-09,0.0,0.0,0.0,0.6452417268114528,0.7239010989010985,0.6452417268114528,0.0,0.0005572983377242366,0.0005572983377242366
2023-12-09,0.0,0.0,0.0,0.6452417268114528,0.7239010989010985,0.6452417268114528,0.0,0.0005572983377242366,0.0005572983377242366
2023-12-09,0.0,0.0,0.0,0.6452417268114528,0.7239010989010985,0.6452417268114528,0.0,0.0005572983377242366,0.0005572983377242366
2023-12-09,0.0,0.0,0.0,0.6452417268114528,0.7239010989010985,0.6452417268114528,0.0,0.0005572983377242366,0.0005572983377242366
2023-12-09,0.0,0.0,0.0,0.6452417268114528,0.7239010989010985,0.6452417268114528,0.0,0.0005572983377242366,0.0005572983377242366
2023-12-09,0.0,0.0,0.0,0.6452417268114528,0.7239010989010985,0.6452417268114528,0.0,0.0005572983377242366,0.0005572983377242366
2023-12-09,0.0,0.0,0.0,0.6452417268114528,0.7239010989010985,0.6452417268114528,0.0,0.0005572983377242366,0.0005572983377242366
2023-12-09,0.0,0.0,0.0,0.6452417268114528,0.7239010989010985,0.6452417268114528,0.0,0.0005572983377242366,0.0005572983377242366
2023-12-10,0.0,0.0,0.0,0.6389926228140475,0.7186813186813197,0.6452417268114528,-0.006249103997405303,0.0004985910726414275,0.00674769507004673
2023-12-10,0.0,0.0,0.0,0.6389926228140475,0.7186813186813197,0.6389926228140475,0.0,0.0004985910726414275,0.0004985910726414275
2023-12-10,0.0,0.0,0.0,0.6389926228140475,0.7186813186813197,0.6389926228140475,0.0,0.0004985910726414275,0.0004985910726414275
2023-12-10,0.0,0.0,0.0,0.6389926228140475,0.7186813186813197,0.6389926228140475,0.0,0.0004985910726414275,0.0004985910726414275
2023-12-10,0.0,0.0,0.0,0.6389926228140475,0.7186813186813197,0.6389926228140475,0.0,0.0004985910726414275,0.0004985910726414275
2023-12-10,0.0,0.0,0.0,0.6389926228140475,0.7186813186813197,0.6389926228140475,0.0,0.0004985910726414275,0.0004985910726414275
2023-12-10,0.0,0.0,0.0,0.6389926228140475,0.7186813186813197,0.6389926228140475,0.0,0.0004985910726414275,0.0004985910726414275
2023-12-10,0.0,0.0,0.0,0.6389926228140475,0.7186813186813197,0.6389926228140475,0.0,0.0004985910726414275,0.0004985910726414275
2023-12-10,0.0,0.0,0.0,0.6389926228140475,0.7186813186813197,0.6389926228140475,0.0,0.0004985910726414275,0.0004985910726414275
2023-12-10,0.0,0.0,0.0,0.6389926228140475,0.7186813186813197,0.6389926228140475,0.0,0.0004985910726414275,0.0004985910726414275
2023-12-11,0.0,0.0,0.0,0.6327388184751623,0.7137362637362639,0.6389926228140475,-0.006253804338885116,0.0004985910726414275,0.006752395411526543
2023-12-11,0.0,0.0,0.0,0.6327388184751623,0.7137362637362639,0.6327388184751623,0.0,0.0004985910726414275,0.0004985910726414275
2023-12-11,0.0,0.0,0.0,0.6327388184751623,0.7137362637362639,0.6327388184751623,0.0,0.0004985910726414275,0.0004985910726414275
2023-12-11,0.0,0.0,0.0,0.6327388184751623,0.7137362637362639,0.6327388184751623,0.0,0.0004985910726414275,0.0004985910726414275
2023-12-11,0.0,0.0,0.0,0.6327388184751623,0.7137362637362639,0.6327388184751623,0.0,0.0004985910726414275,0.0004985910726414275
2023-12-11,0.0,0.0,0.0,0.6327388184751623,0.7137362637362639,0.6327388184751623,0.0,0.0004985910726414275,0.0004985910726414275
2023-12-11,0.0,0.0,0.0,0.6327388184751623,0.7137362637362639,0.6327388184751623,0.0,0.0004985910726414275,0.0004985910726414275
2023-12-11,0.0,0.0,0.0,0.6327388184751623,0.7137362637362639,0.6327388184751623,0.0,0.0004985910726414275,0.0004985910726414275
2023-12-11,0.0,0.0,0.0,0.6327388184751623,0.7137362637362639,0.6327388184751623,0.0,0.0004985910726414275,0.0004985910726414275
2023-12-11,0.0,0.0,0.0,0.6327388184751623,0.7137362637362639,0.6327388184751623,0.0,0.0004985910726414275,0.0004985910726414275
2023-12-12,0.0,0.0,0.0,0.6264873643070168,0.7085164835164832,0.6327388184751623,-0.006251454168145543,0.0004985910726414275,0.00675004524078697
2023-12-12,0.0,0.0,0.0,0.6264873643070168,0.7085164835164832,0.6264873643070168,0.0,0.0004985910726414275,0.0004985910726414275
2023-12-12,0.0,0.0,0.0,0.6264873643070168,0.7085164835164832,0.6264873643070168,0.0,0.0004985910726414275,0.0004985910726414275
2023-12-12,0.0,0.0,0.0,0.6264873643070168,0.7085164835164832,0.6264873643070168,0.0,0.0004985910726414275,0.0004985910726414275
2023-12-12,0.0,0.0,0.0,0.6264873643070168,0.7085164835164832,0.6264873643070168,0.0,0.0004985910726414275,0.0004985910726414275
2023-12-12,0.0,0.0,0.0,0.6264873643070168,0.7085164835164832,0.6264873643070168,0.0,0.0004985910726414275,0.0004985910726414275
2023-12-12,0.0,0.0,0.0,0.6264873643070168,0.7085164835164832,0.6264873643070168,0.0,0.0004985910726414275,0.0004985910726414275
2023-12-12,0.0,0.0,0.0,0.6264873643070168,0.7085164835164832,0.6264873643070168,0.0,0.0004985910726414275,0.0004985910726414275
2023-12-12,0.0,0.0,0.0,0.6264873643070168,0.7085164835164832,0.6264873643070168,0.0,0.0004985910726414275,0.0004985910726414275
2023-12-12,0.0,0.0,0.0,0.6264873643070168,0.7085164835164832,0.6264873643070168,0.0,0.0004985910726414275,0.0004985910726414275
2023-12-13,0.0,0.0,0.0,0.620644839847615,0.703846153846154,0.6264873643070168,-0.00584252445940181,0.00042579688414363286,0.006268321343545442
2023-12-13,0.0,0.0,0.0,0.620644839847615,0.703846153846154,0.620644839847615,0.0,0.00042579688414363286,0.00042579688414363286
2023-12-13,0.0,0.0,0.0,0.620644839847615,0.703846153846154,0.620644839847615,0.0,0.00042579688414363286,0.00042579688414363286
2023-12-13,0.0001161602546442,0.0,0.0,0.620644839847615,0.703846153846154,0.620644839847615,0.0,0.00044116230044113805,0.00044116230044113805
2023-12-13,0.0,0.0,0.0,0.620644839847615,0.703846153846154,0.620644839847615,0.0,0.00042579688414363286,0.00042579688414363286
2023-12-13,0.0009545293194907,0.0,0.0,0.620644839847615,0.703846153846154,0.620644839847615,0.0,0.0007768019346605525,0.0007768019346605525
2023-12-13,0.0,0.0,0.0,0.620644839847615,0.703846153846154,0.620644839847615,0.0,0.00042579688414363286,0.00042579688414363286
2023-12-13,0.0,0.0,0.0,0.620644839847615,0.703846153846154,0.620644839847615,0.0,0.00042579688414363286,0.00042579688414363286
2023-12-13,0.0,0.0,0.0,0.620644839847615,0.703846153846154,0.620644839847615,0.0,0.00042579688414363286,0.00042579688414363286
2023-12-13,0.0,0.0,0.0,0.620644839847615,0.703846153846154,0.620644839847615,0.0,0.00042579688414363286,0.00042579688414363286
2023-12-14,0.0,0.0,0.0,0.6139797556292463,0.6983516483516485,0.620644839847615,-0.006665084218368644,0.00042579688414363286,0.007090881102512277
2023-12-14,0.0,0.0,0.0,0.6139797556292463,0.6983516483516485,0.6139797556292463,0.0,0.00042579688414363286,0.00042579688414363286
2023-12-14,0.0,0.0,0.0,0.6139797556292463,0.6983516483516485,0.6139797556292463,0.0,0.00042579688414363286,0.00042579688414363286
2023-12-14,0.0,0.0,0.0,0.6139797556292463,0.6983516483516485,0.6139797556292463,0.0,0.00042579688414363286,0.00042579688414363286
2023-12-14,0.0,0.0,0.0,0.6139797556292463,0.6983516483516485,0.6139797556292463,0.0,0.00042579688414363286,0.00042579688414363286
2023-12-14,0.0,0.0,0.0,0.6139797556292463,0.6983516483516485,0.6139797556292463,0.0,0.00042579688414363286,0.00042579688414363286
2023-12-14,0.0,0.0,0.0,0.6139797556292463,0.6983516483516485,0.6139797556292463,0.0,0.00042579688414363286,0.00042579688414363286
2023-12-14,0.0,0.0,0.0,0.6139797556292463,0.6983516483516485,0.6139797556292463,0.0,0.00042579688414363286,0.00042579688414363286
2023-12-14,0.0,0.0,0.0,0.6139797556292463,0.6983516483516485,0.6139797556292463,0.0,0.00042579688414363286,0.00042579688414363286
2023-12-14,0.0,0.0,0.0,0.6139797556292463,0.6983516483516485,0.6139797556292463,0.0,0.00042579688414363286,0.00042579688414363286
2023-12-15,0.0,0.0,0.0,0.6139797556292463,0.6983516483516485,0.6139797556292463,0.0,0.00042579688414363286,0.00042579688414363286
2023-12-15,0.0,0.0,0.0,0.6139797556292463,0.6983516483516485,0.6139797556292463,0.0,0.00042579688414363286,0.00042579688414363286
2023-12-15,0.0,0.0,0.0,0.6139797556292463,0.6983516483516485,0.6139797556292463,0.0,0.00042579688414363286,0.00042579688414363286
2023-12-15,0.0,0.0,0.0,0.6139797556292463,0.6983516483516485,0.6139797556292463,0.0,0.00042579688414363286,0.00042579688414363286
2023-12-15,0.0,0.0,0.0,0.6139797556292463,0.6983516483516485,0.6139797556292463,0.0,0.00042579688414363286,0.00042579688414363286
2023-12-15,0.0,0.0,0.0,0.6139797556292463,0.6983516483516485,0.6139797556292463,0.0,0.00042579688414363286,0.00042579688414363286
2023-12-15,0.0,0.0,0.0,0.6139797556292463,0.6983516483516485,0.6139797556292463,0.0,0.00042579688414363286,0.00042579688414363286
2023-12-15,0.0,0.0,0.0,0.6139797556292463,0.6983516483516485,0.6139797556292463,0.0,0.00042579688414363286,0.00042579688414363286
2023-12-15,0.0,0.0,0.0,0.6139797556292463,0.6983516483516485,0.6139797556292463,0.0,0.00042579688414363286,0.00042579688414363286
2023-12-15,0.0,0.0,0.0,0.6139797556292463,0.6983516483516485,0.6139797556292463,0.0,0.00042579688414363286,0.00042579688414363286
2023-12-16,0.0,0.0,0.0,0.6139797556292463,0.6983516483516485,0.6139797556292463,0.0,0.00042579688414363286,0.00042579688414363286
2023-12-16,0.0,0.0,0.0,0.6139797556292463,0.6983516483516485,0.6139797556292463,0.0,0.00042579688414363286,0.00042579688414363286
2023-12-16,0.0,0.0,0.0,0.6139797556292463,0.6983516483516485,0.6139797556292463,0.0,0.00042579688414363286,0.00042579688414363286
2023-12-16,0.0,0.0,0.0,0.6139797556292463,0.6983516483516485,0.6139797556292463,0.0,0.00042579688414363286,0.00042579688414363286
2023-12-16,0.0,0.0,0.0,0.6139797556292463,0.6983516483516485,0.6139797556292463,0.0,0.00042579688414363286,0.00042579688414363286
2023-12-16,0.0,0.0,0.0,0.6139797556292463,0.6983516483516485,0.6139797556292463,0.0,0.00042579688414363286,0.00042579688414363286
2023-12-16,0.0,0.0,0.0,0.6139797556292463,0.6983516483516485,0.6139797556292463,0.0,0.00042579688414363286,0.00042579688414363286
2023-12-16,0.0,0.0,0.0,0.6139797556292463,0.6983516483516485,0.6139797556292463,0.0,0.00042579688414363286,0.00042579688414363286
2023-12-16,0.0,0.0,0.0,0.6139797556292463,0.6983516483516485,0.6139797556292463,0.0,0.00042579688414363286,0.00042579688414363286
2023-12-16,0.0,0.0,0.0,0.6139797556292463,0.6983516483516485,0.6139797556292463,0.0,0.00042579688414363286,0.00042579688414363286
2023-12-17,0.0,0.0,0.0,0.6139797556292463,0.6983516483516485,0.6139797556292463,0.0,0.00042579688414363286,0.00042579688414363286
2023-12-17,0.0,0.0,0.0,0.6139797556292463,0.6983516483516485,0.6139797556292463,0.0,0.00042579688414363286,0.00042579688414363286
2023-12-17,0.0,0.0,0.0,0.6139797556292463,0.6983516483516485,0.6139797556292463,0.0,0.00042579688414363286,0.00042579688414363286
2023-12-17,0.0,0.0,0.0,0.6139797556292463,0.6983516483516485,0.6139797556292463,0.0,0.00042579688414363286,0.00042579688414363286
2023-12-17,0.0,0.0,0.0,0.6139797556292463,0.6983516483516485,0.6139797556292463,0.0,0.00042579688414363286,0.00042579688414363286
2023-12-17,0.0,0.0,0.0,0.6139797556292463,0.6983516483516485,0.6139797556292463,0.0,0.00042579688414363286,0.00042579688414363286
2023-12-17,0.0,0.0,0.0,0.6139797556292463,0.6983516483516485,0.6139797556292463,0.0,0.00042579688414363286,0.00042579688414363286
2023-12-17,0.0,0.0,0.0,0.6139797556292463,0.6983516483516485,0.6139797556292463,0.0,0.00042579688414363286,0.00042579688414363286
2023-12-17,0.0,0.0,0.0,0.6139797556292463,0.6983516483516485,0.6139797556292463,0.0,0.00042579688414363286,0.00042579688414363286
2023-12-17,0.0,0.0,0.0,0.6139797556292463,0.6983516483516485,0.6139797556292463,0.0,0.00042579688414363286,0.00042579688414363286
2023-12-18,0.0,0.0,0.0,0.5894204713972471,0.6780219780219774,0.6139797556292463,-0.024559284231999268,0.0004622950357343443,0.02502157926773361
2023-12-18,0.0,0.0,0.0,0.5894204713972471,0.6780219780219774,0.5894204713972471,0.0,0.0004622950357343443,0.0004622950357343443
2023-12-18,0.0,0.0,0.0,0.5894204713972471,0.6780219780219774,0.5894204713972471,0.0,0.0004622950357343443,0.0004622950357343443
2023-12-18,0.0,0.0,0.0,0.5894204713972471,0.6780219780219774,0.5894204713972471,0.0,0.0004622950357343443,0.0004622950357343443
2023-12-18,0.0,0.0,0.0,0.5894204713972471,0.6780219780219774,0.5894204713972471,0.0,0.0004622950357343443,0.0004622950357343443
2023-12-18,0.0,0.0,0.0,0.5894204713972471,0.6780219780219774,0.5894204713972471,0.0,0.0004622950357343443,0.0004622950357343443
2023-12-18,0.0,0.0,0.0,0.5894204713972471,0.6780219780219774,0.5894204713972471,0.0,0.0004622950357343443,0.0004622950357343443
2023-12-18,0.0,0.0,0.0,0.5894204713972471,0.6780219780219774,0.5894204713972471,0.0,0.0004622950357343443,0.0004622950357343443
2023-12-18,0.0,0.0,0.0,0.5894204713972471,0.6780219780219774,0.5894204713972471,0.0,0.0004622950357343443,0.0004622950357343443
2023-12-18,0.0,0.0,0.0,0.5894204713972471,0.6780219780219774,0.5894204713972471,0.0,0.0004622950357343443,0.0004622950357343443
2023-12-19,0.0,0.0,0.0,0.583653152401522,0.6728021978021985,0.5894204713972471,-0.005767318995725024,0.0004622950357343443,0.006229614031459368
2023-12-19,0.0,0.0,0.0,0.583653152401522,0.6728021978021985,0.583653152401522,0.0,0.0004622950357343443,0.0004622950357343443
2023-12-19,0.0,0.0,0.0,0.583653152401522,0.6728021978021985,0.583653152401522,0.0,0.0004622950357343443,0.0004622950357343443
2023-12-19,0.0,0.0,0.0,0.583653152401522,0.6728021978021985,0.583653152401522,0.0,0.0004622950357343443,0.0004622950357343443
2023-12-19,0.0,0.0,0.0,0.583653152401522,0.6728021978021985,0.583653152401522,0.0,0.0004622950357343443,0.0004622950357343443
2023-12-19,0.0,0.0,0.0,0.583653152401522,0.6728021978021985,0.583653152401522,0.0,0.0004622950357343443,0.0004622950357343443
2023-12-19,0.0,0.0,0.0,0.583653152401522,0.6728021978021985,0.583653152401522,0.0,0.0004622950357343443,0.0004622950357343443
2023-12-19,0.0,0.0,0.0,0.583653152401522,0.6728021978021985,0.583653152401522,0.0,0.0004622950357343443,0.0004622950357343443
2023-12-19,0.0,0.0,0.0,0.583653152401522,0.6728021978021985,0.583653152401522,0.0,0.0004622950357343443,0.0004622950357343443
2023-12-19,0.0,0.0,0.0,0.583653152401522,0.6728021978021985,0.583653152401522,0.0,0.0004622950357343443,0.0004622950357343443
2023-12-20,0.0,0.0,0.0,0.5773358934526593,0.6667582417582416,0.583653152401522,-0.006317258948862703,0.0012363895737025198,0.0075536485225652225
2023-12-20,0.0,0.0,0.0,0.5773358934526593,0.6667582417582416,0.5773358934526593,0.0,0.0012363895737025198,0.0012363895737025198
2023-12-20,0.0,0.0,0.0,0.5773358934526593,0.6667582417582416,0.5773358934526593,0.0,0.0012363895737025198,0.0012363895737025198
2023-12-20,0.0,0.0,0.0,0.5773358934526593,0.6667582417582416,0.5773358934526593,0.0,0.0012363895737025198,0.0012363895737025198
2023-12-20,0.0,0.0,0.0,0.5773358934526593,0.6667582417582416,0.5773358934526593,0.0,0.0012363895737025198,0.0012363895737025198
2023-12-20,0.0,0.0,0.0,0.5773358934526593,0.6667582417582416,0.5773358934526593,0.0,0.0012363895737025198,0.0012363895737025198
2023-12-20,0.0,0.0,0.0,0.5773358934526593,0.6667582417582416,0.5773358934526593,0.0,0.0012363895737025198,0.0012363895737025198
2023-12-20,0.0,0.0,0.0,0.5773358934526593,0.6667582417582416,0.5773358934526593,0.0,0.0012363895737025198,0.0012363895737025198
2023-12-20,0.0,0.0,0.0,0.5773358934526593,0.6667582417582416,0.5773358934526593,0.0,0.0012363895737025198,0.0012363895737025198
2023-12-20,0.0,0.0,0.0,0.5773358934526593,0.6667582417582416,0.5773358934526593,0.0,0.0012363895737025198,0.0012363895737025198
2023-12-21,0.0,0.0,0.0,0.5709293280156804,0.6609890109890113,0.5773358934526593,-0.006406565436978928,0.0012363895737025198,0.007642955010681448
2023-12-21,0.0,0.0,0.0,0.5709293280156804,0.6609890109890113,0.5709293280156804,0.0,0.0012363895737025198,0.0012363895737025198
2023-12-21,0.0,0.0,0.0,0.5709293280156804,0.6609890109890113,0.5709293280156804,0.0,0.0012363895737025198,0.0012363895737025198
2023-12-21,0.0,0.0,0.0,0.5709293280156804,0.6609890109890113,0.5709293280156804,0.0,0.0012363895737025198,0.0012363895737025198
2023-12-21,0.0,0.0,0.0,0.5709293280156804,0.6609890109890113,0.5709293280156804,0.0,0.0012363895737025198,0.0012363895737025198
2023-12-21,0.0,0.0,0.0,0.5709293280156804,0.6609890109890113,0.5709293280156804,0.0,0.0012363895737025198,0.0012363895737025198
2023-12-21,0.0,0.0,0.0,0.5709293280156804,0.6609890109890113,0.5709293280156804,0.0,0.0012363895737025198,0.0012363895737025198
2023-12-21,0.0,0.0,0.0,0.5709293280156804,0.6609890109890113,0.5709293280156804,0.0,0.0012363895737025198,0.0012363895737025198
2023-12-21,0.0,0.0,0.0,0.5709293280156804,0.6609890109890113,0.5709293280156804,0.0,0.0012363895737025198,0.0012363895737025198
2023-12-21,0.0,0.0,0.0,0.5709293280156804,0.6609890109890113,0.5709293280156804,0.0,0.0012363895737025198,0.0012363895737025198
2023-12-22,0.0,0.0,0.0,0.5648893892141265,0.6554945054945058,0.5709293280156804,-0.006039938801553957,0.0012363895737025198,0.007276328375256476
2023-12-22,0.0,0.0,0.0,0.5648893892141265,0.6554945054945058,0.5648893892141265,0.0,0.0012363895737025198,0.0012363895737025198
2023-12-22,0.0,0.0,0.0,0.5648893892141265,0.6554945054945058,0.5648893892141265,0.0,0.0012363895737025198,0.0012363895737025198
2023-12-22,0.0,0.0,0.0,0.5648893892141265,0.6554945054945058,0.5648893892141265,0.0,0.0012363895737025198,0.0012363895737025198
2023-12-22,0.0,0.0,0.0,0.5648893892141265,0.6554945054945058,0.5648893892141265,0.0,0.0012363895737025198,0.0012363895737025198
2023-12-22,0.0,0.0,0.0,0.5648893892141265,0.6554945054945058,0.5648893892141265,0.0,0.0012363895737025198,0.0012363895737025198
2023-12-22,0.0,0.0,0.0,0.5648893892141265,0.6554945054945058,0.5648893892141265,0.0,0.0012363895737025198,0.0012363895737025198
2023-12-22,0.0,0.0,0.0,0.5648893892141265,0.6554945054945058,0.5648893892141265,0.0,0.0012363895737025198,0.0012363895737025198
2023-12-22,0.0,0.0,0.0,0.5648893892141265,0.6554945054945058,0.5648893892141265,0.0,0.0012363895737025198,0.0012363895737025198
2023-12-22,0.0,0.0,0.0,0.5648893892141265,0.6554945054945058,0.5648893892141265,0.0,0.0012363895737025198,0.0012363895737025198
2023-12-23,0.0,0.0,0.0,0.559030413559545,0.6502747252747252,0.5648893892141265,-0.005858975654581489,0.0012363895737025198,0.007095365228284008
2023-12-23,0.0,0.0,0.0,0.559030413559545,0.6502747252747252,0.559030413559545,0.0,0.0012363895737025198,0.0012363895737025198
2023-12-23,0.0,0.0,0.0,0.559030413559545,0.6502747252747252,0.559030413559545,0.0,0.0012363895737025198,0.0012363895737025198
2023-12-23,0.0,0.0,0.0,0.559030413559545,0.6502747252747252,0.559030413559545,0.0,0.0012363895737025198,0.0012363895737025198
2023-12-23,9.76832152950828e-05,0.0,0.0,0.559030413559545,0.6502747252747252,0.559030413559545,0.0,0.0038563246619866655,0.0038563246619866655
2023-12-23,7.768947740635492e-07,0.0,0.0,0.559030413559545,0.6502747252747252,0.559030413559545,0.0,0.002554412328055623,0.002554412328055623
2023-12-23,0.0,0.0,0.0,0.559030413559545,0.6502747252747252,0.559030413559545,0.0,0.0012363895737025198,0.0012363895737025198
2023-12-23,0.0,0.0,0.0,0.559030413559545,0.6502747252747252,0.559030413559545,0.0,0.0012363895737025198,0.0012363895737025198
2023-12-23,0.0,0.0,0.0,0.559030413559545,0.6502747252747252,0.559030413559545,0.0,0.0012363895737025198,0.0012363895737025198
2023-12-23,0.0,0.0,0.0,0.559030413559545,0.6502747252747252,0.559030413559545,0.0,0.0012363895737025198,0.0012363895737025198
2023-12-24,0.0,0.0,0.0,0.5530797812461075,0.6447802197802197,0.559030413559545,-0.005950632313437509,0.0,0.005950632313437509
2023-12-24,0.0,0.0,0.0,0.5530797812461075,0.6447802197802197,0.5530797812461075,0.0,0.0,0.0
2023-12-24,0.0,0.0,0.0,0.5530797812461075,0.6447802197802197,0.5530797812461075,0.0,0.0,0.0
2023-12-24,0.0015164993289445,0.0,0.0,0.5530797812461075,0.6447802197802197,0.5530797812461075,0.0,0.002981967139912691,0.002981967139912691
2023-12-24,0.0048927508034787,0.0,0.0,0.5530797812461075,0.6447802197802197,0.5530797812461075,0.0,0.004947720451890792,0.004947720451890792
2023-12-24,0.002140636106734,0.0,0.0,0.5530797812461075,0.6447802197802197,0.5530797812461075,0.0,0.004849307052157309,0.004849307052157309
2023-12-24,0.0,0.0,0.0,0.5530797812461075,0.6447802197802197,0.5530797812461075,0.0,0.0,0.0
2023-12-24,0.0,0.0,0.0,0.5530797812461075,0.6447802197802197,0.5530797812461075,0.0,0.0,0.0
2023-12-24,0.0003888185431523,0.0,0.0,0.5530797812461075,0.6447802197802197,0.5530797812461075,0.0,0.0028698874973266597,0.0028698874973266597
2023-12-24,0.0,0.0,0.0,0.5530797812461075,0.6447802197802197,0.5530797812461075,0.0,0.0,0.0
2023-12-25,0.0,0.0,0.0,0.5474041189092387,0.6395604395604408,0.5530797812461075,-0.005675662336868781,0.0,0.005675662336868781
2023-12-25,0.0,0.0,0.0,0.5474041189092387,0.6395604395604408,0.5474041189092387,0.0,0.0,0.0
2023-12-25,0.0,0.0,0.0,0.5474041189092387,0.6395604395604408,0.5474041189092387,0.0,0.0,0.0
2023-12-25,0.0,0.0,0.0,0.5474041189092387,0.6395604395604408,0.5474041189092387,0.0,0.0,0.0
2023-12-25,0.0,0.0,0.0,0.5474041189092387,0.6395604395604408,0.5474041189092387,0.0,0.0,0.0
2023-12-25,0.0,0.0,0.0,0.5474041189092387,0.6395604395604408,0.5474041189092387,0.0,0.0,0.0
2023-12-25,0.0,0.0,0.0,0.5474041189092387,0.6395604395604408,0.5474041189092387,0.0,0.0,0.0
2023-12-25,0.0,0.0,0.0,0.5474041189092387,0.6395604395604408,0.5474041189092387,0.0,0.0,0.0
2023-12-25,0.0,0.0,0.0,0.5474041189092387,0.6395604395604408,0.5474041189092387,0.0,0.0,0.0
2023-12-25,0.0,0.0,0.0,0.5474041189092387,0.6395604395604408,0.5474041189092387,0.0,0.0,0.0
2023-12-26,0.0,0.0,0.0,0.5411808667899722,0.6337912087912088,0.5474041189092387,-0.0062232521192664425,0.0,0.0062232521192664425
2023-12-26,0.0,0.0,0.0,0.5411808667899722,0.6337912087912088,0.5411808667899722,0.0,0.0,0.0
2023-12-26,0.0,0.0,0.0,0.5411808667899722,0.6337912087912088,0.5411808667899722,0.0,0.0,0.0
2023-12-26,0.0,0.0,0.0,0.5411808667899722,0.6337912087912088,0.5411808667899722,0.0,0.0,0.0
2023-12-26,0.0,0.0,0.0,0.5411808667899722,0.6337912087912088,0.5411808667899722,0.0,0.0,0.0
2023-12-26,0.0,0.0,0.0,0.5411808667899722,0.6337912087912088,0.5411808667899722,0.0,0.0,0.0
2023-12-26,0.0,0.0,0.0,0.5411808667899722,0.6337912087912088,0.5411808667899722,0.0,0.0,0.0
2023-12-26,0.0,0.0,0.0,0.5411808667899722,0.6337912087912088,0.5411808667899722,0.0,0.0,0.0
2023-12-26,0.0,0.0,0.0,0.5411808667899722,0.6337912087912088,0.5411808667899722,0.0,0.0,0.0
2023-12-26,0.0,0.0,0.0,0.5411808667899722,0.6337912087912088,0.5411808667899722,0.0,0.0,0.0
2023-12-27,0.0,0.0,0.0,0.5355851102582603,0.6285714285714281,0.5411808667899722,-0.0055957565317119595,0.0,0.0055957565317119595
2023-12-27,0.0,0.0,0.0,0.5355851102582603,0.6285714285714281,0.5355851102582603,0.0,0.0,0.0
2023-12-27,0.0,0.0,0.0,0.5355851102582603,0.6285714285714281,0.5355851102582603,0.0,0.0,0.0
2023-12-27,0.0,0.0,0.0,0.5355851102582603,0.6285714285714281,0.5355851102582603,0.0,0.0,0.0
2023-12-27,0.0,0.0,0.0,0.5355851102582603,0.6285714285714281,0.5355851102582603,0.0,0.0,0.0
2023-12-27,0.0,0.0,0.0,0.5355851102582603,0.6285714285714281,0.5355851102582603,0.0,0.0,0.0
2023-12-27,0.0,0.0,0.0,0.5355851102582603,0.6285714285714281,0.5355851102582603,0.0,0.0,0.0
2023-12-27,0.0,0.0,0.0,0.5355851102582603,0.6285714285714281,0.5355851102582603,0.0,0.0,0.0
2023-12-27,0.0,0.0,0.0,0.5355851102582603,0.6285714285714281,0.5355851102582603,0.0,0.0,0.0
2023-12-27,0.0,0.0,0.0,0.5355851102582603,0.6285714285714281,0.5355851102582603,0.0,0.0,0.0
2023-12-28,0.0,0.0,0.0,0.5301045120928036,0.6236263736263723,0.5355851102582603,-0.005480598165456652,0.0,0.005480598165456652
2023-12-28,0.0,0.0,0.0,0.5301045120928036,0.6236263736263723,0.5301045120928036,0.0,0.0,0.0
2023-12-28,0.0,0.0,0.0,0.5301045120928036,0.6236263736263723,0.5301045120928036,0.0,0.0,0.0
2023-12-28,0.0,0.0,0.0,0.5301045120928036,0.6236263736263723,0.5301045120928036,0.0,0.0,0.0
2023-12-28,0.0,0.0,0.0,0.5301045120928036,0.6236263736263723,0.5301045120928036,0.0,0.0,0.0
2023-12-28,0.0,0.0,0.0,0.5301045120928036,0.6236263736263723,0.5301045120928036,0.0,0.0,0.0
2023-12-28,0.0,0.0,0.0,0.5301045120928036,0.6236263736263723,0.5301045120928036,0.0,0.0,0.0
2023-12-28,0.0,0.0,0.0,0.5301045120928036,0.6236263736263723,0.5301045120928036,0.0,0.0,0.0
2023-12-28,0.0,0.0,0.0,0.5301045120928036,0.6236263736263723,0.5301045120928036,0.0,0.0,0.0
2023-12-28,0.0,0.0,0.0,0.5301045120928036,0.6236263736263723,0.5301045120928036,0.0,0.0,0.0
2023-12-29,0.0,0.0,0.0,0.5251621030267848,0.6192307692307697,0.5301045120928036,-0.004942409066018838,0.0,0.004942409066018838
2023-12-29,0.0,0.0,0.0,0.5251621030267848,0.6192307692307697,0.5251621030267848,0.0,0.0,0.0
2023-12-29,0.0,0.0,0.0,0.5251621030267848,0.6192307692307697,0.5251621030267848,0.0,0.0,0.0
2023-12-29,0.0,0.0,0.0,0.5251621030267848,0.6192307692307697,0.5251621030267848,0.0,0.0,0.0
2023-12-29,0.0,0.0,0.0,0.5251621030267848,0.6192307692307697,0.5251621030267848,0.0,0.0,0.0
2023-12-29,0.0,0.0,0.0,0.5251621030267848,0.6192307692307697,0.5251621030267848,0.0,0.0,0.0
2023-12-29,0.0,0.0,0.0,0.5251621030267848,0.6192307692307697,0.5251621030267848,0.0,0.0,0.0
2023-12-29,0.0,0.0,0.0,0.5251621030267848,0.6192307692307697,0.5251621030267848,0.0,0.0,0.0
2023-12-29,0.0,0.0,0.0,0.5251621030267848,0.6192307692307697,0.5251621030267848,0.0,0.0,0.0
2023-12-29,0.0,0.0,0.0,0.5251621030267848,0.6192307692307697,0.5251621030267848,0.0,0.0,0.0
2023-12-30,0.0,0.0,0.0,0.5196697540076287,0.614010989010989,0.5251621030267848,-0.005492349019156073,0.0,0.005492349019156073
2023-12-30,0.0,0.0,0.0,0.5196697540076287,0.614010989010989,0.5196697540076287,0.0,0.0,0.0
2023-12-30,0.0,0.0,0.0,0.5196697540076287,0.614010989010989,0.5196697540076287,0.0,0.0,0.0
2023-12-30,0.0,0.0,0.0,0.5196697540076287,0.614010989010989,0.5196697540076287,0.0,0.0,0.0
2023-12-30,0.0,0.0,0.0,0.5196697540076287,0.614010989010989,0.5196697540076287,0.0,0.0,0.0
2023-12-30,0.0,0.0,0.0,0.5196697540076287,0.614010989010989,0.5196697540076287,0.0,0.0,0.0
2023-12-30,0.0,0.0,0.0,0.5196697540076287,0.614010989010989,0.5196697540076287,0.0,0.0,0.0
2023-12-30,0.0,0.0,0.0,0.5196697540076287,0.614010989010989,0.5196697540076287,0.0,0.0,0.0
2023-12-30,0.0,0.0,0.0,0.5196697540076287,0.614010989010989,0.5196697540076287,0.0,0.0,0.0
2023-12-30,0.0,0.0,0.0,0.5196697540076287,0.614010989010989,0.5196697540076287,0.0,0.0,0.0
2023-12-31,0.0,0.0,0.0,0.5139964418414997,0.609065934065935,0.5196697540076287,-0.005673312166128985,0.0,0.005673312166128985
2023-12-31,0.0,0.0,0.0,0.5139964418414997,0.609065934065935,0.5139964418414997,0.0,0.0,0.0
2023-12-31,0.0,0.0,0.0,0.5139964418414997,0.609065934065935,0.5139964418414997,0.0,0.0,0.0
2023-12-31,0.0,0.0,0.0,0.5139964418414997,0.609065934065935,0.5139964418414997,0.0,0.0,0.0
2023-12-31,0.0,0.0,0.0,0.5139964418414997,0.609065934065935,0.5139964418414997,0.0,0.0,0.0
2023-12-31,0.0,0.0,0.0,0.5139964418414997,0.609065934065935,0.5139964418414997,0.0,0.0,0.0
2023-12-31,0.0,0.0,0.0,0.5139964418414997,0.609065934065935,0.5139964418414997,0.0,0.0,0.0
2023-12-31,0.0,0.0,0.0,0.5139964418414997,0.609065934065935,0.5139964418414997,0.0,0.0,0.0
2023-12-31,0.0,0.0,0.0,0.5139964418414997,0.609065934065935,0.5139964418414997,0.0,0.0,0.0
2023-12-31,0.0,0.0,0.0,0.5139964418414997,0.609065934065935,0.5139964418414997,0.0,0.0,0.0
